repeat,fold,idx,y,p_base,p,spread,params
0,0,6,1,0.9851251481985641,0.9712770442881256,0.021421607792411677,"{""C"": 0.23423849847112907, ""class_weight"": null, ""l1_ratio"": 0.0}"
0,0,8,0,0.03360163785792279,0.0538707173023817,0.05753829046604491,"{""C"": 0.23423849847112907, ""class_weight"": null, ""l1_ratio"": 0.0}"
0,0,14,1,0.7158707306029002,0.7110815246963582,0.03965954850247256,"{""C"": 0.23423849847112907, ""class_weight"": null, ""l1_ratio"": 0.0}"
0,0,16,0,0.13626884047100324,0.17697013840867415,0.12320533457447273,"{""C"": 0.23423849847112907, ""class_weight"": null, ""l1_ratio"": 0.0}"
0,0,18,1,0.9327502625865005,0.9117695075264839,0.03498592647480101,"{""C"": 0.23423849847112907, ""class_weight"": null, ""l1_ratio"": 0.0}"
0,0,22,1,0.9959882513206982,0.9907963633403518,0.008856540085696994,"{""C"": 0.23423849847112907, ""class_weight"": null, ""l1_ratio"": 0.0}"
0,0,29,1,0.9603082974558611,0.9387064110902698,0.032371388322777514,"{""C"": 0.23423849847112907, ""class_weight"": null, ""l1_ratio"": 0.0}"
0,0,33,1,0.966208570007449,0.946793251951606,0.028442795465606057,"{""C"": 0.23423849847112907, ""class_weight"": null, ""l1_ratio"": 0.0}"
0,0,60,0,0.44908774334668716,0.4627556757255252,0.06600831539296775,"{""C"": 0.23423849847112907, ""class_weight"": null, ""l1_ratio"": 0.0}"
0,0,63,1,0.9330690447028126,0.9289417296277339,0.029670416906601264,"{""C"": 0.23423849847112907, ""class_weight"": null, ""l1_ratio"": 0.0}"
0,0,65,1,0.8684865064926728,0.8424808268395271,0.06567077265752054,"{""C"": 0.23423849847112907, ""class_weight"": null, ""l1_ratio"": 0.0}"
0,0,68,0,0.3388073479950942,0.36388137924807074,0.10947339692904325,"{""C"": 0.23423849847112907, ""class_weight"": null, ""l1_ratio"": 0.0}"
0,0,71,1,0.9659245947862609,0.9582427083590433,0.022878978183704643,"{""C"": 0.23423849847112907, ""class_weight"": null, ""l1_ratio"": 0.0}"
0,0,72,1,0.7274322162985246,0.726833467444559,0.052868250926576627,"{""C"": 0.23423849847112907, ""class_weight"": null, ""l1_ratio"": 0.0}"
0,0,77,1,0.8738797455870306,0.8771504052435157,0.01773252820815407,"{""C"": 0.23423849847112907, ""class_weight"": null, ""l1_ratio"": 0.0}"
0,0,87,1,0.9810489147982763,0.9712816492325486,0.018614868311785694,"{""C"": 0.23423849847112907, ""class_weight"": null, ""l1_ratio"": 0.0}"
0,0,88,1,0.9740556306616684,0.9614968097845829,0.029333275814127462,"{""C"": 0.23423849847112907, ""class_weight"": null, ""l1_ratio"": 0.0}"
0,0,89,1,0.9891604316110821,0.9815831799772818,0.015088438650596217,"{""C"": 0.23423849847112907, ""class_weight"": null, ""l1_ratio"": 0.0}"
0,0,90,1,0.7109388286035652,0.692943245194528,0.08500191572678832,"{""C"": 0.23423849847112907, ""class_weight"": null, ""l1_ratio"": 0.0}"
0,0,92,1,0.9918766928866377,0.9820745019739647,0.01764472541329549,"{""C"": 0.23423849847112907, ""class_weight"": null, ""l1_ratio"": 0.0}"
0,0,101,1,0.986668209994955,0.9783229602002026,0.015169079684851119,"{""C"": 0.23423849847112907, ""class_weight"": null, ""l1_ratio"": 0.0}"
0,0,106,1,0.9104974598728093,0.895580187820735,0.03636336880446182,"{""C"": 0.23423849847112907, ""class_weight"": null, ""l1_ratio"": 0.0}"
0,0,111,1,0.9406444818610735,0.9290421519785527,0.017906932889519323,"{""C"": 0.23423849847112907, ""class_weight"": null, ""l1_ratio"": 0.0}"
0,0,120,1,0.9757684706703197,0.9615307850730647,0.026049376852629817,"{""C"": 0.23423849847112907, ""class_weight"": null, ""l1_ratio"": 0.0}"
0,0,123,1,0.7517394444823696,0.7049569991374606,0.15383124410786417,"{""C"": 0.23423849847112907, ""class_weight"": null, ""l1_ratio"": 0.0}"
0,0,126,1,0.9292446606210737,0.9172991749116062,0.021908901855658938,"{""C"": 0.23423849847112907, ""class_weight"": null, ""l1_ratio"": 0.0}"
0,0,127,1,0.9625137677651142,0.9514375935638635,0.019923402761675375,"{""C"": 0.23423849847112907, ""class_weight"": null, ""l1_ratio"": 0.0}"
0,0,129,0,0.2717064304910264,0.3003692987010204,0.09217670726912322,"{""C"": 0.23423849847112907, ""class_weight"": null, ""l1_ratio"": 0.0}"
0,0,132,1,0.958782555989352,0.9422984980583861,0.04032663873832763,"{""C"": 0.23423849847112907, ""class_weight"": null, ""l1_ratio"": 0.0}"
0,0,134,1,0.9302132179814143,0.9004957355418599,0.048656450340405576,"{""C"": 0.23423849847112907, ""class_weight"": null, ""l1_ratio"": 0.0}"
0,0,140,1,0.9061213498098283,0.8677032474275574,0.08666187049836555,"{""C"": 0.23423849847112907, ""class_weight"": null, ""l1_ratio"": 0.0}"
0,0,141,1,0.9916045621295044,0.982472790702366,0.015125005764000264,"{""C"": 0.23423849847112907, ""class_weight"": null, ""l1_ratio"": 0.0}"
0,0,148,1,0.8814171893264945,0.8571905942875329,0.05740625943013684,"{""C"": 0.23423849847112907, ""class_weight"": null, ""l1_ratio"": 0.0}"
0,0,153,0,0.5555885831908843,0.5633407135471069,0.0867551421901124,"{""C"": 0.23423849847112907, ""class_weight"": null, ""l1_ratio"": 0.0}"
0,0,156,1,0.920112835734213,0.9196164548333374,0.027942662429835823,"{""C"": 0.23423849847112907, ""class_weight"": null, ""l1_ratio"": 0.0}"
0,0,164,1,0.98423979222579,0.9792630475228474,0.013265949975425368,"{""C"": 0.23423849847112907, ""class_weight"": null, ""l1_ratio"": 0.0}"
0,0,166,0,0.09367147517228387,0.1394747528192014,0.09049030732517363,"{""C"": 0.23423849847112907, ""class_weight"": null, ""l1_ratio"": 0.0}"
0,0,167,1,0.8093659700647919,0.7730054570128413,0.10511543066588232,"{""C"": 0.23423849847112907, ""class_weight"": null, ""l1_ratio"": 0.0}"
0,0,168,0,0.26338209217053327,0.26906001233458937,0.0832791341332207,"{""C"": 0.23423849847112907, ""class_weight"": null, ""l1_ratio"": 0.0}"
0,0,174,1,0.9996834119808085,0.99846628471559,0.0021256811845943766,"{""C"": 0.23423849847112907, ""class_weight"": null, ""l1_ratio"": 0.0}"
0,0,181,1,0.9568801823825347,0.9421966083958484,0.03316998282141777,"{""C"": 0.23423849847112907, ""class_weight"": null, ""l1_ratio"": 0.0}"
0,0,187,1,0.9145756299623419,0.8849884482450022,0.06640300328622915,"{""C"": 0.23423849847112907, ""class_weight"": null, ""l1_ratio"": 0.0}"
0,0,194,0,0.1950789319952771,0.2111916487987779,0.05904718170677763,"{""C"": 0.23423849847112907, ""class_weight"": null, ""l1_ratio"": 0.0}"
0,0,201,0,0.7574955919197648,0.7607028477042149,0.08566601871637773,"{""C"": 0.23423849847112907, ""class_weight"": null, ""l1_ratio"": 0.0}"
0,0,203,0,0.27806831689269124,0.3013228570821979,0.07849303642771459,"{""C"": 0.23423849847112907, ""class_weight"": null, ""l1_ratio"": 0.0}"
0,0,205,1,0.769126115824992,0.7528001699382869,0.10564848055290689,"{""C"": 0.23423849847112907, ""class_weight"": null, ""l1_ratio"": 0.0}"
0,0,206,1,0.9162829223571944,0.8810630152339428,0.05425289282551697,"{""C"": 0.23423849847112907, ""class_weight"": null, ""l1_ratio"": 0.0}"
0,0,212,0,0.1708257740630279,0.19627470348319426,0.09954845688945768,"{""C"": 0.23423849847112907, ""class_weight"": null, ""l1_ratio"": 0.0}"
0,0,220,1,0.9174902823475738,0.8958557854555262,0.05563946435185333,"{""C"": 0.23423849847112907, ""class_weight"": null, ""l1_ratio"": 0.0}"
0,0,221,1,0.5461833790768243,0.5712298289060487,0.10553615514930759,"{""C"": 0.23423849847112907, ""class_weight"": null, ""l1_ratio"": 0.0}"
0,0,225,1,0.8947489725411002,0.860750649892486,0.07864838770155785,"{""C"": 0.23423849847112907, ""class_weight"": null, ""l1_ratio"": 0.0}"
0,0,233,0,0.4218261978637888,0.4180930620194826,0.06720656783522393,"{""C"": 0.23423849847112907, ""class_weight"": null, ""l1_ratio"": 0.0}"
0,0,244,1,0.7525122191051915,0.7217539663109553,0.03488794202938641,"{""C"": 0.23423849847112907, ""class_weight"": null, ""l1_ratio"": 0.0}"
0,0,251,1,0.4107266479540361,0.4135595877055104,0.1100616602220025,"{""C"": 0.23423849847112907, ""class_weight"": null, ""l1_ratio"": 0.0}"
0,0,259,1,0.6785845412992633,0.6449502016334229,0.11792004200579803,"{""C"": 0.23423849847112907, ""class_weight"": null, ""l1_ratio"": 0.0}"
0,0,264,0,0.23541745491500068,0.2669602272211373,0.0880159250054868,"{""C"": 0.23423849847112907, ""class_weight"": null, ""l1_ratio"": 0.0}"
0,0,279,1,0.9338608850705681,0.9000110330082063,0.04976994938220399,"{""C"": 0.23423849847112907, ""class_weight"": null, ""l1_ratio"": 0.0}"
0,0,288,1,0.4772113171918163,0.48063261122821643,0.09479433279999287,"{""C"": 0.23423849847112907, ""class_weight"": null, ""l1_ratio"": 0.0}"
0,0,292,0,0.6092051331413194,0.5839490106936684,0.08116564934515118,"{""C"": 0.23423849847112907, ""class_weight"": null, ""l1_ratio"": 0.0}"
0,0,299,0,0.05042710365053599,0.07600178568857825,0.07019166033591577,"{""C"": 0.23423849847112907, ""class_weight"": null, ""l1_ratio"": 0.0}"
0,0,300,0,0.26177384665698933,0.2759534788059901,0.06981923222975778,"{""C"": 0.23423849847112907, ""class_weight"": null, ""l1_ratio"": 0.0}"
0,1,4,0,0.0036210795847848296,0.11296616387332484,0.06146280930226627,"{""C"": 2.928158381299609, ""class_weight"": null, ""l1_ratio"": 0.0}"
0,1,10,1,0.958097873149346,0.8286749561312805,0.07630958666094832,"{""C"": 2.928158381299609, ""class_weight"": null, ""l1_ratio"": 0.0}"
0,1,19,1,0.9999066955027379,0.9837948501740147,0.009034703112374982,"{""C"": 2.928158381299609, ""class_weight"": null, ""l1_ratio"": 0.0}"
0,1,24,1,0.9961264374204705,0.9200886347989506,0.03257676809023986,"{""C"": 2.928158381299609, ""class_weight"": null, ""l1_ratio"": 0.0}"
0,1,26,0,0.018148074491986868,0.17533553701814514,0.08838847092068403,"{""C"": 2.928158381299609, ""class_weight"": null, ""l1_ratio"": 0.0}"
0,1,28,1,0.9999885779109605,0.9921594127299723,0.008616843750568483,"{""C"": 2.928158381299609, ""class_weight"": null, ""l1_ratio"": 0.0}"
0,1,34,1,0.9970481177114482,0.9575909861105739,0.021777043203202482,"{""C"": 2.928158381299609, ""class_weight"": null, ""l1_ratio"": 0.0}"
0,1,38,1,0.9996052558603231,0.9711661532102578,0.00921081676910079,"{""C"": 2.928158381299609, ""class_weight"": null, ""l1_ratio"": 0.0}"
0,1,41,0,0.07062469508090165,0.30838096069653365,0.09838355040660503,"{""C"": 2.928158381299609, ""class_weight"": null, ""l1_ratio"": 0.0}"
0,1,45,1,0.9999978297909513,0.9944469359824852,0.00559720441895191,"{""C"": 2.928158381299609, ""class_weight"": null, ""l1_ratio"": 0.0}"
0,1,48,0,0.0065787536014972154,0.1423951684830375,0.07363968918571462,"{""C"": 2.928158381299609, ""class_weight"": null, ""l1_ratio"": 0.0}"
0,1,55,1,0.9991611798179852,0.9596732872030879,0.021059562691226833,"{""C"": 2.928158381299609, ""class_weight"": null, ""l1_ratio"": 0.0}"
0,1,59,1,0.9985669957333957,0.9591674212871997,0.028419304651419865,"{""C"": 2.928158381299609, ""class_weight"": null, ""l1_ratio"": 0.0}"
0,1,73,1,0.5473533502732136,0.5763566212024547,0.14213842749973826,"{""C"": 2.928158381299609, ""class_weight"": null, ""l1_ratio"": 0.0}"
0,1,75,1,0.09037033578338102,0.28782170837780974,0.04629755997208065,"{""C"": 2.928158381299609, ""class_weight"": null, ""l1_ratio"": 0.0}"
0,1,76,1,0.9998203047403512,0.9793126368892248,0.014715583977502928,"{""C"": 2.928158381299609, ""class_weight"": null, ""l1_ratio"": 0.0}"
0,1,80,1,0.9997626553552721,0.9734909361860187,0.012902713785984432,"{""C"": 2.928158381299609, ""class_weight"": null, ""l1_ratio"": 0.0}"
0,1,83,1,0.9963085458168726,0.940439879456916,0.03131378928519509,"{""C"": 2.928158381299609, ""class_weight"": null, ""l1_ratio"": 0.0}"
0,1,84,1,0.9998994974772764,0.9809626736078064,0.015217008938489178,"{""C"": 2.928158381299609, ""class_weight"": null, ""l1_ratio"": 0.0}"
0,1,93,0,0.9993671822625665,0.9525087398686441,0.03634283679958269,"{""C"": 2.928158381299609, ""class_weight"": null, ""l1_ratio"": 0.0}"
0,1,97,1,0.9994394080527663,0.9606987250918312,0.033717104982787356,"{""C"": 2.928158381299609, ""class_weight"": null, ""l1_ratio"": 0.0}"
0,1,100,1,0.9999958889979353,0.9949938166733473,0.003831013505863411,"{""C"": 2.928158381299609, ""class_weight"": null, ""l1_ratio"": 0.0}"
0,1,104,1,0.826254708080164,0.6708634475444302,0.1026605291153652,"{""C"": 2.928158381299609, ""class_weight"": null, ""l1_ratio"": 0.0}"
0,1,112,1,0.9793909774641162,0.8426446554670847,0.043977176930080374,"{""C"": 2.928158381299609, ""class_weight"": null, ""l1_ratio"": 0.0}"
0,1,114,1,0.9999961868823695,0.9962199435333176,0.003202545642577018,"{""C"": 2.928158381299609, ""class_weight"": null, ""l1_ratio"": 0.0}"
0,1,118,1,0.9997658509869143,0.9790861193148948,0.01419793557256602,"{""C"": 2.928158381299609, ""class_weight"": null, ""l1_ratio"": 0.0}"
0,1,122,1,0.9846307645721061,0.8803130693301815,0.058117652832531015,"{""C"": 2.928158381299609, ""class_weight"": null, ""l1_ratio"": 0.0}"
0,1,130,0,0.054987562251950686,0.25716593887427663,0.07817408551292256,"{""C"": 2.928158381299609, ""class_weight"": null, ""l1_ratio"": 0.0}"
0,1,133,0,0.29601670124224255,0.4808700956102111,0.06034632731844626,"{""C"": 2.928158381299609, ""class_weight"": null, ""l1_ratio"": 0.0}"
0,1,149,1,0.9994475233475274,0.9578489609476275,0.032413404754571294,"{""C"": 2.928158381299609, ""class_weight"": null, ""l1_ratio"": 0.0}"
0,1,159,1,0.9999547288641475,0.9871188118759064,0.011534277958126784,"{""C"": 2.928158381299609, ""class_weight"": null, ""l1_ratio"": 0.0}"
0,1,161,1,0.9999499991053955,0.9822998969130099,0.02095527680134045,"{""C"": 2.928158381299609, ""class_weight"": null, ""l1_ratio"": 0.0}"
0,1,162,1,0.999247624267223,0.9591422305432715,0.030414519194304268,"{""C"": 2.928158381299609, ""class_weight"": null, ""l1_ratio"": 0.0}"
0,1,173,1,0.9992612736047796,0.9539377163460069,0.026219417408264983,"{""C"": 2.928158381299609, ""class_weight"": null, ""l1_ratio"": 0.0}"
0,1,177,1,0.9999352230144065,0.984121380518529,0.011208105627573808,"{""C"": 2.928158381299609, ""class_weight"": null, ""l1_ratio"": 0.0}"
0,1,179,0,0.17044559461817055,0.4012105140351956,0.1563918496701348,"{""C"": 2.928158381299609, ""class_weight"": null, ""l1_ratio"": 0.0}"
0,1,189,1,0.7753138715878374,0.7425351765585332,0.07145338968252157,"{""C"": 2.928158381299609, ""class_weight"": null, ""l1_ratio"": 0.0}"
0,1,196,0,0.00559061204288486,0.11266628587958752,0.0551504220852175,"{""C"": 2.928158381299609, ""class_weight"": null, ""l1_ratio"": 0.0}"
0,1,200,1,0.9020512240836829,0.7381712602393246,0.04857804592605715,"{""C"": 2.928158381299609, ""class_weight"": null, ""l1_ratio"": 0.0}"
0,1,202,1,0.9993316049362877,0.969173169170919,0.01961028512772432,"{""C"": 2.928158381299609, ""class_weight"": null, ""l1_ratio"": 0.0}"
0,1,209,1,0.9988684374229302,0.9551150532678696,0.01940335297284495,"{""C"": 2.928158381299609, ""class_weight"": null, ""l1_ratio"": 0.0}"
0,1,217,0,0.33801622832264117,0.47057601624527867,0.10821482445966484,"{""C"": 2.928158381299609, ""class_weight"": null, ""l1_ratio"": 0.0}"
0,1,222,1,0.9986201840696053,0.955489006218554,0.017546800632794943,"{""C"": 2.928158381299609, ""class_weight"": null, ""l1_ratio"": 0.0}"
0,1,227,1,0.8649068671077937,0.7524722420323793,0.10249966727275484,"{""C"": 2.928158381299609, ""class_weight"": null, ""l1_ratio"": 0.0}"
0,1,232,1,0.9571912631229947,0.8489000195017911,0.07312487785096991,"{""C"": 2.928158381299609, ""class_weight"": null, ""l1_ratio"": 0.0}"
0,1,234,0,0.8007914497191799,0.6799506455938047,0.09356048707406808,"{""C"": 2.928158381299609, ""class_weight"": null, ""l1_ratio"": 0.0}"
0,1,235,1,0.9999765966393039,0.9890809343569378,0.01091158544100719,"{""C"": 2.928158381299609, ""class_weight"": null, ""l1_ratio"": 0.0}"
0,1,237,1,0.2228060426083414,0.4118457741007095,0.12044905402367141,"{""C"": 2.928158381299609, ""class_weight"": null, ""l1_ratio"": 0.0}"
0,1,241,1,0.972297849929424,0.8430113815551508,0.08082714015896367,"{""C"": 2.928158381299609, ""class_weight"": null, ""l1_ratio"": 0.0}"
0,1,242,1,0.9644123148919139,0.8194669760002329,0.05848369886622769,"{""C"": 2.928158381299609, ""class_weight"": null, ""l1_ratio"": 0.0}"
0,1,245,1,0.429017293974914,0.4607149013024544,0.13497262360642415,"{""C"": 2.928158381299609, ""class_weight"": null, ""l1_ratio"": 0.0}"
0,1,254,0,0.8064702314973842,0.6762711832917823,0.1244047461014798,"{""C"": 2.928158381299609, ""class_weight"": null, ""l1_ratio"": 0.0}"
0,1,255,0,0.001517997694845712,0.09263751071377774,0.059182784009274694,"{""C"": 2.928158381299609, ""class_weight"": null, ""l1_ratio"": 0.0}"
0,1,256,0,0.18906727633544015,0.40666632075832343,0.13167379468043536,"{""C"": 2.928158381299609, ""class_weight"": null, ""l1_ratio"": 0.0}"
0,1,258,0,4.981013027834814e-05,0.021126132416287226,0.012454615635240392,"{""C"": 2.928158381299609, ""class_weight"": null, ""l1_ratio"": 0.0}"
0,1,260,1,0.9999888366138414,0.9927684184140068,0.005973250341181656,"{""C"": 2.928158381299609, ""class_weight"": null, ""l1_ratio"": 0.0}"
0,1,272,0,0.7955790672855383,0.6758480559241248,0.06223453426728698,"{""C"": 2.928158381299609, ""class_weight"": null, ""l1_ratio"": 0.0}"
0,1,275,1,0.991352928708567,0.8963098917646091,0.07033431952807533,"{""C"": 2.928158381299609, ""class_weight"": null, ""l1_ratio"": 0.0}"
0,1,282,1,0.8505625340433471,0.7341105729254537,0.08986008864478802,"{""C"": 2.928158381299609, ""class_weight"": null, ""l1_ratio"": 0.0}"
0,1,287,0,0.001867587607203941,0.09448534617136853,0.0701256306907933,"{""C"": 2.928158381299609, ""class_weight"": null, ""l1_ratio"": 0.0}"
0,1,291,0,0.8489359035628748,0.7395863670868795,0.10035323279143951,"{""C"": 2.928158381299609, ""class_weight"": null, ""l1_ratio"": 0.0}"
0,2,7,1,0.9280435619311082,0.9847275781328273,0.011140099316149033,"{""C"": 0.02736801827846297, ""class_weight"": null, ""l1_ratio"": 0.0}"
0,2,17,0,0.5254297851472803,0.4688862291990977,0.12561314726309977,"{""C"": 0.02736801827846297, ""class_weight"": null, ""l1_ratio"": 0.0}"
0,2,30,1,0.6880117158439445,0.7508656944079638,0.06132713576526114,"{""C"": 0.02736801827846297, ""class_weight"": null, ""l1_ratio"": 0.0}"
0,2,37,1,0.839398137491374,0.9405094458564467,0.014042621123210723,"{""C"": 0.02736801827846297, ""class_weight"": null, ""l1_ratio"": 0.0}"
0,2,39,1,0.9150471790375503,0.9783050792599525,0.013453680801406792,"{""C"": 0.02736801827846297, ""class_weight"": null, ""l1_ratio"": 0.0}"
0,2,43,1,0.6188517443042454,0.610890434310422,0.1352425850819201,"{""C"": 0.02736801827846297, ""class_weight"": null, ""l1_ratio"": 0.0}"
0,2,44,1,0.75796311264626,0.8594634695900909,0.06011911088790044,"{""C"": 0.02736801827846297, ""class_weight"": null, ""l1_ratio"": 0.0}"
0,2,47,1,0.8437166853924526,0.9364385351886414,0.030470909922658912,"{""C"": 0.02736801827846297, ""class_weight"": null, ""l1_ratio"": 0.0}"
0,2,49,1,0.5231113610995567,0.4656719854264552,0.10970231455096921,"{""C"": 0.02736801827846297, ""class_weight"": null, ""l1_ratio"": 0.0}"
0,2,50,1,0.6811997974816341,0.7428524753175115,0.06506449367572217,"{""C"": 0.02736801827846297, ""class_weight"": null, ""l1_ratio"": 0.0}"
0,2,52,1,0.9189330156317608,0.9799120821140843,0.0135501337526552,"{""C"": 0.02736801827846297, ""class_weight"": null, ""l1_ratio"": 0.0}"
0,2,53,1,0.6183163517714676,0.6411339997589308,0.10834618878349901,"{""C"": 0.02736801827846297, ""class_weight"": null, ""l1_ratio"": 0.0}"
0,2,56,1,0.8844504006470194,0.967350025204658,0.015766268469502083,"{""C"": 0.02736801827846297, ""class_weight"": null, ""l1_ratio"": 0.0}"
0,2,64,0,0.39144431907640614,0.2645875632307485,0.10936398059211637,"{""C"": 0.02736801827846297, ""class_weight"": null, ""l1_ratio"": 0.0}"
0,2,67,0,0.35915172674805385,0.21282818966956288,0.056961928430221624,"{""C"": 0.02736801827846297, ""class_weight"": null, ""l1_ratio"": 0.0}"
0,2,69,1,0.761099463890086,0.8437485189393378,0.04571904873726978,"{""C"": 0.02736801827846297, ""class_weight"": null, ""l1_ratio"": 0.0}"
0,2,74,1,0.9505434382052638,0.9913321603136399,0.008276162506810597,"{""C"": 0.02736801827846297, ""class_weight"": null, ""l1_ratio"": 0.0}"
0,2,79,0,0.4736848471369551,0.39991886641198626,0.05547664765004093,"{""C"": 0.02736801827846297, ""class_weight"": null, ""l1_ratio"": 0.0}"
0,2,81,1,0.9617364726582204,0.9942633943071939,0.0060779889433443925,"{""C"": 0.02736801827846297, ""class_weight"": null, ""l1_ratio"": 0.0}"
0,2,85,1,0.5964702076089391,0.5864474688350307,0.10384849770998639,"{""C"": 0.02736801827846297, ""class_weight"": null, ""l1_ratio"": 0.0}"
0,2,91,0,0.5585693084365358,0.5342901085981646,0.10577444136415932,"{""C"": 0.02736801827846297, ""class_weight"": null, ""l1_ratio"": 0.0}"
0,2,95,1,0.7570351226492812,0.8499129805827368,0.05299231772244443,"{""C"": 0.02736801827846297, ""class_weight"": null, ""l1_ratio"": 0.0}"
0,2,105,1,0.7654758950850009,0.863763248127686,0.07210904404847247,"{""C"": 0.02736801827846297, ""class_weight"": null, ""l1_ratio"": 0.0}"
0,2,108,0,0.4405779221763532,0.32365536663478167,0.15207214530044608,"{""C"": 0.02736801827846297, ""class_weight"": null, ""l1_ratio"": 0.0}"
0,2,109,1,0.8811592665340516,0.9582275367888476,0.02223164988721661,"{""C"": 0.02736801827846297, ""class_weight"": null, ""l1_ratio"": 0.0}"
0,2,110,1,0.44811111197467424,0.33056581693302595,0.0898258729028194,"{""C"": 0.02736801827846297, ""class_weight"": null, ""l1_ratio"": 0.0}"
0,2,116,1,0.7974807337330879,0.8984570846309486,0.03409891824184502,"{""C"": 0.02736801827846297, ""class_weight"": null, ""l1_ratio"": 0.0}"
0,2,117,1,0.825654935834181,0.921244309851526,0.02939521954996524,"{""C"": 0.02736801827846297, ""class_weight"": null, ""l1_ratio"": 0.0}"
0,2,121,1,0.831167496926632,0.9339386607569408,0.03195551281480281,"{""C"": 0.02736801827846297, ""class_weight"": null, ""l1_ratio"": 0.0}"
0,2,125,1,0.692480751390227,0.7488824823421234,0.07372886656016257,"{""C"": 0.02736801827846297, ""class_weight"": null, ""l1_ratio"": 0.0}"
0,2,147,1,0.8733026405893123,0.949108195559285,0.03805859884557412,"{""C"": 0.02736801827846297, ""class_weight"": null, ""l1_ratio"": 0.0}"
0,2,150,0,0.39148723814597647,0.2426345361298647,0.10089089569881657,"{""C"": 0.02736801827846297, ""class_weight"": null, ""l1_ratio"": 0.0}"
0,2,152,1,0.7249227032740764,0.7948002009970628,0.06674933213056908,"{""C"": 0.02736801827846297, ""class_weight"": null, ""l1_ratio"": 0.0}"
0,2,165,1,0.6755703053447376,0.7425454762980785,0.055109990401388004,"{""C"": 0.02736801827846297, ""class_weight"": null, ""l1_ratio"": 0.0}"
0,2,170,0,0.5090390646497173,0.4583287472336376,0.0725102422005321,"{""C"": 0.02736801827846297, ""class_weight"": null, ""l1_ratio"": 0.0}"
0,2,178,1,0.6102093092979785,0.6161118058505654,0.0965035418175715,"{""C"": 0.02736801827846297, ""class_weight"": null, ""l1_ratio"": 0.0}"
0,2,188,1,0.5603745328074466,0.532358857368195,0.08646290213405766,"{""C"": 0.02736801827846297, ""class_weight"": null, ""l1_ratio"": 0.0}"
0,2,193,0,0.7174999704911448,0.8019019422646047,0.06371834699570204,"{""C"": 0.02736801827846297, ""class_weight"": null, ""l1_ratio"": 0.0}"
0,2,199,0,0.5266470009961769,0.500035332809403,0.06229911748177208,"{""C"": 0.02736801827846297, ""class_weight"": null, ""l1_ratio"": 0.0}"
0,2,207,1,0.7670411357364015,0.8717493859407085,0.026959275378592898,"{""C"": 0.02736801827846297, ""class_weight"": null, ""l1_ratio"": 0.0}"
0,2,208,1,0.6310145437801112,0.6679114081508415,0.07138785307553076,"{""C"": 0.02736801827846297, ""class_weight"": null, ""l1_ratio"": 0.0}"
0,2,213,0,0.7916557998206957,0.8815429630391934,0.036712356880344334,"{""C"": 0.02736801827846297, ""class_weight"": null, ""l1_ratio"": 0.0}"
0,2,216,0,0.6281152658727215,0.6724735214873889,0.05117632534147933,"{""C"": 0.02736801827846297, ""class_weight"": null, ""l1_ratio"": 0.0}"
0,2,219,1,0.3792305362070742,0.23580117330096892,0.10464762859091933,"{""C"": 0.02736801827846297, ""class_weight"": null, ""l1_ratio"": 0.0}"
0,2,236,1,0.6585292156206723,0.7172902583576416,0.06703520334670557,"{""C"": 0.02736801827846297, ""class_weight"": null, ""l1_ratio"": 0.0}"
0,2,243,1,0.6721681878981561,0.7161368155134646,0.07488723805188148,"{""C"": 0.02736801827846297, ""class_weight"": null, ""l1_ratio"": 0.0}"
0,2,247,0,0.3863434738357976,0.2567197589268287,0.06618974639796105,"{""C"": 0.02736801827846297, ""class_weight"": null, ""l1_ratio"": 0.0}"
0,2,250,1,0.800406860875796,0.8977543137686876,0.03584308578389322,"{""C"": 0.02736801827846297, ""class_weight"": null, ""l1_ratio"": 0.0}"
0,2,257,0,0.5197314617596244,0.46422703452157893,0.12768601429927484,"{""C"": 0.02736801827846297, ""class_weight"": null, ""l1_ratio"": 0.0}"
0,2,267,1,0.732296030750663,0.8173646108676529,0.05140131793035536,"{""C"": 0.02736801827846297, ""class_weight"": null, ""l1_ratio"": 0.0}"
0,2,268,0,0.39075670459807765,0.25848132373714083,0.08736111500944344,"{""C"": 0.02736801827846297, ""class_weight"": null, ""l1_ratio"": 0.0}"
0,2,269,1,0.7679467443585006,0.8539432019231837,0.05090122139850371,"{""C"": 0.02736801827846297, ""class_weight"": null, ""l1_ratio"": 0.0}"
0,2,270,0,0.3265682656926315,0.18032133702575953,0.07074034527838477,"{""C"": 0.02736801827846297, ""class_weight"": null, ""l1_ratio"": 0.0}"
0,2,271,1,0.9070702118468988,0.9776560902315682,0.012818284096555341,"{""C"": 0.02736801827846297, ""class_weight"": null, ""l1_ratio"": 0.0}"
0,2,273,1,0.9202890404285763,0.984044423730061,0.009268020586421146,"{""C"": 0.02736801827846297, ""class_weight"": null, ""l1_ratio"": 0.0}"
0,2,276,0,0.3958341054178547,0.25235869914483783,0.10186104086140159,"{""C"": 0.02736801827846297, ""class_weight"": null, ""l1_ratio"": 0.0}"
0,2,277,1,0.9290341328346376,0.9862834311058432,0.006661197272782,"{""C"": 0.02736801827846297, ""class_weight"": null, ""l1_ratio"": 0.0}"
0,2,283,1,0.7293709874105978,0.8276084026537973,0.0697110290047158,"{""C"": 0.02736801827846297, ""class_weight"": null, ""l1_ratio"": 0.0}"
0,2,289,0,0.48685365241904616,0.39586768088747465,0.10266859706036167,"{""C"": 0.02736801827846297, ""class_weight"": null, ""l1_ratio"": 0.0}"
0,2,294,1,0.7064666692513879,0.794747451907426,0.0869190946465546,"{""C"": 0.02736801827846297, ""class_weight"": null, ""l1_ratio"": 0.0}"
0,2,302,1,0.6585317398529841,0.7014216199952219,0.0774110837668308,"{""C"": 0.02736801827846297, ""class_weight"": null, ""l1_ratio"": 0.0}"
0,3,2,1,0.9710652579441089,0.95255244017988,0.013890893181428344,"{""C"": 0.2972883798898907, ""class_weight"": null, ""l1_ratio"": 0.0}"
0,3,3,0,0.6490285762878566,0.6208038717847126,0.1371846543461839,"{""C"": 0.2972883798898907, ""class_weight"": null, ""l1_ratio"": 0.0}"
0,3,12,1,0.9993062025166041,0.9971509594916007,0.0029013550836351557,"{""C"": 0.2972883798898907, ""class_weight"": null, ""l1_ratio"": 0.0}"
0,3,13,1,0.9737311643347892,0.9581068035156554,0.026179124508022858,"{""C"": 0.2972883798898907, ""class_weight"": null, ""l1_ratio"": 0.0}"
0,3,21,1,0.9017274995240224,0.8709832006761327,0.027212868330910606,"{""C"": 0.2972883798898907, ""class_weight"": null, ""l1_ratio"": 0.0}"
0,3,23,1,0.9773116346482746,0.9627946175722671,0.019144943577231018,"{""C"": 0.2972883798898907, ""class_weight"": null, ""l1_ratio"": 0.0}"
0,3,27,1,0.2541361943447041,0.2957659264138516,0.05834612308409282,"{""C"": 0.2972883798898907, ""class_weight"": null, ""l1_ratio"": 0.0}"
0,3,31,1,0.9560255143607311,0.925883291277932,0.0417352184678772,"{""C"": 0.2972883798898907, ""class_weight"": null, ""l1_ratio"": 0.0}"
0,3,32,1,0.9309073655257899,0.9016994198275816,0.03236070622064289,"{""C"": 0.2972883798898907, ""class_weight"": null, ""l1_ratio"": 0.0}"
0,3,35,0,0.08537337975943973,0.11116044635485423,0.028150123654617873,"{""C"": 0.2972883798898907, ""class_weight"": null, ""l1_ratio"": 0.0}"
0,3,42,0,0.39442377937906625,0.4200904829212967,0.15931786223385294,"{""C"": 0.2972883798898907, ""class_weight"": null, ""l1_ratio"": 0.0}"
0,3,46,1,0.7798156868316796,0.748508069482273,0.05841357282574283,"{""C"": 0.2972883798898907, ""class_weight"": null, ""l1_ratio"": 0.0}"
0,3,54,0,0.07659858449614074,0.1243229343668242,0.04166283689141129,"{""C"": 0.2972883798898907, ""class_weight"": null, ""l1_ratio"": 0.0}"
0,3,57,1,0.9969539958213914,0.9915768892824192,0.006333003833448453,"{""C"": 0.2972883798898907, ""class_weight"": null, ""l1_ratio"": 0.0}"
0,3,61,1,0.7948913911364673,0.7435648907498681,0.09120106690280323,"{""C"": 0.2972883798898907, ""class_weight"": null, ""l1_ratio"": 0.0}"
0,3,62,1,0.2577807749900157,0.2958017451468809,0.08433041979975042,"{""C"": 0.2972883798898907, ""class_weight"": null, ""l1_ratio"": 0.0}"
0,3,66,1,0.99455082932232,0.9871584319250978,0.007991521779706377,"{""C"": 0.2972883798898907, ""class_weight"": null, ""l1_ratio"": 0.0}"
0,3,70,0,0.325249771986358,0.36205956782423676,0.10855539413888447,"{""C"": 0.2972883798898907, ""class_weight"": null, ""l1_ratio"": 0.0}"
0,3,78,1,0.947465448067504,0.9277154784042784,0.016058715399048375,"{""C"": 0.2972883798898907, ""class_weight"": null, ""l1_ratio"": 0.0}"
0,3,82,1,0.8419012209614343,0.8383004126299747,0.05203157010117635,"{""C"": 0.2972883798898907, ""class_weight"": null, ""l1_ratio"": 0.0}"
0,3,96,1,0.8829836269682257,0.8581134868888171,0.03044891062008039,"{""C"": 0.2972883798898907, ""class_weight"": null, ""l1_ratio"": 0.0}"
0,3,102,0,0.11311127418688373,0.15407288537157168,0.04514061284733149,"{""C"": 0.2972883798898907, ""class_weight"": null, ""l1_ratio"": 0.0}"
0,3,103,1,0.9446526039115791,0.9163546469435481,0.04694845854742641,"{""C"": 0.2972883798898907, ""class_weight"": null, ""l1_ratio"": 0.0}"
0,3,107,1,0.12686664381263196,0.18768802126237924,0.06831652711657184,"{""C"": 0.2972883798898907, ""class_weight"": null, ""l1_ratio"": 0.0}"
0,3,119,1,0.8919849934749918,0.8528046934238308,0.05842342249103042,"{""C"": 0.2972883798898907, ""class_weight"": null, ""l1_ratio"": 0.0}"
0,3,124,1,0.9396915548711271,0.9156267603287649,0.04983802951197948,"{""C"": 0.2972883798898907, ""class_weight"": null, ""l1_ratio"": 0.0}"
0,3,131,1,0.9750238333390381,0.9634180861696879,0.013353261898550553,"{""C"": 0.2972883798898907, ""class_weight"": null, ""l1_ratio"": 0.0}"
0,3,135,1,0.9619630812217412,0.9337872160096661,0.027149689056287712,"{""C"": 0.2972883798898907, ""class_weight"": null, ""l1_ratio"": 0.0}"
0,3,136,0,0.29276679588476745,0.3130636114728059,0.04201484009360074,"{""C"": 0.2972883798898907, ""class_weight"": null, ""l1_ratio"": 0.0}"
0,3,137,0,0.20546766327981433,0.2500643835884324,0.0897493446027376,"{""C"": 0.2972883798898907, ""class_weight"": null, ""l1_ratio"": 0.0}"
0,3,139,1,0.9908496773067342,0.9835459197962914,0.008391538602135302,"{""C"": 0.2972883798898907, ""class_weight"": null, ""l1_ratio"": 0.0}"
0,3,143,0,0.008792707207497287,0.022681882318161633,0.01591117287693657,"{""C"": 0.2972883798898907, ""class_weight"": null, ""l1_ratio"": 0.0}"
0,3,144,1,0.9848917080538055,0.9676957744102868,0.023630288945398377,"{""C"": 0.2972883798898907, ""class_weight"": null, ""l1_ratio"": 0.0}"
0,3,146,1,0.9990459494243353,0.9961820912623709,0.0046668469193449766,"{""C"": 0.2972883798898907, ""class_weight"": null, ""l1_ratio"": 0.0}"
0,3,158,1,0.39630747299343966,0.4139565914096253,0.09011839249383854,"{""C"": 0.2972883798898907, ""class_weight"": null, ""l1_ratio"": 0.0}"
0,3,160,1,0.797864488729887,0.783489710357401,0.04137317246954648,"{""C"": 0.2972883798898907, ""class_weight"": null, ""l1_ratio"": 0.0}"
0,3,163,1,0.9639485400933877,0.9427287573583014,0.02336918310548532,"{""C"": 0.2972883798898907, ""class_weight"": null, ""l1_ratio"": 0.0}"
0,3,169,0,0.17104097855374664,0.20370570513441807,0.06201908382398595,"{""C"": 0.2972883798898907, ""class_weight"": null, ""l1_ratio"": 0.0}"
0,3,171,1,0.9808111051855856,0.9618890632432542,0.026948992426672175,"{""C"": 0.2972883798898907, ""class_weight"": null, ""l1_ratio"": 0.0}"
0,3,172,1,0.8498127724893952,0.816051982466109,0.07827260492652303,"{""C"": 0.2972883798898907, ""class_weight"": null, ""l1_ratio"": 0.0}"
0,3,180,1,0.29931962242989735,0.34103751221260253,0.0559232028286634,"{""C"": 0.2972883798898907, ""class_weight"": null, ""l1_ratio"": 0.0}"
0,3,182,1,0.6296855280942717,0.6306743156536985,0.08293326874098883,"{""C"": 0.2972883798898907, ""class_weight"": null, ""l1_ratio"": 0.0}"
0,3,186,0,0.8667223756894995,0.8516981086287222,0.05323260178943281,"{""C"": 0.2972883798898907, ""class_weight"": null, ""l1_ratio"": 0.0}"
0,3,191,1,0.9766941004926728,0.958473565198017,0.02172778869174651,"{""C"": 0.2972883798898907, ""class_weight"": null, ""l1_ratio"": 0.0}"
0,3,192,0,0.10469319712951872,0.14060617759957947,0.04971307779002628,"{""C"": 0.2972883798898907, ""class_weight"": null, ""l1_ratio"": 0.0}"
0,3,197,1,0.9903726693898642,0.9817715193057005,0.010339127550008487,"{""C"": 0.2972883798898907, ""class_weight"": null, ""l1_ratio"": 0.0}"
0,3,204,0,0.3100710352418877,0.33357964189204103,0.05431278371928238,"{""C"": 0.2972883798898907, ""class_weight"": null, ""l1_ratio"": 0.0}"
0,3,224,1,0.9589872115828808,0.9399305642639513,0.02865564835439445,"{""C"": 0.2972883798898907, ""class_weight"": null, ""l1_ratio"": 0.0}"
0,3,226,1,0.9778590252958252,0.961387018304839,0.02343778101689771,"{""C"": 0.2972883798898907, ""class_weight"": null, ""l1_ratio"": 0.0}"
0,3,229,1,0.9037005727573187,0.8814832155059182,0.0450157024750148,"{""C"": 0.2972883798898907, ""class_weight"": null, ""l1_ratio"": 0.0}"
0,3,240,1,0.9912314302858117,0.9817826862796389,0.014092594869768786,"{""C"": 0.2972883798898907, ""class_weight"": null, ""l1_ratio"": 0.0}"
0,3,246,1,0.9992236474790177,0.9979682885976988,0.0010322729329147627,"{""C"": 0.2972883798898907, ""class_weight"": null, ""l1_ratio"": 0.0}"
0,3,252,1,0.3961599893082719,0.39784935830329327,0.18368276379563914,"{""C"": 0.2972883798898907, ""class_weight"": null, ""l1_ratio"": 0.0}"
0,3,261,0,0.06225632015717117,0.09085746385727214,0.032360607550000475,"{""C"": 0.2972883798898907, ""class_weight"": null, ""l1_ratio"": 0.0}"
0,3,262,1,0.5527918166288561,0.5684799163413661,0.10110548288180217,"{""C"": 0.2972883798898907, ""class_weight"": null, ""l1_ratio"": 0.0}"
0,3,265,1,0.7068950689981389,0.7184153456741033,0.08696303435781338,"{""C"": 0.2972883798898907, ""class_weight"": null, ""l1_ratio"": 0.0}"
0,3,266,1,0.972629788858207,0.9607962895496949,0.011148863853771257,"{""C"": 0.2972883798898907, ""class_weight"": null, ""l1_ratio"": 0.0}"
0,3,286,0,0.3385707091333158,0.3585918245383954,0.08589302463879865,"{""C"": 0.2972883798898907, ""class_weight"": null, ""l1_ratio"": 0.0}"
0,3,295,0,0.7292926764063004,0.7063354371373528,0.10877925127673012,"{""C"": 0.2972883798898907, ""class_weight"": null, ""l1_ratio"": 0.0}"
0,3,296,0,0.16508736038945854,0.20292967113775645,0.07228188813132541,"{""C"": 0.2972883798898907, ""class_weight"": null, ""l1_ratio"": 0.0}"
0,4,0,1,0.7247795698279572,0.7423865883400371,0.0946070987485358,"{""C"": 0.10758144240488701, ""class_weight"": null, ""l1_ratio"": 0.0}"
0,4,1,1,0.9973948329548293,0.9989515038388594,0.0008625909231593485,"{""C"": 0.10758144240488701, ""class_weight"": null, ""l1_ratio"": 0.0}"
0,4,5,1,0.7425128349883463,0.7734659482317102,0.04663503510015017,"{""C"": 0.10758144240488701, ""class_weight"": null, ""l1_ratio"": 0.0}"
0,4,9,1,0.885736363336174,0.9102992295016289,0.03551558093046716,"{""C"": 0.10758144240488701, ""class_weight"": null, ""l1_ratio"": 0.0}"
0,4,11,1,0.9988932525726415,0.9994483183630315,0.0007663465934852153,"{""C"": 0.10758144240488701, ""class_weight"": null, ""l1_ratio"": 0.0}"
0,4,15,1,0.8165416919573508,0.848650117748944,0.03899739746169858,"{""C"": 0.10758144240488701, ""class_weight"": null, ""l1_ratio"": 0.0}"
0,4,20,1,0.20934673873927534,0.15350229855652242,0.05831611882116297,"{""C"": 0.10758144240488701, ""class_weight"": null, ""l1_ratio"": 0.0}"
0,4,25,1,0.9799702735268802,0.9879745045179288,0.00827208827920849,"{""C"": 0.10758144240488701, ""class_weight"": null, ""l1_ratio"": 0.0}"
0,4,36,1,0.9774320111162477,0.9884737165756476,0.009869070390945877,"{""C"": 0.10758144240488701, ""class_weight"": null, ""l1_ratio"": 0.0}"
0,4,40,1,0.9932488916827872,0.9970582313143483,0.0029541196284669754,"{""C"": 0.10758144240488701, ""class_weight"": null, ""l1_ratio"": 0.0}"
0,4,51,1,0.7964590063632166,0.8216322116785497,0.05440054926704215,"{""C"": 0.10758144240488701, ""class_weight"": null, ""l1_ratio"": 0.0}"
0,4,58,1,0.6949033163880223,0.7190763528555518,0.05070949345516123,"{""C"": 0.10758144240488701, ""class_weight"": null, ""l1_ratio"": 0.0}"
0,4,86,1,0.9384731772831016,0.962319726287108,0.01524586360379869,"{""C"": 0.10758144240488701, ""class_weight"": null, ""l1_ratio"": 0.0}"
0,4,94,1,0.9528954386248942,0.9717833628258802,0.01220827657309425,"{""C"": 0.10758144240488701, ""class_weight"": null, ""l1_ratio"": 0.0}"
0,4,98,1,0.9158395704408615,0.9441411201712422,0.021687886561047556,"{""C"": 0.10758144240488701, ""class_weight"": null, ""l1_ratio"": 0.0}"
0,4,99,1,0.40481736574597743,0.36620913037678937,0.07653730586360753,"{""C"": 0.10758144240488701, ""class_weight"": null, ""l1_ratio"": 0.0}"
0,4,113,0,0.1812553064810369,0.1261958595853612,0.05189194894788049,"{""C"": 0.10758144240488701, ""class_weight"": null, ""l1_ratio"": 0.0}"
0,4,115,1,0.9257693510828058,0.9508368902878278,0.02976419957815703,"{""C"": 0.10758144240488701, ""class_weight"": null, ""l1_ratio"": 0.0}"
0,4,128,1,0.8579751399404013,0.8867057143968019,0.04401125183829859,"{""C"": 0.10758144240488701, ""class_weight"": null, ""l1_ratio"": 0.0}"
0,4,138,1,0.9388974156205073,0.9631175151037938,0.019806416920670915,"{""C"": 0.10758144240488701, ""class_weight"": null, ""l1_ratio"": 0.0}"
0,4,142,1,0.3345878682750574,0.3072815245322195,0.07784816107422245,"{""C"": 0.10758144240488701, ""class_weight"": null, ""l1_ratio"": 0.0}"
0,4,145,1,0.93628169858372,0.9604892685253523,0.028946464202821404,"{""C"": 0.10758144240488701, ""class_weight"": null, ""l1_ratio"": 0.0}"
0,4,151,0,0.588607291346826,0.5764050636672831,0.06941289432302565,"{""C"": 0.10758144240488701, ""class_weight"": null, ""l1_ratio"": 0.0}"
0,4,154,1,0.7568077788468128,0.789708287628796,0.05269622746352233,"{""C"": 0.10758144240488701, ""class_weight"": null, ""l1_ratio"": 0.0}"
0,4,155,1,0.9248153148810102,0.9504385447695862,0.016012306692891415,"{""C"": 0.10758144240488701, ""class_weight"": null, ""l1_ratio"": 0.0}"
0,4,157,1,0.6389903281091208,0.6518037884509991,0.08599032314014261,"{""C"": 0.10758144240488701, ""class_weight"": null, ""l1_ratio"": 0.0}"
0,4,175,0,0.6239557803578568,0.6204560844820595,0.08365890255686254,"{""C"": 0.10758144240488701, ""class_weight"": null, ""l1_ratio"": 0.0}"
0,4,176,1,0.38683358188626976,0.33754110636858187,0.07633672147779223,"{""C"": 0.10758144240488701, ""class_weight"": null, ""l1_ratio"": 0.0}"
0,4,183,0,0.7190588080367908,0.7293891983845313,0.05536507557554622,"{""C"": 0.10758144240488701, ""class_weight"": null, ""l1_ratio"": 0.0}"
0,4,184,1,0.6876809495888673,0.6781413988695326,0.08222842918924243,"{""C"": 0.10758144240488701, ""class_weight"": null, ""l1_ratio"": 0.0}"
0,4,185,0,0.7682515717664038,0.7973228920236297,0.06711802755808714,"{""C"": 0.10758144240488701, ""class_weight"": null, ""l1_ratio"": 0.0}"
0,4,190,0,0.5486496771270224,0.5309891539113376,0.06997919233174892,"{""C"": 0.10758144240488701, ""class_weight"": null, ""l1_ratio"": 0.0}"
0,4,195,1,0.8820132059551087,0.9140111721125658,0.02930970779475353,"{""C"": 0.10758144240488701, ""class_weight"": null, ""l1_ratio"": 0.0}"
0,4,198,1,0.9034644495080425,0.9363920252588113,0.02742372429803491,"{""C"": 0.10758144240488701, ""class_weight"": null, ""l1_ratio"": 0.0}"
0,4,210,0,0.3026374906198149,0.2415134039803944,0.09722816131474024,"{""C"": 0.10758144240488701, ""class_weight"": null, ""l1_ratio"": 0.0}"
0,4,211,1,0.8378471765453335,0.8682924717952638,0.06124388653244399,"{""C"": 0.10758144240488701, ""class_weight"": null, ""l1_ratio"": 0.0}"
0,4,214,0,0.7501504425844542,0.80224674375897,0.05182557430829343,"{""C"": 0.10758144240488701, ""class_weight"": null, ""l1_ratio"": 0.0}"
0,4,215,1,0.9412229820075145,0.9613938029693907,0.026134205610762226,"{""C"": 0.10758144240488701, ""class_weight"": null, ""l1_ratio"": 0.0}"
0,4,218,0,0.5664363734230058,0.5646183489927388,0.10478273729313099,"{""C"": 0.10758144240488701, ""class_weight"": null, ""l1_ratio"": 0.0}"
0,4,223,1,0.764223416837163,0.7914082497139239,0.06315151180770649,"{""C"": 0.10758144240488701, ""class_weight"": null, ""l1_ratio"": 0.0}"
0,4,228,1,0.7468648197467588,0.7675058768530153,0.02973686569620572,"{""C"": 0.10758144240488701, ""class_weight"": null, ""l1_ratio"": 0.0}"
0,4,230,1,0.9957212413404869,0.9978053692124297,0.0027043588353507717,"{""C"": 0.10758144240488701, ""class_weight"": null, ""l1_ratio"": 0.0}"
0,4,231,1,0.9884073449708599,0.9935436001202838,0.007092450196646238,"{""C"": 0.10758144240488701, ""class_weight"": null, ""l1_ratio"": 0.0}"
0,4,238,1,0.2539317126456569,0.18994231824912355,0.062391537736729306,"{""C"": 0.10758144240488701, ""class_weight"": null, ""l1_ratio"": 0.0}"
0,4,239,1,0.9542835312239222,0.9703977222623557,0.02595706095223328,"{""C"": 0.10758144240488701, ""class_weight"": null, ""l1_ratio"": 0.0}"
0,4,248,1,0.9945532525132268,0.9975052413868604,0.0022991551667196557,"{""C"": 0.10758144240488701, ""class_weight"": null, ""l1_ratio"": 0.0}"
0,4,249,1,0.7914502877472301,0.831049805405112,0.040198651304924476,"{""C"": 0.10758144240488701, ""class_weight"": null, ""l1_ratio"": 0.0}"
0,4,253,1,0.7118941881542391,0.7257184663341685,0.058601997147147075,"{""C"": 0.10758144240488701, ""class_weight"": null, ""l1_ratio"": 0.0}"
0,4,263,0,0.11028182642175614,0.06709809791983055,0.029323848452624847,"{""C"": 0.10758144240488701, ""class_weight"": null, ""l1_ratio"": 0.0}"
0,4,274,1,0.9971379567447203,0.9986759488138863,0.0017990635481930305,"{""C"": 0.10758144240488701, ""class_weight"": null, ""l1_ratio"": 0.0}"
0,4,278,1,0.9167531165237304,0.942737843547723,0.02923836365765073,"{""C"": 0.10758144240488701, ""class_weight"": null, ""l1_ratio"": 0.0}"
0,4,280,0,0.744355472074285,0.7520546500308811,0.09243561713265974,"{""C"": 0.10758144240488701, ""class_weight"": null, ""l1_ratio"": 0.0}"
0,4,281,1,0.9423273874900423,0.9663528915936409,0.02104657987444722,"{""C"": 0.10758144240488701, ""class_weight"": null, ""l1_ratio"": 0.0}"
0,4,284,0,0.7476516748165037,0.7804764484765501,0.044474755056806425,"{""C"": 0.10758144240488701, ""class_weight"": null, ""l1_ratio"": 0.0}"
0,4,285,0,0.33604974377076113,0.28354953295280333,0.06295836386860189,"{""C"": 0.10758144240488701, ""class_weight"": null, ""l1_ratio"": 0.0}"
0,4,290,0,0.2674895268443328,0.20917829850981992,0.05270259530973344,"{""C"": 0.10758144240488701, ""class_weight"": null, ""l1_ratio"": 0.0}"
0,4,293,0,0.48296325476195673,0.4405266346239878,0.12033090145321354,"{""C"": 0.10758144240488701, ""class_weight"": null, ""l1_ratio"": 0.0}"
0,4,297,0,0.15345613278213044,0.10036241725489208,0.054807337456036206,"{""C"": 0.10758144240488701, ""class_weight"": null, ""l1_ratio"": 0.0}"
0,4,298,1,0.6730478018941383,0.6739042421125482,0.064895237781779,"{""C"": 0.10758144240488701, ""class_weight"": null, ""l1_ratio"": 0.0}"
0,4,301,0,0.1329860711516496,0.09186799696916248,0.05847360173555443,"{""C"": 0.10758144240488701, ""class_weight"": null, ""l1_ratio"": 0.0}"
1,0,2,1,0.8037679752350535,0.9194856116020264,0.037697767106784796,"{""C"": 0.11232957583917665, ""class_weight"": ""balanced"", ""l1_ratio"": 1.0}"
1,0,8,0,0.17139968960271582,0.18594293514002308,0.07833450602525167,"{""C"": 0.11232957583917665, ""class_weight"": ""balanced"", ""l1_ratio"": 1.0}"
1,0,13,1,0.9031688798615136,0.9648384038776779,0.026417036950922054,"{""C"": 0.11232957583917665, ""class_weight"": ""balanced"", ""l1_ratio"": 1.0}"
1,0,15,1,0.8200257751496438,0.9309226102187275,0.0344649798674837,"{""C"": 0.11232957583917665, ""class_weight"": ""balanced"", ""l1_ratio"": 1.0}"
1,0,16,0,0.142739832366318,0.15076207480245873,0.09062358642894691,"{""C"": 0.11232957583917665, ""class_weight"": ""balanced"", ""l1_ratio"": 1.0}"
1,0,21,1,0.788230718043889,0.9177813211440963,0.030040663965721796,"{""C"": 0.11232957583917665, ""class_weight"": ""balanced"", ""l1_ratio"": 1.0}"
1,0,31,1,0.9269792973924044,0.9752899179114476,0.020528374701390236,"{""C"": 0.11232957583917665, ""class_weight"": ""balanced"", ""l1_ratio"": 1.0}"
1,0,34,1,0.8699564389496004,0.9409416019767299,0.043558082322676314,"{""C"": 0.11232957583917665, ""class_weight"": ""balanced"", ""l1_ratio"": 1.0}"
1,0,43,1,0.7495559792854933,0.8649713888206441,0.05047102232873082,"{""C"": 0.11232957583917665, ""class_weight"": ""balanced"", ""l1_ratio"": 1.0}"
1,0,49,1,0.38694856743464645,0.5007753775431476,0.08796203025090836,"{""C"": 0.11232957583917665, ""class_weight"": ""balanced"", ""l1_ratio"": 1.0}"
1,0,60,0,0.28503153743665977,0.35474560039853725,0.09789800943855448,"{""C"": 0.11232957583917665, ""class_weight"": ""balanced"", ""l1_ratio"": 1.0}"
1,0,62,1,0.18194571860115497,0.1882269482721902,0.05276828132259027,"{""C"": 0.11232957583917665, ""class_weight"": ""balanced"", ""l1_ratio"": 1.0}"
1,0,68,0,0.17323467950181115,0.18932811548980705,0.07468062710534834,"{""C"": 0.11232957583917665, ""class_weight"": ""balanced"", ""l1_ratio"": 1.0}"
1,0,72,1,0.6687864122150797,0.8377061204627759,0.038439494418548284,"{""C"": 0.11232957583917665, ""class_weight"": ""balanced"", ""l1_ratio"": 1.0}"
1,0,78,1,0.9008495093935731,0.9708502860170898,0.01486407772097155,"{""C"": 0.11232957583917665, ""class_weight"": ""balanced"", ""l1_ratio"": 1.0}"
1,0,87,1,0.9242431112538043,0.9794614922107137,0.01431175714866725,"{""C"": 0.11232957583917665, ""class_weight"": ""balanced"", ""l1_ratio"": 1.0}"
1,0,93,0,0.7493096467833907,0.8965884663301991,0.03203757138348326,"{""C"": 0.11232957583917665, ""class_weight"": ""balanced"", ""l1_ratio"": 1.0}"
1,0,105,1,0.5831383869349076,0.735213897292246,0.1066316021291603,"{""C"": 0.11232957583917665, ""class_weight"": ""balanced"", ""l1_ratio"": 1.0}"
1,0,109,1,0.884405540951349,0.9633340508173855,0.022094092559467808,"{""C"": 0.11232957583917665, ""class_weight"": ""balanced"", ""l1_ratio"": 1.0}"
1,0,110,1,0.14988255262938688,0.15082141669522442,0.06757972244260967,"{""C"": 0.11232957583917665, ""class_weight"": ""balanced"", ""l1_ratio"": 1.0}"
1,0,111,1,0.8917927625784483,0.9698122554867057,0.01474961179032577,"{""C"": 0.11232957583917665, ""class_weight"": ""balanced"", ""l1_ratio"": 1.0}"
1,0,112,1,0.7600030635510239,0.8993216391805376,0.03847147251477135,"{""C"": 0.11232957583917665, ""class_weight"": ""balanced"", ""l1_ratio"": 1.0}"
1,0,123,1,0.5332503097291296,0.6972725088336716,0.05403153338646377,"{""C"": 0.11232957583917665, ""class_weight"": ""balanced"", ""l1_ratio"": 1.0}"
1,0,126,1,0.7925849650895778,0.9252932693880117,0.02659670795363402,"{""C"": 0.11232957583917665, ""class_weight"": ""balanced"", ""l1_ratio"": 1.0}"
1,0,128,1,0.8193885920298045,0.9191195318029111,0.048490869746718096,"{""C"": 0.11232957583917665, ""class_weight"": ""balanced"", ""l1_ratio"": 1.0}"
1,0,133,0,0.4496890941684557,0.6093596600797971,0.07340555478106547,"{""C"": 0.11232957583917665, ""class_weight"": ""balanced"", ""l1_ratio"": 1.0}"
1,0,143,0,0.1341518576895613,0.13441776134365668,0.05754592737107424,"{""C"": 0.11232957583917665, ""class_weight"": ""balanced"", ""l1_ratio"": 1.0}"
1,0,144,1,0.49800532823329585,0.6583648418562393,0.10877249344705948,"{""C"": 0.11232957583917665, ""class_weight"": ""balanced"", ""l1_ratio"": 1.0}"
1,0,151,0,0.4333665197879021,0.5647689439127657,0.0670169135341648,"{""C"": 0.11232957583917665, ""class_weight"": ""balanced"", ""l1_ratio"": 1.0}"
1,0,158,1,0.5986376566882949,0.751967781413243,0.06203665166557482,"{""C"": 0.11232957583917665, ""class_weight"": ""balanced"", ""l1_ratio"": 1.0}"
1,0,182,1,0.5285331508860996,0.7123322474176068,0.10234118912538019,"{""C"": 0.11232957583917665, ""class_weight"": ""balanced"", ""l1_ratio"": 1.0}"
1,0,184,1,0.8554565792531945,0.9477806459030157,0.02447387432710831,"{""C"": 0.11232957583917665, ""class_weight"": ""balanced"", ""l1_ratio"": 1.0}"
1,0,191,1,0.7833006455161267,0.9098057148207899,0.03641565765482437,"{""C"": 0.11232957583917665, ""class_weight"": ""balanced"", ""l1_ratio"": 1.0}"
1,0,192,0,0.1765215241615737,0.198292720535879,0.06412235376101293,"{""C"": 0.11232957583917665, ""class_weight"": ""balanced"", ""l1_ratio"": 1.0}"
1,0,193,0,0.6107906157344294,0.7719349053784647,0.07101418579948007,"{""C"": 0.11232957583917665, ""class_weight"": ""balanced"", ""l1_ratio"": 1.0}"
1,0,198,1,0.7635135350569848,0.9019705463927506,0.03183418656784912,"{""C"": 0.11232957583917665, ""class_weight"": ""balanced"", ""l1_ratio"": 1.0}"
1,0,199,0,0.23190936746483573,0.27525293214054947,0.08559957437086134,"{""C"": 0.11232957583917665, ""class_weight"": ""balanced"", ""l1_ratio"": 1.0}"
1,0,200,1,0.6722650605487798,0.8376213892224748,0.05181515021331637,"{""C"": 0.11232957583917665, ""class_weight"": ""balanced"", ""l1_ratio"": 1.0}"
1,0,202,1,0.9689410021581691,0.9930281466712151,0.0054695585877425675,"{""C"": 0.11232957583917665, ""class_weight"": ""balanced"", ""l1_ratio"": 1.0}"
1,0,204,0,0.46478751179470407,0.627832826416171,0.07105163871100316,"{""C"": 0.11232957583917665, ""class_weight"": ""balanced"", ""l1_ratio"": 1.0}"
1,0,220,1,0.721613004361941,0.8894008757441642,0.03940448925567556,"{""C"": 0.11232957583917665, ""class_weight"": ""balanced"", ""l1_ratio"": 1.0}"
1,0,227,1,0.5999723585843059,0.7789561541454473,0.04846593593043748,"{""C"": 0.11232957583917665, ""class_weight"": ""balanced"", ""l1_ratio"": 1.0}"
1,0,228,1,0.6124010642689489,0.7870922942210975,0.04170662666579127,"{""C"": 0.11232957583917665, ""class_weight"": ""balanced"", ""l1_ratio"": 1.0}"
1,0,240,1,0.8661495455936598,0.9594788313259983,0.01853506011498937,"{""C"": 0.11232957583917665, ""class_weight"": ""balanced"", ""l1_ratio"": 1.0}"
1,0,241,1,0.36325347072522746,0.4887919515839334,0.09435438973956412,"{""C"": 0.11232957583917665, ""class_weight"": ""balanced"", ""l1_ratio"": 1.0}"
1,0,244,1,0.4229364452462085,0.556439522430697,0.05085120227397544,"{""C"": 0.11232957583917665, ""class_weight"": ""balanced"", ""l1_ratio"": 1.0}"
1,0,250,1,0.779930104963305,0.9141691316560697,0.03501234730731578,"{""C"": 0.11232957583917665, ""class_weight"": ""balanced"", ""l1_ratio"": 1.0}"
1,0,253,1,0.5753245868088104,0.7442926239689095,0.06908860574580157,"{""C"": 0.11232957583917665, ""class_weight"": ""balanced"", ""l1_ratio"": 1.0}"
1,0,258,0,0.20942589907184567,0.2501923482319767,0.07716643786800467,"{""C"": 0.11232957583917665, ""class_weight"": ""balanced"", ""l1_ratio"": 1.0}"
1,0,259,1,0.5577395273007147,0.7171489444472405,0.06805277006263208,"{""C"": 0.11232957583917665, ""class_weight"": ""balanced"", ""l1_ratio"": 1.0}"
1,0,264,0,0.29409631076748466,0.3722294009811739,0.08417609882273454,"{""C"": 0.11232957583917665, ""class_weight"": ""balanced"", ""l1_ratio"": 1.0}"
1,0,270,0,0.17427710237929978,0.1967830859424803,0.061480074496402144,"{""C"": 0.11232957583917665, ""class_weight"": ""balanced"", ""l1_ratio"": 1.0}"
1,0,271,1,0.9804915161955213,0.9957433146464476,0.00348936782660789,"{""C"": 0.11232957583917665, ""class_weight"": ""balanced"", ""l1_ratio"": 1.0}"
1,0,274,1,0.9655652483437489,0.9912711067975734,0.007585604641148746,"{""C"": 0.11232957583917665, ""class_weight"": ""balanced"", ""l1_ratio"": 1.0}"
1,0,275,1,0.7122139229034382,0.8759132795081666,0.04080239560619861,"{""C"": 0.11232957583917665, ""class_weight"": ""balanced"", ""l1_ratio"": 1.0}"
1,0,278,1,0.8142929724079201,0.9354068968675833,0.023974694835215724,"{""C"": 0.11232957583917665, ""class_weight"": ""balanced"", ""l1_ratio"": 1.0}"
1,0,279,1,0.6060020289945369,0.7546643138757306,0.038872635256108616,"{""C"": 0.11232957583917665, ""class_weight"": ""balanced"", ""l1_ratio"": 1.0}"
1,0,288,1,0.44394848983172236,0.6024263623623484,0.10362057110585964,"{""C"": 0.11232957583917665, ""class_weight"": ""balanced"", ""l1_ratio"": 1.0}"
1,0,291,0,0.2767047731905671,0.34656344682761875,0.0955507043269829,"{""C"": 0.11232957583917665, ""class_weight"": ""balanced"", ""l1_ratio"": 1.0}"
1,0,298,1,0.5647171207840533,0.7350051467254347,0.06340022504736373,"{""C"": 0.11232957583917665, ""class_weight"": ""balanced"", ""l1_ratio"": 1.0}"
1,0,301,0,0.1998722303196118,0.21976279089418466,0.06449464961418742,"{""C"": 0.11232957583917665, ""class_weight"": ""balanced"", ""l1_ratio"": 1.0}"
1,1,1,1,0.9995528706160604,0.9972160751439404,0.002573537158960895,"{""C"": 0.22654352992023083, ""class_weight"": null, ""l1_ratio"": 0.0}"
1,1,11,1,0.9995766113330455,0.9976740360761225,0.0024148160685725562,"{""C"": 0.22654352992023083, ""class_weight"": null, ""l1_ratio"": 0.0}"
1,1,18,1,0.9542254032347043,0.9199264731468674,0.035009074585449176,"{""C"": 0.22654352992023083, ""class_weight"": null, ""l1_ratio"": 0.0}"
1,1,19,1,0.9886754749570397,0.9723327074740584,0.020902264432928114,"{""C"": 0.22654352992023083, ""class_weight"": null, ""l1_ratio"": 0.0}"
1,1,22,1,0.99553640324743,0.9887365108854793,0.004112770122365079,"{""C"": 0.22654352992023083, ""class_weight"": null, ""l1_ratio"": 0.0}"
1,1,25,1,0.9859875932359822,0.9706087826278367,0.01582364575017913,"{""C"": 0.22654352992023083, ""class_weight"": null, ""l1_ratio"": 0.0}"
1,1,26,0,0.14299883127092483,0.19409989649012188,0.0811225534411486,"{""C"": 0.22654352992023083, ""class_weight"": null, ""l1_ratio"": 0.0}"
1,1,37,1,0.9942612764411567,0.9829858334328087,0.011121089022866166,"{""C"": 0.22654352992023083, ""class_weight"": null, ""l1_ratio"": 0.0}"
1,1,39,1,0.999216604670665,0.99626352681874,0.0024014141654296103,"{""C"": 0.22654352992023083, ""class_weight"": null, ""l1_ratio"": 0.0}"
1,1,41,0,0.19852338159047278,0.24864542047957078,0.04309200786725148,"{""C"": 0.22654352992023083, ""class_weight"": null, ""l1_ratio"": 0.0}"
1,1,52,1,0.9936500991710006,0.9804660532373646,0.01956208962034585,"{""C"": 0.22654352992023083, ""class_weight"": null, ""l1_ratio"": 0.0}"
1,1,54,0,0.2256461217609205,0.2815934066742921,0.06683688861888028,"{""C"": 0.22654352992023083, ""class_weight"": null, ""l1_ratio"": 0.0}"
1,1,55,1,0.9538105410321713,0.9251767118471748,0.022679621171540147,"{""C"": 0.22654352992023083, ""class_weight"": null, ""l1_ratio"": 0.0}"
1,1,57,1,0.9957325744772405,0.9877518371783882,0.007734056527406858,"{""C"": 0.22654352992023083, ""class_weight"": null, ""l1_ratio"": 0.0}"
1,1,61,1,0.4416889834708693,0.4478745206339177,0.029076166502273036,"{""C"": 0.22654352992023083, ""class_weight"": null, ""l1_ratio"": 0.0}"
1,1,66,1,0.9941953316868902,0.9814716885998873,0.015109919667042353,"{""C"": 0.22654352992023083, ""class_weight"": null, ""l1_ratio"": 0.0}"
1,1,79,0,0.23738917947799107,0.2990538632175415,0.022024591507509267,"{""C"": 0.22654352992023083, ""class_weight"": null, ""l1_ratio"": 0.0}"
1,1,82,1,0.9149791413700883,0.8784659424380147,0.08404229518263165,"{""C"": 0.22654352992023083, ""class_weight"": null, ""l1_ratio"": 0.0}"
1,1,83,1,0.9737631734466415,0.9496349475990332,0.027068449894939835,"{""C"": 0.22654352992023083, ""class_weight"": null, ""l1_ratio"": 0.0}"
1,1,86,1,0.9391125554184473,0.9179230579578086,0.005482070217729116,"{""C"": 0.22654352992023083, ""class_weight"": null, ""l1_ratio"": 0.0}"
1,1,90,1,0.6909593127478296,0.6838946907844874,0.03542065019933379,"{""C"": 0.22654352992023083, ""class_weight"": null, ""l1_ratio"": 0.0}"
1,1,94,1,0.9834297604037867,0.9649966096327738,0.01648380621660835,"{""C"": 0.22654352992023083, ""class_weight"": null, ""l1_ratio"": 0.0}"
1,1,97,1,0.971094829908196,0.9490754774251908,0.027808780848460394,"{""C"": 0.22654352992023083, ""class_weight"": null, ""l1_ratio"": 0.0}"
1,1,99,1,0.45249266086800666,0.45889079970838287,0.11277822551262189,"{""C"": 0.22654352992023083, ""class_weight"": null, ""l1_ratio"": 0.0}"
1,1,103,1,0.953987463084181,0.9244149277064828,0.030685073219152932,"{""C"": 0.22654352992023083, ""class_weight"": null, ""l1_ratio"": 0.0}"
1,1,114,1,0.9997197493540163,0.9987311409900963,0.0009441358258227582,"{""C"": 0.22654352992023083, ""class_weight"": null, ""l1_ratio"": 0.0}"
1,1,127,1,0.9510268768948068,0.92201233878127,0.03357281121049864,"{""C"": 0.22654352992023083, ""class_weight"": null, ""l1_ratio"": 0.0}"
1,1,131,1,0.9818266129481339,0.963619413682985,0.014594031438482175,"{""C"": 0.22654352992023083, ""class_weight"": null, ""l1_ratio"": 0.0}"
1,1,134,1,0.949679344585015,0.9160713782887852,0.02003085611040904,"{""C"": 0.22654352992023083, ""class_weight"": null, ""l1_ratio"": 0.0}"
1,1,136,0,0.2977844772731913,0.33494445076223817,0.06692019196073914,"{""C"": 0.22654352992023083, ""class_weight"": null, ""l1_ratio"": 0.0}"
1,1,141,1,0.9975343246808775,0.9913695732910783,0.007128675415116112,"{""C"": 0.22654352992023083, ""class_weight"": null, ""l1_ratio"": 0.0}"
1,1,148,1,0.8616991789632212,0.8311898337980616,0.02868831782831703,"{""C"": 0.22654352992023083, ""class_weight"": null, ""l1_ratio"": 0.0}"
1,1,159,1,0.9912779229002895,0.97713453697267,0.020553073151223043,"{""C"": 0.22654352992023083, ""class_weight"": null, ""l1_ratio"": 0.0}"
1,1,165,1,0.7405654007843029,0.7239847249359365,0.033791820071230196,"{""C"": 0.22654352992023083, ""class_weight"": null, ""l1_ratio"": 0.0}"
1,1,166,0,0.1526331483463438,0.2278174990976592,0.08868826887911546,"{""C"": 0.22654352992023083, ""class_weight"": null, ""l1_ratio"": 0.0}"
1,1,173,1,0.9971299799547562,0.9895654993789877,0.010035416608262071,"{""C"": 0.22654352992023083, ""class_weight"": null, ""l1_ratio"": 0.0}"
1,1,181,1,0.9625732557320351,0.9314246868607811,0.03809807546641779,"{""C"": 0.22654352992023083, ""class_weight"": null, ""l1_ratio"": 0.0}"
1,1,187,1,0.9447018208143887,0.9110489068672087,0.025264637623956702,"{""C"": 0.22654352992023083, ""class_weight"": null, ""l1_ratio"": 0.0}"
1,1,189,1,0.773310994987771,0.758916437814061,0.037941500592827346,"{""C"": 0.22654352992023083, ""class_weight"": null, ""l1_ratio"": 0.0}"
1,1,190,0,0.704885546079044,0.6698296154735708,0.10482283427486966,"{""C"": 0.22654352992023083, ""class_weight"": null, ""l1_ratio"": 0.0}"
1,1,195,1,0.9258692299816803,0.8743893136331866,0.08840694012086917,"{""C"": 0.22654352992023083, ""class_weight"": null, ""l1_ratio"": 0.0}"
1,1,196,0,0.13424088205116827,0.19287916105184794,0.0759336074935813,"{""C"": 0.22654352992023083, ""class_weight"": null, ""l1_ratio"": 0.0}"
1,1,201,0,0.805427161201121,0.7515231408366618,0.07848537407488959,"{""C"": 0.22654352992023083, ""class_weight"": null, ""l1_ratio"": 0.0}"
1,1,218,0,0.5726832927056531,0.5828070313721334,0.04633876275818883,"{""C"": 0.22654352992023083, ""class_weight"": null, ""l1_ratio"": 0.0}"
1,1,219,1,0.22511674887255056,0.2725498717267093,0.07817477052711311,"{""C"": 0.22654352992023083, ""class_weight"": null, ""l1_ratio"": 0.0}"
1,1,225,1,0.9540614791264681,0.9158113695477088,0.06169985482556947,"{""C"": 0.22654352992023083, ""class_weight"": null, ""l1_ratio"": 0.0}"
1,1,226,1,0.9385965450361765,0.9057514791900644,0.03365511289331117,"{""C"": 0.22654352992023083, ""class_weight"": null, ""l1_ratio"": 0.0}"
1,1,230,1,0.9986882463059895,0.9948197508936018,0.00463063156654403,"{""C"": 0.22654352992023083, ""class_weight"": null, ""l1_ratio"": 0.0}"
1,1,234,0,0.5787978959795195,0.5869203416271376,0.032699819146218466,"{""C"": 0.22654352992023083, ""class_weight"": null, ""l1_ratio"": 0.0}"
1,1,246,1,0.9994399905497813,0.9977655236321473,0.002089935340590353,"{""C"": 0.22654352992023083, ""class_weight"": null, ""l1_ratio"": 0.0}"
1,1,247,0,0.22821073245096823,0.2672174733093228,0.03718140630358736,"{""C"": 0.22654352992023083, ""class_weight"": null, ""l1_ratio"": 0.0}"
1,1,251,1,0.5576441661624552,0.5462312425123095,0.08520663698841975,"{""C"": 0.22654352992023083, ""class_weight"": null, ""l1_ratio"": 0.0}"
1,1,255,0,0.12372460712872038,0.18996434862200856,0.0814150269886467,"{""C"": 0.22654352992023083, ""class_weight"": null, ""l1_ratio"": 0.0}"
1,1,261,0,0.12497316778347276,0.17076200717310464,0.04259042818442127,"{""C"": 0.22654352992023083, ""class_weight"": null, ""l1_ratio"": 0.0}"
1,1,262,1,0.44398474927442777,0.47020393721715975,0.03365222303159568,"{""C"": 0.22654352992023083, ""class_weight"": null, ""l1_ratio"": 0.0}"
1,1,265,1,0.7638885819570794,0.7629404187659541,0.04768272457878066,"{""C"": 0.22654352992023083, ""class_weight"": null, ""l1_ratio"": 0.0}"
1,1,280,0,0.6854469498973448,0.6855542629727644,0.08036717780156293,"{""C"": 0.22654352992023083, ""class_weight"": null, ""l1_ratio"": 0.0}"
1,1,282,1,0.8342981977994591,0.8066920236874353,0.03296187528264965,"{""C"": 0.22654352992023083, ""class_weight"": null, ""l1_ratio"": 0.0}"
1,1,289,0,0.23481262482712265,0.28863914879008556,0.054761514359340596,"{""C"": 0.22654352992023083, ""class_weight"": null, ""l1_ratio"": 0.0}"
1,1,293,0,0.5231005980527186,0.5212457537636888,0.16414365433711345,"{""C"": 0.22654352992023083, ""class_weight"": null, ""l1_ratio"": 0.0}"
1,1,296,0,0.19008755174220668,0.24286128345858696,0.09489786566362006,"{""C"": 0.22654352992023083, ""class_weight"": null, ""l1_ratio"": 0.0}"
1,2,3,0,0.8489367518322563,0.7893695987762797,0.0919062072568447,"{""C"": 0.5408876182663891, ""class_weight"": null, ""l1_ratio"": 0.0}"
1,2,4,0,0.07859587402016059,0.15736890016316746,0.07065527962751508,"{""C"": 0.5408876182663891, ""class_weight"": null, ""l1_ratio"": 0.0}"
1,2,5,1,0.8288437516126506,0.7668993751059332,0.09567289788896774,"{""C"": 0.5408876182663891, ""class_weight"": null, ""l1_ratio"": 0.0}"
1,2,20,1,0.0783978352010812,0.13883159080686625,0.0254996419708941,"{""C"": 0.5408876182663891, ""class_weight"": null, ""l1_ratio"": 0.0}"
1,2,24,1,0.8118455921148121,0.7669246882295642,0.10341346108053377,"{""C"": 0.5408876182663891, ""class_weight"": null, ""l1_ratio"": 0.0}"
1,2,28,1,0.999819930186507,0.9975799711154337,0.002846901578713783,"{""C"": 0.5408876182663891, ""class_weight"": null, ""l1_ratio"": 0.0}"
1,2,32,1,0.9608602713728105,0.9120011798406397,0.06300300768009554,"{""C"": 0.5408876182663891, ""class_weight"": null, ""l1_ratio"": 0.0}"
1,2,35,0,0.02765792392848001,0.07572188991493889,0.02058192929566589,"{""C"": 0.5408876182663891, ""class_weight"": null, ""l1_ratio"": 0.0}"
1,2,38,1,0.9966941910327303,0.984453242843687,0.013289968344643795,"{""C"": 0.5408876182663891, ""class_weight"": null, ""l1_ratio"": 0.0}"
1,2,42,0,0.2286876823395316,0.302517117662635,0.1174575403687015,"{""C"": 0.5408876182663891, ""class_weight"": null, ""l1_ratio"": 0.0}"
1,2,56,1,0.9948890527623596,0.9813340456171662,0.012051652450860467,"{""C"": 0.5408876182663891, ""class_weight"": null, ""l1_ratio"": 0.0}"
1,2,59,1,0.9983181907259374,0.9927121738534094,0.002660402121245645,"{""C"": 0.5408876182663891, ""class_weight"": null, ""l1_ratio"": 0.0}"
1,2,63,1,0.9710321626832389,0.9384622368778925,0.040637747573938295,"{""C"": 0.5408876182663891, ""class_weight"": null, ""l1_ratio"": 0.0}"
1,2,73,1,0.7873355949879906,0.7493281995215664,0.1072167269847258,"{""C"": 0.5408876182663891, ""class_weight"": null, ""l1_ratio"": 0.0}"
1,2,85,1,0.7571805923121269,0.719220631251728,0.05701448851091061,"{""C"": 0.5408876182663891, ""class_weight"": null, ""l1_ratio"": 0.0}"
1,2,98,1,0.9923889790248428,0.9732583871807318,0.017375073223269925,"{""C"": 0.5408876182663891, ""class_weight"": null, ""l1_ratio"": 0.0}"
1,2,101,1,0.9954691889867882,0.9788281659707149,0.015246706425714872,"{""C"": 0.5408876182663891, ""class_weight"": null, ""l1_ratio"": 0.0}"
1,2,106,1,0.9731408263763275,0.946224552852644,0.00867445348646908,"{""C"": 0.5408876182663891, ""class_weight"": null, ""l1_ratio"": 0.0}"
1,2,107,1,0.055267553184569405,0.13110839260158724,0.06582613201167964,"{""C"": 0.5408876182663891, ""class_weight"": null, ""l1_ratio"": 0.0}"
1,2,116,1,0.9711252418353755,0.9415729617879673,0.022681178159136586,"{""C"": 0.5408876182663891, ""class_weight"": null, ""l1_ratio"": 0.0}"
1,2,117,1,0.9546018816632859,0.9066706947717522,0.0691376355067803,"{""C"": 0.5408876182663891, ""class_weight"": null, ""l1_ratio"": 0.0}"
1,2,120,1,0.9912903379269754,0.9683596663281957,0.020810981503262316,"{""C"": 0.5408876182663891, ""class_weight"": null, ""l1_ratio"": 0.0}"
1,2,130,0,0.18283586183970518,0.2545909309569977,0.07222984193428136,"{""C"": 0.5408876182663891, ""class_weight"": null, ""l1_ratio"": 0.0}"
1,2,135,1,0.9924851473346562,0.9718467796990128,0.015390730653054593,"{""C"": 0.5408876182663891, ""class_weight"": null, ""l1_ratio"": 0.0}"
1,2,137,0,0.3070300324905835,0.3504136846018396,0.05147294651003374,"{""C"": 0.5408876182663891, ""class_weight"": null, ""l1_ratio"": 0.0}"
1,2,138,1,0.9730142815615498,0.9369752224638015,0.04121995754708504,"{""C"": 0.5408876182663891, ""class_weight"": null, ""l1_ratio"": 0.0}"
1,2,142,1,0.12373878155766148,0.2215446206448401,0.09129244002681453,"{""C"": 0.5408876182663891, ""class_weight"": null, ""l1_ratio"": 0.0}"
1,2,146,1,0.9996638306382465,0.9967462874526385,0.002775853064050034,"{""C"": 0.5408876182663891, ""class_weight"": null, ""l1_ratio"": 0.0}"
1,2,153,0,0.48132621287593225,0.5148705896302512,0.06203984671388957,"{""C"": 0.5408876182663891, ""class_weight"": null, ""l1_ratio"": 0.0}"
1,2,154,1,0.954993883489742,0.9131932533698361,0.03881288293180542,"{""C"": 0.5408876182663891, ""class_weight"": null, ""l1_ratio"": 0.0}"
1,2,156,1,0.9027137060398698,0.8717045001216233,0.05645350794314608,"{""C"": 0.5408876182663891, ""class_weight"": null, ""l1_ratio"": 0.0}"
1,2,164,1,0.9975330825055866,0.988753941842446,0.00866649985716853,"{""C"": 0.5408876182663891, ""class_weight"": null, ""l1_ratio"": 0.0}"
1,2,168,0,0.2663840261872596,0.3183486911636853,0.06954885339781214,"{""C"": 0.5408876182663891, ""class_weight"": null, ""l1_ratio"": 0.0}"
1,2,169,0,0.06163204456546302,0.1140888412689955,0.040158324830366535,"{""C"": 0.5408876182663891, ""class_weight"": null, ""l1_ratio"": 0.0}"
1,2,170,0,0.09145106525535701,0.18067506589502957,0.0620646142550132,"{""C"": 0.5408876182663891, ""class_weight"": null, ""l1_ratio"": 0.0}"
1,2,174,1,0.9999845378958605,0.9995718797191383,0.0004862076140069123,"{""C"": 0.5408876182663891, ""class_weight"": null, ""l1_ratio"": 0.0}"
1,2,176,1,0.2753925824764457,0.3446503608899091,0.024453889243104623,"{""C"": 0.5408876182663891, ""class_weight"": null, ""l1_ratio"": 0.0}"
1,2,177,1,0.9970154285202831,0.9853394377911469,0.009826356249936868,"{""C"": 0.5408876182663891, ""class_weight"": null, ""l1_ratio"": 0.0}"
1,2,186,0,0.8850787326075963,0.8546999500431424,0.03727245297667868,"{""C"": 0.5408876182663891, ""class_weight"": null, ""l1_ratio"": 0.0}"
1,2,194,0,0.05437512073780392,0.11242500226890892,0.05042355823894319,"{""C"": 0.5408876182663891, ""class_weight"": null, ""l1_ratio"": 0.0}"
1,2,208,1,0.6393097007383457,0.6366222852221515,0.06202361002629106,"{""C"": 0.5408876182663891, ""class_weight"": null, ""l1_ratio"": 0.0}"
1,2,210,0,0.37888848317907886,0.3887130357516698,0.09202007806720101,"{""C"": 0.5408876182663891, ""class_weight"": null, ""l1_ratio"": 0.0}"
1,2,211,1,0.9674612788516911,0.9256444714199459,0.04250438633653716,"{""C"": 0.5408876182663891, ""class_weight"": null, ""l1_ratio"": 0.0}"
1,2,213,0,0.9769712539711323,0.9425133078630237,0.033180483394996074,"{""C"": 0.5408876182663891, ""class_weight"": null, ""l1_ratio"": 0.0}"
1,2,221,1,0.25573210787321216,0.3602702993119705,0.03596095881313445,"{""C"": 0.5408876182663891, ""class_weight"": null, ""l1_ratio"": 0.0}"
1,2,223,1,0.9413972118056265,0.8855544115789591,0.04791668753553789,"{""C"": 0.5408876182663891, ""class_weight"": null, ""l1_ratio"": 0.0}"
1,2,229,1,0.9565069274123876,0.922805727031785,0.040522533051291124,"{""C"": 0.5408876182663891, ""class_weight"": null, ""l1_ratio"": 0.0}"
1,2,235,1,0.9984331298368689,0.9859938534591814,0.017731880274189257,"{""C"": 0.5408876182663891, ""class_weight"": null, ""l1_ratio"": 0.0}"
1,2,237,1,0.5797657570746224,0.5822833154708361,0.05746109680168903,"{""C"": 0.5408876182663891, ""class_weight"": null, ""l1_ratio"": 0.0}"
1,2,239,1,0.9931044743098615,0.9775008262532795,0.014143738441382272,"{""C"": 0.5408876182663891, ""class_weight"": null, ""l1_ratio"": 0.0}"
1,2,242,1,0.9306492427315294,0.874922960292998,0.037838190362733774,"{""C"": 0.5408876182663891, ""class_weight"": null, ""l1_ratio"": 0.0}"
1,2,243,1,0.919683974336341,0.8729905448135877,0.043998488234908116,"{""C"": 0.5408876182663891, ""class_weight"": null, ""l1_ratio"": 0.0}"
1,2,245,1,0.320650340546191,0.39631449882088654,0.05916818644368928,"{""C"": 0.5408876182663891, ""class_weight"": null, ""l1_ratio"": 0.0}"
1,2,254,0,0.7697266754076993,0.7349606395200203,0.059510152652864766,"{""C"": 0.5408876182663891, ""class_weight"": null, ""l1_ratio"": 0.0}"
1,2,269,1,0.9676972489231861,0.9262869092468092,0.052538425770620505,"{""C"": 0.5408876182663891, ""class_weight"": null, ""l1_ratio"": 0.0}"
1,2,272,0,0.49545146614552804,0.547967399913875,0.06487307499540723,"{""C"": 0.5408876182663891, ""class_weight"": null, ""l1_ratio"": 0.0}"
1,2,273,1,0.9973256696496137,0.9874309223958241,0.010698562857391292,"{""C"": 0.5408876182663891, ""class_weight"": null, ""l1_ratio"": 0.0}"
1,2,283,1,0.9070079141118591,0.8598392652633506,0.03079102546769456,"{""C"": 0.5408876182663891, ""class_weight"": null, ""l1_ratio"": 0.0}"
1,2,286,0,0.31391133632832574,0.3688421518639926,0.10629076025266937,"{""C"": 0.5408876182663891, ""class_weight"": null, ""l1_ratio"": 0.0}"
1,2,295,0,0.6871905714705577,0.6728591962792498,0.08565892474633692,"{""C"": 0.5408876182663891, ""class_weight"": null, ""l1_ratio"": 0.0}"
1,2,302,1,0.8961579612842132,0.8390920343549487,0.08413890554328524,"{""C"": 0.5408876182663891, ""class_weight"": null, ""l1_ratio"": 0.0}"
1,3,0,1,0.6612466438829334,0.644482573603647,0.10737967960112087,"{""C"": 1.1019115925377276, ""class_weight"": null, ""l1_ratio"": 0.0}"
1,3,6,1,0.9994246949340398,0.9875900258463728,0.008033559038534109,"{""C"": 1.1019115925377276, ""class_weight"": null, ""l1_ratio"": 0.0}"
1,3,10,1,0.7732077447359402,0.7013303526339616,0.07465001259430114,"{""C"": 1.1019115925377276, ""class_weight"": null, ""l1_ratio"": 0.0}"
1,3,17,0,0.5334122134683786,0.5261160821990513,0.11842135457322901,"{""C"": 1.1019115925377276, ""class_weight"": null, ""l1_ratio"": 0.0}"
1,3,27,1,0.2035507988767144,0.3537984359536871,0.14126148031214417,"{""C"": 1.1019115925377276, ""class_weight"": null, ""l1_ratio"": 0.0}"
1,3,44,1,0.972166905874193,0.8915075847824113,0.05595416723067227,"{""C"": 1.1019115925377276, ""class_weight"": null, ""l1_ratio"": 0.0}"
1,3,46,1,0.7358704711108905,0.670633439299658,0.07604585709906654,"{""C"": 1.1019115925377276, ""class_weight"": null, ""l1_ratio"": 0.0}"
1,3,48,0,0.03947701342652821,0.16622529457332044,0.1119968860405659,"{""C"": 1.1019115925377276, ""class_weight"": null, ""l1_ratio"": 0.0}"
1,3,50,1,0.6624119733377761,0.6360638639040057,0.06268387064029435,"{""C"": 1.1019115925377276, ""class_weight"": null, ""l1_ratio"": 0.0}"
1,3,51,1,0.8891049767215276,0.7928592273595652,0.04004862897998766,"{""C"": 1.1019115925377276, ""class_weight"": null, ""l1_ratio"": 0.0}"
1,3,58,1,0.7381779350439093,0.6897726104630156,0.04155626317926673,"{""C"": 1.1019115925377276, ""class_weight"": null, ""l1_ratio"": 0.0}"
1,3,65,1,0.9363861667337511,0.8358260226394864,0.04129389624504927,"{""C"": 1.1019115925377276, ""class_weight"": null, ""l1_ratio"": 0.0}"
1,3,70,0,0.2330124747010875,0.3490681520317828,0.15082507506390921,"{""C"": 1.1019115925377276, ""class_weight"": null, ""l1_ratio"": 0.0}"
1,3,71,1,0.9912136249619714,0.9520011323750796,0.020648431726084823,"{""C"": 1.1019115925377276, ""class_weight"": null, ""l1_ratio"": 0.0}"
1,3,74,1,0.9999167508298945,0.9958647192259017,0.0032672536248764482,"{""C"": 1.1019115925377276, ""class_weight"": null, ""l1_ratio"": 0.0}"
1,3,77,1,0.8796122174827296,0.7929326879924595,0.06476707929338148,"{""C"": 1.1019115925377276, ""class_weight"": null, ""l1_ratio"": 0.0}"
1,3,88,1,0.997916999326648,0.9749295520326319,0.016049194235008106,"{""C"": 1.1019115925377276, ""class_weight"": null, ""l1_ratio"": 0.0}"
1,3,89,1,0.9976492961247996,0.9748181160825361,0.015899630363838253,"{""C"": 1.1019115925377276, ""class_weight"": null, ""l1_ratio"": 0.0}"
1,3,91,0,0.40433527263589264,0.4750802359241906,0.09421902955939356,"{""C"": 1.1019115925377276, ""class_weight"": null, ""l1_ratio"": 0.0}"
1,3,92,1,0.9994393905928441,0.9900225387319509,0.005949856104702122,"{""C"": 1.1019115925377276, ""class_weight"": null, ""l1_ratio"": 0.0}"
1,3,95,1,0.9873322378962195,0.9343439472039226,0.029063004079275326,"{""C"": 1.1019115925377276, ""class_weight"": null, ""l1_ratio"": 0.0}"
1,3,118,1,0.9931020173533556,0.9617574364857605,0.01844202848491143,"{""C"": 1.1019115925377276, ""class_weight"": null, ""l1_ratio"": 0.0}"
1,3,119,1,0.8093061265885946,0.7744393913881612,0.07575163479936778,"{""C"": 1.1019115925377276, ""class_weight"": null, ""l1_ratio"": 0.0}"
1,3,121,1,0.9642748264545505,0.8794118767874999,0.05876122429895626,"{""C"": 1.1019115925377276, ""class_weight"": null, ""l1_ratio"": 0.0}"
1,3,122,1,0.9609454533320196,0.8821198042357661,0.06609968178276414,"{""C"": 1.1019115925377276, ""class_weight"": null, ""l1_ratio"": 0.0}"
1,3,125,1,0.9595918604480342,0.8885487383262596,0.0338012360378761,"{""C"": 1.1019115925377276, ""class_weight"": null, ""l1_ratio"": 0.0}"
1,3,132,1,0.9972038119019813,0.9726970884455544,0.013128535252354174,"{""C"": 1.1019115925377276, ""class_weight"": null, ""l1_ratio"": 0.0}"
1,3,147,1,0.994476179643034,0.9697016258308568,0.017154589520789278,"{""C"": 1.1019115925377276, ""class_weight"": null, ""l1_ratio"": 0.0}"
1,3,149,1,0.9989759037464254,0.9828408448890261,0.01071186095100053,"{""C"": 1.1019115925377276, ""class_weight"": null, ""l1_ratio"": 0.0}"
1,3,150,0,0.5462211648694751,0.5026917339162003,0.16256667675578748,"{""C"": 1.1019115925377276, ""class_weight"": null, ""l1_ratio"": 0.0}"
1,3,155,1,0.9901491330630233,0.9461274073656917,0.024202910906858856,"{""C"": 1.1019115925377276, ""class_weight"": null, ""l1_ratio"": 0.0}"
1,3,157,1,0.4943101519990462,0.55981349397358,0.08777786413109498,"{""C"": 1.1019115925377276, ""class_weight"": null, ""l1_ratio"": 0.0}"
1,3,161,1,0.9987359071274955,0.9766888252777303,0.02117268593904907,"{""C"": 1.1019115925377276, ""class_weight"": null, ""l1_ratio"": 0.0}"
1,3,162,1,0.9901264129297849,0.9477197908287,0.02121249476370595,"{""C"": 1.1019115925377276, ""class_weight"": null, ""l1_ratio"": 0.0}"
1,3,163,1,0.9623775101716423,0.8942578706942251,0.055535233112095565,"{""C"": 1.1019115925377276, ""class_weight"": null, ""l1_ratio"": 0.0}"
1,3,171,1,0.9980798599282499,0.9749349445204029,0.019830833312930226,"{""C"": 1.1019115925377276, ""class_weight"": null, ""l1_ratio"": 0.0}"
1,3,172,1,0.8369098545600755,0.7572497645298417,0.010863141057197248,"{""C"": 1.1019115925377276, ""class_weight"": null, ""l1_ratio"": 0.0}"
1,3,175,0,0.7270860132799482,0.6882298028165739,0.07107075233406092,"{""C"": 1.1019115925377276, ""class_weight"": null, ""l1_ratio"": 0.0}"
1,3,178,1,0.7885704485025338,0.7075004315172222,0.09221515378874226,"{""C"": 1.1019115925377276, ""class_weight"": null, ""l1_ratio"": 0.0}"
1,3,179,0,0.2314196072581065,0.34818465630361034,0.16462358146535191,"{""C"": 1.1019115925377276, ""class_weight"": null, ""l1_ratio"": 0.0}"
1,3,185,0,0.8819606611914453,0.7977662924288801,0.06409062366560711,"{""C"": 1.1019115925377276, ""class_weight"": null, ""l1_ratio"": 0.0}"
1,3,188,1,0.7494572130534499,0.6633294321193043,0.0943742710099896,"{""C"": 1.1019115925377276, ""class_weight"": null, ""l1_ratio"": 0.0}"
1,3,205,1,0.8616175418451835,0.77283424972589,0.031600630065072466,"{""C"": 1.1019115925377276, ""class_weight"": null, ""l1_ratio"": 0.0}"
1,3,206,1,0.9841945635853127,0.9226890485249644,0.03831448984764309,"{""C"": 1.1019115925377276, ""class_weight"": null, ""l1_ratio"": 0.0}"
1,3,209,1,0.9957456859025989,0.9657426800653587,0.021820644676827972,"{""C"": 1.1019115925377276, ""class_weight"": null, ""l1_ratio"": 0.0}"
1,3,212,0,0.1723332298732306,0.2628888437004264,0.150214264520778,"{""C"": 1.1019115925377276, ""class_weight"": null, ""l1_ratio"": 0.0}"
1,3,214,0,0.9019827682024313,0.8101986377350345,0.053440449914329786,"{""C"": 1.1019115925377276, ""class_weight"": null, ""l1_ratio"": 0.0}"
1,3,215,1,0.991771074592124,0.9555615441304874,0.01980347107964481,"{""C"": 1.1019115925377276, ""class_weight"": null, ""l1_ratio"": 0.0}"
1,3,217,0,0.2637701144834796,0.36002001481361,0.10515373410949383,"{""C"": 1.1019115925377276, ""class_weight"": null, ""l1_ratio"": 0.0}"
1,3,231,1,0.997887864233211,0.9773394478759088,0.01828127178853624,"{""C"": 1.1019115925377276, ""class_weight"": null, ""l1_ratio"": 0.0}"
1,3,232,1,0.95730403390645,0.8721755315773135,0.04480309575970103,"{""C"": 1.1019115925377276, ""class_weight"": null, ""l1_ratio"": 0.0}"
1,3,233,0,0.4872594318533939,0.5012840853136591,0.0955858638258052,"{""C"": 1.1019115925377276, ""class_weight"": null, ""l1_ratio"": 0.0}"
1,3,249,1,0.8646622739253843,0.7983589361451171,0.04186653871328375,"{""C"": 1.1019115925377276, ""class_weight"": null, ""l1_ratio"": 0.0}"
1,3,260,1,0.9978374254590541,0.9809951649486812,0.004357604499471965,"{""C"": 1.1019115925377276, ""class_weight"": null, ""l1_ratio"": 0.0}"
1,3,268,0,0.11114126101719844,0.22868353728721336,0.11973634023368326,"{""C"": 1.1019115925377276, ""class_weight"": null, ""l1_ratio"": 0.0}"
1,3,276,0,0.381893125137851,0.4476561533629623,0.12817715865398124,"{""C"": 1.1019115925377276, ""class_weight"": null, ""l1_ratio"": 0.0}"
1,3,287,0,0.18913987975476124,0.3465101493569711,0.19195158859854516,"{""C"": 1.1019115925377276, ""class_weight"": null, ""l1_ratio"": 0.0}"
1,3,294,1,0.9195473795225249,0.8042184074350086,0.07738955227971349,"{""C"": 1.1019115925377276, ""class_weight"": null, ""l1_ratio"": 0.0}"
1,3,299,0,0.004392156438671481,0.06902428216126305,0.08687482893554926,"{""C"": 1.1019115925377276, ""class_weight"": null, ""l1_ratio"": 0.0}"
1,3,300,0,0.20597750548617283,0.30536254039616406,0.08810161816320777,"{""C"": 1.1019115925377276, ""class_weight"": null, ""l1_ratio"": 0.0}"
1,4,7,1,0.9960430684325295,0.9940513222431114,0.008178189435060412,"{""C"": 0.21351299974645355, ""class_weight"": ""balanced"", ""l1_ratio"": 1.0}"
1,4,9,1,0.9362462780222938,0.95034731956606,0.030689483245093758,"{""C"": 0.21351299974645355, ""class_weight"": ""balanced"", ""l1_ratio"": 1.0}"
1,4,12,1,0.9974669006394133,0.9935316583168297,0.0108951419290965,"{""C"": 0.21351299974645355, ""class_weight"": ""balanced"", ""l1_ratio"": 1.0}"
1,4,14,1,0.486637558619285,0.6376065486378908,0.08618420763085612,"{""C"": 0.21351299974645355, ""class_weight"": ""balanced"", ""l1_ratio"": 1.0}"
1,4,23,1,0.9348061378299233,0.9586490790169077,0.027524794676808125,"{""C"": 0.21351299974645355, ""class_weight"": ""balanced"", ""l1_ratio"": 1.0}"
1,4,29,1,0.9386130179465894,0.9494161609486177,0.027494960004694546,"{""C"": 0.21351299974645355, ""class_weight"": ""balanced"", ""l1_ratio"": 1.0}"
1,4,30,1,0.9186947940005485,0.930758426013593,0.054312398247292976,"{""C"": 0.21351299974645355, ""class_weight"": ""balanced"", ""l1_ratio"": 1.0}"
1,4,33,1,0.9678266922619164,0.9672753411705782,0.026461454226342433,"{""C"": 0.21351299974645355, ""class_weight"": ""balanced"", ""l1_ratio"": 1.0}"
1,4,36,1,0.9770536320886388,0.9786732424072208,0.02572165658667405,"{""C"": 0.21351299974645355, ""class_weight"": ""balanced"", ""l1_ratio"": 1.0}"
1,4,40,1,0.994564994094284,0.9927229620139316,0.009638709896197922,"{""C"": 0.21351299974645355, ""class_weight"": ""balanced"", ""l1_ratio"": 1.0}"
1,4,45,1,0.9809025333980188,0.98082906402025,0.016072279454323882,"{""C"": 0.21351299974645355, ""class_weight"": ""balanced"", ""l1_ratio"": 1.0}"
1,4,47,1,0.9504076420692616,0.9591266182196337,0.030398080975856345,"{""C"": 0.21351299974645355, ""class_weight"": ""balanced"", ""l1_ratio"": 1.0}"
1,4,53,1,0.5560676393103916,0.7051949180442467,0.13103125937568927,"{""C"": 0.21351299974645355, ""class_weight"": ""balanced"", ""l1_ratio"": 1.0}"
1,4,64,0,0.14039921538040567,0.2575287175136506,0.08256471430418173,"{""C"": 0.21351299974645355, ""class_weight"": ""balanced"", ""l1_ratio"": 1.0}"
1,4,67,0,0.45865666323288135,0.5771310466651,0.13751664258337926,"{""C"": 0.21351299974645355, ""class_weight"": ""balanced"", ""l1_ratio"": 1.0}"
1,4,69,1,0.9653668145685373,0.9727418709102178,0.021197498397587368,"{""C"": 0.21351299974645355, ""class_weight"": ""balanced"", ""l1_ratio"": 1.0}"
1,4,75,1,0.3982937643380526,0.5508146984607667,0.06608423152828427,"{""C"": 0.21351299974645355, ""class_weight"": ""balanced"", ""l1_ratio"": 1.0}"
1,4,76,1,0.9723233016663213,0.9728298299732974,0.027678690958457094,"{""C"": 0.21351299974645355, ""class_weight"": ""balanced"", ""l1_ratio"": 1.0}"
1,4,80,1,0.9845169702509803,0.9851839847050898,0.012538112045833945,"{""C"": 0.21351299974645355, ""class_weight"": ""balanced"", ""l1_ratio"": 1.0}"
1,4,81,1,0.986604161983292,0.9842475213041167,0.011470186761548186,"{""C"": 0.21351299974645355, ""class_weight"": ""balanced"", ""l1_ratio"": 1.0}"
1,4,84,1,0.7932710206215413,0.8594266779010281,0.060029009551605034,"{""C"": 0.21351299974645355, ""class_weight"": ""balanced"", ""l1_ratio"": 1.0}"
1,4,96,1,0.892665541582414,0.9337465258035327,0.03791970155250387,"{""C"": 0.21351299974645355, ""class_weight"": ""balanced"", ""l1_ratio"": 1.0}"
1,4,100,1,0.7726344471298705,0.8442939532118526,0.06423196248782499,"{""C"": 0.21351299974645355, ""class_weight"": ""balanced"", ""l1_ratio"": 1.0}"
1,4,102,0,0.1528030888958944,0.274607215278751,0.09762920811458516,"{""C"": 0.21351299974645355, ""class_weight"": ""balanced"", ""l1_ratio"": 1.0}"
1,4,104,1,0.4779121517331223,0.6498099554540568,0.07332255802820133,"{""C"": 0.21351299974645355, ""class_weight"": ""balanced"", ""l1_ratio"": 1.0}"
1,4,108,0,0.15473181048212548,0.28935528624934265,0.06740377219141236,"{""C"": 0.21351299974645355, ""class_weight"": ""balanced"", ""l1_ratio"": 1.0}"
1,4,113,0,0.13716804615013947,0.2478217090956289,0.07499359513795802,"{""C"": 0.21351299974645355, ""class_weight"": ""balanced"", ""l1_ratio"": 1.0}"
1,4,115,1,0.8714875281535418,0.9010438119351847,0.03811379332063467,"{""C"": 0.21351299974645355, ""class_weight"": ""balanced"", ""l1_ratio"": 1.0}"
1,4,124,1,0.46244154210432153,0.6138929471085873,0.1566349584298733,"{""C"": 0.21351299974645355, ""class_weight"": ""balanced"", ""l1_ratio"": 1.0}"
1,4,129,0,0.14418450469708524,0.2870968916438883,0.09664033522974655,"{""C"": 0.21351299974645355, ""class_weight"": ""balanced"", ""l1_ratio"": 1.0}"
1,4,139,1,0.9339797414890256,0.962812953637545,0.01257099911015474,"{""C"": 0.21351299974645355, ""class_weight"": ""balanced"", ""l1_ratio"": 1.0}"
1,4,140,1,0.9480649442478323,0.9520779499803214,0.033713265168772585,"{""C"": 0.21351299974645355, ""class_weight"": ""balanced"", ""l1_ratio"": 1.0}"
1,4,145,1,0.6181418800794458,0.7673395995714286,0.0938274175882743,"{""C"": 0.21351299974645355, ""class_weight"": ""balanced"", ""l1_ratio"": 1.0}"
1,4,152,1,0.716823745249655,0.8038126679845993,0.035729926333811286,"{""C"": 0.21351299974645355, ""class_weight"": ""balanced"", ""l1_ratio"": 1.0}"
1,4,160,1,0.7226400880549149,0.8091279957336626,0.04137341745054704,"{""C"": 0.21351299974645355, ""class_weight"": ""balanced"", ""l1_ratio"": 1.0}"
1,4,167,1,0.8420162121775118,0.8744199699573312,0.07164356562683467,"{""C"": 0.21351299974645355, ""class_weight"": ""balanced"", ""l1_ratio"": 1.0}"
1,4,180,1,0.24986464562018265,0.4174259908716766,0.08960905226572077,"{""C"": 0.21351299974645355, ""class_weight"": ""balanced"", ""l1_ratio"": 1.0}"
1,4,183,0,0.7638567556711423,0.8604392235970897,0.03975933688849318,"{""C"": 0.21351299974645355, ""class_weight"": ""balanced"", ""l1_ratio"": 1.0}"
1,4,197,1,0.9664989410275638,0.9759338899954555,0.019126192692497653,"{""C"": 0.21351299974645355, ""class_weight"": ""balanced"", ""l1_ratio"": 1.0}"
1,4,203,0,0.08564272451889557,0.19041238231014818,0.09158038386145159,"{""C"": 0.21351299974645355, ""class_weight"": ""balanced"", ""l1_ratio"": 1.0}"
1,4,207,1,0.6909028423339991,0.7939037229083554,0.05947036016859613,"{""C"": 0.21351299974645355, ""class_weight"": ""balanced"", ""l1_ratio"": 1.0}"
1,4,216,0,0.33507099613588054,0.5141931220274604,0.07432689060993732,"{""C"": 0.21351299974645355, ""class_weight"": ""balanced"", ""l1_ratio"": 1.0}"
1,4,222,1,0.7730630495128451,0.8520790974200729,0.09883988052566758,"{""C"": 0.21351299974645355, ""class_weight"": ""balanced"", ""l1_ratio"": 1.0}"
1,4,224,1,0.9422666541516268,0.9611333626947912,0.021209082538115886,"{""C"": 0.21351299974645355, ""class_weight"": ""balanced"", ""l1_ratio"": 1.0}"
1,4,236,1,0.2693685719715647,0.43856217709549644,0.08544287473147463,"{""C"": 0.21351299974645355, ""class_weight"": ""balanced"", ""l1_ratio"": 1.0}"
1,4,238,1,0.17196405849259505,0.28570156545372155,0.061218067765394124,"{""C"": 0.21351299974645355, ""class_weight"": ""balanced"", ""l1_ratio"": 1.0}"
1,4,248,1,0.9949728747045113,0.9912500009343204,0.01317939475973785,"{""C"": 0.21351299974645355, ""class_weight"": ""balanced"", ""l1_ratio"": 1.0}"
1,4,252,1,0.4830618816056254,0.6737353924210299,0.09016204683637728,"{""C"": 0.21351299974645355, ""class_weight"": ""balanced"", ""l1_ratio"": 1.0}"
1,4,256,0,0.3323569834004713,0.49709341474722724,0.05180249507934882,"{""C"": 0.21351299974645355, ""class_weight"": ""balanced"", ""l1_ratio"": 1.0}"
1,4,257,0,0.3904315521292363,0.554794081556408,0.08800002522994228,"{""C"": 0.21351299974645355, ""class_weight"": ""balanced"", ""l1_ratio"": 1.0}"
1,4,263,0,0.08737198399022655,0.18184799814593638,0.06827577593019925,"{""C"": 0.21351299974645355, ""class_weight"": ""balanced"", ""l1_ratio"": 1.0}"
1,4,266,1,0.6969111559502992,0.7916659461634838,0.040497314343111976,"{""C"": 0.21351299974645355, ""class_weight"": ""balanced"", ""l1_ratio"": 1.0}"
1,4,267,1,0.7975375139033839,0.8586367837080584,0.043407614311136364,"{""C"": 0.21351299974645355, ""class_weight"": ""balanced"", ""l1_ratio"": 1.0}"
1,4,277,1,0.983306639191326,0.9847442460873932,0.010286242958875962,"{""C"": 0.21351299974645355, ""class_weight"": ""balanced"", ""l1_ratio"": 1.0}"
1,4,281,1,0.7653328001415489,0.8458474073059541,0.0698654866002802,"{""C"": 0.21351299974645355, ""class_weight"": ""balanced"", ""l1_ratio"": 1.0}"
1,4,284,0,0.6538411399589841,0.7796971647996588,0.04770147964631475,"{""C"": 0.21351299974645355, ""class_weight"": ""balanced"", ""l1_ratio"": 1.0}"
1,4,285,0,0.23992029753268032,0.40195041061014586,0.04070488861265601,"{""C"": 0.21351299974645355, ""class_weight"": ""balanced"", ""l1_ratio"": 1.0}"
1,4,290,0,0.17521789004104799,0.3024711525280063,0.10446782427126415,"{""C"": 0.21351299974645355, ""class_weight"": ""balanced"", ""l1_ratio"": 1.0}"
1,4,292,0,0.3725190519759036,0.5046303164104748,0.07165481660899972,"{""C"": 0.21351299974645355, ""class_weight"": ""balanced"", ""l1_ratio"": 1.0}"
1,4,297,0,0.0813308610416291,0.17200446270975886,0.0605779053460245,"{""C"": 0.21351299974645355, ""class_weight"": ""balanced"", ""l1_ratio"": 1.0}"
2,0,14,1,0.6699894610455631,0.6367934042393193,0.1364176601522502,"{""C"": 1.1891077928869798, ""class_weight"": null, ""l1_ratio"": 0.0}"
2,0,15,1,0.9519551278031911,0.8647094469774567,0.08898053085975349,"{""C"": 1.1891077928869798, ""class_weight"": null, ""l1_ratio"": 0.0}"
2,0,19,1,0.9990878593311155,0.9832806854985963,0.012933149637277775,"{""C"": 1.1891077928869798, ""class_weight"": null, ""l1_ratio"": 0.0}"
2,0,21,1,0.9859876437594608,0.9301419097055087,0.028853489015564605,"{""C"": 1.1891077928869798, ""class_weight"": null, ""l1_ratio"": 0.0}"
2,0,23,1,0.9973547114203564,0.9771514338295819,0.013494981316974007,"{""C"": 1.1891077928869798, ""class_weight"": null, ""l1_ratio"": 0.0}"
2,0,24,1,0.9623056590499823,0.8738265880636711,0.05565861465751877,"{""C"": 1.1891077928869798, ""class_weight"": null, ""l1_ratio"": 0.0}"
2,0,30,1,0.9531918857926107,0.8545636145447613,0.042183573437928654,"{""C"": 1.1891077928869798, ""class_weight"": null, ""l1_ratio"": 0.0}"
2,0,31,1,0.9946619878017662,0.9576144326276994,0.0239502157979757,"{""C"": 1.1891077928869798, ""class_weight"": null, ""l1_ratio"": 0.0}"
2,0,37,1,0.9998579460311807,0.9928386682142836,0.006014170003954226,"{""C"": 1.1891077928869798, ""class_weight"": null, ""l1_ratio"": 0.0}"
2,0,40,1,0.9997585749441769,0.9948242953998759,0.002985415560697911,"{""C"": 1.1891077928869798, ""class_weight"": null, ""l1_ratio"": 0.0}"
2,0,44,1,0.9188169062695591,0.7968840683060219,0.03837699518758531,"{""C"": 1.1891077928869798, ""class_weight"": null, ""l1_ratio"": 0.0}"
2,0,48,0,0.02137369064508875,0.14967799458153958,0.11849674559295263,"{""C"": 1.1891077928869798, ""class_weight"": null, ""l1_ratio"": 0.0}"
2,0,57,1,0.9997892233427911,0.9947163993293019,0.0019813619179078787,"{""C"": 1.1891077928869798, ""class_weight"": null, ""l1_ratio"": 0.0}"
2,0,60,0,0.27015435925480624,0.3872722851098175,0.06571730607020626,"{""C"": 1.1891077928869798, ""class_weight"": null, ""l1_ratio"": 0.0}"
2,0,61,1,0.7407851506468052,0.6553262041568874,0.1395759965457651,"{""C"": 1.1891077928869798, ""class_weight"": null, ""l1_ratio"": 0.0}"
2,0,64,0,0.05463088846214063,0.17501955211169706,0.08100749293023171,"{""C"": 1.1891077928869798, ""class_weight"": null, ""l1_ratio"": 0.0}"
2,0,66,1,0.9991406303317882,0.9872769729248887,0.004850535230594504,"{""C"": 1.1891077928869798, ""class_weight"": null, ""l1_ratio"": 0.0}"
2,0,91,0,0.49261521877384434,0.4971343029729999,0.18578970476375423,"{""C"": 1.1891077928869798, ""class_weight"": null, ""l1_ratio"": 0.0}"
2,0,92,1,0.9998607440002725,0.9953491928426279,0.00301002480072592,"{""C"": 1.1891077928869798, ""class_weight"": null, ""l1_ratio"": 0.0}"
2,0,94,1,0.9982391483288162,0.9784177312852862,0.012251111974003056,"{""C"": 1.1891077928869798, ""class_weight"": null, ""l1_ratio"": 0.0}"
2,0,97,1,0.9930454865493686,0.9554763318067458,0.01757202799223835,"{""C"": 1.1891077928869798, ""class_weight"": null, ""l1_ratio"": 0.0}"
2,0,106,1,0.9800245210269907,0.910522752639382,0.031779873831663225,"{""C"": 1.1891077928869798, ""class_weight"": null, ""l1_ratio"": 0.0}"
2,0,108,0,0.21676426377893332,0.30944007364732695,0.11951730511651336,"{""C"": 1.1891077928869798, ""class_weight"": null, ""l1_ratio"": 0.0}"
2,0,111,1,0.9918043426139784,0.9399153253440247,0.04744467496983858,"{""C"": 1.1891077928869798, ""class_weight"": null, ""l1_ratio"": 0.0}"
2,0,114,1,0.9999993604690685,0.9996161181618588,0.0005208594160007033,"{""C"": 1.1891077928869798, ""class_weight"": null, ""l1_ratio"": 0.0}"
2,0,122,1,0.9837543914474046,0.9207080752515324,0.029619869774304603,"{""C"": 1.1891077928869798, ""class_weight"": null, ""l1_ratio"": 0.0}"
2,0,124,1,0.955876742787909,0.8664230341936789,0.09733846344822007,"{""C"": 1.1891077928869798, ""class_weight"": null, ""l1_ratio"": 0.0}"
2,0,129,0,0.059449801643119894,0.17927786120047767,0.06619734747432439,"{""C"": 1.1891077928869798, ""class_weight"": null, ""l1_ratio"": 0.0}"
2,0,135,1,0.995448684572099,0.9625796640738125,0.020163000589261938,"{""C"": 1.1891077928869798, ""class_weight"": null, ""l1_ratio"": 0.0}"
2,0,142,1,0.08957684457887374,0.21229706349956073,0.0898376857089321,"{""C"": 1.1891077928869798, ""class_weight"": null, ""l1_ratio"": 0.0}"
2,0,145,1,0.9704662759844837,0.9043064541251326,0.03840285563031914,"{""C"": 1.1891077928869798, ""class_weight"": null, ""l1_ratio"": 0.0}"
2,0,149,1,0.9976171219637838,0.9729645674119125,0.021487871981923663,"{""C"": 1.1891077928869798, ""class_weight"": null, ""l1_ratio"": 0.0}"
2,0,155,1,0.9918151451399394,0.9459799862786854,0.027037558708681957,"{""C"": 1.1891077928869798, ""class_weight"": null, ""l1_ratio"": 0.0}"
2,0,158,1,0.5345812757755642,0.5149698815090639,0.13485533533982327,"{""C"": 1.1891077928869798, ""class_weight"": null, ""l1_ratio"": 0.0}"
2,0,160,1,0.6554912921617889,0.6444925107179611,0.11019322573854139,"{""C"": 1.1891077928869798, ""class_weight"": null, ""l1_ratio"": 0.0}"
2,0,162,1,0.9921261046149377,0.9512180753115385,0.027918310336556482,"{""C"": 1.1891077928869798, ""class_weight"": null, ""l1_ratio"": 0.0}"
2,0,166,0,0.011585882807613765,0.09703880299561299,0.06087454899394234,"{""C"": 1.1891077928869798, ""class_weight"": null, ""l1_ratio"": 0.0}"
2,0,171,1,0.9980740648875982,0.9775998047955499,0.012752448829968616,"{""C"": 1.1891077928869798, ""class_weight"": null, ""l1_ratio"": 0.0}"
2,0,173,1,0.9999432425537562,0.9944989887101008,0.00669156333524787,"{""C"": 1.1891077928869798, ""class_weight"": null, ""l1_ratio"": 0.0}"
2,0,176,1,0.3871305584303664,0.450766049208677,0.060559062922991694,"{""C"": 1.1891077928869798, ""class_weight"": null, ""l1_ratio"": 0.0}"
2,0,184,1,0.9172605575758287,0.8104817192957056,0.08778324995077073,"{""C"": 1.1891077928869798, ""class_weight"": null, ""l1_ratio"": 0.0}"
2,0,185,0,0.9165198677669465,0.8181848954801076,0.04070728231636391,"{""C"": 1.1891077928869798, ""class_weight"": null, ""l1_ratio"": 0.0}"
2,0,186,0,0.9054136784811677,0.8296586436029314,0.05670507090842865,"{""C"": 1.1891077928869798, ""class_weight"": null, ""l1_ratio"": 0.0}"
2,0,189,1,0.7184022657144331,0.7062206311488575,0.04032760362595474,"{""C"": 1.1891077928869798, ""class_weight"": null, ""l1_ratio"": 0.0}"
2,0,193,0,0.336751524548329,0.4640054163966879,0.14570832729219477,"{""C"": 1.1891077928869798, ""class_weight"": null, ""l1_ratio"": 0.0}"
2,0,195,1,0.9979863198888936,0.9755149834069311,0.015593658873669406,"{""C"": 1.1891077928869798, ""class_weight"": null, ""l1_ratio"": 0.0}"
2,0,198,1,0.952629529563634,0.8693481544038082,0.031181164435898804,"{""C"": 1.1891077928869798, ""class_weight"": null, ""l1_ratio"": 0.0}"
2,0,204,0,0.13596204496058242,0.2606856391000008,0.0955650756619259,"{""C"": 1.1891077928869798, ""class_weight"": null, ""l1_ratio"": 0.0}"
2,0,209,1,0.9987028633387595,0.9819374080015969,0.012004660032945811,"{""C"": 1.1891077928869798, ""class_weight"": null, ""l1_ratio"": 0.0}"
2,0,213,0,0.9965962626131853,0.9673654872073417,0.013912677446084067,"{""C"": 1.1891077928869798, ""class_weight"": null, ""l1_ratio"": 0.0}"
2,0,218,0,0.457635358860147,0.5108178714140532,0.06895350314279766,"{""C"": 1.1891077928869798, ""class_weight"": null, ""l1_ratio"": 0.0}"
2,0,220,1,0.9911339661797073,0.9442368725244895,0.03328278458816916,"{""C"": 1.1891077928869798, ""class_weight"": null, ""l1_ratio"": 0.0}"
2,0,231,1,0.9991521191549252,0.984294276596471,0.013870732230017287,"{""C"": 1.1891077928869798, ""class_weight"": null, ""l1_ratio"": 0.0}"
2,0,244,1,0.9232335904304958,0.8171198886646451,0.053721577508057346,"{""C"": 1.1891077928869798, ""class_weight"": null, ""l1_ratio"": 0.0}"
2,0,254,0,0.5729542441540139,0.5659377114497152,0.07932164895592919,"{""C"": 1.1891077928869798, ""class_weight"": null, ""l1_ratio"": 0.0}"
2,0,265,1,0.7397722071009887,0.7015536999144073,0.08096102329053458,"{""C"": 1.1891077928869798, ""class_weight"": null, ""l1_ratio"": 0.0}"
2,0,278,1,0.9883000701474159,0.9380661348944294,0.03543340614238029,"{""C"": 1.1891077928869798, ""class_weight"": null, ""l1_ratio"": 0.0}"
2,0,282,1,0.8738817392577138,0.7906945212584142,0.04486665211711926,"{""C"": 1.1891077928869798, ""class_weight"": null, ""l1_ratio"": 0.0}"
2,0,284,0,0.8689683690057872,0.7624548478245703,0.0752321537372628,"{""C"": 1.1891077928869798, ""class_weight"": null, ""l1_ratio"": 0.0}"
2,0,286,0,0.5693666832154548,0.5268714188738123,0.09826623740187417,"{""C"": 1.1891077928869798, ""class_weight"": null, ""l1_ratio"": 0.0}"
2,0,293,0,0.3744470215272607,0.427777956242298,0.05280828402973849,"{""C"": 1.1891077928869798, ""class_weight"": null, ""l1_ratio"": 0.0}"
2,1,4,0,0.23699067029208198,0.15109417256052365,0.06401236617157803,"{""C"": 0.06599356801746518, ""class_weight"": null, ""l1_ratio"": 0.0}"
2,1,12,1,0.9889494418798307,0.9951323708074055,0.006523862574233838,"{""C"": 0.06599356801746518, ""class_weight"": null, ""l1_ratio"": 0.0}"
2,1,13,1,0.9264041717064044,0.9664699328587941,0.0318004589526519,"{""C"": 0.06599356801746518, ""class_weight"": null, ""l1_ratio"": 0.0}"
2,1,27,1,0.4081105599336331,0.3582730288204711,0.1332870401664124,"{""C"": 0.06599356801746518, ""class_weight"": null, ""l1_ratio"": 0.0}"
2,1,28,1,0.9827857281492335,0.9927991236159388,0.009371806568519707,"{""C"": 0.06599356801746518, ""class_weight"": null, ""l1_ratio"": 0.0}"
2,1,36,1,0.936610061416292,0.9711100904073492,0.02737550728994262,"{""C"": 0.06599356801746518, ""class_weight"": null, ""l1_ratio"": 0.0}"
2,1,47,1,0.9276353223229645,0.9623056599501133,0.02985602773044631,"{""C"": 0.06599356801746518, ""class_weight"": null, ""l1_ratio"": 0.0}"
2,1,50,1,0.6267161242623825,0.6700722754890823,0.058790083766638905,"{""C"": 0.06599356801746518, ""class_weight"": null, ""l1_ratio"": 0.0}"
2,1,58,1,0.6193906418598468,0.6378833149486632,0.0763824766401273,"{""C"": 0.06599356801746518, ""class_weight"": null, ""l1_ratio"": 0.0}"
2,1,72,1,0.6434763506598288,0.6872172792495246,0.06888677613235604,"{""C"": 0.06599356801746518, ""class_weight"": null, ""l1_ratio"": 0.0}"
2,1,73,1,0.730083242444561,0.7942211461132125,0.07272780771604381,"{""C"": 0.06599356801746518, ""class_weight"": null, ""l1_ratio"": 0.0}"
2,1,74,1,0.985813164674251,0.9936771168743471,0.008427287103858816,"{""C"": 0.06599356801746518, ""class_weight"": null, ""l1_ratio"": 0.0}"
2,1,84,1,0.9221407085090808,0.953648455851617,0.04192330850591526,"{""C"": 0.06599356801746518, ""class_weight"": null, ""l1_ratio"": 0.0}"
2,1,87,1,0.9521963601410527,0.9801296168077421,0.017822938543515007,"{""C"": 0.06599356801746518, ""class_weight"": null, ""l1_ratio"": 0.0}"
2,1,90,1,0.6518756257188814,0.6634775088824727,0.10740603353558972,"{""C"": 0.06599356801746518, ""class_weight"": null, ""l1_ratio"": 0.0}"
2,1,96,1,0.8132244483991907,0.8718517808858472,0.04622846068377405,"{""C"": 0.06599356801746518, ""class_weight"": null, ""l1_ratio"": 0.0}"
2,1,100,1,0.9819315021485053,0.993106867440597,0.008958445756154789,"{""C"": 0.06599356801746518, ""class_weight"": null, ""l1_ratio"": 0.0}"
2,1,103,1,0.8524766361328829,0.9065295220569494,0.05735458930372137,"{""C"": 0.06599356801746518, ""class_weight"": null, ""l1_ratio"": 0.0}"
2,1,104,1,0.6995568705936779,0.7467087509756658,0.054075096926168374,"{""C"": 0.06599356801746518, ""class_weight"": null, ""l1_ratio"": 0.0}"
2,1,107,1,0.40532295316000044,0.3520213081836023,0.14278638205558183,"{""C"": 0.06599356801746518, ""class_weight"": null, ""l1_ratio"": 0.0}"
2,1,113,0,0.26164062862838916,0.17196729562882412,0.07209532286149203,"{""C"": 0.06599356801746518, ""class_weight"": null, ""l1_ratio"": 0.0}"
2,1,115,1,0.9071628785257396,0.9517078652949443,0.0384410800014787,"{""C"": 0.06599356801746518, ""class_weight"": null, ""l1_ratio"": 0.0}"
2,1,119,1,0.7832252870271211,0.8449838760729349,0.06510373733993953,"{""C"": 0.06599356801746518, ""class_weight"": null, ""l1_ratio"": 0.0}"
2,1,120,1,0.9068198938588027,0.9519952879137561,0.03450165071257585,"{""C"": 0.06599356801746518, ""class_weight"": null, ""l1_ratio"": 0.0}"
2,1,123,1,0.7520353316645044,0.818926078958054,0.06591868025822258,"{""C"": 0.06599356801746518, ""class_weight"": null, ""l1_ratio"": 0.0}"
2,1,130,0,0.3937795590131518,0.3217503636031342,0.12100901263537206,"{""C"": 0.06599356801746518, ""class_weight"": null, ""l1_ratio"": 0.0}"
2,1,132,1,0.8757221935119078,0.9279928450648953,0.03176743762606609,"{""C"": 0.06599356801746518, ""class_weight"": null, ""l1_ratio"": 0.0}"
2,1,138,1,0.8977571994008027,0.9480393820432276,0.022291952007661875,"{""C"": 0.06599356801746518, ""class_weight"": null, ""l1_ratio"": 0.0}"
2,1,141,1,0.9624379295882384,0.9783349639225696,0.02809824530927269,"{""C"": 0.06599356801746518, ""class_weight"": null, ""l1_ratio"": 0.0}"
2,1,143,0,0.08992693836520144,0.04237530152676297,0.030689921765659878,"{""C"": 0.06599356801746518, ""class_weight"": null, ""l1_ratio"": 0.0}"
2,1,144,1,0.9445170896046121,0.9745785485774852,0.016567387714799802,"{""C"": 0.06599356801746518, ""class_weight"": null, ""l1_ratio"": 0.0}"
2,1,152,1,0.7190268670527911,0.7751342941846144,0.1069895291556877,"{""C"": 0.06599356801746518, ""class_weight"": null, ""l1_ratio"": 0.0}"
2,1,165,1,0.6496591339358627,0.7015388543093123,0.06024600327161617,"{""C"": 0.06599356801746518, ""class_weight"": null, ""l1_ratio"": 0.0}"
2,1,169,0,0.22949332016096358,0.1493560525994041,0.10175063177959154,"{""C"": 0.06599356801746518, ""class_weight"": null, ""l1_ratio"": 0.0}"
2,1,172,1,0.7791030488563299,0.8359106013452354,0.06676688934919026,"{""C"": 0.06599356801746518, ""class_weight"": null, ""l1_ratio"": 0.0}"
2,1,177,1,0.9300961889043806,0.9667259388654352,0.026525863444152104,"{""C"": 0.06599356801746518, ""class_weight"": null, ""l1_ratio"": 0.0}"
2,1,179,0,0.43774419234677664,0.3824279695132561,0.14478014484537868,"{""C"": 0.06599356801746518, ""class_weight"": null, ""l1_ratio"": 0.0}"
2,1,191,1,0.9217632190027205,0.9597533667652687,0.03262349517391276,"{""C"": 0.06599356801746518, ""class_weight"": null, ""l1_ratio"": 0.0}"
2,1,194,0,0.27784948913883556,0.19474264963995425,0.08765304455403419,"{""C"": 0.06599356801746518, ""class_weight"": null, ""l1_ratio"": 0.0}"
2,1,199,0,0.5007634611305404,0.4781366273180459,0.11012184973857107,"{""C"": 0.06599356801746518, ""class_weight"": null, ""l1_ratio"": 0.0}"
2,1,201,0,0.7569983023783552,0.7972683788639426,0.10891420471262003,"{""C"": 0.06599356801746518, ""class_weight"": null, ""l1_ratio"": 0.0}"
2,1,202,1,0.9564441522185775,0.9791427921259241,0.02408371689306262,"{""C"": 0.06599356801746518, ""class_weight"": null, ""l1_ratio"": 0.0}"
2,1,211,1,0.8183641296938089,0.8788807646976006,0.038587739155577165,"{""C"": 0.06599356801746518, ""class_weight"": null, ""l1_ratio"": 0.0}"
2,1,216,0,0.620334604008926,0.645977363338251,0.08979792927899552,"{""C"": 0.06599356801746518, ""class_weight"": null, ""l1_ratio"": 0.0}"
2,1,224,1,0.8985460096622258,0.9512149217978099,0.030522646240435283,"{""C"": 0.06599356801746518, ""class_weight"": null, ""l1_ratio"": 0.0}"
2,1,226,1,0.8923652656269413,0.9425799613825957,0.039594214881402925,"{""C"": 0.06599356801746518, ""class_weight"": null, ""l1_ratio"": 0.0}"
2,1,239,1,0.9544557249028814,0.977603353333176,0.023297906972951917,"{""C"": 0.06599356801746518, ""class_weight"": null, ""l1_ratio"": 0.0}"
2,1,249,1,0.8581732972517975,0.9126659963304871,0.03583544137630952,"{""C"": 0.06599356801746518, ""class_weight"": null, ""l1_ratio"": 0.0}"
2,1,251,1,0.3938870276047344,0.32275245348523995,0.11683733865900515,"{""C"": 0.06599356801746518, ""class_weight"": null, ""l1_ratio"": 0.0}"
2,1,258,0,0.16316526578294085,0.1041183383423305,0.08109579582781028,"{""C"": 0.06599356801746518, ""class_weight"": null, ""l1_ratio"": 0.0}"
2,1,264,0,0.3743873648128895,0.3037799739577641,0.11402559312733239,"{""C"": 0.06599356801746518, ""class_weight"": null, ""l1_ratio"": 0.0}"
2,1,268,0,0.27437483851130745,0.1881543363420263,0.07853391736258447,"{""C"": 0.06599356801746518, ""class_weight"": null, ""l1_ratio"": 0.0}"
2,1,276,0,0.42083240296155344,0.3609506175283833,0.10451571238003468,"{""C"": 0.06599356801746518, ""class_weight"": null, ""l1_ratio"": 0.0}"
2,1,281,1,0.8617215262366142,0.9250177531831729,0.04556775170721813,"{""C"": 0.06599356801746518, ""class_weight"": null, ""l1_ratio"": 0.0}"
2,1,288,1,0.5133200119369771,0.5130958992905711,0.11189433671099722,"{""C"": 0.06599356801746518, ""class_weight"": null, ""l1_ratio"": 0.0}"
2,1,290,0,0.37241758417287335,0.29242052495543164,0.12088278635476887,"{""C"": 0.06599356801746518, ""class_weight"": null, ""l1_ratio"": 0.0}"
2,1,294,1,0.7284125587162703,0.7986011755263712,0.03595954589587337,"{""C"": 0.06599356801746518, ""class_weight"": null, ""l1_ratio"": 0.0}"
2,1,295,0,0.6472596345605286,0.704879312237851,0.06367478306235629,"{""C"": 0.06599356801746518, ""class_weight"": null, ""l1_ratio"": 0.0}"
2,1,296,0,0.26940305148195953,0.18537110288651443,0.10102165204754432,"{""C"": 0.06599356801746518, ""class_weight"": null, ""l1_ratio"": 0.0}"
2,1,301,0,0.233556082009785,0.14230888634936764,0.057911293455759905,"{""C"": 0.06599356801746518, ""class_weight"": null, ""l1_ratio"": 0.0}"
2,1,302,1,0.660706021146998,0.6959543137280437,0.11682076490517485,"{""C"": 0.06599356801746518, ""class_weight"": null, ""l1_ratio"": 0.0}"
2,2,1,1,0.9724506951564221,0.996415167980806,0.00278357605851463,"{""C"": 0.036833935215953, ""class_weight"": null, ""l1_ratio"": 0.0}"
2,2,7,1,0.9495270500270828,0.9921903156618844,0.0025395868766108407,"{""C"": 0.036833935215953, ""class_weight"": null, ""l1_ratio"": 0.0}"
2,2,8,0,0.1153727943945214,0.02275381559356584,0.011775933477595256,"{""C"": 0.036833935215953, ""class_weight"": null, ""l1_ratio"": 0.0}"
2,2,17,0,0.5210532409603744,0.46988588632234557,0.05926097503438825,"{""C"": 0.036833935215953, ""class_weight"": null, ""l1_ratio"": 0.0}"
2,2,18,1,0.811582598236788,0.8972970364838266,0.045259905225618534,"{""C"": 0.036833935215953, ""class_weight"": null, ""l1_ratio"": 0.0}"
2,2,22,1,0.9364056293301165,0.9870385865037422,0.005967707243038604,"{""C"": 0.036833935215953, ""class_weight"": null, ""l1_ratio"": 0.0}"
2,2,32,1,0.8206400868207017,0.9135304716938277,0.033523871216361495,"{""C"": 0.036833935215953, ""class_weight"": null, ""l1_ratio"": 0.0}"
2,2,41,0,0.3639076344316156,0.22092025350352779,0.08308204704289321,"{""C"": 0.036833935215953, ""class_weight"": null, ""l1_ratio"": 0.0}"
2,2,46,1,0.5645427643231679,0.5479727841059205,0.058419617061334424,"{""C"": 0.036833935215953, ""class_weight"": null, ""l1_ratio"": 0.0}"
2,2,59,1,0.9182735837179443,0.9813903875489217,0.005864417614720651,"{""C"": 0.036833935215953, ""class_weight"": null, ""l1_ratio"": 0.0}"
2,2,63,1,0.9405209305434027,0.9876891572898867,0.010321719056722583,"{""C"": 0.036833935215953, ""class_weight"": null, ""l1_ratio"": 0.0}"
2,2,69,1,0.8562865157921256,0.9386198497634226,0.022658261415049733,"{""C"": 0.036833935215953, ""class_weight"": null, ""l1_ratio"": 0.0}"
2,2,75,1,0.42238534582136245,0.3010832179304232,0.05806348104550222,"{""C"": 0.036833935215953, ""class_weight"": null, ""l1_ratio"": 0.0}"
2,2,77,1,0.8605738706125254,0.9489699110420446,0.01967432091174288,"{""C"": 0.036833935215953, ""class_weight"": null, ""l1_ratio"": 0.0}"
2,2,78,1,0.758775873267833,0.8429971081624272,0.04917605313203276,"{""C"": 0.036833935215953, ""class_weight"": null, ""l1_ratio"": 0.0}"
2,2,79,0,0.4964422937998801,0.44004335592501853,0.05443312469020366,"{""C"": 0.036833935215953, ""class_weight"": null, ""l1_ratio"": 0.0}"
2,2,85,1,0.6080367478491561,0.6211320005402068,0.027346263986263705,"{""C"": 0.036833935215953, ""class_weight"": null, ""l1_ratio"": 0.0}"
2,2,88,1,0.9123348986243182,0.9757868814616097,0.013185851662677434,"{""C"": 0.036833935215953, ""class_weight"": null, ""l1_ratio"": 0.0}"
2,2,93,0,0.8825565512905604,0.9559765323640754,0.024688753431317774,"{""C"": 0.036833935215953, ""class_weight"": null, ""l1_ratio"": 0.0}"
2,2,95,1,0.8072867639678764,0.8981263243023554,0.016612326495623667,"{""C"": 0.036833935215953, ""class_weight"": null, ""l1_ratio"": 0.0}"
2,2,98,1,0.8499911132854301,0.9370689652178191,0.01843604756861299,"{""C"": 0.036833935215953, ""class_weight"": null, ""l1_ratio"": 0.0}"
2,2,101,1,0.9283526450070283,0.9840352277657083,0.006382072560000941,"{""C"": 0.036833935215953, ""class_weight"": null, ""l1_ratio"": 0.0}"
2,2,112,1,0.7615042944580359,0.8482569712818343,0.030948496258779275,"{""C"": 0.036833935215953, ""class_weight"": null, ""l1_ratio"": 0.0}"
2,2,117,1,0.8140877849818132,0.9044020070589246,0.033359142632163816,"{""C"": 0.036833935215953, ""class_weight"": null, ""l1_ratio"": 0.0}"
2,2,118,1,0.9346182568439525,0.9872081443838177,0.006254922564497233,"{""C"": 0.036833935215953, ""class_weight"": null, ""l1_ratio"": 0.0}"
2,2,126,1,0.8235190704777161,0.9161860253968177,0.024133413084237526,"{""C"": 0.036833935215953, ""class_weight"": null, ""l1_ratio"": 0.0}"
2,2,128,1,0.7603009864537534,0.8565087492909393,0.01290464550384888,"{""C"": 0.036833935215953, ""class_weight"": null, ""l1_ratio"": 0.0}"
2,2,131,1,0.865491723426172,0.9513302470174241,0.0077419147567769344,"{""C"": 0.036833935215953, ""class_weight"": null, ""l1_ratio"": 0.0}"
2,2,140,1,0.7099728226212285,0.7767023742500749,0.05005853679001177,"{""C"": 0.036833935215953, ""class_weight"": null, ""l1_ratio"": 0.0}"
2,2,147,1,0.9692547671629534,0.9943392114474918,0.0048525509938863835,"{""C"": 0.036833935215953, ""class_weight"": null, ""l1_ratio"": 0.0}"
2,2,148,1,0.8200972233047,0.9190308941193601,0.013775632066640857,"{""C"": 0.036833935215953, ""class_weight"": null, ""l1_ratio"": 0.0}"
2,2,153,0,0.649317347985803,0.7107240355854051,0.04423425682813522,"{""C"": 0.036833935215953, ""class_weight"": null, ""l1_ratio"": 0.0}"
2,2,156,1,0.9033921000669469,0.9770256802906172,0.009495261674118032,"{""C"": 0.036833935215953, ""class_weight"": null, ""l1_ratio"": 0.0}"
2,2,157,1,0.6670077372240362,0.7262177335316676,0.04230266974119274,"{""C"": 0.036833935215953, ""class_weight"": null, ""l1_ratio"": 0.0}"
2,2,159,1,0.9585000022311384,0.9942149045399781,0.0029814634451997427,"{""C"": 0.036833935215953, ""class_weight"": null, ""l1_ratio"": 0.0}"
2,2,164,1,0.9641805423847258,0.9953911381602067,0.0028735738252044438,"{""C"": 0.036833935215953, ""class_weight"": null, ""l1_ratio"": 0.0}"
2,2,170,0,0.48018507354393436,0.4145962919447571,0.09678968342771284,"{""C"": 0.036833935215953, ""class_weight"": null, ""l1_ratio"": 0.0}"
2,2,174,1,0.984805173569999,0.9988053268318897,0.0008865417271825236,"{""C"": 0.036833935215953, ""class_weight"": null, ""l1_ratio"": 0.0}"
2,2,182,1,0.7957836415718661,0.895756611150408,0.01736035687892416,"{""C"": 0.036833935215953, ""class_weight"": null, ""l1_ratio"": 0.0}"
2,2,188,1,0.4920701953229116,0.41418203080005034,0.06346313851135878,"{""C"": 0.036833935215953, ""class_weight"": null, ""l1_ratio"": 0.0}"
2,2,214,0,0.8178594791034539,0.9184737652249335,0.010350975840876337,"{""C"": 0.036833935215953, ""class_weight"": null, ""l1_ratio"": 0.0}"
2,2,223,1,0.6748411287075422,0.7255031566390994,0.028054677859864804,"{""C"": 0.036833935215953, ""class_weight"": null, ""l1_ratio"": 0.0}"
2,2,234,0,0.6152178572639206,0.6197956856126254,0.07728112464594386,"{""C"": 0.036833935215953, ""class_weight"": null, ""l1_ratio"": 0.0}"
2,2,236,1,0.7013468853043495,0.7798780586329074,0.05875296784427375,"{""C"": 0.036833935215953, ""class_weight"": null, ""l1_ratio"": 0.0}"
2,2,241,1,0.6876111876782992,0.7567540537930285,0.027995392223073075,"{""C"": 0.036833935215953, ""class_weight"": null, ""l1_ratio"": 0.0}"
2,2,242,1,0.5972465700607554,0.5821596277123204,0.06205093577975904,"{""C"": 0.036833935215953, ""class_weight"": null, ""l1_ratio"": 0.0}"
2,2,246,1,0.9844688067231445,0.9989022010241781,0.0006953379660315483,"{""C"": 0.036833935215953, ""class_weight"": null, ""l1_ratio"": 0.0}"
2,2,248,1,0.9557640194849523,0.9931327430433765,0.003485193940637948,"{""C"": 0.036833935215953, ""class_weight"": null, ""l1_ratio"": 0.0}"
2,2,256,0,0.4780761659266216,0.37763969696983557,0.034743417191882585,"{""C"": 0.036833935215953, ""class_weight"": null, ""l1_ratio"": 0.0}"
2,2,257,0,0.42550989045625437,0.3200006822666019,0.061672249630541735,"{""C"": 0.036833935215953, ""class_weight"": null, ""l1_ratio"": 0.0}"
2,2,262,1,0.611229122304652,0.6253507570744071,0.04897958835545142,"{""C"": 0.036833935215953, ""class_weight"": null, ""l1_ratio"": 0.0}"
2,2,263,0,0.21069669525435855,0.0786600260251373,0.038990302873841115,"{""C"": 0.036833935215953, ""class_weight"": null, ""l1_ratio"": 0.0}"
2,2,267,1,0.7295296543792711,0.8066214816624042,0.015161699453345206,"{""C"": 0.036833935215953, ""class_weight"": null, ""l1_ratio"": 0.0}"
2,2,270,0,0.27483475427980886,0.13510871147973136,0.06082709420948718,"{""C"": 0.036833935215953, ""class_weight"": null, ""l1_ratio"": 0.0}"
2,2,271,1,0.9152320690718663,0.9799954401864388,0.007596612847427777,"{""C"": 0.036833935215953, ""class_weight"": null, ""l1_ratio"": 0.0}"
2,2,272,0,0.7721876914806322,0.8692971680850727,0.015629682789123602,"{""C"": 0.036833935215953, ""class_weight"": null, ""l1_ratio"": 0.0}"
2,2,275,1,0.8162266397580078,0.9126128167170398,0.021961568401593426,"{""C"": 0.036833935215953, ""class_weight"": null, ""l1_ratio"": 0.0}"
2,2,280,0,0.772020725082625,0.8438735401140685,0.06453374189550663,"{""C"": 0.036833935215953, ""class_weight"": null, ""l1_ratio"": 0.0}"
2,2,292,0,0.5955672708303386,0.5998284797388056,0.06526780629875165,"{""C"": 0.036833935215953, ""class_weight"": null, ""l1_ratio"": 0.0}"
2,2,297,0,0.24372987394620044,0.09704634373290086,0.04839945200674052,"{""C"": 0.036833935215953, ""class_weight"": null, ""l1_ratio"": 0.0}"
2,2,300,0,0.31224982381679817,0.15994142467111447,0.050206931592135205,"{""C"": 0.036833935215953, ""class_weight"": null, ""l1_ratio"": 0.0}"
2,3,2,1,0.9895135217018025,0.9410355052826436,0.03376296496830171,"{""C"": 1.3075104260407546, ""class_weight"": null, ""l1_ratio"": 0.0}"
2,3,3,0,0.077614797768762,0.2858886516594197,0.10092109649515293,"{""C"": 1.3075104260407546, ""class_weight"": null, ""l1_ratio"": 0.0}"
2,3,5,1,0.7631243412676147,0.6827436017051223,0.1647707591175071,"{""C"": 1.3075104260407546, ""class_weight"": null, ""l1_ratio"": 0.0}"
2,3,6,1,0.9998793011133754,0.9910469656800854,0.010228389745894132,"{""C"": 1.3075104260407546, ""class_weight"": null, ""l1_ratio"": 0.0}"
2,3,10,1,0.7635125566128351,0.6862509551659112,0.11225323913098863,"{""C"": 1.3075104260407546, ""class_weight"": null, ""l1_ratio"": 0.0}"
2,3,20,1,0.038326404693070006,0.15515610508758493,0.06858084760330158,"{""C"": 1.3075104260407546, ""class_weight"": null, ""l1_ratio"": 0.0}"
2,3,25,1,0.9991646731631587,0.9839252319233962,0.006345580967873858,"{""C"": 1.3075104260407546, ""class_weight"": null, ""l1_ratio"": 0.0}"
2,3,26,0,0.05706936022824364,0.18667560343785455,0.07862205562771403,"{""C"": 1.3075104260407546, ""class_weight"": null, ""l1_ratio"": 0.0}"
2,3,29,1,0.9791766002080359,0.9229026763970032,0.029979033702177582,"{""C"": 1.3075104260407546, ""class_weight"": null, ""l1_ratio"": 0.0}"
2,3,42,0,0.21616639033470886,0.3655927950858222,0.09498736866125762,"{""C"": 1.3075104260407546, ""class_weight"": null, ""l1_ratio"": 0.0}"
2,3,43,1,0.9170758603319323,0.7982121916051286,0.0812615399092268,"{""C"": 1.3075104260407546, ""class_weight"": null, ""l1_ratio"": 0.0}"
2,3,51,1,0.8952865225853149,0.7934785081932799,0.05966095713574834,"{""C"": 1.3075104260407546, ""class_weight"": null, ""l1_ratio"": 0.0}"
2,3,53,1,0.84362805002329,0.7243325949497187,0.11642103907836115,"{""C"": 1.3075104260407546, ""class_weight"": null, ""l1_ratio"": 0.0}"
2,3,54,0,0.11274016441163824,0.23546338820989227,0.10984529765894953,"{""C"": 1.3075104260407546, ""class_weight"": null, ""l1_ratio"": 0.0}"
2,3,68,0,0.1818338464299427,0.3090151137829953,0.10517811363231579,"{""C"": 1.3075104260407546, ""class_weight"": null, ""l1_ratio"": 0.0}"
2,3,70,0,0.31596988247257074,0.40080692565197734,0.11099905345402841,"{""C"": 1.3075104260407546, ""class_weight"": null, ""l1_ratio"": 0.0}"
2,3,71,1,0.9478386262833933,0.8539050059806174,0.06217378804098018,"{""C"": 1.3075104260407546, ""class_weight"": null, ""l1_ratio"": 0.0}"
2,3,82,1,0.5545225859763513,0.5732690646997985,0.20243700609782925,"{""C"": 1.3075104260407546, ""class_weight"": null, ""l1_ratio"": 0.0}"
2,3,83,1,0.9959096478139645,0.9543796048358594,0.0414705344642133,"{""C"": 1.3075104260407546, ""class_weight"": null, ""l1_ratio"": 0.0}"
2,3,86,1,0.9749154439430016,0.9146199934231355,0.02177804632744769,"{""C"": 1.3075104260407546, ""class_weight"": null, ""l1_ratio"": 0.0}"
2,3,110,1,0.23997758990998905,0.36106996085218485,0.1350889088685667,"{""C"": 1.3075104260407546, ""class_weight"": null, ""l1_ratio"": 0.0}"
2,3,116,1,0.996355777167016,0.9626256375825106,0.01378304605529739,"{""C"": 1.3075104260407546, ""class_weight"": null, ""l1_ratio"": 0.0}"
2,3,125,1,0.9591670683224425,0.8735080764603028,0.022130280755290367,"{""C"": 1.3075104260407546, ""class_weight"": null, ""l1_ratio"": 0.0}"
2,3,146,1,0.9999833219670443,0.9974682503663356,0.002131303968704842,"{""C"": 1.3075104260407546, ""class_weight"": null, ""l1_ratio"": 0.0}"
2,3,150,0,0.170172962456072,0.29367513684348784,0.11127418054195892,"{""C"": 1.3075104260407546, ""class_weight"": null, ""l1_ratio"": 0.0}"
2,3,154,1,0.9720665431717885,0.8825772610042133,0.07270757295072446,"{""C"": 1.3075104260407546, ""class_weight"": null, ""l1_ratio"": 0.0}"
2,3,163,1,0.9803013358302827,0.8940229097988375,0.07314700748138643,"{""C"": 1.3075104260407546, ""class_weight"": null, ""l1_ratio"": 0.0}"
2,3,175,0,0.5189391121781738,0.5511287566265037,0.09711345008491054,"{""C"": 1.3075104260407546, ""class_weight"": null, ""l1_ratio"": 0.0}"
2,3,178,1,0.300770226519497,0.4431361587430379,0.14777062593639334,"{""C"": 1.3075104260407546, ""class_weight"": null, ""l1_ratio"": 0.0}"
2,3,187,1,0.9775744662250969,0.8996949974561259,0.039869150967536,"{""C"": 1.3075104260407546, ""class_weight"": null, ""l1_ratio"": 0.0}"
2,3,190,0,0.8628596660133835,0.7427466854963197,0.09148514958341979,"{""C"": 1.3075104260407546, ""class_weight"": null, ""l1_ratio"": 0.0}"
2,3,192,0,0.018817456244932328,0.09860390793430264,0.02824249436567187,"{""C"": 1.3075104260407546, ""class_weight"": null, ""l1_ratio"": 0.0}"
2,3,196,0,0.004320587849157574,0.05079671306368283,0.02492846999470751,"{""C"": 1.3075104260407546, ""class_weight"": null, ""l1_ratio"": 0.0}"
2,3,197,1,0.9983486727810942,0.9746956509711178,0.012822089488770472,"{""C"": 1.3075104260407546, ""class_weight"": null, ""l1_ratio"": 0.0}"
2,3,200,1,0.9161164985656423,0.7980333466122265,0.06495096337654196,"{""C"": 1.3075104260407546, ""class_weight"": null, ""l1_ratio"": 0.0}"
2,3,203,0,0.1357966056438434,0.2752383617972507,0.17114494760281287,"{""C"": 1.3075104260407546, ""class_weight"": null, ""l1_ratio"": 0.0}"
2,3,208,1,0.9383665652472325,0.807871804634285,0.06598597790932723,"{""C"": 1.3075104260407546, ""class_weight"": null, ""l1_ratio"": 0.0}"
2,3,212,0,0.09892920056183095,0.2131945216097114,0.0882092898464274,"{""C"": 1.3075104260407546, ""class_weight"": null, ""l1_ratio"": 0.0}"
2,3,215,1,0.9928412131178259,0.9403135539098807,0.03288146459361857,"{""C"": 1.3075104260407546, ""class_weight"": null, ""l1_ratio"": 0.0}"
2,3,219,1,0.04949567519623008,0.18616565768441554,0.07263618123203301,"{""C"": 1.3075104260407546, ""class_weight"": null, ""l1_ratio"": 0.0}"
2,3,221,1,0.15459276757976775,0.31465936195270006,0.11434866853064068,"{""C"": 1.3075104260407546, ""class_weight"": null, ""l1_ratio"": 0.0}"
2,3,222,1,0.968462345788475,0.877662893895527,0.058078027188081506,"{""C"": 1.3075104260407546, ""class_weight"": null, ""l1_ratio"": 0.0}"
2,3,225,1,0.9556009258799747,0.8662328686705631,0.05572863686160836,"{""C"": 1.3075104260407546, ""class_weight"": null, ""l1_ratio"": 0.0}"
2,3,229,1,0.8423835112745164,0.7729712119027728,0.07272706476007944,"{""C"": 1.3075104260407546, ""class_weight"": null, ""l1_ratio"": 0.0}"
2,3,235,1,0.9994290581612053,0.9827591384066304,0.011872075977006097,"{""C"": 1.3075104260407546, ""class_weight"": null, ""l1_ratio"": 0.0}"
2,3,237,1,0.38502042040735246,0.4879251663379821,0.10657793235865398,"{""C"": 1.3075104260407546, ""class_weight"": null, ""l1_ratio"": 0.0}"
2,3,238,1,0.19707990128415745,0.31042860280715023,0.08971985183760724,"{""C"": 1.3075104260407546, ""class_weight"": null, ""l1_ratio"": 0.0}"
2,3,240,1,0.9996007916228252,0.9902168065614448,0.0048533177375347444,"{""C"": 1.3075104260407546, ""class_weight"": null, ""l1_ratio"": 0.0}"
2,3,243,1,0.8857289616944889,0.8016767313868653,0.019893147472318767,"{""C"": 1.3075104260407546, ""class_weight"": null, ""l1_ratio"": 0.0}"
2,3,247,0,0.22047822318388052,0.3257988148642569,0.04615081486627291,"{""C"": 1.3075104260407546, ""class_weight"": null, ""l1_ratio"": 0.0}"
2,3,250,1,0.9717529358674082,0.8954806286439784,0.018625918966089467,"{""C"": 1.3075104260407546, ""class_weight"": null, ""l1_ratio"": 0.0}"
2,3,253,1,0.6456470129442564,0.62068528569073,0.04686846746047015,"{""C"": 1.3075104260407546, ""class_weight"": null, ""l1_ratio"": 0.0}"
2,3,259,1,0.7254042392389628,0.6670145112679122,0.11486417020110053,"{""C"": 1.3075104260407546, ""class_weight"": null, ""l1_ratio"": 0.0}"
2,3,261,0,0.025789100543695972,0.1286827992112979,0.056324794822839606,"{""C"": 1.3075104260407546, ""class_weight"": null, ""l1_ratio"": 0.0}"
2,3,273,1,0.9968762888218998,0.9718563704201534,0.008519128261990014,"{""C"": 1.3075104260407546, ""class_weight"": null, ""l1_ratio"": 0.0}"
2,3,279,1,0.9949789869486338,0.9482694913220724,0.024259924087628577,"{""C"": 1.3075104260407546, ""class_weight"": null, ""l1_ratio"": 0.0}"
2,3,283,1,0.8897085743649003,0.7717377622749508,0.08381343865441669,"{""C"": 1.3075104260407546, ""class_weight"": null, ""l1_ratio"": 0.0}"
2,3,287,0,0.03141386369118327,0.16381466854316645,0.06811301337330558,"{""C"": 1.3075104260407546, ""class_weight"": null, ""l1_ratio"": 0.0}"
2,3,298,1,0.8587623041018252,0.763741056460739,0.04211967113999513,"{""C"": 1.3075104260407546, ""class_weight"": null, ""l1_ratio"": 0.0}"
2,3,299,0,0.009852101118253987,0.07759918183613163,0.03878022592759146,"{""C"": 1.3075104260407546, ""class_weight"": null, ""l1_ratio"": 0.0}"
2,4,0,1,0.6121257484567262,0.5733485154721791,0.077594950302481,"{""C"": 0.3892067184296954, ""class_weight"": null, ""l1_ratio"": 1.0}"
2,4,9,1,0.9794414990695526,0.9654535888769956,0.0147185374772354,"{""C"": 0.3892067184296954, ""class_weight"": null, ""l1_ratio"": 1.0}"
2,4,11,1,0.9998315163105214,0.9989447018278691,0.0009491943799513632,"{""C"": 0.3892067184296954, ""class_weight"": null, ""l1_ratio"": 1.0}"
2,4,16,0,0.037073491747913016,0.07163379083351915,0.03316297650464191,"{""C"": 0.3892067184296954, ""class_weight"": null, ""l1_ratio"": 1.0}"
2,4,33,1,0.9874006427447931,0.9747874511992712,0.008668093064910875,"{""C"": 0.3892067184296954, ""class_weight"": null, ""l1_ratio"": 1.0}"
2,4,34,1,0.9817222330909514,0.9680803422489614,0.01847518019519885,"{""C"": 0.3892067184296954, ""class_weight"": null, ""l1_ratio"": 1.0}"
2,4,35,0,0.21645768923701944,0.22943066794524897,0.07757831149053818,"{""C"": 0.3892067184296954, ""class_weight"": null, ""l1_ratio"": 1.0}"
2,4,38,1,0.9890806913533537,0.9743212335682572,0.013568302599702988,"{""C"": 0.3892067184296954, ""class_weight"": null, ""l1_ratio"": 1.0}"
2,4,39,1,0.998087496457098,0.9927880235129078,0.00664129283846027,"{""C"": 0.3892067184296954, ""class_weight"": null, ""l1_ratio"": 1.0}"
2,4,45,1,0.9935407505450733,0.9834660030681979,0.010800822366703886,"{""C"": 0.3892067184296954, ""class_weight"": null, ""l1_ratio"": 1.0}"
2,4,49,1,0.4255797720389326,0.4019206333510483,0.07236638565793199,"{""C"": 0.3892067184296954, ""class_weight"": null, ""l1_ratio"": 1.0}"
2,4,52,1,0.9983161435114649,0.9951022506904719,0.00276976994317871,"{""C"": 0.3892067184296954, ""class_weight"": null, ""l1_ratio"": 1.0}"
2,4,55,1,0.9670357431734184,0.9430674606327081,0.019375154320994768,"{""C"": 0.3892067184296954, ""class_weight"": null, ""l1_ratio"": 1.0}"
2,4,56,1,0.9849865909297318,0.9716607083042993,0.010824999810218389,"{""C"": 0.3892067184296954, ""class_weight"": null, ""l1_ratio"": 1.0}"
2,4,62,1,0.23558502537918102,0.23338393399280358,0.049918955351156806,"{""C"": 0.3892067184296954, ""class_weight"": null, ""l1_ratio"": 1.0}"
2,4,65,1,0.9469001816091549,0.906356787857902,0.04029725881413647,"{""C"": 0.3892067184296954, ""class_weight"": null, ""l1_ratio"": 1.0}"
2,4,67,0,0.6147977719043874,0.5963250905786888,0.026869913537550184,"{""C"": 0.3892067184296954, ""class_weight"": null, ""l1_ratio"": 1.0}"
2,4,76,1,0.9885712210363925,0.9711924814525773,0.018006652092622512,"{""C"": 0.3892067184296954, ""class_weight"": null, ""l1_ratio"": 1.0}"
2,4,80,1,0.9944488904308976,0.9855240683036183,0.006427625953575937,"{""C"": 0.3892067184296954, ""class_weight"": null, ""l1_ratio"": 1.0}"
2,4,81,1,0.9984536661758723,0.9949317252636624,0.004590314732209745,"{""C"": 0.3892067184296954, ""class_weight"": null, ""l1_ratio"": 1.0}"
2,4,89,1,0.9585170643990296,0.9370579544361559,0.029109198401772594,"{""C"": 0.3892067184296954, ""class_weight"": null, ""l1_ratio"": 1.0}"
2,4,99,1,0.726135063073407,0.6942669173308156,0.10912055951999476,"{""C"": 0.3892067184296954, ""class_weight"": null, ""l1_ratio"": 1.0}"
2,4,102,0,0.15575076765861617,0.19256011341559912,0.059902268191375965,"{""C"": 0.3892067184296954, ""class_weight"": null, ""l1_ratio"": 1.0}"
2,4,105,1,0.8120427736914092,0.750711301950645,0.06542433133527502,"{""C"": 0.3892067184296954, ""class_weight"": null, ""l1_ratio"": 1.0}"
2,4,109,1,0.972629680401482,0.9465401449433474,0.032437275455621174,"{""C"": 0.3892067184296954, ""class_weight"": null, ""l1_ratio"": 1.0}"
2,4,121,1,0.8200017688305199,0.7710287491944567,0.01479894058730105,"{""C"": 0.3892067184296954, ""class_weight"": null, ""l1_ratio"": 1.0}"
2,4,127,1,0.9863294595253578,0.9719837551852736,0.012757180882313441,"{""C"": 0.3892067184296954, ""class_weight"": null, ""l1_ratio"": 1.0}"
2,4,133,0,0.6396998309727214,0.6260157791424668,0.07066539775915827,"{""C"": 0.3892067184296954, ""class_weight"": null, ""l1_ratio"": 1.0}"
2,4,134,1,0.9499117584154981,0.9104594126083526,0.02541248580139507,"{""C"": 0.3892067184296954, ""class_weight"": null, ""l1_ratio"": 1.0}"
2,4,136,0,0.22093997191882628,0.2505835727718285,0.07513262246909817,"{""C"": 0.3892067184296954, ""class_weight"": null, ""l1_ratio"": 1.0}"
2,4,137,0,0.13930912393403241,0.16369609233390872,0.043361004402739885,"{""C"": 0.3892067184296954, ""class_weight"": null, ""l1_ratio"": 1.0}"
2,4,139,1,0.9897186385494092,0.9799295560986698,0.012424137389844051,"{""C"": 0.3892067184296954, ""class_weight"": null, ""l1_ratio"": 1.0}"
2,4,151,0,0.6644761032245025,0.6134056094162517,0.11888031676647844,"{""C"": 0.3892067184296954, ""class_weight"": null, ""l1_ratio"": 1.0}"
2,4,161,1,0.9919133418785004,0.9775912934830314,0.016235629879335287,"{""C"": 0.3892067184296954, ""class_weight"": null, ""l1_ratio"": 1.0}"
2,4,167,1,0.9571967731738434,0.9214710066366605,0.03113742974765751,"{""C"": 0.3892067184296954, ""class_weight"": null, ""l1_ratio"": 1.0}"
2,4,168,0,0.22871208275838578,0.24581777445569145,0.050970519810585625,"{""C"": 0.3892067184296954, ""class_weight"": null, ""l1_ratio"": 1.0}"
2,4,180,1,0.3592325949191186,0.3910066977419867,0.06849506641968042,"{""C"": 0.3892067184296954, ""class_weight"": null, ""l1_ratio"": 1.0}"
2,4,181,1,0.9702848037271586,0.948043524305987,0.029283489569788452,"{""C"": 0.3892067184296954, ""class_weight"": null, ""l1_ratio"": 1.0}"
2,4,183,0,0.9243149731511818,0.8909804474632683,0.0025970138505376924,"{""C"": 0.3892067184296954, ""class_weight"": null, ""l1_ratio"": 1.0}"
2,4,205,1,0.6608502093824553,0.6194851605818774,0.10104159647044837,"{""C"": 0.3892067184296954, ""class_weight"": null, ""l1_ratio"": 1.0}"
2,4,206,1,0.9668706029217516,0.9348068071144816,0.020742794332165023,"{""C"": 0.3892067184296954, ""class_weight"": null, ""l1_ratio"": 1.0}"
2,4,207,1,0.8423120046557128,0.7961069647038076,0.033400362036287164,"{""C"": 0.3892067184296954, ""class_weight"": null, ""l1_ratio"": 1.0}"
2,4,210,0,0.2585750578299564,0.25886509941657654,0.043789323154096796,"{""C"": 0.3892067184296954, ""class_weight"": null, ""l1_ratio"": 1.0}"
2,4,217,0,0.22727557209772686,0.2555551706210574,0.048610404515075006,"{""C"": 0.3892067184296954, ""class_weight"": null, ""l1_ratio"": 1.0}"
2,4,227,1,0.8487878594998243,0.8249554582215592,0.055124289970865104,"{""C"": 0.3892067184296954, ""class_weight"": null, ""l1_ratio"": 1.0}"
2,4,228,1,0.8398153846517673,0.7889980490946822,0.10129828764982733,"{""C"": 0.3892067184296954, ""class_weight"": null, ""l1_ratio"": 1.0}"
2,4,230,1,0.9994731637360952,0.9978558306307234,0.0020329594562819484,"{""C"": 0.3892067184296954, ""class_weight"": null, ""l1_ratio"": 1.0}"
2,4,232,1,0.9545961611475512,0.9315874102058197,0.01834741037843642,"{""C"": 0.3892067184296954, ""class_weight"": null, ""l1_ratio"": 1.0}"
2,4,233,0,0.5142513242942265,0.46987736075694714,0.04479260831351166,"{""C"": 0.3892067184296954, ""class_weight"": null, ""l1_ratio"": 1.0}"
2,4,245,1,0.460240682679914,0.41680598519626677,0.05604636980163258,"{""C"": 0.3892067184296954, ""class_weight"": null, ""l1_ratio"": 1.0}"
2,4,252,1,0.6793801864007091,0.6245498912483706,0.11635873343616411,"{""C"": 0.3892067184296954, ""class_weight"": null, ""l1_ratio"": 1.0}"
2,4,255,0,0.12354220102054525,0.17817142026970556,0.027783368315289245,"{""C"": 0.3892067184296954, ""class_weight"": null, ""l1_ratio"": 1.0}"
2,4,260,1,0.9933276900652902,0.9778595130307792,0.018968386780555176,"{""C"": 0.3892067184296954, ""class_weight"": null, ""l1_ratio"": 1.0}"
2,4,266,1,0.9257151147585627,0.8968037600902431,0.0630561624955651,"{""C"": 0.3892067184296954, ""class_weight"": null, ""l1_ratio"": 1.0}"
2,4,269,1,0.9675289526042219,0.9440616754833087,0.01748584745857142,"{""C"": 0.3892067184296954, ""class_weight"": null, ""l1_ratio"": 1.0}"
2,4,274,1,0.9991931296026926,0.9958061800783657,0.003226227094758031,"{""C"": 0.3892067184296954, ""class_weight"": null, ""l1_ratio"": 1.0}"
2,4,277,1,0.9972476425529703,0.9919425132271128,0.004836199293474584,"{""C"": 0.3892067184296954, ""class_weight"": null, ""l1_ratio"": 1.0}"
2,4,285,0,0.31796887200227875,0.3294212799984817,0.04803437230641832,"{""C"": 0.3892067184296954, ""class_weight"": null, ""l1_ratio"": 1.0}"
2,4,289,0,0.39760524865287755,0.3687980822349728,0.05087337911914914,"{""C"": 0.3892067184296954, ""class_weight"": null, ""l1_ratio"": 1.0}"
2,4,291,0,0.4735595143869226,0.49889902785099627,0.09925310262004974,"{""C"": 0.3892067184296954, ""class_weight"": null, ""l1_ratio"": 1.0}"
3,0,3,0,0.6495798577473519,0.7108189695330258,0.1053971572399869,"{""C"": 0.0440802737115841, ""class_weight"": null, ""l1_ratio"": 0.0}"
3,0,5,1,0.7227904704204698,0.7759181885955513,0.06579158661260895,"{""C"": 0.0440802737115841, ""class_weight"": null, ""l1_ratio"": 0.0}"
3,0,24,1,0.7120612117845916,0.7635404372608414,0.04339975224142887,"{""C"": 0.0440802737115841, ""class_weight"": null, ""l1_ratio"": 0.0}"
3,0,26,0,0.44015115231463997,0.3855779207185934,0.07712317401249974,"{""C"": 0.0440802737115841, ""class_weight"": null, ""l1_ratio"": 0.0}"
3,0,27,1,0.49512580400972056,0.4525436197165815,0.10561120044580123,"{""C"": 0.0440802737115841, ""class_weight"": null, ""l1_ratio"": 0.0}"
3,0,31,1,0.8778621648448576,0.9478933545079544,0.0121095538567537,"{""C"": 0.0440802737115841, ""class_weight"": null, ""l1_ratio"": 0.0}"
3,0,42,0,0.3978638221873372,0.3170107266233252,0.08752863999816034,"{""C"": 0.0440802737115841, ""class_weight"": null, ""l1_ratio"": 0.0}"
3,0,45,1,0.9407588004381705,0.9819421544570787,0.00781761853766171,"{""C"": 0.0440802737115841, ""class_weight"": null, ""l1_ratio"": 0.0}"
3,0,48,0,0.41267495168306906,0.3469226710985119,0.10042673731022853,"{""C"": 0.0440802737115841, ""class_weight"": null, ""l1_ratio"": 0.0}"
3,0,50,1,0.7239633834055561,0.7992127290778611,0.046594594637757614,"{""C"": 0.0440802737115841, ""class_weight"": null, ""l1_ratio"": 0.0}"
3,0,53,1,0.635844962698846,0.6370153704050409,0.11450091593041217,"{""C"": 0.0440802737115841, ""class_weight"": null, ""l1_ratio"": 0.0}"
3,0,64,0,0.3480198653048516,0.2623626544650511,0.10047608128204734,"{""C"": 0.0440802737115841, ""class_weight"": null, ""l1_ratio"": 0.0}"
3,0,66,1,0.926507322921856,0.9750621527952488,0.011826884779518801,"{""C"": 0.0440802737115841, ""class_weight"": null, ""l1_ratio"": 0.0}"
3,0,68,0,0.44781281209744256,0.37544029250815514,0.06616598625495751,"{""C"": 0.0440802737115841, ""class_weight"": null, ""l1_ratio"": 0.0}"
3,0,82,1,0.8680519243658444,0.9432419042256962,0.027968438180163185,"{""C"": 0.0440802737115841, ""class_weight"": null, ""l1_ratio"": 0.0}"
3,0,84,1,0.8704345257842449,0.9334910140428689,0.03244380872864786,"{""C"": 0.0440802737115841, ""class_weight"": null, ""l1_ratio"": 0.0}"
3,0,89,1,0.9459744604372281,0.9855640520427202,0.009390879889342067,"{""C"": 0.0440802737115841, ""class_weight"": null, ""l1_ratio"": 0.0}"
3,0,93,0,0.8230597345250206,0.8988007187471425,0.024878940431172076,"{""C"": 0.0440802737115841, ""class_weight"": null, ""l1_ratio"": 0.0}"
3,0,103,1,0.8623726092273502,0.9356237769186748,0.020083873250954676,"{""C"": 0.0440802737115841, ""class_weight"": null, ""l1_ratio"": 0.0}"
3,0,104,1,0.6026413014327444,0.6056621202437494,0.10241105935788171,"{""C"": 0.0440802737115841, ""class_weight"": null, ""l1_ratio"": 0.0}"
3,0,106,1,0.8267311033938042,0.906563229589552,0.02150695457649168,"{""C"": 0.0440802737115841, ""class_weight"": null, ""l1_ratio"": 0.0}"
3,0,110,1,0.3627158231323268,0.25579526223298077,0.07768697366207679,"{""C"": 0.0440802737115841, ""class_weight"": null, ""l1_ratio"": 0.0}"
3,0,112,1,0.7552688941742383,0.8193487434875442,0.03708319386398315,"{""C"": 0.0440802737115841, ""class_weight"": null, ""l1_ratio"": 0.0}"
3,0,116,1,0.8612616365024239,0.9383334284425086,0.012275169505217225,"{""C"": 0.0440802737115841, ""class_weight"": null, ""l1_ratio"": 0.0}"
3,0,118,1,0.9403414267627798,0.9814359316669149,0.013571828855984822,"{""C"": 0.0440802737115841, ""class_weight"": null, ""l1_ratio"": 0.0}"
3,0,129,0,0.4898455265747823,0.46411903529900966,0.06894933059401792,"{""C"": 0.0440802737115841, ""class_weight"": null, ""l1_ratio"": 0.0}"
3,0,131,1,0.8980096802626131,0.9582764359408469,0.019826729583233144,"{""C"": 0.0440802737115841, ""class_weight"": null, ""l1_ratio"": 0.0}"
3,0,134,1,0.7079153184351652,0.7491831373646782,0.053498486602037244,"{""C"": 0.0440802737115841, ""class_weight"": null, ""l1_ratio"": 0.0}"
3,0,139,1,0.9625940682739222,0.9930205031658497,0.0036152255222509926,"{""C"": 0.0440802737115841, ""class_weight"": null, ""l1_ratio"": 0.0}"
3,0,145,1,0.8447356218122772,0.9237623086597304,0.02205563392624131,"{""C"": 0.0440802737115841, ""class_weight"": null, ""l1_ratio"": 0.0}"
3,0,149,1,0.9027003951392132,0.9658487201450019,0.010388670748225493,"{""C"": 0.0440802737115841, ""class_weight"": null, ""l1_ratio"": 0.0}"
3,0,155,1,0.8364468282690846,0.8985520392050352,0.05361536829658083,"{""C"": 0.0440802737115841, ""class_weight"": null, ""l1_ratio"": 0.0}"
3,0,171,1,0.8620016308599051,0.933858278486413,0.022114263839836414,"{""C"": 0.0440802737115841, ""class_weight"": null, ""l1_ratio"": 0.0}"
3,0,172,1,0.7372889251963178,0.7976071462970754,0.0581032524730548,"{""C"": 0.0440802737115841, ""class_weight"": null, ""l1_ratio"": 0.0}"
3,0,181,1,0.9029314081903101,0.955679014999383,0.034053959402143424,"{""C"": 0.0440802737115841, ""class_weight"": null, ""l1_ratio"": 0.0}"
3,0,186,0,0.8281708108425467,0.9161192873462491,0.02369966309062642,"{""C"": 0.0440802737115841, ""class_weight"": null, ""l1_ratio"": 0.0}"
3,0,187,1,0.8317044763005479,0.9085493713038817,0.022561165863868516,"{""C"": 0.0440802737115841, ""class_weight"": null, ""l1_ratio"": 0.0}"
3,0,188,1,0.51571855087558,0.47491656302156005,0.08822330152994196,"{""C"": 0.0440802737115841, ""class_weight"": null, ""l1_ratio"": 0.0}"
3,0,191,1,0.840161732042491,0.914577039593879,0.027607742679872507,"{""C"": 0.0440802737115841, ""class_weight"": null, ""l1_ratio"": 0.0}"
3,0,196,0,0.20013751717749373,0.10319420938129689,0.05948158285392586,"{""C"": 0.0440802737115841, ""class_weight"": null, ""l1_ratio"": 0.0}"
3,0,202,1,0.9389282675972711,0.9825763966486345,0.006445534829404886,"{""C"": 0.0440802737115841, ""class_weight"": null, ""l1_ratio"": 0.0}"
3,0,205,1,0.719384865833311,0.7905831405014523,0.0329955646209984,"{""C"": 0.0440802737115841, ""class_weight"": null, ""l1_ratio"": 0.0}"
3,0,209,1,0.892019096734707,0.9572263114973207,0.010073639194448104,"{""C"": 0.0440802737115841, ""class_weight"": null, ""l1_ratio"": 0.0}"
3,0,210,0,0.29887409726180253,0.18370853067962065,0.09302671413126679,"{""C"": 0.0440802737115841, ""class_weight"": null, ""l1_ratio"": 0.0}"
3,0,212,0,0.20096403198641283,0.0854807417870455,0.0322750021275958,"{""C"": 0.0440802737115841, ""class_weight"": null, ""l1_ratio"": 0.0}"
3,0,220,1,0.8567075893114265,0.9291757895929231,0.027159422369023488,"{""C"": 0.0440802737115841, ""class_weight"": null, ""l1_ratio"": 0.0}"
3,0,221,1,0.6171957124309613,0.6549105859126089,0.09032493543221132,"{""C"": 0.0440802737115841, ""class_weight"": null, ""l1_ratio"": 0.0}"
3,0,227,1,0.6902965374250342,0.7381975386050135,0.028321568086338844,"{""C"": 0.0440802737115841, ""class_weight"": null, ""l1_ratio"": 0.0}"
3,0,243,1,0.7383792985821542,0.7997532109111283,0.026756973483117064,"{""C"": 0.0440802737115841, ""class_weight"": null, ""l1_ratio"": 0.0}"
3,0,245,1,0.49968299420427476,0.46623822710979484,0.13222905679394376,"{""C"": 0.0440802737115841, ""class_weight"": null, ""l1_ratio"": 0.0}"
3,0,246,1,0.97282398428715,0.9947064230053174,0.003968414378842569,"{""C"": 0.0440802737115841, ""class_weight"": null, ""l1_ratio"": 0.0}"
3,0,248,1,0.9650122824041532,0.9924199553456431,0.0040696781686994365,"{""C"": 0.0440802737115841, ""class_weight"": null, ""l1_ratio"": 0.0}"
3,0,257,0,0.40363589873130806,0.3214311561652565,0.09858001262352836,"{""C"": 0.0440802737115841, ""class_weight"": null, ""l1_ratio"": 0.0}"
3,0,267,1,0.7183629463141311,0.7830215645128428,0.02592435954439636,"{""C"": 0.0440802737115841, ""class_weight"": null, ""l1_ratio"": 0.0}"
3,0,268,0,0.3210204987724281,0.216478331356865,0.06515064003655793,"{""C"": 0.0440802737115841, ""class_weight"": null, ""l1_ratio"": 0.0}"
3,0,274,1,0.9759850253687524,0.9958792492243997,0.0033030607683038745,"{""C"": 0.0440802737115841, ""class_weight"": null, ""l1_ratio"": 0.0}"
3,0,278,1,0.8294365722796326,0.9055427365874895,0.019141411320333705,"{""C"": 0.0440802737115841, ""class_weight"": null, ""l1_ratio"": 0.0}"
3,0,291,0,0.549272204951286,0.5432485039113422,0.05565911901961122,"{""C"": 0.0440802737115841, ""class_weight"": null, ""l1_ratio"": 0.0}"
3,0,293,0,0.40871875817472647,0.31669715123672076,0.13164048695819927,"{""C"": 0.0440802737115841, ""class_weight"": null, ""l1_ratio"": 0.0}"
3,0,301,0,0.22735381214387984,0.11116408092064985,0.04799958781153393,"{""C"": 0.0440802737115841, ""class_weight"": null, ""l1_ratio"": 0.0}"
3,0,302,1,0.6655469264036443,0.6903486662822222,0.09534544343835598,"{""C"": 0.0440802737115841, ""class_weight"": null, ""l1_ratio"": 0.0}"
3,1,7,1,0.9999575942737667,0.9971588353624465,0.002925543368859533,"{""C"": 1.4306219253862855, ""class_weight"": null, ""l1_ratio"": 1.0}"
3,1,13,1,0.9990647373151524,0.9781128045156686,0.0255922882240888,"{""C"": 1.4306219253862855, ""class_weight"": null, ""l1_ratio"": 1.0}"
3,1,19,1,0.9991125123947001,0.9863781264130381,0.012450646675688548,"{""C"": 1.4306219253862855, ""class_weight"": null, ""l1_ratio"": 1.0}"
3,1,21,1,0.9896755414183842,0.9480638801176913,0.020578317350563865,"{""C"": 1.4306219253862855, ""class_weight"": null, ""l1_ratio"": 1.0}"
3,1,22,1,0.9997668795265195,0.9894454533378079,0.010748362872931176,"{""C"": 1.4306219253862855, ""class_weight"": null, ""l1_ratio"": 1.0}"
3,1,28,1,0.9998106138029342,0.9944959285380776,0.006434150826597439,"{""C"": 1.4306219253862855, ""class_weight"": null, ""l1_ratio"": 1.0}"
3,1,44,1,0.9131298556016746,0.8165193540690255,0.049209115376605946,"{""C"": 1.4306219253862855, ""class_weight"": null, ""l1_ratio"": 1.0}"
3,1,46,1,0.9548753234371403,0.8353366682310561,0.09151429431013633,"{""C"": 1.4306219253862855, ""class_weight"": null, ""l1_ratio"": 1.0}"
3,1,47,1,0.9962421801554454,0.956354459801326,0.031936546695895594,"{""C"": 1.4306219253862855, ""class_weight"": null, ""l1_ratio"": 1.0}"
3,1,49,1,0.39648428365520993,0.4608092900266542,0.13647189487914488,"{""C"": 1.4306219253862855, ""class_weight"": null, ""l1_ratio"": 1.0}"
3,1,55,1,0.992604902983107,0.9600711731540452,0.019028610980021957,"{""C"": 1.4306219253862855, ""class_weight"": null, ""l1_ratio"": 1.0}"
3,1,59,1,0.9970259556896159,0.9632515734414413,0.050047890868194105,"{""C"": 1.4306219253862855, ""class_weight"": null, ""l1_ratio"": 1.0}"
3,1,62,1,0.40860207252818037,0.446555908636162,0.07390763633051795,"{""C"": 1.4306219253862855, ""class_weight"": null, ""l1_ratio"": 1.0}"
3,1,72,1,0.9182985156861377,0.7788493921160965,0.09046353312013476,"{""C"": 1.4306219253862855, ""class_weight"": null, ""l1_ratio"": 1.0}"
3,1,74,1,0.9999132844595191,0.9946228958999381,0.007108172825870924,"{""C"": 1.4306219253862855, ""class_weight"": null, ""l1_ratio"": 1.0}"
3,1,76,1,0.9987701663415333,0.9814436760686196,0.014685484136348459,"{""C"": 1.4306219253862855, ""class_weight"": null, ""l1_ratio"": 1.0}"
3,1,77,1,0.7589813883468894,0.7183763334378777,0.07919932232742878,"{""C"": 1.4306219253862855, ""class_weight"": null, ""l1_ratio"": 1.0}"
3,1,79,0,0.16673460608040785,0.3017115537099988,0.08304825871190483,"{""C"": 1.4306219253862855, ""class_weight"": null, ""l1_ratio"": 1.0}"
3,1,90,1,0.8216575443053526,0.7456414935951245,0.05554775472281777,"{""C"": 1.4306219253862855, ""class_weight"": null, ""l1_ratio"": 1.0}"
3,1,98,1,0.9911078669735501,0.9535557950102165,0.027883770278245883,"{""C"": 1.4306219253862855, ""class_weight"": null, ""l1_ratio"": 1.0}"
3,1,108,0,0.13498249543878715,0.23931245721821623,0.03908507105729071,"{""C"": 1.4306219253862855, ""class_weight"": null, ""l1_ratio"": 1.0}"
3,1,109,1,0.9953508539445507,0.9620638813027689,0.021890433299730384,"{""C"": 1.4306219253862855, ""class_weight"": null, ""l1_ratio"": 1.0}"
3,1,124,1,0.9432380935305965,0.8608200528812538,0.12651120724324674,"{""C"": 1.4306219253862855, ""class_weight"": null, ""l1_ratio"": 1.0}"
3,1,127,1,0.9929518323926795,0.9564278407036498,0.022982841075327803,"{""C"": 1.4306219253862855, ""class_weight"": null, ""l1_ratio"": 1.0}"
3,1,137,0,0.08602309882236797,0.22612932230475966,0.09692788673497976,"{""C"": 1.4306219253862855, ""class_weight"": null, ""l1_ratio"": 1.0}"
3,1,140,1,0.996055743784822,0.9543269350486074,0.05565028078002293,"{""C"": 1.4306219253862855, ""class_weight"": null, ""l1_ratio"": 1.0}"
3,1,144,1,0.9983587550966386,0.9728761468844999,0.026465987027050063,"{""C"": 1.4306219253862855, ""class_weight"": null, ""l1_ratio"": 1.0}"
3,1,150,0,0.7664265611252972,0.6927183498472791,0.06725047859565872,"{""C"": 1.4306219253862855, ""class_weight"": null, ""l1_ratio"": 1.0}"
3,1,151,0,0.8731921871056899,0.7620425386354646,0.07238537905921379,"{""C"": 1.4306219253862855, ""class_weight"": null, ""l1_ratio"": 1.0}"
3,1,154,1,0.9797271789369979,0.902240578254027,0.04846583988555321,"{""C"": 1.4306219253862855, ""class_weight"": null, ""l1_ratio"": 1.0}"
3,1,160,1,0.9466846355124613,0.8361891323177062,0.0820958272643065,"{""C"": 1.4306219253862855, ""class_weight"": null, ""l1_ratio"": 1.0}"
3,1,162,1,0.9847511965324076,0.9333330175907999,0.0334778281076709,"{""C"": 1.4306219253862855, ""class_weight"": null, ""l1_ratio"": 1.0}"
3,1,163,1,0.8881948934482113,0.7917502298514971,0.09350572583900228,"{""C"": 1.4306219253862855, ""class_weight"": null, ""l1_ratio"": 1.0}"
3,1,169,0,0.1961511993562747,0.31473992653297117,0.07174525569755255,"{""C"": 1.4306219253862855, ""class_weight"": null, ""l1_ratio"": 1.0}"
3,1,173,1,0.99873102871669,0.9795410870412156,0.020067220677641415,"{""C"": 1.4306219253862855, ""class_weight"": null, ""l1_ratio"": 1.0}"
3,1,175,0,0.8635032145177399,0.778572729566575,0.0441806877684778,"{""C"": 1.4306219253862855, ""class_weight"": null, ""l1_ratio"": 1.0}"
3,1,176,1,0.05503862048598165,0.1874078390041805,0.0694972955770372,"{""C"": 1.4306219253862855, ""class_weight"": null, ""l1_ratio"": 1.0}"
3,1,177,1,0.9980156201641233,0.9760622946061221,0.012171497378713158,"{""C"": 1.4306219253862855, ""class_weight"": null, ""l1_ratio"": 1.0}"
3,1,178,1,0.9119796539230426,0.7942611374458884,0.05088995470924221,"{""C"": 1.4306219253862855, ""class_weight"": null, ""l1_ratio"": 1.0}"
3,1,183,0,0.9185919319670633,0.831322250282591,0.02800108162606179,"{""C"": 1.4306219253862855, ""class_weight"": null, ""l1_ratio"": 1.0}"
3,1,193,0,0.6411605857812263,0.6695005628453032,0.10414509125565401,"{""C"": 1.4306219253862855, ""class_weight"": null, ""l1_ratio"": 1.0}"
3,1,195,1,0.9216900719303368,0.8475372912033997,0.06534653752466232,"{""C"": 1.4306219253862855, ""class_weight"": null, ""l1_ratio"": 1.0}"
3,1,201,0,0.5897684532723952,0.5341001652966938,0.182364062578251,"{""C"": 1.4306219253862855, ""class_weight"": null, ""l1_ratio"": 1.0}"
3,1,203,0,0.11324428793100087,0.23243958863599684,0.07964969346281388,"{""C"": 1.4306219253862855, ""class_weight"": null, ""l1_ratio"": 1.0}"
3,1,204,0,0.8144580895815576,0.7156069155132885,0.05616353610847066,"{""C"": 1.4306219253862855, ""class_weight"": null, ""l1_ratio"": 1.0}"
3,1,211,1,0.9851635246639191,0.8978843596145106,0.09492702292389538,"{""C"": 1.4306219253862855, ""class_weight"": null, ""l1_ratio"": 1.0}"
3,1,217,0,0.5848440957364527,0.5334671422059623,0.148208780396186,"{""C"": 1.4306219253862855, ""class_weight"": null, ""l1_ratio"": 1.0}"
3,1,222,1,0.95860971258693,0.8936731393163246,0.06005627164615066,"{""C"": 1.4306219253862855, ""class_weight"": null, ""l1_ratio"": 1.0}"
3,1,233,0,0.7315400460372552,0.6687644349085973,0.11597273389572035,"{""C"": 1.4306219253862855, ""class_weight"": null, ""l1_ratio"": 1.0}"
3,1,239,1,0.9987828587033687,0.980382409756839,0.014681905953321212,"{""C"": 1.4306219253862855, ""class_weight"": null, ""l1_ratio"": 1.0}"
3,1,242,1,0.9920074612755966,0.9378675277754434,0.05022161931527043,"{""C"": 1.4306219253862855, ""class_weight"": null, ""l1_ratio"": 1.0}"
3,1,247,0,0.24246701222098763,0.31368415563185514,0.08712416107371151,"{""C"": 1.4306219253862855, ""class_weight"": null, ""l1_ratio"": 1.0}"
3,1,251,1,0.4105715176909019,0.47604256992276994,0.12479155889387962,"{""C"": 1.4306219253862855, ""class_weight"": null, ""l1_ratio"": 1.0}"
3,1,260,1,0.9989722620162602,0.9753061910165792,0.02750337798623371,"{""C"": 1.4306219253862855, ""class_weight"": null, ""l1_ratio"": 1.0}"
3,1,265,1,0.8630080860883624,0.7867323849320291,0.09084621971687425,"{""C"": 1.4306219253862855, ""class_weight"": null, ""l1_ratio"": 1.0}"
3,1,271,1,0.9996014880639287,0.9915914921334178,0.009171766614101498,"{""C"": 1.4306219253862855, ""class_weight"": null, ""l1_ratio"": 1.0}"
3,1,283,1,0.48826071186665304,0.5665240799125473,0.1449491365162237,"{""C"": 1.4306219253862855, ""class_weight"": null, ""l1_ratio"": 1.0}"
3,1,289,0,0.3492163028194004,0.42651086485248546,0.037088013120353314,"{""C"": 1.4306219253862855, ""class_weight"": null, ""l1_ratio"": 1.0}"
3,1,292,0,0.8309407376707952,0.687204402856376,0.17148220571656503,"{""C"": 1.4306219253862855, ""class_weight"": null, ""l1_ratio"": 1.0}"
3,1,298,1,0.8179834029887185,0.7254425315763943,0.08567236557154062,"{""C"": 1.4306219253862855, ""class_weight"": null, ""l1_ratio"": 1.0}"
3,1,299,0,0.02270355731931801,0.09779437182576889,0.03927435527037942,"{""C"": 1.4306219253862855, ""class_weight"": null, ""l1_ratio"": 1.0}"
3,2,10,1,0.7873412807632331,0.7047315909097182,0.06501703259978484,"{""C"": 1.7067059423315776, ""class_weight"": null, ""l1_ratio"": 1.0}"
3,2,11,1,0.9999999883555809,0.9997652223203126,0.00015651734692550368,"{""C"": 1.7067059423315776, ""class_weight"": null, ""l1_ratio"": 1.0}"
3,2,14,1,0.4228155031346492,0.5472300008120612,0.11406838394122029,"{""C"": 1.7067059423315776, ""class_weight"": null, ""l1_ratio"": 1.0}"
3,2,25,1,0.9999946350743047,0.9962822377908015,0.0017513352769796826,"{""C"": 1.7067059423315776, ""class_weight"": null, ""l1_ratio"": 1.0}"
3,2,30,1,0.9802957602903848,0.9199930526233617,0.029216362633604772,"{""C"": 1.7067059423315776, ""class_weight"": null, ""l1_ratio"": 1.0}"
3,2,32,1,0.9981321083831663,0.9505901491915825,0.02568983637425111,"{""C"": 1.7067059423315776, ""class_weight"": null, ""l1_ratio"": 1.0}"
3,2,37,1,0.9999980538536549,0.9979450642986356,0.0013779304224237965,"{""C"": 1.7067059423315776, ""class_weight"": null, ""l1_ratio"": 1.0}"
3,2,39,1,0.9999998853322511,0.9994790751052495,0.0004589888963765471,"{""C"": 1.7067059423315776, ""class_weight"": null, ""l1_ratio"": 1.0}"
3,2,51,1,0.9440441748058855,0.8444012524588983,0.031029682037502577,"{""C"": 1.7067059423315776, ""class_weight"": null, ""l1_ratio"": 1.0}"
3,2,63,1,0.998367066986455,0.9293284935229856,0.042790704087271654,"{""C"": 1.7067059423315776, ""class_weight"": null, ""l1_ratio"": 1.0}"
3,2,70,0,0.04480916506629033,0.22341579011268714,0.09899327363730426,"{""C"": 1.7067059423315776, ""class_weight"": null, ""l1_ratio"": 1.0}"
3,2,71,1,0.9862776731336094,0.9132127053265295,0.02580580484905154,"{""C"": 1.7067059423315776, ""class_weight"": null, ""l1_ratio"": 1.0}"
3,2,78,1,0.983927378213681,0.8775615482177977,0.08876609029940317,"{""C"": 1.7067059423315776, ""class_weight"": null, ""l1_ratio"": 1.0}"
3,2,85,1,0.6197212489404286,0.5705267467894354,0.1361334004958298,"{""C"": 1.7067059423315776, ""class_weight"": null, ""l1_ratio"": 1.0}"
3,2,86,1,0.985059398793269,0.8894175531023448,0.0520919185174065,"{""C"": 1.7067059423315776, ""class_weight"": null, ""l1_ratio"": 1.0}"
3,2,87,1,0.9999225037149556,0.992020193655345,0.0023481647885536003,"{""C"": 1.7067059423315776, ""class_weight"": null, ""l1_ratio"": 1.0}"
3,2,91,0,0.669880967405681,0.5941619833170588,0.122546941297331,"{""C"": 1.7067059423315776, ""class_weight"": null, ""l1_ratio"": 1.0}"
3,2,96,1,0.9454170702703932,0.8086684837527459,0.06802627000254305,"{""C"": 1.7067059423315776, ""class_weight"": null, ""l1_ratio"": 1.0}"
3,2,97,1,0.9982883471565012,0.9448850251641984,0.03225261361450933,"{""C"": 1.7067059423315776, ""class_weight"": null, ""l1_ratio"": 1.0}"
3,2,99,1,0.21371003834269342,0.4455011575857175,0.1617850625931193,"{""C"": 1.7067059423315776, ""class_weight"": null, ""l1_ratio"": 1.0}"
3,2,111,1,0.9844846833023219,0.9076997988505606,0.0310451155911276,"{""C"": 1.7067059423315776, ""class_weight"": null, ""l1_ratio"": 1.0}"
3,2,114,1,0.9999999990054527,0.9999514792067028,2.9203605097091907e-05,"{""C"": 1.7067059423315776, ""class_weight"": null, ""l1_ratio"": 1.0}"
3,2,115,1,0.9940306729995327,0.9478283204395943,0.016205551754770686,"{""C"": 1.7067059423315776, ""class_weight"": null, ""l1_ratio"": 1.0}"
3,2,117,1,0.9983977651501997,0.96780242576746,0.01194078296017976,"{""C"": 1.7067059423315776, ""class_weight"": null, ""l1_ratio"": 1.0}"
3,2,119,1,0.9868747282003411,0.9060273438091299,0.02841459565238924,"{""C"": 1.7067059423315776, ""class_weight"": null, ""l1_ratio"": 1.0}"
3,2,128,1,0.9987577128947457,0.9600626844536444,0.0286186983258473,"{""C"": 1.7067059423315776, ""class_weight"": null, ""l1_ratio"": 1.0}"
3,2,130,0,0.21705840687836753,0.3838440824696809,0.08120913837526586,"{""C"": 1.7067059423315776, ""class_weight"": null, ""l1_ratio"": 1.0}"
3,2,132,1,0.9997490149362556,0.9752897435585515,0.011579096599624245,"{""C"": 1.7067059423315776, ""class_weight"": null, ""l1_ratio"": 1.0}"
3,2,136,0,0.1367887871147904,0.3026586005541262,0.07677744155068571,"{""C"": 1.7067059423315776, ""class_weight"": null, ""l1_ratio"": 1.0}"
3,2,138,1,0.9926855252283744,0.9351062317369806,0.011686882523841622,"{""C"": 1.7067059423315776, ""class_weight"": null, ""l1_ratio"": 1.0}"
3,2,141,1,0.9999825334297479,0.9943027863925987,0.0038113489652855316,"{""C"": 1.7067059423315776, ""class_weight"": null, ""l1_ratio"": 1.0}"
3,2,142,1,0.006873014004982731,0.13496218034827961,0.09876239007355846,"{""C"": 1.7067059423315776, ""class_weight"": null, ""l1_ratio"": 1.0}"
3,2,152,1,0.6917329711027872,0.6290950755194344,0.15197826589566482,"{""C"": 1.7067059423315776, ""class_weight"": null, ""l1_ratio"": 1.0}"
3,2,158,1,0.8102213816771451,0.682616095713936,0.12530695333361655,"{""C"": 1.7067059423315776, ""class_weight"": null, ""l1_ratio"": 1.0}"
3,2,159,1,0.9999728384823245,0.9934590491689328,0.0038169891146200502,"{""C"": 1.7067059423315776, ""class_weight"": null, ""l1_ratio"": 1.0}"
3,2,166,0,0.010521001398145048,0.13537105928525694,0.07347285755751931,"{""C"": 1.7067059423315776, ""class_weight"": null, ""l1_ratio"": 1.0}"
3,2,174,1,0.9999999924694337,0.9999058429358568,5.5586050298754385e-05,"{""C"": 1.7067059423315776, ""class_weight"": null, ""l1_ratio"": 1.0}"
3,2,182,1,0.2524075011188313,0.38230700468045764,0.12574165141570998,"{""C"": 1.7067059423315776, ""class_weight"": null, ""l1_ratio"": 1.0}"
3,2,185,0,0.9891785253447083,0.8825337582248522,0.04676759125867227,"{""C"": 1.7067059423315776, ""class_weight"": null, ""l1_ratio"": 1.0}"
3,2,190,0,0.976874155520177,0.8597729416993701,0.045820930642226296,"{""C"": 1.7067059423315776, ""class_weight"": null, ""l1_ratio"": 1.0}"
3,2,194,0,0.4035503816266539,0.47197732605769194,0.08560815341433926,"{""C"": 1.7067059423315776, ""class_weight"": null, ""l1_ratio"": 1.0}"
3,2,197,1,0.9999921715149167,0.9959082789348341,0.002060574179915649,"{""C"": 1.7067059423315776, ""class_weight"": null, ""l1_ratio"": 1.0}"
3,2,199,0,0.24442186314817446,0.430959460463819,0.09797807527475218,"{""C"": 1.7067059423315776, ""class_weight"": null, ""l1_ratio"": 1.0}"
3,2,200,1,0.6163690565465112,0.6098110571948816,0.110086559282402,"{""C"": 1.7067059423315776, ""class_weight"": null, ""l1_ratio"": 1.0}"
3,2,208,1,0.8722320603583306,0.7233222084311699,0.11011107180876623,"{""C"": 1.7067059423315776, ""class_weight"": null, ""l1_ratio"": 1.0}"
3,2,213,0,0.9874734347892191,0.9162375973120694,0.020310519218470192,"{""C"": 1.7067059423315776, ""class_weight"": null, ""l1_ratio"": 1.0}"
3,2,236,1,0.9885877775431395,0.891089182991165,0.050237607220280436,"{""C"": 1.7067059423315776, ""class_weight"": null, ""l1_ratio"": 1.0}"
3,2,237,1,0.15611922652414195,0.32009915396638977,0.13152511855295682,"{""C"": 1.7067059423315776, ""class_weight"": null, ""l1_ratio"": 1.0}"
3,2,253,1,0.8334385860621283,0.704874685498394,0.05830818520163101,"{""C"": 1.7067059423315776, ""class_weight"": null, ""l1_ratio"": 1.0}"
3,2,256,0,0.3027050481611628,0.40169368624193647,0.06344726705671819,"{""C"": 1.7067059423315776, ""class_weight"": null, ""l1_ratio"": 1.0}"
3,2,261,0,0.029138596475448322,0.15756785463702863,0.04811756523311597,"{""C"": 1.7067059423315776, ""class_weight"": null, ""l1_ratio"": 1.0}"
3,2,263,0,0.003712824435394106,0.08149787317877971,0.038260109911484104,"{""C"": 1.7067059423315776, ""class_weight"": null, ""l1_ratio"": 1.0}"
3,2,266,1,0.9581917853324945,0.8649096724535955,0.05911117972467446,"{""C"": 1.7067059423315776, ""class_weight"": null, ""l1_ratio"": 1.0}"
3,2,269,1,0.9986778509514713,0.9715490543023518,0.010609937253777282,"{""C"": 1.7067059423315776, ""class_weight"": null, ""l1_ratio"": 1.0}"
3,2,279,1,0.9998083310879351,0.9819415939625735,0.009655033627840036,"{""C"": 1.7067059423315776, ""class_weight"": null, ""l1_ratio"": 1.0}"
3,2,282,1,0.9415572758505525,0.8043485125800649,0.028284954198521707,"{""C"": 1.7067059423315776, ""class_weight"": null, ""l1_ratio"": 1.0}"
3,2,287,0,0.4502158473018448,0.47746665179498066,0.1523447089937505,"{""C"": 1.7067059423315776, ""class_weight"": null, ""l1_ratio"": 1.0}"
3,2,290,0,0.21052917030127327,0.38264454330363784,0.06416601041193104,"{""C"": 1.7067059423315776, ""class_weight"": null, ""l1_ratio"": 1.0}"
3,2,295,0,0.10723861625413514,0.41179015796673973,0.21490901559228162,"{""C"": 1.7067059423315776, ""class_weight"": null, ""l1_ratio"": 1.0}"
3,2,296,0,0.049634562810296386,0.22100135942317345,0.040128995608241146,"{""C"": 1.7067059423315776, ""class_weight"": null, ""l1_ratio"": 1.0}"
3,2,300,0,0.07553450135134294,0.30790382640775704,0.15362753964774578,"{""C"": 1.7067059423315776, ""class_weight"": null, ""l1_ratio"": 1.0}"
3,3,0,1,0.638089367453746,0.6722244428855502,0.06323953341720653,"{""C"": 0.03293515124094567, ""class_weight"": null, ""l1_ratio"": 0.0}"
3,3,1,1,0.9723196275141602,0.9974395295806835,0.0018574520510278583,"{""C"": 0.03293515124094567, ""class_weight"": null, ""l1_ratio"": 0.0}"
3,3,2,1,0.8104638031456743,0.9129831302612615,0.015838371590301187,"{""C"": 0.03293515124094567, ""class_weight"": null, ""l1_ratio"": 0.0}"
3,3,8,0,0.09161953890870245,0.014063375300552312,0.00931826639646133,"{""C"": 0.03293515124094567, ""class_weight"": null, ""l1_ratio"": 0.0}"
3,3,9,1,0.7640715497445528,0.8552398030407605,0.04543163977008732,"{""C"": 0.03293515124094567, ""class_weight"": null, ""l1_ratio"": 0.0}"
3,3,12,1,0.9741433181324233,0.9980145074314148,0.0011910479394885705,"{""C"": 0.03293515124094567, ""class_weight"": null, ""l1_ratio"": 0.0}"
3,3,16,0,0.3654127579403732,0.2432377770786495,0.11030794902889196,"{""C"": 0.03293515124094567, ""class_weight"": null, ""l1_ratio"": 0.0}"
3,3,17,0,0.5201735145502163,0.47301635013830384,0.07680521580441763,"{""C"": 0.03293515124094567, ""class_weight"": null, ""l1_ratio"": 0.0}"
3,3,18,1,0.7650762534846949,0.8537217341770074,0.0654194326838102,"{""C"": 0.03293515124094567, ""class_weight"": null, ""l1_ratio"": 0.0}"
3,3,29,1,0.8422661767281495,0.9331866148056733,0.04057105898196485,"{""C"": 0.03293515124094567, ""class_weight"": null, ""l1_ratio"": 0.0}"
3,3,33,1,0.8530607915806921,0.9452904645048765,0.023240686237154175,"{""C"": 0.03293515124094567, ""class_weight"": null, ""l1_ratio"": 0.0}"
3,3,34,1,0.9396146485139006,0.9917144823566991,0.0022507338719872593,"{""C"": 0.03293515124094567, ""class_weight"": null, ""l1_ratio"": 0.0}"
3,3,35,0,0.3488932920046563,0.2075657222894734,0.07461566161670184,"{""C"": 0.03293515124094567, ""class_weight"": null, ""l1_ratio"": 0.0}"
3,3,36,1,0.9148540049578326,0.9800648898781207,0.012884836457426845,"{""C"": 0.03293515124094567, ""class_weight"": null, ""l1_ratio"": 0.0}"
3,3,38,1,0.9570804168547492,0.994555695071821,0.003138525210220009,"{""C"": 0.03293515124094567, ""class_weight"": null, ""l1_ratio"": 0.0}"
3,3,40,1,0.9643593446398738,0.9967010955535353,0.0011991410733596403,"{""C"": 0.03293515124094567, ""class_weight"": null, ""l1_ratio"": 0.0}"
3,3,41,0,0.33472212240817706,0.18501423750342189,0.07554185055497321,"{""C"": 0.03293515124094567, ""class_weight"": null, ""l1_ratio"": 0.0}"
3,3,52,1,0.9354615403150784,0.9883818953867503,0.006411352548692302,"{""C"": 0.03293515124094567, ""class_weight"": null, ""l1_ratio"": 0.0}"
3,3,54,0,0.4623034042095566,0.3894345702493986,0.10719773424021228,"{""C"": 0.03293515124094567, ""class_weight"": null, ""l1_ratio"": 0.0}"
3,3,56,1,0.8737930390389357,0.9603777432711853,0.0211439632338341,"{""C"": 0.03293515124094567, ""class_weight"": null, ""l1_ratio"": 0.0}"
3,3,58,1,0.6348009710958211,0.6703616184334653,0.05488197710148902,"{""C"": 0.03293515124094567, ""class_weight"": null, ""l1_ratio"": 0.0}"
3,3,61,1,0.4786890262951307,0.386910325735271,0.11979197204093697,"{""C"": 0.03293515124094567, ""class_weight"": null, ""l1_ratio"": 0.0}"
3,3,65,1,0.6743140081644141,0.7212914376087839,0.08185891636183626,"{""C"": 0.03293515124094567, ""class_weight"": null, ""l1_ratio"": 0.0}"
3,3,69,1,0.8075566564011221,0.8989045056871626,0.03340269252137278,"{""C"": 0.03293515124094567, ""class_weight"": null, ""l1_ratio"": 0.0}"
3,3,80,1,0.9162909614726438,0.9813961541607823,0.011003134713757011,"{""C"": 0.03293515124094567, ""class_weight"": null, ""l1_ratio"": 0.0}"
3,3,94,1,0.8581649589217883,0.9466757310988136,0.02457786989099403,"{""C"": 0.03293515124094567, ""class_weight"": null, ""l1_ratio"": 0.0}"
3,3,101,1,0.9071632278201869,0.977478890374352,0.012183531097526679,"{""C"": 0.03293515124094567, ""class_weight"": null, ""l1_ratio"": 0.0}"
3,3,105,1,0.8290379601544663,0.9192050470581634,0.048301279407273474,"{""C"": 0.03293515124094567, ""class_weight"": null, ""l1_ratio"": 0.0}"
3,3,123,1,0.7454047288649928,0.8408773741424124,0.06569525678270302,"{""C"": 0.03293515124094567, ""class_weight"": null, ""l1_ratio"": 0.0}"
3,3,125,1,0.7050142649128259,0.773401908036497,0.050819351810182906,"{""C"": 0.03293515124094567, ""class_weight"": null, ""l1_ratio"": 0.0}"
3,3,126,1,0.8074191261496194,0.9081782901100013,0.019328941481793864,"{""C"": 0.03293515124094567, ""class_weight"": null, ""l1_ratio"": 0.0}"
3,3,135,1,0.7890398201971714,0.8817710748084512,0.03574719456252207,"{""C"": 0.03293515124094567, ""class_weight"": null, ""l1_ratio"": 0.0}"
3,3,143,0,0.13005342317670202,0.02764794899063617,0.015005166400904664,"{""C"": 0.03293515124094567, ""class_weight"": null, ""l1_ratio"": 0.0}"
3,3,146,1,0.9841560049296922,0.9991224558213375,0.0007697823486985599,"{""C"": 0.03293515124094567, ""class_weight"": null, ""l1_ratio"": 0.0}"
3,3,148,1,0.8091417567747378,0.915557941964653,0.02731254998187704,"{""C"": 0.03293515124094567, ""class_weight"": null, ""l1_ratio"": 0.0}"
3,3,153,0,0.6363013598339422,0.6863241299087004,0.08341662549689745,"{""C"": 0.03293515124094567, ""class_weight"": null, ""l1_ratio"": 0.0}"
3,3,167,1,0.6521002680341006,0.6914181924066114,0.05283672583603025,"{""C"": 0.03293515124094567, ""class_weight"": null, ""l1_ratio"": 0.0}"
3,3,168,0,0.4213529816036624,0.3030329289186512,0.09887318468315062,"{""C"": 0.03293515124094567, ""class_weight"": null, ""l1_ratio"": 0.0}"
3,3,180,1,0.5372088438608863,0.5101502819661328,0.05696961596478681,"{""C"": 0.03293515124094567, ""class_weight"": null, ""l1_ratio"": 0.0}"
3,3,184,1,0.5956034647560094,0.5876006996171594,0.08505422741495673,"{""C"": 0.03293515124094567, ""class_weight"": null, ""l1_ratio"": 0.0}"
3,3,192,0,0.29605134557630614,0.14554445973265343,0.05097104678602151,"{""C"": 0.03293515124094567, ""class_weight"": null, ""l1_ratio"": 0.0}"
3,3,198,1,0.8498671504998784,0.945666941576933,0.01642473780617579,"{""C"": 0.03293515124094567, ""class_weight"": null, ""l1_ratio"": 0.0}"
3,3,207,1,0.78550553189708,0.8912983267125707,0.024814119759296656,"{""C"": 0.03293515124094567, ""class_weight"": null, ""l1_ratio"": 0.0}"
3,3,215,1,0.8863228342317251,0.9668854824140416,0.017471454488451256,"{""C"": 0.03293515124094567, ""class_weight"": null, ""l1_ratio"": 0.0}"
3,3,216,0,0.6202415739402215,0.6569453720345676,0.07388183869568841,"{""C"": 0.03293515124094567, ""class_weight"": null, ""l1_ratio"": 0.0}"
3,3,218,0,0.6176303799713506,0.644952453583356,0.06013851464922269,"{""C"": 0.03293515124094567, ""class_weight"": null, ""l1_ratio"": 0.0}"
3,3,224,1,0.8705541279796851,0.960690564304928,0.010314876861267822,"{""C"": 0.03293515124094567, ""class_weight"": null, ""l1_ratio"": 0.0}"
3,3,226,1,0.8512750213072282,0.941246204888723,0.034219129982668496,"{""C"": 0.03293515124094567, ""class_weight"": null, ""l1_ratio"": 0.0}"
3,3,228,1,0.6115965921761662,0.6133306493310047,0.1268543383826173,"{""C"": 0.03293515124094567, ""class_weight"": null, ""l1_ratio"": 0.0}"
3,3,230,1,0.9700597638882443,0.9968806044600271,0.0026654271477461297,"{""C"": 0.03293515124094567, ""class_weight"": null, ""l1_ratio"": 0.0}"
3,3,238,1,0.3394490707091368,0.186011145682345,0.06229526039775267,"{""C"": 0.03293515124094567, ""class_weight"": null, ""l1_ratio"": 0.0}"
3,3,249,1,0.7783379099453944,0.883169416897472,0.021567227504912575,"{""C"": 0.03293515124094567, ""class_weight"": null, ""l1_ratio"": 0.0}"
3,3,250,1,0.8029882486445461,0.8987280754178446,0.045634761701717146,"{""C"": 0.03293515124094567, ""class_weight"": null, ""l1_ratio"": 0.0}"
3,3,252,1,0.3991075686036676,0.26097780180506913,0.1055496226192032,"{""C"": 0.03293515124094567, ""class_weight"": null, ""l1_ratio"": 0.0}"
3,3,254,0,0.5190314506547011,0.4658849855901749,0.13975585135351637,"{""C"": 0.03293515124094567, ""class_weight"": null, ""l1_ratio"": 0.0}"
3,3,272,0,0.7547172900185112,0.8584795909765532,0.030750551240845234,"{""C"": 0.03293515124094567, ""class_weight"": null, ""l1_ratio"": 0.0}"
3,3,275,1,0.8249657182648942,0.9211207918794561,0.032735102640919916,"{""C"": 0.03293515124094567, ""class_weight"": null, ""l1_ratio"": 0.0}"
3,3,280,0,0.6662694882480429,0.7083341961553961,0.10885508364907531,"{""C"": 0.03293515124094567, ""class_weight"": null, ""l1_ratio"": 0.0}"
3,3,285,0,0.4214700198239179,0.30697374846001446,0.08865522559928364,"{""C"": 0.03293515124094567, ""class_weight"": null, ""l1_ratio"": 0.0}"
3,3,286,0,0.42959880059385713,0.3172638904954935,0.0852336121805808,"{""C"": 0.03293515124094567, ""class_weight"": null, ""l1_ratio"": 0.0}"
3,4,4,0,0.16076606550876738,0.19219501137246234,0.04996832131184304,"{""C"": 0.24939740287833945, ""class_weight"": null, ""l1_ratio"": 1.0}"
3,4,6,1,0.9915145964856177,0.9911984327642551,0.005244397398036917,"{""C"": 0.24939740287833945, ""class_weight"": null, ""l1_ratio"": 1.0}"
3,4,15,1,0.8789957073106254,0.8908482531923619,0.029770675821314495,"{""C"": 0.24939740287833945, ""class_weight"": null, ""l1_ratio"": 1.0}"
3,4,20,1,0.18944884553581287,0.17967635666101833,0.0673651991694839,"{""C"": 0.24939740287833945, ""class_weight"": null, ""l1_ratio"": 1.0}"
3,4,23,1,0.9775552406307969,0.9794875455585726,0.010144209299751324,"{""C"": 0.24939740287833945, ""class_weight"": null, ""l1_ratio"": 1.0}"
3,4,43,1,0.8701939387503296,0.8510431904159743,0.05892891012311764,"{""C"": 0.24939740287833945, ""class_weight"": null, ""l1_ratio"": 1.0}"
3,4,57,1,0.9905647933023816,0.9907503030464534,0.004664430808998497,"{""C"": 0.24939740287833945, ""class_weight"": null, ""l1_ratio"": 1.0}"
3,4,60,0,0.3200154365462157,0.3192882851057094,0.09923476676668044,"{""C"": 0.24939740287833945, ""class_weight"": null, ""l1_ratio"": 1.0}"
3,4,67,0,0.7082134134679287,0.7271705298925101,0.07291473238482211,"{""C"": 0.24939740287833945, ""class_weight"": null, ""l1_ratio"": 1.0}"
3,4,73,1,0.8352160009489153,0.8796130888587956,0.06397184613960247,"{""C"": 0.24939740287833945, ""class_weight"": null, ""l1_ratio"": 1.0}"
3,4,75,1,0.642410675508769,0.6819325320184997,0.058721121717806066,"{""C"": 0.24939740287833945, ""class_weight"": null, ""l1_ratio"": 1.0}"
3,4,81,1,0.9931813011862077,0.991498877434125,0.00611083564079615,"{""C"": 0.24939740287833945, ""class_weight"": null, ""l1_ratio"": 1.0}"
3,4,83,1,0.8024432223400754,0.7700015509280399,0.07257650661159412,"{""C"": 0.24939740287833945, ""class_weight"": null, ""l1_ratio"": 1.0}"
3,4,88,1,0.9608895842486781,0.9606773249873022,0.016747711719468983,"{""C"": 0.24939740287833945, ""class_weight"": null, ""l1_ratio"": 1.0}"
3,4,92,1,0.9489774306390427,0.9464354207329458,0.0196604117058024,"{""C"": 0.24939740287833945, ""class_weight"": null, ""l1_ratio"": 1.0}"
3,4,95,1,0.9547955698924435,0.9562946403705311,0.016441692657355435,"{""C"": 0.24939740287833945, ""class_weight"": null, ""l1_ratio"": 1.0}"
3,4,100,1,0.8853714743384842,0.8483762963519499,0.0786451037757084,"{""C"": 0.24939740287833945, ""class_weight"": null, ""l1_ratio"": 1.0}"
3,4,102,0,0.16583363051882072,0.16302487444950334,0.07005437078791303,"{""C"": 0.24939740287833945, ""class_weight"": null, ""l1_ratio"": 1.0}"
3,4,107,1,0.5594574837586005,0.6010783995277913,0.04735040468389197,"{""C"": 0.24939740287833945, ""class_weight"": null, ""l1_ratio"": 1.0}"
3,4,113,0,0.22287070404514212,0.2065309159755694,0.07686690666213898,"{""C"": 0.24939740287833945, ""class_weight"": null, ""l1_ratio"": 1.0}"
3,4,120,1,0.959667676541694,0.9462154272521509,0.024741976343014154,"{""C"": 0.24939740287833945, ""class_weight"": null, ""l1_ratio"": 1.0}"
3,4,121,1,0.7682032898732041,0.7477721479726422,0.045125077284097766,"{""C"": 0.24939740287833945, ""class_weight"": null, ""l1_ratio"": 1.0}"
3,4,122,1,0.8801234248099337,0.8859850503482374,0.04040642135627355,"{""C"": 0.24939740287833945, ""class_weight"": null, ""l1_ratio"": 1.0}"
3,4,133,0,0.6296231339048929,0.6633125831438026,0.09401308249898327,"{""C"": 0.24939740287833945, ""class_weight"": null, ""l1_ratio"": 1.0}"
3,4,147,1,0.9951539076248753,0.9875634916435212,0.011446660724937684,"{""C"": 0.24939740287833945, ""class_weight"": null, ""l1_ratio"": 1.0}"
3,4,156,1,0.7281042363556627,0.7012552629254208,0.09055169494890562,"{""C"": 0.24939740287833945, ""class_weight"": null, ""l1_ratio"": 1.0}"
3,4,157,1,0.5537176029656927,0.5243562646030777,0.07176025805282585,"{""C"": 0.24939740287833945, ""class_weight"": null, ""l1_ratio"": 1.0}"
3,4,161,1,0.9845542618638409,0.9839242918066574,0.01084406002469608,"{""C"": 0.24939740287833945, ""class_weight"": null, ""l1_ratio"": 1.0}"
3,4,164,1,0.9683076423249046,0.9727570839376213,0.010370178988247877,"{""C"": 0.24939740287833945, ""class_weight"": null, ""l1_ratio"": 1.0}"
3,4,165,1,0.6652476077045906,0.6800372086047386,0.057123104540929205,"{""C"": 0.24939740287833945, ""class_weight"": null, ""l1_ratio"": 1.0}"
3,4,170,0,0.19970804217431737,0.17623016453521875,0.05060323636753095,"{""C"": 0.24939740287833945, ""class_weight"": null, ""l1_ratio"": 1.0}"
3,4,179,0,0.25103853346549576,0.25932397355899833,0.06868462514117216,"{""C"": 0.24939740287833945, ""class_weight"": null, ""l1_ratio"": 1.0}"
3,4,189,1,0.8792403467324644,0.8911872661149689,0.02853898686288875,"{""C"": 0.24939740287833945, ""class_weight"": null, ""l1_ratio"": 1.0}"
3,4,206,1,0.9465447218220602,0.9418020351901649,0.02201419783093182,"{""C"": 0.24939740287833945, ""class_weight"": null, ""l1_ratio"": 1.0}"
3,4,214,0,0.8514872993651041,0.8704893617160181,0.047699106934298324,"{""C"": 0.24939740287833945, ""class_weight"": null, ""l1_ratio"": 1.0}"
3,4,219,1,0.22972079334395626,0.22737045473156664,0.06256609631048336,"{""C"": 0.24939740287833945, ""class_weight"": null, ""l1_ratio"": 1.0}"
3,4,223,1,0.5595040842324244,0.5247527737400342,0.06374655153466909,"{""C"": 0.24939740287833945, ""class_weight"": null, ""l1_ratio"": 1.0}"
3,4,225,1,0.9511461740920706,0.9487100634824122,0.03190559492403656,"{""C"": 0.24939740287833945, ""class_weight"": null, ""l1_ratio"": 1.0}"
3,4,229,1,0.9163117754782799,0.9254203038599135,0.03459867132720243,"{""C"": 0.24939740287833945, ""class_weight"": null, ""l1_ratio"": 1.0}"
3,4,231,1,0.9853903418133146,0.9846583409596825,0.01081225504255548,"{""C"": 0.24939740287833945, ""class_weight"": null, ""l1_ratio"": 1.0}"
3,4,232,1,0.9409412408695873,0.9432896896101919,0.02765750098166959,"{""C"": 0.24939740287833945, ""class_weight"": null, ""l1_ratio"": 1.0}"
3,4,234,0,0.4092757581433413,0.38217656793917937,0.06206241507169211,"{""C"": 0.24939740287833945, ""class_weight"": null, ""l1_ratio"": 1.0}"
3,4,235,1,0.9926168942867372,0.9892394187669243,0.0073989294523559195,"{""C"": 0.24939740287833945, ""class_weight"": null, ""l1_ratio"": 1.0}"
3,4,240,1,0.9837148812125945,0.9822376403857209,0.006331792841396219,"{""C"": 0.24939740287833945, ""class_weight"": null, ""l1_ratio"": 1.0}"
3,4,241,1,0.6400364144028637,0.5990573080476962,0.04258435581883043,"{""C"": 0.24939740287833945, ""class_weight"": null, ""l1_ratio"": 1.0}"
3,4,244,1,0.5253823998676558,0.47134910066570807,0.05263946920372366,"{""C"": 0.24939740287833945, ""class_weight"": null, ""l1_ratio"": 1.0}"
3,4,255,0,0.17965714689495924,0.16639418686943755,0.06972733955696471,"{""C"": 0.24939740287833945, ""class_weight"": null, ""l1_ratio"": 1.0}"
3,4,258,0,0.14128796421855155,0.15550393209995556,0.05197045402756867,"{""C"": 0.24939740287833945, ""class_weight"": null, ""l1_ratio"": 1.0}"
3,4,259,1,0.7711797256911731,0.7871337602298542,0.020577592786089005,"{""C"": 0.24939740287833945, ""class_weight"": null, ""l1_ratio"": 1.0}"
3,4,262,1,0.8158876881728689,0.8444381500740926,0.03499190978465978,"{""C"": 0.24939740287833945, ""class_weight"": null, ""l1_ratio"": 1.0}"
3,4,264,0,0.32353592864332004,0.3100842182121167,0.024237780184056555,"{""C"": 0.24939740287833945, ""class_weight"": null, ""l1_ratio"": 1.0}"
3,4,270,0,0.19869623505522815,0.18746743225861656,0.07650866888975903,"{""C"": 0.24939740287833945, ""class_weight"": null, ""l1_ratio"": 1.0}"
3,4,273,1,0.9797435090941091,0.9796455814769575,0.012136559937463112,"{""C"": 0.24939740287833945, ""class_weight"": null, ""l1_ratio"": 1.0}"
3,4,276,0,0.4190096703522833,0.3819504802445584,0.0658241783081141,"{""C"": 0.24939740287833945, ""class_weight"": null, ""l1_ratio"": 1.0}"
3,4,277,1,0.9893086260530637,0.9892414044733299,0.005282623508005834,"{""C"": 0.24939740287833945, ""class_weight"": null, ""l1_ratio"": 1.0}"
3,4,281,1,0.871570410461438,0.8449222775731894,0.03927204829329592,"{""C"": 0.24939740287833945, ""class_weight"": null, ""l1_ratio"": 1.0}"
3,4,284,0,0.7177279371398365,0.6940830970508427,0.05521109039807428,"{""C"": 0.24939740287833945, ""class_weight"": null, ""l1_ratio"": 1.0}"
3,4,288,1,0.5162927451026136,0.4985842622365273,0.0782735038837738,"{""C"": 0.24939740287833945, ""class_weight"": null, ""l1_ratio"": 1.0}"
3,4,294,1,0.6031607476062878,0.5625642519365094,0.0720282462200787,"{""C"": 0.24939740287833945, ""class_weight"": null, ""l1_ratio"": 1.0}"
3,4,297,0,0.16006967744823092,0.15344812619489961,0.0644025572378772,"{""C"": 0.24939740287833945, ""class_weight"": null, ""l1_ratio"": 1.0}"
4,0,7,1,0.9983342412030711,0.9973814516777619,0.0019301218688098178,"{""C"": 0.33547602996748965, ""class_weight"": null, ""l1_ratio"": 1.0}"
4,0,8,0,0.12901591320086217,0.14055042762168884,0.04561705230447654,"{""C"": 0.33547602996748965, ""class_weight"": null, ""l1_ratio"": 1.0}"
4,0,9,1,0.9733182178224058,0.9711958137567904,0.014868316680486372,"{""C"": 0.33547602996748965, ""class_weight"": null, ""l1_ratio"": 1.0}"
4,0,17,0,0.5211545183223016,0.4934396842790276,0.0702317704866391,"{""C"": 0.33547602996748965, ""class_weight"": null, ""l1_ratio"": 1.0}"
4,0,31,1,0.9535612999261112,0.9572547523543061,0.016255644742455236,"{""C"": 0.33547602996748965, ""class_weight"": null, ""l1_ratio"": 1.0}"
4,0,32,1,0.9022143593448887,0.8899122163237765,0.034570560391047465,"{""C"": 0.33547602996748965, ""class_weight"": null, ""l1_ratio"": 1.0}"
4,0,33,1,0.9889049242228517,0.985327095642867,0.006877241446018933,"{""C"": 0.33547602996748965, ""class_weight"": null, ""l1_ratio"": 1.0}"
4,0,35,0,0.2962022087675207,0.2559987964140406,0.08813996224238727,"{""C"": 0.33547602996748965, ""class_weight"": null, ""l1_ratio"": 1.0}"
4,0,36,1,0.984582213179261,0.986217039321455,0.006473514288902197,"{""C"": 0.33547602996748965, ""class_weight"": null, ""l1_ratio"": 1.0}"
4,0,45,1,0.9882168471109022,0.9839641902785228,0.012575230026556377,"{""C"": 0.33547602996748965, ""class_weight"": null, ""l1_ratio"": 1.0}"
4,0,47,1,0.9812761534124966,0.9716606029005765,0.020480553884865672,"{""C"": 0.33547602996748965, ""class_weight"": null, ""l1_ratio"": 1.0}"
4,0,57,1,0.993948649340257,0.9914789086859761,0.005208941893684345,"{""C"": 0.33547602996748965, ""class_weight"": null, ""l1_ratio"": 1.0}"
4,0,60,0,0.2417244872148274,0.24541024435760844,0.024407390933197198,"{""C"": 0.33547602996748965, ""class_weight"": null, ""l1_ratio"": 1.0}"
4,0,74,1,0.996570129971646,0.9948416166774339,0.003847360412819899,"{""C"": 0.33547602996748965, ""class_weight"": null, ""l1_ratio"": 1.0}"
4,0,77,1,0.8268583685426832,0.8158543849971702,0.05077414312305841,"{""C"": 0.33547602996748965, ""class_weight"": null, ""l1_ratio"": 1.0}"
4,0,82,1,0.8482698971659269,0.8546154612313217,0.047528490446217014,"{""C"": 0.33547602996748965, ""class_weight"": null, ""l1_ratio"": 1.0}"
4,0,88,1,0.9721670376276103,0.9656531354302773,0.016624478803280364,"{""C"": 0.33547602996748965, ""class_weight"": null, ""l1_ratio"": 1.0}"
4,0,96,1,0.955105981671985,0.9558287934028377,0.014230314990916636,"{""C"": 0.33547602996748965, ""class_weight"": null, ""l1_ratio"": 1.0}"
4,0,118,1,0.9717191709418463,0.9666991611635021,0.02089732822893507,"{""C"": 0.33547602996748965, ""class_weight"": null, ""l1_ratio"": 1.0}"
4,0,121,1,0.8063086067137899,0.8063656939693734,0.057892870390302456,"{""C"": 0.33547602996748965, ""class_weight"": null, ""l1_ratio"": 1.0}"
4,0,122,1,0.871693457224396,0.8912883898578876,0.02858741360994074,"{""C"": 0.33547602996748965, ""class_weight"": null, ""l1_ratio"": 1.0}"
4,0,124,1,0.5421629652763966,0.5875878220455882,0.14231500259940078,"{""C"": 0.33547602996748965, ""class_weight"": null, ""l1_ratio"": 1.0}"
4,0,138,1,0.8896887806933822,0.8874542981368595,0.0417119164685071,"{""C"": 0.33547602996748965, ""class_weight"": null, ""l1_ratio"": 1.0}"
4,0,139,1,0.981550185936779,0.979178657953185,0.014008914631372445,"{""C"": 0.33547602996748965, ""class_weight"": null, ""l1_ratio"": 1.0}"
4,0,140,1,0.9622561483454053,0.9564626147184352,0.024689896876319513,"{""C"": 0.33547602996748965, ""class_weight"": null, ""l1_ratio"": 1.0}"
4,0,141,1,0.9933776740116571,0.9893894478861849,0.006868023270182309,"{""C"": 0.33547602996748965, ""class_weight"": null, ""l1_ratio"": 1.0}"
4,0,144,1,0.9247421556506251,0.8973600847119988,0.035400182813091756,"{""C"": 0.33547602996748965, ""class_weight"": null, ""l1_ratio"": 1.0}"
4,0,146,1,0.9982709993169707,0.9971007820897281,0.0024273701556292407,"{""C"": 0.33547602996748965, ""class_weight"": null, ""l1_ratio"": 1.0}"
4,0,153,0,0.5327625843676563,0.5449118031485223,0.036105138903667004,"{""C"": 0.33547602996748965, ""class_weight"": null, ""l1_ratio"": 1.0}"
4,0,158,1,0.8329220086820424,0.8183262127790905,0.029558946680444696,"{""C"": 0.33547602996748965, ""class_weight"": null, ""l1_ratio"": 1.0}"
4,0,159,1,0.989006768562059,0.9880480496797528,0.006177094745156077,"{""C"": 0.33547602996748965, ""class_weight"": null, ""l1_ratio"": 1.0}"
4,0,160,1,0.8841078131825347,0.8820527401202372,0.03685679018507188,"{""C"": 0.33547602996748965, ""class_weight"": null, ""l1_ratio"": 1.0}"
4,0,162,1,0.9532197336342477,0.9559944420905421,0.014943919359089662,"{""C"": 0.33547602996748965, ""class_weight"": null, ""l1_ratio"": 1.0}"
4,0,163,1,0.7282674880354432,0.7297734742617171,0.08146726716795116,"{""C"": 0.33547602996748965, ""class_weight"": null, ""l1_ratio"": 1.0}"
4,0,164,1,0.9713041925870284,0.9715279323467503,0.013248271897250393,"{""C"": 0.33547602996748965, ""class_weight"": null, ""l1_ratio"": 1.0}"
4,0,165,1,0.7890813568345867,0.7687473968660145,0.07364963194255972,"{""C"": 0.33547602996748965, ""class_weight"": null, ""l1_ratio"": 1.0}"
4,0,166,0,0.1999423011134317,0.2357874434629419,0.04505157070145456,"{""C"": 0.33547602996748965, ""class_weight"": null, ""l1_ratio"": 1.0}"
4,0,175,0,0.7593953526470475,0.7617396472748055,0.031154311190489184,"{""C"": 0.33547602996748965, ""class_weight"": null, ""l1_ratio"": 1.0}"
4,0,177,1,0.9714723785820765,0.9685241298324151,0.01560709111144484,"{""C"": 0.33547602996748965, ""class_weight"": null, ""l1_ratio"": 1.0}"
4,0,187,1,0.9430085428238475,0.9427951918541122,0.020689755012383543,"{""C"": 0.33547602996748965, ""class_weight"": null, ""l1_ratio"": 1.0}"
4,0,188,1,0.5682382668460295,0.5533822954253056,0.05647769894769587,"{""C"": 0.33547602996748965, ""class_weight"": null, ""l1_ratio"": 1.0}"
4,0,189,1,0.8535598759319083,0.8672780470729213,0.04030863000630827,"{""C"": 0.33547602996748965, ""class_weight"": null, ""l1_ratio"": 1.0}"
4,0,198,1,0.9209522244122493,0.9250058082191519,0.023193183507190025,"{""C"": 0.33547602996748965, ""class_weight"": null, ""l1_ratio"": 1.0}"
4,0,206,1,0.9672731882712106,0.9640864767455006,0.014783682243811462,"{""C"": 0.33547602996748965, ""class_weight"": null, ""l1_ratio"": 1.0}"
4,0,208,1,0.8213673462235548,0.7982870798538926,0.04585854545702536,"{""C"": 0.33547602996748965, ""class_weight"": null, ""l1_ratio"": 1.0}"
4,0,209,1,0.9670712379651275,0.9613452924042815,0.016244367079779273,"{""C"": 0.33547602996748965, ""class_weight"": null, ""l1_ratio"": 1.0}"
4,0,212,0,0.06943926714940814,0.0677203242189824,0.024471241187563525,"{""C"": 0.33547602996748965, ""class_weight"": null, ""l1_ratio"": 1.0}"
4,0,217,0,0.20119679258515485,0.22258881779965525,0.02279527513368416,"{""C"": 0.33547602996748965, ""class_weight"": null, ""l1_ratio"": 1.0}"
4,0,226,1,0.9746179925392046,0.9739092659101477,0.009446632797386695,"{""C"": 0.33547602996748965, ""class_weight"": null, ""l1_ratio"": 1.0}"
4,0,234,0,0.4762575584520965,0.4407873752488717,0.026489455759378163,"{""C"": 0.33547602996748965, ""class_weight"": null, ""l1_ratio"": 1.0}"
4,0,239,1,0.9782125537988531,0.9757733630623736,0.015209644733570723,"{""C"": 0.33547602996748965, ""class_weight"": null, ""l1_ratio"": 1.0}"
4,0,256,0,0.3994054853890102,0.40013697161173367,0.026702747310946854,"{""C"": 0.33547602996748965, ""class_weight"": null, ""l1_ratio"": 1.0}"
4,0,261,0,0.16004297212418733,0.15071959786949582,0.038334055371382444,"{""C"": 0.33547602996748965, ""class_weight"": null, ""l1_ratio"": 1.0}"
4,0,275,1,0.9352093884137337,0.9344536310134386,0.020531026389868715,"{""C"": 0.33547602996748965, ""class_weight"": null, ""l1_ratio"": 1.0}"
4,0,276,0,0.5254007127795467,0.4815844747763608,0.060116876838720607,"{""C"": 0.33547602996748965, ""class_weight"": null, ""l1_ratio"": 1.0}"
4,0,277,1,0.9933940482385696,0.9911010803396871,0.005601587061243127,"{""C"": 0.33547602996748965, ""class_weight"": null, ""l1_ratio"": 1.0}"
4,0,283,1,0.6104523497887329,0.606063948316905,0.1080686045132328,"{""C"": 0.33547602996748965, ""class_weight"": null, ""l1_ratio"": 1.0}"
4,0,289,0,0.44594754851194035,0.45190684897198263,0.0867451316603353,"{""C"": 0.33547602996748965, ""class_weight"": null, ""l1_ratio"": 1.0}"
4,0,297,0,0.14728788013972913,0.1384178254196672,0.028753548907440328,"{""C"": 0.33547602996748965, ""class_weight"": null, ""l1_ratio"": 1.0}"
4,0,299,0,0.1435841182281339,0.16665371739289644,0.03350273198944213,"{""C"": 0.33547602996748965, ""class_weight"": null, ""l1_ratio"": 1.0}"
4,0,301,0,0.31748753975555477,0.3181290390599078,0.0830065740656918,"{""C"": 0.33547602996748965, ""class_weight"": null, ""l1_ratio"": 1.0}"
4,1,1,1,0.9975900988517797,0.9990599190848991,0.0005377073456315695,"{""C"": 0.16434787383763838, ""class_weight"": ""balanced"", ""l1_ratio"": 1.0}"
4,1,19,1,0.9810122191951781,0.9923652023633046,0.004553717664912443,"{""C"": 0.16434787383763838, ""class_weight"": ""balanced"", ""l1_ratio"": 1.0}"
4,1,20,1,0.1575185894285007,0.18591519947916862,0.059512989411154744,"{""C"": 0.16434787383763838, ""class_weight"": ""balanced"", ""l1_ratio"": 1.0}"
4,1,25,1,0.9678777436272203,0.9864508101895716,0.008892729454528606,"{""C"": 0.16434787383763838, ""class_weight"": ""balanced"", ""l1_ratio"": 1.0}"
4,1,26,0,0.1541395564858283,0.21182230758799775,0.06345385555509851,"{""C"": 0.16434787383763838, ""class_weight"": ""balanced"", ""l1_ratio"": 1.0}"
4,1,29,1,0.9385789147628806,0.9732588004661554,0.012422834193358788,"{""C"": 0.16434787383763838, ""class_weight"": ""balanced"", ""l1_ratio"": 1.0}"
4,1,30,1,0.9270292487223258,0.9679061039542566,0.01031011391002788,"{""C"": 0.16434787383763838, ""class_weight"": ""balanced"", ""l1_ratio"": 1.0}"
4,1,34,1,0.9499848656799887,0.9749741376386625,0.014432502316761376,"{""C"": 0.16434787383763838, ""class_weight"": ""balanced"", ""l1_ratio"": 1.0}"
4,1,39,1,0.9919431696289054,0.9961892701599876,0.00239718235343092,"{""C"": 0.16434787383763838, ""class_weight"": ""balanced"", ""l1_ratio"": 1.0}"
4,1,41,0,0.11046225617206228,0.12551770317639463,0.04959585910985055,"{""C"": 0.16434787383763838, ""class_weight"": ""balanced"", ""l1_ratio"": 1.0}"
4,1,42,0,0.2475154957319379,0.3236885446329161,0.05967215404842209,"{""C"": 0.16434787383763838, ""class_weight"": ""balanced"", ""l1_ratio"": 1.0}"
4,1,49,1,0.3480412703864796,0.4449373673097902,0.05048317282598813,"{""C"": 0.16434787383763838, ""class_weight"": ""balanced"", ""l1_ratio"": 1.0}"
4,1,53,1,0.5309371658092434,0.6918870358953424,0.1042336725669268,"{""C"": 0.16434787383763838, ""class_weight"": ""balanced"", ""l1_ratio"": 1.0}"
4,1,54,0,0.17453049509357776,0.2343482508514941,0.06064801414894346,"{""C"": 0.16434787383763838, ""class_weight"": ""balanced"", ""l1_ratio"": 1.0}"
4,1,61,1,0.34967699590570317,0.476506043979448,0.12005487803983514,"{""C"": 0.16434787383763838, ""class_weight"": ""balanced"", ""l1_ratio"": 1.0}"
4,1,65,1,0.7421532391301964,0.8606862812096059,0.03716966241332762,"{""C"": 0.16434787383763838, ""class_weight"": ""balanced"", ""l1_ratio"": 1.0}"
4,1,67,0,0.41653066537697525,0.5372966203914114,0.04280833697510893,"{""C"": 0.16434787383763838, ""class_weight"": ""balanced"", ""l1_ratio"": 1.0}"
4,1,71,1,0.849537919254925,0.9326308144529698,0.023595804030711185,"{""C"": 0.16434787383763838, ""class_weight"": ""balanced"", ""l1_ratio"": 1.0}"
4,1,75,1,0.3936172434739998,0.5239229281973494,0.08324537647237874,"{""C"": 0.16434787383763838, ""class_weight"": ""balanced"", ""l1_ratio"": 1.0}"
4,1,83,1,0.8697299483540961,0.9232389215113509,0.041574491147015225,"{""C"": 0.16434787383763838, ""class_weight"": ""balanced"", ""l1_ratio"": 1.0}"
4,1,91,0,0.4249125705234842,0.5298122720705971,0.04816082841824903,"{""C"": 0.16434787383763838, ""class_weight"": ""balanced"", ""l1_ratio"": 1.0}"
4,1,92,1,0.7942673177277225,0.8927166505857608,0.033788877041224324,"{""C"": 0.16434787383763838, ""class_weight"": ""balanced"", ""l1_ratio"": 1.0}"
4,1,106,1,0.8936286451645111,0.9570164285195102,0.018314641637251806,"{""C"": 0.16434787383763838, ""class_weight"": ""balanced"", ""l1_ratio"": 1.0}"
4,1,109,1,0.9233470059580454,0.9673016856496751,0.01679213747106151,"{""C"": 0.16434787383763838, ""class_weight"": ""balanced"", ""l1_ratio"": 1.0}"
4,1,114,1,0.9981256882847556,0.9991454572659266,0.000502958676377594,"{""C"": 0.16434787383763838, ""class_weight"": ""balanced"", ""l1_ratio"": 1.0}"
4,1,116,1,0.8498952992365145,0.9322072902137917,0.030789860993936418,"{""C"": 0.16434787383763838, ""class_weight"": ""balanced"", ""l1_ratio"": 1.0}"
4,1,131,1,0.9731211731589813,0.9893834694524621,0.005705513699529557,"{""C"": 0.16434787383763838, ""class_weight"": ""balanced"", ""l1_ratio"": 1.0}"
4,1,147,1,0.9677137808336364,0.983579704970991,0.010646033355411838,"{""C"": 0.16434787383763838, ""class_weight"": ""balanced"", ""l1_ratio"": 1.0}"
4,1,148,1,0.4487924898567617,0.597797327636156,0.0859029748342339,"{""C"": 0.16434787383763838, ""class_weight"": ""balanced"", ""l1_ratio"": 1.0}"
4,1,157,1,0.5144422823760427,0.6511256235438836,0.0638766444883006,"{""C"": 0.16434787383763838, ""class_weight"": ""balanced"", ""l1_ratio"": 1.0}"
4,1,168,0,0.17334253373771982,0.2267575907783237,0.11281278052150684,"{""C"": 0.16434787383763838, ""class_weight"": ""balanced"", ""l1_ratio"": 1.0}"
4,1,173,1,0.9887323748875939,0.9959207923575105,0.0026061411979800765,"{""C"": 0.16434787383763838, ""class_weight"": ""balanced"", ""l1_ratio"": 1.0}"
4,1,176,1,0.20826124869209733,0.2450237382516003,0.0547584955127781,"{""C"": 0.16434787383763838, ""class_weight"": ""balanced"", ""l1_ratio"": 1.0}"
4,1,180,1,0.34045379141648446,0.4301448492475049,0.06638121766349887,"{""C"": 0.16434787383763838, ""class_weight"": ""balanced"", ""l1_ratio"": 1.0}"
4,1,182,1,0.4349898124629096,0.6138570979155584,0.06854102883287636,"{""C"": 0.16434787383763838, ""class_weight"": ""balanced"", ""l1_ratio"": 1.0}"
4,1,193,0,0.6765512785222589,0.8039740407373952,0.06847452145641521,"{""C"": 0.16434787383763838, ""class_weight"": ""balanced"", ""l1_ratio"": 1.0}"
4,1,201,0,0.3536613408682873,0.4192053292678213,0.09267925311428875,"{""C"": 0.16434787383763838, ""class_weight"": ""balanced"", ""l1_ratio"": 1.0}"
4,1,202,1,0.9769999968312144,0.9905993414594711,0.006464800117737919,"{""C"": 0.16434787383763838, ""class_weight"": ""balanced"", ""l1_ratio"": 1.0}"
4,1,203,0,0.130980140305532,0.15779553512637118,0.07497780872768048,"{""C"": 0.16434787383763838, ""class_weight"": ""balanced"", ""l1_ratio"": 1.0}"
4,1,207,1,0.6526430945468003,0.7979387419993336,0.06305815383007284,"{""C"": 0.16434787383763838, ""class_weight"": ""balanced"", ""l1_ratio"": 1.0}"
4,1,210,0,0.16609768343197515,0.18888922724098683,0.04909407725201888,"{""C"": 0.16434787383763838, ""class_weight"": ""balanced"", ""l1_ratio"": 1.0}"
4,1,218,0,0.2971587230991113,0.39017651620395,0.05632135003755277,"{""C"": 0.16434787383763838, ""class_weight"": ""balanced"", ""l1_ratio"": 1.0}"
4,1,221,1,0.5994830960117229,0.7454386476190351,0.059885878629082845,"{""C"": 0.16434787383763838, ""class_weight"": ""balanced"", ""l1_ratio"": 1.0}"
4,1,225,1,0.804470251098161,0.9039900713620508,0.034436963774457284,"{""C"": 0.16434787383763838, ""class_weight"": ""balanced"", ""l1_ratio"": 1.0}"
4,1,231,1,0.9776579035242462,0.9916375838991105,0.005238952214196257,"{""C"": 0.16434787383763838, ""class_weight"": ""balanced"", ""l1_ratio"": 1.0}"
4,1,236,1,0.27828428883748435,0.37796328655717504,0.07220146351973955,"{""C"": 0.16434787383763838, ""class_weight"": ""balanced"", ""l1_ratio"": 1.0}"
4,1,244,1,0.4458141777721445,0.5806420222654122,0.061708250401128754,"{""C"": 0.16434787383763838, ""class_weight"": ""balanced"", ""l1_ratio"": 1.0}"
4,1,246,1,0.9923578026849319,0.99690269303471,0.0018012929372845062,"{""C"": 0.16434787383763838, ""class_weight"": ""balanced"", ""l1_ratio"": 1.0}"
4,1,247,0,0.15525499535557322,0.19671765435708077,0.052153254809604706,"{""C"": 0.16434787383763838, ""class_weight"": ""balanced"", ""l1_ratio"": 1.0}"
4,1,248,1,0.9898832677942432,0.9962944163768755,0.002189149289619021,"{""C"": 0.16434787383763838, ""class_weight"": ""balanced"", ""l1_ratio"": 1.0}"
4,1,250,1,0.8272532427342748,0.9176252704603926,0.03694072544217669,"{""C"": 0.16434787383763838, ""class_weight"": ""balanced"", ""l1_ratio"": 1.0}"
4,1,251,1,0.26351419518622987,0.3243828988049654,0.038441187256655934,"{""C"": 0.16434787383763838, ""class_weight"": ""balanced"", ""l1_ratio"": 1.0}"
4,1,252,1,0.5946830244395487,0.7073480943886666,0.08690634513072716,"{""C"": 0.16434787383763838, ""class_weight"": ""balanced"", ""l1_ratio"": 1.0}"
4,1,254,0,0.7192932912362194,0.8234320516200284,0.03993211437279975,"{""C"": 0.16434787383763838, ""class_weight"": ""balanced"", ""l1_ratio"": 1.0}"
4,1,255,0,0.12809237569973372,0.1601328279635606,0.050082548459045646,"{""C"": 0.16434787383763838, ""class_weight"": ""balanced"", ""l1_ratio"": 1.0}"
4,1,267,1,0.7229793461655423,0.8510451870065621,0.04872294755534132,"{""C"": 0.16434787383763838, ""class_weight"": ""balanced"", ""l1_ratio"": 1.0}"
4,1,281,1,0.8278677797510187,0.9098110509856341,0.04866012858732662,"{""C"": 0.16434787383763838, ""class_weight"": ""balanced"", ""l1_ratio"": 1.0}"
4,1,285,0,0.23919847457650628,0.3028301949914337,0.07833412163287101,"{""C"": 0.16434787383763838, ""class_weight"": ""balanced"", ""l1_ratio"": 1.0}"
4,1,286,0,0.20886722819587458,0.2697392894087676,0.059698247880978855,"{""C"": 0.16434787383763838, ""class_weight"": ""balanced"", ""l1_ratio"": 1.0}"
4,1,291,0,0.25188646730996883,0.3208057139327625,0.059623675933721046,"{""C"": 0.16434787383763838, ""class_weight"": ""balanced"", ""l1_ratio"": 1.0}"
4,1,298,1,0.5919314789551231,0.7154855381398835,0.07448322324498968,"{""C"": 0.16434787383763838, ""class_weight"": ""balanced"", ""l1_ratio"": 1.0}"
4,2,10,1,0.892163741797316,0.8355056707634188,0.05338391995864313,"{""C"": 0.7498967799368357, ""class_weight"": null, ""l1_ratio"": 0.0}"
4,2,14,1,0.6188097166569189,0.6385821054167975,0.0650661843187221,"{""C"": 0.7498967799368357, ""class_weight"": null, ""l1_ratio"": 0.0}"
4,2,16,0,0.07172877393365276,0.19576261421122831,0.12023735656674635,"{""C"": 0.7498967799368357, ""class_weight"": null, ""l1_ratio"": 0.0}"
4,2,18,1,0.9691059110246715,0.9208906321798637,0.041297312458380066,"{""C"": 0.7498967799368357, ""class_weight"": null, ""l1_ratio"": 0.0}"
4,2,22,1,0.9994548004687551,0.9918753904272115,0.007960780020939652,"{""C"": 0.7498967799368357, ""class_weight"": null, ""l1_ratio"": 0.0}"
4,2,38,1,0.9989284874528075,0.985195283281677,0.019300600801486,"{""C"": 0.7498967799368357, ""class_weight"": null, ""l1_ratio"": 0.0}"
4,2,40,1,0.9998489569874228,0.9965140303046892,0.0038447345737290125,"{""C"": 0.7498967799368357, ""class_weight"": null, ""l1_ratio"": 0.0}"
4,2,46,1,0.5516899753941072,0.5815767372902318,0.04415421994614918,"{""C"": 0.7498967799368357, ""class_weight"": null, ""l1_ratio"": 0.0}"
4,2,48,0,0.14573326761417937,0.25675552991645034,0.09692213101836798,"{""C"": 0.7498967799368357, ""class_weight"": null, ""l1_ratio"": 0.0}"
4,2,52,1,0.9996081725796776,0.9946339909452939,0.004923223370878408,"{""C"": 0.7498967799368357, ""class_weight"": null, ""l1_ratio"": 0.0}"
4,2,58,1,0.7727561766581954,0.7278134205799807,0.05589816062553285,"{""C"": 0.7498967799368357, ""class_weight"": null, ""l1_ratio"": 0.0}"
4,2,62,1,0.22965350679431595,0.3187198920105151,0.06465541385233994,"{""C"": 0.7498967799368357, ""class_weight"": null, ""l1_ratio"": 0.0}"
4,2,63,1,0.9617048412969688,0.9172784332949119,0.05163198557631312,"{""C"": 0.7498967799368357, ""class_weight"": null, ""l1_ratio"": 0.0}"
4,2,68,0,0.06974555849703834,0.17778613079710828,0.09095131602924297,"{""C"": 0.7498967799368357, ""class_weight"": null, ""l1_ratio"": 0.0}"
4,2,69,1,0.9867967173800278,0.9528021158079756,0.02486038915334876,"{""C"": 0.7498967799368357, ""class_weight"": null, ""l1_ratio"": 0.0}"
4,2,87,1,0.9987667470154886,0.9888005805675691,0.008985356035944634,"{""C"": 0.7498967799368357, ""class_weight"": null, ""l1_ratio"": 0.0}"
4,2,97,1,0.9936703426691198,0.9725487184288918,0.01353754082725601,"{""C"": 0.7498967799368357, ""class_weight"": null, ""l1_ratio"": 0.0}"
4,2,110,1,0.16545028529787087,0.26536283660522525,0.04567800329382317,"{""C"": 0.7498967799368357, ""class_weight"": null, ""l1_ratio"": 0.0}"
4,2,120,1,0.998247029563821,0.9828026749441816,0.016636384954479333,"{""C"": 0.7498967799368357, ""class_weight"": null, ""l1_ratio"": 0.0}"
4,2,125,1,0.9581210671046404,0.9021538509499771,0.04952601121655527,"{""C"": 0.7498967799368357, ""class_weight"": null, ""l1_ratio"": 0.0}"
4,2,127,1,0.9951967243303316,0.9720674286874852,0.021769043026894367,"{""C"": 0.7498967799368357, ""class_weight"": null, ""l1_ratio"": 0.0}"
4,2,128,1,0.9565954338686542,0.8991247779095553,0.050841084855418134,"{""C"": 0.7498967799368357, ""class_weight"": null, ""l1_ratio"": 0.0}"
4,2,130,0,0.14352729309700535,0.23528639218387176,0.06685132264652761,"{""C"": 0.7498967799368357, ""class_weight"": null, ""l1_ratio"": 0.0}"
4,2,132,1,0.99470159961372,0.9656063891009454,0.03162448259276558,"{""C"": 0.7498967799368357, ""class_weight"": null, ""l1_ratio"": 0.0}"
4,2,135,1,0.9898008202901641,0.9456868453094502,0.050004104346728806,"{""C"": 0.7498967799368357, ""class_weight"": null, ""l1_ratio"": 0.0}"
4,2,142,1,0.08736143466120166,0.21976640392361482,0.14475875043053943,"{""C"": 0.7498967799368357, ""class_weight"": null, ""l1_ratio"": 0.0}"
4,2,151,0,0.49166246749475,0.5071044259583107,0.09400565508571314,"{""C"": 0.7498967799368357, ""class_weight"": null, ""l1_ratio"": 0.0}"
4,2,154,1,0.8595488570645718,0.796543881940398,0.059028346964021976,"{""C"": 0.7498967799368357, ""class_weight"": null, ""l1_ratio"": 0.0}"
4,2,155,1,0.9944108423836434,0.968240760441806,0.025424619990411484,"{""C"": 0.7498967799368357, ""class_weight"": null, ""l1_ratio"": 0.0}"
4,2,167,1,0.934702611826433,0.8668437479728338,0.07153522734437688,"{""C"": 0.7498967799368357, ""class_weight"": null, ""l1_ratio"": 0.0}"
4,2,170,0,0.07276942916873218,0.17292821546021345,0.061973988410083565,"{""C"": 0.7498967799368357, ""class_weight"": null, ""l1_ratio"": 0.0}"
4,2,171,1,0.9983745952995575,0.9845114342415491,0.013927842382301103,"{""C"": 0.7498967799368357, ""class_weight"": null, ""l1_ratio"": 0.0}"
4,2,172,1,0.9370459914696099,0.8741252659836727,0.04385527078731898,"{""C"": 0.7498967799368357, ""class_weight"": null, ""l1_ratio"": 0.0}"
4,2,178,1,0.7239187580055767,0.6896112820327278,0.08118877505210176,"{""C"": 0.7498967799368357, ""class_weight"": null, ""l1_ratio"": 0.0}"
4,2,181,1,0.9811491364407063,0.9275485755563405,0.07263067300223802,"{""C"": 0.7498967799368357, ""class_weight"": null, ""l1_ratio"": 0.0}"
4,2,190,0,0.7230544379900353,0.6718567375177483,0.11201161620046635,"{""C"": 0.7498967799368357, ""class_weight"": null, ""l1_ratio"": 0.0}"
4,2,195,1,0.9697033540576031,0.9161220996183301,0.06368645528735598,"{""C"": 0.7498967799368357, ""class_weight"": null, ""l1_ratio"": 0.0}"
4,2,196,0,0.02775982263934295,0.09950385249505042,0.05977783905392642,"{""C"": 0.7498967799368357, ""class_weight"": null, ""l1_ratio"": 0.0}"
4,2,197,1,0.9988173288690986,0.9878566937474126,0.011190477365252595,"{""C"": 0.7498967799368357, ""class_weight"": null, ""l1_ratio"": 0.0}"
4,2,204,0,0.28990296390979575,0.36409907326278446,0.08159107894775866,"{""C"": 0.7498967799368357, ""class_weight"": null, ""l1_ratio"": 0.0}"
4,2,213,0,0.9664986902277171,0.9158217874045137,0.039791860502495516,"{""C"": 0.7498967799368357, ""class_weight"": null, ""l1_ratio"": 0.0}"
4,2,214,0,0.8638900603920467,0.8061819378350228,0.06072282874926835,"{""C"": 0.7498967799368357, ""class_weight"": null, ""l1_ratio"": 0.0}"
4,2,215,1,0.9896455856721093,0.9489974848198456,0.04827091890954329,"{""C"": 0.7498967799368357, ""class_weight"": null, ""l1_ratio"": 0.0}"
4,2,219,1,0.2218816517537665,0.30509715680053423,0.04054325284114616,"{""C"": 0.7498967799368357, ""class_weight"": null, ""l1_ratio"": 0.0}"
4,2,232,1,0.956746806840747,0.9124137462094234,0.05212914447897739,"{""C"": 0.7498967799368357, ""class_weight"": null, ""l1_ratio"": 0.0}"
4,2,237,1,0.38456670789067043,0.4989703461219238,0.10301616136955875,"{""C"": 0.7498967799368357, ""class_weight"": null, ""l1_ratio"": 0.0}"
4,2,238,1,0.21389287860339629,0.27740434369159683,0.05529864012601856,"{""C"": 0.7498967799368357, ""class_weight"": null, ""l1_ratio"": 0.0}"
4,2,242,1,0.9514845602212378,0.8798209494341094,0.07035937257379883,"{""C"": 0.7498967799368357, ""class_weight"": null, ""l1_ratio"": 0.0}"
4,2,243,1,0.8737558684226069,0.8110715757905751,0.042088265496354596,"{""C"": 0.7498967799368357, ""class_weight"": null, ""l1_ratio"": 0.0}"
4,2,257,0,0.19863469766370478,0.295993625220483,0.07005320109513777,"{""C"": 0.7498967799368357, ""class_weight"": null, ""l1_ratio"": 0.0}"
4,2,259,1,0.7337265005144412,0.6983360381159244,0.12158884137070734,"{""C"": 0.7498967799368357, ""class_weight"": null, ""l1_ratio"": 0.0}"
4,2,268,0,0.10697707547958013,0.20577179978283971,0.08743630338663193,"{""C"": 0.7498967799368357, ""class_weight"": null, ""l1_ratio"": 0.0}"
4,2,269,1,0.989464929171848,0.9563522177622332,0.027369646857509186,"{""C"": 0.7498967799368357, ""class_weight"": null, ""l1_ratio"": 0.0}"
4,2,270,0,0.06307921676597444,0.13819447586970451,0.041849060451484225,"{""C"": 0.7498967799368357, ""class_weight"": null, ""l1_ratio"": 0.0}"
4,2,272,0,0.5058476702487468,0.5466595416355597,0.11109578739324195,"{""C"": 0.7498967799368357, ""class_weight"": null, ""l1_ratio"": 0.0}"
4,2,273,1,0.9990202470918078,0.9883193014051983,0.012174395585607877,"{""C"": 0.7498967799368357, ""class_weight"": null, ""l1_ratio"": 0.0}"
4,2,279,1,0.9851961644370829,0.936419374031024,0.051256354283889034,"{""C"": 0.7498967799368357, ""class_weight"": null, ""l1_ratio"": 0.0}"
4,2,280,0,0.7605299185394433,0.7339727413840463,0.10552656272744092,"{""C"": 0.7498967799368357, ""class_weight"": null, ""l1_ratio"": 0.0}"
4,2,288,1,0.4272917204315412,0.46310979714009165,0.045731855025479974,"{""C"": 0.7498967799368357, ""class_weight"": null, ""l1_ratio"": 0.0}"
4,2,292,0,0.7593912076532376,0.696481376212773,0.06455753534442492,"{""C"": 0.7498967799368357, ""class_weight"": null, ""l1_ratio"": 0.0}"
4,2,296,0,0.06336781812269085,0.14998764495571545,0.028908508975220806,"{""C"": 0.7498967799368357, ""class_weight"": null, ""l1_ratio"": 0.0}"
4,3,0,1,0.7186171151220843,0.7430671561208838,0.019188880059186536,"{""C"": 0.08472289990220624, ""class_weight"": null, ""l1_ratio"": 0.0}"
4,3,5,1,0.6869349910688414,0.7049043560248932,0.055009641203183315,"{""C"": 0.08472289990220624, ""class_weight"": null, ""l1_ratio"": 0.0}"
4,3,11,1,0.9950769649564155,0.9977118697372754,0.0015210366902099215,"{""C"": 0.08472289990220624, ""class_weight"": null, ""l1_ratio"": 0.0}"
4,3,23,1,0.9650812910321612,0.9803183197934654,0.01131339294866929,"{""C"": 0.08472289990220624, ""class_weight"": null, ""l1_ratio"": 0.0}"
4,3,24,1,0.7728634665399421,0.7939619548531371,0.061141271477267216,"{""C"": 0.08472289990220624, ""class_weight"": null, ""l1_ratio"": 0.0}"
4,3,37,1,0.9709919491291633,0.9778159976899611,0.019305412038884875,"{""C"": 0.08472289990220624, ""class_weight"": null, ""l1_ratio"": 0.0}"
4,3,44,1,0.7605504038257045,0.7793251884689502,0.11646593230872311,"{""C"": 0.08472289990220624, ""class_weight"": null, ""l1_ratio"": 0.0}"
4,3,59,1,0.9651719878610284,0.9785370866171439,0.014073987957577883,"{""C"": 0.08472289990220624, ""class_weight"": null, ""l1_ratio"": 0.0}"
4,3,64,0,0.28450047873075884,0.2519912545576491,0.04735996345724154,"{""C"": 0.08472289990220624, ""class_weight"": null, ""l1_ratio"": 0.0}"
4,3,66,1,0.9609049119919426,0.9743355261415049,0.01213474127139423,"{""C"": 0.08472289990220624, ""class_weight"": null, ""l1_ratio"": 0.0}"
4,3,78,1,0.8663290566150704,0.8974579084602325,0.03299996199452802,"{""C"": 0.08472289990220624, ""class_weight"": null, ""l1_ratio"": 0.0}"
4,3,79,0,0.3501672356845016,0.322579699957178,0.07121847708209565,"{""C"": 0.08472289990220624, ""class_weight"": null, ""l1_ratio"": 0.0}"
4,3,80,1,0.9661207020123614,0.9778469573867967,0.01620808987163031,"{""C"": 0.08472289990220624, ""class_weight"": null, ""l1_ratio"": 0.0}"
4,3,81,1,0.9905418693542486,0.9951450575957269,0.0031654160606980988,"{""C"": 0.08472289990220624, ""class_weight"": null, ""l1_ratio"": 0.0}"
4,3,84,1,0.925129056884115,0.9453536987504737,0.025852104335923658,"{""C"": 0.08472289990220624, ""class_weight"": null, ""l1_ratio"": 0.0}"
4,3,85,1,0.5921520739524955,0.5895008922498927,0.05228703633592912,"{""C"": 0.08472289990220624, ""class_weight"": null, ""l1_ratio"": 0.0}"
4,3,86,1,0.9301543144423999,0.9582681505223896,0.013913419354327071,"{""C"": 0.08472289990220624, ""class_weight"": null, ""l1_ratio"": 0.0}"
4,3,89,1,0.956409906676,0.9712166626455312,0.020606388847617754,"{""C"": 0.08472289990220624, ""class_weight"": null, ""l1_ratio"": 0.0}"
4,3,90,1,0.7048758845344875,0.7273033337255742,0.04655185290875583,"{""C"": 0.08472289990220624, ""class_weight"": null, ""l1_ratio"": 0.0}"
4,3,95,1,0.8573022745103193,0.8870842260653695,0.03398288530087417,"{""C"": 0.08472289990220624, ""class_weight"": null, ""l1_ratio"": 0.0}"
4,3,98,1,0.9117905210567878,0.9381591327806234,0.014323058163962345,"{""C"": 0.08472289990220624, ""class_weight"": null, ""l1_ratio"": 0.0}"
4,3,99,1,0.5824549864620886,0.5839893710577737,0.07843901157066124,"{""C"": 0.08472289990220624, ""class_weight"": null, ""l1_ratio"": 0.0}"
4,3,102,0,0.2975562287316115,0.25071068950522746,0.04126186523597427,"{""C"": 0.08472289990220624, ""class_weight"": null, ""l1_ratio"": 0.0}"
4,3,105,1,0.78527280144331,0.8096112199617554,0.08043464230683127,"{""C"": 0.08472289990220624, ""class_weight"": null, ""l1_ratio"": 0.0}"
4,3,108,0,0.3939429338809842,0.36285340541108635,0.08806640223531047,"{""C"": 0.08472289990220624, ""class_weight"": null, ""l1_ratio"": 0.0}"
4,3,111,1,0.9273665990420078,0.9534892184843391,0.015320922319357064,"{""C"": 0.08472289990220624, ""class_weight"": null, ""l1_ratio"": 0.0}"
4,3,112,1,0.8417899488246784,0.8728540588943142,0.04952858156364464,"{""C"": 0.08472289990220624, ""class_weight"": null, ""l1_ratio"": 0.0}"
4,3,117,1,0.9131006537976027,0.9385406356675216,0.028645902136886968,"{""C"": 0.08472289990220624, ""class_weight"": null, ""l1_ratio"": 0.0}"
4,3,119,1,0.8851094575524033,0.9162287667323179,0.04592413790521135,"{""C"": 0.08472289990220624, ""class_weight"": null, ""l1_ratio"": 0.0}"
4,3,129,0,0.34052182113669677,0.3194167329277651,0.05521016616800261,"{""C"": 0.08472289990220624, ""class_weight"": null, ""l1_ratio"": 0.0}"
4,3,137,0,0.35586383615739803,0.3105402569731292,0.03536900420390981,"{""C"": 0.08472289990220624, ""class_weight"": null, ""l1_ratio"": 0.0}"
4,3,145,1,0.9035225624775148,0.9367795034631794,0.017349050474733528,"{""C"": 0.08472289990220624, ""class_weight"": null, ""l1_ratio"": 0.0}"
4,3,149,1,0.9474730561822159,0.9645724203919039,0.019773470515355777,"{""C"": 0.08472289990220624, ""class_weight"": null, ""l1_ratio"": 0.0}"
4,3,156,1,0.8806852136615493,0.9172968730906129,0.04207793276422069,"{""C"": 0.08472289990220624, ""class_weight"": null, ""l1_ratio"": 0.0}"
4,3,179,0,0.4401614011337179,0.42409758113528895,0.0827936474310196,"{""C"": 0.08472289990220624, ""class_weight"": null, ""l1_ratio"": 0.0}"
4,3,183,0,0.6727176810006724,0.6921836497574395,0.043104524015441625,"{""C"": 0.08472289990220624, ""class_weight"": null, ""l1_ratio"": 0.0}"
4,3,184,1,0.6977129513379322,0.706385347986123,0.05650227089810782,"{""C"": 0.08472289990220624, ""class_weight"": null, ""l1_ratio"": 0.0}"
4,3,185,0,0.8027020225730579,0.8309938741238149,0.022665854458546773,"{""C"": 0.08472289990220624, ""class_weight"": null, ""l1_ratio"": 0.0}"
4,3,186,0,0.8357629321294677,0.876294834506167,0.049226233721332405,"{""C"": 0.08472289990220624, ""class_weight"": null, ""l1_ratio"": 0.0}"
4,3,191,1,0.9125648191356394,0.9326266528818717,0.03425220916061655,"{""C"": 0.08472289990220624, ""class_weight"": null, ""l1_ratio"": 0.0}"
4,3,192,0,0.22259842261843846,0.17908928326394744,0.07532129680709772,"{""C"": 0.08472289990220624, ""class_weight"": null, ""l1_ratio"": 0.0}"
4,3,194,0,0.2538886670885521,0.21384869979764956,0.0680637474392869,"{""C"": 0.08472289990220624, ""class_weight"": null, ""l1_ratio"": 0.0}"
4,3,199,0,0.4733164288437909,0.4730282818253526,0.055397761837956035,"{""C"": 0.08472289990220624, ""class_weight"": null, ""l1_ratio"": 0.0}"
4,3,200,1,0.6387957323744957,0.6527907529530301,0.06708864717435895,"{""C"": 0.08472289990220624, ""class_weight"": null, ""l1_ratio"": 0.0}"
4,3,220,1,0.9158593059293123,0.9435456958618362,0.017603590837427303,"{""C"": 0.08472289990220624, ""class_weight"": null, ""l1_ratio"": 0.0}"
4,3,222,1,0.9156932855247404,0.9463771797562878,0.021659935845661327,"{""C"": 0.08472289990220624, ""class_weight"": null, ""l1_ratio"": 0.0}"
4,3,223,1,0.7915549857382962,0.8172049411136031,0.03899552480413699,"{""C"": 0.08472289990220624, ""class_weight"": null, ""l1_ratio"": 0.0}"
4,3,224,1,0.9314975617536271,0.9576484016460585,0.014642731338646357,"{""C"": 0.08472289990220624, ""class_weight"": null, ""l1_ratio"": 0.0}"
4,3,228,1,0.7380860854109504,0.7528618635044318,0.052865028093697156,"{""C"": 0.08472289990220624, ""class_weight"": null, ""l1_ratio"": 0.0}"
4,3,229,1,0.8279238727411012,0.8590529568545897,0.05078224890771533,"{""C"": 0.08472289990220624, ""class_weight"": null, ""l1_ratio"": 0.0}"
4,3,230,1,0.995033100876478,0.9976634275075261,0.0017912011774463843,"{""C"": 0.08472289990220624, ""class_weight"": null, ""l1_ratio"": 0.0}"
4,3,258,0,0.2296984137172943,0.18845517177021187,0.043939398505472425,"{""C"": 0.08472289990220624, ""class_weight"": null, ""l1_ratio"": 0.0}"
4,3,260,1,0.9832183057604401,0.9881334032343247,0.013220598429964332,"{""C"": 0.08472289990220624, ""class_weight"": null, ""l1_ratio"": 0.0}"
4,3,264,0,0.41599499588314837,0.38909746413252544,0.05132954393317378,"{""C"": 0.08472289990220624, ""class_weight"": null, ""l1_ratio"": 0.0}"
4,3,271,1,0.9691234284109596,0.9816077707399931,0.010850767490300442,"{""C"": 0.08472289990220624, ""class_weight"": null, ""l1_ratio"": 0.0}"
4,3,278,1,0.9109793338606159,0.9392935253306847,0.019799357811969745,"{""C"": 0.08472289990220624, ""class_weight"": null, ""l1_ratio"": 0.0}"
4,3,282,1,0.7649827379084332,0.8025331307026553,0.03731705557504496,"{""C"": 0.08472289990220624, ""class_weight"": null, ""l1_ratio"": 0.0}"
4,3,284,0,0.7952625931424578,0.8313916796643719,0.023281491984283153,"{""C"": 0.08472289990220624, ""class_weight"": null, ""l1_ratio"": 0.0}"
4,3,293,0,0.4497795283704857,0.43144593709673773,0.06931866328491236,"{""C"": 0.08472289990220624, ""class_weight"": null, ""l1_ratio"": 0.0}"
4,3,294,1,0.6362935906321262,0.6593865182424775,0.09643440187038177,"{""C"": 0.08472289990220624, ""class_weight"": null, ""l1_ratio"": 0.0}"
4,4,2,1,0.9454974909424196,0.9306695604969628,0.020941501686028718,"{""C"": 0.515255963011791, ""class_weight"": ""balanced"", ""l1_ratio"": 0.0}"
4,4,3,0,0.04425604630822563,0.2790804488454246,0.18173084082240193,"{""C"": 0.515255963011791, ""class_weight"": ""balanced"", ""l1_ratio"": 0.0}"
4,4,4,0,0.017991674585097223,0.13073283278424613,0.09260703588720412,"{""C"": 0.515255963011791, ""class_weight"": ""balanced"", ""l1_ratio"": 0.0}"
4,4,6,1,0.9964658998157652,0.98277452115911,0.015856477587870735,"{""C"": 0.515255963011791, ""class_weight"": ""balanced"", ""l1_ratio"": 0.0}"
4,4,12,1,0.9996438829220801,0.9963849899439292,0.003206013808143855,"{""C"": 0.515255963011791, ""class_weight"": ""balanced"", ""l1_ratio"": 0.0}"
4,4,13,1,0.979106491376012,0.9421120969696666,0.0566610923642286,"{""C"": 0.515255963011791, ""class_weight"": ""balanced"", ""l1_ratio"": 0.0}"
4,4,15,1,0.6919653535106122,0.766312653800161,0.10457598156910396,"{""C"": 0.515255963011791, ""class_weight"": ""balanced"", ""l1_ratio"": 0.0}"
4,4,21,1,0.9083330886551549,0.881394057046976,0.04741515800644717,"{""C"": 0.515255963011791, ""class_weight"": ""balanced"", ""l1_ratio"": 0.0}"
4,4,27,1,0.18328208213386818,0.3941143729103759,0.032514597714629404,"{""C"": 0.515255963011791, ""class_weight"": ""balanced"", ""l1_ratio"": 0.0}"
4,4,28,1,0.9997535365038142,0.9969016156586971,0.0022867085572147662,"{""C"": 0.515255963011791, ""class_weight"": ""balanced"", ""l1_ratio"": 0.0}"
4,4,43,1,0.9340373224522236,0.877367776888134,0.07607442397452377,"{""C"": 0.515255963011791, ""class_weight"": ""balanced"", ""l1_ratio"": 0.0}"
4,4,50,1,0.45678686968808363,0.6152282818958724,0.12817403489882467,"{""C"": 0.515255963011791, ""class_weight"": ""balanced"", ""l1_ratio"": 0.0}"
4,4,51,1,0.755818802415111,0.7820948087314519,0.07952968019775637,"{""C"": 0.515255963011791, ""class_weight"": ""balanced"", ""l1_ratio"": 0.0}"
4,4,55,1,0.9431692554803403,0.926605948924659,0.026007055005634706,"{""C"": 0.515255963011791, ""class_weight"": ""balanced"", ""l1_ratio"": 0.0}"
4,4,56,1,0.9492770728620189,0.9102846552704703,0.08973458236051501,"{""C"": 0.515255963011791, ""class_weight"": ""balanced"", ""l1_ratio"": 0.0}"
4,4,70,0,0.2858730526375814,0.4840668291605315,0.12918970619732792,"{""C"": 0.515255963011791, ""class_weight"": ""balanced"", ""l1_ratio"": 0.0}"
4,4,72,1,0.44649215009423465,0.6195891321691223,0.10026559726750617,"{""C"": 0.515255963011791, ""class_weight"": ""balanced"", ""l1_ratio"": 0.0}"
4,4,73,1,0.6102374214602405,0.7030585083863761,0.16694874165511014,"{""C"": 0.515255963011791, ""class_weight"": ""balanced"", ""l1_ratio"": 0.0}"
4,4,76,1,0.9870200142603961,0.9651020453360782,0.026344800252175643,"{""C"": 0.515255963011791, ""class_weight"": ""balanced"", ""l1_ratio"": 0.0}"
4,4,93,0,0.8959964780996595,0.8792799330095488,0.036188003461296366,"{""C"": 0.515255963011791, ""class_weight"": ""balanced"", ""l1_ratio"": 0.0}"
4,4,94,1,0.9732057384640804,0.954589972476762,0.014102184134170612,"{""C"": 0.515255963011791, ""class_weight"": ""balanced"", ""l1_ratio"": 0.0}"
4,4,100,1,0.9991277807610618,0.992554088000241,0.006481478422947228,"{""C"": 0.515255963011791, ""class_weight"": ""balanced"", ""l1_ratio"": 0.0}"
4,4,101,1,0.993508566790989,0.9807949501364315,0.006441513778705407,"{""C"": 0.515255963011791, ""class_weight"": ""balanced"", ""l1_ratio"": 0.0}"
4,4,103,1,0.8523839296774147,0.8568900654517522,0.05395424845267591,"{""C"": 0.515255963011791, ""class_weight"": ""balanced"", ""l1_ratio"": 0.0}"
4,4,104,1,0.7840203518242864,0.8036982805359918,0.07147057828834029,"{""C"": 0.515255963011791, ""class_weight"": ""balanced"", ""l1_ratio"": 0.0}"
4,4,107,1,0.013208865311201192,0.11071594547478954,0.07313772526748953,"{""C"": 0.515255963011791, ""class_weight"": ""balanced"", ""l1_ratio"": 0.0}"
4,4,113,0,0.04438863253985224,0.18448680302701564,0.04926169693442556,"{""C"": 0.515255963011791, ""class_weight"": ""balanced"", ""l1_ratio"": 0.0}"
4,4,115,1,0.9477582544386379,0.9238632804000044,0.03367770636552625,"{""C"": 0.515255963011791, ""class_weight"": ""balanced"", ""l1_ratio"": 0.0}"
4,4,123,1,0.6349244052778934,0.7103133571444612,0.09781502079616307,"{""C"": 0.515255963011791, ""class_weight"": ""balanced"", ""l1_ratio"": 0.0}"
4,4,126,1,0.9428406559372162,0.927034230439929,0.018014297701782762,"{""C"": 0.515255963011791, ""class_weight"": ""balanced"", ""l1_ratio"": 0.0}"
4,4,133,0,0.378522864370859,0.5677560631787372,0.027050261926649923,"{""C"": 0.515255963011791, ""class_weight"": ""balanced"", ""l1_ratio"": 0.0}"
4,4,134,1,0.9037971660741572,0.8733578760602672,0.03869352825694135,"{""C"": 0.515255963011791, ""class_weight"": ""balanced"", ""l1_ratio"": 0.0}"
4,4,136,0,0.06684995744660827,0.23882826168682994,0.04170029308132921,"{""C"": 0.515255963011791, ""class_weight"": ""balanced"", ""l1_ratio"": 0.0}"
4,4,143,0,0.0021634121709320476,0.033382903381884335,0.01994861680309329,"{""C"": 0.515255963011791, ""class_weight"": ""balanced"", ""l1_ratio"": 0.0}"
4,4,150,0,0.5950600898314872,0.6839011412860455,0.06765135147834565,"{""C"": 0.515255963011791, ""class_weight"": ""balanced"", ""l1_ratio"": 0.0}"
4,4,152,1,0.5423549143027211,0.6696483873703156,0.092170245588913,"{""C"": 0.515255963011791, ""class_weight"": ""balanced"", ""l1_ratio"": 0.0}"
4,4,161,1,0.9897969885794332,0.9709031906051176,0.015163862757363988,"{""C"": 0.515255963011791, ""class_weight"": ""balanced"", ""l1_ratio"": 0.0}"
4,4,169,0,0.09330245296556604,0.26975645606623316,0.06173694684966927,"{""C"": 0.515255963011791, ""class_weight"": ""balanced"", ""l1_ratio"": 0.0}"
4,4,174,1,0.999985759362934,0.9994021836672624,0.0005436559205081001,"{""C"": 0.515255963011791, ""class_weight"": ""balanced"", ""l1_ratio"": 0.0}"
4,4,205,1,0.6271675645692854,0.7302920658912392,0.11397356286597154,"{""C"": 0.515255963011791, ""class_weight"": ""balanced"", ""l1_ratio"": 0.0}"
4,4,211,1,0.9322725228496584,0.9091337113026021,0.04315299359363624,"{""C"": 0.515255963011791, ""class_weight"": ""balanced"", ""l1_ratio"": 0.0}"
4,4,216,0,0.3522441103082354,0.5367649242173093,0.08591854211390722,"{""C"": 0.515255963011791, ""class_weight"": ""balanced"", ""l1_ratio"": 0.0}"
4,4,227,1,0.75826539646953,0.8008736759578083,0.039226712264784795,"{""C"": 0.515255963011791, ""class_weight"": ""balanced"", ""l1_ratio"": 0.0}"
4,4,233,0,0.26955622764845927,0.46360345304253203,0.09136106296995945,"{""C"": 0.515255963011791, ""class_weight"": ""balanced"", ""l1_ratio"": 0.0}"
4,4,235,1,0.9987466939457847,0.9912162828668436,0.004910104934239773,"{""C"": 0.515255963011791, ""class_weight"": ""balanced"", ""l1_ratio"": 0.0}"
4,4,240,1,0.9894438814236244,0.9737146084113528,0.01546644552055104,"{""C"": 0.515255963011791, ""class_weight"": ""balanced"", ""l1_ratio"": 0.0}"
4,4,241,1,0.7050635287301029,0.7611287712300432,0.10301597060144982,"{""C"": 0.515255963011791, ""class_weight"": ""balanced"", ""l1_ratio"": 0.0}"
4,4,245,1,0.11272152297515013,0.2962027255843339,0.12556105625268882,"{""C"": 0.515255963011791, ""class_weight"": ""balanced"", ""l1_ratio"": 0.0}"
4,4,249,1,0.6906954488377497,0.7652603965119018,0.047573101097753215,"{""C"": 0.515255963011791, ""class_weight"": ""balanced"", ""l1_ratio"": 0.0}"
4,4,253,1,0.3974561034893058,0.5941928128770548,0.08881205777017143,"{""C"": 0.515255963011791, ""class_weight"": ""balanced"", ""l1_ratio"": 0.0}"
4,4,262,1,0.24822520435781628,0.46663699292246197,0.09133625302679052,"{""C"": 0.515255963011791, ""class_weight"": ""balanced"", ""l1_ratio"": 0.0}"
4,4,263,0,0.0071451966983851825,0.0690329718342979,0.032763498545045885,"{""C"": 0.515255963011791, ""class_weight"": ""balanced"", ""l1_ratio"": 0.0}"
4,4,265,1,0.43375478333604456,0.6272298173197982,0.05363274858110997,"{""C"": 0.515255963011791, ""class_weight"": ""balanced"", ""l1_ratio"": 0.0}"
4,4,266,1,0.979593545315873,0.9582270690693402,0.024363017864049003,"{""C"": 0.515255963011791, ""class_weight"": ""balanced"", ""l1_ratio"": 0.0}"
4,4,274,1,0.9993053754388541,0.994715073776075,0.004546633779464596,"{""C"": 0.515255963011791, ""class_weight"": ""balanced"", ""l1_ratio"": 0.0}"
4,4,287,0,0.03435345184140165,0.17330715649866776,0.0714307121866979,"{""C"": 0.515255963011791, ""class_weight"": ""balanced"", ""l1_ratio"": 0.0}"
4,4,290,0,0.17205670881833618,0.3603413953029071,0.06145764312338434,"{""C"": 0.515255963011791, ""class_weight"": ""balanced"", ""l1_ratio"": 0.0}"
4,4,295,0,0.2797296312983385,0.5283169846510051,0.04629835615450417,"{""C"": 0.515255963011791, ""class_weight"": ""balanced"", ""l1_ratio"": 0.0}"
4,4,300,0,0.16632769355993618,0.3842382923138744,0.05133883440357697,"{""C"": 0.515255963011791, ""class_weight"": ""balanced"", ""l1_ratio"": 0.0}"
4,4,302,1,0.7635535445802752,0.7913300334079525,0.07003639647000377,"{""C"": 0.515255963011791, ""class_weight"": ""balanced"", ""l1_ratio"": 0.0}"
