repeat,fold,idx,y,p_base,p,spread,params
0,0,6,1,0.7977891034387813,0.9393304038700162,0.029725631429890573,"{""class_weight"": ""balanced"", ""max_depth"": 6, ""max_features"": ""sqrt"", ""min_samples_leaf"": 2}"
0,0,8,0,0.39729220158888834,0.29376424961273023,0.09716032477449597,"{""class_weight"": ""balanced"", ""max_depth"": 6, ""max_features"": ""sqrt"", ""min_samples_leaf"": 2}"
0,0,14,1,0.5088882840048983,0.6947932403670899,0.0414471936670082,"{""class_weight"": ""balanced"", ""max_depth"": 6, ""max_features"": ""sqrt"", ""min_samples_leaf"": 2}"
0,0,16,0,0.38724000942096193,0.37848264746621335,0.07796746989085519,"{""class_weight"": ""balanced"", ""max_depth"": 6, ""max_features"": ""sqrt"", ""min_samples_leaf"": 2}"
0,0,18,1,0.7741697210577811,0.9197071676652065,0.032502610724527134,"{""class_weight"": ""balanced"", ""max_depth"": 6, ""max_features"": ""sqrt"", ""min_samples_leaf"": 2}"
0,0,22,1,0.8596103438125423,0.9648678956408714,0.02217751502163268,"{""class_weight"": ""balanced"", ""max_depth"": 6, ""max_features"": ""sqrt"", ""min_samples_leaf"": 2}"
0,0,29,1,0.8839784993407847,0.967507733395899,0.016554314122987086,"{""class_weight"": ""balanced"", ""max_depth"": 6, ""max_features"": ""sqrt"", ""min_samples_leaf"": 2}"
0,0,33,1,0.8063817295389231,0.9384969775386814,0.02547931400626309,"{""class_weight"": ""balanced"", ""max_depth"": 6, ""max_features"": ""sqrt"", ""min_samples_leaf"": 2}"
0,0,60,0,0.2799451218700364,0.23176447592882438,0.06569295455549723,"{""class_weight"": ""balanced"", ""max_depth"": 6, ""max_features"": ""sqrt"", ""min_samples_leaf"": 2}"
0,0,63,1,0.7656734799389123,0.9161019624612876,0.0426041955869912,"{""class_weight"": ""balanced"", ""max_depth"": 6, ""max_features"": ""sqrt"", ""min_samples_leaf"": 2}"
0,0,65,1,0.6822099377943903,0.8670511960419652,0.05505836469848769,"{""class_weight"": ""balanced"", ""max_depth"": 6, ""max_features"": ""sqrt"", ""min_samples_leaf"": 2}"
0,0,68,0,0.41484040146173284,0.5351926633157105,0.11095623485457945,"{""class_weight"": ""balanced"", ""max_depth"": 6, ""max_features"": ""sqrt"", ""min_samples_leaf"": 2}"
0,0,71,1,0.7681346178550992,0.9314914235556062,0.029284176417498354,"{""class_weight"": ""balanced"", ""max_depth"": 6, ""max_features"": ""sqrt"", ""min_samples_leaf"": 2}"
0,0,72,1,0.7626720360509485,0.9052304151094329,0.03731245734600514,"{""class_weight"": ""balanced"", ""max_depth"": 6, ""max_features"": ""sqrt"", ""min_samples_leaf"": 2}"
0,0,77,1,0.6767769733448289,0.8281719759249999,0.05377907432056177,"{""class_weight"": ""balanced"", ""max_depth"": 6, ""max_features"": ""sqrt"", ""min_samples_leaf"": 2}"
0,0,87,1,0.7718364868185721,0.9307729746650739,0.03119899438948259,"{""class_weight"": ""balanced"", ""max_depth"": 6, ""max_features"": ""sqrt"", ""min_samples_leaf"": 2}"
0,0,88,1,0.8050043081312415,0.939852434790698,0.03388099587441471,"{""class_weight"": ""balanced"", ""max_depth"": 6, ""max_features"": ""sqrt"", ""min_samples_leaf"": 2}"
0,0,89,1,0.9111828722075639,0.9694079317248061,0.023137762530781827,"{""class_weight"": ""balanced"", ""max_depth"": 6, ""max_features"": ""sqrt"", ""min_samples_leaf"": 2}"
0,0,90,1,0.5188956968252242,0.6544620129656276,0.08937933802831334,"{""class_weight"": ""balanced"", ""max_depth"": 6, ""max_features"": ""sqrt"", ""min_samples_leaf"": 2}"
0,0,92,1,0.7529294142390397,0.9366111718486454,0.04407860214400668,"{""class_weight"": ""balanced"", ""max_depth"": 6, ""max_features"": ""sqrt"", ""min_samples_leaf"": 2}"
0,0,101,1,0.7834856152412863,0.9486186888306886,0.027619287068719977,"{""class_weight"": ""balanced"", ""max_depth"": 6, ""max_features"": ""sqrt"", ""min_samples_leaf"": 2}"
0,0,106,1,0.7226202586482423,0.8951137621788717,0.04026660301908903,"{""class_weight"": ""balanced"", ""max_depth"": 6, ""max_features"": ""sqrt"", ""min_samples_leaf"": 2}"
0,0,111,1,0.7787130980282765,0.945539851023829,0.026000097473526888,"{""class_weight"": ""balanced"", ""max_depth"": 6, ""max_features"": ""sqrt"", ""min_samples_leaf"": 2}"
0,0,120,1,0.6893248266689164,0.8802680302302145,0.03551374049416352,"{""class_weight"": ""balanced"", ""max_depth"": 6, ""max_features"": ""sqrt"", ""min_samples_leaf"": 2}"
0,0,123,1,0.4223806759474002,0.4965967915915891,0.15240109881618386,"{""class_weight"": ""balanced"", ""max_depth"": 6, ""max_features"": ""sqrt"", ""min_samples_leaf"": 2}"
0,0,126,1,0.7423988999924315,0.9068839420669056,0.03257657956410239,"{""class_weight"": ""balanced"", ""max_depth"": 6, ""max_features"": ""sqrt"", ""min_samples_leaf"": 2}"
0,0,127,1,0.8281096645771245,0.9440721607637432,0.03542462161852356,"{""class_weight"": ""balanced"", ""max_depth"": 6, ""max_features"": ""sqrt"", ""min_samples_leaf"": 2}"
0,0,129,0,0.31894070420739695,0.39476023839093616,0.0705884467553472,"{""class_weight"": ""balanced"", ""max_depth"": 6, ""max_features"": ""sqrt"", ""min_samples_leaf"": 2}"
0,0,132,1,0.8318432853810416,0.949003406237652,0.034742605417953445,"{""class_weight"": ""balanced"", ""max_depth"": 6, ""max_features"": ""sqrt"", ""min_samples_leaf"": 2}"
0,0,134,1,0.7954132245901124,0.9244081933550101,0.044664750719126046,"{""class_weight"": ""balanced"", ""max_depth"": 6, ""max_features"": ""sqrt"", ""min_samples_leaf"": 2}"
0,0,140,1,0.793091865895432,0.9462712023238146,0.034217243670433044,"{""class_weight"": ""balanced"", ""max_depth"": 6, ""max_features"": ""sqrt"", ""min_samples_leaf"": 2}"
0,0,141,1,0.860162865625078,0.963434536869522,0.023137802613790254,"{""class_weight"": ""balanced"", ""max_depth"": 6, ""max_features"": ""sqrt"", ""min_samples_leaf"": 2}"
0,0,148,1,0.6634216227734026,0.8275612199311404,0.050245120722047565,"{""class_weight"": ""balanced"", ""max_depth"": 6, ""max_features"": ""sqrt"", ""min_samples_leaf"": 2}"
0,0,153,0,0.4433886537822147,0.5786796530569185,0.08938534480722553,"{""class_weight"": ""balanced"", ""max_depth"": 6, ""max_features"": ""sqrt"", ""min_samples_leaf"": 2}"
0,0,156,1,0.7200358995378147,0.8858881032800083,0.04117003731632562,"{""class_weight"": ""balanced"", ""max_depth"": 6, ""max_features"": ""sqrt"", ""min_samples_leaf"": 2}"
0,0,164,1,0.8715149233984856,0.9674607169184286,0.01929352903755847,"{""class_weight"": ""balanced"", ""max_depth"": 6, ""max_features"": ""sqrt"", ""min_samples_leaf"": 2}"
0,0,166,0,0.33842421965960817,0.3114320238515444,0.14426877219181508,"{""class_weight"": ""balanced"", ""max_depth"": 6, ""max_features"": ""sqrt"", ""min_samples_leaf"": 2}"
0,0,167,1,0.6546040532560187,0.8208955595710445,0.06176044401255872,"{""class_weight"": ""balanced"", ""max_depth"": 6, ""max_features"": ""sqrt"", ""min_samples_leaf"": 2}"
0,0,168,0,0.2801034371596974,0.2282668453812641,0.1510120248203633,"{""class_weight"": ""balanced"", ""max_depth"": 6, ""max_features"": ""sqrt"", ""min_samples_leaf"": 2}"
0,0,174,1,0.9542160107939611,0.9781957082542627,0.01779793375323724,"{""class_weight"": ""balanced"", ""max_depth"": 6, ""max_features"": ""sqrt"", ""min_samples_leaf"": 2}"
0,0,181,1,0.8619170919392811,0.9570238666489315,0.024088088881618147,"{""class_weight"": ""balanced"", ""max_depth"": 6, ""max_features"": ""sqrt"", ""min_samples_leaf"": 2}"
0,0,187,1,0.7980957757072537,0.9398026924894399,0.024658318867674944,"{""class_weight"": ""balanced"", ""max_depth"": 6, ""max_features"": ""sqrt"", ""min_samples_leaf"": 2}"
0,0,194,0,0.2837590241548414,0.21066911919454614,0.05238744583303999,"{""class_weight"": ""balanced"", ""max_depth"": 6, ""max_features"": ""sqrt"", ""min_samples_leaf"": 2}"
0,0,201,0,0.5304649193002204,0.5979209792754435,0.08062129818731456,"{""class_weight"": ""balanced"", ""max_depth"": 6, ""max_features"": ""sqrt"", ""min_samples_leaf"": 2}"
0,0,203,0,0.3867252099762441,0.3970544520840359,0.14408265120159378,"{""class_weight"": ""balanced"", ""max_depth"": 6, ""max_features"": ""sqrt"", ""min_samples_leaf"": 2}"
0,0,205,1,0.3755567415831648,0.49633236630116667,0.1509869273117638,"{""class_weight"": ""balanced"", ""max_depth"": 6, ""max_features"": ""sqrt"", ""min_samples_leaf"": 2}"
0,0,206,1,0.8410165065523642,0.9496934596538592,0.026214150687747708,"{""class_weight"": ""balanced"", ""max_depth"": 6, ""max_features"": ""sqrt"", ""min_samples_leaf"": 2}"
0,0,212,0,0.2008165520936742,0.14891116214314784,0.0872271539236296,"{""class_weight"": ""balanced"", ""max_depth"": 6, ""max_features"": ""sqrt"", ""min_samples_leaf"": 2}"
0,0,220,1,0.6730108377586664,0.8350490524385183,0.0644262737656484,"{""class_weight"": ""balanced"", ""max_depth"": 6, ""max_features"": ""sqrt"", ""min_samples_leaf"": 2}"
0,0,221,1,0.6068385500267163,0.7646246736699087,0.1010582368227391,"{""class_weight"": ""balanced"", ""max_depth"": 6, ""max_features"": ""sqrt"", ""min_samples_leaf"": 2}"
0,0,225,1,0.5935476817577436,0.722201775565527,0.1300624405791139,"{""class_weight"": ""balanced"", ""max_depth"": 6, ""max_features"": ""sqrt"", ""min_samples_leaf"": 2}"
0,0,233,0,0.25022374919254803,0.22668503936732964,0.07813167007434126,"{""class_weight"": ""balanced"", ""max_depth"": 6, ""max_features"": ""sqrt"", ""min_samples_leaf"": 2}"
0,0,244,1,0.4006132577769497,0.47852146784966215,0.10929622655508815,"{""class_weight"": ""balanced"", ""max_depth"": 6, ""max_features"": ""sqrt"", ""min_samples_leaf"": 2}"
0,0,251,1,0.4002427468382149,0.4416601621026938,0.07014713394579897,"{""class_weight"": ""balanced"", ""max_depth"": 6, ""max_features"": ""sqrt"", ""min_samples_leaf"": 2}"
0,0,259,1,0.7088451315127644,0.8708290739163275,0.037015815890168315,"{""class_weight"": ""balanced"", ""max_depth"": 6, ""max_features"": ""sqrt"", ""min_samples_leaf"": 2}"
0,0,264,0,0.2447515890309171,0.2271500656892144,0.10408507642188082,"{""class_weight"": ""balanced"", ""max_depth"": 6, ""max_features"": ""sqrt"", ""min_samples_leaf"": 2}"
0,0,279,1,0.6555848106976262,0.8748778555622341,0.04201882392468576,"{""class_weight"": ""balanced"", ""max_depth"": 6, ""max_features"": ""sqrt"", ""min_samples_leaf"": 2}"
0,0,288,1,0.5238362049865927,0.6076684555929259,0.03564832629311522,"{""class_weight"": ""balanced"", ""max_depth"": 6, ""max_features"": ""sqrt"", ""min_samples_leaf"": 2}"
0,0,292,0,0.6203780890807045,0.8019539757035782,0.05299035315477456,"{""class_weight"": ""balanced"", ""max_depth"": 6, ""max_features"": ""sqrt"", ""min_samples_leaf"": 2}"
0,0,299,0,0.27935883429220615,0.25544860506355593,0.11639278946857881,"{""class_weight"": ""balanced"", ""max_depth"": 6, ""max_features"": ""sqrt"", ""min_samples_leaf"": 2}"
0,0,300,0,0.24465868226226667,0.20349480486694707,0.09921694757531221,"{""class_weight"": ""balanced"", ""max_depth"": 6, ""max_features"": ""sqrt"", ""min_samples_leaf"": 2}"
0,1,4,0,0.38110514117342886,0.45500968958416854,0.02087098710445071,"{""class_weight"": ""balanced"", ""max_depth"": 3, ""max_features"": 0.3, ""min_samples_leaf"": 2}"
0,1,10,1,0.8161361057874107,0.9440898998427738,0.029837571367145484,"{""class_weight"": ""balanced"", ""max_depth"": 3, ""max_features"": 0.3, ""min_samples_leaf"": 2}"
0,1,19,1,0.8830241534159051,0.9611011195138259,0.022282956303680244,"{""class_weight"": ""balanced"", ""max_depth"": 3, ""max_features"": 0.3, ""min_samples_leaf"": 2}"
0,1,24,1,0.7986518711696036,0.9369952045949234,0.045062859988373054,"{""class_weight"": ""balanced"", ""max_depth"": 3, ""max_features"": 0.3, ""min_samples_leaf"": 2}"
0,1,26,0,0.3092557792056682,0.3456830824627219,0.13501728745502772,"{""class_weight"": ""balanced"", ""max_depth"": 3, ""max_features"": 0.3, ""min_samples_leaf"": 2}"
0,1,28,1,0.8966982490624925,0.9700585903807358,0.020159386536325805,"{""class_weight"": ""balanced"", ""max_depth"": 3, ""max_features"": 0.3, ""min_samples_leaf"": 2}"
0,1,34,1,0.5829245933377453,0.8217147171735155,0.04915488419912682,"{""class_weight"": ""balanced"", ""max_depth"": 3, ""max_features"": 0.3, ""min_samples_leaf"": 2}"
0,1,38,1,0.6722674187883677,0.8410195728047173,0.05371687079300575,"{""class_weight"": ""balanced"", ""max_depth"": 3, ""max_features"": 0.3, ""min_samples_leaf"": 2}"
0,1,41,0,0.25640439491577727,0.2525620084174429,0.04576588102629567,"{""class_weight"": ""balanced"", ""max_depth"": 3, ""max_features"": 0.3, ""min_samples_leaf"": 2}"
0,1,45,1,0.8516898261217981,0.9504775668504413,0.03686190257566589,"{""class_weight"": ""balanced"", ""max_depth"": 3, ""max_features"": 0.3, ""min_samples_leaf"": 2}"
0,1,48,0,0.26854527242163023,0.2509712893800507,0.12187693980134374,"{""class_weight"": ""balanced"", ""max_depth"": 3, ""max_features"": 0.3, ""min_samples_leaf"": 2}"
0,1,55,1,0.8938009368796446,0.9632502736413686,0.026288884235486695,"{""class_weight"": ""balanced"", ""max_depth"": 3, ""max_features"": 0.3, ""min_samples_leaf"": 2}"
0,1,59,1,0.8845921378673306,0.9648309512906798,0.022978018759310125,"{""class_weight"": ""balanced"", ""max_depth"": 3, ""max_features"": 0.3, ""min_samples_leaf"": 2}"
0,1,73,1,0.769309384656034,0.9213731561321323,0.026159937495903254,"{""class_weight"": ""balanced"", ""max_depth"": 3, ""max_features"": 0.3, ""min_samples_leaf"": 2}"
0,1,75,1,0.6505659559904281,0.82966623121398,0.04538596809000549,"{""class_weight"": ""balanced"", ""max_depth"": 3, ""max_features"": 0.3, ""min_samples_leaf"": 2}"
0,1,76,1,0.8320816903950693,0.9474182332100446,0.027573361953693313,"{""class_weight"": ""balanced"", ""max_depth"": 3, ""max_features"": 0.3, ""min_samples_leaf"": 2}"
0,1,80,1,0.8908406728408094,0.9633238917835518,0.025685678839932773,"{""class_weight"": ""balanced"", ""max_depth"": 3, ""max_features"": 0.3, ""min_samples_leaf"": 2}"
0,1,83,1,0.5542569945363711,0.7702135591849891,0.05667805109973653,"{""class_weight"": ""balanced"", ""max_depth"": 3, ""max_features"": 0.3, ""min_samples_leaf"": 2}"
0,1,84,1,0.8010250514586362,0.9390630308333356,0.04144872262003799,"{""class_weight"": ""balanced"", ""max_depth"": 3, ""max_features"": 0.3, ""min_samples_leaf"": 2}"
0,1,93,0,0.8258952704905994,0.9516406042637933,0.025160487964892755,"{""class_weight"": ""balanced"", ""max_depth"": 3, ""max_features"": 0.3, ""min_samples_leaf"": 2}"
0,1,97,1,0.6538867803572694,0.8647392030671217,0.054092889650178146,"{""class_weight"": ""balanced"", ""max_depth"": 3, ""max_features"": 0.3, ""min_samples_leaf"": 2}"
0,1,100,1,0.6461135200895843,0.8805434340002168,0.05356341461777632,"{""class_weight"": ""balanced"", ""max_depth"": 3, ""max_features"": 0.3, ""min_samples_leaf"": 2}"
0,1,104,1,0.6747607912257076,0.8797290492262512,0.03463273584230957,"{""class_weight"": ""balanced"", ""max_depth"": 3, ""max_features"": 0.3, ""min_samples_leaf"": 2}"
0,1,112,1,0.8025266611265992,0.9422103199992075,0.023260473290903028,"{""class_weight"": ""balanced"", ""max_depth"": 3, ""max_features"": 0.3, ""min_samples_leaf"": 2}"
0,1,114,1,0.9084696590906975,0.9684328891016121,0.024845834169162473,"{""class_weight"": ""balanced"", ""max_depth"": 3, ""max_features"": 0.3, ""min_samples_leaf"": 2}"
0,1,118,1,0.871353866814583,0.96161170918783,0.026057885289858616,"{""class_weight"": ""balanced"", ""max_depth"": 3, ""max_features"": 0.3, ""min_samples_leaf"": 2}"
0,1,122,1,0.6490353706955788,0.8728138657068234,0.04830248332418223,"{""class_weight"": ""balanced"", ""max_depth"": 3, ""max_features"": 0.3, ""min_samples_leaf"": 2}"
0,1,130,0,0.30389797480651803,0.3112520745371892,0.06686388280958257,"{""class_weight"": ""balanced"", ""max_depth"": 3, ""max_features"": 0.3, ""min_samples_leaf"": 2}"
0,1,133,0,0.6211534708395421,0.8160485739565544,0.03432794291809214,"{""class_weight"": ""balanced"", ""max_depth"": 3, ""max_features"": 0.3, ""min_samples_leaf"": 2}"
0,1,149,1,0.7631553845223503,0.937203025130642,0.02466235116696816,"{""class_weight"": ""balanced"", ""max_depth"": 3, ""max_features"": 0.3, ""min_samples_leaf"": 2}"
0,1,159,1,0.8614858450582218,0.9642158597252919,0.022206333892389577,"{""class_weight"": ""balanced"", ""max_depth"": 3, ""max_features"": 0.3, ""min_samples_leaf"": 2}"
0,1,161,1,0.8981624549963785,0.9689524151915725,0.02033863230171653,"{""class_weight"": ""balanced"", ""max_depth"": 3, ""max_features"": 0.3, ""min_samples_leaf"": 2}"
0,1,162,1,0.8246141563235514,0.9502820908698538,0.030143115205590383,"{""class_weight"": ""balanced"", ""max_depth"": 3, ""max_features"": 0.3, ""min_samples_leaf"": 2}"
0,1,173,1,0.8532922919536184,0.9598781316124796,0.021112100146527545,"{""class_weight"": ""balanced"", ""max_depth"": 3, ""max_features"": 0.3, ""min_samples_leaf"": 2}"
0,1,177,1,0.8350627273564865,0.9549391155404041,0.023162111024373863,"{""class_weight"": ""balanced"", ""max_depth"": 3, ""max_features"": 0.3, ""min_samples_leaf"": 2}"
0,1,179,0,0.22045548107314122,0.23346766239093214,0.06436601859002987,"{""class_weight"": ""balanced"", ""max_depth"": 3, ""max_features"": 0.3, ""min_samples_leaf"": 2}"
0,1,189,1,0.8643634552611413,0.9589157093764793,0.02237496393995866,"{""class_weight"": ""balanced"", ""max_depth"": 3, ""max_features"": 0.3, ""min_samples_leaf"": 2}"
0,1,196,0,0.3077345295071679,0.3122262159242922,0.11396302168975044,"{""class_weight"": ""balanced"", ""max_depth"": 3, ""max_features"": 0.3, ""min_samples_leaf"": 2}"
0,1,200,1,0.8276658003323336,0.9492598524837794,0.02831636364420015,"{""class_weight"": ""balanced"", ""max_depth"": 3, ""max_features"": 0.3, ""min_samples_leaf"": 2}"
0,1,202,1,0.9029851119498806,0.9662404361935989,0.02311939410167996,"{""class_weight"": ""balanced"", ""max_depth"": 3, ""max_features"": 0.3, ""min_samples_leaf"": 2}"
0,1,209,1,0.8035268289080498,0.9454205704039648,0.025177014043249273,"{""class_weight"": ""balanced"", ""max_depth"": 3, ""max_features"": 0.3, ""min_samples_leaf"": 2}"
0,1,217,0,0.365159158255691,0.44020264629997474,0.07047667436741395,"{""class_weight"": ""balanced"", ""max_depth"": 3, ""max_features"": 0.3, ""min_samples_leaf"": 2}"
0,1,222,1,0.6689262431283957,0.8740225726687043,0.0635860398709473,"{""class_weight"": ""balanced"", ""max_depth"": 3, ""max_features"": 0.3, ""min_samples_leaf"": 2}"
0,1,227,1,0.7363181008859631,0.9237736242902667,0.02855527777747205,"{""class_weight"": ""balanced"", ""max_depth"": 3, ""max_features"": 0.3, ""min_samples_leaf"": 2}"
0,1,232,1,0.8088492212162961,0.9354479333973373,0.04791727379044463,"{""class_weight"": ""balanced"", ""max_depth"": 3, ""max_features"": 0.3, ""min_samples_leaf"": 2}"
0,1,234,0,0.2570119354160458,0.2934901692575814,0.12695655696299327,"{""class_weight"": ""balanced"", ""max_depth"": 3, ""max_features"": 0.3, ""min_samples_leaf"": 2}"
0,1,235,1,0.8709339387690536,0.9614724445190899,0.025051018104134605,"{""class_weight"": ""balanced"", ""max_depth"": 3, ""max_features"": 0.3, ""min_samples_leaf"": 2}"
0,1,237,1,0.7543629413860569,0.9046052368708963,0.04687632778840454,"{""class_weight"": ""balanced"", ""max_depth"": 3, ""max_features"": 0.3, ""min_samples_leaf"": 2}"
0,1,241,1,0.28220670066608167,0.33399902936929365,0.12965644996987963,"{""class_weight"": ""balanced"", ""max_depth"": 3, ""max_features"": 0.3, ""min_samples_leaf"": 2}"
0,1,242,1,0.8111473044597632,0.9426911918252019,0.03069930151586136,"{""class_weight"": ""balanced"", ""max_depth"": 3, ""max_features"": 0.3, ""min_samples_leaf"": 2}"
0,1,245,1,0.41682090631709295,0.534338393568254,0.1191698136271769,"{""class_weight"": ""balanced"", ""max_depth"": 3, ""max_features"": 0.3, ""min_samples_leaf"": 2}"
0,1,254,0,0.5962870558315692,0.7926058575197086,0.05773724398372351,"{""class_weight"": ""balanced"", ""max_depth"": 3, ""max_features"": 0.3, ""min_samples_leaf"": 2}"
0,1,255,0,0.2823590279700139,0.26956768490257094,0.09587579276639552,"{""class_weight"": ""balanced"", ""max_depth"": 3, ""max_features"": 0.3, ""min_samples_leaf"": 2}"
0,1,256,0,0.27088051672366265,0.3006969693757246,0.08578870350175348,"{""class_weight"": ""balanced"", ""max_depth"": 3, ""max_features"": 0.3, ""min_samples_leaf"": 2}"
0,1,258,0,0.24561517532737734,0.26036018080735135,0.12955965789571855,"{""class_weight"": ""balanced"", ""max_depth"": 3, ""max_features"": 0.3, ""min_samples_leaf"": 2}"
0,1,260,1,0.863541160067082,0.9597434237955575,0.0248872675102817,"{""class_weight"": ""balanced"", ""max_depth"": 3, ""max_features"": 0.3, ""min_samples_leaf"": 2}"
0,1,272,0,0.5062396102766586,0.7163752845529601,0.06289505028855194,"{""class_weight"": ""balanced"", ""max_depth"": 3, ""max_features"": 0.3, ""min_samples_leaf"": 2}"
0,1,275,1,0.8539360719895628,0.9601464959857328,0.024645612801314092,"{""class_weight"": ""balanced"", ""max_depth"": 3, ""max_features"": 0.3, ""min_samples_leaf"": 2}"
0,1,282,1,0.812342501373393,0.9435412021820964,0.03428731488224356,"{""class_weight"": ""balanced"", ""max_depth"": 3, ""max_features"": 0.3, ""min_samples_leaf"": 2}"
0,1,287,0,0.38008843602075987,0.4408528235294599,0.10066631257407285,"{""class_weight"": ""balanced"", ""max_depth"": 3, ""max_features"": 0.3, ""min_samples_leaf"": 2}"
0,1,291,0,0.2715553103848871,0.2975994656118897,0.07209117508221423,"{""class_weight"": ""balanced"", ""max_depth"": 3, ""max_features"": 0.3, ""min_samples_leaf"": 2}"
0,2,7,1,0.8124631546399872,0.9744960955317836,0.02113161179804217,"{""class_weight"": ""balanced"", ""max_depth"": 3, ""max_features"": ""sqrt"", ""min_samples_leaf"": 5}"
0,2,17,0,0.3929648729697978,0.343327088424808,0.16785702856185303,"{""class_weight"": ""balanced"", ""max_depth"": 3, ""max_features"": ""sqrt"", ""min_samples_leaf"": 5}"
0,2,30,1,0.6738074750765929,0.9342484959357196,0.034254160373625483,"{""class_weight"": ""balanced"", ""max_depth"": 3, ""max_features"": ""sqrt"", ""min_samples_leaf"": 5}"
0,2,37,1,0.49602586201164683,0.5638417310386086,0.08368446362975843,"{""class_weight"": ""balanced"", ""max_depth"": 3, ""max_features"": ""sqrt"", ""min_samples_leaf"": 5}"
0,2,39,1,0.7871181901182107,0.9717296161522511,0.020729582513099507,"{""class_weight"": ""balanced"", ""max_depth"": 3, ""max_features"": ""sqrt"", ""min_samples_leaf"": 5}"
0,2,43,1,0.5325748056005724,0.712150597487198,0.11867554848087958,"{""class_weight"": ""balanced"", ""max_depth"": 3, ""max_features"": ""sqrt"", ""min_samples_leaf"": 5}"
0,2,44,1,0.5736737897978229,0.8169244178920465,0.057819105203213726,"{""class_weight"": ""balanced"", ""max_depth"": 3, ""max_features"": ""sqrt"", ""min_samples_leaf"": 5}"
0,2,47,1,0.7718260949391221,0.9697775706079511,0.020462229450334136,"{""class_weight"": ""balanced"", ""max_depth"": 3, ""max_features"": ""sqrt"", ""min_samples_leaf"": 5}"
0,2,49,1,0.46133432352827297,0.5369601496533971,0.08466789497328611,"{""class_weight"": ""balanced"", ""max_depth"": 3, ""max_features"": ""sqrt"", ""min_samples_leaf"": 5}"
0,2,50,1,0.5202202580227707,0.6087384286479505,0.06704476531211297,"{""class_weight"": ""balanced"", ""max_depth"": 3, ""max_features"": ""sqrt"", ""min_samples_leaf"": 5}"
0,2,52,1,0.7869764562862693,0.9709294793143958,0.02126911068177579,"{""class_weight"": ""balanced"", ""max_depth"": 3, ""max_features"": ""sqrt"", ""min_samples_leaf"": 5}"
0,2,53,1,0.4491003507774344,0.5068561220764863,0.1670392283479503,"{""class_weight"": ""balanced"", ""max_depth"": 3, ""max_features"": ""sqrt"", ""min_samples_leaf"": 5}"
0,2,56,1,0.7699544437066805,0.9699183300525476,0.019860638887642588,"{""class_weight"": ""balanced"", ""max_depth"": 3, ""max_features"": ""sqrt"", ""min_samples_leaf"": 5}"
0,2,64,0,0.28376080946445065,0.18618619386462093,0.12373326669468933,"{""class_weight"": ""balanced"", ""max_depth"": 3, ""max_features"": ""sqrt"", ""min_samples_leaf"": 5}"
0,2,67,0,0.5692851276474591,0.7675731015651711,0.04703930159224787,"{""class_weight"": ""balanced"", ""max_depth"": 3, ""max_features"": ""sqrt"", ""min_samples_leaf"": 5}"
0,2,69,1,0.6832848006329492,0.9288510870621043,0.026537817877002184,"{""class_weight"": ""balanced"", ""max_depth"": 3, ""max_features"": ""sqrt"", ""min_samples_leaf"": 5}"
0,2,74,1,0.8677110257794073,0.9872157232242941,0.012704010787485936,"{""class_weight"": ""balanced"", ""max_depth"": 3, ""max_features"": ""sqrt"", ""min_samples_leaf"": 5}"
0,2,79,0,0.24327834617214164,0.12992320644645447,0.10289551701870979,"{""class_weight"": ""balanced"", ""max_depth"": 3, ""max_features"": ""sqrt"", ""min_samples_leaf"": 5}"
0,2,81,1,0.782294243618723,0.9755732458715622,0.017236905845061826,"{""class_weight"": ""balanced"", ""max_depth"": 3, ""max_features"": ""sqrt"", ""min_samples_leaf"": 5}"
0,2,85,1,0.6139098975245124,0.8378098834980554,0.044703246382412964,"{""class_weight"": ""balanced"", ""max_depth"": 3, ""max_features"": ""sqrt"", ""min_samples_leaf"": 5}"
0,2,91,0,0.42797364664305176,0.4268395060326326,0.12628689799921267,"{""class_weight"": ""balanced"", ""max_depth"": 3, ""max_features"": ""sqrt"", ""min_samples_leaf"": 5}"
0,2,95,1,0.7160956020300823,0.9427323317633782,0.039044240849661675,"{""class_weight"": ""balanced"", ""max_depth"": 3, ""max_features"": ""sqrt"", ""min_samples_leaf"": 5}"
0,2,105,1,0.5799266664232182,0.8206792184723453,0.08079786019717793,"{""class_weight"": ""balanced"", ""max_depth"": 3, ""max_features"": ""sqrt"", ""min_samples_leaf"": 5}"
0,2,108,0,0.3654756137512504,0.24011783746094428,0.16948305026712165,"{""class_weight"": ""balanced"", ""max_depth"": 3, ""max_features"": ""sqrt"", ""min_samples_leaf"": 5}"
0,2,109,1,0.7695877727587082,0.9665436738649404,0.024090839705969227,"{""class_weight"": ""balanced"", ""max_depth"": 3, ""max_features"": ""sqrt"", ""min_samples_leaf"": 5}"
0,2,110,1,0.36316286025160976,0.26398131713274153,0.10713104427541702,"{""class_weight"": ""balanced"", ""max_depth"": 3, ""max_features"": ""sqrt"", ""min_samples_leaf"": 5}"
0,2,116,1,0.7280932897768587,0.9493453949088716,0.029786279976329818,"{""class_weight"": ""balanced"", ""max_depth"": 3, ""max_features"": ""sqrt"", ""min_samples_leaf"": 5}"
0,2,117,1,0.7631527388954102,0.9661207910364731,0.024806972849846263,"{""class_weight"": ""balanced"", ""max_depth"": 3, ""max_features"": ""sqrt"", ""min_samples_leaf"": 5}"
0,2,121,1,0.5805028424912724,0.7927338687939082,0.11315083041492957,"{""class_weight"": ""balanced"", ""max_depth"": 3, ""max_features"": ""sqrt"", ""min_samples_leaf"": 5}"
0,2,125,1,0.6272762016463362,0.8715697914981305,0.056592831871198075,"{""class_weight"": ""balanced"", ""max_depth"": 3, ""max_features"": ""sqrt"", ""min_samples_leaf"": 5}"
0,2,147,1,0.6249721069694719,0.8801135211343226,0.05077977386207597,"{""class_weight"": ""balanced"", ""max_depth"": 3, ""max_features"": ""sqrt"", ""min_samples_leaf"": 5}"
0,2,150,0,0.49659465074600756,0.6290164488903148,0.06341210588418113,"{""class_weight"": ""balanced"", ""max_depth"": 3, ""max_features"": ""sqrt"", ""min_samples_leaf"": 5}"
0,2,152,1,0.6154838208595685,0.879720390131915,0.027544659779406976,"{""class_weight"": ""balanced"", ""max_depth"": 3, ""max_features"": ""sqrt"", ""min_samples_leaf"": 5}"
0,2,165,1,0.5386268807901441,0.7465945293876212,0.10275198819907573,"{""class_weight"": ""balanced"", ""max_depth"": 3, ""max_features"": ""sqrt"", ""min_samples_leaf"": 5}"
0,2,170,0,0.3593834872044725,0.3075702054265087,0.12321480428197713,"{""class_weight"": ""balanced"", ""max_depth"": 3, ""max_features"": ""sqrt"", ""min_samples_leaf"": 5}"
0,2,178,1,0.6349066019937111,0.8725003924952948,0.03101603396024826,"{""class_weight"": ""balanced"", ""max_depth"": 3, ""max_features"": ""sqrt"", ""min_samples_leaf"": 5}"
0,2,188,1,0.4192821227373734,0.4461535870973291,0.10643623160582219,"{""class_weight"": ""balanced"", ""max_depth"": 3, ""max_features"": ""sqrt"", ""min_samples_leaf"": 5}"
0,2,193,0,0.5025514467223556,0.6551844782119275,0.09036878633010868,"{""class_weight"": ""balanced"", ""max_depth"": 3, ""max_features"": ""sqrt"", ""min_samples_leaf"": 5}"
0,2,199,0,0.3195430233234465,0.21818695081199854,0.10048144428313337,"{""class_weight"": ""balanced"", ""max_depth"": 3, ""max_features"": ""sqrt"", ""min_samples_leaf"": 5}"
0,2,207,1,0.6134462295772062,0.8758841767571752,0.0561597363703103,"{""class_weight"": ""balanced"", ""max_depth"": 3, ""max_features"": ""sqrt"", ""min_samples_leaf"": 5}"
0,2,208,1,0.6442011759383388,0.9007903450558696,0.0448084926434433,"{""class_weight"": ""balanced"", ""max_depth"": 3, ""max_features"": ""sqrt"", ""min_samples_leaf"": 5}"
0,2,213,0,0.6716189827154312,0.9255048181132626,0.028489123527438164,"{""class_weight"": ""balanced"", ""max_depth"": 3, ""max_features"": ""sqrt"", ""min_samples_leaf"": 5}"
0,2,216,0,0.44127289493921673,0.5682453641858655,0.10376151178418096,"{""class_weight"": ""balanced"", ""max_depth"": 3, ""max_features"": ""sqrt"", ""min_samples_leaf"": 5}"
0,2,219,1,0.22936377550950923,0.10165721654647208,0.08239752902374274,"{""class_weight"": ""balanced"", ""max_depth"": 3, ""max_features"": ""sqrt"", ""min_samples_leaf"": 5}"
0,2,236,1,0.48741956096510214,0.6429055164040162,0.07212064839296531,"{""class_weight"": ""balanced"", ""max_depth"": 3, ""max_features"": ""sqrt"", ""min_samples_leaf"": 5}"
0,2,243,1,0.6655046431416206,0.9047479160008424,0.03759648492666524,"{""class_weight"": ""balanced"", ""max_depth"": 3, ""max_features"": ""sqrt"", ""min_samples_leaf"": 5}"
0,2,247,0,0.24692644921285614,0.11272250520527141,0.0868488608316248,"{""class_weight"": ""balanced"", ""max_depth"": 3, ""max_features"": ""sqrt"", ""min_samples_leaf"": 5}"
0,2,250,1,0.7584168041381519,0.9643726800097074,0.023727071645515893,"{""class_weight"": ""balanced"", ""max_depth"": 3, ""max_features"": ""sqrt"", ""min_samples_leaf"": 5}"
0,2,257,0,0.36560077439686,0.3041219982851175,0.18225566643578747,"{""class_weight"": ""balanced"", ""max_depth"": 3, ""max_features"": ""sqrt"", ""min_samples_leaf"": 5}"
0,2,267,1,0.6869312184947088,0.9359597807375831,0.02664798392972918,"{""class_weight"": ""balanced"", ""max_depth"": 3, ""max_features"": ""sqrt"", ""min_samples_leaf"": 5}"
0,2,268,0,0.3791773406932503,0.2957974018515381,0.11804332104435451,"{""class_weight"": ""balanced"", ""max_depth"": 3, ""max_features"": ""sqrt"", ""min_samples_leaf"": 5}"
0,2,269,1,0.7614058621470037,0.960562728903653,0.024067995685880316,"{""class_weight"": ""balanced"", ""max_depth"": 3, ""max_features"": ""sqrt"", ""min_samples_leaf"": 5}"
0,2,270,0,0.22453314797341203,0.09146142037706792,0.08288383045701772,"{""class_weight"": ""balanced"", ""max_depth"": 3, ""max_features"": ""sqrt"", ""min_samples_leaf"": 5}"
0,2,271,1,0.7387243080476154,0.9603551515060426,0.020955865112692536,"{""class_weight"": ""balanced"", ""max_depth"": 3, ""max_features"": ""sqrt"", ""min_samples_leaf"": 5}"
0,2,273,1,0.7960525799631807,0.9759488591226944,0.019826704839523736,"{""class_weight"": ""balanced"", ""max_depth"": 3, ""max_features"": ""sqrt"", ""min_samples_leaf"": 5}"
0,2,276,0,0.28874638171539035,0.18627673633315364,0.1141377765756807,"{""class_weight"": ""balanced"", ""max_depth"": 3, ""max_features"": ""sqrt"", ""min_samples_leaf"": 5}"
0,2,277,1,0.826057079208076,0.9806665926229592,0.015165325690260283,"{""class_weight"": ""balanced"", ""max_depth"": 3, ""max_features"": ""sqrt"", ""min_samples_leaf"": 5}"
0,2,283,1,0.4500868326110299,0.6113239377342696,0.10484126598410481,"{""class_weight"": ""balanced"", ""max_depth"": 3, ""max_features"": ""sqrt"", ""min_samples_leaf"": 5}"
0,2,289,0,0.4277389172434342,0.4400195934896202,0.13071423368537033,"{""class_weight"": ""balanced"", ""max_depth"": 3, ""max_features"": ""sqrt"", ""min_samples_leaf"": 5}"
0,2,294,1,0.5030598614772609,0.7059119318559386,0.0932637744257937,"{""class_weight"": ""balanced"", ""max_depth"": 3, ""max_features"": ""sqrt"", ""min_samples_leaf"": 5}"
0,2,302,1,0.6091993755213908,0.8535910650431268,0.05532982094618313,"{""class_weight"": ""balanced"", ""max_depth"": 3, ""max_features"": ""sqrt"", ""min_samples_leaf"": 5}"
0,3,2,1,0.8083167074383177,0.9474487363447051,0.014688779470529045,"{""class_weight"": ""balanced"", ""max_depth"": 6, ""max_features"": ""sqrt"", ""min_samples_leaf"": 2}"
0,3,3,0,0.47692021990830774,0.6061086136944853,0.08788254885520232,"{""class_weight"": ""balanced"", ""max_depth"": 6, ""max_features"": ""sqrt"", ""min_samples_leaf"": 2}"
0,3,12,1,0.7933010476960923,0.9376569794534868,0.022274478855990893,"{""class_weight"": ""balanced"", ""max_depth"": 6, ""max_features"": ""sqrt"", ""min_samples_leaf"": 2}"
0,3,13,1,0.6959153553394781,0.8407224712730755,0.09939815897593286,"{""class_weight"": ""balanced"", ""max_depth"": 6, ""max_features"": ""sqrt"", ""min_samples_leaf"": 2}"
0,3,21,1,0.7390312564428225,0.9134829816727565,0.01950937447321307,"{""class_weight"": ""balanced"", ""max_depth"": 6, ""max_features"": ""sqrt"", ""min_samples_leaf"": 2}"
0,3,23,1,0.8912954403796327,0.9721807157245062,0.017723198193802914,"{""class_weight"": ""balanced"", ""max_depth"": 6, ""max_features"": ""sqrt"", ""min_samples_leaf"": 2}"
0,3,27,1,0.31644439810451264,0.25243391295612333,0.06062081137960628,"{""class_weight"": ""balanced"", ""max_depth"": 6, ""max_features"": ""sqrt"", ""min_samples_leaf"": 2}"
0,3,31,1,0.7445611601535493,0.9237452363600738,0.0299783658245525,"{""class_weight"": ""balanced"", ""max_depth"": 6, ""max_features"": ""sqrt"", ""min_samples_leaf"": 2}"
0,3,32,1,0.8431192919301473,0.9534600623907006,0.017553596682772916,"{""class_weight"": ""balanced"", ""max_depth"": 6, ""max_features"": ""sqrt"", ""min_samples_leaf"": 2}"
0,3,35,0,0.23589921161499292,0.13943052513586657,0.06903717086334613,"{""class_weight"": ""balanced"", ""max_depth"": 6, ""max_features"": ""sqrt"", ""min_samples_leaf"": 2}"
0,3,42,0,0.3016109621580551,0.23752381086415472,0.13636942987641282,"{""class_weight"": ""balanced"", ""max_depth"": 6, ""max_features"": ""sqrt"", ""min_samples_leaf"": 2}"
0,3,46,1,0.7787168506505415,0.9240342916295419,0.026363013935494863,"{""class_weight"": ""balanced"", ""max_depth"": 6, ""max_features"": ""sqrt"", ""min_samples_leaf"": 2}"
0,3,54,0,0.22150717750092938,0.2102287603055495,0.09031659819994925,"{""class_weight"": ""balanced"", ""max_depth"": 6, ""max_features"": ""sqrt"", ""min_samples_leaf"": 2}"
0,3,57,1,0.8570419690827001,0.9680902565556592,0.014559799203425018,"{""class_weight"": ""balanced"", ""max_depth"": 6, ""max_features"": ""sqrt"", ""min_samples_leaf"": 2}"
0,3,61,1,0.5773293466247114,0.6470346296105354,0.11433707641162633,"{""class_weight"": ""balanced"", ""max_depth"": 6, ""max_features"": ""sqrt"", ""min_samples_leaf"": 2}"
0,3,62,1,0.3072342910963265,0.24164813382786363,0.08623027024649624,"{""class_weight"": ""balanced"", ""max_depth"": 6, ""max_features"": ""sqrt"", ""min_samples_leaf"": 2}"
0,3,66,1,0.8652006160359914,0.9677942290899579,0.015617526898993359,"{""class_weight"": ""balanced"", ""max_depth"": 6, ""max_features"": ""sqrt"", ""min_samples_leaf"": 2}"
0,3,70,0,0.28543588304715684,0.22540795241467,0.08844534810818178,"{""class_weight"": ""balanced"", ""max_depth"": 6, ""max_features"": ""sqrt"", ""min_samples_leaf"": 2}"
0,3,78,1,0.7357868825968599,0.8837102305817496,0.034948768074015514,"{""class_weight"": ""balanced"", ""max_depth"": 6, ""max_features"": ""sqrt"", ""min_samples_leaf"": 2}"
0,3,82,1,0.6373129873886977,0.8270929308461596,0.04982862382397879,"{""class_weight"": ""balanced"", ""max_depth"": 6, ""max_features"": ""sqrt"", ""min_samples_leaf"": 2}"
0,3,96,1,0.7561677000800334,0.9246334678121346,0.01962581021772833,"{""class_weight"": ""balanced"", ""max_depth"": 6, ""max_features"": ""sqrt"", ""min_samples_leaf"": 2}"
0,3,102,0,0.18622869491133115,0.11786577945439931,0.0568596728454325,"{""class_weight"": ""balanced"", ""max_depth"": 6, ""max_features"": ""sqrt"", ""min_samples_leaf"": 2}"
0,3,103,1,0.8139061684596258,0.9544482596314181,0.01538556608728919,"{""class_weight"": ""balanced"", ""max_depth"": 6, ""max_features"": ""sqrt"", ""min_samples_leaf"": 2}"
0,3,107,1,0.5742177637278368,0.7074839055637524,0.07516581450377371,"{""class_weight"": ""balanced"", ""max_depth"": 6, ""max_features"": ""sqrt"", ""min_samples_leaf"": 2}"
0,3,119,1,0.6543263345956576,0.8622783564447788,0.04607953159764786,"{""class_weight"": ""balanced"", ""max_depth"": 6, ""max_features"": ""sqrt"", ""min_samples_leaf"": 2}"
0,3,124,1,0.6142918340077491,0.8162007155037052,0.04714754648556649,"{""class_weight"": ""balanced"", ""max_depth"": 6, ""max_features"": ""sqrt"", ""min_samples_leaf"": 2}"
0,3,131,1,0.9324745983264281,0.9777524272225607,0.011802951792317627,"{""class_weight"": ""balanced"", ""max_depth"": 6, ""max_features"": ""sqrt"", ""min_samples_leaf"": 2}"
0,3,135,1,0.6498329099725942,0.8200751029733544,0.029746919825805837,"{""class_weight"": ""balanced"", ""max_depth"": 6, ""max_features"": ""sqrt"", ""min_samples_leaf"": 2}"
0,3,136,0,0.2750193771934709,0.2301999236121528,0.0372896828559369,"{""class_weight"": ""balanced"", ""max_depth"": 6, ""max_features"": ""sqrt"", ""min_samples_leaf"": 2}"
0,3,137,0,0.1999203785297795,0.14263610795305776,0.08257404666008857,"{""class_weight"": ""balanced"", ""max_depth"": 6, ""max_features"": ""sqrt"", ""min_samples_leaf"": 2}"
0,3,139,1,0.9055364137908732,0.9667029581398836,0.019499646165822882,"{""class_weight"": ""balanced"", ""max_depth"": 6, ""max_features"": ""sqrt"", ""min_samples_leaf"": 2}"
0,3,143,0,0.12760016065254595,0.06151209987119616,0.03672004964159314,"{""class_weight"": ""balanced"", ""max_depth"": 6, ""max_features"": ""sqrt"", ""min_samples_leaf"": 2}"
0,3,144,1,0.7943528945473045,0.9283042938594799,0.033863159301002824,"{""class_weight"": ""balanced"", ""max_depth"": 6, ""max_features"": ""sqrt"", ""min_samples_leaf"": 2}"
0,3,146,1,0.9424271354499149,0.9788863829880878,0.013413273412916817,"{""class_weight"": ""balanced"", ""max_depth"": 6, ""max_features"": ""sqrt"", ""min_samples_leaf"": 2}"
0,3,158,1,0.44682110637405953,0.40482840406640835,0.1788449768893251,"{""class_weight"": ""balanced"", ""max_depth"": 6, ""max_features"": ""sqrt"", ""min_samples_leaf"": 2}"
0,3,160,1,0.760387286890628,0.921661998064606,0.01817226903236702,"{""class_weight"": ""balanced"", ""max_depth"": 6, ""max_features"": ""sqrt"", ""min_samples_leaf"": 2}"
0,3,163,1,0.6161271271518824,0.8288080127369459,0.07273054203794121,"{""class_weight"": ""balanced"", ""max_depth"": 6, ""max_features"": ""sqrt"", ""min_samples_leaf"": 2}"
0,3,169,0,0.23256192986474294,0.19575473017721656,0.07091496714044279,"{""class_weight"": ""balanced"", ""max_depth"": 6, ""max_features"": ""sqrt"", ""min_samples_leaf"": 2}"
0,3,171,1,0.8121055612036073,0.9417294859870949,0.028502247529672245,"{""class_weight"": ""balanced"", ""max_depth"": 6, ""max_features"": ""sqrt"", ""min_samples_leaf"": 2}"
0,3,172,1,0.7115109429207469,0.8971756062016668,0.023822251587510525,"{""class_weight"": ""balanced"", ""max_depth"": 6, ""max_features"": ""sqrt"", ""min_samples_leaf"": 2}"
0,3,180,1,0.2812166974825562,0.2616876216433603,0.05524787246305615,"{""class_weight"": ""balanced"", ""max_depth"": 6, ""max_features"": ""sqrt"", ""min_samples_leaf"": 2}"
0,3,182,1,0.5614452006640052,0.70062049897493,0.05523740958914138,"{""class_weight"": ""balanced"", ""max_depth"": 6, ""max_features"": ""sqrt"", ""min_samples_leaf"": 2}"
0,3,186,0,0.5766415291288555,0.7518526680923987,0.045709707151814376,"{""class_weight"": ""balanced"", ""max_depth"": 6, ""max_features"": ""sqrt"", ""min_samples_leaf"": 2}"
0,3,191,1,0.7790737233912024,0.9337192602473257,0.031719484338307624,"{""class_weight"": ""balanced"", ""max_depth"": 6, ""max_features"": ""sqrt"", ""min_samples_leaf"": 2}"
0,3,192,0,0.15367841047738032,0.1016951999216574,0.050010298883548965,"{""class_weight"": ""balanced"", ""max_depth"": 6, ""max_features"": ""sqrt"", ""min_samples_leaf"": 2}"
0,3,197,1,0.8067481673196162,0.95141802638918,0.02421757009846171,"{""class_weight"": ""balanced"", ""max_depth"": 6, ""max_features"": ""sqrt"", ""min_samples_leaf"": 2}"
0,3,204,0,0.4488271844951707,0.5256150606932437,0.1162341533366185,"{""class_weight"": ""balanced"", ""max_depth"": 6, ""max_features"": ""sqrt"", ""min_samples_leaf"": 2}"
0,3,224,1,0.8956964258893386,0.9694989168989026,0.016319202498011786,"{""class_weight"": ""balanced"", ""max_depth"": 6, ""max_features"": ""sqrt"", ""min_samples_leaf"": 2}"
0,3,226,1,0.7739730653148665,0.9326441146561022,0.035685077102634515,"{""class_weight"": ""balanced"", ""max_depth"": 6, ""max_features"": ""sqrt"", ""min_samples_leaf"": 2}"
0,3,229,1,0.7922202087638731,0.9381212760402923,0.019882765571914367,"{""class_weight"": ""balanced"", ""max_depth"": 6, ""max_features"": ""sqrt"", ""min_samples_leaf"": 2}"
0,3,240,1,0.8789660102112808,0.9677548962180683,0.016070418105307405,"{""class_weight"": ""balanced"", ""max_depth"": 6, ""max_features"": ""sqrt"", ""min_samples_leaf"": 2}"
0,3,246,1,0.9338423350234838,0.9773689328547233,0.012362186471731042,"{""class_weight"": ""balanced"", ""max_depth"": 6, ""max_features"": ""sqrt"", ""min_samples_leaf"": 2}"
0,3,252,1,0.6858520953461636,0.8691203956744339,0.015838302834016205,"{""class_weight"": ""balanced"", ""max_depth"": 6, ""max_features"": ""sqrt"", ""min_samples_leaf"": 2}"
0,3,261,0,0.09033110434368657,0.05327388958193102,0.035147434005641735,"{""class_weight"": ""balanced"", ""max_depth"": 6, ""max_features"": ""sqrt"", ""min_samples_leaf"": 2}"
0,3,262,1,0.5876015489428603,0.7531701131679098,0.0773684424405209,"{""class_weight"": ""balanced"", ""max_depth"": 6, ""max_features"": ""sqrt"", ""min_samples_leaf"": 2}"
0,3,265,1,0.8174936810074416,0.9404533385980425,0.028227558971601473,"{""class_weight"": ""balanced"", ""max_depth"": 6, ""max_features"": ""sqrt"", ""min_samples_leaf"": 2}"
0,3,266,1,0.805041399699623,0.9388842880322426,0.01803013545127716,"{""class_weight"": ""balanced"", ""max_depth"": 6, ""max_features"": ""sqrt"", ""min_samples_leaf"": 2}"
0,3,286,0,0.29391490354358235,0.25354225300266686,0.09222094576456007,"{""class_weight"": ""balanced"", ""max_depth"": 6, ""max_features"": ""sqrt"", ""min_samples_leaf"": 2}"
0,3,295,0,0.5901587782167255,0.7585057343408173,0.07904350882655053,"{""class_weight"": ""balanced"", ""max_depth"": 6, ""max_features"": ""sqrt"", ""min_samples_leaf"": 2}"
0,3,296,0,0.2682501203909711,0.21693331370171953,0.07248992284423245,"{""class_weight"": ""balanced"", ""max_depth"": 6, ""max_features"": ""sqrt"", ""min_samples_leaf"": 2}"
0,4,0,1,0.4771951210701264,0.605629346613623,0.09347401551617837,"{""class_weight"": ""balanced"", ""max_depth"": 3, ""max_features"": ""sqrt"", ""min_samples_leaf"": 2}"
0,4,1,1,0.8470768678336978,0.9897455711266459,0.008861054387107018,"{""class_weight"": ""balanced"", ""max_depth"": 3, ""max_features"": ""sqrt"", ""min_samples_leaf"": 2}"
0,4,5,1,0.5722244818243077,0.8270826341384391,0.04353088751794613,"{""class_weight"": ""balanced"", ""max_depth"": 3, ""max_features"": ""sqrt"", ""min_samples_leaf"": 2}"
0,4,9,1,0.7740432634870623,0.9696914416129262,0.019401751552566345,"{""class_weight"": ""balanced"", ""max_depth"": 3, ""max_features"": ""sqrt"", ""min_samples_leaf"": 2}"
0,4,11,1,0.8328091714147304,0.9891090596308837,0.007099161561992311,"{""class_weight"": ""balanced"", ""max_depth"": 3, ""max_features"": ""sqrt"", ""min_samples_leaf"": 2}"
0,4,15,1,0.7293717898333265,0.9637105894222471,0.013860413993986256,"{""class_weight"": ""balanced"", ""max_depth"": 3, ""max_features"": ""sqrt"", ""min_samples_leaf"": 2}"
0,4,20,1,0.24289158916627457,0.07818158108749382,0.03302005652486573,"{""class_weight"": ""balanced"", ""max_depth"": 3, ""max_features"": ""sqrt"", ""min_samples_leaf"": 2}"
0,4,25,1,0.8078184639807006,0.9794751174299933,0.013379058662076473,"{""class_weight"": ""balanced"", ""max_depth"": 3, ""max_features"": ""sqrt"", ""min_samples_leaf"": 2}"
0,4,36,1,0.7950691520362116,0.9830594708662073,0.013812602856434672,"{""class_weight"": ""balanced"", ""max_depth"": 3, ""max_features"": ""sqrt"", ""min_samples_leaf"": 2}"
0,4,40,1,0.6752714720698058,0.939681645385639,0.04238142307849533,"{""class_weight"": ""balanced"", ""max_depth"": 3, ""max_features"": ""sqrt"", ""min_samples_leaf"": 2}"
0,4,51,1,0.7066234292890202,0.9489114221454287,0.025009968618374658,"{""class_weight"": ""balanced"", ""max_depth"": 3, ""max_features"": ""sqrt"", ""min_samples_leaf"": 2}"
0,4,58,1,0.32118826714709103,0.19486013983331996,0.056818153782665665,"{""class_weight"": ""balanced"", ""max_depth"": 3, ""max_features"": ""sqrt"", ""min_samples_leaf"": 2}"
0,4,86,1,0.7298533854310674,0.9613462571685805,0.02090223461752865,"{""class_weight"": ""balanced"", ""max_depth"": 3, ""max_features"": ""sqrt"", ""min_samples_leaf"": 2}"
0,4,94,1,0.7928805140488333,0.9777502989207901,0.013667342527989292,"{""class_weight"": ""balanced"", ""max_depth"": 3, ""max_features"": ""sqrt"", ""min_samples_leaf"": 2}"
0,4,98,1,0.760293666387114,0.9702006289275701,0.014105942595705518,"{""class_weight"": ""balanced"", ""max_depth"": 3, ""max_features"": ""sqrt"", ""min_samples_leaf"": 2}"
0,4,99,1,0.5963765963087267,0.801172105891305,0.036268860696873434,"{""class_weight"": ""balanced"", ""max_depth"": 3, ""max_features"": ""sqrt"", ""min_samples_leaf"": 2}"
0,4,113,0,0.22896266250147182,0.06592524605243334,0.019740960583278767,"{""class_weight"": ""balanced"", ""max_depth"": 3, ""max_features"": ""sqrt"", ""min_samples_leaf"": 2}"
0,4,115,1,0.6960747015503895,0.9532917422459629,0.0311250885041068,"{""class_weight"": ""balanced"", ""max_depth"": 3, ""max_features"": ""sqrt"", ""min_samples_leaf"": 2}"
0,4,128,1,0.5482858898585163,0.7415664745670154,0.08915555172129185,"{""class_weight"": ""balanced"", ""max_depth"": 3, ""max_features"": ""sqrt"", ""min_samples_leaf"": 2}"
0,4,138,1,0.7172248132838269,0.9630771891802539,0.02256237306688335,"{""class_weight"": ""balanced"", ""max_depth"": 3, ""max_features"": ""sqrt"", ""min_samples_leaf"": 2}"
0,4,142,1,0.3440256832515939,0.28935354401998337,0.1298232111867154,"{""class_weight"": ""balanced"", ""max_depth"": 3, ""max_features"": ""sqrt"", ""min_samples_leaf"": 2}"
0,4,145,1,0.5950252228804364,0.8338430669124683,0.07141365618426074,"{""class_weight"": ""balanced"", ""max_depth"": 3, ""max_features"": ""sqrt"", ""min_samples_leaf"": 2}"
0,4,151,0,0.4991473737670672,0.6601316453053064,0.07707211307412448,"{""class_weight"": ""balanced"", ""max_depth"": 3, ""max_features"": ""sqrt"", ""min_samples_leaf"": 2}"
0,4,154,1,0.6464794981692428,0.8705404666348479,0.0493281499773226,"{""class_weight"": ""balanced"", ""max_depth"": 3, ""max_features"": ""sqrt"", ""min_samples_leaf"": 2}"
0,4,155,1,0.7505883187131821,0.9712143350495509,0.015844288186381086,"{""class_weight"": ""balanced"", ""max_depth"": 3, ""max_features"": ""sqrt"", ""min_samples_leaf"": 2}"
0,4,157,1,0.5443259084452481,0.7481588724241895,0.11265307115418831,"{""class_weight"": ""balanced"", ""max_depth"": 3, ""max_features"": ""sqrt"", ""min_samples_leaf"": 2}"
0,4,175,0,0.5660397986284608,0.7909471509763843,0.06939405441399227,"{""class_weight"": ""balanced"", ""max_depth"": 3, ""max_features"": ""sqrt"", ""min_samples_leaf"": 2}"
0,4,176,1,0.36329594448194774,0.2932491796938815,0.04951253035683813,"{""class_weight"": ""balanced"", ""max_depth"": 3, ""max_features"": ""sqrt"", ""min_samples_leaf"": 2}"
0,4,183,0,0.6411735876392517,0.8855108032387327,0.024272485693957423,"{""class_weight"": ""balanced"", ""max_depth"": 3, ""max_features"": ""sqrt"", ""min_samples_leaf"": 2}"
0,4,184,1,0.6954333934578023,0.9397969440839811,0.01866182609612841,"{""class_weight"": ""balanced"", ""max_depth"": 3, ""max_features"": ""sqrt"", ""min_samples_leaf"": 2}"
0,4,185,0,0.525458538260215,0.7556494076222189,0.14615943082955976,"{""class_weight"": ""balanced"", ""max_depth"": 3, ""max_features"": ""sqrt"", ""min_samples_leaf"": 2}"
0,4,190,0,0.5202641303179733,0.7341741144481959,0.10620291652340934,"{""class_weight"": ""balanced"", ""max_depth"": 3, ""max_features"": ""sqrt"", ""min_samples_leaf"": 2}"
0,4,195,1,0.6789952531828027,0.9536284700742155,0.01473040073582239,"{""class_weight"": ""balanced"", ""max_depth"": 3, ""max_features"": ""sqrt"", ""min_samples_leaf"": 2}"
0,4,198,1,0.7008005204474081,0.9562375346210981,0.020048864434501622,"{""class_weight"": ""balanced"", ""max_depth"": 3, ""max_features"": ""sqrt"", ""min_samples_leaf"": 2}"
0,4,210,0,0.24606047251754382,0.07519028153202553,0.023805710000260476,"{""class_weight"": ""balanced"", ""max_depth"": 3, ""max_features"": ""sqrt"", ""min_samples_leaf"": 2}"
0,4,211,1,0.5748409846636033,0.802111311430623,0.0633236648535647,"{""class_weight"": ""balanced"", ""max_depth"": 3, ""max_features"": ""sqrt"", ""min_samples_leaf"": 2}"
0,4,214,0,0.6330006872995383,0.9005745474665418,0.034913297177733414,"{""class_weight"": ""balanced"", ""max_depth"": 3, ""max_features"": ""sqrt"", ""min_samples_leaf"": 2}"
0,4,215,1,0.7422491194673655,0.9651315015820847,0.018354909937576505,"{""class_weight"": ""balanced"", ""max_depth"": 3, ""max_features"": ""sqrt"", ""min_samples_leaf"": 2}"
0,4,218,0,0.3580911471978719,0.23481814560365571,0.05042921535464515,"{""class_weight"": ""balanced"", ""max_depth"": 3, ""max_features"": ""sqrt"", ""min_samples_leaf"": 2}"
0,4,223,1,0.4494888483950578,0.5361133169436253,0.06157850850199333,"{""class_weight"": ""balanced"", ""max_depth"": 3, ""max_features"": ""sqrt"", ""min_samples_leaf"": 2}"
0,4,228,1,0.533163357958485,0.8004774474145442,0.03883133545384117,"{""class_weight"": ""balanced"", ""max_depth"": 3, ""max_features"": ""sqrt"", ""min_samples_leaf"": 2}"
0,4,230,1,0.8599134544418644,0.992144727122439,0.006221156889536057,"{""class_weight"": ""balanced"", ""max_depth"": 3, ""max_features"": ""sqrt"", ""min_samples_leaf"": 2}"
0,4,231,1,0.8753762484227214,0.9925957969100487,0.004886570641481448,"{""class_weight"": ""balanced"", ""max_depth"": 3, ""max_features"": ""sqrt"", ""min_samples_leaf"": 2}"
0,4,238,1,0.24594630346605792,0.0989481419982805,0.02463481165072903,"{""class_weight"": ""balanced"", ""max_depth"": 3, ""max_features"": ""sqrt"", ""min_samples_leaf"": 2}"
0,4,239,1,0.7584856245589283,0.9676967387328654,0.03175611234769076,"{""class_weight"": ""balanced"", ""max_depth"": 3, ""max_features"": ""sqrt"", ""min_samples_leaf"": 2}"
0,4,248,1,0.8607782227424398,0.990269092048074,0.0076924047695881535,"{""class_weight"": ""balanced"", ""max_depth"": 3, ""max_features"": ""sqrt"", ""min_samples_leaf"": 2}"
0,4,249,1,0.6480613924901462,0.9284262113243706,0.03301558139983152,"{""class_weight"": ""balanced"", ""max_depth"": 3, ""max_features"": ""sqrt"", ""min_samples_leaf"": 2}"
0,4,253,1,0.5987138308206409,0.8723971076622756,0.05252125714979147,"{""class_weight"": ""balanced"", ""max_depth"": 3, ""max_features"": ""sqrt"", ""min_samples_leaf"": 2}"
0,4,263,0,0.21673040696094328,0.07420280472611876,0.023274493382918024,"{""class_weight"": ""balanced"", ""max_depth"": 3, ""max_features"": ""sqrt"", ""min_samples_leaf"": 2}"
0,4,274,1,0.8815700645043313,0.9932881964805457,0.005930892390976532,"{""class_weight"": ""balanced"", ""max_depth"": 3, ""max_features"": ""sqrt"", ""min_samples_leaf"": 2}"
0,4,278,1,0.7105908942600186,0.9581318803867781,0.018867570272492716,"{""class_weight"": ""balanced"", ""max_depth"": 3, ""max_features"": ""sqrt"", ""min_samples_leaf"": 2}"
0,4,280,0,0.41684803942157694,0.38826007846392946,0.05213893459551582,"{""class_weight"": ""balanced"", ""max_depth"": 3, ""max_features"": ""sqrt"", ""min_samples_leaf"": 2}"
0,4,281,1,0.6177281553704683,0.8483952962869212,0.06573552728755662,"{""class_weight"": ""balanced"", ""max_depth"": 3, ""max_features"": ""sqrt"", ""min_samples_leaf"": 2}"
0,4,284,0,0.5088930038583782,0.7184947064360763,0.09942409659855152,"{""class_weight"": ""balanced"", ""max_depth"": 3, ""max_features"": ""sqrt"", ""min_samples_leaf"": 2}"
0,4,285,0,0.30276535586359204,0.14368481594859428,0.03554966812295155,"{""class_weight"": ""balanced"", ""max_depth"": 3, ""max_features"": ""sqrt"", ""min_samples_leaf"": 2}"
0,4,290,0,0.21229637891389222,0.06398340255052604,0.024798346235254995,"{""class_weight"": ""balanced"", ""max_depth"": 3, ""max_features"": ""sqrt"", ""min_samples_leaf"": 2}"
0,4,293,0,0.3021780558477938,0.15799545251843777,0.06010034558959567,"{""class_weight"": ""balanced"", ""max_depth"": 3, ""max_features"": ""sqrt"", ""min_samples_leaf"": 2}"
0,4,297,0,0.3847880577879842,0.3113073023467652,0.11897675615021885,"{""class_weight"": ""balanced"", ""max_depth"": 3, ""max_features"": ""sqrt"", ""min_samples_leaf"": 2}"
0,4,298,1,0.6130792602778607,0.8514015664302945,0.010405226417788507,"{""class_weight"": ""balanced"", ""max_depth"": 3, ""max_features"": ""sqrt"", ""min_samples_leaf"": 2}"
0,4,301,0,0.2538698173257741,0.09911044101561003,0.06920792581319915,"{""class_weight"": ""balanced"", ""max_depth"": 3, ""max_features"": ""sqrt"", ""min_samples_leaf"": 2}"
1,0,2,1,0.8432202913256668,0.9286491144824982,0.029295826793137848,"{""class_weight"": null, ""max_depth"": 4, ""max_features"": ""sqrt"", ""min_samples_leaf"": 4}"
1,0,8,0,0.3791536663727286,0.16132479143019657,0.08970841849997584,"{""class_weight"": null, ""max_depth"": 4, ""max_features"": ""sqrt"", ""min_samples_leaf"": 4}"
1,0,13,1,0.7643407082727921,0.8364666911323729,0.03607706856718959,"{""class_weight"": null, ""max_depth"": 4, ""max_features"": ""sqrt"", ""min_samples_leaf"": 4}"
1,0,15,1,0.9091524969851128,0.9594539616998758,0.019445992213711242,"{""class_weight"": null, ""max_depth"": 4, ""max_features"": ""sqrt"", ""min_samples_leaf"": 4}"
1,0,16,0,0.4572537996204385,0.3017379529173738,0.12047196688463571,"{""class_weight"": null, ""max_depth"": 4, ""max_features"": ""sqrt"", ""min_samples_leaf"": 4}"
1,0,21,1,0.8023590106053374,0.8973494361479881,0.03556454707151939,"{""class_weight"": null, ""max_depth"": 4, ""max_features"": ""sqrt"", ""min_samples_leaf"": 4}"
1,0,31,1,0.8147545161384155,0.9178972043930473,0.014712473239854383,"{""class_weight"": null, ""max_depth"": 4, ""max_features"": ""sqrt"", ""min_samples_leaf"": 4}"
1,0,34,1,0.66744748775341,0.7219019509803543,0.08463950595454026,"{""class_weight"": null, ""max_depth"": 4, ""max_features"": ""sqrt"", ""min_samples_leaf"": 4}"
1,0,43,1,0.6627171929235484,0.6525168221487297,0.08612824965108036,"{""class_weight"": null, ""max_depth"": 4, ""max_features"": ""sqrt"", ""min_samples_leaf"": 4}"
1,0,49,1,0.6455151655066288,0.6360715234388861,0.05562061988204733,"{""class_weight"": null, ""max_depth"": 4, ""max_features"": ""sqrt"", ""min_samples_leaf"": 4}"
1,0,60,0,0.5444131366341868,0.3857873728502404,0.04432372427622993,"{""class_weight"": null, ""max_depth"": 4, ""max_features"": ""sqrt"", ""min_samples_leaf"": 4}"
1,0,62,1,0.3930022169439186,0.18332360280278057,0.06453436966031635,"{""class_weight"": null, ""max_depth"": 4, ""max_features"": ""sqrt"", ""min_samples_leaf"": 4}"
1,0,68,0,0.5002849436425152,0.3709281826290858,0.09843801221508487,"{""class_weight"": null, ""max_depth"": 4, ""max_features"": ""sqrt"", ""min_samples_leaf"": 4}"
1,0,72,1,0.8055224200390164,0.9229532042970814,0.018419962183960917,"{""class_weight"": null, ""max_depth"": 4, ""max_features"": ""sqrt"", ""min_samples_leaf"": 4}"
1,0,78,1,0.7913179140390368,0.9017718724086283,0.03462612526446136,"{""class_weight"": null, ""max_depth"": 4, ""max_features"": ""sqrt"", ""min_samples_leaf"": 4}"
1,0,87,1,0.8585444600031269,0.9407684738023526,0.023790474264991084,"{""class_weight"": null, ""max_depth"": 4, ""max_features"": ""sqrt"", ""min_samples_leaf"": 4}"
1,0,93,0,0.8661623607410728,0.9528316518970268,0.016493241983554407,"{""class_weight"": null, ""max_depth"": 4, ""max_features"": ""sqrt"", ""min_samples_leaf"": 4}"
1,0,105,1,0.7328005876756285,0.8173318267190595,0.04777082151408583,"{""class_weight"": null, ""max_depth"": 4, ""max_features"": ""sqrt"", ""min_samples_leaf"": 4}"
1,0,109,1,0.8899392648086196,0.9567215627076731,0.018350083562477915,"{""class_weight"": null, ""max_depth"": 4, ""max_features"": ""sqrt"", ""min_samples_leaf"": 4}"
1,0,110,1,0.47622084811244236,0.2458665889677596,0.08810551111227462,"{""class_weight"": null, ""max_depth"": 4, ""max_features"": ""sqrt"", ""min_samples_leaf"": 4}"
1,0,111,1,0.8784463040251885,0.9493365649441842,0.012888740554282413,"{""class_weight"": null, ""max_depth"": 4, ""max_features"": ""sqrt"", ""min_samples_leaf"": 4}"
1,0,112,1,0.8613636723210815,0.9394622869039987,0.018541683848725465,"{""class_weight"": null, ""max_depth"": 4, ""max_features"": ""sqrt"", ""min_samples_leaf"": 4}"
1,0,123,1,0.5567909636334162,0.4958771353454595,0.09884987186967685,"{""class_weight"": null, ""max_depth"": 4, ""max_features"": ""sqrt"", ""min_samples_leaf"": 4}"
1,0,126,1,0.8392937794926874,0.9275268546736319,0.022363020268394186,"{""class_weight"": null, ""max_depth"": 4, ""max_features"": ""sqrt"", ""min_samples_leaf"": 4}"
1,0,128,1,0.7053049235361039,0.7247023316180311,0.09783358326180812,"{""class_weight"": null, ""max_depth"": 4, ""max_features"": ""sqrt"", ""min_samples_leaf"": 4}"
1,0,133,0,0.7162169346193538,0.8021186172443645,0.05370251393164002,"{""class_weight"": null, ""max_depth"": 4, ""max_features"": ""sqrt"", ""min_samples_leaf"": 4}"
1,0,143,0,0.2083047068836583,0.03161278903404573,0.025311995418841122,"{""class_weight"": null, ""max_depth"": 4, ""max_features"": ""sqrt"", ""min_samples_leaf"": 4}"
1,0,144,1,0.7792371373249719,0.9034041596306148,0.040366516311324825,"{""class_weight"": null, ""max_depth"": 4, ""max_features"": ""sqrt"", ""min_samples_leaf"": 4}"
1,0,151,0,0.5482427249872541,0.44382877753214095,0.05741387748785563,"{""class_weight"": null, ""max_depth"": 4, ""max_features"": ""sqrt"", ""min_samples_leaf"": 4}"
1,0,158,1,0.4671345412910258,0.21404520783558048,0.08642474184882311,"{""class_weight"": null, ""max_depth"": 4, ""max_features"": ""sqrt"", ""min_samples_leaf"": 4}"
1,0,182,1,0.6902900829012808,0.7687473440822714,0.04785081970883511,"{""class_weight"": null, ""max_depth"": 4, ""max_features"": ""sqrt"", ""min_samples_leaf"": 4}"
1,0,184,1,0.8117666358933803,0.8967211325852482,0.0513976356162209,"{""class_weight"": null, ""max_depth"": 4, ""max_features"": ""sqrt"", ""min_samples_leaf"": 4}"
1,0,191,1,0.8270720163367793,0.9299193226162334,0.026089932098227155,"{""class_weight"": null, ""max_depth"": 4, ""max_features"": ""sqrt"", ""min_samples_leaf"": 4}"
1,0,192,0,0.2761427023568228,0.06460301793656083,0.04364840858251465,"{""class_weight"": null, ""max_depth"": 4, ""max_features"": ""sqrt"", ""min_samples_leaf"": 4}"
1,0,193,0,0.5393712288581761,0.4319126689005242,0.12342971665431172,"{""class_weight"": null, ""max_depth"": 4, ""max_features"": ""sqrt"", ""min_samples_leaf"": 4}"
1,0,198,1,0.8729711811774307,0.9511110868873756,0.016905290992211663,"{""class_weight"": null, ""max_depth"": 4, ""max_features"": ""sqrt"", ""min_samples_leaf"": 4}"
1,0,199,0,0.5702412144376534,0.45536101745654706,0.07697739586442962,"{""class_weight"": null, ""max_depth"": 4, ""max_features"": ""sqrt"", ""min_samples_leaf"": 4}"
1,0,200,1,0.8527710048075252,0.9426110819017083,0.02637917856396402,"{""class_weight"": null, ""max_depth"": 4, ""max_features"": ""sqrt"", ""min_samples_leaf"": 4}"
1,0,202,1,0.8933405045018863,0.9671132326439787,0.013548285047234425,"{""class_weight"": null, ""max_depth"": 4, ""max_features"": ""sqrt"", ""min_samples_leaf"": 4}"
1,0,204,0,0.6228828454022218,0.5634388087961849,0.12553023834826896,"{""class_weight"": null, ""max_depth"": 4, ""max_features"": ""sqrt"", ""min_samples_leaf"": 4}"
1,0,220,1,0.7960610717675249,0.8691531525866217,0.04354084578532893,"{""class_weight"": null, ""max_depth"": 4, ""max_features"": ""sqrt"", ""min_samples_leaf"": 4}"
1,0,227,1,0.7897303725960271,0.8840216411332488,0.0339313340204597,"{""class_weight"": null, ""max_depth"": 4, ""max_features"": ""sqrt"", ""min_samples_leaf"": 4}"
1,0,228,1,0.7688407321910771,0.8518253121196,0.02050627181982775,"{""class_weight"": null, ""max_depth"": 4, ""max_features"": ""sqrt"", ""min_samples_leaf"": 4}"
1,0,240,1,0.933672676315797,0.9753463891787069,0.012820580292070559,"{""class_weight"": null, ""max_depth"": 4, ""max_features"": ""sqrt"", ""min_samples_leaf"": 4}"
1,0,241,1,0.51936514794387,0.3925944231524716,0.1436657750596794,"{""class_weight"": null, ""max_depth"": 4, ""max_features"": ""sqrt"", ""min_samples_leaf"": 4}"
1,0,244,1,0.5611072290348459,0.4563218616862936,0.10712338051421276,"{""class_weight"": null, ""max_depth"": 4, ""max_features"": ""sqrt"", ""min_samples_leaf"": 4}"
1,0,250,1,0.8684579130084703,0.9491367280130477,0.020194713330749455,"{""class_weight"": null, ""max_depth"": 4, ""max_features"": ""sqrt"", ""min_samples_leaf"": 4}"
1,0,253,1,0.8099096072568912,0.9063756827876961,0.027271734339027874,"{""class_weight"": null, ""max_depth"": 4, ""max_features"": ""sqrt"", ""min_samples_leaf"": 4}"
1,0,258,0,0.4409320597181713,0.21114866367837576,0.08522268444347995,"{""class_weight"": null, ""max_depth"": 4, ""max_features"": ""sqrt"", ""min_samples_leaf"": 4}"
1,0,259,1,0.7626792657936984,0.8375698361835104,0.05311202071180094,"{""class_weight"": null, ""max_depth"": 4, ""max_features"": ""sqrt"", ""min_samples_leaf"": 4}"
1,0,264,0,0.44694553641736706,0.2524215509869593,0.12801813803696369,"{""class_weight"": null, ""max_depth"": 4, ""max_features"": ""sqrt"", ""min_samples_leaf"": 4}"
1,0,270,0,0.3341465609498357,0.0869068546640347,0.06463002819654443,"{""class_weight"": null, ""max_depth"": 4, ""max_features"": ""sqrt"", ""min_samples_leaf"": 4}"
1,0,271,1,0.8533131403905484,0.9378342166916832,0.021794300123811033,"{""class_weight"": null, ""max_depth"": 4, ""max_features"": ""sqrt"", ""min_samples_leaf"": 4}"
1,0,274,1,0.9503471898046115,0.9772852351473391,0.012692603896698545,"{""class_weight"": null, ""max_depth"": 4, ""max_features"": ""sqrt"", ""min_samples_leaf"": 4}"
1,0,275,1,0.9015191795775197,0.9628433903820286,0.014633884885742826,"{""class_weight"": null, ""max_depth"": 4, ""max_features"": ""sqrt"", ""min_samples_leaf"": 4}"
1,0,278,1,0.8823471494899233,0.955398610056761,0.014886746878398137,"{""class_weight"": null, ""max_depth"": 4, ""max_features"": ""sqrt"", ""min_samples_leaf"": 4}"
1,0,279,1,0.7715762421981885,0.874922445752383,0.022018023749602475,"{""class_weight"": null, ""max_depth"": 4, ""max_features"": ""sqrt"", ""min_samples_leaf"": 4}"
1,0,288,1,0.6131351032369313,0.6149555282011038,0.0958644907261233,"{""class_weight"": null, ""max_depth"": 4, ""max_features"": ""sqrt"", ""min_samples_leaf"": 4}"
1,0,291,0,0.5765943451645322,0.4112227919980337,0.12983993337737218,"{""class_weight"": null, ""max_depth"": 4, ""max_features"": ""sqrt"", ""min_samples_leaf"": 4}"
1,0,298,1,0.8135076170434647,0.8893788936808761,0.04647483080054621,"{""class_weight"": null, ""max_depth"": 4, ""max_features"": ""sqrt"", ""min_samples_leaf"": 4}"
1,0,301,0,0.3274410500907479,0.08372239147125288,0.052486203004306065,"{""class_weight"": null, ""max_depth"": 4, ""max_features"": ""sqrt"", ""min_samples_leaf"": 4}"
1,1,1,1,0.9386296765470561,0.9607254268524261,0.029762350624519183,"{""class_weight"": null, ""max_depth"": 5, ""max_features"": ""sqrt"", ""min_samples_leaf"": 2}"
1,1,11,1,0.9454401918402052,0.9678537487949525,0.023052221249664717,"{""class_weight"": null, ""max_depth"": 5, ""max_features"": ""sqrt"", ""min_samples_leaf"": 2}"
1,1,18,1,0.8224254970906516,0.9075128406296227,0.045852429030046896,"{""class_weight"": null, ""max_depth"": 5, ""max_features"": ""sqrt"", ""min_samples_leaf"": 2}"
1,1,19,1,0.9298331785789026,0.9617409751053774,0.024629616013613104,"{""class_weight"": null, ""max_depth"": 5, ""max_features"": ""sqrt"", ""min_samples_leaf"": 2}"
1,1,22,1,0.9006668829879828,0.9482261338510021,0.029475536704323475,"{""class_weight"": null, ""max_depth"": 5, ""max_features"": ""sqrt"", ""min_samples_leaf"": 2}"
1,1,25,1,0.8919459664396973,0.9561328313696835,0.023953623596685184,"{""class_weight"": null, ""max_depth"": 5, ""max_features"": ""sqrt"", ""min_samples_leaf"": 2}"
1,1,26,0,0.4507983826606032,0.2954687354899481,0.06719296563805575,"{""class_weight"": null, ""max_depth"": 5, ""max_features"": ""sqrt"", ""min_samples_leaf"": 2}"
1,1,37,1,0.6877306400588907,0.6905357782164704,0.08425482623981273,"{""class_weight"": null, ""max_depth"": 5, ""max_features"": ""sqrt"", ""min_samples_leaf"": 2}"
1,1,39,1,0.9079717436023662,0.951820185367119,0.03763336487317419,"{""class_weight"": null, ""max_depth"": 5, ""max_features"": ""sqrt"", ""min_samples_leaf"": 2}"
1,1,41,0,0.4494184451689225,0.2485785855092061,0.038925659800493416,"{""class_weight"": null, ""max_depth"": 5, ""max_features"": ""sqrt"", ""min_samples_leaf"": 2}"
1,1,52,1,0.9252662054962769,0.9615896697745419,0.03069800936259711,"{""class_weight"": null, ""max_depth"": 5, ""max_features"": ""sqrt"", ""min_samples_leaf"": 2}"
1,1,54,0,0.4017707899570251,0.20944881671462018,0.04319061296720933,"{""class_weight"": null, ""max_depth"": 5, ""max_features"": ""sqrt"", ""min_samples_leaf"": 2}"
1,1,55,1,0.9463236792892233,0.9646905980424905,0.028208431817924547,"{""class_weight"": null, ""max_depth"": 5, ""max_features"": ""sqrt"", ""min_samples_leaf"": 2}"
1,1,57,1,0.9286428736697337,0.9598490114849654,0.030342223048866586,"{""class_weight"": null, ""max_depth"": 5, ""max_features"": ""sqrt"", ""min_samples_leaf"": 2}"
1,1,61,1,0.6191242157293653,0.5550693856771731,0.0762578705351297,"{""class_weight"": null, ""max_depth"": 5, ""max_features"": ""sqrt"", ""min_samples_leaf"": 2}"
1,1,66,1,0.9219305674443254,0.9587227500925387,0.02529065201435615,"{""class_weight"": null, ""max_depth"": 5, ""max_features"": ""sqrt"", ""min_samples_leaf"": 2}"
1,1,79,0,0.4122990436435233,0.17317936359335623,0.07448634901561779,"{""class_weight"": null, ""max_depth"": 5, ""max_features"": ""sqrt"", ""min_samples_leaf"": 2}"
1,1,82,1,0.7159367372080951,0.7266860707189448,0.03567143975178351,"{""class_weight"": null, ""max_depth"": 5, ""max_features"": ""sqrt"", ""min_samples_leaf"": 2}"
1,1,83,1,0.7758404778212752,0.8314794420552328,0.030308803554198814,"{""class_weight"": null, ""max_depth"": 5, ""max_features"": ""sqrt"", ""min_samples_leaf"": 2}"
1,1,86,1,0.8692815212879911,0.9469862747744084,0.025817802649284363,"{""class_weight"": null, ""max_depth"": 5, ""max_features"": ""sqrt"", ""min_samples_leaf"": 2}"
1,1,90,1,0.7297848200153992,0.8082906251285176,0.055981747106874154,"{""class_weight"": null, ""max_depth"": 5, ""max_features"": ""sqrt"", ""min_samples_leaf"": 2}"
1,1,94,1,0.8919025424760562,0.9423149120367158,0.04159044604114471,"{""class_weight"": null, ""max_depth"": 5, ""max_features"": ""sqrt"", ""min_samples_leaf"": 2}"
1,1,97,1,0.7899360940715424,0.8877019225824461,0.06120561963697811,"{""class_weight"": null, ""max_depth"": 5, ""max_features"": ""sqrt"", ""min_samples_leaf"": 2}"
1,1,99,1,0.7200510139684326,0.7042932518666896,0.0401915459158496,"{""class_weight"": null, ""max_depth"": 5, ""max_features"": ""sqrt"", ""min_samples_leaf"": 2}"
1,1,103,1,0.868472012973661,0.9470565791790545,0.030444460858959323,"{""class_weight"": null, ""max_depth"": 5, ""max_features"": ""sqrt"", ""min_samples_leaf"": 2}"
1,1,114,1,0.9321217274933574,0.9663993047882216,0.025282016313723815,"{""class_weight"": null, ""max_depth"": 5, ""max_features"": ""sqrt"", ""min_samples_leaf"": 2}"
1,1,127,1,0.8509814025007748,0.9227640928826129,0.04316863095656843,"{""class_weight"": null, ""max_depth"": 5, ""max_features"": ""sqrt"", ""min_samples_leaf"": 2}"
1,1,131,1,0.9370253559874654,0.9694901876512478,0.02266720254467425,"{""class_weight"": null, ""max_depth"": 5, ""max_features"": ""sqrt"", ""min_samples_leaf"": 2}"
1,1,134,1,0.8812885775198321,0.9347477045819635,0.032133802943130854,"{""class_weight"": null, ""max_depth"": 5, ""max_features"": ""sqrt"", ""min_samples_leaf"": 2}"
1,1,136,0,0.5409215842523993,0.3831074990607867,0.14585047124979292,"{""class_weight"": null, ""max_depth"": 5, ""max_features"": ""sqrt"", ""min_samples_leaf"": 2}"
1,1,141,1,0.8975555947897665,0.959318465501443,0.025465282258313546,"{""class_weight"": null, ""max_depth"": 5, ""max_features"": ""sqrt"", ""min_samples_leaf"": 2}"
1,1,148,1,0.7233060975635931,0.8172489695354512,0.052599236341310716,"{""class_weight"": null, ""max_depth"": 5, ""max_features"": ""sqrt"", ""min_samples_leaf"": 2}"
1,1,159,1,0.9092947205506402,0.9548983613623718,0.03530430164783192,"{""class_weight"": null, ""max_depth"": 5, ""max_features"": ""sqrt"", ""min_samples_leaf"": 2}"
1,1,165,1,0.7043004985188515,0.8021580461089874,0.0650492417529674,"{""class_weight"": null, ""max_depth"": 5, ""max_features"": ""sqrt"", ""min_samples_leaf"": 2}"
1,1,166,0,0.5038465289677482,0.2743371595226335,0.11584363712710141,"{""class_weight"": null, ""max_depth"": 5, ""max_features"": ""sqrt"", ""min_samples_leaf"": 2}"
1,1,173,1,0.914786307141487,0.960408727603528,0.025227251362085628,"{""class_weight"": null, ""max_depth"": 5, ""max_features"": ""sqrt"", ""min_samples_leaf"": 2}"
1,1,181,1,0.8446903682122338,0.9209036880341832,0.03550734610642694,"{""class_weight"": null, ""max_depth"": 5, ""max_features"": ""sqrt"", ""min_samples_leaf"": 2}"
1,1,187,1,0.901623006973728,0.9511708929819649,0.03375857253316934,"{""class_weight"": null, ""max_depth"": 5, ""max_features"": ""sqrt"", ""min_samples_leaf"": 2}"
1,1,189,1,0.85065173047932,0.9370807406880284,0.030374792924607118,"{""class_weight"": null, ""max_depth"": 5, ""max_features"": ""sqrt"", ""min_samples_leaf"": 2}"
1,1,190,0,0.6444752282815022,0.6679691706043315,0.0653571053868955,"{""class_weight"": null, ""max_depth"": 5, ""max_features"": ""sqrt"", ""min_samples_leaf"": 2}"
1,1,195,1,0.7984931950413552,0.8982854836404417,0.042608014952996855,"{""class_weight"": null, ""max_depth"": 5, ""max_features"": ""sqrt"", ""min_samples_leaf"": 2}"
1,1,196,0,0.4569609387700615,0.2340207663997868,0.06995444412226985,"{""class_weight"": null, ""max_depth"": 5, ""max_features"": ""sqrt"", ""min_samples_leaf"": 2}"
1,1,201,0,0.5832570806564301,0.46497717295415153,0.10695117717030385,"{""class_weight"": null, ""max_depth"": 5, ""max_features"": ""sqrt"", ""min_samples_leaf"": 2}"
1,1,218,0,0.5123861867044581,0.3590386861847977,0.1383131384935188,"{""class_weight"": null, ""max_depth"": 5, ""max_features"": ""sqrt"", ""min_samples_leaf"": 2}"
1,1,219,1,0.3857442301801848,0.15033333779792005,0.05536833828745128,"{""class_weight"": null, ""max_depth"": 5, ""max_features"": ""sqrt"", ""min_samples_leaf"": 2}"
1,1,225,1,0.7811513439825936,0.8610094116558619,0.06535429425296384,"{""class_weight"": null, ""max_depth"": 5, ""max_features"": ""sqrt"", ""min_samples_leaf"": 2}"
1,1,226,1,0.8516438756391435,0.9155481600469553,0.038703668537480196,"{""class_weight"": null, ""max_depth"": 5, ""max_features"": ""sqrt"", ""min_samples_leaf"": 2}"
1,1,230,1,0.9470651937182096,0.96815238185887,0.028327611089240454,"{""class_weight"": null, ""max_depth"": 5, ""max_features"": ""sqrt"", ""min_samples_leaf"": 2}"
1,1,234,0,0.46201995393086065,0.24330457150445595,0.029355106011949964,"{""class_weight"": null, ""max_depth"": 5, ""max_features"": ""sqrt"", ""min_samples_leaf"": 2}"
1,1,246,1,0.9621627579579541,0.9717577818207597,0.01946863901316606,"{""class_weight"": null, ""max_depth"": 5, ""max_features"": ""sqrt"", ""min_samples_leaf"": 2}"
1,1,247,0,0.386733915084495,0.12016920600565661,0.06011353426789479,"{""class_weight"": null, ""max_depth"": 5, ""max_features"": ""sqrt"", ""min_samples_leaf"": 2}"
1,1,251,1,0.5782862729492741,0.4583683448844931,0.13244576847668738,"{""class_weight"": null, ""max_depth"": 5, ""max_features"": ""sqrt"", ""min_samples_leaf"": 2}"
1,1,255,0,0.39380376247021187,0.18573015520569353,0.05756093369973127,"{""class_weight"": null, ""max_depth"": 5, ""max_features"": ""sqrt"", ""min_samples_leaf"": 2}"
1,1,261,0,0.2661589999355262,0.05371190560959312,0.02498320707638023,"{""class_weight"": null, ""max_depth"": 5, ""max_features"": ""sqrt"", ""min_samples_leaf"": 2}"
1,1,262,1,0.7384080108081649,0.8287644247130853,0.05345265596641454,"{""class_weight"": null, ""max_depth"": 5, ""max_features"": ""sqrt"", ""min_samples_leaf"": 2}"
1,1,265,1,0.880003337836056,0.9363615778211074,0.034563880807213336,"{""class_weight"": null, ""max_depth"": 5, ""max_features"": ""sqrt"", ""min_samples_leaf"": 2}"
1,1,280,0,0.5111683064502892,0.3925683308015374,0.05725319334335293,"{""class_weight"": null, ""max_depth"": 5, ""max_features"": ""sqrt"", ""min_samples_leaf"": 2}"
1,1,282,1,0.8631926307985287,0.937086698034536,0.03243673360680444,"{""class_weight"": null, ""max_depth"": 5, ""max_features"": ""sqrt"", ""min_samples_leaf"": 2}"
1,1,289,0,0.45254242420791313,0.23442255088814448,0.08781008923290948,"{""class_weight"": null, ""max_depth"": 5, ""max_features"": ""sqrt"", ""min_samples_leaf"": 2}"
1,1,293,0,0.422710238711546,0.21970710238609553,0.09471425780696927,"{""class_weight"": null, ""max_depth"": 5, ""max_features"": ""sqrt"", ""min_samples_leaf"": 2}"
1,1,296,0,0.44578597209057885,0.2063733371310567,0.09176680935002748,"{""class_weight"": null, ""max_depth"": 5, ""max_features"": ""sqrt"", ""min_samples_leaf"": 2}"
1,2,3,0,0.5039777782590474,0.6840878381727065,0.05764964240777458,"{""class_weight"": ""balanced"", ""max_depth"": 6, ""max_features"": ""sqrt"", ""min_samples_leaf"": 7}"
1,2,4,0,0.40311067215889956,0.4561865403717378,0.04516786380375762,"{""class_weight"": ""balanced"", ""max_depth"": 6, ""max_features"": ""sqrt"", ""min_samples_leaf"": 7}"
1,2,5,1,0.5857943309604725,0.7690154000899156,0.08609879346968563,"{""class_weight"": ""balanced"", ""max_depth"": 6, ""max_features"": ""sqrt"", ""min_samples_leaf"": 7}"
1,2,20,1,0.1998919309982344,0.12173438667228517,0.03378235891044857,"{""class_weight"": ""balanced"", ""max_depth"": 6, ""max_features"": ""sqrt"", ""min_samples_leaf"": 7}"
1,2,24,1,0.7290834218449427,0.9274163536533617,0.015440041614691334,"{""class_weight"": ""balanced"", ""max_depth"": 6, ""max_features"": ""sqrt"", ""min_samples_leaf"": 7}"
1,2,28,1,0.8585375840669455,0.9746810931326646,0.010532804878589663,"{""class_weight"": ""balanced"", ""max_depth"": 6, ""max_features"": ""sqrt"", ""min_samples_leaf"": 7}"
1,2,32,1,0.8182977398050885,0.9573985511393339,0.010298233833995998,"{""class_weight"": ""balanced"", ""max_depth"": 6, ""max_features"": ""sqrt"", ""min_samples_leaf"": 7}"
1,2,35,0,0.2226348247317003,0.12206207349017015,0.04227280571520718,"{""class_weight"": ""balanced"", ""max_depth"": 6, ""max_features"": ""sqrt"", ""min_samples_leaf"": 7}"
1,2,38,1,0.701328659595765,0.9016392305613274,0.020719864398664967,"{""class_weight"": ""balanced"", ""max_depth"": 6, ""max_features"": ""sqrt"", ""min_samples_leaf"": 7}"
1,2,42,0,0.2861004961712656,0.24489449541373545,0.039217783821217836,"{""class_weight"": ""balanced"", ""max_depth"": 6, ""max_features"": ""sqrt"", ""min_samples_leaf"": 7}"
1,2,56,1,0.8175907654679866,0.973227165749465,0.0034420392126566775,"{""class_weight"": ""balanced"", ""max_depth"": 6, ""max_features"": ""sqrt"", ""min_samples_leaf"": 7}"
1,2,59,1,0.8709054352934436,0.9764414333757039,0.00758523930396262,"{""class_weight"": ""balanced"", ""max_depth"": 6, ""max_features"": ""sqrt"", ""min_samples_leaf"": 7}"
1,2,63,1,0.6980190301610676,0.9103218584591757,0.01903262206727009,"{""class_weight"": ""balanced"", ""max_depth"": 6, ""max_features"": ""sqrt"", ""min_samples_leaf"": 7}"
1,2,73,1,0.6784280897422039,0.9097357259691734,0.020581086948949657,"{""class_weight"": ""balanced"", ""max_depth"": 6, ""max_features"": ""sqrt"", ""min_samples_leaf"": 7}"
1,2,85,1,0.5918171676634907,0.7747540759422963,0.049439278877582836,"{""class_weight"": ""balanced"", ""max_depth"": 6, ""max_features"": ""sqrt"", ""min_samples_leaf"": 7}"
1,2,98,1,0.8090836822740576,0.9637918337125237,0.008181612154504614,"{""class_weight"": ""balanced"", ""max_depth"": 6, ""max_features"": ""sqrt"", ""min_samples_leaf"": 7}"
1,2,101,1,0.7994122113550747,0.9627489121887164,0.011362505537227154,"{""class_weight"": ""balanced"", ""max_depth"": 6, ""max_features"": ""sqrt"", ""min_samples_leaf"": 7}"
1,2,106,1,0.788070350421954,0.9583844286510216,0.010284999796548617,"{""class_weight"": ""balanced"", ""max_depth"": 6, ""max_features"": ""sqrt"", ""min_samples_leaf"": 7}"
1,2,107,1,0.5650870229272029,0.7253675302486672,0.0341936819306345,"{""class_weight"": ""balanced"", ""max_depth"": 6, ""max_features"": ""sqrt"", ""min_samples_leaf"": 7}"
1,2,116,1,0.7380350781672281,0.9176223109782449,0.021159944997155507,"{""class_weight"": ""balanced"", ""max_depth"": 6, ""max_features"": ""sqrt"", ""min_samples_leaf"": 7}"
1,2,117,1,0.8270670379113625,0.9679198100346383,0.01232864202899278,"{""class_weight"": ""balanced"", ""max_depth"": 6, ""max_features"": ""sqrt"", ""min_samples_leaf"": 7}"
1,2,120,1,0.6146146499702517,0.8267648804607106,0.05443899366271469,"{""class_weight"": ""balanced"", ""max_depth"": 6, ""max_features"": ""sqrt"", ""min_samples_leaf"": 7}"
1,2,130,0,0.28477429964743056,0.2147360502513221,0.055874253514203234,"{""class_weight"": ""balanced"", ""max_depth"": 6, ""max_features"": ""sqrt"", ""min_samples_leaf"": 7}"
1,2,135,1,0.5919095295337446,0.7905298131190438,0.04680886405558482,"{""class_weight"": ""balanced"", ""max_depth"": 6, ""max_features"": ""sqrt"", ""min_samples_leaf"": 7}"
1,2,137,0,0.2947528321783922,0.2164189378532984,0.0744512494209746,"{""class_weight"": ""balanced"", ""max_depth"": 6, ""max_features"": ""sqrt"", ""min_samples_leaf"": 7}"
1,2,138,1,0.7874535857870338,0.9544754340865271,0.013026870364127651,"{""class_weight"": ""balanced"", ""max_depth"": 6, ""max_features"": ""sqrt"", ""min_samples_leaf"": 7}"
1,2,142,1,0.368973333532038,0.4284694930820363,0.0508667126505231,"{""class_weight"": ""balanced"", ""max_depth"": 6, ""max_features"": ""sqrt"", ""min_samples_leaf"": 7}"
1,2,146,1,0.9291966222402753,0.9854455986978351,0.0036821124979998297,"{""class_weight"": ""balanced"", ""max_depth"": 6, ""max_features"": ""sqrt"", ""min_samples_leaf"": 7}"
1,2,153,0,0.5271023694130096,0.649549802542752,0.07268703385369667,"{""class_weight"": ""balanced"", ""max_depth"": 6, ""max_features"": ""sqrt"", ""min_samples_leaf"": 7}"
1,2,154,1,0.6711150663215092,0.8783057811677242,0.05232112640063494,"{""class_weight"": ""balanced"", ""max_depth"": 6, ""max_features"": ""sqrt"", ""min_samples_leaf"": 7}"
1,2,156,1,0.680751068466939,0.8930294456062878,0.03223646568237384,"{""class_weight"": ""balanced"", ""max_depth"": 6, ""max_features"": ""sqrt"", ""min_samples_leaf"": 7}"
1,2,164,1,0.8999678365665151,0.9826256047259317,0.009146550009237128,"{""class_weight"": ""balanced"", ""max_depth"": 6, ""max_features"": ""sqrt"", ""min_samples_leaf"": 7}"
1,2,168,0,0.22709239304811304,0.15320844471256595,0.043885240691653116,"{""class_weight"": ""balanced"", ""max_depth"": 6, ""max_features"": ""sqrt"", ""min_samples_leaf"": 7}"
1,2,169,0,0.23918879152889289,0.17073065157282552,0.03271779939462334,"{""class_weight"": ""balanced"", ""max_depth"": 6, ""max_features"": ""sqrt"", ""min_samples_leaf"": 7}"
1,2,170,0,0.35687535377716667,0.26266467623326745,0.10692635110212435,"{""class_weight"": ""balanced"", ""max_depth"": 6, ""max_features"": ""sqrt"", ""min_samples_leaf"": 7}"
1,2,174,1,0.94917528604505,0.9900703899720409,0.00326138516639961,"{""class_weight"": ""balanced"", ""max_depth"": 6, ""max_features"": ""sqrt"", ""min_samples_leaf"": 7}"
1,2,176,1,0.32191797156335367,0.27533744581290254,0.08257968131164993,"{""class_weight"": ""balanced"", ""max_depth"": 6, ""max_features"": ""sqrt"", ""min_samples_leaf"": 7}"
1,2,177,1,0.7547044281852464,0.949491978369983,0.01730305171254078,"{""class_weight"": ""balanced"", ""max_depth"": 6, ""max_features"": ""sqrt"", ""min_samples_leaf"": 7}"
1,2,186,0,0.5495875123726932,0.726960252072961,0.07593836475931867,"{""class_weight"": ""balanced"", ""max_depth"": 6, ""max_features"": ""sqrt"", ""min_samples_leaf"": 7}"
1,2,194,0,0.20244502814213125,0.13540279181832798,0.035549818843389494,"{""class_weight"": ""balanced"", ""max_depth"": 6, ""max_features"": ""sqrt"", ""min_samples_leaf"": 7}"
1,2,208,1,0.7237056752090416,0.9328228725122416,0.014245242920214174,"{""class_weight"": ""balanced"", ""max_depth"": 6, ""max_features"": ""sqrt"", ""min_samples_leaf"": 7}"
1,2,210,0,0.16316803146822736,0.10908834656507391,0.043480003729922195,"{""class_weight"": ""balanced"", ""max_depth"": 6, ""max_features"": ""sqrt"", ""min_samples_leaf"": 7}"
1,2,211,1,0.6490534844744424,0.8833104808193287,0.02253039663766368,"{""class_weight"": ""balanced"", ""max_depth"": 6, ""max_features"": ""sqrt"", ""min_samples_leaf"": 7}"
1,2,213,0,0.7421978444054328,0.9338135889750951,0.016981354681486396,"{""class_weight"": ""balanced"", ""max_depth"": 6, ""max_features"": ""sqrt"", ""min_samples_leaf"": 7}"
1,2,221,1,0.5782650991416595,0.7732562170572207,0.0612543030419629,"{""class_weight"": ""balanced"", ""max_depth"": 6, ""max_features"": ""sqrt"", ""min_samples_leaf"": 7}"
1,2,223,1,0.49406657168326895,0.6422481200270153,0.036737228831839,"{""class_weight"": ""balanced"", ""max_depth"": 6, ""max_features"": ""sqrt"", ""min_samples_leaf"": 7}"
1,2,229,1,0.7491788735071407,0.928465108278101,0.019454924002673735,"{""class_weight"": ""balanced"", ""max_depth"": 6, ""max_features"": ""sqrt"", ""min_samples_leaf"": 7}"
1,2,235,1,0.7485771489523804,0.9244063656919325,0.019675786742398872,"{""class_weight"": ""balanced"", ""max_depth"": 6, ""max_features"": ""sqrt"", ""min_samples_leaf"": 7}"
1,2,237,1,0.6065380527421931,0.8080142576973767,0.04312786501185743,"{""class_weight"": ""balanced"", ""max_depth"": 6, ""max_features"": ""sqrt"", ""min_samples_leaf"": 7}"
1,2,239,1,0.7645200929203954,0.93663087890831,0.014939277669122886,"{""class_weight"": ""balanced"", ""max_depth"": 6, ""max_features"": ""sqrt"", ""min_samples_leaf"": 7}"
1,2,242,1,0.686905337938549,0.8895186611785683,0.0125653562405741,"{""class_weight"": ""balanced"", ""max_depth"": 6, ""max_features"": ""sqrt"", ""min_samples_leaf"": 7}"
1,2,243,1,0.7284443985844921,0.9106768270149906,0.026908849581883287,"{""class_weight"": ""balanced"", ""max_depth"": 6, ""max_features"": ""sqrt"", ""min_samples_leaf"": 7}"
1,2,245,1,0.414694541649363,0.49173374430093764,0.12258446829583554,"{""class_weight"": ""balanced"", ""max_depth"": 6, ""max_features"": ""sqrt"", ""min_samples_leaf"": 7}"
1,2,254,0,0.6084357270324026,0.781944931769611,0.06235783234688481,"{""class_weight"": ""balanced"", ""max_depth"": 6, ""max_features"": ""sqrt"", ""min_samples_leaf"": 7}"
1,2,269,1,0.8293256758445721,0.9669520709890543,0.010935916390321324,"{""class_weight"": ""balanced"", ""max_depth"": 6, ""max_features"": ""sqrt"", ""min_samples_leaf"": 7}"
1,2,272,0,0.5115967316822363,0.6639089080704241,0.050562408165551416,"{""class_weight"": ""balanced"", ""max_depth"": 6, ""max_features"": ""sqrt"", ""min_samples_leaf"": 7}"
1,2,273,1,0.8747631085958022,0.9811979364915725,0.007149089129298341,"{""class_weight"": ""balanced"", ""max_depth"": 6, ""max_features"": ""sqrt"", ""min_samples_leaf"": 7}"
1,2,283,1,0.46923357958015816,0.634672904748619,0.010842760726525966,"{""class_weight"": ""balanced"", ""max_depth"": 6, ""max_features"": ""sqrt"", ""min_samples_leaf"": 7}"
1,2,286,0,0.3072112728310598,0.2701611882578288,0.04372095989628787,"{""class_weight"": ""balanced"", ""max_depth"": 6, ""max_features"": ""sqrt"", ""min_samples_leaf"": 7}"
1,2,295,0,0.6050537243908258,0.7794354917553183,0.02879143866373401,"{""class_weight"": ""balanced"", ""max_depth"": 6, ""max_features"": ""sqrt"", ""min_samples_leaf"": 7}"
1,2,302,1,0.5942632918831123,0.8080449765857409,0.044304043521048615,"{""class_weight"": ""balanced"", ""max_depth"": 6, ""max_features"": ""sqrt"", ""min_samples_leaf"": 7}"
1,3,0,1,0.4578153236631497,0.5201680903468372,0.08905816530978908,"{""class_weight"": ""balanced"", ""max_depth"": 5, ""max_features"": ""sqrt"", ""min_samples_leaf"": 2}"
1,3,6,1,0.8339835322656012,0.9540197683961192,0.028641848449020284,"{""class_weight"": ""balanced"", ""max_depth"": 5, ""max_features"": ""sqrt"", ""min_samples_leaf"": 2}"
1,3,10,1,0.7026525717114805,0.9046368423707463,0.03756367593177477,"{""class_weight"": ""balanced"", ""max_depth"": 5, ""max_features"": ""sqrt"", ""min_samples_leaf"": 2}"
1,3,17,0,0.36577358304622687,0.33615457116220415,0.10535625025212499,"{""class_weight"": ""balanced"", ""max_depth"": 5, ""max_features"": ""sqrt"", ""min_samples_leaf"": 2}"
1,3,27,1,0.2846064088454894,0.20954694541048066,0.14647639618268782,"{""class_weight"": ""balanced"", ""max_depth"": 5, ""max_features"": ""sqrt"", ""min_samples_leaf"": 2}"
1,3,44,1,0.6437742388244049,0.8056392517511201,0.09007852948012961,"{""class_weight"": ""balanced"", ""max_depth"": 5, ""max_features"": ""sqrt"", ""min_samples_leaf"": 2}"
1,3,46,1,0.7486488818967603,0.9225434463411218,0.034021775373852294,"{""class_weight"": ""balanced"", ""max_depth"": 5, ""max_features"": ""sqrt"", ""min_samples_leaf"": 2}"
1,3,48,0,0.22329684653443305,0.21037259655147444,0.15194667676987247,"{""class_weight"": ""balanced"", ""max_depth"": 5, ""max_features"": ""sqrt"", ""min_samples_leaf"": 2}"
1,3,50,1,0.4967082603029824,0.6497037163234004,0.07833752281781489,"{""class_weight"": ""balanced"", ""max_depth"": 5, ""max_features"": ""sqrt"", ""min_samples_leaf"": 2}"
1,3,51,1,0.7814538051380947,0.9379397806885192,0.0315245738139056,"{""class_weight"": ""balanced"", ""max_depth"": 5, ""max_features"": ""sqrt"", ""min_samples_leaf"": 2}"
1,3,58,1,0.36635946908045974,0.3674701360189206,0.09390987767853928,"{""class_weight"": ""balanced"", ""max_depth"": 5, ""max_features"": ""sqrt"", ""min_samples_leaf"": 2}"
1,3,65,1,0.6996348781302562,0.893365084492394,0.030395927539984945,"{""class_weight"": ""balanced"", ""max_depth"": 5, ""max_features"": ""sqrt"", ""min_samples_leaf"": 2}"
1,3,70,0,0.30845316975924647,0.2446286307445599,0.13033172056381737,"{""class_weight"": ""balanced"", ""max_depth"": 5, ""max_features"": ""sqrt"", ""min_samples_leaf"": 2}"
1,3,71,1,0.822544539302143,0.9562209363861113,0.019837585730596453,"{""class_weight"": ""balanced"", ""max_depth"": 5, ""max_features"": ""sqrt"", ""min_samples_leaf"": 2}"
1,3,74,1,0.9468050147784991,0.9802994618232617,0.013910848169941235,"{""class_weight"": ""balanced"", ""max_depth"": 5, ""max_features"": ""sqrt"", ""min_samples_leaf"": 2}"
1,3,77,1,0.6279490575175918,0.7957760676939737,0.07171675650855347,"{""class_weight"": ""balanced"", ""max_depth"": 5, ""max_features"": ""sqrt"", ""min_samples_leaf"": 2}"
1,3,88,1,0.820641316609946,0.9530254087745826,0.023779818233944604,"{""class_weight"": ""balanced"", ""max_depth"": 5, ""max_features"": ""sqrt"", ""min_samples_leaf"": 2}"
1,3,89,1,0.8769173349610776,0.9643059282309515,0.02257220574937887,"{""class_weight"": ""balanced"", ""max_depth"": 5, ""max_features"": ""sqrt"", ""min_samples_leaf"": 2}"
1,3,91,0,0.3789692661780945,0.4617171837798866,0.09327944744125609,"{""class_weight"": ""balanced"", ""max_depth"": 5, ""max_features"": ""sqrt"", ""min_samples_leaf"": 2}"
1,3,92,1,0.8156059664713861,0.9551162132241782,0.0221738615936354,"{""class_weight"": ""balanced"", ""max_depth"": 5, ""max_features"": ""sqrt"", ""min_samples_leaf"": 2}"
1,3,95,1,0.8755931293048406,0.9638112054710982,0.021212005205905795,"{""class_weight"": ""balanced"", ""max_depth"": 5, ""max_features"": ""sqrt"", ""min_samples_leaf"": 2}"
1,3,118,1,0.8540192798222724,0.9600613242641411,0.02178822006974047,"{""class_weight"": ""balanced"", ""max_depth"": 5, ""max_features"": ""sqrt"", ""min_samples_leaf"": 2}"
1,3,119,1,0.6539805129082014,0.8585967998873585,0.051306777285899,"{""class_weight"": ""balanced"", ""max_depth"": 5, ""max_features"": ""sqrt"", ""min_samples_leaf"": 2}"
1,3,121,1,0.5570676143512129,0.7961779224435341,0.1002643595434207,"{""class_weight"": ""balanced"", ""max_depth"": 5, ""max_features"": ""sqrt"", ""min_samples_leaf"": 2}"
1,3,122,1,0.7740738584718244,0.9157326402952393,0.03641070333801025,"{""class_weight"": ""balanced"", ""max_depth"": 5, ""max_features"": ""sqrt"", ""min_samples_leaf"": 2}"
1,3,125,1,0.7325380671434586,0.8904558686412927,0.055810086056062067,"{""class_weight"": ""balanced"", ""max_depth"": 5, ""max_features"": ""sqrt"", ""min_samples_leaf"": 2}"
1,3,132,1,0.8909807806211723,0.9642184265153931,0.020767191219236945,"{""class_weight"": ""balanced"", ""max_depth"": 5, ""max_features"": ""sqrt"", ""min_samples_leaf"": 2}"
1,3,147,1,0.6983083871168717,0.8758204672066512,0.02717742330797183,"{""class_weight"": ""balanced"", ""max_depth"": 5, ""max_features"": ""sqrt"", ""min_samples_leaf"": 2}"
1,3,149,1,0.8060854121510282,0.9500694956331716,0.02806301893663027,"{""class_weight"": ""balanced"", ""max_depth"": 5, ""max_features"": ""sqrt"", ""min_samples_leaf"": 2}"
1,3,150,0,0.557938285925264,0.6257284472553507,0.11118996917683788,"{""class_weight"": ""balanced"", ""max_depth"": 5, ""max_features"": ""sqrt"", ""min_samples_leaf"": 2}"
1,3,155,1,0.8231826847182149,0.9616614699745993,0.021557872393893104,"{""class_weight"": ""balanced"", ""max_depth"": 5, ""max_features"": ""sqrt"", ""min_samples_leaf"": 2}"
1,3,157,1,0.5210022138498105,0.6821313481050287,0.08653396953666281,"{""class_weight"": ""balanced"", ""max_depth"": 5, ""max_features"": ""sqrt"", ""min_samples_leaf"": 2}"
1,3,161,1,0.8278603634221415,0.9650952804491697,0.019656516633070553,"{""class_weight"": ""balanced"", ""max_depth"": 5, ""max_features"": ""sqrt"", ""min_samples_leaf"": 2}"
1,3,162,1,0.855012346301213,0.959726948936316,0.023497892335415792,"{""class_weight"": ""balanced"", ""max_depth"": 5, ""max_features"": ""sqrt"", ""min_samples_leaf"": 2}"
1,3,163,1,0.5857330924748634,0.7700677798752219,0.07420449652849649,"{""class_weight"": ""balanced"", ""max_depth"": 5, ""max_features"": ""sqrt"", ""min_samples_leaf"": 2}"
1,3,171,1,0.7401728167689822,0.9200535782054484,0.05144323506214381,"{""class_weight"": ""balanced"", ""max_depth"": 5, ""max_features"": ""sqrt"", ""min_samples_leaf"": 2}"
1,3,172,1,0.7091644330798011,0.8941386615087691,0.045066887703153355,"{""class_weight"": ""balanced"", ""max_depth"": 5, ""max_features"": ""sqrt"", ""min_samples_leaf"": 2}"
1,3,175,0,0.6450325114020484,0.8061595062583151,0.0835898408357826,"{""class_weight"": ""balanced"", ""max_depth"": 5, ""max_features"": ""sqrt"", ""min_samples_leaf"": 2}"
1,3,178,1,0.6701857040281326,0.8713653172563907,0.06056203760413519,"{""class_weight"": ""balanced"", ""max_depth"": 5, ""max_features"": ""sqrt"", ""min_samples_leaf"": 2}"
1,3,179,0,0.24860358951169934,0.20783075403568296,0.11429059619813872,"{""class_weight"": ""balanced"", ""max_depth"": 5, ""max_features"": ""sqrt"", ""min_samples_leaf"": 2}"
1,3,185,0,0.5798378746996566,0.708034868673777,0.05148131711706978,"{""class_weight"": ""balanced"", ""max_depth"": 5, ""max_features"": ""sqrt"", ""min_samples_leaf"": 2}"
1,3,188,1,0.43519472090472616,0.5079930219943286,0.159143395008919,"{""class_weight"": ""balanced"", ""max_depth"": 5, ""max_features"": ""sqrt"", ""min_samples_leaf"": 2}"
1,3,205,1,0.4420587482772913,0.45002977787491494,0.09500781945904853,"{""class_weight"": ""balanced"", ""max_depth"": 5, ""max_features"": ""sqrt"", ""min_samples_leaf"": 2}"
1,3,206,1,0.8029790338979517,0.9488647601007401,0.029021575882228923,"{""class_weight"": ""balanced"", ""max_depth"": 5, ""max_features"": ""sqrt"", ""min_samples_leaf"": 2}"
1,3,209,1,0.8380261834010525,0.9547996467784048,0.02660814749582802,"{""class_weight"": ""balanced"", ""max_depth"": 5, ""max_features"": ""sqrt"", ""min_samples_leaf"": 2}"
1,3,212,0,0.1931106151220524,0.11525726370260943,0.09393303312316045,"{""class_weight"": ""balanced"", ""max_depth"": 5, ""max_features"": ""sqrt"", ""min_samples_leaf"": 2}"
1,3,214,0,0.7126496142004193,0.9102745997437639,0.03749601260711342,"{""class_weight"": ""balanced"", ""max_depth"": 5, ""max_features"": ""sqrt"", ""min_samples_leaf"": 2}"
1,3,215,1,0.8597439290049609,0.9639801479535635,0.019529534207425755,"{""class_weight"": ""balanced"", ""max_depth"": 5, ""max_features"": ""sqrt"", ""min_samples_leaf"": 2}"
1,3,217,0,0.34927690079533813,0.3389019684131126,0.16381428577171983,"{""class_weight"": ""balanced"", ""max_depth"": 5, ""max_features"": ""sqrt"", ""min_samples_leaf"": 2}"
1,3,231,1,0.9259171683799896,0.9780508623846158,0.014791315457312729,"{""class_weight"": ""balanced"", ""max_depth"": 5, ""max_features"": ""sqrt"", ""min_samples_leaf"": 2}"
1,3,232,1,0.8039054443570213,0.9460679982803976,0.02448338255641949,"{""class_weight"": ""balanced"", ""max_depth"": 5, ""max_features"": ""sqrt"", ""min_samples_leaf"": 2}"
1,3,233,0,0.3500430131177509,0.3470275748992399,0.1088791114180705,"{""class_weight"": ""balanced"", ""max_depth"": 5, ""max_features"": ""sqrt"", ""min_samples_leaf"": 2}"
1,3,249,1,0.7312285171221178,0.9179877089427366,0.027339806652816878,"{""class_weight"": ""balanced"", ""max_depth"": 5, ""max_features"": ""sqrt"", ""min_samples_leaf"": 2}"
1,3,260,1,0.838982435498736,0.9538389832941858,0.027192590087946392,"{""class_weight"": ""balanced"", ""max_depth"": 5, ""max_features"": ""sqrt"", ""min_samples_leaf"": 2}"
1,3,268,0,0.3752826509026246,0.3266805796716862,0.18288581866105857,"{""class_weight"": ""balanced"", ""max_depth"": 5, ""max_features"": ""sqrt"", ""min_samples_leaf"": 2}"
1,3,276,0,0.2864683198920782,0.2526837511148084,0.12910132058659826,"{""class_weight"": ""balanced"", ""max_depth"": 5, ""max_features"": ""sqrt"", ""min_samples_leaf"": 2}"
1,3,287,0,0.3851367332353421,0.4554021582790533,0.14085040277661598,"{""class_weight"": ""balanced"", ""max_depth"": 5, ""max_features"": ""sqrt"", ""min_samples_leaf"": 2}"
1,3,294,1,0.5028074612034512,0.6346589237805389,0.1032338048806438,"{""class_weight"": ""balanced"", ""max_depth"": 5, ""max_features"": ""sqrt"", ""min_samples_leaf"": 2}"
1,3,299,0,0.28829422874998767,0.2009241075676075,0.13563843668890233,"{""class_weight"": ""balanced"", ""max_depth"": 5, ""max_features"": ""sqrt"", ""min_samples_leaf"": 2}"
1,3,300,0,0.24182751051837775,0.1643365623538167,0.09489216938278387,"{""class_weight"": ""balanced"", ""max_depth"": 5, ""max_features"": ""sqrt"", ""min_samples_leaf"": 2}"
1,4,7,1,0.81876795507871,0.9643138392440062,0.02305122777831147,"{""class_weight"": ""balanced"", ""max_depth"": 4, ""max_features"": ""sqrt"", ""min_samples_leaf"": 3}"
1,4,9,1,0.7898013711250979,0.9427200884453285,0.03819449033801897,"{""class_weight"": ""balanced"", ""max_depth"": 4, ""max_features"": ""sqrt"", ""min_samples_leaf"": 3}"
1,4,12,1,0.7578076545367315,0.9390472160684871,0.045988738413786014,"{""class_weight"": ""balanced"", ""max_depth"": 4, ""max_features"": ""sqrt"", ""min_samples_leaf"": 3}"
1,4,14,1,0.4390646031266121,0.5491620976282581,0.0661596440554141,"{""class_weight"": ""balanced"", ""max_depth"": 4, ""max_features"": ""sqrt"", ""min_samples_leaf"": 3}"
1,4,23,1,0.8525629515989256,0.9734235474327934,0.020603357529207722,"{""class_weight"": ""balanced"", ""max_depth"": 4, ""max_features"": ""sqrt"", ""min_samples_leaf"": 3}"
1,4,29,1,0.8872826237550938,0.9718357941874075,0.023022697415496982,"{""class_weight"": ""balanced"", ""max_depth"": 4, ""max_features"": ""sqrt"", ""min_samples_leaf"": 3}"
1,4,30,1,0.7429505898186751,0.931495186796434,0.04207136915488052,"{""class_weight"": ""balanced"", ""max_depth"": 4, ""max_features"": ""sqrt"", ""min_samples_leaf"": 3}"
1,4,33,1,0.8085878575857062,0.9564391588476109,0.027428563818181657,"{""class_weight"": ""balanced"", ""max_depth"": 4, ""max_features"": ""sqrt"", ""min_samples_leaf"": 3}"
1,4,36,1,0.8322973045251615,0.9646854048210001,0.028255195545635086,"{""class_weight"": ""balanced"", ""max_depth"": 4, ""max_features"": ""sqrt"", ""min_samples_leaf"": 3}"
1,4,40,1,0.7193787656678672,0.9229706396615608,0.032342359474480206,"{""class_weight"": ""balanced"", ""max_depth"": 4, ""max_features"": ""sqrt"", ""min_samples_leaf"": 3}"
1,4,45,1,0.7439981698494986,0.9320777959804062,0.048092046092817954,"{""class_weight"": ""balanced"", ""max_depth"": 4, ""max_features"": ""sqrt"", ""min_samples_leaf"": 3}"
1,4,47,1,0.8087580575569007,0.9542476614663506,0.028304414168031776,"{""class_weight"": ""balanced"", ""max_depth"": 4, ""max_features"": ""sqrt"", ""min_samples_leaf"": 3}"
1,4,53,1,0.4617248487322192,0.6428628124907194,0.16375158130137749,"{""class_weight"": ""balanced"", ""max_depth"": 4, ""max_features"": ""sqrt"", ""min_samples_leaf"": 3}"
1,4,64,0,0.25272668932003045,0.21496375794745357,0.06169851575031351,"{""class_weight"": ""balanced"", ""max_depth"": 4, ""max_features"": ""sqrt"", ""min_samples_leaf"": 3}"
1,4,67,0,0.5988718973202871,0.7883555446443081,0.09729437717787108,"{""class_weight"": ""balanced"", ""max_depth"": 4, ""max_features"": ""sqrt"", ""min_samples_leaf"": 3}"
1,4,69,1,0.7328619802613605,0.9178759342630738,0.04053475225854635,"{""class_weight"": ""balanced"", ""max_depth"": 4, ""max_features"": ""sqrt"", ""min_samples_leaf"": 3}"
1,4,75,1,0.5202389530481772,0.6960370012085815,0.10388350507801714,"{""class_weight"": ""balanced"", ""max_depth"": 4, ""max_features"": ""sqrt"", ""min_samples_leaf"": 3}"
1,4,76,1,0.8300710604363655,0.9598297251457725,0.02980543807105082,"{""class_weight"": ""balanced"", ""max_depth"": 4, ""max_features"": ""sqrt"", ""min_samples_leaf"": 3}"
1,4,80,1,0.8372035670328165,0.9663430414820919,0.02581141150893356,"{""class_weight"": ""balanced"", ""max_depth"": 4, ""max_features"": ""sqrt"", ""min_samples_leaf"": 3}"
1,4,81,1,0.8457886601385317,0.9662049822561354,0.025103919026731734,"{""class_weight"": ""balanced"", ""max_depth"": 4, ""max_features"": ""sqrt"", ""min_samples_leaf"": 3}"
1,4,84,1,0.7496806576671479,0.9360194847361034,0.04070218532860111,"{""class_weight"": ""balanced"", ""max_depth"": 4, ""max_features"": ""sqrt"", ""min_samples_leaf"": 3}"
1,4,96,1,0.7504046915752889,0.9341650480620196,0.03162898596133332,"{""class_weight"": ""balanced"", ""max_depth"": 4, ""max_features"": ""sqrt"", ""min_samples_leaf"": 3}"
1,4,100,1,0.6921282786593564,0.915595217632684,0.04802942632336394,"{""class_weight"": ""balanced"", ""max_depth"": 4, ""max_features"": ""sqrt"", ""min_samples_leaf"": 3}"
1,4,102,0,0.1986410903120135,0.14099742510356567,0.06990626909553574,"{""class_weight"": ""balanced"", ""max_depth"": 4, ""max_features"": ""sqrt"", ""min_samples_leaf"": 3}"
1,4,104,1,0.6077789750840209,0.7862389865355839,0.11912108192320686,"{""class_weight"": ""balanced"", ""max_depth"": 4, ""max_features"": ""sqrt"", ""min_samples_leaf"": 3}"
1,4,108,0,0.27740504608384065,0.20031300257833795,0.040087003714023274,"{""class_weight"": ""balanced"", ""max_depth"": 4, ""max_features"": ""sqrt"", ""min_samples_leaf"": 3}"
1,4,113,0,0.18727346637049197,0.10152222343148525,0.0537785988454711,"{""class_weight"": ""balanced"", ""max_depth"": 4, ""max_features"": ""sqrt"", ""min_samples_leaf"": 3}"
1,4,115,1,0.7578362266092664,0.9426958639986169,0.035292775217458223,"{""class_weight"": ""balanced"", ""max_depth"": 4, ""max_features"": ""sqrt"", ""min_samples_leaf"": 3}"
1,4,124,1,0.6015287976815633,0.8156265007699608,0.07366015284677509,"{""class_weight"": ""balanced"", ""max_depth"": 4, ""max_features"": ""sqrt"", ""min_samples_leaf"": 3}"
1,4,129,0,0.32503986662404505,0.27420588850321737,0.09431025240766709,"{""class_weight"": ""balanced"", ""max_depth"": 4, ""max_features"": ""sqrt"", ""min_samples_leaf"": 3}"
1,4,139,1,0.7995083558116649,0.9624757322448291,0.0219017337980357,"{""class_weight"": ""balanced"", ""max_depth"": 4, ""max_features"": ""sqrt"", ""min_samples_leaf"": 3}"
1,4,140,1,0.6947106433884134,0.8918014081856807,0.0706044745344987,"{""class_weight"": ""balanced"", ""max_depth"": 4, ""max_features"": ""sqrt"", ""min_samples_leaf"": 3}"
1,4,145,1,0.5997635176162445,0.856168863726328,0.04898762621770538,"{""class_weight"": ""balanced"", ""max_depth"": 4, ""max_features"": ""sqrt"", ""min_samples_leaf"": 3}"
1,4,152,1,0.6162710593951798,0.8463007883943942,0.06935026988150259,"{""class_weight"": ""balanced"", ""max_depth"": 4, ""max_features"": ""sqrt"", ""min_samples_leaf"": 3}"
1,4,160,1,0.704732938656989,0.9171623721891489,0.03539215660922037,"{""class_weight"": ""balanced"", ""max_depth"": 4, ""max_features"": ""sqrt"", ""min_samples_leaf"": 3}"
1,4,167,1,0.7067609089235666,0.901157246837796,0.055129329711450605,"{""class_weight"": ""balanced"", ""max_depth"": 4, ""max_features"": ""sqrt"", ""min_samples_leaf"": 3}"
1,4,180,1,0.35888683664593024,0.3206756795209425,0.09772198296034372,"{""class_weight"": ""balanced"", ""max_depth"": 4, ""max_features"": ""sqrt"", ""min_samples_leaf"": 3}"
1,4,183,0,0.6503721638506208,0.8867145798349378,0.05900948191276327,"{""class_weight"": ""balanced"", ""max_depth"": 4, ""max_features"": ""sqrt"", ""min_samples_leaf"": 3}"
1,4,197,1,0.7382562856339328,0.937093266747693,0.027436274692595613,"{""class_weight"": ""balanced"", ""max_depth"": 4, ""max_features"": ""sqrt"", ""min_samples_leaf"": 3}"
1,4,203,0,0.3256743046047621,0.26436132158228165,0.08949292853337644,"{""class_weight"": ""balanced"", ""max_depth"": 4, ""max_features"": ""sqrt"", ""min_samples_leaf"": 3}"
1,4,207,1,0.667143874888608,0.8755038260057246,0.06272190935670187,"{""class_weight"": ""balanced"", ""max_depth"": 4, ""max_features"": ""sqrt"", ""min_samples_leaf"": 3}"
1,4,216,0,0.4381776426660732,0.5167087412020168,0.07447373772360939,"{""class_weight"": ""balanced"", ""max_depth"": 4, ""max_features"": ""sqrt"", ""min_samples_leaf"": 3}"
1,4,222,1,0.7468751481499812,0.9344199747264847,0.04634580987434108,"{""class_weight"": ""balanced"", ""max_depth"": 4, ""max_features"": ""sqrt"", ""min_samples_leaf"": 3}"
1,4,224,1,0.8185140068883143,0.967892992628084,0.020809789715150184,"{""class_weight"": ""balanced"", ""max_depth"": 4, ""max_features"": ""sqrt"", ""min_samples_leaf"": 3}"
1,4,236,1,0.5142807283259787,0.6821302831423861,0.07863470078862897,"{""class_weight"": ""balanced"", ""max_depth"": 4, ""max_features"": ""sqrt"", ""min_samples_leaf"": 3}"
1,4,238,1,0.3108017644096652,0.28461720498541454,0.07760028477934314,"{""class_weight"": ""balanced"", ""max_depth"": 4, ""max_features"": ""sqrt"", ""min_samples_leaf"": 3}"
1,4,248,1,0.9054812520382605,0.9761328022453221,0.019922609498551968,"{""class_weight"": ""balanced"", ""max_depth"": 4, ""max_features"": ""sqrt"", ""min_samples_leaf"": 3}"
1,4,252,1,0.6149789611209513,0.8453161954307429,0.06919102927177427,"{""class_weight"": ""balanced"", ""max_depth"": 4, ""max_features"": ""sqrt"", ""min_samples_leaf"": 3}"
1,4,256,0,0.2595828213410958,0.168134348168803,0.05348652105764747,"{""class_weight"": ""balanced"", ""max_depth"": 4, ""max_features"": ""sqrt"", ""min_samples_leaf"": 3}"
1,4,257,0,0.2604911857415933,0.2009984900561303,0.02555273081967777,"{""class_weight"": ""balanced"", ""max_depth"": 4, ""max_features"": ""sqrt"", ""min_samples_leaf"": 3}"
1,4,263,0,0.1930094359509775,0.09448359414518,0.044323896969227256,"{""class_weight"": ""balanced"", ""max_depth"": 4, ""max_features"": ""sqrt"", ""min_samples_leaf"": 3}"
1,4,266,1,0.6853605118576291,0.8800717030220687,0.07320873875710103,"{""class_weight"": ""balanced"", ""max_depth"": 4, ""max_features"": ""sqrt"", ""min_samples_leaf"": 3}"
1,4,267,1,0.6976318759364624,0.9168827666737617,0.03004334841063456,"{""class_weight"": ""balanced"", ""max_depth"": 4, ""max_features"": ""sqrt"", ""min_samples_leaf"": 3}"
1,4,277,1,0.8624065264547255,0.9748307208203635,0.018070870303278534,"{""class_weight"": ""balanced"", ""max_depth"": 4, ""max_features"": ""sqrt"", ""min_samples_leaf"": 3}"
1,4,281,1,0.6032057009927403,0.7846447560356102,0.070241874154625,"{""class_weight"": ""balanced"", ""max_depth"": 4, ""max_features"": ""sqrt"", ""min_samples_leaf"": 3}"
1,4,284,0,0.5465441052044546,0.8048362923517377,0.07073558359166997,"{""class_weight"": ""balanced"", ""max_depth"": 4, ""max_features"": ""sqrt"", ""min_samples_leaf"": 3}"
1,4,285,0,0.2391742212973816,0.16532343034903815,0.06851137765371769,"{""class_weight"": ""balanced"", ""max_depth"": 4, ""max_features"": ""sqrt"", ""min_samples_leaf"": 3}"
1,4,290,0,0.2577747484372607,0.1487211426819437,0.045647841168046065,"{""class_weight"": ""balanced"", ""max_depth"": 4, ""max_features"": ""sqrt"", ""min_samples_leaf"": 3}"
1,4,292,0,0.5235881177026187,0.731001443404162,0.07717275642796549,"{""class_weight"": ""balanced"", ""max_depth"": 4, ""max_features"": ""sqrt"", ""min_samples_leaf"": 3}"
1,4,297,0,0.2651388679327385,0.25905332401503933,0.09431871670098681,"{""class_weight"": ""balanced"", ""max_depth"": 4, ""max_features"": ""sqrt"", ""min_samples_leaf"": 3}"
2,0,14,1,0.6364056601215528,0.6377593895559206,0.112949145202983,"{""class_weight"": null, ""max_depth"": 4, ""max_features"": ""sqrt"", ""min_samples_leaf"": 8}"
2,0,15,1,0.8590248073485814,0.9512628847133161,0.02030071364346219,"{""class_weight"": null, ""max_depth"": 4, ""max_features"": ""sqrt"", ""min_samples_leaf"": 8}"
2,0,19,1,0.9204836239843854,0.9671782376846918,0.018292912487619044,"{""class_weight"": null, ""max_depth"": 4, ""max_features"": ""sqrt"", ""min_samples_leaf"": 8}"
2,0,21,1,0.8396517991595096,0.942798186069199,0.02719248401510078,"{""class_weight"": null, ""max_depth"": 4, ""max_features"": ""sqrt"", ""min_samples_leaf"": 8}"
2,0,23,1,0.9232603350237996,0.9717567737251226,0.015340557377913185,"{""class_weight"": null, ""max_depth"": 4, ""max_features"": ""sqrt"", ""min_samples_leaf"": 8}"
2,0,24,1,0.8337200235084411,0.9277917899251642,0.03247772476067583,"{""class_weight"": null, ""max_depth"": 4, ""max_features"": ""sqrt"", ""min_samples_leaf"": 8}"
2,0,30,1,0.8664863433849515,0.9455599120322205,0.024787865285343325,"{""class_weight"": null, ""max_depth"": 4, ""max_features"": ""sqrt"", ""min_samples_leaf"": 8}"
2,0,31,1,0.8208319104226968,0.8972932087827108,0.04912863235078629,"{""class_weight"": null, ""max_depth"": 4, ""max_features"": ""sqrt"", ""min_samples_leaf"": 8}"
2,0,37,1,0.5977775476105055,0.5804660601109755,0.10458751826409235,"{""class_weight"": null, ""max_depth"": 4, ""max_features"": ""sqrt"", ""min_samples_leaf"": 8}"
2,0,40,1,0.8172980638791753,0.9274135028135795,0.026351750188978347,"{""class_weight"": null, ""max_depth"": 4, ""max_features"": ""sqrt"", ""min_samples_leaf"": 8}"
2,0,44,1,0.7036371203319027,0.7961828862221961,0.05048835186874488,"{""class_weight"": null, ""max_depth"": 4, ""max_features"": ""sqrt"", ""min_samples_leaf"": 8}"
2,0,48,0,0.47947027152927746,0.2590252998800749,0.09450945432825471,"{""class_weight"": null, ""max_depth"": 4, ""max_features"": ""sqrt"", ""min_samples_leaf"": 8}"
2,0,57,1,0.9143653574422427,0.970369144436523,0.015304699748595841,"{""class_weight"": null, ""max_depth"": 4, ""max_features"": ""sqrt"", ""min_samples_leaf"": 8}"
2,0,60,0,0.49822542448753127,0.2911949942964782,0.08731507638383892,"{""class_weight"": null, ""max_depth"": 4, ""max_features"": ""sqrt"", ""min_samples_leaf"": 8}"
2,0,61,1,0.6571996209436903,0.6715264997526813,0.0488015370271034,"{""class_weight"": null, ""max_depth"": 4, ""max_features"": ""sqrt"", ""min_samples_leaf"": 8}"
2,0,64,0,0.5325226929295064,0.36543101587927507,0.08458616720679248,"{""class_weight"": null, ""max_depth"": 4, ""max_features"": ""sqrt"", ""min_samples_leaf"": 8}"
2,0,66,1,0.8742536032229549,0.9506010854629448,0.022522009644263548,"{""class_weight"": null, ""max_depth"": 4, ""max_features"": ""sqrt"", ""min_samples_leaf"": 8}"
2,0,91,0,0.5039873167206931,0.35794484964166673,0.10221408653751649,"{""class_weight"": null, ""max_depth"": 4, ""max_features"": ""sqrt"", ""min_samples_leaf"": 8}"
2,0,92,1,0.8799218792418778,0.9552770309617074,0.019960146267845553,"{""class_weight"": null, ""max_depth"": 4, ""max_features"": ""sqrt"", ""min_samples_leaf"": 8}"
2,0,94,1,0.8520905224511435,0.9377231861857075,0.03152243129397207,"{""class_weight"": null, ""max_depth"": 4, ""max_features"": ""sqrt"", ""min_samples_leaf"": 8}"
2,0,97,1,0.7514968146132256,0.8586803219414338,0.04309988206595312,"{""class_weight"": null, ""max_depth"": 4, ""max_features"": ""sqrt"", ""min_samples_leaf"": 8}"
2,0,106,1,0.8490915529498462,0.9298752847932027,0.037149725760858614,"{""class_weight"": null, ""max_depth"": 4, ""max_features"": ""sqrt"", ""min_samples_leaf"": 8}"
2,0,108,0,0.4737027104595031,0.2537035058728439,0.10521750348363318,"{""class_weight"": null, ""max_depth"": 4, ""max_features"": ""sqrt"", ""min_samples_leaf"": 8}"
2,0,111,1,0.8440305268053353,0.947991205302295,0.02269525599324324,"{""class_weight"": null, ""max_depth"": 4, ""max_features"": ""sqrt"", ""min_samples_leaf"": 8}"
2,0,114,1,0.9310429540148248,0.977292526602511,0.012009986186848747,"{""class_weight"": null, ""max_depth"": 4, ""max_features"": ""sqrt"", ""min_samples_leaf"": 8}"
2,0,122,1,0.8154763219229266,0.9196100685078668,0.022453931290292863,"{""class_weight"": null, ""max_depth"": 4, ""max_features"": ""sqrt"", ""min_samples_leaf"": 8}"
2,0,124,1,0.6656628676823193,0.7606646184426975,0.07555846571575006,"{""class_weight"": null, ""max_depth"": 4, ""max_features"": ""sqrt"", ""min_samples_leaf"": 8}"
2,0,129,0,0.5406763177229139,0.39723375752070855,0.13402975956156843,"{""class_weight"": null, ""max_depth"": 4, ""max_features"": ""sqrt"", ""min_samples_leaf"": 8}"
2,0,135,1,0.7576360532272992,0.8549889798063675,0.05197620903278104,"{""class_weight"": null, ""max_depth"": 4, ""max_features"": ""sqrt"", ""min_samples_leaf"": 8}"
2,0,142,1,0.5634618896333339,0.5286534489776742,0.13817041275519706,"{""class_weight"": null, ""max_depth"": 4, ""max_features"": ""sqrt"", ""min_samples_leaf"": 8}"
2,0,145,1,0.7552876782175756,0.871587324662053,0.07376081998609776,"{""class_weight"": null, ""max_depth"": 4, ""max_features"": ""sqrt"", ""min_samples_leaf"": 8}"
2,0,149,1,0.8487814138472927,0.9334668779218648,0.02559890800678894,"{""class_weight"": null, ""max_depth"": 4, ""max_features"": ""sqrt"", ""min_samples_leaf"": 8}"
2,0,155,1,0.8457353030379996,0.9519231681262676,0.020472099760063707,"{""class_weight"": null, ""max_depth"": 4, ""max_features"": ""sqrt"", ""min_samples_leaf"": 8}"
2,0,158,1,0.5007579378707615,0.3143163127606655,0.10700298974143055,"{""class_weight"": null, ""max_depth"": 4, ""max_features"": ""sqrt"", ""min_samples_leaf"": 8}"
2,0,160,1,0.8433575925139182,0.9337929405695317,0.023957417607297284,"{""class_weight"": null, ""max_depth"": 4, ""max_features"": ""sqrt"", ""min_samples_leaf"": 8}"
2,0,162,1,0.8369436306180386,0.952505319623566,0.016114770163223803,"{""class_weight"": null, ""max_depth"": 4, ""max_features"": ""sqrt"", ""min_samples_leaf"": 8}"
2,0,166,0,0.5120559135917201,0.3143493533225712,0.09080291845662637,"{""class_weight"": null, ""max_depth"": 4, ""max_features"": ""sqrt"", ""min_samples_leaf"": 8}"
2,0,171,1,0.8397073832568714,0.9084992720312695,0.0397372671069468,"{""class_weight"": null, ""max_depth"": 4, ""max_features"": ""sqrt"", ""min_samples_leaf"": 8}"
2,0,173,1,0.8917680426664453,0.9652238130921506,0.013805253125632275,"{""class_weight"": null, ""max_depth"": 4, ""max_features"": ""sqrt"", ""min_samples_leaf"": 8}"
2,0,176,1,0.5730601558058097,0.42273431279399,0.07668347785812614,"{""class_weight"": null, ""max_depth"": 4, ""max_features"": ""sqrt"", ""min_samples_leaf"": 8}"
2,0,184,1,0.7577285889134824,0.8776112503449518,0.016670169023899912,"{""class_weight"": null, ""max_depth"": 4, ""max_features"": ""sqrt"", ""min_samples_leaf"": 8}"
2,0,185,0,0.6450060136470183,0.7363296281217698,0.09230130373023425,"{""class_weight"": null, ""max_depth"": 4, ""max_features"": ""sqrt"", ""min_samples_leaf"": 8}"
2,0,186,0,0.6825910709176882,0.6960167478394899,0.07157446618606005,"{""class_weight"": null, ""max_depth"": 4, ""max_features"": ""sqrt"", ""min_samples_leaf"": 8}"
2,0,189,1,0.8546546464877312,0.9494994741996964,0.01912855187668629,"{""class_weight"": null, ""max_depth"": 4, ""max_features"": ""sqrt"", ""min_samples_leaf"": 8}"
2,0,193,0,0.6080071946375045,0.5015033534604723,0.10960595411033745,"{""class_weight"": null, ""max_depth"": 4, ""max_features"": ""sqrt"", ""min_samples_leaf"": 8}"
2,0,195,1,0.9038977672877322,0.9661776166063097,0.015227544122962134,"{""class_weight"": null, ""max_depth"": 4, ""max_features"": ""sqrt"", ""min_samples_leaf"": 8}"
2,0,198,1,0.8659110424914428,0.9527935286313444,0.016743648752124626,"{""class_weight"": null, ""max_depth"": 4, ""max_features"": ""sqrt"", ""min_samples_leaf"": 8}"
2,0,204,0,0.5924107200446992,0.5155237374897924,0.05636132706079842,"{""class_weight"": null, ""max_depth"": 4, ""max_features"": ""sqrt"", ""min_samples_leaf"": 8}"
2,0,209,1,0.8935380225233456,0.96452582780081,0.015558069335928702,"{""class_weight"": null, ""max_depth"": 4, ""max_features"": ""sqrt"", ""min_samples_leaf"": 8}"
2,0,213,0,0.8384248926449002,0.9314271610642015,0.02755585263532397,"{""class_weight"": null, ""max_depth"": 4, ""max_features"": ""sqrt"", ""min_samples_leaf"": 8}"
2,0,218,0,0.5220120311030821,0.30452481765810085,0.08289268900915257,"{""class_weight"": null, ""max_depth"": 4, ""max_features"": ""sqrt"", ""min_samples_leaf"": 8}"
2,0,220,1,0.762993122797711,0.8848055394735074,0.039478924793346894,"{""class_weight"": null, ""max_depth"": 4, ""max_features"": ""sqrt"", ""min_samples_leaf"": 8}"
2,0,231,1,0.9340081103054089,0.9728392499998482,0.011652433976085416,"{""class_weight"": null, ""max_depth"": 4, ""max_features"": ""sqrt"", ""min_samples_leaf"": 8}"
2,0,244,1,0.6147995543869216,0.5408375208310572,0.12367524836493358,"{""class_weight"": null, ""max_depth"": 4, ""max_features"": ""sqrt"", ""min_samples_leaf"": 8}"
2,0,254,0,0.6768524167518457,0.7230527034516553,0.07592020228976279,"{""class_weight"": null, ""max_depth"": 4, ""max_features"": ""sqrt"", ""min_samples_leaf"": 8}"
2,0,265,1,0.8353093120779371,0.9271553877325577,0.027388211756531014,"{""class_weight"": null, ""max_depth"": 4, ""max_features"": ""sqrt"", ""min_samples_leaf"": 8}"
2,0,278,1,0.894610305986511,0.9650642834478184,0.015604460143153163,"{""class_weight"": null, ""max_depth"": 4, ""max_features"": ""sqrt"", ""min_samples_leaf"": 8}"
2,0,282,1,0.8227357183474941,0.9262896285991623,0.019728224346341236,"{""class_weight"": null, ""max_depth"": 4, ""max_features"": ""sqrt"", ""min_samples_leaf"": 8}"
2,0,284,0,0.7490960814673451,0.8788212357565511,0.036204967100196286,"{""class_weight"": null, ""max_depth"": 4, ""max_features"": ""sqrt"", ""min_samples_leaf"": 8}"
2,0,286,0,0.5639263717282474,0.47367825943917347,0.09262386779930763,"{""class_weight"": null, ""max_depth"": 4, ""max_features"": ""sqrt"", ""min_samples_leaf"": 8}"
2,0,293,0,0.4699738956039919,0.21342521151127042,0.0940712859524364,"{""class_weight"": null, ""max_depth"": 4, ""max_features"": ""sqrt"", ""min_samples_leaf"": 8}"
2,1,4,0,0.40230826600047087,0.35444931913298794,0.08215931487153287,"{""class_weight"": ""balanced"", ""max_depth"": 3, ""max_features"": ""sqrt"", ""min_samples_leaf"": 3}"
2,1,12,1,0.6859176061134696,0.9404888425385742,0.03888043984593283,"{""class_weight"": ""balanced"", ""max_depth"": 3, ""max_features"": ""sqrt"", ""min_samples_leaf"": 3}"
2,1,13,1,0.6120229766772738,0.8565588160892009,0.07583920846075723,"{""class_weight"": ""balanced"", ""max_depth"": 3, ""max_features"": ""sqrt"", ""min_samples_leaf"": 3}"
2,1,27,1,0.2960235618557448,0.17823289415048135,0.08028298935991166,"{""class_weight"": ""balanced"", ""max_depth"": 3, ""max_features"": ""sqrt"", ""min_samples_leaf"": 3}"
2,1,28,1,0.7923440964705544,0.9753850270576796,0.02436662741597625,"{""class_weight"": ""balanced"", ""max_depth"": 3, ""max_features"": ""sqrt"", ""min_samples_leaf"": 3}"
2,1,36,1,0.7278448132835381,0.9529145399143978,0.04661893710957577,"{""class_weight"": ""balanced"", ""max_depth"": 3, ""max_features"": ""sqrt"", ""min_samples_leaf"": 3}"
2,1,47,1,0.7488061014786203,0.9650434251002533,0.019794179506437668,"{""class_weight"": ""balanced"", ""max_depth"": 3, ""max_features"": ""sqrt"", ""min_samples_leaf"": 3}"
2,1,50,1,0.49916916310118503,0.660715391276005,0.05582401079676606,"{""class_weight"": ""balanced"", ""max_depth"": 3, ""max_features"": ""sqrt"", ""min_samples_leaf"": 3}"
2,1,58,1,0.3162502759565102,0.1924271304498631,0.03937034295748311,"{""class_weight"": ""balanced"", ""max_depth"": 3, ""max_features"": ""sqrt"", ""min_samples_leaf"": 3}"
2,1,72,1,0.6345298645092387,0.8800171923834397,0.0771145682145967,"{""class_weight"": ""balanced"", ""max_depth"": 3, ""max_features"": ""sqrt"", ""min_samples_leaf"": 3}"
2,1,73,1,0.5641901129659671,0.8181076579978125,0.08442477751876107,"{""class_weight"": ""balanced"", ""max_depth"": 3, ""max_features"": ""sqrt"", ""min_samples_leaf"": 3}"
2,1,74,1,0.8901421078396686,0.9887435287551988,0.012735436581775533,"{""class_weight"": ""balanced"", ""max_depth"": 3, ""max_features"": ""sqrt"", ""min_samples_leaf"": 3}"
2,1,84,1,0.7083638197477387,0.9559393532200238,0.028896722309228497,"{""class_weight"": ""balanced"", ""max_depth"": 3, ""max_features"": ""sqrt"", ""min_samples_leaf"": 3}"
2,1,87,1,0.692894963793267,0.9315268333543436,0.05644393531554289,"{""class_weight"": ""balanced"", ""max_depth"": 3, ""max_features"": ""sqrt"", ""min_samples_leaf"": 3}"
2,1,90,1,0.5039814291270756,0.6731465824020427,0.18631709900792998,"{""class_weight"": ""balanced"", ""max_depth"": 3, ""max_features"": ""sqrt"", ""min_samples_leaf"": 3}"
2,1,96,1,0.6995553243830109,0.9308148702712676,0.04578368861921677,"{""class_weight"": ""balanced"", ""max_depth"": 3, ""max_features"": ""sqrt"", ""min_samples_leaf"": 3}"
2,1,100,1,0.6929749924397476,0.9444558894521775,0.03292533980110445,"{""class_weight"": ""balanced"", ""max_depth"": 3, ""max_features"": ""sqrt"", ""min_samples_leaf"": 3}"
2,1,103,1,0.7726688752556624,0.9587021876825155,0.04217753652589555,"{""class_weight"": ""balanced"", ""max_depth"": 3, ""max_features"": ""sqrt"", ""min_samples_leaf"": 3}"
2,1,104,1,0.5910447097916846,0.7902612569045407,0.08967164576587228,"{""class_weight"": ""balanced"", ""max_depth"": 3, ""max_features"": ""sqrt"", ""min_samples_leaf"": 3}"
2,1,107,1,0.49527455328884656,0.5607240235500328,0.08809874739638353,"{""class_weight"": ""balanced"", ""max_depth"": 3, ""max_features"": ""sqrt"", ""min_samples_leaf"": 3}"
2,1,113,0,0.21628929851008274,0.07323117187597272,0.03153072797315237,"{""class_weight"": ""balanced"", ""max_depth"": 3, ""max_features"": ""sqrt"", ""min_samples_leaf"": 3}"
2,1,115,1,0.6673028525667262,0.9182842483962774,0.04618341196471531,"{""class_weight"": ""balanced"", ""max_depth"": 3, ""max_features"": ""sqrt"", ""min_samples_leaf"": 3}"
2,1,119,1,0.5815363440013585,0.8508593913973312,0.07557937785152048,"{""class_weight"": ""balanced"", ""max_depth"": 3, ""max_features"": ""sqrt"", ""min_samples_leaf"": 3}"
2,1,120,1,0.6438415011740584,0.8667252571373887,0.06839772997252523,"{""class_weight"": ""balanced"", ""max_depth"": 3, ""max_features"": ""sqrt"", ""min_samples_leaf"": 3}"
2,1,123,1,0.463054698305997,0.5416517116971195,0.09829818748688296,"{""class_weight"": ""balanced"", ""max_depth"": 3, ""max_features"": ""sqrt"", ""min_samples_leaf"": 3}"
2,1,130,0,0.38034020634178856,0.35293595039388337,0.09635366997748189,"{""class_weight"": ""balanced"", ""max_depth"": 3, ""max_features"": ""sqrt"", ""min_samples_leaf"": 3}"
2,1,132,1,0.7389585395816689,0.9643586664306658,0.028653471031290484,"{""class_weight"": ""balanced"", ""max_depth"": 3, ""max_features"": ""sqrt"", ""min_samples_leaf"": 3}"
2,1,138,1,0.7118913342682359,0.9550927418548495,0.026085898594961385,"{""class_weight"": ""balanced"", ""max_depth"": 3, ""max_features"": ""sqrt"", ""min_samples_leaf"": 3}"
2,1,141,1,0.8154746943403469,0.9760831249887684,0.021880791237678353,"{""class_weight"": ""balanced"", ""max_depth"": 3, ""max_features"": ""sqrt"", ""min_samples_leaf"": 3}"
2,1,143,0,0.19111571268564595,0.06266607348237872,0.030056829740133066,"{""class_weight"": ""balanced"", ""max_depth"": 3, ""max_features"": ""sqrt"", ""min_samples_leaf"": 3}"
2,1,144,1,0.681796416071474,0.9313169612099126,0.04428329670773659,"{""class_weight"": ""balanced"", ""max_depth"": 3, ""max_features"": ""sqrt"", ""min_samples_leaf"": 3}"
2,1,152,1,0.5612630281442103,0.7961391129082795,0.07795932310284327,"{""class_weight"": ""balanced"", ""max_depth"": 3, ""max_features"": ""sqrt"", ""min_samples_leaf"": 3}"
2,1,165,1,0.5514564073092061,0.7677294600056392,0.08866416492492853,"{""class_weight"": ""balanced"", ""max_depth"": 3, ""max_features"": ""sqrt"", ""min_samples_leaf"": 3}"
2,1,169,0,0.32300513411080256,0.22360656098208603,0.11269019114365965,"{""class_weight"": ""balanced"", ""max_depth"": 3, ""max_features"": ""sqrt"", ""min_samples_leaf"": 3}"
2,1,172,1,0.6525092531082857,0.9011854969202456,0.04573771221913661,"{""class_weight"": ""balanced"", ""max_depth"": 3, ""max_features"": ""sqrt"", ""min_samples_leaf"": 3}"
2,1,177,1,0.7267105875767577,0.9487502873598664,0.030572240935731573,"{""class_weight"": ""balanced"", ""max_depth"": 3, ""max_features"": ""sqrt"", ""min_samples_leaf"": 3}"
2,1,179,0,0.2624964403844548,0.16515089544419134,0.06815098721353421,"{""class_weight"": ""balanced"", ""max_depth"": 3, ""max_features"": ""sqrt"", ""min_samples_leaf"": 3}"
2,1,191,1,0.7341224827864727,0.9595706429957802,0.03644052230038109,"{""class_weight"": ""balanced"", ""max_depth"": 3, ""max_features"": ""sqrt"", ""min_samples_leaf"": 3}"
2,1,194,0,0.3036938133759459,0.18410229106652184,0.08156258092386864,"{""class_weight"": ""balanced"", ""max_depth"": 3, ""max_features"": ""sqrt"", ""min_samples_leaf"": 3}"
2,1,199,0,0.36721616906429067,0.33619362352021864,0.10715241777557084,"{""class_weight"": ""balanced"", ""max_depth"": 3, ""max_features"": ""sqrt"", ""min_samples_leaf"": 3}"
2,1,201,0,0.40634536952658923,0.45811833615865527,0.12852968763417064,"{""class_weight"": ""balanced"", ""max_depth"": 3, ""max_features"": ""sqrt"", ""min_samples_leaf"": 3}"
2,1,202,1,0.7954562304110502,0.9701894647007141,0.023759358525835255,"{""class_weight"": ""balanced"", ""max_depth"": 3, ""max_features"": ""sqrt"", ""min_samples_leaf"": 3}"
2,1,211,1,0.6032254331551568,0.8347081418009245,0.08632145677418335,"{""class_weight"": ""balanced"", ""max_depth"": 3, ""max_features"": ""sqrt"", ""min_samples_leaf"": 3}"
2,1,216,0,0.45713000774410983,0.5495974406559776,0.08272085800495657,"{""class_weight"": ""balanced"", ""max_depth"": 3, ""max_features"": ""sqrt"", ""min_samples_leaf"": 3}"
2,1,224,1,0.7742895761349089,0.9721942282021878,0.02167145086353779,"{""class_weight"": ""balanced"", ""max_depth"": 3, ""max_features"": ""sqrt"", ""min_samples_leaf"": 3}"
2,1,226,1,0.7114284985391822,0.9377520292855885,0.03479531377993735,"{""class_weight"": ""balanced"", ""max_depth"": 3, ""max_features"": ""sqrt"", ""min_samples_leaf"": 3}"
2,1,239,1,0.7148119658253123,0.9571971090108263,0.03344595029103832,"{""class_weight"": ""balanced"", ""max_depth"": 3, ""max_features"": ""sqrt"", ""min_samples_leaf"": 3}"
2,1,249,1,0.641596597075587,0.9066143945729583,0.04819188646693705,"{""class_weight"": ""balanced"", ""max_depth"": 3, ""max_features"": ""sqrt"", ""min_samples_leaf"": 3}"
2,1,251,1,0.42254897294534305,0.4811785515660718,0.05613955475451316,"{""class_weight"": ""balanced"", ""max_depth"": 3, ""max_features"": ""sqrt"", ""min_samples_leaf"": 3}"
2,1,258,0,0.3228433832875733,0.22837819028388986,0.0987297035450884,"{""class_weight"": ""balanced"", ""max_depth"": 3, ""max_features"": ""sqrt"", ""min_samples_leaf"": 3}"
2,1,264,0,0.3370172390158865,0.26933796240294666,0.07221686371813381,"{""class_weight"": ""balanced"", ""max_depth"": 3, ""max_features"": ""sqrt"", ""min_samples_leaf"": 3}"
2,1,268,0,0.4044893979242446,0.4496763536977695,0.12785461286757724,"{""class_weight"": ""balanced"", ""max_depth"": 3, ""max_features"": ""sqrt"", ""min_samples_leaf"": 3}"
2,1,276,0,0.28027401880164093,0.20434670539877658,0.08066271570240204,"{""class_weight"": ""balanced"", ""max_depth"": 3, ""max_features"": ""sqrt"", ""min_samples_leaf"": 3}"
2,1,281,1,0.5023494272428146,0.7018983655809343,0.10090745862430892,"{""class_weight"": ""balanced"", ""max_depth"": 3, ""max_features"": ""sqrt"", ""min_samples_leaf"": 3}"
2,1,288,1,0.48169378516873024,0.5521071767977326,0.10729616854378612,"{""class_weight"": ""balanced"", ""max_depth"": 3, ""max_features"": ""sqrt"", ""min_samples_leaf"": 3}"
2,1,290,0,0.2534710325782562,0.10204073636939814,0.04012437851329821,"{""class_weight"": ""balanced"", ""max_depth"": 3, ""max_features"": ""sqrt"", ""min_samples_leaf"": 3}"
2,1,294,1,0.47119829921912443,0.6372796110883719,0.08191441280902778,"{""class_weight"": ""balanced"", ""max_depth"": 3, ""max_features"": ""sqrt"", ""min_samples_leaf"": 3}"
2,1,295,0,0.52339970889284,0.7103718191991881,0.07257677030243297,"{""class_weight"": ""balanced"", ""max_depth"": 3, ""max_features"": ""sqrt"", ""min_samples_leaf"": 3}"
2,1,296,0,0.34518419477501683,0.2548912809026946,0.09955701420065229,"{""class_weight"": ""balanced"", ""max_depth"": 3, ""max_features"": ""sqrt"", ""min_samples_leaf"": 3}"
2,1,301,0,0.3025394156091168,0.18835180845383254,0.062279420705313615,"{""class_weight"": ""balanced"", ""max_depth"": 3, ""max_features"": ""sqrt"", ""min_samples_leaf"": 3}"
2,1,302,1,0.5490535770461756,0.8031843477802516,0.09124147584058821,"{""class_weight"": ""balanced"", ""max_depth"": 3, ""max_features"": ""sqrt"", ""min_samples_leaf"": 3}"
2,2,1,1,0.9051105202483859,0.9784183933321566,0.007222638202184671,"{""class_weight"": ""balanced"", ""max_depth"": 6, ""max_features"": ""sqrt"", ""min_samples_leaf"": 4}"
2,2,7,1,0.8657125834204783,0.970769866745065,0.004776986805829919,"{""class_weight"": ""balanced"", ""max_depth"": 6, ""max_features"": ""sqrt"", ""min_samples_leaf"": 4}"
2,2,8,0,0.2523404476755584,0.18504769001729549,0.033871548242497815,"{""class_weight"": ""balanced"", ""max_depth"": 6, ""max_features"": ""sqrt"", ""min_samples_leaf"": 4}"
2,2,17,0,0.34425445531033544,0.31816789337544626,0.09417267861044655,"{""class_weight"": ""balanced"", ""max_depth"": 6, ""max_features"": ""sqrt"", ""min_samples_leaf"": 4}"
2,2,18,1,0.7916743897865071,0.936335874952754,0.024416058731421327,"{""class_weight"": ""balanced"", ""max_depth"": 6, ""max_features"": ""sqrt"", ""min_samples_leaf"": 4}"
2,2,22,1,0.8616087211512049,0.969924636420038,0.010904425551852035,"{""class_weight"": ""balanced"", ""max_depth"": 6, ""max_features"": ""sqrt"", ""min_samples_leaf"": 4}"
2,2,32,1,0.8073115661995804,0.9574579407350458,0.007355306545932354,"{""class_weight"": ""balanced"", ""max_depth"": 6, ""max_features"": ""sqrt"", ""min_samples_leaf"": 4}"
2,2,41,0,0.2980788340770803,0.2480759233830026,0.10638681787839849,"{""class_weight"": ""balanced"", ""max_depth"": 6, ""max_features"": ""sqrt"", ""min_samples_leaf"": 4}"
2,2,46,1,0.7641891445050232,0.9188250620275691,0.013402710458221287,"{""class_weight"": ""balanced"", ""max_depth"": 6, ""max_features"": ""sqrt"", ""min_samples_leaf"": 4}"
2,2,59,1,0.8658040025337185,0.9748446233769194,0.009448911483568799,"{""class_weight"": ""balanced"", ""max_depth"": 6, ""max_features"": ""sqrt"", ""min_samples_leaf"": 4}"
2,2,63,1,0.7558057867959004,0.9277121604382366,0.02670713813718143,"{""class_weight"": ""balanced"", ""max_depth"": 6, ""max_features"": ""sqrt"", ""min_samples_leaf"": 4}"
2,2,69,1,0.6891915303200903,0.920587307019273,0.022464342324226932,"{""class_weight"": ""balanced"", ""max_depth"": 6, ""max_features"": ""sqrt"", ""min_samples_leaf"": 4}"
2,2,75,1,0.5132632966531733,0.6650830046638522,0.07441365734280624,"{""class_weight"": ""balanced"", ""max_depth"": 6, ""max_features"": ""sqrt"", ""min_samples_leaf"": 4}"
2,2,77,1,0.6597723000217883,0.810597536400252,0.07499740574734594,"{""class_weight"": ""balanced"", ""max_depth"": 6, ""max_features"": ""sqrt"", ""min_samples_leaf"": 4}"
2,2,78,1,0.7676647590328919,0.9210378451237714,0.013211074796944599,"{""class_weight"": ""balanced"", ""max_depth"": 6, ""max_features"": ""sqrt"", ""min_samples_leaf"": 4}"
2,2,79,0,0.18154653561987466,0.13331897742745943,0.036710615211935554,"{""class_weight"": ""balanced"", ""max_depth"": 6, ""max_features"": ""sqrt"", ""min_samples_leaf"": 4}"
2,2,85,1,0.5684137644639872,0.7783767681553219,0.04847435927805051,"{""class_weight"": ""balanced"", ""max_depth"": 6, ""max_features"": ""sqrt"", ""min_samples_leaf"": 4}"
2,2,88,1,0.8176084849293243,0.958135215822988,0.013839207729262958,"{""class_weight"": ""balanced"", ""max_depth"": 6, ""max_features"": ""sqrt"", ""min_samples_leaf"": 4}"
2,2,93,0,0.8261532611729204,0.9535291122391982,0.01527496688927615,"{""class_weight"": ""balanced"", ""max_depth"": 6, ""max_features"": ""sqrt"", ""min_samples_leaf"": 4}"
2,2,95,1,0.7894573220570907,0.9543943218208607,0.01911097113248168,"{""class_weight"": ""balanced"", ""max_depth"": 6, ""max_features"": ""sqrt"", ""min_samples_leaf"": 4}"
2,2,98,1,0.8578226315929521,0.9615795301788743,0.014238702202412643,"{""class_weight"": ""balanced"", ""max_depth"": 6, ""max_features"": ""sqrt"", ""min_samples_leaf"": 4}"
2,2,101,1,0.8669833658578638,0.962484228285779,0.012651639893782827,"{""class_weight"": ""balanced"", ""max_depth"": 6, ""max_features"": ""sqrt"", ""min_samples_leaf"": 4}"
2,2,112,1,0.8129383628925937,0.953749170749418,0.015045731072547325,"{""class_weight"": ""balanced"", ""max_depth"": 6, ""max_features"": ""sqrt"", ""min_samples_leaf"": 4}"
2,2,117,1,0.8524116574657702,0.9566968296860437,0.01210454291247664,"{""class_weight"": ""balanced"", ""max_depth"": 6, ""max_features"": ""sqrt"", ""min_samples_leaf"": 4}"
2,2,118,1,0.8998883986878317,0.9695506115847679,0.007768808153246804,"{""class_weight"": ""balanced"", ""max_depth"": 6, ""max_features"": ""sqrt"", ""min_samples_leaf"": 4}"
2,2,126,1,0.780944943067808,0.9294453171293398,0.0149552612286709,"{""class_weight"": ""balanced"", ""max_depth"": 6, ""max_features"": ""sqrt"", ""min_samples_leaf"": 4}"
2,2,128,1,0.5838166216281107,0.7408000099315633,0.038543362709645285,"{""class_weight"": ""balanced"", ""max_depth"": 6, ""max_features"": ""sqrt"", ""min_samples_leaf"": 4}"
2,2,131,1,0.9087063151736091,0.9820155047919933,0.00587060969756979,"{""class_weight"": ""balanced"", ""max_depth"": 6, ""max_features"": ""sqrt"", ""min_samples_leaf"": 4}"
2,2,140,1,0.7333433700658716,0.930317667871055,0.02447454313936543,"{""class_weight"": ""balanced"", ""max_depth"": 6, ""max_features"": ""sqrt"", ""min_samples_leaf"": 4}"
2,2,147,1,0.6430001367785878,0.8550831435987606,0.026201435635687144,"{""class_weight"": ""balanced"", ""max_depth"": 6, ""max_features"": ""sqrt"", ""min_samples_leaf"": 4}"
2,2,148,1,0.646550293501288,0.7982329848970212,0.07602243603837032,"{""class_weight"": ""balanced"", ""max_depth"": 6, ""max_features"": ""sqrt"", ""min_samples_leaf"": 4}"
2,2,153,0,0.5045563093159493,0.6190019458530088,0.07079764346236471,"{""class_weight"": ""balanced"", ""max_depth"": 6, ""max_features"": ""sqrt"", ""min_samples_leaf"": 4}"
2,2,156,1,0.7154659802827497,0.903890482035379,0.020982695919560205,"{""class_weight"": ""balanced"", ""max_depth"": 6, ""max_features"": ""sqrt"", ""min_samples_leaf"": 4}"
2,2,157,1,0.5002584741197458,0.7009990871333907,0.1107614145002549,"{""class_weight"": ""balanced"", ""max_depth"": 6, ""max_features"": ""sqrt"", ""min_samples_leaf"": 4}"
2,2,159,1,0.9338548701859046,0.9809366455197113,0.006963505994786127,"{""class_weight"": ""balanced"", ""max_depth"": 6, ""max_features"": ""sqrt"", ""min_samples_leaf"": 4}"
2,2,164,1,0.9127019193071834,0.9773059175329989,0.009160399792287843,"{""class_weight"": ""balanced"", ""max_depth"": 6, ""max_features"": ""sqrt"", ""min_samples_leaf"": 4}"
2,2,170,0,0.3330153482104847,0.340788984817541,0.09793404943650974,"{""class_weight"": ""balanced"", ""max_depth"": 6, ""max_features"": ""sqrt"", ""min_samples_leaf"": 4}"
2,2,174,1,0.9570944244965985,0.9842914457920046,0.005543178561489443,"{""class_weight"": ""balanced"", ""max_depth"": 6, ""max_features"": ""sqrt"", ""min_samples_leaf"": 4}"
2,2,182,1,0.5280050510116909,0.7060014739395069,0.06262670559147367,"{""class_weight"": ""balanced"", ""max_depth"": 6, ""max_features"": ""sqrt"", ""min_samples_leaf"": 4}"
2,2,188,1,0.34976929520260697,0.34966517554003224,0.11888495852255765,"{""class_weight"": ""balanced"", ""max_depth"": 6, ""max_features"": ""sqrt"", ""min_samples_leaf"": 4}"
2,2,214,0,0.7490151096728033,0.9268862496073513,0.018683092899025557,"{""class_weight"": ""balanced"", ""max_depth"": 6, ""max_features"": ""sqrt"", ""min_samples_leaf"": 4}"
2,2,223,1,0.4084810799106033,0.4733375892121428,0.060368692817546005,"{""class_weight"": ""balanced"", ""max_depth"": 6, ""max_features"": ""sqrt"", ""min_samples_leaf"": 4}"
2,2,234,0,0.28007358652299125,0.24636001544706873,0.06321517234649238,"{""class_weight"": ""balanced"", ""max_depth"": 6, ""max_features"": ""sqrt"", ""min_samples_leaf"": 4}"
2,2,236,1,0.5150146195511105,0.6529272268375783,0.08030876669604008,"{""class_weight"": ""balanced"", ""max_depth"": 6, ""max_features"": ""sqrt"", ""min_samples_leaf"": 4}"
2,2,241,1,0.38195316240241123,0.45042447228197957,0.10007926208141911,"{""class_weight"": ""balanced"", ""max_depth"": 6, ""max_features"": ""sqrt"", ""min_samples_leaf"": 4}"
2,2,242,1,0.7076356115102711,0.8843072620191545,0.029744775785643447,"{""class_weight"": ""balanced"", ""max_depth"": 6, ""max_features"": ""sqrt"", ""min_samples_leaf"": 4}"
2,2,246,1,0.9505916525311685,0.9837487871057162,0.005909776556494384,"{""class_weight"": ""balanced"", ""max_depth"": 6, ""max_features"": ""sqrt"", ""min_samples_leaf"": 4}"
2,2,248,1,0.8903292862375269,0.9759923538560891,0.00745186967573564,"{""class_weight"": ""balanced"", ""max_depth"": 6, ""max_features"": ""sqrt"", ""min_samples_leaf"": 4}"
2,2,256,0,0.28235368584702614,0.18185409346136178,0.034559821227333504,"{""class_weight"": ""balanced"", ""max_depth"": 6, ""max_features"": ""sqrt"", ""min_samples_leaf"": 4}"
2,2,257,0,0.297770715161761,0.2275339291494845,0.07523288192272312,"{""class_weight"": ""balanced"", ""max_depth"": 6, ""max_features"": ""sqrt"", ""min_samples_leaf"": 4}"
2,2,262,1,0.6259775094423198,0.8211329987845366,0.04294898038178938,"{""class_weight"": ""balanced"", ""max_depth"": 6, ""max_features"": ""sqrt"", ""min_samples_leaf"": 4}"
2,2,263,0,0.17152827907522786,0.10317507711288083,0.03285971419024743,"{""class_weight"": ""balanced"", ""max_depth"": 6, ""max_features"": ""sqrt"", ""min_samples_leaf"": 4}"
2,2,267,1,0.7608524643837289,0.9165461253430524,0.011042221437597305,"{""class_weight"": ""balanced"", ""max_depth"": 6, ""max_features"": ""sqrt"", ""min_samples_leaf"": 4}"
2,2,270,0,0.16235876943653232,0.09456625209016897,0.036896656454150766,"{""class_weight"": ""balanced"", ""max_depth"": 6, ""max_features"": ""sqrt"", ""min_samples_leaf"": 4}"
2,2,271,1,0.8215329660482396,0.9546257055484062,0.012732660627199313,"{""class_weight"": ""balanced"", ""max_depth"": 6, ""max_features"": ""sqrt"", ""min_samples_leaf"": 4}"
2,2,272,0,0.5284191205224189,0.6593712028513055,0.08897884870120791,"{""class_weight"": ""balanced"", ""max_depth"": 6, ""max_features"": ""sqrt"", ""min_samples_leaf"": 4}"
2,2,275,1,0.8348029831327477,0.9653890890770909,0.012267398932053464,"{""class_weight"": ""balanced"", ""max_depth"": 6, ""max_features"": ""sqrt"", ""min_samples_leaf"": 4}"
2,2,280,0,0.3821176803242338,0.4060910378275747,0.1418765011226226,"{""class_weight"": ""balanced"", ""max_depth"": 6, ""max_features"": ""sqrt"", ""min_samples_leaf"": 4}"
2,2,292,0,0.5362148169428469,0.734615064292727,0.0660660018101039,"{""class_weight"": ""balanced"", ""max_depth"": 6, ""max_features"": ""sqrt"", ""min_samples_leaf"": 4}"
2,2,297,0,0.36289671689909714,0.3458085143301621,0.1661785861615929,"{""class_weight"": ""balanced"", ""max_depth"": 6, ""max_features"": ""sqrt"", ""min_samples_leaf"": 4}"
2,2,300,0,0.19458434378249406,0.15776873502733485,0.0518602500015897,"{""class_weight"": ""balanced"", ""max_depth"": 6, ""max_features"": ""sqrt"", ""min_samples_leaf"": 4}"
2,3,2,1,0.7392849104100679,0.9396846650356304,0.030457462143917292,"{""class_weight"": ""balanced"", ""max_depth"": 5, ""max_features"": ""sqrt"", ""min_samples_leaf"": 7}"
2,3,3,0,0.48686544170192253,0.6400258262333638,0.12096129435993581,"{""class_weight"": ""balanced"", ""max_depth"": 5, ""max_features"": ""sqrt"", ""min_samples_leaf"": 7}"
2,3,5,1,0.5691637464346571,0.7389888045501705,0.18575168680250234,"{""class_weight"": ""balanced"", ""max_depth"": 5, ""max_features"": ""sqrt"", ""min_samples_leaf"": 7}"
2,3,6,1,0.7453809580424374,0.9348042547620867,0.03068576370718485,"{""class_weight"": ""balanced"", ""max_depth"": 5, ""max_features"": ""sqrt"", ""min_samples_leaf"": 7}"
2,3,10,1,0.6917799872432309,0.9092039360788814,0.04367005036772356,"{""class_weight"": ""balanced"", ""max_depth"": 5, ""max_features"": ""sqrt"", ""min_samples_leaf"": 7}"
2,3,20,1,0.17319444868433687,0.08800052865567587,0.04688903358629845,"{""class_weight"": ""balanced"", ""max_depth"": 5, ""max_features"": ""sqrt"", ""min_samples_leaf"": 7}"
2,3,25,1,0.7868218551018888,0.9666405017422438,0.018375667070982638,"{""class_weight"": ""balanced"", ""max_depth"": 5, ""max_features"": ""sqrt"", ""min_samples_leaf"": 7}"
2,3,26,0,0.35568151802564274,0.3785582906051327,0.16217114892154252,"{""class_weight"": ""balanced"", ""max_depth"": 5, ""max_features"": ""sqrt"", ""min_samples_leaf"": 7}"
2,3,29,1,0.8245197926797098,0.9720351107692797,0.01543393932575238,"{""class_weight"": ""balanced"", ""max_depth"": 5, ""max_features"": ""sqrt"", ""min_samples_leaf"": 7}"
2,3,42,0,0.32689742778163655,0.2161040835144858,0.10492807216340067,"{""class_weight"": ""balanced"", ""max_depth"": 5, ""max_features"": ""sqrt"", ""min_samples_leaf"": 7}"
2,3,43,1,0.553932092141817,0.7037815155805366,0.05295945226349039,"{""class_weight"": ""balanced"", ""max_depth"": 5, ""max_features"": ""sqrt"", ""min_samples_leaf"": 7}"
2,3,51,1,0.7206706729159453,0.9236205787868681,0.04523573331524951,"{""class_weight"": ""balanced"", ""max_depth"": 5, ""max_features"": ""sqrt"", ""min_samples_leaf"": 7}"
2,3,53,1,0.45646474316907887,0.5376649953074368,0.166968007703362,"{""class_weight"": ""balanced"", ""max_depth"": 5, ""max_features"": ""sqrt"", ""min_samples_leaf"": 7}"
2,3,54,0,0.3600210352009318,0.3637355478922615,0.16235609099484463,"{""class_weight"": ""balanced"", ""max_depth"": 5, ""max_features"": ""sqrt"", ""min_samples_leaf"": 7}"
2,3,68,0,0.3614706499324571,0.3012459436773882,0.09524141676492295,"{""class_weight"": ""balanced"", ""max_depth"": 5, ""max_features"": ""sqrt"", ""min_samples_leaf"": 7}"
2,3,70,0,0.2904909750747666,0.20944671346402172,0.10444936942795255,"{""class_weight"": ""balanced"", ""max_depth"": 5, ""max_features"": ""sqrt"", ""min_samples_leaf"": 7}"
2,3,71,1,0.7621596099821926,0.9593088011177484,0.019141368379129917,"{""class_weight"": ""balanced"", ""max_depth"": 5, ""max_features"": ""sqrt"", ""min_samples_leaf"": 7}"
2,3,82,1,0.5116629661762805,0.7207081998995065,0.06561959700289233,"{""class_weight"": ""balanced"", ""max_depth"": 5, ""max_features"": ""sqrt"", ""min_samples_leaf"": 7}"
2,3,83,1,0.6327073974052079,0.8454849031413187,0.07185951111305458,"{""class_weight"": ""balanced"", ""max_depth"": 5, ""max_features"": ""sqrt"", ""min_samples_leaf"": 7}"
2,3,86,1,0.7610012032159964,0.9591004617471504,0.024578894460769895,"{""class_weight"": ""balanced"", ""max_depth"": 5, ""max_features"": ""sqrt"", ""min_samples_leaf"": 7}"
2,3,110,1,0.2946802595964995,0.1956456536987768,0.11313636795135369,"{""class_weight"": ""balanced"", ""max_depth"": 5, ""max_features"": ""sqrt"", ""min_samples_leaf"": 7}"
2,3,116,1,0.7292715704336795,0.94402601589854,0.028486500746935768,"{""class_weight"": ""balanced"", ""max_depth"": 5, ""max_features"": ""sqrt"", ""min_samples_leaf"": 7}"
2,3,125,1,0.6744705009488492,0.8731811560303863,0.030122896220756232,"{""class_weight"": ""balanced"", ""max_depth"": 5, ""max_features"": ""sqrt"", ""min_samples_leaf"": 7}"
2,3,146,1,0.9203218485829048,0.9881220812222911,0.00787483960038341,"{""class_weight"": ""balanced"", ""max_depth"": 5, ""max_features"": ""sqrt"", ""min_samples_leaf"": 7}"
2,3,150,0,0.5052600219596425,0.5784203270998522,0.17566988577213438,"{""class_weight"": ""balanced"", ""max_depth"": 5, ""max_features"": ""sqrt"", ""min_samples_leaf"": 7}"
2,3,154,1,0.6928703582946739,0.9051985451580441,0.044590627009766765,"{""class_weight"": ""balanced"", ""max_depth"": 5, ""max_features"": ""sqrt"", ""min_samples_leaf"": 7}"
2,3,163,1,0.5530642467431721,0.7133268839098407,0.08005013670373773,"{""class_weight"": ""balanced"", ""max_depth"": 5, ""max_features"": ""sqrt"", ""min_samples_leaf"": 7}"
2,3,175,0,0.6018962457493692,0.7621335047931191,0.06086193259077153,"{""class_weight"": ""balanced"", ""max_depth"": 5, ""max_features"": ""sqrt"", ""min_samples_leaf"": 7}"
2,3,178,1,0.6155124564545518,0.8432829261418601,0.036953809128540356,"{""class_weight"": ""balanced"", ""max_depth"": 5, ""max_features"": ""sqrt"", ""min_samples_leaf"": 7}"
2,3,187,1,0.7564463654275033,0.9434414989066683,0.02705573119849854,"{""class_weight"": ""balanced"", ""max_depth"": 5, ""max_features"": ""sqrt"", ""min_samples_leaf"": 7}"
2,3,190,0,0.5144484228754581,0.6907786340695946,0.03445687519729008,"{""class_weight"": ""balanced"", ""max_depth"": 5, ""max_features"": ""sqrt"", ""min_samples_leaf"": 7}"
2,3,192,0,0.15925359690645377,0.09719176644567454,0.07397776051220324,"{""class_weight"": ""balanced"", ""max_depth"": 5, ""max_features"": ""sqrt"", ""min_samples_leaf"": 7}"
2,3,196,0,0.19091196365843643,0.10916146188593293,0.07666956033426146,"{""class_weight"": ""balanced"", ""max_depth"": 5, ""max_features"": ""sqrt"", ""min_samples_leaf"": 7}"
2,3,197,1,0.767590656499291,0.9492819387503667,0.019394739414781658,"{""class_weight"": ""balanced"", ""max_depth"": 5, ""max_features"": ""sqrt"", ""min_samples_leaf"": 7}"
2,3,200,1,0.6888589962618874,0.9165368659502429,0.022936918004006674,"{""class_weight"": ""balanced"", ""max_depth"": 5, ""max_features"": ""sqrt"", ""min_samples_leaf"": 7}"
2,3,203,0,0.317597165855355,0.258722108691015,0.10251814816571612,"{""class_weight"": ""balanced"", ""max_depth"": 5, ""max_features"": ""sqrt"", ""min_samples_leaf"": 7}"
2,3,208,1,0.6681830024525341,0.8933740085382251,0.04258229267552026,"{""class_weight"": ""balanced"", ""max_depth"": 5, ""max_features"": ""sqrt"", ""min_samples_leaf"": 7}"
2,3,212,0,0.15792091032743574,0.0720213548560384,0.05274957191283806,"{""class_weight"": ""balanced"", ""max_depth"": 5, ""max_features"": ""sqrt"", ""min_samples_leaf"": 7}"
2,3,215,1,0.8302173381650776,0.9680779461776394,0.02061687757188806,"{""class_weight"": ""balanced"", ""max_depth"": 5, ""max_features"": ""sqrt"", ""min_samples_leaf"": 7}"
2,3,219,1,0.1564393257166013,0.09332720002362885,0.06698571295277415,"{""class_weight"": ""balanced"", ""max_depth"": 5, ""max_features"": ""sqrt"", ""min_samples_leaf"": 7}"
2,3,221,1,0.5400876393874428,0.7432949684952755,0.11618148757026672,"{""class_weight"": ""balanced"", ""max_depth"": 5, ""max_features"": ""sqrt"", ""min_samples_leaf"": 7}"
2,3,222,1,0.73817492944384,0.9328351323739266,0.027936597637199273,"{""class_weight"": ""balanced"", ""max_depth"": 5, ""max_features"": ""sqrt"", ""min_samples_leaf"": 7}"
2,3,225,1,0.6238223902393378,0.8534869973238248,0.037195332925139137,"{""class_weight"": ""balanced"", ""max_depth"": 5, ""max_features"": ""sqrt"", ""min_samples_leaf"": 7}"
2,3,229,1,0.7671022694023519,0.9391013214173055,0.018148648345743236,"{""class_weight"": ""balanced"", ""max_depth"": 5, ""max_features"": ""sqrt"", ""min_samples_leaf"": 7}"
2,3,235,1,0.7440187605571985,0.9509139557183761,0.027784234594184956,"{""class_weight"": ""balanced"", ""max_depth"": 5, ""max_features"": ""sqrt"", ""min_samples_leaf"": 7}"
2,3,237,1,0.5666728192269819,0.7564095159549614,0.14353506519085169,"{""class_weight"": ""balanced"", ""max_depth"": 5, ""max_features"": ""sqrt"", ""min_samples_leaf"": 7}"
2,3,238,1,0.23717886818479106,0.1420219790280271,0.09355009997248687,"{""class_weight"": ""balanced"", ""max_depth"": 5, ""max_features"": ""sqrt"", ""min_samples_leaf"": 7}"
2,3,240,1,0.8689204538973477,0.982407938955934,0.00990686457794499,"{""class_weight"": ""balanced"", ""max_depth"": 5, ""max_features"": ""sqrt"", ""min_samples_leaf"": 7}"
2,3,243,1,0.6477816969979305,0.879374896575141,0.04095882381918455,"{""class_weight"": ""balanced"", ""max_depth"": 5, ""max_features"": ""sqrt"", ""min_samples_leaf"": 7}"
2,3,247,0,0.20966230837700695,0.10480135436980187,0.07682782391311037,"{""class_weight"": ""balanced"", ""max_depth"": 5, ""max_features"": ""sqrt"", ""min_samples_leaf"": 7}"
2,3,250,1,0.78052205480827,0.9643226273551552,0.020474316134235466,"{""class_weight"": ""balanced"", ""max_depth"": 5, ""max_features"": ""sqrt"", ""min_samples_leaf"": 7}"
2,3,253,1,0.5641513360457768,0.7878196614045481,0.1321049794643585,"{""class_weight"": ""balanced"", ""max_depth"": 5, ""max_features"": ""sqrt"", ""min_samples_leaf"": 7}"
2,3,259,1,0.6521040160170246,0.8561222660603244,0.07987214249233164,"{""class_weight"": ""balanced"", ""max_depth"": 5, ""max_features"": ""sqrt"", ""min_samples_leaf"": 7}"
2,3,261,0,0.09784752319871745,0.047221378922758746,0.03868903574682673,"{""class_weight"": ""balanced"", ""max_depth"": 5, ""max_features"": ""sqrt"", ""min_samples_leaf"": 7}"
2,3,273,1,0.8389442318048704,0.977193161790533,0.012443749444074101,"{""class_weight"": ""balanced"", ""max_depth"": 5, ""max_features"": ""sqrt"", ""min_samples_leaf"": 7}"
2,3,279,1,0.6728817396540934,0.8733790801900412,0.044398225552330035,"{""class_weight"": ""balanced"", ""max_depth"": 5, ""max_features"": ""sqrt"", ""min_samples_leaf"": 7}"
2,3,283,1,0.4882211802191611,0.6177055304806933,0.15360546876692707,"{""class_weight"": ""balanced"", ""max_depth"": 5, ""max_features"": ""sqrt"", ""min_samples_leaf"": 7}"
2,3,287,0,0.40522786492124435,0.41335803654268916,0.11778520369990433,"{""class_weight"": ""balanced"", ""max_depth"": 5, ""max_features"": ""sqrt"", ""min_samples_leaf"": 7}"
2,3,298,1,0.6444757891727336,0.847528776207031,0.08384448891441776,"{""class_weight"": ""balanced"", ""max_depth"": 5, ""max_features"": ""sqrt"", ""min_samples_leaf"": 7}"
2,3,299,0,0.2719986380943926,0.2154244628867273,0.13074699901499698,"{""class_weight"": ""balanced"", ""max_depth"": 5, ""max_features"": ""sqrt"", ""min_samples_leaf"": 7}"
2,4,0,1,0.5093007949022653,0.6118762265653233,0.040802594376968565,"{""class_weight"": ""balanced"", ""max_depth"": null, ""max_features"": ""sqrt"", ""min_samples_leaf"": 4}"
2,4,9,1,0.8124950512450518,0.9506480457412201,0.018165370253261117,"{""class_weight"": ""balanced"", ""max_depth"": null, ""max_features"": ""sqrt"", ""min_samples_leaf"": 4}"
2,4,11,1,0.9131924926924929,0.9770123302879243,0.010847531709737656,"{""class_weight"": ""balanced"", ""max_depth"": null, ""max_features"": ""sqrt"", ""min_samples_leaf"": 4}"
2,4,16,0,0.32257915841468465,0.3511230785971354,0.06801261897431463,"{""class_weight"": ""balanced"", ""max_depth"": null, ""max_features"": ""sqrt"", ""min_samples_leaf"": 4}"
2,4,33,1,0.7970468665321608,0.9584351747657976,0.01343519489224884,"{""class_weight"": ""balanced"", ""max_depth"": null, ""max_features"": ""sqrt"", ""min_samples_leaf"": 4}"
2,4,34,1,0.6012744611053434,0.7453955929365181,0.056511316747012624,"{""class_weight"": ""balanced"", ""max_depth"": null, ""max_features"": ""sqrt"", ""min_samples_leaf"": 4}"
2,4,35,0,0.274817321080479,0.1763254487659907,0.057545840490122555,"{""class_weight"": ""balanced"", ""max_depth"": null, ""max_features"": ""sqrt"", ""min_samples_leaf"": 4}"
2,4,38,1,0.6103984626484631,0.8067440629918394,0.013670190184661776,"{""class_weight"": ""balanced"", ""max_depth"": null, ""max_features"": ""sqrt"", ""min_samples_leaf"": 4}"
2,4,39,1,0.8507232703943234,0.9663428502681615,0.013423045242002317,"{""class_weight"": ""balanced"", ""max_depth"": null, ""max_features"": ""sqrt"", ""min_samples_leaf"": 4}"
2,4,45,1,0.8095807046983516,0.9289937219752314,0.023814558707488203,"{""class_weight"": ""balanced"", ""max_depth"": null, ""max_features"": ""sqrt"", ""min_samples_leaf"": 4}"
2,4,49,1,0.4789511628578968,0.5874793394723494,0.0866510504190689,"{""class_weight"": ""balanced"", ""max_depth"": null, ""max_features"": ""sqrt"", ""min_samples_leaf"": 4}"
2,4,52,1,0.8574572325822326,0.9649881401293683,0.010963783242145182,"{""class_weight"": ""balanced"", ""max_depth"": null, ""max_features"": ""sqrt"", ""min_samples_leaf"": 4}"
2,4,55,1,0.872462740962741,0.9605612337589623,0.013278379970293673,"{""class_weight"": ""balanced"", ""max_depth"": null, ""max_features"": ""sqrt"", ""min_samples_leaf"": 4}"
2,4,56,1,0.8092092591504356,0.9518378231746691,0.015094088361647539,"{""class_weight"": ""balanced"", ""max_depth"": null, ""max_features"": ""sqrt"", ""min_samples_leaf"": 4}"
2,4,62,1,0.37146862143417897,0.3534706202480385,0.08211042271633912,"{""class_weight"": ""balanced"", ""max_depth"": null, ""max_features"": ""sqrt"", ""min_samples_leaf"": 4}"
2,4,65,1,0.7693422576878459,0.9414480086949191,0.02119380174405247,"{""class_weight"": ""balanced"", ""max_depth"": null, ""max_features"": ""sqrt"", ""min_samples_leaf"": 4}"
2,4,67,0,0.6447988400488399,0.8824235019384246,0.02903839764257146,"{""class_weight"": ""balanced"", ""max_depth"": null, ""max_features"": ""sqrt"", ""min_samples_leaf"": 4}"
2,4,76,1,0.8248210215710218,0.9620847043490407,0.010277790556704875,"{""class_weight"": ""balanced"", ""max_depth"": null, ""max_features"": ""sqrt"", ""min_samples_leaf"": 4}"
2,4,80,1,0.8661516076516079,0.9603313849773933,0.008023840339032378,"{""class_weight"": ""balanced"", ""max_depth"": null, ""max_features"": ""sqrt"", ""min_samples_leaf"": 4}"
2,4,81,1,0.868530821030821,0.9673602783912619,0.012548953111453782,"{""class_weight"": ""balanced"", ""max_depth"": null, ""max_features"": ""sqrt"", ""min_samples_leaf"": 4}"
2,4,89,1,0.8546961649461646,0.9635489273115277,0.014473714985022727,"{""class_weight"": ""balanced"", ""max_depth"": null, ""max_features"": ""sqrt"", ""min_samples_leaf"": 4}"
2,4,99,1,0.5883622303622302,0.7557149767527118,0.013873836170714606,"{""class_weight"": ""balanced"", ""max_depth"": null, ""max_features"": ""sqrt"", ""min_samples_leaf"": 4}"
2,4,102,0,0.19198474813799896,0.12020402790563281,0.041683687480523694,"{""class_weight"": ""balanced"", ""max_depth"": null, ""max_features"": ""sqrt"", ""min_samples_leaf"": 4}"
2,4,105,1,0.6352663216413217,0.8177401820738144,0.05745613584058451,"{""class_weight"": ""balanced"", ""max_depth"": null, ""max_features"": ""sqrt"", ""min_samples_leaf"": 4}"
2,4,109,1,0.8277062567062569,0.9621874327506157,0.016138580157020358,"{""class_weight"": ""balanced"", ""max_depth"": null, ""max_features"": ""sqrt"", ""min_samples_leaf"": 4}"
2,4,121,1,0.5798632778470242,0.7748341270920125,0.038155898116491956,"{""class_weight"": ""balanced"", ""max_depth"": null, ""max_features"": ""sqrt"", ""min_samples_leaf"": 4}"
2,4,127,1,0.8433489427239429,0.9592161225995927,0.011156108039033793,"{""class_weight"": ""balanced"", ""max_depth"": null, ""max_features"": ""sqrt"", ""min_samples_leaf"": 4}"
2,4,133,0,0.6153062824802769,0.7597692502959836,0.041210442671561445,"{""class_weight"": ""balanced"", ""max_depth"": null, ""max_features"": ""sqrt"", ""min_samples_leaf"": 4}"
2,4,134,1,0.7980166500166503,0.9352631207212602,0.014265966755016889,"{""class_weight"": ""balanced"", ""max_depth"": null, ""max_features"": ""sqrt"", ""min_samples_leaf"": 4}"
2,4,136,0,0.32076284886424206,0.269669413397253,0.0486442583004203,"{""class_weight"": ""balanced"", ""max_depth"": null, ""max_features"": ""sqrt"", ""min_samples_leaf"": 4}"
2,4,137,0,0.20937557362944367,0.14372311830284742,0.05309477384445358,"{""class_weight"": ""balanced"", ""max_depth"": null, ""max_features"": ""sqrt"", ""min_samples_leaf"": 4}"
2,4,139,1,0.8565722055722059,0.9672926824602148,0.010397015153629596,"{""class_weight"": ""balanced"", ""max_depth"": null, ""max_features"": ""sqrt"", ""min_samples_leaf"": 4}"
2,4,151,0,0.5091159442409445,0.5941419835361855,0.066343793091578,"{""class_weight"": ""balanced"", ""max_depth"": null, ""max_features"": ""sqrt"", ""min_samples_leaf"": 4}"
2,4,161,1,0.9127032227032227,0.9766396461697852,0.010401849922032061,"{""class_weight"": ""balanced"", ""max_depth"": null, ""max_features"": ""sqrt"", ""min_samples_leaf"": 4}"
2,4,167,1,0.7342377466587992,0.9155274148000474,0.0221158793781535,"{""class_weight"": ""balanced"", ""max_depth"": null, ""max_features"": ""sqrt"", ""min_samples_leaf"": 4}"
2,4,168,0,0.23426510759335836,0.17815691259382765,0.07376714655115417,"{""class_weight"": ""balanced"", ""max_depth"": null, ""max_features"": ""sqrt"", ""min_samples_leaf"": 4}"
2,4,180,1,0.31362610102315996,0.32485226593306327,0.07794808370476194,"{""class_weight"": ""balanced"", ""max_depth"": null, ""max_features"": ""sqrt"", ""min_samples_leaf"": 4}"
2,4,181,1,0.8202259361009365,0.9508115290699019,0.01539271466152986,"{""class_weight"": ""balanced"", ""max_depth"": null, ""max_features"": ""sqrt"", ""min_samples_leaf"": 4}"
2,4,183,0,0.761739047989048,0.8754857297496415,0.03895354170839748,"{""class_weight"": ""balanced"", ""max_depth"": null, ""max_features"": ""sqrt"", ""min_samples_leaf"": 4}"
2,4,205,1,0.4539017787767789,0.5564544915215819,0.06390212158990367,"{""class_weight"": ""balanced"", ""max_depth"": null, ""max_features"": ""sqrt"", ""min_samples_leaf"": 4}"
2,4,206,1,0.8217853905353906,0.9579096644484386,0.011811789181704663,"{""class_weight"": ""balanced"", ""max_depth"": null, ""max_features"": ""sqrt"", ""min_samples_leaf"": 4}"
2,4,207,1,0.7454352915602918,0.8951533865751877,0.028583718896255914,"{""class_weight"": ""balanced"", ""max_depth"": null, ""max_features"": ""sqrt"", ""min_samples_leaf"": 4}"
2,4,210,0,0.19307131843045156,0.14963473303081765,0.06245289204390874,"{""class_weight"": ""balanced"", ""max_depth"": null, ""max_features"": ""sqrt"", ""min_samples_leaf"": 4}"
2,4,217,0,0.3840145363895365,0.3929699866657376,0.049351384164365936,"{""class_weight"": ""balanced"", ""max_depth"": null, ""max_features"": ""sqrt"", ""min_samples_leaf"": 4}"
2,4,227,1,0.725957852332852,0.87187467207453,0.025411998592017107,"{""class_weight"": ""balanced"", ""max_depth"": null, ""max_features"": ""sqrt"", ""min_samples_leaf"": 4}"
2,4,228,1,0.6381111078464021,0.8408579114324723,0.04492557290609369,"{""class_weight"": ""balanced"", ""max_depth"": null, ""max_features"": ""sqrt"", ""min_samples_leaf"": 4}"
2,4,230,1,0.9093641543641542,0.9789058620496711,0.010335918736748582,"{""class_weight"": ""balanced"", ""max_depth"": null, ""max_features"": ""sqrt"", ""min_samples_leaf"": 4}"
2,4,232,1,0.7820082371332372,0.9369746470141864,0.010250353615119568,"{""class_weight"": ""balanced"", ""max_depth"": null, ""max_features"": ""sqrt"", ""min_samples_leaf"": 4}"
2,4,233,0,0.3101003529494241,0.29197354123953173,0.07112118420685963,"{""class_weight"": ""balanced"", ""max_depth"": null, ""max_features"": ""sqrt"", ""min_samples_leaf"": 4}"
2,4,245,1,0.45265292088086206,0.5329134634981658,0.10543339082400423,"{""class_weight"": ""balanced"", ""max_depth"": null, ""max_features"": ""sqrt"", ""min_samples_leaf"": 4}"
2,4,252,1,0.7238269415769416,0.8711549615385026,0.038609525148948894,"{""class_weight"": ""balanced"", ""max_depth"": null, ""max_features"": ""sqrt"", ""min_samples_leaf"": 4}"
2,4,255,0,0.33170529008029026,0.2879054323239213,0.07917575368904776,"{""class_weight"": ""balanced"", ""max_depth"": null, ""max_features"": ""sqrt"", ""min_samples_leaf"": 4}"
2,4,260,1,0.8173502238502239,0.9628155180819771,0.015751460398360662,"{""class_weight"": ""balanced"", ""max_depth"": null, ""max_features"": ""sqrt"", ""min_samples_leaf"": 4}"
2,4,266,1,0.7424584813334816,0.9262906561231393,0.017022871093199957,"{""class_weight"": ""balanced"", ""max_depth"": null, ""max_features"": ""sqrt"", ""min_samples_leaf"": 4}"
2,4,269,1,0.8055669547843461,0.9607496372134683,0.013318738758196268,"{""class_weight"": ""balanced"", ""max_depth"": null, ""max_features"": ""sqrt"", ""min_samples_leaf"": 4}"
2,4,274,1,0.9273780663780669,0.9808147864745017,0.009092337043288764,"{""class_weight"": ""balanced"", ""max_depth"": null, ""max_features"": ""sqrt"", ""min_samples_leaf"": 4}"
2,4,277,1,0.9041430328930329,0.971908952371632,0.009432024890399831,"{""class_weight"": ""balanced"", ""max_depth"": null, ""max_features"": ""sqrt"", ""min_samples_leaf"": 4}"
2,4,285,0,0.2361143429440643,0.16220101170461385,0.047095727738461664,"{""class_weight"": ""balanced"", ""max_depth"": null, ""max_features"": ""sqrt"", ""min_samples_leaf"": 4}"
2,4,289,0,0.362730782326835,0.31075066570533405,0.08129885106055083,"{""class_weight"": ""balanced"", ""max_depth"": null, ""max_features"": ""sqrt"", ""min_samples_leaf"": 4}"
2,4,291,0,0.3241198320942903,0.2789086918888334,0.05852672064519413,"{""class_weight"": ""balanced"", ""max_depth"": null, ""max_features"": ""sqrt"", ""min_samples_leaf"": 4}"
3,0,3,0,0.5514816586104732,0.5264999562833739,0.11228114714960373,"{""class_weight"": null, ""max_depth"": 6, ""max_features"": ""sqrt"", ""min_samples_leaf"": 3}"
3,0,5,1,0.7674364620065021,0.8809340575202516,0.052908334758645856,"{""class_weight"": null, ""max_depth"": 6, ""max_features"": ""sqrt"", ""min_samples_leaf"": 3}"
3,0,24,1,0.832170908270142,0.8932330685791466,0.053361891385059715,"{""class_weight"": null, ""max_depth"": 6, ""max_features"": ""sqrt"", ""min_samples_leaf"": 3}"
3,0,26,0,0.5812798076268315,0.558853028406125,0.08393059257076887,"{""class_weight"": null, ""max_depth"": 6, ""max_features"": ""sqrt"", ""min_samples_leaf"": 3}"
3,0,27,1,0.46078908563059645,0.2812174639052797,0.09989465590317897,"{""class_weight"": null, ""max_depth"": 6, ""max_features"": ""sqrt"", ""min_samples_leaf"": 3}"
3,0,31,1,0.7985823196033719,0.8820894036029749,0.026120478574448686,"{""class_weight"": null, ""max_depth"": 6, ""max_features"": ""sqrt"", ""min_samples_leaf"": 3}"
3,0,42,0,0.3448748197572678,0.12726570655109143,0.06640298649223096,"{""class_weight"": null, ""max_depth"": 6, ""max_features"": ""sqrt"", ""min_samples_leaf"": 3}"
3,0,45,1,0.8569378068450745,0.9235827163824549,0.032805322421449075,"{""class_weight"": null, ""max_depth"": 6, ""max_features"": ""sqrt"", ""min_samples_leaf"": 3}"
3,0,48,0,0.4159694859811721,0.2515196209902554,0.11870149787184055,"{""class_weight"": null, ""max_depth"": 6, ""max_features"": ""sqrt"", ""min_samples_leaf"": 3}"
3,0,50,1,0.65469391166399,0.6840107517504237,0.06861889771489493,"{""class_weight"": null, ""max_depth"": 6, ""max_features"": ""sqrt"", ""min_samples_leaf"": 3}"
3,0,53,1,0.5766904982290297,0.5200578819953476,0.10107679905066418,"{""class_weight"": null, ""max_depth"": 6, ""max_features"": ""sqrt"", ""min_samples_leaf"": 3}"
3,0,64,0,0.4192962343896805,0.2500233904930019,0.10009257519937109,"{""class_weight"": null, ""max_depth"": 6, ""max_features"": ""sqrt"", ""min_samples_leaf"": 3}"
3,0,66,1,0.9071377631972418,0.9628380139839541,0.030657936143888814,"{""class_weight"": null, ""max_depth"": 6, ""max_features"": ""sqrt"", ""min_samples_leaf"": 3}"
3,0,68,0,0.42940492901991917,0.22738372885344763,0.054830182963096295,"{""class_weight"": null, ""max_depth"": 6, ""max_features"": ""sqrt"", ""min_samples_leaf"": 3}"
3,0,82,1,0.7052197070393667,0.7832419815080279,0.05241308345589824,"{""class_weight"": null, ""max_depth"": 6, ""max_features"": ""sqrt"", ""min_samples_leaf"": 3}"
3,0,84,1,0.8018174640179632,0.9213299234740313,0.050694583722854764,"{""class_weight"": null, ""max_depth"": 6, ""max_features"": ""sqrt"", ""min_samples_leaf"": 3}"
3,0,89,1,0.9347250718894399,0.9611126944075945,0.035057541201600054,"{""class_weight"": null, ""max_depth"": 6, ""max_features"": ""sqrt"", ""min_samples_leaf"": 3}"
3,0,93,0,0.8878048144957743,0.9490884166626252,0.03427498723083674,"{""class_weight"": null, ""max_depth"": 6, ""max_features"": ""sqrt"", ""min_samples_leaf"": 3}"
3,0,103,1,0.881371579818427,0.958112889038674,0.030580415945992572,"{""class_weight"": null, ""max_depth"": 6, ""max_features"": ""sqrt"", ""min_samples_leaf"": 3}"
3,0,104,1,0.6991322287009816,0.7376342522206267,0.07605833509193421,"{""class_weight"": null, ""max_depth"": 6, ""max_features"": ""sqrt"", ""min_samples_leaf"": 3}"
3,0,106,1,0.8466092749428996,0.9288188658211819,0.04734371114290058,"{""class_weight"": null, ""max_depth"": 6, ""max_features"": ""sqrt"", ""min_samples_leaf"": 3}"
3,0,110,1,0.45428764383554116,0.24772418833363866,0.09106893861768811,"{""class_weight"": null, ""max_depth"": 6, ""max_features"": ""sqrt"", ""min_samples_leaf"": 3}"
3,0,112,1,0.8731608688076,0.9311937770347697,0.04204621488199892,"{""class_weight"": null, ""max_depth"": 6, ""max_features"": ""sqrt"", ""min_samples_leaf"": 3}"
3,0,116,1,0.8858455220105469,0.942297568407732,0.0354369458837905,"{""class_weight"": null, ""max_depth"": 6, ""max_features"": ""sqrt"", ""min_samples_leaf"": 3}"
3,0,118,1,0.9115051098087874,0.9458387237028081,0.041841773946766164,"{""class_weight"": null, ""max_depth"": 6, ""max_features"": ""sqrt"", ""min_samples_leaf"": 3}"
3,0,129,0,0.5941514817547124,0.5611174062718769,0.0704820012175093,"{""class_weight"": null, ""max_depth"": 6, ""max_features"": ""sqrt"", ""min_samples_leaf"": 3}"
3,0,131,1,0.9550917579144308,0.9690030108811072,0.028727383892867116,"{""class_weight"": null, ""max_depth"": 6, ""max_features"": ""sqrt"", ""min_samples_leaf"": 3}"
3,0,134,1,0.7813959704923121,0.8793540654265855,0.05655326850426514,"{""class_weight"": null, ""max_depth"": 6, ""max_features"": ""sqrt"", ""min_samples_leaf"": 3}"
3,0,139,1,0.917355006320212,0.9589018085530701,0.026902954125457606,"{""class_weight"": null, ""max_depth"": 6, ""max_features"": ""sqrt"", ""min_samples_leaf"": 3}"
3,0,145,1,0.7534802569766471,0.8466633804467236,0.055678057436562504,"{""class_weight"": null, ""max_depth"": 6, ""max_features"": ""sqrt"", ""min_samples_leaf"": 3}"
3,0,149,1,0.8224216639305575,0.9211537381340993,0.04638436316369416,"{""class_weight"": null, ""max_depth"": 6, ""max_features"": ""sqrt"", ""min_samples_leaf"": 3}"
3,0,155,1,0.8907588611620029,0.9581774651351059,0.029415745187704186,"{""class_weight"": null, ""max_depth"": 6, ""max_features"": ""sqrt"", ""min_samples_leaf"": 3}"
3,0,171,1,0.8051370685766486,0.8832809833464415,0.05670572657619725,"{""class_weight"": null, ""max_depth"": 6, ""max_features"": ""sqrt"", ""min_samples_leaf"": 3}"
3,0,172,1,0.8524310213653943,0.919037561637575,0.05114654804408836,"{""class_weight"": null, ""max_depth"": 6, ""max_features"": ""sqrt"", ""min_samples_leaf"": 3}"
3,0,181,1,0.88316476491357,0.9378647868652437,0.037870996966869123,"{""class_weight"": null, ""max_depth"": 6, ""max_features"": ""sqrt"", ""min_samples_leaf"": 3}"
3,0,186,0,0.6601595189184812,0.7304309669495161,0.034836532960582395,"{""class_weight"": null, ""max_depth"": 6, ""max_features"": ""sqrt"", ""min_samples_leaf"": 3}"
3,0,187,1,0.8983412496517432,0.954816168079175,0.031580618598623274,"{""class_weight"": null, ""max_depth"": 6, ""max_features"": ""sqrt"", ""min_samples_leaf"": 3}"
3,0,188,1,0.5282678114019548,0.5623572545311205,0.13241704664330478,"{""class_weight"": null, ""max_depth"": 6, ""max_features"": ""sqrt"", ""min_samples_leaf"": 3}"
3,0,191,1,0.8336761071624146,0.9176682609937441,0.03434246615420938,"{""class_weight"": null, ""max_depth"": 6, ""max_features"": ""sqrt"", ""min_samples_leaf"": 3}"
3,0,196,0,0.2806520124103462,0.12261774068876888,0.086683817461843,"{""class_weight"": null, ""max_depth"": 6, ""max_features"": ""sqrt"", ""min_samples_leaf"": 3}"
3,0,202,1,0.905787617634285,0.9602241080316732,0.02891550357959107,"{""class_weight"": null, ""max_depth"": 6, ""max_features"": ""sqrt"", ""min_samples_leaf"": 3}"
3,0,205,1,0.5895917541713571,0.6064630255441397,0.10708491280355363,"{""class_weight"": null, ""max_depth"": 6, ""max_features"": ""sqrt"", ""min_samples_leaf"": 3}"
3,0,209,1,0.8963114619188535,0.9455153933534998,0.02618131125568802,"{""class_weight"": null, ""max_depth"": 6, ""max_features"": ""sqrt"", ""min_samples_leaf"": 3}"
3,0,210,0,0.2596204378486394,0.08110326301889614,0.06309273834430455,"{""class_weight"": null, ""max_depth"": 6, ""max_features"": ""sqrt"", ""min_samples_leaf"": 3}"
3,0,212,0,0.23455245451901083,0.05805874387876625,0.04513397380715247,"{""class_weight"": null, ""max_depth"": 6, ""max_features"": ""sqrt"", ""min_samples_leaf"": 3}"
3,0,220,1,0.8094221273973579,0.8963594225440292,0.0313564389577547,"{""class_weight"": null, ""max_depth"": 6, ""max_features"": ""sqrt"", ""min_samples_leaf"": 3}"
3,0,221,1,0.7327119345447515,0.8370016898363181,0.06902294260392206,"{""class_weight"": null, ""max_depth"": 6, ""max_features"": ""sqrt"", ""min_samples_leaf"": 3}"
3,0,227,1,0.8041302594258837,0.8853653154416736,0.05076390910034695,"{""class_weight"": null, ""max_depth"": 6, ""max_features"": ""sqrt"", ""min_samples_leaf"": 3}"
3,0,243,1,0.8605737004012951,0.9252966041022432,0.043927432287780864,"{""class_weight"": null, ""max_depth"": 6, ""max_features"": ""sqrt"", ""min_samples_leaf"": 3}"
3,0,245,1,0.6152354550291627,0.5911329006912934,0.11041147851651087,"{""class_weight"": null, ""max_depth"": 6, ""max_features"": ""sqrt"", ""min_samples_leaf"": 3}"
3,0,246,1,0.9593020834578698,0.9675028812318145,0.03295398053848983,"{""class_weight"": null, ""max_depth"": 6, ""max_features"": ""sqrt"", ""min_samples_leaf"": 3}"
3,0,248,1,0.9264060846106552,0.9643276556847067,0.027024630811958546,"{""class_weight"": null, ""max_depth"": 6, ""max_features"": ""sqrt"", ""min_samples_leaf"": 3}"
3,0,257,0,0.392391168533951,0.16759325855786006,0.10504399043303335,"{""class_weight"": null, ""max_depth"": 6, ""max_features"": ""sqrt"", ""min_samples_leaf"": 3}"
3,0,267,1,0.8605119364678122,0.9445387538463599,0.03136291359825869,"{""class_weight"": null, ""max_depth"": 6, ""max_features"": ""sqrt"", ""min_samples_leaf"": 3}"
3,0,268,0,0.5228005752904716,0.42445687426763,0.12166756960751067,"{""class_weight"": null, ""max_depth"": 6, ""max_features"": ""sqrt"", ""min_samples_leaf"": 3}"
3,0,274,1,0.9510175133625827,0.9698141519980219,0.028882370768602336,"{""class_weight"": null, ""max_depth"": 6, ""max_features"": ""sqrt"", ""min_samples_leaf"": 3}"
3,0,278,1,0.9265674741937598,0.9563542580067936,0.03372498962189808,"{""class_weight"": null, ""max_depth"": 6, ""max_features"": ""sqrt"", ""min_samples_leaf"": 3}"
3,0,291,0,0.4482700314564628,0.40248586600609915,0.15657678869119654,"{""class_weight"": null, ""max_depth"": 6, ""max_features"": ""sqrt"", ""min_samples_leaf"": 3}"
3,0,293,0,0.41075075232890845,0.22391397805698537,0.12762706931038187,"{""class_weight"": null, ""max_depth"": 6, ""max_features"": ""sqrt"", ""min_samples_leaf"": 3}"
3,0,301,0,0.32939641248528617,0.1319071418227446,0.07809035252520731,"{""class_weight"": null, ""max_depth"": 6, ""max_features"": ""sqrt"", ""min_samples_leaf"": 3}"
3,0,302,1,0.7603636050795318,0.8658399143698512,0.05676804099306141,"{""class_weight"": null, ""max_depth"": 6, ""max_features"": ""sqrt"", ""min_samples_leaf"": 3}"
3,1,7,1,0.7786014157380013,0.9692822592296535,0.01594551328217745,"{""class_weight"": ""balanced"", ""max_depth"": 3, ""max_features"": ""sqrt"", ""min_samples_leaf"": 4}"
3,1,13,1,0.6757200880622947,0.9400656243980668,0.04190353544486047,"{""class_weight"": ""balanced"", ""max_depth"": 3, ""max_features"": ""sqrt"", ""min_samples_leaf"": 4}"
3,1,19,1,0.852556189601664,0.9817726789210799,0.01356536092936089,"{""class_weight"": ""balanced"", ""max_depth"": 3, ""max_features"": ""sqrt"", ""min_samples_leaf"": 4}"
3,1,21,1,0.7173989203349215,0.9402153365089342,0.025913563827768774,"{""class_weight"": ""balanced"", ""max_depth"": 3, ""max_features"": ""sqrt"", ""min_samples_leaf"": 4}"
3,1,22,1,0.7939132955733771,0.9716805315405299,0.01695934287209993,"{""class_weight"": ""balanced"", ""max_depth"": 3, ""max_features"": ""sqrt"", ""min_samples_leaf"": 4}"
3,1,28,1,0.8240912007533351,0.9749702683645463,0.016809154393750116,"{""class_weight"": ""balanced"", ""max_depth"": 3, ""max_features"": ""sqrt"", ""min_samples_leaf"": 4}"
3,1,44,1,0.6013037146046726,0.8477768417681532,0.047599244014297555,"{""class_weight"": ""balanced"", ""max_depth"": 3, ""max_features"": ""sqrt"", ""min_samples_leaf"": 4}"
3,1,46,1,0.7126873364200134,0.9323578386836558,0.03843704320533997,"{""class_weight"": ""balanced"", ""max_depth"": 3, ""max_features"": ""sqrt"", ""min_samples_leaf"": 4}"
3,1,47,1,0.7603553657643899,0.9669275736579319,0.01817336120248831,"{""class_weight"": ""balanced"", ""max_depth"": 3, ""max_features"": ""sqrt"", ""min_samples_leaf"": 4}"
3,1,49,1,0.533918768289795,0.6918080659107175,0.12824548179116138,"{""class_weight"": ""balanced"", ""max_depth"": 3, ""max_features"": ""sqrt"", ""min_samples_leaf"": 4}"
3,1,55,1,0.7666840515152147,0.9656524387642097,0.018989055735790822,"{""class_weight"": ""balanced"", ""max_depth"": 3, ""max_features"": ""sqrt"", ""min_samples_leaf"": 4}"
3,1,59,1,0.7464653908535338,0.9657124837891858,0.021800414841047406,"{""class_weight"": ""balanced"", ""max_depth"": 3, ""max_features"": ""sqrt"", ""min_samples_leaf"": 4}"
3,1,62,1,0.4075808292302717,0.36198581517531053,0.09339144513440793,"{""class_weight"": ""balanced"", ""max_depth"": 3, ""max_features"": ""sqrt"", ""min_samples_leaf"": 4}"
3,1,72,1,0.6366177478083062,0.9037240938334522,0.02586503065815794,"{""class_weight"": ""balanced"", ""max_depth"": 3, ""max_features"": ""sqrt"", ""min_samples_leaf"": 4}"
3,1,74,1,0.8748798123737082,0.988281177266128,0.008253608328172821,"{""class_weight"": ""balanced"", ""max_depth"": 3, ""max_features"": ""sqrt"", ""min_samples_leaf"": 4}"
3,1,76,1,0.8033710962471022,0.9717715598315368,0.019009992151087313,"{""class_weight"": ""balanced"", ""max_depth"": 3, ""max_features"": ""sqrt"", ""min_samples_leaf"": 4}"
3,1,77,1,0.5693398690306104,0.7733649526440705,0.10985328621179087,"{""class_weight"": ""balanced"", ""max_depth"": 3, ""max_features"": ""sqrt"", ""min_samples_leaf"": 4}"
3,1,79,0,0.3174983164807264,0.251736958623887,0.1315786782978703,"{""class_weight"": ""balanced"", ""max_depth"": 3, ""max_features"": ""sqrt"", ""min_samples_leaf"": 4}"
3,1,90,1,0.5767286146568584,0.7796401905265243,0.09080578573608801,"{""class_weight"": ""balanced"", ""max_depth"": 3, ""max_features"": ""sqrt"", ""min_samples_leaf"": 4}"
3,1,98,1,0.7754989388408948,0.9610070295394019,0.019418230883312355,"{""class_weight"": ""balanced"", ""max_depth"": 3, ""max_features"": ""sqrt"", ""min_samples_leaf"": 4}"
3,1,108,0,0.34625159717466514,0.2451313513367352,0.03928071037720623,"{""class_weight"": ""balanced"", ""max_depth"": 3, ""max_features"": ""sqrt"", ""min_samples_leaf"": 4}"
3,1,109,1,0.8361845445194311,0.9749875037850201,0.0177811091718296,"{""class_weight"": ""balanced"", ""max_depth"": 3, ""max_features"": ""sqrt"", ""min_samples_leaf"": 4}"
3,1,124,1,0.621420864042071,0.8492798350000934,0.08145374773903973,"{""class_weight"": ""balanced"", ""max_depth"": 3, ""max_features"": ""sqrt"", ""min_samples_leaf"": 4}"
3,1,127,1,0.755036486985588,0.9538000139222303,0.030394271159125873,"{""class_weight"": ""balanced"", ""max_depth"": 3, ""max_features"": ""sqrt"", ""min_samples_leaf"": 4}"
3,1,137,0,0.3352598790475115,0.22251153193816947,0.08756594999716823,"{""class_weight"": ""balanced"", ""max_depth"": 3, ""max_features"": ""sqrt"", ""min_samples_leaf"": 4}"
3,1,140,1,0.6939064419290643,0.9352824726728484,0.02662783162953424,"{""class_weight"": ""balanced"", ""max_depth"": 3, ""max_features"": ""sqrt"", ""min_samples_leaf"": 4}"
3,1,144,1,0.6564625609170086,0.9161555497832088,0.032996923681613805,"{""class_weight"": ""balanced"", ""max_depth"": 3, ""max_features"": ""sqrt"", ""min_samples_leaf"": 4}"
3,1,150,0,0.5371709898377908,0.7410764695852446,0.04837733675600019,"{""class_weight"": ""balanced"", ""max_depth"": 3, ""max_features"": ""sqrt"", ""min_samples_leaf"": 4}"
3,1,151,0,0.5065475422357467,0.6274429474288052,0.12069742985953748,"{""class_weight"": ""balanced"", ""max_depth"": 3, ""max_features"": ""sqrt"", ""min_samples_leaf"": 4}"
3,1,154,1,0.6329734735841187,0.8921024852792128,0.03605399077035024,"{""class_weight"": ""balanced"", ""max_depth"": 3, ""max_features"": ""sqrt"", ""min_samples_leaf"": 4}"
3,1,160,1,0.715179921420572,0.9429184629479165,0.01596257618590355,"{""class_weight"": ""balanced"", ""max_depth"": 3, ""max_features"": ""sqrt"", ""min_samples_leaf"": 4}"
3,1,162,1,0.724927200580779,0.9353189821987573,0.03518829841123259,"{""class_weight"": ""balanced"", ""max_depth"": 3, ""max_features"": ""sqrt"", ""min_samples_leaf"": 4}"
3,1,163,1,0.5305314847279479,0.7120279987034264,0.05426032503425932,"{""class_weight"": ""balanced"", ""max_depth"": 3, ""max_features"": ""sqrt"", ""min_samples_leaf"": 4}"
3,1,169,0,0.31437256165401295,0.20630376270362533,0.08883558998297485,"{""class_weight"": ""balanced"", ""max_depth"": 3, ""max_features"": ""sqrt"", ""min_samples_leaf"": 4}"
3,1,173,1,0.8244248543016913,0.9802387402954598,0.011533333818844558,"{""class_weight"": ""balanced"", ""max_depth"": 3, ""max_features"": ""sqrt"", ""min_samples_leaf"": 4}"
3,1,175,0,0.6050033906114428,0.815890110958265,0.032715912495725474,"{""class_weight"": ""balanced"", ""max_depth"": 3, ""max_features"": ""sqrt"", ""min_samples_leaf"": 4}"
3,1,176,1,0.37130218603654985,0.313490624967543,0.0963624751477056,"{""class_weight"": ""balanced"", ""max_depth"": 3, ""max_features"": ""sqrt"", ""min_samples_leaf"": 4}"
3,1,177,1,0.6947592739132861,0.9372098761693779,0.03767205621371202,"{""class_weight"": ""balanced"", ""max_depth"": 3, ""max_features"": ""sqrt"", ""min_samples_leaf"": 4}"
3,1,178,1,0.6631288644647614,0.9135265664381939,0.025504719013264867,"{""class_weight"": ""balanced"", ""max_depth"": 3, ""max_features"": ""sqrt"", ""min_samples_leaf"": 4}"
3,1,183,0,0.6552105968413938,0.8842800670105285,0.03690852044799485,"{""class_weight"": ""balanced"", ""max_depth"": 3, ""max_features"": ""sqrt"", ""min_samples_leaf"": 4}"
3,1,193,0,0.4629788162996462,0.5900792696762343,0.11712079289685806,"{""class_weight"": ""balanced"", ""max_depth"": 3, ""max_features"": ""sqrt"", ""min_samples_leaf"": 4}"
3,1,195,1,0.7387196558482299,0.9495388877006798,0.02481193741334536,"{""class_weight"": ""balanced"", ""max_depth"": 3, ""max_features"": ""sqrt"", ""min_samples_leaf"": 4}"
3,1,201,0,0.42824125963014303,0.47271218860458575,0.13506968446342307,"{""class_weight"": ""balanced"", ""max_depth"": 3, ""max_features"": ""sqrt"", ""min_samples_leaf"": 4}"
3,1,203,0,0.37330796345349027,0.34088308124585065,0.11545071244326748,"{""class_weight"": ""balanced"", ""max_depth"": 3, ""max_features"": ""sqrt"", ""min_samples_leaf"": 4}"
3,1,204,0,0.5294097945037317,0.7209242534290212,0.07372175899618759,"{""class_weight"": ""balanced"", ""max_depth"": 3, ""max_features"": ""sqrt"", ""min_samples_leaf"": 4}"
3,1,211,1,0.6134047630542657,0.8659355368977704,0.05922962723574046,"{""class_weight"": ""balanced"", ""max_depth"": 3, ""max_features"": ""sqrt"", ""min_samples_leaf"": 4}"
3,1,217,0,0.44794303865199625,0.5403474943247846,0.16686131309027888,"{""class_weight"": ""balanced"", ""max_depth"": 3, ""max_features"": ""sqrt"", ""min_samples_leaf"": 4}"
3,1,222,1,0.7267944527883871,0.9587469566256901,0.024537169106895178,"{""class_weight"": ""balanced"", ""max_depth"": 3, ""max_features"": ""sqrt"", ""min_samples_leaf"": 4}"
3,1,233,0,0.38948868078155463,0.38526588045285,0.11244005555797504,"{""class_weight"": ""balanced"", ""max_depth"": 3, ""max_features"": ""sqrt"", ""min_samples_leaf"": 4}"
3,1,239,1,0.7344416061707486,0.9540966432509409,0.026148944726302834,"{""class_weight"": ""balanced"", ""max_depth"": 3, ""max_features"": ""sqrt"", ""min_samples_leaf"": 4}"
3,1,242,1,0.6396860282359963,0.8959469894486173,0.035505590499431416,"{""class_weight"": ""balanced"", ""max_depth"": 3, ""max_features"": ""sqrt"", ""min_samples_leaf"": 4}"
3,1,247,0,0.2773189480437357,0.18435489579915756,0.10379074212834365,"{""class_weight"": ""balanced"", ""max_depth"": 3, ""max_features"": ""sqrt"", ""min_samples_leaf"": 4}"
3,1,251,1,0.39549772190468746,0.3443664783843189,0.11869880435077003,"{""class_weight"": ""balanced"", ""max_depth"": 3, ""max_features"": ""sqrt"", ""min_samples_leaf"": 4}"
3,1,260,1,0.760425863298188,0.9653903296834038,0.02004137760321002,"{""class_weight"": ""balanced"", ""max_depth"": 3, ""max_features"": ""sqrt"", ""min_samples_leaf"": 4}"
3,1,265,1,0.7241678299803045,0.9544344502404869,0.0218734069156882,"{""class_weight"": ""balanced"", ""max_depth"": 3, ""max_features"": ""sqrt"", ""min_samples_leaf"": 4}"
3,1,271,1,0.7257791566072085,0.9417755010567006,0.028022903714813016,"{""class_weight"": ""balanced"", ""max_depth"": 3, ""max_features"": ""sqrt"", ""min_samples_leaf"": 4}"
3,1,283,1,0.4814327172862885,0.6238811534996788,0.11303257535026343,"{""class_weight"": ""balanced"", ""max_depth"": 3, ""max_features"": ""sqrt"", ""min_samples_leaf"": 4}"
3,1,289,0,0.3946923213697293,0.37821225371708056,0.09273443153801503,"{""class_weight"": ""balanced"", ""max_depth"": 3, ""max_features"": ""sqrt"", ""min_samples_leaf"": 4}"
3,1,292,0,0.5617469476886945,0.7727380533839093,0.09796612382834854,"{""class_weight"": ""balanced"", ""max_depth"": 3, ""max_features"": ""sqrt"", ""min_samples_leaf"": 4}"
3,1,298,1,0.6301706176976435,0.8902023021800973,0.04426963379301657,"{""class_weight"": ""balanced"", ""max_depth"": 3, ""max_features"": ""sqrt"", ""min_samples_leaf"": 4}"
3,1,299,0,0.27330445384620217,0.16175018026482493,0.06755976467273132,"{""class_weight"": ""balanced"", ""max_depth"": 3, ""max_features"": ""sqrt"", ""min_samples_leaf"": 4}"
3,2,10,1,0.6827985057000407,0.8999576532544202,0.030349420385949084,"{""class_weight"": ""balanced"", ""max_depth"": 4, ""max_features"": ""sqrt"", ""min_samples_leaf"": 5}"
3,2,11,1,0.8596118317634288,0.983756448933206,0.011873033131578585,"{""class_weight"": ""balanced"", ""max_depth"": 4, ""max_features"": ""sqrt"", ""min_samples_leaf"": 5}"
3,2,14,1,0.4821092655316925,0.6122913435625722,0.09778774622289094,"{""class_weight"": ""balanced"", ""max_depth"": 4, ""max_features"": ""sqrt"", ""min_samples_leaf"": 5}"
3,2,25,1,0.8130236260792147,0.9719573210688515,0.01864051447075812,"{""class_weight"": ""balanced"", ""max_depth"": 4, ""max_features"": ""sqrt"", ""min_samples_leaf"": 5}"
3,2,30,1,0.69665246110759,0.9351363513190737,0.025061665565857257,"{""class_weight"": ""balanced"", ""max_depth"": 4, ""max_features"": ""sqrt"", ""min_samples_leaf"": 5}"
3,2,32,1,0.7131129003894447,0.9475146206305365,0.020770639432870105,"{""class_weight"": ""balanced"", ""max_depth"": 4, ""max_features"": ""sqrt"", ""min_samples_leaf"": 5}"
3,2,37,1,0.5145258303147543,0.7100543872104341,0.06056913241454112,"{""class_weight"": ""balanced"", ""max_depth"": 4, ""max_features"": ""sqrt"", ""min_samples_leaf"": 5}"
3,2,39,1,0.8627895018144361,0.9808684069223647,0.012079012401324946,"{""class_weight"": ""balanced"", ""max_depth"": 4, ""max_features"": ""sqrt"", ""min_samples_leaf"": 5}"
3,2,51,1,0.7200553060830329,0.9458830528800334,0.0180375442131998,"{""class_weight"": ""balanced"", ""max_depth"": 4, ""max_features"": ""sqrt"", ""min_samples_leaf"": 5}"
3,2,63,1,0.7100670877021051,0.925500630678466,0.025146536130765767,"{""class_weight"": ""balanced"", ""max_depth"": 4, ""max_features"": ""sqrt"", ""min_samples_leaf"": 5}"
3,2,70,0,0.28948937285022214,0.19397517125478053,0.06652923300064395,"{""class_weight"": ""balanced"", ""max_depth"": 4, ""max_features"": ""sqrt"", ""min_samples_leaf"": 5}"
3,2,71,1,0.7359254441769814,0.9452170806596122,0.01658825219766695,"{""class_weight"": ""balanced"", ""max_depth"": 4, ""max_features"": ""sqrt"", ""min_samples_leaf"": 5}"
3,2,78,1,0.6938288619554269,0.9183061571710924,0.04087505358556747,"{""class_weight"": ""balanced"", ""max_depth"": 4, ""max_features"": ""sqrt"", ""min_samples_leaf"": 5}"
3,2,85,1,0.5606395083859761,0.7888094711186578,0.0640420524696822,"{""class_weight"": ""balanced"", ""max_depth"": 4, ""max_features"": ""sqrt"", ""min_samples_leaf"": 5}"
3,2,86,1,0.7575494990866564,0.9530915362914462,0.02582819721622063,"{""class_weight"": ""balanced"", ""max_depth"": 4, ""max_features"": ""sqrt"", ""min_samples_leaf"": 5}"
3,2,87,1,0.7697325556752684,0.9631804334242766,0.015400172473786068,"{""class_weight"": ""balanced"", ""max_depth"": 4, ""max_features"": ""sqrt"", ""min_samples_leaf"": 5}"
3,2,91,0,0.3630168014526048,0.31904951348472943,0.09634005991934964,"{""class_weight"": ""balanced"", ""max_depth"": 4, ""max_features"": ""sqrt"", ""min_samples_leaf"": 5}"
3,2,96,1,0.6724531143031982,0.8934307940723395,0.03382702000769869,"{""class_weight"": ""balanced"", ""max_depth"": 4, ""max_features"": ""sqrt"", ""min_samples_leaf"": 5}"
3,2,97,1,0.673352129714713,0.9023252220487116,0.04552202907372388,"{""class_weight"": ""balanced"", ""max_depth"": 4, ""max_features"": ""sqrt"", ""min_samples_leaf"": 5}"
3,2,99,1,0.5782451647665469,0.7717883384685219,0.07601380294065256,"{""class_weight"": ""balanced"", ""max_depth"": 4, ""max_features"": ""sqrt"", ""min_samples_leaf"": 5}"
3,2,111,1,0.7645262925502311,0.9561571573570987,0.02919775205768142,"{""class_weight"": ""balanced"", ""max_depth"": 4, ""max_features"": ""sqrt"", ""min_samples_leaf"": 5}"
3,2,114,1,0.9023905402266549,0.9862440800656767,0.009821147447458628,"{""class_weight"": ""balanced"", ""max_depth"": 4, ""max_features"": ""sqrt"", ""min_samples_leaf"": 5}"
3,2,115,1,0.7284434813130097,0.9350725924041647,0.030937572928287194,"{""class_weight"": ""balanced"", ""max_depth"": 4, ""max_features"": ""sqrt"", ""min_samples_leaf"": 5}"
3,2,117,1,0.811028651662371,0.9724580354977272,0.012921670924561856,"{""class_weight"": ""balanced"", ""max_depth"": 4, ""max_features"": ""sqrt"", ""min_samples_leaf"": 5}"
3,2,119,1,0.6259269758651668,0.8354738695708621,0.062047508022074004,"{""class_weight"": ""balanced"", ""max_depth"": 4, ""max_features"": ""sqrt"", ""min_samples_leaf"": 5}"
3,2,128,1,0.5901658077632264,0.7946604744227717,0.044569081022666615,"{""class_weight"": ""balanced"", ""max_depth"": 4, ""max_features"": ""sqrt"", ""min_samples_leaf"": 5}"
3,2,130,0,0.3964921686530676,0.409072993781378,0.08612637414139608,"{""class_weight"": ""balanced"", ""max_depth"": 4, ""max_features"": ""sqrt"", ""min_samples_leaf"": 5}"
3,2,132,1,0.8192795161281972,0.9748204596588597,0.014249566723140523,"{""class_weight"": ""balanced"", ""max_depth"": 4, ""max_features"": ""sqrt"", ""min_samples_leaf"": 5}"
3,2,136,0,0.33169751683233417,0.33940594619386527,0.12109935036680736,"{""class_weight"": ""balanced"", ""max_depth"": 4, ""max_features"": ""sqrt"", ""min_samples_leaf"": 5}"
3,2,138,1,0.7407361931600622,0.9492925428203141,0.020672192704389955,"{""class_weight"": ""balanced"", ""max_depth"": 4, ""max_features"": ""sqrt"", ""min_samples_leaf"": 5}"
3,2,141,1,0.8319314496676598,0.9791990910418914,0.012112737686092521,"{""class_weight"": ""balanced"", ""max_depth"": 4, ""max_features"": ""sqrt"", ""min_samples_leaf"": 5}"
3,2,142,1,0.3838055109337348,0.37164676631216553,0.08642257506132366,"{""class_weight"": ""balanced"", ""max_depth"": 4, ""max_features"": ""sqrt"", ""min_samples_leaf"": 5}"
3,2,152,1,0.6042589477819614,0.808806124929393,0.05862882628869277,"{""class_weight"": ""balanced"", ""max_depth"": 4, ""max_features"": ""sqrt"", ""min_samples_leaf"": 5}"
3,2,158,1,0.4112031569145206,0.4679250369341174,0.10417913927314447,"{""class_weight"": ""balanced"", ""max_depth"": 4, ""max_features"": ""sqrt"", ""min_samples_leaf"": 5}"
3,2,159,1,0.8413638976805193,0.9841624422582342,0.013010090913321405,"{""class_weight"": ""balanced"", ""max_depth"": 4, ""max_features"": ""sqrt"", ""min_samples_leaf"": 5}"
3,2,166,0,0.38654168454659144,0.32664485128364895,0.0972183417096064,"{""class_weight"": ""balanced"", ""max_depth"": 4, ""max_features"": ""sqrt"", ""min_samples_leaf"": 5}"
3,2,174,1,0.9382551873788872,0.9925985689893014,0.0063697663932384034,"{""class_weight"": ""balanced"", ""max_depth"": 4, ""max_features"": ""sqrt"", ""min_samples_leaf"": 5}"
3,2,182,1,0.4730615110464166,0.649406247510367,0.078430738698144,"{""class_weight"": ""balanced"", ""max_depth"": 4, ""max_features"": ""sqrt"", ""min_samples_leaf"": 5}"
3,2,185,0,0.5380608060637272,0.7959706920442351,0.07064975355443871,"{""class_weight"": ""balanced"", ""max_depth"": 4, ""max_features"": ""sqrt"", ""min_samples_leaf"": 5}"
3,2,190,0,0.6096555552102305,0.8129427011479695,0.041495841098774515,"{""class_weight"": ""balanced"", ""max_depth"": 4, ""max_features"": ""sqrt"", ""min_samples_leaf"": 5}"
3,2,194,0,0.27793035981140496,0.1777993113594905,0.07189209383170397,"{""class_weight"": ""balanced"", ""max_depth"": 4, ""max_features"": ""sqrt"", ""min_samples_leaf"": 5}"
3,2,197,1,0.7572596770643429,0.9584643382624775,0.01911749685438028,"{""class_weight"": ""balanced"", ""max_depth"": 4, ""max_features"": ""sqrt"", ""min_samples_leaf"": 5}"
3,2,199,0,0.39911409471069415,0.40536114282901153,0.08016113180983075,"{""class_weight"": ""balanced"", ""max_depth"": 4, ""max_features"": ""sqrt"", ""min_samples_leaf"": 5}"
3,2,200,1,0.6721612848745008,0.8858279903217122,0.02773192728344568,"{""class_weight"": ""balanced"", ""max_depth"": 4, ""max_features"": ""sqrt"", ""min_samples_leaf"": 5}"
3,2,208,1,0.671920538437536,0.8735892590717551,0.035250087262671044,"{""class_weight"": ""balanced"", ""max_depth"": 4, ""max_features"": ""sqrt"", ""min_samples_leaf"": 5}"
3,2,213,0,0.6755793225007417,0.9275511162680807,0.022246795268260077,"{""class_weight"": ""balanced"", ""max_depth"": 4, ""max_features"": ""sqrt"", ""min_samples_leaf"": 5}"
3,2,236,1,0.6207728907720321,0.8688540045499116,0.025221970885044884,"{""class_weight"": ""balanced"", ""max_depth"": 4, ""max_features"": ""sqrt"", ""min_samples_leaf"": 5}"
3,2,237,1,0.5422760873415741,0.6624132922972937,0.08641435363598306,"{""class_weight"": ""balanced"", ""max_depth"": 4, ""max_features"": ""sqrt"", ""min_samples_leaf"": 5}"
3,2,253,1,0.5871435871665713,0.8120007712667704,0.03784690590690603,"{""class_weight"": ""balanced"", ""max_depth"": 4, ""max_features"": ""sqrt"", ""min_samples_leaf"": 5}"
3,2,256,0,0.2544562783964444,0.19327361847061852,0.08642089017228599,"{""class_weight"": ""balanced"", ""max_depth"": 4, ""max_features"": ""sqrt"", ""min_samples_leaf"": 5}"
3,2,261,0,0.15540139842102757,0.06209625459918687,0.049333768619328415,"{""class_weight"": ""balanced"", ""max_depth"": 4, ""max_features"": ""sqrt"", ""min_samples_leaf"": 5}"
3,2,263,0,0.2137875775076046,0.09238731561107687,0.0543258369071942,"{""class_weight"": ""balanced"", ""max_depth"": 4, ""max_features"": ""sqrt"", ""min_samples_leaf"": 5}"
3,2,266,1,0.6945855237094294,0.9027931314815694,0.03176093965698066,"{""class_weight"": ""balanced"", ""max_depth"": 4, ""max_features"": ""sqrt"", ""min_samples_leaf"": 5}"
3,2,269,1,0.7923397205238846,0.9702645144163948,0.02018581913186575,"{""class_weight"": ""balanced"", ""max_depth"": 4, ""max_features"": ""sqrt"", ""min_samples_leaf"": 5}"
3,2,279,1,0.681720396162224,0.8952322310480177,0.03690698486508494,"{""class_weight"": ""balanced"", ""max_depth"": 4, ""max_features"": ""sqrt"", ""min_samples_leaf"": 5}"
3,2,282,1,0.6507694122846185,0.8858874078628451,0.03391856957564501,"{""class_weight"": ""balanced"", ""max_depth"": 4, ""max_features"": ""sqrt"", ""min_samples_leaf"": 5}"
3,2,287,0,0.46319213188880204,0.6036449564280296,0.08408539951035596,"{""class_weight"": ""balanced"", ""max_depth"": 4, ""max_features"": ""sqrt"", ""min_samples_leaf"": 5}"
3,2,290,0,0.1984319298906629,0.10017119602850717,0.05883549567037628,"{""class_weight"": ""balanced"", ""max_depth"": 4, ""max_features"": ""sqrt"", ""min_samples_leaf"": 5}"
3,2,295,0,0.514677909405387,0.7145697947681697,0.11061813345106242,"{""class_weight"": ""balanced"", ""max_depth"": 4, ""max_features"": ""sqrt"", ""min_samples_leaf"": 5}"
3,2,296,0,0.2705853797366007,0.19659740965345956,0.08808029607063086,"{""class_weight"": ""balanced"", ""max_depth"": 4, ""max_features"": ""sqrt"", ""min_samples_leaf"": 5}"
3,2,300,0,0.2711391567966877,0.1437246054270675,0.09451596005237652,"{""class_weight"": ""balanced"", ""max_depth"": 4, ""max_features"": ""sqrt"", ""min_samples_leaf"": 5}"
3,3,0,1,0.6268733414848159,0.5053539114893842,0.09160237976285908,"{""class_weight"": null, ""max_depth"": 3, ""max_features"": ""sqrt"", ""min_samples_leaf"": 7}"
3,3,1,1,0.9020568516836734,0.9749069195434525,0.013031670925253489,"{""class_weight"": null, ""max_depth"": 3, ""max_features"": ""sqrt"", ""min_samples_leaf"": 7}"
3,3,2,1,0.8042945042339975,0.9018036331916253,0.048937811618659954,"{""class_weight"": null, ""max_depth"": 3, ""max_features"": ""sqrt"", ""min_samples_leaf"": 7}"
3,3,8,0,0.48670087895366476,0.14025526713050412,0.12062693734990691,"{""class_weight"": null, ""max_depth"": 3, ""max_features"": ""sqrt"", ""min_samples_leaf"": 7}"
3,3,9,1,0.8639433838943256,0.946564239816389,0.02059393523399727,"{""class_weight"": null, ""max_depth"": 3, ""max_features"": ""sqrt"", ""min_samples_leaf"": 7}"
3,3,12,1,0.8233152629030714,0.9236786671767613,0.02544235030839742,"{""class_weight"": null, ""max_depth"": 3, ""max_features"": ""sqrt"", ""min_samples_leaf"": 7}"
3,3,16,0,0.5688411686240016,0.36132983245933753,0.13681525846716344,"{""class_weight"": null, ""max_depth"": 3, ""max_features"": ""sqrt"", ""min_samples_leaf"": 7}"
3,3,17,0,0.48928153573389477,0.2448290201347604,0.14217610693539195,"{""class_weight"": null, ""max_depth"": 3, ""max_features"": ""sqrt"", ""min_samples_leaf"": 7}"
3,3,18,1,0.8041813845017914,0.9086057642341784,0.041747087406797175,"{""class_weight"": null, ""max_depth"": 3, ""max_features"": ""sqrt"", ""min_samples_leaf"": 7}"
3,3,29,1,0.8812335667580249,0.9663465636469322,0.012934272868158602,"{""class_weight"": null, ""max_depth"": 3, ""max_features"": ""sqrt"", ""min_samples_leaf"": 7}"
3,3,33,1,0.8310493805574601,0.9374983128020606,0.022127866811168843,"{""class_weight"": null, ""max_depth"": 3, ""max_features"": ""sqrt"", ""min_samples_leaf"": 7}"
3,3,34,1,0.6995464911301129,0.6967535469523249,0.15905014574131832,"{""class_weight"": null, ""max_depth"": 3, ""max_features"": ""sqrt"", ""min_samples_leaf"": 7}"
3,3,35,0,0.42442272654726204,0.14731968437368903,0.0992183401006461,"{""class_weight"": null, ""max_depth"": 3, ""max_features"": ""sqrt"", ""min_samples_leaf"": 7}"
3,3,36,1,0.8362983143028124,0.9441949254944856,0.02263274858667865,"{""class_weight"": null, ""max_depth"": 3, ""max_features"": ""sqrt"", ""min_samples_leaf"": 7}"
3,3,38,1,0.7520997327040719,0.7832389450846771,0.12993346168755762,"{""class_weight"": null, ""max_depth"": 3, ""max_features"": ""sqrt"", ""min_samples_leaf"": 7}"
3,3,40,1,0.797549142503113,0.8897026158584282,0.03974477997395897,"{""class_weight"": null, ""max_depth"": 3, ""max_features"": ""sqrt"", ""min_samples_leaf"": 7}"
3,3,41,0,0.47135213595529457,0.1638647995782394,0.09911626721817139,"{""class_weight"": null, ""max_depth"": 3, ""max_features"": ""sqrt"", ""min_samples_leaf"": 7}"
3,3,52,1,0.8876096343019335,0.9674430579135713,0.017084973236473146,"{""class_weight"": null, ""max_depth"": 3, ""max_features"": ""sqrt"", ""min_samples_leaf"": 7}"
3,3,54,0,0.5522870501402151,0.339075318416408,0.14131951691716776,"{""class_weight"": null, ""max_depth"": 3, ""max_features"": ""sqrt"", ""min_samples_leaf"": 7}"
3,3,56,1,0.8653457335831775,0.9539522823596915,0.016804271152576447,"{""class_weight"": null, ""max_depth"": 3, ""max_features"": ""sqrt"", ""min_samples_leaf"": 7}"
3,3,58,1,0.4777105293648748,0.20050432986750413,0.14531457663228986,"{""class_weight"": null, ""max_depth"": 3, ""max_features"": ""sqrt"", ""min_samples_leaf"": 7}"
3,3,61,1,0.6660369186640155,0.5944970879702047,0.1518208931889274,"{""class_weight"": null, ""max_depth"": 3, ""max_features"": ""sqrt"", ""min_samples_leaf"": 7}"
3,3,65,1,0.791354586207025,0.9080294012948554,0.021629080357500365,"{""class_weight"": null, ""max_depth"": 3, ""max_features"": ""sqrt"", ""min_samples_leaf"": 7}"
3,3,69,1,0.7845755042753991,0.9064372221755971,0.024641126200038537,"{""class_weight"": null, ""max_depth"": 3, ""max_features"": ""sqrt"", ""min_samples_leaf"": 7}"
3,3,80,1,0.878004845390142,0.9583889372155167,0.021734167655711713,"{""class_weight"": null, ""max_depth"": 3, ""max_features"": ""sqrt"", ""min_samples_leaf"": 7}"
3,3,94,1,0.8443606120543332,0.9351223048298026,0.026960988504030184,"{""class_weight"": null, ""max_depth"": 3, ""max_features"": ""sqrt"", ""min_samples_leaf"": 7}"
3,3,101,1,0.83400070109837,0.9540115629240005,0.015294346851114174,"{""class_weight"": null, ""max_depth"": 3, ""max_features"": ""sqrt"", ""min_samples_leaf"": 7}"
3,3,105,1,0.7258799638149902,0.7956570569901121,0.1052251152842228,"{""class_weight"": null, ""max_depth"": 3, ""max_features"": ""sqrt"", ""min_samples_leaf"": 7}"
3,3,123,1,0.6087087229283454,0.5717023298383762,0.11730248592563913,"{""class_weight"": null, ""max_depth"": 3, ""max_features"": ""sqrt"", ""min_samples_leaf"": 7}"
3,3,125,1,0.7568265101788941,0.7720959780215534,0.08220345967638207,"{""class_weight"": null, ""max_depth"": 3, ""max_features"": ""sqrt"", ""min_samples_leaf"": 7}"
3,3,126,1,0.7952475014975301,0.9238282954184648,0.0308593467746529,"{""class_weight"": null, ""max_depth"": 3, ""max_features"": ""sqrt"", ""min_samples_leaf"": 7}"
3,3,135,1,0.7151796688701098,0.8093733673667899,0.05037662009998484,"{""class_weight"": null, ""max_depth"": 3, ""max_features"": ""sqrt"", ""min_samples_leaf"": 7}"
3,3,143,0,0.3125517684390241,0.03904465308543463,0.045202790885977104,"{""class_weight"": null, ""max_depth"": 3, ""max_features"": ""sqrt"", ""min_samples_leaf"": 7}"
3,3,146,1,0.9398184405453882,0.9804305119690715,0.013140982391233364,"{""class_weight"": null, ""max_depth"": 3, ""max_features"": ""sqrt"", ""min_samples_leaf"": 7}"
3,3,148,1,0.7513408650397675,0.8384455900237648,0.037269519761029324,"{""class_weight"": null, ""max_depth"": 3, ""max_features"": ""sqrt"", ""min_samples_leaf"": 7}"
3,3,153,0,0.648132174021758,0.6111094785184281,0.06695560485361836,"{""class_weight"": null, ""max_depth"": 3, ""max_features"": ""sqrt"", ""min_samples_leaf"": 7}"
3,3,167,1,0.7523374595958783,0.8337764700669925,0.04445568240870111,"{""class_weight"": null, ""max_depth"": 3, ""max_features"": ""sqrt"", ""min_samples_leaf"": 7}"
3,3,168,0,0.43826729428582534,0.14203687527113756,0.10718699577102068,"{""class_weight"": null, ""max_depth"": 3, ""max_features"": ""sqrt"", ""min_samples_leaf"": 7}"
3,3,180,1,0.5489557882280132,0.3995951006093515,0.1433735921223297,"{""class_weight"": null, ""max_depth"": 3, ""max_features"": ""sqrt"", ""min_samples_leaf"": 7}"
3,3,184,1,0.7706412421400055,0.8446921342329368,0.08048252760154848,"{""class_weight"": null, ""max_depth"": 3, ""max_features"": ""sqrt"", ""min_samples_leaf"": 7}"
3,3,192,0,0.3722339767812322,0.07930779812409361,0.07643380198442037,"{""class_weight"": null, ""max_depth"": 3, ""max_features"": ""sqrt"", ""min_samples_leaf"": 7}"
3,3,198,1,0.8181683530078366,0.9509855229741617,0.019686427497430194,"{""class_weight"": null, ""max_depth"": 3, ""max_features"": ""sqrt"", ""min_samples_leaf"": 7}"
3,3,207,1,0.7780973909974699,0.8765496151853747,0.026953254618352088,"{""class_weight"": null, ""max_depth"": 3, ""max_features"": ""sqrt"", ""min_samples_leaf"": 7}"
3,3,215,1,0.8857926758243289,0.9712887334607684,0.012170668831156884,"{""class_weight"": null, ""max_depth"": 3, ""max_features"": ""sqrt"", ""min_samples_leaf"": 7}"
3,3,216,0,0.5858981128370615,0.49684211844331294,0.12176260840617936,"{""class_weight"": null, ""max_depth"": 3, ""max_features"": ""sqrt"", ""min_samples_leaf"": 7}"
3,3,218,0,0.5245799637442945,0.34620028877932907,0.14221561867864155,"{""class_weight"": null, ""max_depth"": 3, ""max_features"": ""sqrt"", ""min_samples_leaf"": 7}"
3,3,224,1,0.8795051194223564,0.9671982518684953,0.014627785534958467,"{""class_weight"": null, ""max_depth"": 3, ""max_features"": ""sqrt"", ""min_samples_leaf"": 7}"
3,3,226,1,0.8253569960142334,0.9498757364316324,0.01711862606069383,"{""class_weight"": null, ""max_depth"": 3, ""max_features"": ""sqrt"", ""min_samples_leaf"": 7}"
3,3,228,1,0.736489371030285,0.7982744218134996,0.05927412053538955,"{""class_weight"": null, ""max_depth"": 3, ""max_features"": ""sqrt"", ""min_samples_leaf"": 7}"
3,3,230,1,0.9063108381623874,0.9771618459529163,0.01239028780178315,"{""class_weight"": null, ""max_depth"": 3, ""max_features"": ""sqrt"", ""min_samples_leaf"": 7}"
3,3,238,1,0.5006769053106522,0.20204993366182947,0.1290685214716111,"{""class_weight"": null, ""max_depth"": 3, ""max_features"": ""sqrt"", ""min_samples_leaf"": 7}"
3,3,249,1,0.8060088017142769,0.9197826616121538,0.03497105017780375,"{""class_weight"": null, ""max_depth"": 3, ""max_features"": ""sqrt"", ""min_samples_leaf"": 7}"
3,3,250,1,0.8433999263566864,0.9602616468652391,0.015917669030539112,"{""class_weight"": null, ""max_depth"": 3, ""max_features"": ""sqrt"", ""min_samples_leaf"": 7}"
3,3,252,1,0.7639814246554388,0.8347529574407012,0.06515654028906061,"{""class_weight"": null, ""max_depth"": 3, ""max_features"": ""sqrt"", ""min_samples_leaf"": 7}"
3,3,254,0,0.7076806585130603,0.7298281116541057,0.10391993705364165,"{""class_weight"": null, ""max_depth"": 3, ""max_features"": ""sqrt"", ""min_samples_leaf"": 7}"
3,3,272,0,0.7202810012425728,0.760167343061364,0.06690519292921354,"{""class_weight"": null, ""max_depth"": 3, ""max_features"": ""sqrt"", ""min_samples_leaf"": 7}"
3,3,275,1,0.8551917767263334,0.9627032827930424,0.01594291157140382,"{""class_weight"": null, ""max_depth"": 3, ""max_features"": ""sqrt"", ""min_samples_leaf"": 7}"
3,3,280,0,0.5025053317617438,0.26293887997577536,0.12356423301189357,"{""class_weight"": null, ""max_depth"": 3, ""max_features"": ""sqrt"", ""min_samples_leaf"": 7}"
3,3,285,0,0.4540890431548869,0.15572442786275936,0.09535475504785149,"{""class_weight"": null, ""max_depth"": 3, ""max_features"": ""sqrt"", ""min_samples_leaf"": 7}"
3,3,286,0,0.5984771290811696,0.3873189030838989,0.13894955349241295,"{""class_weight"": null, ""max_depth"": 3, ""max_features"": ""sqrt"", ""min_samples_leaf"": 7}"
3,4,4,0,0.4086625170378655,0.4534464579074141,0.07898086401660366,"{""class_weight"": ""balanced"", ""max_depth"": null, ""max_features"": ""sqrt"", ""min_samples_leaf"": 10}"
3,4,6,1,0.7262150912204157,0.9318111922147658,0.012484778577041923,"{""class_weight"": ""balanced"", ""max_depth"": null, ""max_features"": ""sqrt"", ""min_samples_leaf"": 10}"
3,4,15,1,0.7619116535446333,0.9490756757788645,0.017760768029822627,"{""class_weight"": ""balanced"", ""max_depth"": null, ""max_features"": ""sqrt"", ""min_samples_leaf"": 10}"
3,4,20,1,0.21008022420507066,0.12416002310538983,0.04636353495727067,"{""class_weight"": ""balanced"", ""max_depth"": null, ""max_features"": ""sqrt"", ""min_samples_leaf"": 10}"
3,4,23,1,0.8560091842675828,0.9818454610665605,0.009263806553144637,"{""class_weight"": ""balanced"", ""max_depth"": null, ""max_features"": ""sqrt"", ""min_samples_leaf"": 10}"
3,4,43,1,0.5266322934207578,0.6592590298112985,0.053159648022928364,"{""class_weight"": ""balanced"", ""max_depth"": null, ""max_features"": ""sqrt"", ""min_samples_leaf"": 10}"
3,4,57,1,0.8377528327187345,0.9746124265750099,0.010395624398204337,"{""class_weight"": ""balanced"", ""max_depth"": null, ""max_features"": ""sqrt"", ""min_samples_leaf"": 10}"
3,4,60,0,0.32518838002960543,0.27008085634229545,0.10827984682193653,"{""class_weight"": ""balanced"", ""max_depth"": null, ""max_features"": ""sqrt"", ""min_samples_leaf"": 10}"
3,4,67,0,0.6454147638829395,0.8671441165159504,0.028459476338716625,"{""class_weight"": ""balanced"", ""max_depth"": null, ""max_features"": ""sqrt"", ""min_samples_leaf"": 10}"
3,4,73,1,0.6627169858704958,0.8871208728560924,0.01966854984221742,"{""class_weight"": ""balanced"", ""max_depth"": null, ""max_features"": ""sqrt"", ""min_samples_leaf"": 10}"
3,4,75,1,0.5606157387675654,0.7619182321923244,0.06356165675302947,"{""class_weight"": ""balanced"", ""max_depth"": null, ""max_features"": ""sqrt"", ""min_samples_leaf"": 10}"
3,4,81,1,0.7998685175607305,0.9710129356612777,0.01282097301359467,"{""class_weight"": ""balanced"", ""max_depth"": null, ""max_features"": ""sqrt"", ""min_samples_leaf"": 10}"
3,4,83,1,0.6104604740453055,0.7931237274049897,0.026525530874138545,"{""class_weight"": ""balanced"", ""max_depth"": null, ""max_features"": ""sqrt"", ""min_samples_leaf"": 10}"
3,4,88,1,0.7992199605801388,0.9645570431080562,0.017748355076018817,"{""class_weight"": ""balanced"", ""max_depth"": null, ""max_features"": ""sqrt"", ""min_samples_leaf"": 10}"
3,4,92,1,0.7615453608950972,0.958281010836003,0.017598040408449346,"{""class_weight"": ""balanced"", ""max_depth"": null, ""max_features"": ""sqrt"", ""min_samples_leaf"": 10}"
3,4,95,1,0.7741117808292051,0.9576601541088076,0.01904097279946636,"{""class_weight"": ""balanced"", ""max_depth"": null, ""max_features"": ""sqrt"", ""min_samples_leaf"": 10}"
3,4,100,1,0.6890921176674001,0.9140715757103344,0.04632637901369457,"{""class_weight"": ""balanced"", ""max_depth"": null, ""max_features"": ""sqrt"", ""min_samples_leaf"": 10}"
3,4,102,0,0.1986936354835341,0.09382173891144627,0.03892211633781058,"{""class_weight"": ""balanced"", ""max_depth"": null, ""max_features"": ""sqrt"", ""min_samples_leaf"": 10}"
3,4,107,1,0.4685570482880077,0.6214580818704458,0.08104346364574586,"{""class_weight"": ""balanced"", ""max_depth"": null, ""max_features"": ""sqrt"", ""min_samples_leaf"": 10}"
3,4,113,0,0.1946939931022703,0.09402584698086111,0.04612581289616402,"{""class_weight"": ""balanced"", ""max_depth"": null, ""max_features"": ""sqrt"", ""min_samples_leaf"": 10}"
3,4,120,1,0.5820305866855092,0.7993584695601668,0.06570909346162127,"{""class_weight"": ""balanced"", ""max_depth"": null, ""max_features"": ""sqrt"", ""min_samples_leaf"": 10}"
3,4,121,1,0.5111112610385988,0.6530804210592789,0.06709118260924328,"{""class_weight"": ""balanced"", ""max_depth"": null, ""max_features"": ""sqrt"", ""min_samples_leaf"": 10}"
3,4,122,1,0.6226978643251454,0.8262438058763628,0.06752824310337141,"{""class_weight"": ""balanced"", ""max_depth"": null, ""max_features"": ""sqrt"", ""min_samples_leaf"": 10}"
3,4,133,0,0.5568988994972932,0.7273097508608019,0.10155348102588942,"{""class_weight"": ""balanced"", ""max_depth"": null, ""max_features"": ""sqrt"", ""min_samples_leaf"": 10}"
3,4,147,1,0.6999494164532564,0.913811964264035,0.037601003896274396,"{""class_weight"": ""balanced"", ""max_depth"": null, ""max_features"": ""sqrt"", ""min_samples_leaf"": 10}"
3,4,156,1,0.5508029444269568,0.7906593461023682,0.057773521303395234,"{""class_weight"": ""balanced"", ""max_depth"": null, ""max_features"": ""sqrt"", ""min_samples_leaf"": 10}"
3,4,157,1,0.5432714022526686,0.785678006993356,0.026674502047121806,"{""class_weight"": ""balanced"", ""max_depth"": null, ""max_features"": ""sqrt"", ""min_samples_leaf"": 10}"
3,4,161,1,0.8538334641747738,0.9763510379826229,0.013849028253894871,"{""class_weight"": ""balanced"", ""max_depth"": null, ""max_features"": ""sqrt"", ""min_samples_leaf"": 10}"
3,4,164,1,0.8438418285756695,0.9787159802422343,0.012986786405256016,"{""class_weight"": ""balanced"", ""max_depth"": null, ""max_features"": ""sqrt"", ""min_samples_leaf"": 10}"
3,4,165,1,0.5141356916395416,0.688142775868363,0.08152411161826889,"{""class_weight"": ""balanced"", ""max_depth"": null, ""max_features"": ""sqrt"", ""min_samples_leaf"": 10}"
3,4,170,0,0.3080740904016536,0.195312338624611,0.05121812520551995,"{""class_weight"": ""balanced"", ""max_depth"": null, ""max_features"": ""sqrt"", ""min_samples_leaf"": 10}"
3,4,179,0,0.2795451215280265,0.19890268020503893,0.0695077678255208,"{""class_weight"": ""balanced"", ""max_depth"": null, ""max_features"": ""sqrt"", ""min_samples_leaf"": 10}"
3,4,189,1,0.7240728627004483,0.9293358690764023,0.02524577701116809,"{""class_weight"": ""balanced"", ""max_depth"": null, ""max_features"": ""sqrt"", ""min_samples_leaf"": 10}"
3,4,206,1,0.7580797864395662,0.9544943919814516,0.022691888332048195,"{""class_weight"": ""balanced"", ""max_depth"": null, ""max_features"": ""sqrt"", ""min_samples_leaf"": 10}"
3,4,214,0,0.6848526158232086,0.9218577784035699,0.014833153848595374,"{""class_weight"": ""balanced"", ""max_depth"": null, ""max_features"": ""sqrt"", ""min_samples_leaf"": 10}"
3,4,219,1,0.25982123332249246,0.14137142527663854,0.05496729788748008,"{""class_weight"": ""balanced"", ""max_depth"": null, ""max_features"": ""sqrt"", ""min_samples_leaf"": 10}"
3,4,223,1,0.43241578750976584,0.5139698489545286,0.03606841182190737,"{""class_weight"": ""balanced"", ""max_depth"": null, ""max_features"": ""sqrt"", ""min_samples_leaf"": 10}"
3,4,225,1,0.6459146547583953,0.8876279426411552,0.02149296684353151,"{""class_weight"": ""balanced"", ""max_depth"": null, ""max_features"": ""sqrt"", ""min_samples_leaf"": 10}"
3,4,229,1,0.7353239019807423,0.9314790125605015,0.011059400179624835,"{""class_weight"": ""balanced"", ""max_depth"": null, ""max_features"": ""sqrt"", ""min_samples_leaf"": 10}"
3,4,231,1,0.8896555742661794,0.984464215790538,0.008668490565572494,"{""class_weight"": ""balanced"", ""max_depth"": null, ""max_features"": ""sqrt"", ""min_samples_leaf"": 10}"
3,4,232,1,0.7620954775484833,0.9555449028592047,0.021281834812958113,"{""class_weight"": ""balanced"", ""max_depth"": null, ""max_features"": ""sqrt"", ""min_samples_leaf"": 10}"
3,4,234,0,0.2706377677689746,0.2023059629200497,0.08451110560990457,"{""class_weight"": ""balanced"", ""max_depth"": null, ""max_features"": ""sqrt"", ""min_samples_leaf"": 10}"
3,4,235,1,0.7540456038997082,0.9563512964446895,0.01716382364449415,"{""class_weight"": ""balanced"", ""max_depth"": null, ""max_features"": ""sqrt"", ""min_samples_leaf"": 10}"
3,4,240,1,0.8715618516530358,0.981093204601606,0.008669770064268969,"{""class_weight"": ""balanced"", ""max_depth"": null, ""max_features"": ""sqrt"", ""min_samples_leaf"": 10}"
3,4,241,1,0.41657855421477813,0.47455604424750986,0.04480258082730998,"{""class_weight"": ""balanced"", ""max_depth"": null, ""max_features"": ""sqrt"", ""min_samples_leaf"": 10}"
3,4,244,1,0.3745590260779474,0.37106505047876437,0.04593222045227872,"{""class_weight"": ""balanced"", ""max_depth"": null, ""max_features"": ""sqrt"", ""min_samples_leaf"": 10}"
3,4,255,0,0.3579928926922443,0.3381156444009044,0.10571938162885243,"{""class_weight"": ""balanced"", ""max_depth"": null, ""max_features"": ""sqrt"", ""min_samples_leaf"": 10}"
3,4,258,0,0.2851649991715481,0.21146753108353972,0.07372557771467506,"{""class_weight"": ""balanced"", ""max_depth"": null, ""max_features"": ""sqrt"", ""min_samples_leaf"": 10}"
3,4,259,1,0.658479697718374,0.9014694883133025,0.025695605601486204,"{""class_weight"": ""balanced"", ""max_depth"": null, ""max_features"": ""sqrt"", ""min_samples_leaf"": 10}"
3,4,262,1,0.6498126222857883,0.8199896806650331,0.04500351621865044,"{""class_weight"": ""balanced"", ""max_depth"": null, ""max_features"": ""sqrt"", ""min_samples_leaf"": 10}"
3,4,264,0,0.3240377516205464,0.24331889893860864,0.07159309438627524,"{""class_weight"": ""balanced"", ""max_depth"": null, ""max_features"": ""sqrt"", ""min_samples_leaf"": 10}"
3,4,270,0,0.16205772602812427,0.08730894843409626,0.04114224556868498,"{""class_weight"": ""balanced"", ""max_depth"": null, ""max_features"": ""sqrt"", ""min_samples_leaf"": 10}"
3,4,273,1,0.8310069776547611,0.9772690662990623,0.013667066503731467,"{""class_weight"": ""balanced"", ""max_depth"": null, ""max_features"": ""sqrt"", ""min_samples_leaf"": 10}"
3,4,276,0,0.28631144177574913,0.22928433353616953,0.043145700295700945,"{""class_weight"": ""balanced"", ""max_depth"": null, ""max_features"": ""sqrt"", ""min_samples_leaf"": 10}"
3,4,277,1,0.8678597461481328,0.9801128906227727,0.007767405647660454,"{""class_weight"": ""balanced"", ""max_depth"": null, ""max_features"": ""sqrt"", ""min_samples_leaf"": 10}"
3,4,281,1,0.5110152767106337,0.6530145107895073,0.07081384937940201,"{""class_weight"": ""balanced"", ""max_depth"": null, ""max_features"": ""sqrt"", ""min_samples_leaf"": 10}"
3,4,284,0,0.5759279388301027,0.8404407641374618,0.05880942048044739,"{""class_weight"": ""balanced"", ""max_depth"": null, ""max_features"": ""sqrt"", ""min_samples_leaf"": 10}"
3,4,288,1,0.429654116557048,0.5041199397766674,0.05825219948618289,"{""class_weight"": ""balanced"", ""max_depth"": null, ""max_features"": ""sqrt"", ""min_samples_leaf"": 10}"
3,4,294,1,0.4186513457258503,0.5490322258162708,0.10357744098554804,"{""class_weight"": ""balanced"", ""max_depth"": null, ""max_features"": ""sqrt"", ""min_samples_leaf"": 10}"
3,4,297,0,0.3163618041584595,0.21972149627506282,0.09836179556342291,"{""class_weight"": ""balanced"", ""max_depth"": null, ""max_features"": ""sqrt"", ""min_samples_leaf"": 10}"
4,0,7,1,0.8181618838478709,0.9624216043760621,0.012407991870468751,"{""class_weight"": ""balanced"", ""max_depth"": 4, ""max_features"": ""sqrt"", ""min_samples_leaf"": 3}"
4,0,8,0,0.3165526530001755,0.26773554320280446,0.0601092245527022,"{""class_weight"": ""balanced"", ""max_depth"": 4, ""max_features"": ""sqrt"", ""min_samples_leaf"": 3}"
4,0,9,1,0.7863565881722862,0.9524356732054594,0.015460872801348197,"{""class_weight"": ""balanced"", ""max_depth"": 4, ""max_features"": ""sqrt"", ""min_samples_leaf"": 3}"
4,0,17,0,0.34472475548825404,0.3197394906036861,0.0921261099829099,"{""class_weight"": ""balanced"", ""max_depth"": 4, ""max_features"": ""sqrt"", ""min_samples_leaf"": 3}"
4,0,31,1,0.6771302555173857,0.9059201677187781,0.020320479920143804,"{""class_weight"": ""balanced"", ""max_depth"": 4, ""max_features"": ""sqrt"", ""min_samples_leaf"": 3}"
4,0,32,1,0.7767331072534356,0.9505346580205826,0.013291308629900496,"{""class_weight"": ""balanced"", ""max_depth"": 4, ""max_features"": ""sqrt"", ""min_samples_leaf"": 3}"
4,0,33,1,0.7772428225565665,0.9548975759766613,0.015794842486941647,"{""class_weight"": ""balanced"", ""max_depth"": 4, ""max_features"": ""sqrt"", ""min_samples_leaf"": 3}"
4,0,35,0,0.30998621676736415,0.23015019359068578,0.05205191117619928,"{""class_weight"": ""balanced"", ""max_depth"": 4, ""max_features"": ""sqrt"", ""min_samples_leaf"": 3}"
4,0,36,1,0.7696388973544153,0.9623321472498556,0.006457478906524834,"{""class_weight"": ""balanced"", ""max_depth"": 4, ""max_features"": ""sqrt"", ""min_samples_leaf"": 3}"
4,0,45,1,0.7248429101149002,0.9444992232748358,0.015711697513212334,"{""class_weight"": ""balanced"", ""max_depth"": 4, ""max_features"": ""sqrt"", ""min_samples_leaf"": 3}"
4,0,47,1,0.7965606320935708,0.961438596623795,0.00801028149089226,"{""class_weight"": ""balanced"", ""max_depth"": 4, ""max_features"": ""sqrt"", ""min_samples_leaf"": 3}"
4,0,57,1,0.8157493180038803,0.968808923799816,0.010326434961740098,"{""class_weight"": ""balanced"", ""max_depth"": 4, ""max_features"": ""sqrt"", ""min_samples_leaf"": 3}"
4,0,60,0,0.3110992324187473,0.23772864080650263,0.06584267324157701,"{""class_weight"": ""balanced"", ""max_depth"": 4, ""max_features"": ""sqrt"", ""min_samples_leaf"": 3}"
4,0,74,1,0.8969078822721521,0.983526008898529,0.004907154897208114,"{""class_weight"": ""balanced"", ""max_depth"": 4, ""max_features"": ""sqrt"", ""min_samples_leaf"": 3}"
4,0,77,1,0.6322889317988879,0.8391803996508159,0.01860214466888413,"{""class_weight"": ""balanced"", ""max_depth"": 4, ""max_features"": ""sqrt"", ""min_samples_leaf"": 3}"
4,0,82,1,0.6246201655541622,0.7948657406307251,0.06003430671050087,"{""class_weight"": ""balanced"", ""max_depth"": 4, ""max_features"": ""sqrt"", ""min_samples_leaf"": 3}"
4,0,88,1,0.7336777232023063,0.9486882949119927,0.013932476650371596,"{""class_weight"": ""balanced"", ""max_depth"": 4, ""max_features"": ""sqrt"", ""min_samples_leaf"": 3}"
4,0,96,1,0.7110437531553224,0.919120135043153,0.033471288123578066,"{""class_weight"": ""balanced"", ""max_depth"": 4, ""max_features"": ""sqrt"", ""min_samples_leaf"": 3}"
4,0,118,1,0.8119664111186217,0.9644240672055128,0.011201930087962175,"{""class_weight"": ""balanced"", ""max_depth"": 4, ""max_features"": ""sqrt"", ""min_samples_leaf"": 3}"
4,0,121,1,0.5375156400120769,0.7793087316316816,0.06149673304215091,"{""class_weight"": ""balanced"", ""max_depth"": 4, ""max_features"": ""sqrt"", ""min_samples_leaf"": 3}"
4,0,122,1,0.6817687633113447,0.8904131158348279,0.03910402119771915,"{""class_weight"": ""balanced"", ""max_depth"": 4, ""max_features"": ""sqrt"", ""min_samples_leaf"": 3}"
4,0,124,1,0.5861715442720407,0.815612917732004,0.05057545612620044,"{""class_weight"": ""balanced"", ""max_depth"": 4, ""max_features"": ""sqrt"", ""min_samples_leaf"": 3}"
4,0,138,1,0.7457344999086524,0.9395530247492656,0.019162926675570797,"{""class_weight"": ""balanced"", ""max_depth"": 4, ""max_features"": ""sqrt"", ""min_samples_leaf"": 3}"
4,0,139,1,0.7960127266410228,0.9577880528077373,0.01202174702363832,"{""class_weight"": ""balanced"", ""max_depth"": 4, ""max_features"": ""sqrt"", ""min_samples_leaf"": 3}"
4,0,140,1,0.7176827429193117,0.9204574357513616,0.02528890383165084,"{""class_weight"": ""balanced"", ""max_depth"": 4, ""max_features"": ""sqrt"", ""min_samples_leaf"": 3}"
4,0,141,1,0.803831616664608,0.9622385827321235,0.008761558588546142,"{""class_weight"": ""balanced"", ""max_depth"": 4, ""max_features"": ""sqrt"", ""min_samples_leaf"": 3}"
4,0,144,1,0.7111859416520417,0.902373852711748,0.028781943306615997,"{""class_weight"": ""balanced"", ""max_depth"": 4, ""max_features"": ""sqrt"", ""min_samples_leaf"": 3}"
4,0,146,1,0.9221020312903379,0.9854619584266219,0.006199114758595325,"{""class_weight"": ""balanced"", ""max_depth"": 4, ""max_features"": ""sqrt"", ""min_samples_leaf"": 3}"
4,0,153,0,0.395843929798892,0.5328714392836386,0.08642525169652339,"{""class_weight"": ""balanced"", ""max_depth"": 4, ""max_features"": ""sqrt"", ""min_samples_leaf"": 3}"
4,0,158,1,0.4561759289502815,0.5620936146977641,0.061758031154721005,"{""class_weight"": ""balanced"", ""max_depth"": 4, ""max_features"": ""sqrt"", ""min_samples_leaf"": 3}"
4,0,159,1,0.8259981025215863,0.9714015319608398,0.007885765447004763,"{""class_weight"": ""balanced"", ""max_depth"": 4, ""max_features"": ""sqrt"", ""min_samples_leaf"": 3}"
4,0,160,1,0.6979216674509656,0.9088577900940343,0.02017775185423919,"{""class_weight"": ""balanced"", ""max_depth"": 4, ""max_features"": ""sqrt"", ""min_samples_leaf"": 3}"
4,0,162,1,0.7239676084991675,0.9297640468874537,0.029765129937791342,"{""class_weight"": ""balanced"", ""max_depth"": 4, ""max_features"": ""sqrt"", ""min_samples_leaf"": 3}"
4,0,163,1,0.5122302688567669,0.689114573217889,0.1021763348412462,"{""class_weight"": ""balanced"", ""max_depth"": 4, ""max_features"": ""sqrt"", ""min_samples_leaf"": 3}"
4,0,164,1,0.8231765439814489,0.9721307639993189,0.007120431682867227,"{""class_weight"": ""balanced"", ""max_depth"": 4, ""max_features"": ""sqrt"", ""min_samples_leaf"": 3}"
4,0,165,1,0.5825555989170671,0.7987642167691855,0.06536436693741061,"{""class_weight"": ""balanced"", ""max_depth"": 4, ""max_features"": ""sqrt"", ""min_samples_leaf"": 3}"
4,0,166,0,0.3236930707993885,0.3187835522138901,0.07587261264634038,"{""class_weight"": ""balanced"", ""max_depth"": 4, ""max_features"": ""sqrt"", ""min_samples_leaf"": 3}"
4,0,175,0,0.5984496339741487,0.7944615171987752,0.053973299475483766,"{""class_weight"": ""balanced"", ""max_depth"": 4, ""max_features"": ""sqrt"", ""min_samples_leaf"": 3}"
4,0,177,1,0.7115520055051984,0.9271495057773891,0.024322835139162436,"{""class_weight"": ""balanced"", ""max_depth"": 4, ""max_features"": ""sqrt"", ""min_samples_leaf"": 3}"
4,0,187,1,0.7298133364102772,0.9354691424881121,0.014334478945901511,"{""class_weight"": ""balanced"", ""max_depth"": 4, ""max_features"": ""sqrt"", ""min_samples_leaf"": 3}"
4,0,188,1,0.459694721470294,0.49929092206728515,0.17899093623863868,"{""class_weight"": ""balanced"", ""max_depth"": 4, ""max_features"": ""sqrt"", ""min_samples_leaf"": 3}"
4,0,189,1,0.7036243313981811,0.9045405865269055,0.021051553699087084,"{""class_weight"": ""balanced"", ""max_depth"": 4, ""max_features"": ""sqrt"", ""min_samples_leaf"": 3}"
4,0,198,1,0.705677862799584,0.9191463403234394,0.016322103520341292,"{""class_weight"": ""balanced"", ""max_depth"": 4, ""max_features"": ""sqrt"", ""min_samples_leaf"": 3}"
4,0,206,1,0.7686302871622671,0.9585675122682671,0.011163332106970961,"{""class_weight"": ""balanced"", ""max_depth"": 4, ""max_features"": ""sqrt"", ""min_samples_leaf"": 3}"
4,0,208,1,0.6516761020580434,0.8831291317352852,0.011180107757686226,"{""class_weight"": ""balanced"", ""max_depth"": 4, ""max_features"": ""sqrt"", ""min_samples_leaf"": 3}"
4,0,209,1,0.7922132537551451,0.9538840352597495,0.011957065703584131,"{""class_weight"": ""balanced"", ""max_depth"": 4, ""max_features"": ""sqrt"", ""min_samples_leaf"": 3}"
4,0,212,0,0.20959186201111207,0.13127387665158907,0.04597628633723466,"{""class_weight"": ""balanced"", ""max_depth"": 4, ""max_features"": ""sqrt"", ""min_samples_leaf"": 3}"
4,0,217,0,0.4077878220302977,0.4674333072561625,0.09743310106040524,"{""class_weight"": ""balanced"", ""max_depth"": 4, ""max_features"": ""sqrt"", ""min_samples_leaf"": 3}"
4,0,226,1,0.7528105123338659,0.9351492675427648,0.012143568888318627,"{""class_weight"": ""balanced"", ""max_depth"": 4, ""max_features"": ""sqrt"", ""min_samples_leaf"": 3}"
4,0,234,0,0.2929792285356607,0.2639976831197401,0.07367310369596054,"{""class_weight"": ""balanced"", ""max_depth"": 4, ""max_features"": ""sqrt"", ""min_samples_leaf"": 3}"
4,0,239,1,0.7758279408306661,0.9515260891669461,0.014055742542980204,"{""class_weight"": ""balanced"", ""max_depth"": 4, ""max_features"": ""sqrt"", ""min_samples_leaf"": 3}"
4,0,256,0,0.27297508824897315,0.19614850150277835,0.04106971094248067,"{""class_weight"": ""balanced"", ""max_depth"": 4, ""max_features"": ""sqrt"", ""min_samples_leaf"": 3}"
4,0,261,0,0.15439188289669117,0.079404588951308,0.0247230655496043,"{""class_weight"": ""balanced"", ""max_depth"": 4, ""max_features"": ""sqrt"", ""min_samples_leaf"": 3}"
4,0,275,1,0.7936663455070508,0.9596931398746408,0.008809225141572721,"{""class_weight"": ""balanced"", ""max_depth"": 4, ""max_features"": ""sqrt"", ""min_samples_leaf"": 3}"
4,0,276,0,0.3953698466477357,0.37439778332204743,0.11172923518627167,"{""class_weight"": ""balanced"", ""max_depth"": 4, ""max_features"": ""sqrt"", ""min_samples_leaf"": 3}"
4,0,277,1,0.8491996963220152,0.9724988890220059,0.009087698135017624,"{""class_weight"": ""balanced"", ""max_depth"": 4, ""max_features"": ""sqrt"", ""min_samples_leaf"": 3}"
4,0,283,1,0.5304796781412608,0.6442650005190635,0.07583293641270647,"{""class_weight"": ""balanced"", ""max_depth"": 4, ""max_features"": ""sqrt"", ""min_samples_leaf"": 3}"
4,0,289,0,0.3553261402404047,0.38208898532692687,0.07383027405172522,"{""class_weight"": ""balanced"", ""max_depth"": 4, ""max_features"": ""sqrt"", ""min_samples_leaf"": 3}"
4,0,297,0,0.2835633605457836,0.2763784284143377,0.06826057714629172,"{""class_weight"": ""balanced"", ""max_depth"": 4, ""max_features"": ""sqrt"", ""min_samples_leaf"": 3}"
4,0,299,0,0.28605178421068905,0.21144014197768443,0.057959192099875635,"{""class_weight"": ""balanced"", ""max_depth"": 4, ""max_features"": ""sqrt"", ""min_samples_leaf"": 3}"
4,0,301,0,0.2934758024288897,0.23476906010479945,0.11055710375775243,"{""class_weight"": ""balanced"", ""max_depth"": 4, ""max_features"": ""sqrt"", ""min_samples_leaf"": 3}"
4,1,1,1,0.9432170272537916,0.9666881830917295,0.014875775651245468,"{""class_weight"": null, ""max_depth"": null, ""max_features"": ""sqrt"", ""min_samples_leaf"": 5}"
4,1,19,1,0.9282980474834193,0.9588219756570492,0.016653332833207107,"{""class_weight"": null, ""max_depth"": null, ""max_features"": ""sqrt"", ""min_samples_leaf"": 5}"
4,1,20,1,0.3034482535867987,0.0937477514711262,0.0581470931514308,"{""class_weight"": null, ""max_depth"": null, ""max_features"": ""sqrt"", ""min_samples_leaf"": 5}"
4,1,25,1,0.8956245274333506,0.949432541022099,0.02465727226626975,"{""class_weight"": null, ""max_depth"": null, ""max_features"": ""sqrt"", ""min_samples_leaf"": 5}"
4,1,26,0,0.4762060494450394,0.33397725369633846,0.07515848138216487,"{""class_weight"": null, ""max_depth"": null, ""max_features"": ""sqrt"", ""min_samples_leaf"": 5}"
4,1,29,1,0.9240926385705799,0.9608758145047046,0.017820960667491458,"{""class_weight"": null, ""max_depth"": null, ""max_features"": ""sqrt"", ""min_samples_leaf"": 5}"
4,1,30,1,0.8829045766500699,0.9360727539510585,0.026122128864973625,"{""class_weight"": null, ""max_depth"": null, ""max_features"": ""sqrt"", ""min_samples_leaf"": 5}"
4,1,34,1,0.6956994981275919,0.770615375781546,0.058529781362384674,"{""class_weight"": null, ""max_depth"": null, ""max_features"": ""sqrt"", ""min_samples_leaf"": 5}"
4,1,39,1,0.8963849286678229,0.9534298809406654,0.019905184346478973,"{""class_weight"": null, ""max_depth"": null, ""max_features"": ""sqrt"", ""min_samples_leaf"": 5}"
4,1,41,0,0.3696917806701846,0.15770509560327955,0.08114344746184725,"{""class_weight"": null, ""max_depth"": null, ""max_features"": ""sqrt"", ""min_samples_leaf"": 5}"
4,1,42,0,0.4094425289612283,0.246989196834837,0.15351981268475584,"{""class_weight"": null, ""max_depth"": null, ""max_features"": ""sqrt"", ""min_samples_leaf"": 5}"
4,1,49,1,0.621469264395735,0.6281133235301212,0.07629957833119692,"{""class_weight"": null, ""max_depth"": null, ""max_features"": ""sqrt"", ""min_samples_leaf"": 5}"
4,1,53,1,0.5863368311773351,0.5679542752926794,0.1324270199187181,"{""class_weight"": null, ""max_depth"": null, ""max_features"": ""sqrt"", ""min_samples_leaf"": 5}"
4,1,54,0,0.4075268934181249,0.24431549896616592,0.08511165404999037,"{""class_weight"": null, ""max_depth"": null, ""max_features"": ""sqrt"", ""min_samples_leaf"": 5}"
4,1,61,1,0.6123082303649985,0.6315095466830181,0.11888949558470499,"{""class_weight"": null, ""max_depth"": null, ""max_features"": ""sqrt"", ""min_samples_leaf"": 5}"
4,1,65,1,0.8505778022606022,0.9337043893295046,0.016282233281801187,"{""class_weight"": null, ""max_depth"": null, ""max_features"": ""sqrt"", ""min_samples_leaf"": 5}"
4,1,67,0,0.748827629342335,0.8203456827686825,0.03288773806079782,"{""class_weight"": null, ""max_depth"": null, ""max_features"": ""sqrt"", ""min_samples_leaf"": 5}"
4,1,71,1,0.8734052200698312,0.93876356416592,0.023741062178162468,"{""class_weight"": null, ""max_depth"": null, ""max_features"": ""sqrt"", ""min_samples_leaf"": 5}"
4,1,75,1,0.6484570660104717,0.6302632252234964,0.13854849109334427,"{""class_weight"": null, ""max_depth"": null, ""max_features"": ""sqrt"", ""min_samples_leaf"": 5}"
4,1,83,1,0.6855386482282765,0.7194715855418627,0.06092405304129102,"{""class_weight"": null, ""max_depth"": null, ""max_features"": ""sqrt"", ""min_samples_leaf"": 5}"
4,1,91,0,0.4908746245584475,0.3156830184276167,0.16301716975678024,"{""class_weight"": null, ""max_depth"": null, ""max_features"": ""sqrt"", ""min_samples_leaf"": 5}"
4,1,92,1,0.8719759661332245,0.9415613551610736,0.024015644547471137,"{""class_weight"": null, ""max_depth"": null, ""max_features"": ""sqrt"", ""min_samples_leaf"": 5}"
4,1,106,1,0.8862485868343712,0.9449758751224138,0.017315311492902722,"{""class_weight"": null, ""max_depth"": null, ""max_features"": ""sqrt"", ""min_samples_leaf"": 5}"
4,1,109,1,0.9172393787842708,0.9522356927396523,0.020415873340820456,"{""class_weight"": null, ""max_depth"": null, ""max_features"": ""sqrt"", ""min_samples_leaf"": 5}"
4,1,114,1,0.951436753061753,0.9690158631402443,0.015741448954156842,"{""class_weight"": null, ""max_depth"": null, ""max_features"": ""sqrt"", ""min_samples_leaf"": 5}"
4,1,116,1,0.8798220492814149,0.942683653510296,0.02420269040980257,"{""class_weight"": null, ""max_depth"": null, ""max_features"": ""sqrt"", ""min_samples_leaf"": 5}"
4,1,131,1,0.9547113442113446,0.9705541836820055,0.014592553454626454,"{""class_weight"": null, ""max_depth"": null, ""max_features"": ""sqrt"", ""min_samples_leaf"": 5}"
4,1,147,1,0.7721900992223574,0.8419194483078891,0.07425547389770669,"{""class_weight"": null, ""max_depth"": null, ""max_features"": ""sqrt"", ""min_samples_leaf"": 5}"
4,1,148,1,0.7261484563911033,0.8138830932397495,0.06301006236262041,"{""class_weight"": null, ""max_depth"": null, ""max_features"": ""sqrt"", ""min_samples_leaf"": 5}"
4,1,157,1,0.5646332520821686,0.5731977651282758,0.06287974752360084,"{""class_weight"": null, ""max_depth"": null, ""max_features"": ""sqrt"", ""min_samples_leaf"": 5}"
4,1,168,0,0.37313922820963047,0.1719564966580121,0.1206612677956205,"{""class_weight"": null, ""max_depth"": null, ""max_features"": ""sqrt"", ""min_samples_leaf"": 5}"
4,1,173,1,0.9343443446531677,0.9642199632641167,0.014186879183618646,"{""class_weight"": null, ""max_depth"": null, ""max_features"": ""sqrt"", ""min_samples_leaf"": 5}"
4,1,176,1,0.46751259453132177,0.2712129395599375,0.12119274788213338,"{""class_weight"": null, ""max_depth"": null, ""max_features"": ""sqrt"", ""min_samples_leaf"": 5}"
4,1,180,1,0.4994334229288544,0.30140375114789375,0.06598089670032897,"{""class_weight"": null, ""max_depth"": null, ""max_features"": ""sqrt"", ""min_samples_leaf"": 5}"
4,1,182,1,0.6964606031939622,0.7628829126763461,0.039662234267052225,"{""class_weight"": null, ""max_depth"": null, ""max_features"": ""sqrt"", ""min_samples_leaf"": 5}"
4,1,193,0,0.564881931037117,0.39996667026108773,0.13116417092273086,"{""class_weight"": null, ""max_depth"": null, ""max_features"": ""sqrt"", ""min_samples_leaf"": 5}"
4,1,201,0,0.5057883042883045,0.44099791108263586,0.14033284366179757,"{""class_weight"": null, ""max_depth"": null, ""max_features"": ""sqrt"", ""min_samples_leaf"": 5}"
4,1,202,1,0.887564546020428,0.9476817778270938,0.02772344015400581,"{""class_weight"": null, ""max_depth"": null, ""max_features"": ""sqrt"", ""min_samples_leaf"": 5}"
4,1,203,0,0.5020111702210233,0.3100592246094978,0.14797140598677289,"{""class_weight"": null, ""max_depth"": null, ""max_features"": ""sqrt"", ""min_samples_leaf"": 5}"
4,1,207,1,0.7968926707537385,0.8767329772476259,0.03513411869801066,"{""class_weight"": null, ""max_depth"": null, ""max_features"": ""sqrt"", ""min_samples_leaf"": 5}"
4,1,210,0,0.29146325250602123,0.08502217686604974,0.05364042539584855,"{""class_weight"": null, ""max_depth"": null, ""max_features"": ""sqrt"", ""min_samples_leaf"": 5}"
4,1,218,0,0.4796430440947703,0.3761990129293212,0.15706305909743587,"{""class_weight"": null, ""max_depth"": null, ""max_features"": ""sqrt"", ""min_samples_leaf"": 5}"
4,1,221,1,0.724088291184016,0.8124323439847437,0.04640963692628735,"{""class_weight"": null, ""max_depth"": null, ""max_features"": ""sqrt"", ""min_samples_leaf"": 5}"
4,1,225,1,0.7633042244419954,0.8188050740925001,0.05777610937712725,"{""class_weight"": null, ""max_depth"": null, ""max_features"": ""sqrt"", ""min_samples_leaf"": 5}"
4,1,231,1,0.9703406778406778,0.9730238146629917,0.012195057957256825,"{""class_weight"": null, ""max_depth"": null, ""max_features"": ""sqrt"", ""min_samples_leaf"": 5}"
4,1,236,1,0.6438210388539333,0.6953329016082823,0.06624847340492573,"{""class_weight"": null, ""max_depth"": null, ""max_features"": ""sqrt"", ""min_samples_leaf"": 5}"
4,1,244,1,0.5590489534425291,0.4039098729099403,0.1292129354376328,"{""class_weight"": null, ""max_depth"": null, ""max_features"": ""sqrt"", ""min_samples_leaf"": 5}"
4,1,246,1,0.9615836788483847,0.9723281953328222,0.012575940647058548,"{""class_weight"": null, ""max_depth"": null, ""max_features"": ""sqrt"", ""min_samples_leaf"": 5}"
4,1,247,0,0.3117182856553566,0.14252523519703986,0.11467527069304798,"{""class_weight"": null, ""max_depth"": null, ""max_features"": ""sqrt"", ""min_samples_leaf"": 5}"
4,1,248,1,0.9352730344274464,0.9633086797960552,0.015797664651834447,"{""class_weight"": null, ""max_depth"": null, ""max_features"": ""sqrt"", ""min_samples_leaf"": 5}"
4,1,250,1,0.918458694899871,0.9572318246510145,0.014390699503811747,"{""class_weight"": null, ""max_depth"": null, ""max_features"": ""sqrt"", ""min_samples_leaf"": 5}"
4,1,251,1,0.5023672333135922,0.33650454228789184,0.13901049744792074,"{""class_weight"": null, ""max_depth"": null, ""max_features"": ""sqrt"", ""min_samples_leaf"": 5}"
4,1,252,1,0.7721205834726559,0.8387030024811659,0.04644117017934797,"{""class_weight"": null, ""max_depth"": null, ""max_features"": ""sqrt"", ""min_samples_leaf"": 5}"
4,1,254,0,0.6408163725520619,0.6552105377511537,0.17941595059393892,"{""class_weight"": null, ""max_depth"": null, ""max_features"": ""sqrt"", ""min_samples_leaf"": 5}"
4,1,255,0,0.38477941456967063,0.20039158394334516,0.09245366593574546,"{""class_weight"": null, ""max_depth"": null, ""max_features"": ""sqrt"", ""min_samples_leaf"": 5}"
4,1,267,1,0.8567533795642754,0.931078950362885,0.030272041342692166,"{""class_weight"": null, ""max_depth"": null, ""max_features"": ""sqrt"", ""min_samples_leaf"": 5}"
4,1,281,1,0.7134210070974774,0.7874857117657651,0.062881556417998,"{""class_weight"": null, ""max_depth"": null, ""max_features"": ""sqrt"", ""min_samples_leaf"": 5}"
4,1,285,0,0.34978462391204374,0.14960889784080317,0.08378016048842858,"{""class_weight"": null, ""max_depth"": null, ""max_features"": ""sqrt"", ""min_samples_leaf"": 5}"
4,1,286,0,0.4979237908265596,0.4100342738531679,0.1257488381063367,"{""class_weight"": null, ""max_depth"": null, ""max_features"": ""sqrt"", ""min_samples_leaf"": 5}"
4,1,291,0,0.5195726074744614,0.3880215538332971,0.12899894222143737,"{""class_weight"": null, ""max_depth"": null, ""max_features"": ""sqrt"", ""min_samples_leaf"": 5}"
4,1,298,1,0.8041153193725775,0.8647936916335841,0.04946969701176292,"{""class_weight"": null, ""max_depth"": null, ""max_features"": ""sqrt"", ""min_samples_leaf"": 5}"
4,2,10,1,0.9418085760994904,0.9620668707045624,0.021134590527411682,"{""class_weight"": null, ""max_depth"": 6, ""max_features"": ""sqrt"", ""min_samples_leaf"": 2}"
4,2,14,1,0.6098624488240182,0.5651870614413468,0.13754869308829681,"{""class_weight"": null, ""max_depth"": 6, ""max_features"": ""sqrt"", ""min_samples_leaf"": 2}"
4,2,16,0,0.4944982998244203,0.3040686620772976,0.09569184792421499,"{""class_weight"": null, ""max_depth"": 6, ""max_features"": ""sqrt"", ""min_samples_leaf"": 2}"
4,2,18,1,0.8767246365347855,0.9334245501155373,0.01768413759142205,"{""class_weight"": null, ""max_depth"": 6, ""max_features"": ""sqrt"", ""min_samples_leaf"": 2}"
4,2,22,1,0.9392750204193038,0.9733139144860082,0.014834609636228832,"{""class_weight"": null, ""max_depth"": 6, ""max_features"": ""sqrt"", ""min_samples_leaf"": 2}"
4,2,38,1,0.7749389661744034,0.8703916231199944,0.05461475040804375,"{""class_weight"": null, ""max_depth"": 6, ""max_features"": ""sqrt"", ""min_samples_leaf"": 2}"
4,2,40,1,0.7986553454834616,0.924197325693928,0.03612906362266044,"{""class_weight"": null, ""max_depth"": 6, ""max_features"": ""sqrt"", ""min_samples_leaf"": 2}"
4,2,46,1,0.900975554429714,0.9598427143939805,0.017220563828176143,"{""class_weight"": null, ""max_depth"": 6, ""max_features"": ""sqrt"", ""min_samples_leaf"": 2}"
4,2,48,0,0.38480146493094747,0.16439158920323232,0.12372667009234792,"{""class_weight"": null, ""max_depth"": 6, ""max_features"": ""sqrt"", ""min_samples_leaf"": 2}"
4,2,52,1,0.9534011588500791,0.9785295990672337,0.015241241747501973,"{""class_weight"": null, ""max_depth"": 6, ""max_features"": ""sqrt"", ""min_samples_leaf"": 2}"
4,2,58,1,0.46388738436091803,0.22366458206498532,0.09977123457660897,"{""class_weight"": null, ""max_depth"": 6, ""max_features"": ""sqrt"", ""min_samples_leaf"": 2}"
4,2,62,1,0.3781602444528076,0.18532234723104377,0.07476713889037168,"{""class_weight"": null, ""max_depth"": 6, ""max_features"": ""sqrt"", ""min_samples_leaf"": 2}"
4,2,63,1,0.8104355131132457,0.9292210570919451,0.025009387659724394,"{""class_weight"": null, ""max_depth"": 6, ""max_features"": ""sqrt"", ""min_samples_leaf"": 2}"
4,2,68,0,0.3787569350369933,0.15325294106162093,0.08243743398654932,"{""class_weight"": null, ""max_depth"": 6, ""max_features"": ""sqrt"", ""min_samples_leaf"": 2}"
4,2,69,1,0.8236438017245736,0.9276008041821081,0.03254816561538219,"{""class_weight"": null, ""max_depth"": 6, ""max_features"": ""sqrt"", ""min_samples_leaf"": 2}"
4,2,87,1,0.9399778854302735,0.9689898872210225,0.015025158701012701,"{""class_weight"": null, ""max_depth"": 6, ""max_features"": ""sqrt"", ""min_samples_leaf"": 2}"
4,2,97,1,0.787503470249155,0.9077171445864913,0.024103670344669394,"{""class_weight"": null, ""max_depth"": 6, ""max_features"": ""sqrt"", ""min_samples_leaf"": 2}"
4,2,110,1,0.4601844708365666,0.250574383950425,0.056450654788571974,"{""class_weight"": null, ""max_depth"": 6, ""max_features"": ""sqrt"", ""min_samples_leaf"": 2}"
4,2,120,1,0.8312329008501345,0.918387264867261,0.03455803145105676,"{""class_weight"": null, ""max_depth"": 6, ""max_features"": ""sqrt"", ""min_samples_leaf"": 2}"
4,2,125,1,0.7919073344212348,0.8857751514421544,0.0626314100529464,"{""class_weight"": null, ""max_depth"": 6, ""max_features"": ""sqrt"", ""min_samples_leaf"": 2}"
4,2,127,1,0.8896121549052303,0.9657855417554945,0.019665560916975827,"{""class_weight"": null, ""max_depth"": 6, ""max_features"": ""sqrt"", ""min_samples_leaf"": 2}"
4,2,128,1,0.6264586145561515,0.7298608253991204,0.05130908186175377,"{""class_weight"": null, ""max_depth"": 6, ""max_features"": ""sqrt"", ""min_samples_leaf"": 2}"
4,2,130,0,0.4700008366683385,0.23985085141369145,0.080922385364636,"{""class_weight"": null, ""max_depth"": 6, ""max_features"": ""sqrt"", ""min_samples_leaf"": 2}"
4,2,132,1,0.8964023147319555,0.9607877766020902,0.021549646737837793,"{""class_weight"": null, ""max_depth"": 6, ""max_features"": ""sqrt"", ""min_samples_leaf"": 2}"
4,2,135,1,0.7515537774054455,0.8647279662200458,0.0633916253719987,"{""class_weight"": null, ""max_depth"": 6, ""max_features"": ""sqrt"", ""min_samples_leaf"": 2}"
4,2,142,1,0.4380644780119576,0.2860292050149679,0.13533628088877858,"{""class_weight"": null, ""max_depth"": 6, ""max_features"": ""sqrt"", ""min_samples_leaf"": 2}"
4,2,151,0,0.5905308799970058,0.572199151512496,0.0709868125578515,"{""class_weight"": null, ""max_depth"": 6, ""max_features"": ""sqrt"", ""min_samples_leaf"": 2}"
4,2,154,1,0.7906477825449187,0.9080714011790526,0.03637762822746821,"{""class_weight"": null, ""max_depth"": 6, ""max_features"": ""sqrt"", ""min_samples_leaf"": 2}"
4,2,155,1,0.9330753456997595,0.9674462933432775,0.022159644033559956,"{""class_weight"": null, ""max_depth"": 6, ""max_features"": ""sqrt"", ""min_samples_leaf"": 2}"
4,2,167,1,0.7520765586560113,0.806693580635821,0.07519132702424693,"{""class_weight"": null, ""max_depth"": 6, ""max_features"": ""sqrt"", ""min_samples_leaf"": 2}"
4,2,170,0,0.37336159635398475,0.1475125052564357,0.09025364845105592,"{""class_weight"": null, ""max_depth"": 6, ""max_features"": ""sqrt"", ""min_samples_leaf"": 2}"
4,2,171,1,0.8485530597691103,0.9362927018076602,0.024693752888023765,"{""class_weight"": null, ""max_depth"": 6, ""max_features"": ""sqrt"", ""min_samples_leaf"": 2}"
4,2,172,1,0.7987928290680432,0.9185200440441162,0.02591493841479106,"{""class_weight"": null, ""max_depth"": 6, ""max_features"": ""sqrt"", ""min_samples_leaf"": 2}"
4,2,178,1,0.8146121798513873,0.905075094937786,0.024220908441607188,"{""class_weight"": null, ""max_depth"": 6, ""max_features"": ""sqrt"", ""min_samples_leaf"": 2}"
4,2,181,1,0.8505437686132543,0.9473041270771796,0.02406344918796934,"{""class_weight"": null, ""max_depth"": 6, ""max_features"": ""sqrt"", ""min_samples_leaf"": 2}"
4,2,190,0,0.7260623077599474,0.8141130459939532,0.07024058665177707,"{""class_weight"": null, ""max_depth"": 6, ""max_features"": ""sqrt"", ""min_samples_leaf"": 2}"
4,2,195,1,0.8588196251304523,0.9438385985017209,0.014654577323072812,"{""class_weight"": null, ""max_depth"": 6, ""max_features"": ""sqrt"", ""min_samples_leaf"": 2}"
4,2,196,0,0.3818085139576446,0.1751158859835533,0.082503134362944,"{""class_weight"": null, ""max_depth"": 6, ""max_features"": ""sqrt"", ""min_samples_leaf"": 2}"
4,2,197,1,0.8088302792522756,0.9379746232005038,0.0279534826162115,"{""class_weight"": null, ""max_depth"": 6, ""max_features"": ""sqrt"", ""min_samples_leaf"": 2}"
4,2,204,0,0.6487120023349079,0.5957622940158489,0.16583914999178923,"{""class_weight"": null, ""max_depth"": 6, ""max_features"": ""sqrt"", ""min_samples_leaf"": 2}"
4,2,213,0,0.8600769716174352,0.9395836549701226,0.017774124385395343,"{""class_weight"": null, ""max_depth"": 6, ""max_features"": ""sqrt"", ""min_samples_leaf"": 2}"
4,2,214,0,0.8909522459636469,0.9546089325897853,0.01857559484967009,"{""class_weight"": null, ""max_depth"": 6, ""max_features"": ""sqrt"", ""min_samples_leaf"": 2}"
4,2,215,1,0.9390951126740057,0.9739981001726662,0.017583194521200243,"{""class_weight"": null, ""max_depth"": 6, ""max_features"": ""sqrt"", ""min_samples_leaf"": 2}"
4,2,219,1,0.29669256326780946,0.0911077534230794,0.06509202795615414,"{""class_weight"": null, ""max_depth"": 6, ""max_features"": ""sqrt"", ""min_samples_leaf"": 2}"
4,2,232,1,0.8467741174948088,0.9496410195424773,0.028771041573665525,"{""class_weight"": null, ""max_depth"": 6, ""max_features"": ""sqrt"", ""min_samples_leaf"": 2}"
4,2,237,1,0.780778967693702,0.8781119334112514,0.06271423055175562,"{""class_weight"": null, ""max_depth"": 6, ""max_features"": ""sqrt"", ""min_samples_leaf"": 2}"
4,2,238,1,0.3804156002645281,0.17648112989447565,0.0889447221314165,"{""class_weight"": null, ""max_depth"": 6, ""max_features"": ""sqrt"", ""min_samples_leaf"": 2}"
4,2,242,1,0.8538263648648197,0.949512869111004,0.018366591972024015,"{""class_weight"": null, ""max_depth"": 6, ""max_features"": ""sqrt"", ""min_samples_leaf"": 2}"
4,2,243,1,0.8685735270322016,0.9361242423423635,0.02145680646843269,"{""class_weight"": null, ""max_depth"": 6, ""max_features"": ""sqrt"", ""min_samples_leaf"": 2}"
4,2,257,0,0.300074993492506,0.08460275680642097,0.07586998655589945,"{""class_weight"": null, ""max_depth"": 6, ""max_features"": ""sqrt"", ""min_samples_leaf"": 2}"
4,2,259,1,0.7969795653997521,0.8814103290892021,0.039304125576243,"{""class_weight"": null, ""max_depth"": 6, ""max_features"": ""sqrt"", ""min_samples_leaf"": 2}"
4,2,268,0,0.5397069104482535,0.3850826523716506,0.11625494408521703,"{""class_weight"": null, ""max_depth"": 6, ""max_features"": ""sqrt"", ""min_samples_leaf"": 2}"
4,2,269,1,0.8759571633202639,0.9577559711088,0.015092931237234567,"{""class_weight"": null, ""max_depth"": 6, ""max_features"": ""sqrt"", ""min_samples_leaf"": 2}"
4,2,270,0,0.25149016730637924,0.05970025344515413,0.060005787272646605,"{""class_weight"": null, ""max_depth"": 6, ""max_features"": ""sqrt"", ""min_samples_leaf"": 2}"
4,2,272,0,0.6876555862461995,0.822297028533281,0.030349443438402946,"{""class_weight"": null, ""max_depth"": 6, ""max_features"": ""sqrt"", ""min_samples_leaf"": 2}"
4,2,273,1,0.9714268650395813,0.977333094212697,0.015243942722428095,"{""class_weight"": null, ""max_depth"": 6, ""max_features"": ""sqrt"", ""min_samples_leaf"": 2}"
4,2,279,1,0.7781722626724811,0.8878662921392231,0.04236007115628604,"{""class_weight"": null, ""max_depth"": 6, ""max_features"": ""sqrt"", ""min_samples_leaf"": 2}"
4,2,280,0,0.4547873107203356,0.28255336339006837,0.0874717141528454,"{""class_weight"": null, ""max_depth"": 6, ""max_features"": ""sqrt"", ""min_samples_leaf"": 2}"
4,2,288,1,0.6557349970999676,0.6921643506378724,0.13333835922463527,"{""class_weight"": null, ""max_depth"": 6, ""max_features"": ""sqrt"", ""min_samples_leaf"": 2}"
4,2,292,0,0.7235036948681588,0.805259521275179,0.04748534771591761,"{""class_weight"": null, ""max_depth"": 6, ""max_features"": ""sqrt"", ""min_samples_leaf"": 2}"
4,2,296,0,0.3955236464559114,0.1777550522416076,0.06399219845541619,"{""class_weight"": null, ""max_depth"": 6, ""max_features"": ""sqrt"", ""min_samples_leaf"": 2}"
4,3,0,1,0.4433140467158112,0.5663151068843667,0.13399836761650769,"{""class_weight"": ""balanced"", ""max_depth"": 3, ""max_features"": 0.3, ""min_samples_leaf"": 3}"
4,3,5,1,0.6921809169281429,0.858706104527565,0.05659158210411278,"{""class_weight"": ""balanced"", ""max_depth"": 3, ""max_features"": 0.3, ""min_samples_leaf"": 3}"
4,3,11,1,0.8941829443328089,0.9684338450695982,0.013063540239593332,"{""class_weight"": ""balanced"", ""max_depth"": 3, ""max_features"": 0.3, ""min_samples_leaf"": 3}"
4,3,23,1,0.8704614506499257,0.9669867842486084,0.014261776536613948,"{""class_weight"": ""balanced"", ""max_depth"": 3, ""max_features"": 0.3, ""min_samples_leaf"": 3}"
4,3,24,1,0.6834808189997452,0.9117688570713393,0.027394410341762623,"{""class_weight"": ""balanced"", ""max_depth"": 3, ""max_features"": 0.3, ""min_samples_leaf"": 3}"
4,3,37,1,0.5130889984853846,0.687544188798445,0.062113125970051995,"{""class_weight"": ""balanced"", ""max_depth"": 3, ""max_features"": 0.3, ""min_samples_leaf"": 3}"
4,3,44,1,0.5592109930464685,0.7536834834411845,0.06132702355589314,"{""class_weight"": ""balanced"", ""max_depth"": 3, ""max_features"": 0.3, ""min_samples_leaf"": 3}"
4,3,59,1,0.8473204448152507,0.963854852077221,0.012671650793499155,"{""class_weight"": ""balanced"", ""max_depth"": 3, ""max_features"": 0.3, ""min_samples_leaf"": 3}"
4,3,64,0,0.24031779794035457,0.26043234318258396,0.06832443168004455,"{""class_weight"": ""balanced"", ""max_depth"": 3, ""max_features"": 0.3, ""min_samples_leaf"": 3}"
4,3,66,1,0.8610543495900006,0.9551989813364177,0.017645224408044367,"{""class_weight"": ""balanced"", ""max_depth"": 3, ""max_features"": 0.3, ""min_samples_leaf"": 3}"
4,3,78,1,0.7119625273624675,0.8985960046545707,0.02023320172022269,"{""class_weight"": ""balanced"", ""max_depth"": 3, ""max_features"": 0.3, ""min_samples_leaf"": 3}"
4,3,79,0,0.19588129550909975,0.23028471254783134,0.07361413374751842,"{""class_weight"": ""balanced"", ""max_depth"": 3, ""max_features"": 0.3, ""min_samples_leaf"": 3}"
4,3,80,1,0.866161921950762,0.9614332509629936,0.014061172172886195,"{""class_weight"": ""balanced"", ""max_depth"": 3, ""max_features"": 0.3, ""min_samples_leaf"": 3}"
4,3,81,1,0.9030063731022159,0.9683971073809031,0.012854886458296213,"{""class_weight"": ""balanced"", ""max_depth"": 3, ""max_features"": 0.3, ""min_samples_leaf"": 3}"
4,3,84,1,0.7914502726362004,0.9320305247179614,0.019450008068242826,"{""class_weight"": ""balanced"", ""max_depth"": 3, ""max_features"": 0.3, ""min_samples_leaf"": 3}"
4,3,85,1,0.6951323494841096,0.8976201960848293,0.018632376975944127,"{""class_weight"": ""balanced"", ""max_depth"": 3, ""max_features"": 0.3, ""min_samples_leaf"": 3}"
4,3,86,1,0.8084936582651416,0.9547168738613587,0.015978440930624973,"{""class_weight"": ""balanced"", ""max_depth"": 3, ""max_features"": 0.3, ""min_samples_leaf"": 3}"
4,3,89,1,0.8397258160967019,0.95832142010742,0.014788308009316208,"{""class_weight"": ""balanced"", ""max_depth"": 3, ""max_features"": 0.3, ""min_samples_leaf"": 3}"
4,3,90,1,0.6182652774867115,0.8381898489205041,0.042703133494977966,"{""class_weight"": ""balanced"", ""max_depth"": 3, ""max_features"": 0.3, ""min_samples_leaf"": 3}"
4,3,95,1,0.8366876217653696,0.9477742850921768,0.022825133016773785,"{""class_weight"": ""balanced"", ""max_depth"": 3, ""max_features"": 0.3, ""min_samples_leaf"": 3}"
4,3,98,1,0.8517496698251728,0.9616123396491016,0.014275717367943523,"{""class_weight"": ""balanced"", ""max_depth"": 3, ""max_features"": 0.3, ""min_samples_leaf"": 3}"
4,3,99,1,0.6727654450594994,0.8497000848875282,0.03132818743163274,"{""class_weight"": ""balanced"", ""max_depth"": 3, ""max_features"": 0.3, ""min_samples_leaf"": 3}"
4,3,102,0,0.18477035619648396,0.1877867562971876,0.01526610285220559,"{""class_weight"": ""balanced"", ""max_depth"": 3, ""max_features"": 0.3, ""min_samples_leaf"": 3}"
4,3,105,1,0.5910609142621508,0.7698653437295335,0.08595266148518305,"{""class_weight"": ""balanced"", ""max_depth"": 3, ""max_features"": 0.3, ""min_samples_leaf"": 3}"
4,3,108,0,0.25235107078857144,0.305707104914364,0.057169649593432244,"{""class_weight"": ""balanced"", ""max_depth"": 3, ""max_features"": 0.3, ""min_samples_leaf"": 3}"
4,3,111,1,0.8255012591111096,0.9560157934971952,0.014116768467838844,"{""class_weight"": ""balanced"", ""max_depth"": 3, ""max_features"": 0.3, ""min_samples_leaf"": 3}"
4,3,112,1,0.8143428005416294,0.9474454549786065,0.023119064861619177,"{""class_weight"": ""balanced"", ""max_depth"": 3, ""max_features"": 0.3, ""min_samples_leaf"": 3}"
4,3,117,1,0.8514099200033926,0.9548544327655553,0.017800936341512818,"{""class_weight"": ""balanced"", ""max_depth"": 3, ""max_features"": 0.3, ""min_samples_leaf"": 3}"
4,3,119,1,0.7418943183056271,0.9114651388371279,0.018125631842896374,"{""class_weight"": ""balanced"", ""max_depth"": 3, ""max_features"": 0.3, ""min_samples_leaf"": 3}"
4,3,129,0,0.2723066568094587,0.30478198405421775,0.05859014385643108,"{""class_weight"": ""balanced"", ""max_depth"": 3, ""max_features"": 0.3, ""min_samples_leaf"": 3}"
4,3,137,0,0.19149831846718232,0.21982808482444907,0.05104345628163567,"{""class_weight"": ""balanced"", ""max_depth"": 3, ""max_features"": 0.3, ""min_samples_leaf"": 3}"
4,3,145,1,0.5913044007601002,0.8229884304342473,0.053186981885938046,"{""class_weight"": ""balanced"", ""max_depth"": 3, ""max_features"": 0.3, ""min_samples_leaf"": 3}"
4,3,149,1,0.7624276572515515,0.9364809578344178,0.020653413546924616,"{""class_weight"": ""balanced"", ""max_depth"": 3, ""max_features"": 0.3, ""min_samples_leaf"": 3}"
4,3,156,1,0.5311742496255579,0.7392552381125459,0.07016272575005351,"{""class_weight"": ""balanced"", ""max_depth"": 3, ""max_features"": 0.3, ""min_samples_leaf"": 3}"
4,3,179,0,0.2389053244686336,0.251307946582222,0.04702774611289616,"{""class_weight"": ""balanced"", ""max_depth"": 3, ""max_features"": 0.3, ""min_samples_leaf"": 3}"
4,3,183,0,0.7565018713437679,0.8986233939739791,0.01871393308596186,"{""class_weight"": ""balanced"", ""max_depth"": 3, ""max_features"": 0.3, ""min_samples_leaf"": 3}"
4,3,184,1,0.7732537836561779,0.9047558131031812,0.03542372048492045,"{""class_weight"": ""balanced"", ""max_depth"": 3, ""max_features"": 0.3, ""min_samples_leaf"": 3}"
4,3,185,0,0.5807223263255094,0.767111851546363,0.05709054610301245,"{""class_weight"": ""balanced"", ""max_depth"": 3, ""max_features"": 0.3, ""min_samples_leaf"": 3}"
4,3,186,0,0.5355327830360262,0.7414268273733408,0.04217999530470867,"{""class_weight"": ""balanced"", ""max_depth"": 3, ""max_features"": 0.3, ""min_samples_leaf"": 3}"
4,3,191,1,0.8037707801237527,0.9402281337890972,0.022268653640086032,"{""class_weight"": ""balanced"", ""max_depth"": 3, ""max_features"": 0.3, ""min_samples_leaf"": 3}"
4,3,192,0,0.1686927746267203,0.1722078077632386,0.02746664968050392,"{""class_weight"": ""balanced"", ""max_depth"": 3, ""max_features"": 0.3, ""min_samples_leaf"": 3}"
4,3,194,0,0.20372149926876063,0.2053190998617695,0.024713128223183153,"{""class_weight"": ""balanced"", ""max_depth"": 3, ""max_features"": 0.3, ""min_samples_leaf"": 3}"
4,3,199,0,0.25848451482808166,0.3025695219135567,0.10094266128417434,"{""class_weight"": ""balanced"", ""max_depth"": 3, ""max_features"": 0.3, ""min_samples_leaf"": 3}"
4,3,200,1,0.7542091921850665,0.9304496867410543,0.023395482034164153,"{""class_weight"": ""balanced"", ""max_depth"": 3, ""max_features"": 0.3, ""min_samples_leaf"": 3}"
4,3,220,1,0.718932201039562,0.9053117202976205,0.016628061748015552,"{""class_weight"": ""balanced"", ""max_depth"": 3, ""max_features"": 0.3, ""min_samples_leaf"": 3}"
4,3,222,1,0.6639479227481911,0.882498556025611,0.03010571814014849,"{""class_weight"": ""balanced"", ""max_depth"": 3, ""max_features"": 0.3, ""min_samples_leaf"": 3}"
4,3,223,1,0.4253528581754771,0.5418535479321693,0.09794219827741761,"{""class_weight"": ""balanced"", ""max_depth"": 3, ""max_features"": 0.3, ""min_samples_leaf"": 3}"
4,3,224,1,0.8766249628761457,0.9696230936744659,0.008395670848136891,"{""class_weight"": ""balanced"", ""max_depth"": 3, ""max_features"": 0.3, ""min_samples_leaf"": 3}"
4,3,228,1,0.6873944349047035,0.8790106510497072,0.038112706600114156,"{""class_weight"": ""balanced"", ""max_depth"": 3, ""max_features"": 0.3, ""min_samples_leaf"": 3}"
4,3,229,1,0.7762744165085448,0.9415968839130706,0.01781022314879589,"{""class_weight"": ""balanced"", ""max_depth"": 3, ""max_features"": 0.3, ""min_samples_leaf"": 3}"
4,3,230,1,0.8956499088112516,0.9727800908214711,0.009995128371299653,"{""class_weight"": ""balanced"", ""max_depth"": 3, ""max_features"": 0.3, ""min_samples_leaf"": 3}"
4,3,258,0,0.23113544764380792,0.26796335445884645,0.03547221562105604,"{""class_weight"": ""balanced"", ""max_depth"": 3, ""max_features"": 0.3, ""min_samples_leaf"": 3}"
4,3,260,1,0.8143194141173189,0.9485955157521182,0.02936307426626232,"{""class_weight"": ""balanced"", ""max_depth"": 3, ""max_features"": 0.3, ""min_samples_leaf"": 3}"
4,3,264,0,0.29550289544535907,0.34841138889089607,0.08743102696780913,"{""class_weight"": ""balanced"", ""max_depth"": 3, ""max_features"": 0.3, ""min_samples_leaf"": 3}"
4,3,271,1,0.80807689245162,0.9429243593900715,0.021720744071123656,"{""class_weight"": ""balanced"", ""max_depth"": 3, ""max_features"": 0.3, ""min_samples_leaf"": 3}"
4,3,278,1,0.827766675908302,0.9551082533988309,0.017003872711528166,"{""class_weight"": ""balanced"", ""max_depth"": 3, ""max_features"": 0.3, ""min_samples_leaf"": 3}"
4,3,282,1,0.7653944923490695,0.918466977321156,0.03110588661555453,"{""class_weight"": ""balanced"", ""max_depth"": 3, ""max_features"": 0.3, ""min_samples_leaf"": 3}"
4,3,284,0,0.575433580974513,0.8116543259668008,0.059608102078113304,"{""class_weight"": ""balanced"", ""max_depth"": 3, ""max_features"": 0.3, ""min_samples_leaf"": 3}"
4,3,293,0,0.26863423820822263,0.27808165068061935,0.055108022961289506,"{""class_weight"": ""balanced"", ""max_depth"": 3, ""max_features"": 0.3, ""min_samples_leaf"": 3}"
4,3,294,1,0.3767215532345632,0.4409671468996061,0.05803536216519325,"{""class_weight"": ""balanced"", ""max_depth"": 3, ""max_features"": 0.3, ""min_samples_leaf"": 3}"
4,4,2,1,0.8137475256225261,0.9513981573738303,0.024227119923781376,"{""class_weight"": ""balanced"", ""max_depth"": null, ""max_features"": ""sqrt"", ""min_samples_leaf"": 3}"
4,4,3,0,0.47333658008658025,0.5966882861118425,0.10698511325973206,"{""class_weight"": ""balanced"", ""max_depth"": null, ""max_features"": ""sqrt"", ""min_samples_leaf"": 3}"
4,4,4,0,0.36665132090132097,0.3804677160454123,0.0421985163764436,"{""class_weight"": ""balanced"", ""max_depth"": null, ""max_features"": ""sqrt"", ""min_samples_leaf"": 3}"
4,4,6,1,0.7851222851222847,0.9311581301873086,0.035124072132444534,"{""class_weight"": ""balanced"", ""max_depth"": null, ""max_features"": ""sqrt"", ""min_samples_leaf"": 3}"
4,4,12,1,0.7955136345136344,0.933021061988876,0.04698700925395531,"{""class_weight"": ""balanced"", ""max_depth"": null, ""max_features"": ""sqrt"", ""min_samples_leaf"": 3}"
4,4,13,1,0.6886482128982129,0.872647402141058,0.05448036110598119,"{""class_weight"": ""balanced"", ""max_depth"": null, ""max_features"": ""sqrt"", ""min_samples_leaf"": 3}"
4,4,15,1,0.8600782828282828,0.9612995890788198,0.02073037615404558,"{""class_weight"": ""balanced"", ""max_depth"": null, ""max_features"": ""sqrt"", ""min_samples_leaf"": 3}"
4,4,21,1,0.7063594276094275,0.8918750796223837,0.024922138838876125,"{""class_weight"": ""balanced"", ""max_depth"": null, ""max_features"": ""sqrt"", ""min_samples_leaf"": 3}"
4,4,27,1,0.34731739828798636,0.3134076415403794,0.04838492088651078,"{""class_weight"": ""balanced"", ""max_depth"": null, ""max_features"": ""sqrt"", ""min_samples_leaf"": 3}"
4,4,28,1,0.9055586820586822,0.9685002877272728,0.01897782651283669,"{""class_weight"": ""balanced"", ""max_depth"": null, ""max_features"": ""sqrt"", ""min_samples_leaf"": 3}"
4,4,43,1,0.6073218524631568,0.7625392454933448,0.06937003638807364,"{""class_weight"": ""balanced"", ""max_depth"": null, ""max_features"": ""sqrt"", ""min_samples_leaf"": 3}"
4,4,50,1,0.5911568061568061,0.665291658376279,0.11835077412008335,"{""class_weight"": ""balanced"", ""max_depth"": null, ""max_features"": ""sqrt"", ""min_samples_leaf"": 3}"
4,4,51,1,0.8212319624819622,0.9262222116519432,0.04198712612813838,"{""class_weight"": ""balanced"", ""max_depth"": null, ""max_features"": ""sqrt"", ""min_samples_leaf"": 3}"
4,4,55,1,0.8755907333407336,0.9639110264349162,0.020533683668986818,"{""class_weight"": ""balanced"", ""max_depth"": null, ""max_features"": ""sqrt"", ""min_samples_leaf"": 3}"
4,4,56,1,0.8121551226551225,0.9361790052069867,0.03200765286127642,"{""class_weight"": ""balanced"", ""max_depth"": null, ""max_features"": ""sqrt"", ""min_samples_leaf"": 3}"
4,4,70,0,0.29130077330077325,0.2225513642281125,0.09111472664940172,"{""class_weight"": ""balanced"", ""max_depth"": null, ""max_features"": ""sqrt"", ""min_samples_leaf"": 3}"
4,4,72,1,0.7264280904280903,0.9014275996721436,0.02946041903026907,"{""class_weight"": ""balanced"", ""max_depth"": null, ""max_features"": ""sqrt"", ""min_samples_leaf"": 3}"
4,4,73,1,0.6394784289784288,0.8793952696806981,0.03373089386198302,"{""class_weight"": ""balanced"", ""max_depth"": null, ""max_features"": ""sqrt"", ""min_samples_leaf"": 3}"
4,4,76,1,0.838695841195841,0.9406674920645177,0.03509448732928532,"{""class_weight"": ""balanced"", ""max_depth"": null, ""max_features"": ""sqrt"", ""min_samples_leaf"": 3}"
4,4,93,0,0.8250174362674362,0.9456164297088767,0.0268075761973209,"{""class_weight"": ""balanced"", ""max_depth"": null, ""max_features"": ""sqrt"", ""min_samples_leaf"": 3}"
4,4,94,1,0.8403733766233767,0.9528993338258843,0.02108846927980188,"{""class_weight"": ""balanced"", ""max_depth"": null, ""max_features"": ""sqrt"", ""min_samples_leaf"": 3}"
4,4,100,1,0.8190324074074073,0.924774347588946,0.049728787790404974,"{""class_weight"": ""balanced"", ""max_depth"": null, ""max_features"": ""sqrt"", ""min_samples_leaf"": 3}"
4,4,101,1,0.8929082491582486,0.9635315396653444,0.021092759786557867,"{""class_weight"": ""balanced"", ""max_depth"": null, ""max_features"": ""sqrt"", ""min_samples_leaf"": 3}"
4,4,103,1,0.8132186147186143,0.951911505042198,0.029606520728797336,"{""class_weight"": ""balanced"", ""max_depth"": null, ""max_features"": ""sqrt"", ""min_samples_leaf"": 3}"
4,4,104,1,0.6697824906574905,0.8561591624520108,0.051019868693569434,"{""class_weight"": ""balanced"", ""max_depth"": null, ""max_features"": ""sqrt"", ""min_samples_leaf"": 3}"
4,4,107,1,0.5734025772938814,0.7544322437609636,0.11385985452384768,"{""class_weight"": ""balanced"", ""max_depth"": null, ""max_features"": ""sqrt"", ""min_samples_leaf"": 3}"
4,4,113,0,0.13517945326278663,0.0811825927939148,0.0364555357034833,"{""class_weight"": ""balanced"", ""max_depth"": null, ""max_features"": ""sqrt"", ""min_samples_leaf"": 3}"
4,4,115,1,0.7435994838494837,0.9246699291363694,0.03722134641719755,"{""class_weight"": ""balanced"", ""max_depth"": null, ""max_features"": ""sqrt"", ""min_samples_leaf"": 3}"
4,4,123,1,0.4966386483886484,0.582064012281664,0.05815748587712751,"{""class_weight"": ""balanced"", ""max_depth"": null, ""max_features"": ""sqrt"", ""min_samples_leaf"": 3}"
4,4,126,1,0.758812691937692,0.9383984804359958,0.025794157553656456,"{""class_weight"": ""balanced"", ""max_depth"": null, ""max_features"": ""sqrt"", ""min_samples_leaf"": 3}"
4,4,133,0,0.6034840807340806,0.7932945092820612,0.017913889089719023,"{""class_weight"": ""balanced"", ""max_depth"": null, ""max_features"": ""sqrt"", ""min_samples_leaf"": 3}"
4,4,134,1,0.7790298432504315,0.9356748049284285,0.03205356889636241,"{""class_weight"": ""balanced"", ""max_depth"": null, ""max_features"": ""sqrt"", ""min_samples_leaf"": 3}"
4,4,136,0,0.3283844165094165,0.2889006417560516,0.04896127814970303,"{""class_weight"": ""balanced"", ""max_depth"": null, ""max_features"": ""sqrt"", ""min_samples_leaf"": 3}"
4,4,143,0,0.10423539731873067,0.061470756613197855,0.03960148551272685,"{""class_weight"": ""balanced"", ""max_depth"": null, ""max_features"": ""sqrt"", ""min_samples_leaf"": 3}"
4,4,150,0,0.5683722758722758,0.6996676664849384,0.028927574338232523,"{""class_weight"": ""balanced"", ""max_depth"": null, ""max_features"": ""sqrt"", ""min_samples_leaf"": 3}"
4,4,152,1,0.6622968975468975,0.7989580691247253,0.060979111862920606,"{""class_weight"": ""balanced"", ""max_depth"": null, ""max_features"": ""sqrt"", ""min_samples_leaf"": 3}"
4,4,161,1,0.9013139730639731,0.9696731980144003,0.018131166806498903,"{""class_weight"": ""balanced"", ""max_depth"": null, ""max_features"": ""sqrt"", ""min_samples_leaf"": 3}"
4,4,169,0,0.2828767251267253,0.2191417903474216,0.07615374205722096,"{""class_weight"": ""balanced"", ""max_depth"": null, ""max_features"": ""sqrt"", ""min_samples_leaf"": 3}"
4,4,174,1,0.9578842592592594,0.9806611881331386,0.015209118722214364,"{""class_weight"": ""balanced"", ""max_depth"": null, ""max_features"": ""sqrt"", ""min_samples_leaf"": 3}"
4,4,205,1,0.4453802987136322,0.47607893619749253,0.07233214739565567,"{""class_weight"": ""balanced"", ""max_depth"": null, ""max_features"": ""sqrt"", ""min_samples_leaf"": 3}"
4,4,211,1,0.6627527657527658,0.864848283691725,0.06797648213975557,"{""class_weight"": ""balanced"", ""max_depth"": null, ""max_features"": ""sqrt"", ""min_samples_leaf"": 3}"
4,4,216,0,0.46529238816738805,0.6014323597826623,0.08420270494843879,"{""class_weight"": ""balanced"", ""max_depth"": null, ""max_features"": ""sqrt"", ""min_samples_leaf"": 3}"
4,4,227,1,0.7546311928811927,0.8889101113669288,0.03226506508234002,"{""class_weight"": ""balanced"", ""max_depth"": null, ""max_features"": ""sqrt"", ""min_samples_leaf"": 3}"
4,4,233,0,0.3152637393470729,0.30916444002863136,0.08541213799645929,"{""class_weight"": ""balanced"", ""max_depth"": null, ""max_features"": ""sqrt"", ""min_samples_leaf"": 3}"
4,4,235,1,0.8429640452140454,0.9538974656804571,0.028688337187977708,"{""class_weight"": ""balanced"", ""max_depth"": null, ""max_features"": ""sqrt"", ""min_samples_leaf"": 3}"
4,4,240,1,0.8894841269841269,0.9731812528787472,0.017643906483171747,"{""class_weight"": ""balanced"", ""max_depth"": null, ""max_features"": ""sqrt"", ""min_samples_leaf"": 3}"
4,4,241,1,0.41448505506838856,0.427914274425944,0.047006581276085875,"{""class_weight"": ""balanced"", ""max_depth"": null, ""max_features"": ""sqrt"", ""min_samples_leaf"": 3}"
4,4,245,1,0.5133580754993798,0.5900074399402391,0.08472421438881063,"{""class_weight"": ""balanced"", ""max_depth"": null, ""max_features"": ""sqrt"", ""min_samples_leaf"": 3}"
4,4,249,1,0.7826670274170272,0.9216915764698161,0.029990519188562142,"{""class_weight"": ""balanced"", ""max_depth"": null, ""max_features"": ""sqrt"", ""min_samples_leaf"": 3}"
4,4,253,1,0.6921113516113516,0.8802000916434757,0.03881445992407179,"{""class_weight"": ""balanced"", ""max_depth"": null, ""max_features"": ""sqrt"", ""min_samples_leaf"": 3}"
4,4,262,1,0.5107912365412365,0.6979577322094036,0.08622106059056912,"{""class_weight"": ""balanced"", ""max_depth"": null, ""max_features"": ""sqrt"", ""min_samples_leaf"": 3}"
4,4,263,0,0.19895187066020398,0.11000396238496842,0.04202897578442618,"{""class_weight"": ""balanced"", ""max_depth"": null, ""max_features"": ""sqrt"", ""min_samples_leaf"": 3}"
4,4,265,1,0.789597763347763,0.9383046490014291,0.02905440356330567,"{""class_weight"": ""balanced"", ""max_depth"": null, ""max_features"": ""sqrt"", ""min_samples_leaf"": 3}"
4,4,266,1,0.8001936026936025,0.9262477708700114,0.02398659836736351,"{""class_weight"": ""balanced"", ""max_depth"": null, ""max_features"": ""sqrt"", ""min_samples_leaf"": 3}"
4,4,274,1,0.9383763227513227,0.9763848131978026,0.017934180972573658,"{""class_weight"": ""balanced"", ""max_depth"": null, ""max_features"": ""sqrt"", ""min_samples_leaf"": 3}"
4,4,287,0,0.44419667369667387,0.3909458699681734,0.0657053484851938,"{""class_weight"": ""balanced"", ""max_depth"": null, ""max_features"": ""sqrt"", ""min_samples_leaf"": 3}"
4,4,290,0,0.22849923224923221,0.14463306533353398,0.07114955308858,"{""class_weight"": ""balanced"", ""max_depth"": null, ""max_features"": ""sqrt"", ""min_samples_leaf"": 3}"
4,4,295,0,0.5925507763170805,0.7366856826153623,0.12344060634730741,"{""class_weight"": ""balanced"", ""max_depth"": null, ""max_features"": ""sqrt"", ""min_samples_leaf"": 3}"
4,4,300,0,0.20659475092808427,0.1673442606957623,0.06204868056249153,"{""class_weight"": ""balanced"", ""max_depth"": null, ""max_features"": ""sqrt"", ""min_samples_leaf"": 3}"
4,4,302,1,0.6181753736459616,0.8093511931355819,0.0330386668136136,"{""class_weight"": ""balanced"", ""max_depth"": null, ""max_features"": ""sqrt"", ""min_samples_leaf"": 3}"
