repeat,fold,idx,y,p_base,p,spread,params
0,0,6,1,0.974034408963063,0.9418194995204896,0.031011925261233628,"{""colsample_bytree"": 0.8972425054911576, ""learning_rate"": 0.03364867144187954, ""max_depth"": 2, ""min_child_samples"": 13, ""num_leaves"": 4, ""reg_lambda"": 0.10863751951257755, ""subsample"": 0.7693605922825478, ""subsample_freq"": 1}"
0,0,8,0,0.2991221387752627,0.254067022562826,0.13246986229281668,"{""colsample_bytree"": 0.8972425054911576, ""learning_rate"": 0.03364867144187954, ""max_depth"": 2, ""min_child_samples"": 13, ""num_leaves"": 4, ""reg_lambda"": 0.10863751951257755, ""subsample"": 0.7693605922825478, ""subsample_freq"": 1}"
0,0,14,1,0.7543910310490514,0.6330175505956168,0.0667760312547499,"{""colsample_bytree"": 0.8972425054911576, ""learning_rate"": 0.03364867144187954, ""max_depth"": 2, ""min_child_samples"": 13, ""num_leaves"": 4, ""reg_lambda"": 0.10863751951257755, ""subsample"": 0.7693605922825478, ""subsample_freq"": 1}"
0,0,16,0,0.11865228054817648,0.21192535008360655,0.08199295786612243,"{""colsample_bytree"": 0.8972425054911576, ""learning_rate"": 0.03364867144187954, ""max_depth"": 2, ""min_child_samples"": 13, ""num_leaves"": 4, ""reg_lambda"": 0.10863751951257755, ""subsample"": 0.7693605922825478, ""subsample_freq"": 1}"
0,0,18,1,0.8628183408105081,0.8432583191760795,0.06391687844030368,"{""colsample_bytree"": 0.8972425054911576, ""learning_rate"": 0.03364867144187954, ""max_depth"": 2, ""min_child_samples"": 13, ""num_leaves"": 4, ""reg_lambda"": 0.10863751951257755, ""subsample"": 0.7693605922825478, ""subsample_freq"": 1}"
0,0,22,1,0.9841336078135354,0.9596946926365397,0.026972570100873935,"{""colsample_bytree"": 0.8972425054911576, ""learning_rate"": 0.03364867144187954, ""max_depth"": 2, ""min_child_samples"": 13, ""num_leaves"": 4, ""reg_lambda"": 0.10863751951257755, ""subsample"": 0.7693605922825478, ""subsample_freq"": 1}"
0,0,29,1,0.9789804663062771,0.9606947541094726,0.011367002120569661,"{""colsample_bytree"": 0.8972425054911576, ""learning_rate"": 0.03364867144187954, ""max_depth"": 2, ""min_child_samples"": 13, ""num_leaves"": 4, ""reg_lambda"": 0.10863751951257755, ""subsample"": 0.7693605922825478, ""subsample_freq"": 1}"
0,0,33,1,0.9840568763930018,0.9581481997080072,0.011051138225497349,"{""colsample_bytree"": 0.8972425054911576, ""learning_rate"": 0.03364867144187954, ""max_depth"": 2, ""min_child_samples"": 13, ""num_leaves"": 4, ""reg_lambda"": 0.10863751951257755, ""subsample"": 0.7693605922825478, ""subsample_freq"": 1}"
0,0,60,0,0.2073538140666878,0.25658420156911754,0.09631599887990949,"{""colsample_bytree"": 0.8972425054911576, ""learning_rate"": 0.03364867144187954, ""max_depth"": 2, ""min_child_samples"": 13, ""num_leaves"": 4, ""reg_lambda"": 0.10863751951257755, ""subsample"": 0.7693605922825478, ""subsample_freq"": 1}"
0,0,63,1,0.9281527430168387,0.923645857579983,0.03632711449538834,"{""colsample_bytree"": 0.8972425054911576, ""learning_rate"": 0.03364867144187954, ""max_depth"": 2, ""min_child_samples"": 13, ""num_leaves"": 4, ""reg_lambda"": 0.10863751951257755, ""subsample"": 0.7693605922825478, ""subsample_freq"": 1}"
0,0,65,1,0.8386280641738034,0.8085113510884101,0.05872818145728252,"{""colsample_bytree"": 0.8972425054911576, ""learning_rate"": 0.03364867144187954, ""max_depth"": 2, ""min_child_samples"": 13, ""num_leaves"": 4, ""reg_lambda"": 0.10863751951257755, ""subsample"": 0.7693605922825478, ""subsample_freq"": 1}"
0,0,68,0,0.6714682114609748,0.5754319010393797,0.09471503295294104,"{""colsample_bytree"": 0.8972425054911576, ""learning_rate"": 0.03364867144187954, ""max_depth"": 2, ""min_child_samples"": 13, ""num_leaves"": 4, ""reg_lambda"": 0.10863751951257755, ""subsample"": 0.7693605922825478, ""subsample_freq"": 1}"
0,0,71,1,0.9284080057975691,0.8880114135655122,0.051162922813682454,"{""colsample_bytree"": 0.8972425054911576, ""learning_rate"": 0.03364867144187954, ""max_depth"": 2, ""min_child_samples"": 13, ""num_leaves"": 4, ""reg_lambda"": 0.10863751951257755, ""subsample"": 0.7693605922825478, ""subsample_freq"": 1}"
0,0,72,1,0.8465548908636082,0.873543174700709,0.03401394471721498,"{""colsample_bytree"": 0.8972425054911576, ""learning_rate"": 0.03364867144187954, ""max_depth"": 2, ""min_child_samples"": 13, ""num_leaves"": 4, ""reg_lambda"": 0.10863751951257755, ""subsample"": 0.7693605922825478, ""subsample_freq"": 1}"
0,0,77,1,0.8528503077938836,0.8139029224475902,0.06482302311942834,"{""colsample_bytree"": 0.8972425054911576, ""learning_rate"": 0.03364867144187954, ""max_depth"": 2, ""min_child_samples"": 13, ""num_leaves"": 4, ""reg_lambda"": 0.10863751951257755, ""subsample"": 0.7693605922825478, ""subsample_freq"": 1}"
0,0,87,1,0.9266525078668756,0.8883738480751646,0.059104750823478165,"{""colsample_bytree"": 0.8972425054911576, ""learning_rate"": 0.03364867144187954, ""max_depth"": 2, ""min_child_samples"": 13, ""num_leaves"": 4, ""reg_lambda"": 0.10863751951257755, ""subsample"": 0.7693605922825478, ""subsample_freq"": 1}"
0,0,88,1,0.9772983049584042,0.9521507221180462,0.02881627867558438,"{""colsample_bytree"": 0.8972425054911576, ""learning_rate"": 0.03364867144187954, ""max_depth"": 2, ""min_child_samples"": 13, ""num_leaves"": 4, ""reg_lambda"": 0.10863751951257755, ""subsample"": 0.7693605922825478, ""subsample_freq"": 1}"
0,0,89,1,0.9730457116396317,0.960636666593785,0.02740158795217018,"{""colsample_bytree"": 0.8972425054911576, ""learning_rate"": 0.03364867144187954, ""max_depth"": 2, ""min_child_samples"": 13, ""num_leaves"": 4, ""reg_lambda"": 0.10863751951257755, ""subsample"": 0.7693605922825478, ""subsample_freq"": 1}"
0,0,90,1,0.641644323660259,0.6130167732191882,0.06805251011466336,"{""colsample_bytree"": 0.8972425054911576, ""learning_rate"": 0.03364867144187954, ""max_depth"": 2, ""min_child_samples"": 13, ""num_leaves"": 4, ""reg_lambda"": 0.10863751951257755, ""subsample"": 0.7693605922825478, ""subsample_freq"": 1}"
0,0,92,1,0.9688233433184791,0.9469442650757687,0.04654881379638383,"{""colsample_bytree"": 0.8972425054911576, ""learning_rate"": 0.03364867144187954, ""max_depth"": 2, ""min_child_samples"": 13, ""num_leaves"": 4, ""reg_lambda"": 0.10863751951257755, ""subsample"": 0.7693605922825478, ""subsample_freq"": 1}"
0,0,101,1,0.9712535180221118,0.9541407501655433,0.027181361485931654,"{""colsample_bytree"": 0.8972425054911576, ""learning_rate"": 0.03364867144187954, ""max_depth"": 2, ""min_child_samples"": 13, ""num_leaves"": 4, ""reg_lambda"": 0.10863751951257755, ""subsample"": 0.7693605922825478, ""subsample_freq"": 1}"
0,0,106,1,0.9024459193931952,0.8668289059628919,0.05806770652498081,"{""colsample_bytree"": 0.8972425054911576, ""learning_rate"": 0.03364867144187954, ""max_depth"": 2, ""min_child_samples"": 13, ""num_leaves"": 4, ""reg_lambda"": 0.10863751951257755, ""subsample"": 0.7693605922825478, ""subsample_freq"": 1}"
0,0,111,1,0.9434338038592014,0.9263563788071594,0.021440002611867206,"{""colsample_bytree"": 0.8972425054911576, ""learning_rate"": 0.03364867144187954, ""max_depth"": 2, ""min_child_samples"": 13, ""num_leaves"": 4, ""reg_lambda"": 0.10863751951257755, ""subsample"": 0.7693605922825478, ""subsample_freq"": 1}"
0,0,120,1,0.9404364399375754,0.9029007478464182,0.04089777191113178,"{""colsample_bytree"": 0.8972425054911576, ""learning_rate"": 0.03364867144187954, ""max_depth"": 2, ""min_child_samples"": 13, ""num_leaves"": 4, ""reg_lambda"": 0.10863751951257755, ""subsample"": 0.7693605922825478, ""subsample_freq"": 1}"
0,0,123,1,0.6358890596160728,0.6249216431865354,0.12703203266359933,"{""colsample_bytree"": 0.8972425054911576, ""learning_rate"": 0.03364867144187954, ""max_depth"": 2, ""min_child_samples"": 13, ""num_leaves"": 4, ""reg_lambda"": 0.10863751951257755, ""subsample"": 0.7693605922825478, ""subsample_freq"": 1}"
0,0,126,1,0.8272618553668543,0.786518756635994,0.054845918522322484,"{""colsample_bytree"": 0.8972425054911576, ""learning_rate"": 0.03364867144187954, ""max_depth"": 2, ""min_child_samples"": 13, ""num_leaves"": 4, ""reg_lambda"": 0.10863751951257755, ""subsample"": 0.7693605922825478, ""subsample_freq"": 1}"
0,0,127,1,0.9762390265822445,0.9483632010596296,0.022958163431597716,"{""colsample_bytree"": 0.8972425054911576, ""learning_rate"": 0.03364867144187954, ""max_depth"": 2, ""min_child_samples"": 13, ""num_leaves"": 4, ""reg_lambda"": 0.10863751951257755, ""subsample"": 0.7693605922825478, ""subsample_freq"": 1}"
0,0,129,0,0.24425769653752813,0.2857403187164406,0.0950810885643953,"{""colsample_bytree"": 0.8972425054911576, ""learning_rate"": 0.03364867144187954, ""max_depth"": 2, ""min_child_samples"": 13, ""num_leaves"": 4, ""reg_lambda"": 0.10863751951257755, ""subsample"": 0.7693605922825478, ""subsample_freq"": 1}"
0,0,132,1,0.977942257799604,0.9562237459437695,0.029492354854798487,"{""colsample_bytree"": 0.8972425054911576, ""learning_rate"": 0.03364867144187954, ""max_depth"": 2, ""min_child_samples"": 13, ""num_leaves"": 4, ""reg_lambda"": 0.10863751951257755, ""subsample"": 0.7693605922825478, ""subsample_freq"": 1}"
0,0,134,1,0.9703131533635293,0.9401411546660616,0.028920972993451234,"{""colsample_bytree"": 0.8972425054911576, ""learning_rate"": 0.03364867144187954, ""max_depth"": 2, ""min_child_samples"": 13, ""num_leaves"": 4, ""reg_lambda"": 0.10863751951257755, ""subsample"": 0.7693605922825478, ""subsample_freq"": 1}"
0,0,140,1,0.9628077498516784,0.9277258218228208,0.03800818324836669,"{""colsample_bytree"": 0.8972425054911576, ""learning_rate"": 0.03364867144187954, ""max_depth"": 2, ""min_child_samples"": 13, ""num_leaves"": 4, ""reg_lambda"": 0.10863751951257755, ""subsample"": 0.7693605922825478, ""subsample_freq"": 1}"
0,0,141,1,0.9868065693148154,0.9772165834431403,0.010081715339871187,"{""colsample_bytree"": 0.8972425054911576, ""learning_rate"": 0.03364867144187954, ""max_depth"": 2, ""min_child_samples"": 13, ""num_leaves"": 4, ""reg_lambda"": 0.10863751951257755, ""subsample"": 0.7693605922825478, ""subsample_freq"": 1}"
0,0,148,1,0.9542573643349346,0.8820118923354265,0.06193540747749068,"{""colsample_bytree"": 0.8972425054911576, ""learning_rate"": 0.03364867144187954, ""max_depth"": 2, ""min_child_samples"": 13, ""num_leaves"": 4, ""reg_lambda"": 0.10863751951257755, ""subsample"": 0.7693605922825478, ""subsample_freq"": 1}"
0,0,153,0,0.6627165269933387,0.6391695233586706,0.0699137620264076,"{""colsample_bytree"": 0.8972425054911576, ""learning_rate"": 0.03364867144187954, ""max_depth"": 2, ""min_child_samples"": 13, ""num_leaves"": 4, ""reg_lambda"": 0.10863751951257755, ""subsample"": 0.7693605922825478, ""subsample_freq"": 1}"
0,0,156,1,0.8349495640329393,0.8516810538232058,0.060038781836671336,"{""colsample_bytree"": 0.8972425054911576, ""learning_rate"": 0.03364867144187954, ""max_depth"": 2, ""min_child_samples"": 13, ""num_leaves"": 4, ""reg_lambda"": 0.10863751951257755, ""subsample"": 0.7693605922825478, ""subsample_freq"": 1}"
0,0,164,1,0.9805985278744765,0.9525575394139227,0.020203177463850076,"{""colsample_bytree"": 0.8972425054911576, ""learning_rate"": 0.03364867144187954, ""max_depth"": 2, ""min_child_samples"": 13, ""num_leaves"": 4, ""reg_lambda"": 0.10863751951257755, ""subsample"": 0.7693605922825478, ""subsample_freq"": 1}"
0,0,166,0,0.11412588577729434,0.15262862529984583,0.09187765538934396,"{""colsample_bytree"": 0.8972425054911576, ""learning_rate"": 0.03364867144187954, ""max_depth"": 2, ""min_child_samples"": 13, ""num_leaves"": 4, ""reg_lambda"": 0.10863751951257755, ""subsample"": 0.7693605922825478, ""subsample_freq"": 1}"
0,0,167,1,0.9053882965566382,0.8358084955956432,0.07788754732529689,"{""colsample_bytree"": 0.8972425054911576, ""learning_rate"": 0.03364867144187954, ""max_depth"": 2, ""min_child_samples"": 13, ""num_leaves"": 4, ""reg_lambda"": 0.10863751951257755, ""subsample"": 0.7693605922825478, ""subsample_freq"": 1}"
0,0,168,0,0.10679990319227974,0.1494803358419526,0.10543587366306778,"{""colsample_bytree"": 0.8972425054911576, ""learning_rate"": 0.03364867144187954, ""max_depth"": 2, ""min_child_samples"": 13, ""num_leaves"": 4, ""reg_lambda"": 0.10863751951257755, ""subsample"": 0.7693605922825478, ""subsample_freq"": 1}"
0,0,174,1,0.9973989593353151,0.9925463217662042,0.007954154831379304,"{""colsample_bytree"": 0.8972425054911576, ""learning_rate"": 0.03364867144187954, ""max_depth"": 2, ""min_child_samples"": 13, ""num_leaves"": 4, ""reg_lambda"": 0.10863751951257755, ""subsample"": 0.7693605922825478, ""subsample_freq"": 1}"
0,0,181,1,0.9608402316514667,0.9458605752958,0.027527446418173805,"{""colsample_bytree"": 0.8972425054911576, ""learning_rate"": 0.03364867144187954, ""max_depth"": 2, ""min_child_samples"": 13, ""num_leaves"": 4, ""reg_lambda"": 0.10863751951257755, ""subsample"": 0.7693605922825478, ""subsample_freq"": 1}"
0,0,187,1,0.9481124900380773,0.9167599749419926,0.041697159066075094,"{""colsample_bytree"": 0.8972425054911576, ""learning_rate"": 0.03364867144187954, ""max_depth"": 2, ""min_child_samples"": 13, ""num_leaves"": 4, ""reg_lambda"": 0.10863751951257755, ""subsample"": 0.7693605922825478, ""subsample_freq"": 1}"
0,0,194,0,0.4027935847309781,0.3650754023010215,0.06607626945660038,"{""colsample_bytree"": 0.8972425054911576, ""learning_rate"": 0.03364867144187954, ""max_depth"": 2, ""min_child_samples"": 13, ""num_leaves"": 4, ""reg_lambda"": 0.10863751951257755, ""subsample"": 0.7693605922825478, ""subsample_freq"": 1}"
0,0,201,0,0.5316174315039246,0.6286499715893097,0.06197952409747952,"{""colsample_bytree"": 0.8972425054911576, ""learning_rate"": 0.03364867144187954, ""max_depth"": 2, ""min_child_samples"": 13, ""num_leaves"": 4, ""reg_lambda"": 0.10863751951257755, ""subsample"": 0.7693605922825478, ""subsample_freq"": 1}"
0,0,203,0,0.468763664380767,0.4447273097245222,0.12623452492098441,"{""colsample_bytree"": 0.8972425054911576, ""learning_rate"": 0.03364867144187954, ""max_depth"": 2, ""min_child_samples"": 13, ""num_leaves"": 4, ""reg_lambda"": 0.10863751951257755, ""subsample"": 0.7693605922825478, ""subsample_freq"": 1}"
0,0,205,1,0.2824429890403749,0.39613073843052604,0.1512394562497894,"{""colsample_bytree"": 0.8972425054911576, ""learning_rate"": 0.03364867144187954, ""max_depth"": 2, ""min_child_samples"": 13, ""num_leaves"": 4, ""reg_lambda"": 0.10863751951257755, ""subsample"": 0.7693605922825478, ""subsample_freq"": 1}"
0,0,206,1,0.9619059819683048,0.9155816292500581,0.03626983224726651,"{""colsample_bytree"": 0.8972425054911576, ""learning_rate"": 0.03364867144187954, ""max_depth"": 2, ""min_child_samples"": 13, ""num_leaves"": 4, ""reg_lambda"": 0.10863751951257755, ""subsample"": 0.7693605922825478, ""subsample_freq"": 1}"
0,0,212,0,0.08554236723207964,0.11025906149865458,0.05424132971442449,"{""colsample_bytree"": 0.8972425054911576, ""learning_rate"": 0.03364867144187954, ""max_depth"": 2, ""min_child_samples"": 13, ""num_leaves"": 4, ""reg_lambda"": 0.10863751951257755, ""subsample"": 0.7693605922825478, ""subsample_freq"": 1}"
0,0,220,1,0.8099504296849029,0.7575671044742281,0.08276636661733082,"{""colsample_bytree"": 0.8972425054911576, ""learning_rate"": 0.03364867144187954, ""max_depth"": 2, ""min_child_samples"": 13, ""num_leaves"": 4, ""reg_lambda"": 0.10863751951257755, ""subsample"": 0.7693605922825478, ""subsample_freq"": 1}"
0,0,221,1,0.6132049626077098,0.5944288652857886,0.17506654851928985,"{""colsample_bytree"": 0.8972425054911576, ""learning_rate"": 0.03364867144187954, ""max_depth"": 2, ""min_child_samples"": 13, ""num_leaves"": 4, ""reg_lambda"": 0.10863751951257755, ""subsample"": 0.7693605922825478, ""subsample_freq"": 1}"
0,0,225,1,0.796030604514922,0.8056891237294479,0.1053225919855646,"{""colsample_bytree"": 0.8972425054911576, ""learning_rate"": 0.03364867144187954, ""max_depth"": 2, ""min_child_samples"": 13, ""num_leaves"": 4, ""reg_lambda"": 0.10863751951257755, ""subsample"": 0.7693605922825478, ""subsample_freq"": 1}"
0,0,233,0,0.40535033632119316,0.44036522757516633,0.08461978044318828,"{""colsample_bytree"": 0.8972425054911576, ""learning_rate"": 0.03364867144187954, ""max_depth"": 2, ""min_child_samples"": 13, ""num_leaves"": 4, ""reg_lambda"": 0.10863751951257755, ""subsample"": 0.7693605922825478, ""subsample_freq"": 1}"
0,0,244,1,0.7483912578783426,0.722656976635007,0.09358827824760142,"{""colsample_bytree"": 0.8972425054911576, ""learning_rate"": 0.03364867144187954, ""max_depth"": 2, ""min_child_samples"": 13, ""num_leaves"": 4, ""reg_lambda"": 0.10863751951257755, ""subsample"": 0.7693605922825478, ""subsample_freq"": 1}"
0,0,251,1,0.2814082780847011,0.32142422403828064,0.10860667663845466,"{""colsample_bytree"": 0.8972425054911576, ""learning_rate"": 0.03364867144187954, ""max_depth"": 2, ""min_child_samples"": 13, ""num_leaves"": 4, ""reg_lambda"": 0.10863751951257755, ""subsample"": 0.7693605922825478, ""subsample_freq"": 1}"
0,0,259,1,0.8814197700169119,0.851359445234025,0.0376891742283715,"{""colsample_bytree"": 0.8972425054911576, ""learning_rate"": 0.03364867144187954, ""max_depth"": 2, ""min_child_samples"": 13, ""num_leaves"": 4, ""reg_lambda"": 0.10863751951257755, ""subsample"": 0.7693605922825478, ""subsample_freq"": 1}"
0,0,264,0,0.14046843265565087,0.1798830119904815,0.10300861663072591,"{""colsample_bytree"": 0.8972425054911576, ""learning_rate"": 0.03364867144187954, ""max_depth"": 2, ""min_child_samples"": 13, ""num_leaves"": 4, ""reg_lambda"": 0.10863751951257755, ""subsample"": 0.7693605922825478, ""subsample_freq"": 1}"
0,0,279,1,0.9483695685021749,0.908966001520794,0.043038192405440816,"{""colsample_bytree"": 0.8972425054911576, ""learning_rate"": 0.03364867144187954, ""max_depth"": 2, ""min_child_samples"": 13, ""num_leaves"": 4, ""reg_lambda"": 0.10863751951257755, ""subsample"": 0.7693605922825478, ""subsample_freq"": 1}"
0,0,288,1,0.7572767021014929,0.6584574889065057,0.08721229373707087,"{""colsample_bytree"": 0.8972425054911576, ""learning_rate"": 0.03364867144187954, ""max_depth"": 2, ""min_child_samples"": 13, ""num_leaves"": 4, ""reg_lambda"": 0.10863751951257755, ""subsample"": 0.7693605922825478, ""subsample_freq"": 1}"
0,0,292,0,0.6398119174151776,0.6340694150083379,0.06715713547590424,"{""colsample_bytree"": 0.8972425054911576, ""learning_rate"": 0.03364867144187954, ""max_depth"": 2, ""min_child_samples"": 13, ""num_leaves"": 4, ""reg_lambda"": 0.10863751951257755, ""subsample"": 0.7693605922825478, ""subsample_freq"": 1}"
0,0,299,0,0.11136918997698128,0.15880079442312228,0.07188623416173823,"{""colsample_bytree"": 0.8972425054911576, ""learning_rate"": 0.03364867144187954, ""max_depth"": 2, ""min_child_samples"": 13, ""num_leaves"": 4, ""reg_lambda"": 0.10863751951257755, ""subsample"": 0.7693605922825478, ""subsample_freq"": 1}"
0,0,300,0,0.23661730273445034,0.2642660367169036,0.09151493930022228,"{""colsample_bytree"": 0.8972425054911576, ""learning_rate"": 0.03364867144187954, ""max_depth"": 2, ""min_child_samples"": 13, ""num_leaves"": 4, ""reg_lambda"": 0.10863751951257755, ""subsample"": 0.7693605922825478, ""subsample_freq"": 1}"
0,1,4,0,0.6405082858464133,0.608778103694574,0.07376291536924366,"{""colsample_bytree"": 0.4030777294386742, ""learning_rate"": 0.06344187076859988, ""max_depth"": 4, ""min_child_samples"": 26, ""num_leaves"": 9, ""reg_lambda"": 17.81874260455897, ""subsample"": 0.963465103132435, ""subsample_freq"": 1}"
0,1,10,1,0.9579529839440839,0.9568867809518317,0.018346284557018745,"{""colsample_bytree"": 0.4030777294386742, ""learning_rate"": 0.06344187076859988, ""max_depth"": 4, ""min_child_samples"": 26, ""num_leaves"": 9, ""reg_lambda"": 17.81874260455897, ""subsample"": 0.963465103132435, ""subsample_freq"": 1}"
0,1,19,1,0.9700006415516583,0.9720928048116848,0.02174754603014323,"{""colsample_bytree"": 0.4030777294386742, ""learning_rate"": 0.06344187076859988, ""max_depth"": 4, ""min_child_samples"": 26, ""num_leaves"": 9, ""reg_lambda"": 17.81874260455897, ""subsample"": 0.963465103132435, ""subsample_freq"": 1}"
0,1,24,1,0.9382894132168269,0.9366987704220463,0.042980314476564786,"{""colsample_bytree"": 0.4030777294386742, ""learning_rate"": 0.06344187076859988, ""max_depth"": 4, ""min_child_samples"": 26, ""num_leaves"": 9, ""reg_lambda"": 17.81874260455897, ""subsample"": 0.963465103132435, ""subsample_freq"": 1}"
0,1,26,0,0.3455262823339949,0.25967153792597036,0.10219244441124054,"{""colsample_bytree"": 0.4030777294386742, ""learning_rate"": 0.06344187076859988, ""max_depth"": 4, ""min_child_samples"": 26, ""num_leaves"": 9, ""reg_lambda"": 17.81874260455897, ""subsample"": 0.963465103132435, ""subsample_freq"": 1}"
0,1,28,1,0.9697050641134174,0.9732785011337324,0.016014109203130653,"{""colsample_bytree"": 0.4030777294386742, ""learning_rate"": 0.06344187076859988, ""max_depth"": 4, ""min_child_samples"": 26, ""num_leaves"": 9, ""reg_lambda"": 17.81874260455897, ""subsample"": 0.963465103132435, ""subsample_freq"": 1}"
0,1,34,1,0.703070747418066,0.6760148349927327,0.1119592478002282,"{""colsample_bytree"": 0.4030777294386742, ""learning_rate"": 0.06344187076859988, ""max_depth"": 4, ""min_child_samples"": 26, ""num_leaves"": 9, ""reg_lambda"": 17.81874260455897, ""subsample"": 0.963465103132435, ""subsample_freq"": 1}"
0,1,38,1,0.774605938726342,0.691845415946341,0.12732630877997703,"{""colsample_bytree"": 0.4030777294386742, ""learning_rate"": 0.06344187076859988, ""max_depth"": 4, ""min_child_samples"": 26, ""num_leaves"": 9, ""reg_lambda"": 17.81874260455897, ""subsample"": 0.963465103132435, ""subsample_freq"": 1}"
0,1,41,0,0.44308366841626556,0.388395507493299,0.12124889914253795,"{""colsample_bytree"": 0.4030777294386742, ""learning_rate"": 0.06344187076859988, ""max_depth"": 4, ""min_child_samples"": 26, ""num_leaves"": 9, ""reg_lambda"": 17.81874260455897, ""subsample"": 0.963465103132435, ""subsample_freq"": 1}"
0,1,45,1,0.9172680589315184,0.9235341729778781,0.03307120069974814,"{""colsample_bytree"": 0.4030777294386742, ""learning_rate"": 0.06344187076859988, ""max_depth"": 4, ""min_child_samples"": 26, ""num_leaves"": 9, ""reg_lambda"": 17.81874260455897, ""subsample"": 0.963465103132435, ""subsample_freq"": 1}"
0,1,48,0,0.14207430288283587,0.14582782959811963,0.07108788620609767,"{""colsample_bytree"": 0.4030777294386742, ""learning_rate"": 0.06344187076859988, ""max_depth"": 4, ""min_child_samples"": 26, ""num_leaves"": 9, ""reg_lambda"": 17.81874260455897, ""subsample"": 0.963465103132435, ""subsample_freq"": 1}"
0,1,55,1,0.9788696928341342,0.9740411732466139,0.023707167857109895,"{""colsample_bytree"": 0.4030777294386742, ""learning_rate"": 0.06344187076859988, ""max_depth"": 4, ""min_child_samples"": 26, ""num_leaves"": 9, ""reg_lambda"": 17.81874260455897, ""subsample"": 0.963465103132435, ""subsample_freq"": 1}"
0,1,59,1,0.9746346129102734,0.9740562843284556,0.017895543850125286,"{""colsample_bytree"": 0.4030777294386742, ""learning_rate"": 0.06344187076859988, ""max_depth"": 4, ""min_child_samples"": 26, ""num_leaves"": 9, ""reg_lambda"": 17.81874260455897, ""subsample"": 0.963465103132435, ""subsample_freq"": 1}"
0,1,73,1,0.8949755134351516,0.887760071717655,0.06310381671392919,"{""colsample_bytree"": 0.4030777294386742, ""learning_rate"": 0.06344187076859988, ""max_depth"": 4, ""min_child_samples"": 26, ""num_leaves"": 9, ""reg_lambda"": 17.81874260455897, ""subsample"": 0.963465103132435, ""subsample_freq"": 1}"
0,1,75,1,0.7643088863985472,0.7043554536360114,0.09687986156131599,"{""colsample_bytree"": 0.4030777294386742, ""learning_rate"": 0.06344187076859988, ""max_depth"": 4, ""min_child_samples"": 26, ""num_leaves"": 9, ""reg_lambda"": 17.81874260455897, ""subsample"": 0.963465103132435, ""subsample_freq"": 1}"
0,1,76,1,0.9536778067735967,0.9642571387346981,0.023791149797882185,"{""colsample_bytree"": 0.4030777294386742, ""learning_rate"": 0.06344187076859988, ""max_depth"": 4, ""min_child_samples"": 26, ""num_leaves"": 9, ""reg_lambda"": 17.81874260455897, ""subsample"": 0.963465103132435, ""subsample_freq"": 1}"
0,1,80,1,0.9719707859699466,0.9652024761090006,0.023472591050307825,"{""colsample_bytree"": 0.4030777294386742, ""learning_rate"": 0.06344187076859988, ""max_depth"": 4, ""min_child_samples"": 26, ""num_leaves"": 9, ""reg_lambda"": 17.81874260455897, ""subsample"": 0.963465103132435, ""subsample_freq"": 1}"
0,1,83,1,0.7100327576481859,0.7324403415557966,0.07724415799152982,"{""colsample_bytree"": 0.4030777294386742, ""learning_rate"": 0.06344187076859988, ""max_depth"": 4, ""min_child_samples"": 26, ""num_leaves"": 9, ""reg_lambda"": 17.81874260455897, ""subsample"": 0.963465103132435, ""subsample_freq"": 1}"
0,1,84,1,0.9484393664231814,0.947770448982812,0.04058062965338299,"{""colsample_bytree"": 0.4030777294386742, ""learning_rate"": 0.06344187076859988, ""max_depth"": 4, ""min_child_samples"": 26, ""num_leaves"": 9, ""reg_lambda"": 17.81874260455897, ""subsample"": 0.963465103132435, ""subsample_freq"": 1}"
0,1,93,0,0.9670971729491884,0.9606700423779111,0.027046403385367748,"{""colsample_bytree"": 0.4030777294386742, ""learning_rate"": 0.06344187076859988, ""max_depth"": 4, ""min_child_samples"": 26, ""num_leaves"": 9, ""reg_lambda"": 17.81874260455897, ""subsample"": 0.963465103132435, ""subsample_freq"": 1}"
0,1,97,1,0.8614769978891177,0.8186228502179403,0.07580377189918713,"{""colsample_bytree"": 0.4030777294386742, ""learning_rate"": 0.06344187076859988, ""max_depth"": 4, ""min_child_samples"": 26, ""num_leaves"": 9, ""reg_lambda"": 17.81874260455897, ""subsample"": 0.963465103132435, ""subsample_freq"": 1}"
0,1,100,1,0.9408455477118695,0.9197449715685092,0.0529907553484149,"{""colsample_bytree"": 0.4030777294386742, ""learning_rate"": 0.06344187076859988, ""max_depth"": 4, ""min_child_samples"": 26, ""num_leaves"": 9, ""reg_lambda"": 17.81874260455897, ""subsample"": 0.963465103132435, ""subsample_freq"": 1}"
0,1,104,1,0.7973923428728044,0.7857390543234075,0.062051432731608874,"{""colsample_bytree"": 0.4030777294386742, ""learning_rate"": 0.06344187076859988, ""max_depth"": 4, ""min_child_samples"": 26, ""num_leaves"": 9, ""reg_lambda"": 17.81874260455897, ""subsample"": 0.963465103132435, ""subsample_freq"": 1}"
0,1,112,1,0.9113794541794527,0.9276712615199412,0.03546252159166406,"{""colsample_bytree"": 0.4030777294386742, ""learning_rate"": 0.06344187076859988, ""max_depth"": 4, ""min_child_samples"": 26, ""num_leaves"": 9, ""reg_lambda"": 17.81874260455897, ""subsample"": 0.963465103132435, ""subsample_freq"": 1}"
0,1,114,1,0.9806498469584802,0.9795247909661621,0.018609148480741865,"{""colsample_bytree"": 0.4030777294386742, ""learning_rate"": 0.06344187076859988, ""max_depth"": 4, ""min_child_samples"": 26, ""num_leaves"": 9, ""reg_lambda"": 17.81874260455897, ""subsample"": 0.963465103132435, ""subsample_freq"": 1}"
0,1,118,1,0.9636038102084611,0.9606070322978214,0.03409974260436488,"{""colsample_bytree"": 0.4030777294386742, ""learning_rate"": 0.06344187076859988, ""max_depth"": 4, ""min_child_samples"": 26, ""num_leaves"": 9, ""reg_lambda"": 17.81874260455897, ""subsample"": 0.963465103132435, ""subsample_freq"": 1}"
0,1,122,1,0.8772462269744578,0.8749392848708604,0.064828355662947,"{""colsample_bytree"": 0.4030777294386742, ""learning_rate"": 0.06344187076859988, ""max_depth"": 4, ""min_child_samples"": 26, ""num_leaves"": 9, ""reg_lambda"": 17.81874260455897, ""subsample"": 0.963465103132435, ""subsample_freq"": 1}"
0,1,130,0,0.4690653313572541,0.3823759606631955,0.08247496812028908,"{""colsample_bytree"": 0.4030777294386742, ""learning_rate"": 0.06344187076859988, ""max_depth"": 4, ""min_child_samples"": 26, ""num_leaves"": 9, ""reg_lambda"": 17.81874260455897, ""subsample"": 0.963465103132435, ""subsample_freq"": 1}"
0,1,133,0,0.5619041413347607,0.571554576203696,0.11431457409362679,"{""colsample_bytree"": 0.4030777294386742, ""learning_rate"": 0.06344187076859988, ""max_depth"": 4, ""min_child_samples"": 26, ""num_leaves"": 9, ""reg_lambda"": 17.81874260455897, ""subsample"": 0.963465103132435, ""subsample_freq"": 1}"
0,1,149,1,0.9162772229019678,0.9170217081204042,0.04808634002832894,"{""colsample_bytree"": 0.4030777294386742, ""learning_rate"": 0.06344187076859988, ""max_depth"": 4, ""min_child_samples"": 26, ""num_leaves"": 9, ""reg_lambda"": 17.81874260455897, ""subsample"": 0.963465103132435, ""subsample_freq"": 1}"
0,1,159,1,0.9704241081278465,0.9747191720359967,0.014851613095048437,"{""colsample_bytree"": 0.4030777294386742, ""learning_rate"": 0.06344187076859988, ""max_depth"": 4, ""min_child_samples"": 26, ""num_leaves"": 9, ""reg_lambda"": 17.81874260455897, ""subsample"": 0.963465103132435, ""subsample_freq"": 1}"
0,1,161,1,0.9637259894370691,0.9695153863990644,0.02383254289928802,"{""colsample_bytree"": 0.4030777294386742, ""learning_rate"": 0.06344187076859988, ""max_depth"": 4, ""min_child_samples"": 26, ""num_leaves"": 9, ""reg_lambda"": 17.81874260455897, ""subsample"": 0.963465103132435, ""subsample_freq"": 1}"
0,1,162,1,0.9620482622312344,0.9643687781019665,0.025538986525998515,"{""colsample_bytree"": 0.4030777294386742, ""learning_rate"": 0.06344187076859988, ""max_depth"": 4, ""min_child_samples"": 26, ""num_leaves"": 9, ""reg_lambda"": 17.81874260455897, ""subsample"": 0.963465103132435, ""subsample_freq"": 1}"
0,1,173,1,0.9605520196669076,0.9581989245736967,0.029644559680216932,"{""colsample_bytree"": 0.4030777294386742, ""learning_rate"": 0.06344187076859988, ""max_depth"": 4, ""min_child_samples"": 26, ""num_leaves"": 9, ""reg_lambda"": 17.81874260455897, ""subsample"": 0.963465103132435, ""subsample_freq"": 1}"
0,1,177,1,0.961620537103642,0.9611868152342357,0.01787818580166541,"{""colsample_bytree"": 0.4030777294386742, ""learning_rate"": 0.06344187076859988, ""max_depth"": 4, ""min_child_samples"": 26, ""num_leaves"": 9, ""reg_lambda"": 17.81874260455897, ""subsample"": 0.963465103132435, ""subsample_freq"": 1}"
0,1,179,0,0.1798086946891969,0.17292284107083922,0.049107118905431214,"{""colsample_bytree"": 0.4030777294386742, ""learning_rate"": 0.06344187076859988, ""max_depth"": 4, ""min_child_samples"": 26, ""num_leaves"": 9, ""reg_lambda"": 17.81874260455897, ""subsample"": 0.963465103132435, ""subsample_freq"": 1}"
0,1,189,1,0.9372706614213759,0.9456076153572864,0.03694079829483596,"{""colsample_bytree"": 0.4030777294386742, ""learning_rate"": 0.06344187076859988, ""max_depth"": 4, ""min_child_samples"": 26, ""num_leaves"": 9, ""reg_lambda"": 17.81874260455897, ""subsample"": 0.963465103132435, ""subsample_freq"": 1}"
0,1,196,0,0.38759100317479184,0.2968671691132446,0.1329533497789487,"{""colsample_bytree"": 0.4030777294386742, ""learning_rate"": 0.06344187076859988, ""max_depth"": 4, ""min_child_samples"": 26, ""num_leaves"": 9, ""reg_lambda"": 17.81874260455897, ""subsample"": 0.963465103132435, ""subsample_freq"": 1}"
0,1,200,1,0.9428098078601169,0.9367434959161303,0.032799467296951074,"{""colsample_bytree"": 0.4030777294386742, ""learning_rate"": 0.06344187076859988, ""max_depth"": 4, ""min_child_samples"": 26, ""num_leaves"": 9, ""reg_lambda"": 17.81874260455897, ""subsample"": 0.963465103132435, ""subsample_freq"": 1}"
0,1,202,1,0.9623967217129245,0.9682678668250988,0.0227526290548292,"{""colsample_bytree"": 0.4030777294386742, ""learning_rate"": 0.06344187076859988, ""max_depth"": 4, ""min_child_samples"": 26, ""num_leaves"": 9, ""reg_lambda"": 17.81874260455897, ""subsample"": 0.963465103132435, ""subsample_freq"": 1}"
0,1,209,1,0.9528061412511856,0.9364949681177996,0.04209211648422405,"{""colsample_bytree"": 0.4030777294386742, ""learning_rate"": 0.06344187076859988, ""max_depth"": 4, ""min_child_samples"": 26, ""num_leaves"": 9, ""reg_lambda"": 17.81874260455897, ""subsample"": 0.963465103132435, ""subsample_freq"": 1}"
0,1,217,0,0.5780145792728671,0.5691620702970169,0.0552755987491677,"{""colsample_bytree"": 0.4030777294386742, ""learning_rate"": 0.06344187076859988, ""max_depth"": 4, ""min_child_samples"": 26, ""num_leaves"": 9, ""reg_lambda"": 17.81874260455897, ""subsample"": 0.963465103132435, ""subsample_freq"": 1}"
0,1,222,1,0.9490995086304566,0.9391106202274739,0.04016546040846319,"{""colsample_bytree"": 0.4030777294386742, ""learning_rate"": 0.06344187076859988, ""max_depth"": 4, ""min_child_samples"": 26, ""num_leaves"": 9, ""reg_lambda"": 17.81874260455897, ""subsample"": 0.963465103132435, ""subsample_freq"": 1}"
0,1,227,1,0.8763718639560432,0.8655787121345664,0.05807864502694282,"{""colsample_bytree"": 0.4030777294386742, ""learning_rate"": 0.06344187076859988, ""max_depth"": 4, ""min_child_samples"": 26, ""num_leaves"": 9, ""reg_lambda"": 17.81874260455897, ""subsample"": 0.963465103132435, ""subsample_freq"": 1}"
0,1,232,1,0.9370677988430183,0.9382571954553638,0.05674774174038844,"{""colsample_bytree"": 0.4030777294386742, ""learning_rate"": 0.06344187076859988, ""max_depth"": 4, ""min_child_samples"": 26, ""num_leaves"": 9, ""reg_lambda"": 17.81874260455897, ""subsample"": 0.963465103132435, ""subsample_freq"": 1}"
0,1,234,0,0.2986984215902413,0.2522917667018226,0.12081264124668441,"{""colsample_bytree"": 0.4030777294386742, ""learning_rate"": 0.06344187076859988, ""max_depth"": 4, ""min_child_samples"": 26, ""num_leaves"": 9, ""reg_lambda"": 17.81874260455897, ""subsample"": 0.963465103132435, ""subsample_freq"": 1}"
0,1,235,1,0.9718833081767297,0.9642662943953468,0.02867521402425047,"{""colsample_bytree"": 0.4030777294386742, ""learning_rate"": 0.06344187076859988, ""max_depth"": 4, ""min_child_samples"": 26, ""num_leaves"": 9, ""reg_lambda"": 17.81874260455897, ""subsample"": 0.963465103132435, ""subsample_freq"": 1}"
0,1,237,1,0.8271449097989655,0.804846704283476,0.02629622990832992,"{""colsample_bytree"": 0.4030777294386742, ""learning_rate"": 0.06344187076859988, ""max_depth"": 4, ""min_child_samples"": 26, ""num_leaves"": 9, ""reg_lambda"": 17.81874260455897, ""subsample"": 0.963465103132435, ""subsample_freq"": 1}"
0,1,241,1,0.3648364507843126,0.4565482262483297,0.20656297603106638,"{""colsample_bytree"": 0.4030777294386742, ""learning_rate"": 0.06344187076859988, ""max_depth"": 4, ""min_child_samples"": 26, ""num_leaves"": 9, ""reg_lambda"": 17.81874260455897, ""subsample"": 0.963465103132435, ""subsample_freq"": 1}"
0,1,242,1,0.9344682707475975,0.9208610182533423,0.04292128718267007,"{""colsample_bytree"": 0.4030777294386742, ""learning_rate"": 0.06344187076859988, ""max_depth"": 4, ""min_child_samples"": 26, ""num_leaves"": 9, ""reg_lambda"": 17.81874260455897, ""subsample"": 0.963465103132435, ""subsample_freq"": 1}"
0,1,245,1,0.6805382593458956,0.6667523368336776,0.1776873930994006,"{""colsample_bytree"": 0.4030777294386742, ""learning_rate"": 0.06344187076859988, ""max_depth"": 4, ""min_child_samples"": 26, ""num_leaves"": 9, ""reg_lambda"": 17.81874260455897, ""subsample"": 0.963465103132435, ""subsample_freq"": 1}"
0,1,254,0,0.7508849801994216,0.7511239137350592,0.10167075516523143,"{""colsample_bytree"": 0.4030777294386742, ""learning_rate"": 0.06344187076859988, ""max_depth"": 4, ""min_child_samples"": 26, ""num_leaves"": 9, ""reg_lambda"": 17.81874260455897, ""subsample"": 0.963465103132435, ""subsample_freq"": 1}"
0,1,255,0,0.26464760212621496,0.25596862423696354,0.10536687667709027,"{""colsample_bytree"": 0.4030777294386742, ""learning_rate"": 0.06344187076859988, ""max_depth"": 4, ""min_child_samples"": 26, ""num_leaves"": 9, ""reg_lambda"": 17.81874260455897, ""subsample"": 0.963465103132435, ""subsample_freq"": 1}"
0,1,256,0,0.35427404755147573,0.3517569943094777,0.119998035376948,"{""colsample_bytree"": 0.4030777294386742, ""learning_rate"": 0.06344187076859988, ""max_depth"": 4, ""min_child_samples"": 26, ""num_leaves"": 9, ""reg_lambda"": 17.81874260455897, ""subsample"": 0.963465103132435, ""subsample_freq"": 1}"
0,1,258,0,0.2523096083959834,0.23285500908519524,0.09304457806374965,"{""colsample_bytree"": 0.4030777294386742, ""learning_rate"": 0.06344187076859988, ""max_depth"": 4, ""min_child_samples"": 26, ""num_leaves"": 9, ""reg_lambda"": 17.81874260455897, ""subsample"": 0.963465103132435, ""subsample_freq"": 1}"
0,1,260,1,0.9564181758764377,0.96245288600416,0.02452509373424125,"{""colsample_bytree"": 0.4030777294386742, ""learning_rate"": 0.06344187076859988, ""max_depth"": 4, ""min_child_samples"": 26, ""num_leaves"": 9, ""reg_lambda"": 17.81874260455897, ""subsample"": 0.963465103132435, ""subsample_freq"": 1}"
0,1,272,0,0.6532253730352974,0.6214733699216707,0.094381156422843,"{""colsample_bytree"": 0.4030777294386742, ""learning_rate"": 0.06344187076859988, ""max_depth"": 4, ""min_child_samples"": 26, ""num_leaves"": 9, ""reg_lambda"": 17.81874260455897, ""subsample"": 0.963465103132435, ""subsample_freq"": 1}"
0,1,275,1,0.9647997511845793,0.9656934748590762,0.025381131206810695,"{""colsample_bytree"": 0.4030777294386742, ""learning_rate"": 0.06344187076859988, ""max_depth"": 4, ""min_child_samples"": 26, ""num_leaves"": 9, ""reg_lambda"": 17.81874260455897, ""subsample"": 0.963465103132435, ""subsample_freq"": 1}"
0,1,282,1,0.8806080898246086,0.9213250811201471,0.046324099977565494,"{""colsample_bytree"": 0.4030777294386742, ""learning_rate"": 0.06344187076859988, ""max_depth"": 4, ""min_child_samples"": 26, ""num_leaves"": 9, ""reg_lambda"": 17.81874260455897, ""subsample"": 0.963465103132435, ""subsample_freq"": 1}"
0,1,287,0,0.548285428999154,0.48384610970628045,0.12954346491747337,"{""colsample_bytree"": 0.4030777294386742, ""learning_rate"": 0.06344187076859988, ""max_depth"": 4, ""min_child_samples"": 26, ""num_leaves"": 9, ""reg_lambda"": 17.81874260455897, ""subsample"": 0.963465103132435, ""subsample_freq"": 1}"
0,1,291,0,0.3730218306735129,0.42353703105105484,0.0958618705971721,"{""colsample_bytree"": 0.4030777294386742, ""learning_rate"": 0.06344187076859988, ""max_depth"": 4, ""min_child_samples"": 26, ""num_leaves"": 9, ""reg_lambda"": 17.81874260455897, ""subsample"": 0.963465103132435, ""subsample_freq"": 1}"
0,2,7,1,0.9429782174377548,0.957655359757751,0.033521315383495814,"{""colsample_bytree"": 0.7976971538845393, ""learning_rate"": 0.024835081528532702, ""max_depth"": 2, ""min_child_samples"": 18, ""num_leaves"": 9, ""reg_lambda"": 4.327653726022918, ""subsample"": 0.6290031253590544, ""subsample_freq"": 1}"
0,2,17,0,0.5343127025815463,0.39948375871454267,0.18916769323506544,"{""colsample_bytree"": 0.7976971538845393, ""learning_rate"": 0.024835081528532702, ""max_depth"": 2, ""min_child_samples"": 18, ""num_leaves"": 9, ""reg_lambda"": 4.327653726022918, ""subsample"": 0.6290031253590544, ""subsample_freq"": 1}"
0,2,30,1,0.940444289312161,0.9379008292858766,0.039244599183180545,"{""colsample_bytree"": 0.7976971538845393, ""learning_rate"": 0.024835081528532702, ""max_depth"": 2, ""min_child_samples"": 18, ""num_leaves"": 9, ""reg_lambda"": 4.327653726022918, ""subsample"": 0.6290031253590544, ""subsample_freq"": 1}"
0,2,37,1,0.46043297495422675,0.3741086816411002,0.11960997720422654,"{""colsample_bytree"": 0.7976971538845393, ""learning_rate"": 0.024835081528532702, ""max_depth"": 2, ""min_child_samples"": 18, ""num_leaves"": 9, ""reg_lambda"": 4.327653726022918, ""subsample"": 0.6290031253590544, ""subsample_freq"": 1}"
0,2,39,1,0.9513826999982634,0.9582866394195978,0.03865846263273671,"{""colsample_bytree"": 0.7976971538845393, ""learning_rate"": 0.024835081528532702, ""max_depth"": 2, ""min_child_samples"": 18, ""num_leaves"": 9, ""reg_lambda"": 4.327653726022918, ""subsample"": 0.6290031253590544, ""subsample_freq"": 1}"
0,2,43,1,0.6554328283672121,0.6383843780590983,0.10829891038021666,"{""colsample_bytree"": 0.7976971538845393, ""learning_rate"": 0.024835081528532702, ""max_depth"": 2, ""min_child_samples"": 18, ""num_leaves"": 9, ""reg_lambda"": 4.327653726022918, ""subsample"": 0.6290031253590544, ""subsample_freq"": 1}"
0,2,44,1,0.7661359166829597,0.7270894716896807,0.04417193914786554,"{""colsample_bytree"": 0.7976971538845393, ""learning_rate"": 0.024835081528532702, ""max_depth"": 2, ""min_child_samples"": 18, ""num_leaves"": 9, ""reg_lambda"": 4.327653726022918, ""subsample"": 0.6290031253590544, ""subsample_freq"": 1}"
0,2,47,1,0.9534571787910049,0.9631357593421633,0.030297117011705437,"{""colsample_bytree"": 0.7976971538845393, ""learning_rate"": 0.024835081528532702, ""max_depth"": 2, ""min_child_samples"": 18, ""num_leaves"": 9, ""reg_lambda"": 4.327653726022918, ""subsample"": 0.6290031253590544, ""subsample_freq"": 1}"
0,2,49,1,0.689712021012796,0.6632434628123681,0.13162975494832796,"{""colsample_bytree"": 0.7976971538845393, ""learning_rate"": 0.024835081528532702, ""max_depth"": 2, ""min_child_samples"": 18, ""num_leaves"": 9, ""reg_lambda"": 4.327653726022918, ""subsample"": 0.6290031253590544, ""subsample_freq"": 1}"
0,2,50,1,0.735665108704955,0.659454523815932,0.07991004318953822,"{""colsample_bytree"": 0.7976971538845393, ""learning_rate"": 0.024835081528532702, ""max_depth"": 2, ""min_child_samples"": 18, ""num_leaves"": 9, ""reg_lambda"": 4.327653726022918, ""subsample"": 0.6290031253590544, ""subsample_freq"": 1}"
0,2,52,1,0.9619941574902229,0.9628672991046334,0.027962359694822476,"{""colsample_bytree"": 0.7976971538845393, ""learning_rate"": 0.024835081528532702, ""max_depth"": 2, ""min_child_samples"": 18, ""num_leaves"": 9, ""reg_lambda"": 4.327653726022918, ""subsample"": 0.6290031253590544, ""subsample_freq"": 1}"
0,2,53,1,0.34446807288865944,0.32297222391231883,0.12609808101102712,"{""colsample_bytree"": 0.7976971538845393, ""learning_rate"": 0.024835081528532702, ""max_depth"": 2, ""min_child_samples"": 18, ""num_leaves"": 9, ""reg_lambda"": 4.327653726022918, ""subsample"": 0.6290031253590544, ""subsample_freq"": 1}"
0,2,56,1,0.9232687295259562,0.9438496298323642,0.04010423770666631,"{""colsample_bytree"": 0.7976971538845393, ""learning_rate"": 0.024835081528532702, ""max_depth"": 2, ""min_child_samples"": 18, ""num_leaves"": 9, ""reg_lambda"": 4.327653726022918, ""subsample"": 0.6290031253590544, ""subsample_freq"": 1}"
0,2,64,0,0.32437365170988197,0.26585981183697693,0.13494359696895372,"{""colsample_bytree"": 0.7976971538845393, ""learning_rate"": 0.024835081528532702, ""max_depth"": 2, ""min_child_samples"": 18, ""num_leaves"": 9, ""reg_lambda"": 4.327653726022918, ""subsample"": 0.6290031253590544, ""subsample_freq"": 1}"
0,2,67,0,0.8205935138667725,0.8364581998172387,0.060898162337142944,"{""colsample_bytree"": 0.7976971538845393, ""learning_rate"": 0.024835081528532702, ""max_depth"": 2, ""min_child_samples"": 18, ""num_leaves"": 9, ""reg_lambda"": 4.327653726022918, ""subsample"": 0.6290031253590544, ""subsample_freq"": 1}"
0,2,69,1,0.9230851064854335,0.9174940170995847,0.03340118549809728,"{""colsample_bytree"": 0.7976971538845393, ""learning_rate"": 0.024835081528532702, ""max_depth"": 2, ""min_child_samples"": 18, ""num_leaves"": 9, ""reg_lambda"": 4.327653726022918, ""subsample"": 0.6290031253590544, ""subsample_freq"": 1}"
0,2,74,1,0.9689657048060241,0.9706732546906395,0.026725182904226392,"{""colsample_bytree"": 0.7976971538845393, ""learning_rate"": 0.024835081528532702, ""max_depth"": 2, ""min_child_samples"": 18, ""num_leaves"": 9, ""reg_lambda"": 4.327653726022918, ""subsample"": 0.6290031253590544, ""subsample_freq"": 1}"
0,2,79,0,0.1809355005597212,0.17065514843253196,0.12811764943101822,"{""colsample_bytree"": 0.7976971538845393, ""learning_rate"": 0.024835081528532702, ""max_depth"": 2, ""min_child_samples"": 18, ""num_leaves"": 9, ""reg_lambda"": 4.327653726022918, ""subsample"": 0.6290031253590544, ""subsample_freq"": 1}"
0,2,81,1,0.9603474335417373,0.9632178308548246,0.030878252766471388,"{""colsample_bytree"": 0.7976971538845393, ""learning_rate"": 0.024835081528532702, ""max_depth"": 2, ""min_child_samples"": 18, ""num_leaves"": 9, ""reg_lambda"": 4.327653726022918, ""subsample"": 0.6290031253590544, ""subsample_freq"": 1}"
0,2,85,1,0.8530425092738015,0.8450033222424599,0.05669330840394495,"{""colsample_bytree"": 0.7976971538845393, ""learning_rate"": 0.024835081528532702, ""max_depth"": 2, ""min_child_samples"": 18, ""num_leaves"": 9, ""reg_lambda"": 4.327653726022918, ""subsample"": 0.6290031253590544, ""subsample_freq"": 1}"
0,2,91,0,0.5800058673735669,0.4508914514584584,0.1675515520659437,"{""colsample_bytree"": 0.7976971538845393, ""learning_rate"": 0.024835081528532702, ""max_depth"": 2, ""min_child_samples"": 18, ""num_leaves"": 9, ""reg_lambda"": 4.327653726022918, ""subsample"": 0.6290031253590544, ""subsample_freq"": 1}"
0,2,95,1,0.9306732376437368,0.9284690871941808,0.054033545967626134,"{""colsample_bytree"": 0.7976971538845393, ""learning_rate"": 0.024835081528532702, ""max_depth"": 2, ""min_child_samples"": 18, ""num_leaves"": 9, ""reg_lambda"": 4.327653726022918, ""subsample"": 0.6290031253590544, ""subsample_freq"": 1}"
0,2,105,1,0.5668000487432883,0.5781629267391283,0.09803216036147364,"{""colsample_bytree"": 0.7976971538845393, ""learning_rate"": 0.024835081528532702, ""max_depth"": 2, ""min_child_samples"": 18, ""num_leaves"": 9, ""reg_lambda"": 4.327653726022918, ""subsample"": 0.6290031253590544, ""subsample_freq"": 1}"
0,2,108,0,0.3212915498948471,0.24238272944445677,0.21866512174323627,"{""colsample_bytree"": 0.7976971538845393, ""learning_rate"": 0.024835081528532702, ""max_depth"": 2, ""min_child_samples"": 18, ""num_leaves"": 9, ""reg_lambda"": 4.327653726022918, ""subsample"": 0.6290031253590544, ""subsample_freq"": 1}"
0,2,109,1,0.9328576257880873,0.9525772728909564,0.030800652950036655,"{""colsample_bytree"": 0.7976971538845393, ""learning_rate"": 0.024835081528532702, ""max_depth"": 2, ""min_child_samples"": 18, ""num_leaves"": 9, ""reg_lambda"": 4.327653726022918, ""subsample"": 0.6290031253590544, ""subsample_freq"": 1}"
0,2,110,1,0.37583821495719394,0.28074821032521935,0.0874409518523068,"{""colsample_bytree"": 0.7976971538845393, ""learning_rate"": 0.024835081528532702, ""max_depth"": 2, ""min_child_samples"": 18, ""num_leaves"": 9, ""reg_lambda"": 4.327653726022918, ""subsample"": 0.6290031253590544, ""subsample_freq"": 1}"
0,2,116,1,0.9268121668410073,0.9388530122957782,0.035169206509617634,"{""colsample_bytree"": 0.7976971538845393, ""learning_rate"": 0.024835081528532702, ""max_depth"": 2, ""min_child_samples"": 18, ""num_leaves"": 9, ""reg_lambda"": 4.327653726022918, ""subsample"": 0.6290031253590544, ""subsample_freq"": 1}"
0,2,117,1,0.9619994914355449,0.9604185135696361,0.027991510820901774,"{""colsample_bytree"": 0.7976971538845393, ""learning_rate"": 0.024835081528532702, ""max_depth"": 2, ""min_child_samples"": 18, ""num_leaves"": 9, ""reg_lambda"": 4.327653726022918, ""subsample"": 0.6290031253590544, ""subsample_freq"": 1}"
0,2,121,1,0.7733811730159196,0.7425233130563633,0.09183461933250112,"{""colsample_bytree"": 0.7976971538845393, ""learning_rate"": 0.024835081528532702, ""max_depth"": 2, ""min_child_samples"": 18, ""num_leaves"": 9, ""reg_lambda"": 4.327653726022918, ""subsample"": 0.6290031253590544, ""subsample_freq"": 1}"
0,2,125,1,0.8727278744819011,0.873733164507497,0.05830143309155473,"{""colsample_bytree"": 0.7976971538845393, ""learning_rate"": 0.024835081528532702, ""max_depth"": 2, ""min_child_samples"": 18, ""num_leaves"": 9, ""reg_lambda"": 4.327653726022918, ""subsample"": 0.6290031253590544, ""subsample_freq"": 1}"
0,2,147,1,0.919019843290252,0.9152723356422279,0.049797167058910664,"{""colsample_bytree"": 0.7976971538845393, ""learning_rate"": 0.024835081528532702, ""max_depth"": 2, ""min_child_samples"": 18, ""num_leaves"": 9, ""reg_lambda"": 4.327653726022918, ""subsample"": 0.6290031253590544, ""subsample_freq"": 1}"
0,2,150,0,0.7505135837989408,0.7102440635101671,0.05721998567798476,"{""colsample_bytree"": 0.7976971538845393, ""learning_rate"": 0.024835081528532702, ""max_depth"": 2, ""min_child_samples"": 18, ""num_leaves"": 9, ""reg_lambda"": 4.327653726022918, ""subsample"": 0.6290031253590544, ""subsample_freq"": 1}"
0,2,152,1,0.7963625750900282,0.8123145653771839,0.062012800377507706,"{""colsample_bytree"": 0.7976971538845393, ""learning_rate"": 0.024835081528532702, ""max_depth"": 2, ""min_child_samples"": 18, ""num_leaves"": 9, ""reg_lambda"": 4.327653726022918, ""subsample"": 0.6290031253590544, ""subsample_freq"": 1}"
0,2,165,1,0.8262798882153874,0.8430947570868079,0.04799214327920524,"{""colsample_bytree"": 0.7976971538845393, ""learning_rate"": 0.024835081528532702, ""max_depth"": 2, ""min_child_samples"": 18, ""num_leaves"": 9, ""reg_lambda"": 4.327653726022918, ""subsample"": 0.6290031253590544, ""subsample_freq"": 1}"
0,2,170,0,0.2124438423222024,0.20507941339846814,0.08734448796873408,"{""colsample_bytree"": 0.7976971538845393, ""learning_rate"": 0.024835081528532702, ""max_depth"": 2, ""min_child_samples"": 18, ""num_leaves"": 9, ""reg_lambda"": 4.327653726022918, ""subsample"": 0.6290031253590544, ""subsample_freq"": 1}"
0,2,178,1,0.857584830018339,0.8667435109215018,0.0460873779344091,"{""colsample_bytree"": 0.7976971538845393, ""learning_rate"": 0.024835081528532702, ""max_depth"": 2, ""min_child_samples"": 18, ""num_leaves"": 9, ""reg_lambda"": 4.327653726022918, ""subsample"": 0.6290031253590544, ""subsample_freq"": 1}"
0,2,188,1,0.46321852973874017,0.4226713925523525,0.05011477568715679,"{""colsample_bytree"": 0.7976971538845393, ""learning_rate"": 0.024835081528532702, ""max_depth"": 2, ""min_child_samples"": 18, ""num_leaves"": 9, ""reg_lambda"": 4.327653726022918, ""subsample"": 0.6290031253590544, ""subsample_freq"": 1}"
0,2,193,0,0.7345321076541362,0.7430386324944821,0.03760082729480937,"{""colsample_bytree"": 0.7976971538845393, ""learning_rate"": 0.024835081528532702, ""max_depth"": 2, ""min_child_samples"": 18, ""num_leaves"": 9, ""reg_lambda"": 4.327653726022918, ""subsample"": 0.6290031253590544, ""subsample_freq"": 1}"
0,2,199,0,0.32609089164182553,0.29069430676048963,0.0976742932297366,"{""colsample_bytree"": 0.7976971538845393, ""learning_rate"": 0.024835081528532702, ""max_depth"": 2, ""min_child_samples"": 18, ""num_leaves"": 9, ""reg_lambda"": 4.327653726022918, ""subsample"": 0.6290031253590544, ""subsample_freq"": 1}"
0,2,207,1,0.7966195106172692,0.854910318829778,0.03216302007744424,"{""colsample_bytree"": 0.7976971538845393, ""learning_rate"": 0.024835081528532702, ""max_depth"": 2, ""min_child_samples"": 18, ""num_leaves"": 9, ""reg_lambda"": 4.327653726022918, ""subsample"": 0.6290031253590544, ""subsample_freq"": 1}"
0,2,208,1,0.8513697914899008,0.89547569319679,0.06559604566990009,"{""colsample_bytree"": 0.7976971538845393, ""learning_rate"": 0.024835081528532702, ""max_depth"": 2, ""min_child_samples"": 18, ""num_leaves"": 9, ""reg_lambda"": 4.327653726022918, ""subsample"": 0.6290031253590544, ""subsample_freq"": 1}"
0,2,213,0,0.9081472207990181,0.9190637317063601,0.031309351641103364,"{""colsample_bytree"": 0.7976971538845393, ""learning_rate"": 0.024835081528532702, ""max_depth"": 2, ""min_child_samples"": 18, ""num_leaves"": 9, ""reg_lambda"": 4.327653726022918, ""subsample"": 0.6290031253590544, ""subsample_freq"": 1}"
0,2,216,0,0.6763302655827398,0.6436438854051646,0.07628018516047291,"{""colsample_bytree"": 0.7976971538845393, ""learning_rate"": 0.024835081528532702, ""max_depth"": 2, ""min_child_samples"": 18, ""num_leaves"": 9, ""reg_lambda"": 4.327653726022918, ""subsample"": 0.6290031253590544, ""subsample_freq"": 1}"
0,2,219,1,0.15702473044504509,0.1434776375367275,0.11373571456265003,"{""colsample_bytree"": 0.7976971538845393, ""learning_rate"": 0.024835081528532702, ""max_depth"": 2, ""min_child_samples"": 18, ""num_leaves"": 9, ""reg_lambda"": 4.327653726022918, ""subsample"": 0.6290031253590544, ""subsample_freq"": 1}"
0,2,236,1,0.4297078128705184,0.42328307106516255,0.09481708111981695,"{""colsample_bytree"": 0.7976971538845393, ""learning_rate"": 0.024835081528532702, ""max_depth"": 2, ""min_child_samples"": 18, ""num_leaves"": 9, ""reg_lambda"": 4.327653726022918, ""subsample"": 0.6290031253590544, ""subsample_freq"": 1}"
0,2,243,1,0.9023218396048822,0.9260088792134666,0.035257521190136074,"{""colsample_bytree"": 0.7976971538845393, ""learning_rate"": 0.024835081528532702, ""max_depth"": 2, ""min_child_samples"": 18, ""num_leaves"": 9, ""reg_lambda"": 4.327653726022918, ""subsample"": 0.6290031253590544, ""subsample_freq"": 1}"
0,2,247,0,0.13314577796252447,0.1281015608883054,0.10377019636828312,"{""colsample_bytree"": 0.7976971538845393, ""learning_rate"": 0.024835081528532702, ""max_depth"": 2, ""min_child_samples"": 18, ""num_leaves"": 9, ""reg_lambda"": 4.327653726022918, ""subsample"": 0.6290031253590544, ""subsample_freq"": 1}"
0,2,250,1,0.9343976974737592,0.9552798791635281,0.029266960528028917,"{""colsample_bytree"": 0.7976971538845393, ""learning_rate"": 0.024835081528532702, ""max_depth"": 2, ""min_child_samples"": 18, ""num_leaves"": 9, ""reg_lambda"": 4.327653726022918, ""subsample"": 0.6290031253590544, ""subsample_freq"": 1}"
0,2,257,0,0.5186644252760468,0.3968908804549229,0.17924120140451255,"{""colsample_bytree"": 0.7976971538845393, ""learning_rate"": 0.024835081528532702, ""max_depth"": 2, ""min_child_samples"": 18, ""num_leaves"": 9, ""reg_lambda"": 4.327653726022918, ""subsample"": 0.6290031253590544, ""subsample_freq"": 1}"
0,2,267,1,0.932297546070099,0.9324323534785186,0.03121832444888598,"{""colsample_bytree"": 0.7976971538845393, ""learning_rate"": 0.024835081528532702, ""max_depth"": 2, ""min_child_samples"": 18, ""num_leaves"": 9, ""reg_lambda"": 4.327653726022918, ""subsample"": 0.6290031253590544, ""subsample_freq"": 1}"
0,2,268,0,0.3602500258559084,0.2951613288167153,0.11242666842167495,"{""colsample_bytree"": 0.7976971538845393, ""learning_rate"": 0.024835081528532702, ""max_depth"": 2, ""min_child_samples"": 18, ""num_leaves"": 9, ""reg_lambda"": 4.327653726022918, ""subsample"": 0.6290031253590544, ""subsample_freq"": 1}"
0,2,269,1,0.9611061330727882,0.961938889874931,0.02733160714089437,"{""colsample_bytree"": 0.7976971538845393, ""learning_rate"": 0.024835081528532702, ""max_depth"": 2, ""min_child_samples"": 18, ""num_leaves"": 9, ""reg_lambda"": 4.327653726022918, ""subsample"": 0.6290031253590544, ""subsample_freq"": 1}"
0,2,270,0,0.1531098990597533,0.12140275252032265,0.10866315159919958,"{""colsample_bytree"": 0.7976971538845393, ""learning_rate"": 0.024835081528532702, ""max_depth"": 2, ""min_child_samples"": 18, ""num_leaves"": 9, ""reg_lambda"": 4.327653726022918, ""subsample"": 0.6290031253590544, ""subsample_freq"": 1}"
0,2,271,1,0.9309431126846909,0.9408333733745176,0.029241235573500696,"{""colsample_bytree"": 0.7976971538845393, ""learning_rate"": 0.024835081528532702, ""max_depth"": 2, ""min_child_samples"": 18, ""num_leaves"": 9, ""reg_lambda"": 4.327653726022918, ""subsample"": 0.6290031253590544, ""subsample_freq"": 1}"
0,2,273,1,0.9367398227684246,0.9582577951290213,0.027727919448478643,"{""colsample_bytree"": 0.7976971538845393, ""learning_rate"": 0.024835081528532702, ""max_depth"": 2, ""min_child_samples"": 18, ""num_leaves"": 9, ""reg_lambda"": 4.327653726022918, ""subsample"": 0.6290031253590544, ""subsample_freq"": 1}"
0,2,276,0,0.254810850206436,0.23054070662916043,0.1287286894575267,"{""colsample_bytree"": 0.7976971538845393, ""learning_rate"": 0.024835081528532702, ""max_depth"": 2, ""min_child_samples"": 18, ""num_leaves"": 9, ""reg_lambda"": 4.327653726022918, ""subsample"": 0.6290031253590544, ""subsample_freq"": 1}"
0,2,277,1,0.9548855616095314,0.9623535251262197,0.030668197939976157,"{""colsample_bytree"": 0.7976971538845393, ""learning_rate"": 0.024835081528532702, ""max_depth"": 2, ""min_child_samples"": 18, ""num_leaves"": 9, ""reg_lambda"": 4.327653726022918, ""subsample"": 0.6290031253590544, ""subsample_freq"": 1}"
0,2,283,1,0.5158072710462868,0.4922999821847605,0.07174604800490092,"{""colsample_bytree"": 0.7976971538845393, ""learning_rate"": 0.024835081528532702, ""max_depth"": 2, ""min_child_samples"": 18, ""num_leaves"": 9, ""reg_lambda"": 4.327653726022918, ""subsample"": 0.6290031253590544, ""subsample_freq"": 1}"
0,2,289,0,0.5056568278221889,0.3954576107681473,0.17590604402261859,"{""colsample_bytree"": 0.7976971538845393, ""learning_rate"": 0.024835081528532702, ""max_depth"": 2, ""min_child_samples"": 18, ""num_leaves"": 9, ""reg_lambda"": 4.327653726022918, ""subsample"": 0.6290031253590544, ""subsample_freq"": 1}"
0,2,294,1,0.7648131815117385,0.7800065241455175,0.04033077982775993,"{""colsample_bytree"": 0.7976971538845393, ""learning_rate"": 0.024835081528532702, ""max_depth"": 2, ""min_child_samples"": 18, ""num_leaves"": 9, ""reg_lambda"": 4.327653726022918, ""subsample"": 0.6290031253590544, ""subsample_freq"": 1}"
0,2,302,1,0.8322254657424202,0.8604024460971583,0.0474830727191452,"{""colsample_bytree"": 0.7976971538845393, ""learning_rate"": 0.024835081528532702, ""max_depth"": 2, ""min_child_samples"": 18, ""num_leaves"": 9, ""reg_lambda"": 4.327653726022918, ""subsample"": 0.6290031253590544, ""subsample_freq"": 1}"
0,3,2,1,0.9223454324050514,0.9271724930242684,0.020894712863652475,"{""colsample_bytree"": 0.99340690808536, ""learning_rate"": 0.0648252494224361, ""max_depth"": 2, ""min_child_samples"": 26, ""num_leaves"": 7, ""reg_lambda"": 12.723757214834999, ""subsample"": 0.7923495860353768, ""subsample_freq"": 1}"
0,3,3,0,0.46793086314484217,0.4782696962451783,0.09455219083143791,"{""colsample_bytree"": 0.99340690808536, ""learning_rate"": 0.0648252494224361, ""max_depth"": 2, ""min_child_samples"": 26, ""num_leaves"": 7, ""reg_lambda"": 12.723757214834999, ""subsample"": 0.7923495860353768, ""subsample_freq"": 1}"
0,3,12,1,0.9677551885761808,0.9308547869168914,0.020346511481652327,"{""colsample_bytree"": 0.99340690808536, ""learning_rate"": 0.0648252494224361, ""max_depth"": 2, ""min_child_samples"": 26, ""num_leaves"": 7, ""reg_lambda"": 12.723757214834999, ""subsample"": 0.7923495860353768, ""subsample_freq"": 1}"
0,3,13,1,0.9033421019293569,0.8426377355565668,0.08704909166950317,"{""colsample_bytree"": 0.99340690808536, ""learning_rate"": 0.0648252494224361, ""max_depth"": 2, ""min_child_samples"": 26, ""num_leaves"": 7, ""reg_lambda"": 12.723757214834999, ""subsample"": 0.7923495860353768, ""subsample_freq"": 1}"
0,3,21,1,0.7593352241948973,0.8326448627273985,0.05490984108864758,"{""colsample_bytree"": 0.99340690808536, ""learning_rate"": 0.0648252494224361, ""max_depth"": 2, ""min_child_samples"": 26, ""num_leaves"": 7, ""reg_lambda"": 12.723757214834999, ""subsample"": 0.7923495860353768, ""subsample_freq"": 1}"
0,3,23,1,0.97729979432366,0.9737777340745819,0.015494897265100345,"{""colsample_bytree"": 0.99340690808536, ""learning_rate"": 0.0648252494224361, ""max_depth"": 2, ""min_child_samples"": 26, ""num_leaves"": 7, ""reg_lambda"": 12.723757214834999, ""subsample"": 0.7923495860353768, ""subsample_freq"": 1}"
0,3,27,1,0.30714344033959995,0.2850866010478098,0.06694899721018263,"{""colsample_bytree"": 0.99340690808536, ""learning_rate"": 0.0648252494224361, ""max_depth"": 2, ""min_child_samples"": 26, ""num_leaves"": 7, ""reg_lambda"": 12.723757214834999, ""subsample"": 0.7923495860353768, ""subsample_freq"": 1}"
0,3,31,1,0.9185058689398296,0.8894666304634672,0.04325603973125253,"{""colsample_bytree"": 0.99340690808536, ""learning_rate"": 0.0648252494224361, ""max_depth"": 2, ""min_child_samples"": 26, ""num_leaves"": 7, ""reg_lambda"": 12.723757214834999, ""subsample"": 0.7923495860353768, ""subsample_freq"": 1}"
0,3,32,1,0.9208164889423717,0.9186787070639367,0.023614200625189378,"{""colsample_bytree"": 0.99340690808536, ""learning_rate"": 0.0648252494224361, ""max_depth"": 2, ""min_child_samples"": 26, ""num_leaves"": 7, ""reg_lambda"": 12.723757214834999, ""subsample"": 0.7923495860353768, ""subsample_freq"": 1}"
0,3,35,0,0.09482431438130326,0.11689825773704202,0.047388360894621416,"{""colsample_bytree"": 0.99340690808536, ""learning_rate"": 0.0648252494224361, ""max_depth"": 2, ""min_child_samples"": 26, ""num_leaves"": 7, ""reg_lambda"": 12.723757214834999, ""subsample"": 0.7923495860353768, ""subsample_freq"": 1}"
0,3,42,0,0.1620125674592084,0.18835604035573664,0.10291007005881117,"{""colsample_bytree"": 0.99340690808536, ""learning_rate"": 0.0648252494224361, ""max_depth"": 2, ""min_child_samples"": 26, ""num_leaves"": 7, ""reg_lambda"": 12.723757214834999, ""subsample"": 0.7923495860353768, ""subsample_freq"": 1}"
0,3,46,1,0.9487303009046951,0.9112294636380499,0.04884097683711468,"{""colsample_bytree"": 0.99340690808536, ""learning_rate"": 0.0648252494224361, ""max_depth"": 2, ""min_child_samples"": 26, ""num_leaves"": 7, ""reg_lambda"": 12.723757214834999, ""subsample"": 0.7923495860353768, ""subsample_freq"": 1}"
0,3,54,0,0.1624142877012003,0.20577909775610576,0.05781991909679667,"{""colsample_bytree"": 0.99340690808536, ""learning_rate"": 0.0648252494224361, ""max_depth"": 2, ""min_child_samples"": 26, ""num_leaves"": 7, ""reg_lambda"": 12.723757214834999, ""subsample"": 0.7923495860353768, ""subsample_freq"": 1}"
0,3,57,1,0.9751892300033496,0.9787687461494807,0.010731615676362731,"{""colsample_bytree"": 0.99340690808536, ""learning_rate"": 0.0648252494224361, ""max_depth"": 2, ""min_child_samples"": 26, ""num_leaves"": 7, ""reg_lambda"": 12.723757214834999, ""subsample"": 0.7923495860353768, ""subsample_freq"": 1}"
0,3,61,1,0.6052480094778143,0.6617959006809364,0.06954055310888517,"{""colsample_bytree"": 0.99340690808536, ""learning_rate"": 0.0648252494224361, ""max_depth"": 2, ""min_child_samples"": 26, ""num_leaves"": 7, ""reg_lambda"": 12.723757214834999, ""subsample"": 0.7923495860353768, ""subsample_freq"": 1}"
0,3,62,1,0.20566652954340162,0.1995036622067412,0.0862400485258188,"{""colsample_bytree"": 0.99340690808536, ""learning_rate"": 0.0648252494224361, ""max_depth"": 2, ""min_child_samples"": 26, ""num_leaves"": 7, ""reg_lambda"": 12.723757214834999, ""subsample"": 0.7923495860353768, ""subsample_freq"": 1}"
0,3,66,1,0.977813664171945,0.9636749608180661,0.015414938526382156,"{""colsample_bytree"": 0.99340690808536, ""learning_rate"": 0.0648252494224361, ""max_depth"": 2, ""min_child_samples"": 26, ""num_leaves"": 7, ""reg_lambda"": 12.723757214834999, ""subsample"": 0.7923495860353768, ""subsample_freq"": 1}"
0,3,70,0,0.3327561759401479,0.2993206874315082,0.08420095419345285,"{""colsample_bytree"": 0.99340690808536, ""learning_rate"": 0.0648252494224361, ""max_depth"": 2, ""min_child_samples"": 26, ""num_leaves"": 7, ""reg_lambda"": 12.723757214834999, ""subsample"": 0.7923495860353768, ""subsample_freq"": 1}"
0,3,78,1,0.8847903774428698,0.8962495706153181,0.008763632910346989,"{""colsample_bytree"": 0.99340690808536, ""learning_rate"": 0.0648252494224361, ""max_depth"": 2, ""min_child_samples"": 26, ""num_leaves"": 7, ""reg_lambda"": 12.723757214834999, ""subsample"": 0.7923495860353768, ""subsample_freq"": 1}"
0,3,82,1,0.8208984690063659,0.7718482253387453,0.05942588133495253,"{""colsample_bytree"": 0.99340690808536, ""learning_rate"": 0.0648252494224361, ""max_depth"": 2, ""min_child_samples"": 26, ""num_leaves"": 7, ""reg_lambda"": 12.723757214834999, ""subsample"": 0.7923495860353768, ""subsample_freq"": 1}"
0,3,96,1,0.937783886908763,0.9350128637378445,0.019614293421147413,"{""colsample_bytree"": 0.99340690808536, ""learning_rate"": 0.0648252494224361, ""max_depth"": 2, ""min_child_samples"": 26, ""num_leaves"": 7, ""reg_lambda"": 12.723757214834999, ""subsample"": 0.7923495860353768, ""subsample_freq"": 1}"
0,3,102,0,0.212541619462682,0.1719680041445059,0.08004022499348647,"{""colsample_bytree"": 0.99340690808536, ""learning_rate"": 0.0648252494224361, ""max_depth"": 2, ""min_child_samples"": 26, ""num_leaves"": 7, ""reg_lambda"": 12.723757214834999, ""subsample"": 0.7923495860353768, ""subsample_freq"": 1}"
0,3,103,1,0.979252993203553,0.9776426524405494,0.012562706233104263,"{""colsample_bytree"": 0.99340690808536, ""learning_rate"": 0.0648252494224361, ""max_depth"": 2, ""min_child_samples"": 26, ""num_leaves"": 7, ""reg_lambda"": 12.723757214834999, ""subsample"": 0.7923495860353768, ""subsample_freq"": 1}"
0,3,107,1,0.7920853003893302,0.7684316365423087,0.07401820808003384,"{""colsample_bytree"": 0.99340690808536, ""learning_rate"": 0.0648252494224361, ""max_depth"": 2, ""min_child_samples"": 26, ""num_leaves"": 7, ""reg_lambda"": 12.723757214834999, ""subsample"": 0.7923495860353768, ""subsample_freq"": 1}"
0,3,119,1,0.8506538427659749,0.8660466425869648,0.054117520220531366,"{""colsample_bytree"": 0.99340690808536, ""learning_rate"": 0.0648252494224361, ""max_depth"": 2, ""min_child_samples"": 26, ""num_leaves"": 7, ""reg_lambda"": 12.723757214834999, ""subsample"": 0.7923495860353768, ""subsample_freq"": 1}"
0,3,124,1,0.6905497364851014,0.6474069902941012,0.11572211710047055,"{""colsample_bytree"": 0.99340690808536, ""learning_rate"": 0.0648252494224361, ""max_depth"": 2, ""min_child_samples"": 26, ""num_leaves"": 7, ""reg_lambda"": 12.723757214834999, ""subsample"": 0.7923495860353768, ""subsample_freq"": 1}"
0,3,131,1,0.9830343326507438,0.9771766617976816,0.012731899784207674,"{""colsample_bytree"": 0.99340690808536, ""learning_rate"": 0.0648252494224361, ""max_depth"": 2, ""min_child_samples"": 26, ""num_leaves"": 7, ""reg_lambda"": 12.723757214834999, ""subsample"": 0.7923495860353768, ""subsample_freq"": 1}"
0,3,135,1,0.7903382494580691,0.718644022248314,0.047343435119661305,"{""colsample_bytree"": 0.99340690808536, ""learning_rate"": 0.0648252494224361, ""max_depth"": 2, ""min_child_samples"": 26, ""num_leaves"": 7, ""reg_lambda"": 12.723757214834999, ""subsample"": 0.7923495860353768, ""subsample_freq"": 1}"
0,3,136,0,0.40219694077637697,0.377249489385525,0.03494819183160505,"{""colsample_bytree"": 0.99340690808536, ""learning_rate"": 0.0648252494224361, ""max_depth"": 2, ""min_child_samples"": 26, ""num_leaves"": 7, ""reg_lambda"": 12.723757214834999, ""subsample"": 0.7923495860353768, ""subsample_freq"": 1}"
0,3,137,0,0.1269663620682678,0.14100416196424723,0.07126320697628201,"{""colsample_bytree"": 0.99340690808536, ""learning_rate"": 0.0648252494224361, ""max_depth"": 2, ""min_child_samples"": 26, ""num_leaves"": 7, ""reg_lambda"": 12.723757214834999, ""subsample"": 0.7923495860353768, ""subsample_freq"": 1}"
0,3,139,1,0.9648798136791655,0.9637049629264969,0.015707756679977324,"{""colsample_bytree"": 0.99340690808536, ""learning_rate"": 0.0648252494224361, ""max_depth"": 2, ""min_child_samples"": 26, ""num_leaves"": 7, ""reg_lambda"": 12.723757214834999, ""subsample"": 0.7923495860353768, ""subsample_freq"": 1}"
0,3,143,0,0.08255875354116045,0.07160868929299403,0.05294640092712029,"{""colsample_bytree"": 0.99340690808536, ""learning_rate"": 0.0648252494224361, ""max_depth"": 2, ""min_child_samples"": 26, ""num_leaves"": 7, ""reg_lambda"": 12.723757214834999, ""subsample"": 0.7923495860353768, ""subsample_freq"": 1}"
0,3,144,1,0.9351637087217242,0.9283779164023084,0.04227486500401731,"{""colsample_bytree"": 0.99340690808536, ""learning_rate"": 0.0648252494224361, ""max_depth"": 2, ""min_child_samples"": 26, ""num_leaves"": 7, ""reg_lambda"": 12.723757214834999, ""subsample"": 0.7923495860353768, ""subsample_freq"": 1}"
0,3,146,1,0.9879286851228141,0.9849798250176753,0.013485576039603157,"{""colsample_bytree"": 0.99340690808536, ""learning_rate"": 0.0648252494224361, ""max_depth"": 2, ""min_child_samples"": 26, ""num_leaves"": 7, ""reg_lambda"": 12.723757214834999, ""subsample"": 0.7923495860353768, ""subsample_freq"": 1}"
0,3,158,1,0.43028485875710915,0.38285794300035736,0.1473607497196042,"{""colsample_bytree"": 0.99340690808536, ""learning_rate"": 0.0648252494224361, ""max_depth"": 2, ""min_child_samples"": 26, ""num_leaves"": 7, ""reg_lambda"": 12.723757214834999, ""subsample"": 0.7923495860353768, ""subsample_freq"": 1}"
0,3,160,1,0.9268878359397237,0.9231244134535667,0.028178902637627443,"{""colsample_bytree"": 0.99340690808536, ""learning_rate"": 0.0648252494224361, ""max_depth"": 2, ""min_child_samples"": 26, ""num_leaves"": 7, ""reg_lambda"": 12.723757214834999, ""subsample"": 0.7923495860353768, ""subsample_freq"": 1}"
0,3,163,1,0.7389876053916146,0.7297312399901683,0.07205346329599582,"{""colsample_bytree"": 0.99340690808536, ""learning_rate"": 0.0648252494224361, ""max_depth"": 2, ""min_child_samples"": 26, ""num_leaves"": 7, ""reg_lambda"": 12.723757214834999, ""subsample"": 0.7923495860353768, ""subsample_freq"": 1}"
0,3,169,0,0.28586834523765453,0.286050765636127,0.03542147185330039,"{""colsample_bytree"": 0.99340690808536, ""learning_rate"": 0.0648252494224361, ""max_depth"": 2, ""min_child_samples"": 26, ""num_leaves"": 7, ""reg_lambda"": 12.723757214834999, ""subsample"": 0.7923495860353768, ""subsample_freq"": 1}"
0,3,171,1,0.9044627453556264,0.9018692776998494,0.05810360110304274,"{""colsample_bytree"": 0.99340690808536, ""learning_rate"": 0.0648252494224361, ""max_depth"": 2, ""min_child_samples"": 26, ""num_leaves"": 7, ""reg_lambda"": 12.723757214834999, ""subsample"": 0.7923495860353768, ""subsample_freq"": 1}"
0,3,172,1,0.8683649982145657,0.8786159478518292,0.046963585142155324,"{""colsample_bytree"": 0.99340690808536, ""learning_rate"": 0.0648252494224361, ""max_depth"": 2, ""min_child_samples"": 26, ""num_leaves"": 7, ""reg_lambda"": 12.723757214834999, ""subsample"": 0.7923495860353768, ""subsample_freq"": 1}"
0,3,180,1,0.3248303176141516,0.3746160319738056,0.10079067188277656,"{""colsample_bytree"": 0.99340690808536, ""learning_rate"": 0.0648252494224361, ""max_depth"": 2, ""min_child_samples"": 26, ""num_leaves"": 7, ""reg_lambda"": 12.723757214834999, ""subsample"": 0.7923495860353768, ""subsample_freq"": 1}"
0,3,182,1,0.6206617741244487,0.6257385263105426,0.09337587359821964,"{""colsample_bytree"": 0.99340690808536, ""learning_rate"": 0.0648252494224361, ""max_depth"": 2, ""min_child_samples"": 26, ""num_leaves"": 7, ""reg_lambda"": 12.723757214834999, ""subsample"": 0.7923495860353768, ""subsample_freq"": 1}"
0,3,186,0,0.4656736603709768,0.6106035962670576,0.07610947019538197,"{""colsample_bytree"": 0.99340690808536, ""learning_rate"": 0.0648252494224361, ""max_depth"": 2, ""min_child_samples"": 26, ""num_leaves"": 7, ""reg_lambda"": 12.723757214834999, ""subsample"": 0.7923495860353768, ""subsample_freq"": 1}"
0,3,191,1,0.9465000969718189,0.9387186785661097,0.027723830387542826,"{""colsample_bytree"": 0.99340690808536, ""learning_rate"": 0.0648252494224361, ""max_depth"": 2, ""min_child_samples"": 26, ""num_leaves"": 7, ""reg_lambda"": 12.723757214834999, ""subsample"": 0.7923495860353768, ""subsample_freq"": 1}"
0,3,192,0,0.08318285980603377,0.08525066941873641,0.04259418937265295,"{""colsample_bytree"": 0.99340690808536, ""learning_rate"": 0.0648252494224361, ""max_depth"": 2, ""min_child_samples"": 26, ""num_leaves"": 7, ""reg_lambda"": 12.723757214834999, ""subsample"": 0.7923495860353768, ""subsample_freq"": 1}"
0,3,197,1,0.9318051902599742,0.9301419583655857,0.0233253573404081,"{""colsample_bytree"": 0.99340690808536, ""learning_rate"": 0.0648252494224361, ""max_depth"": 2, ""min_child_samples"": 26, ""num_leaves"": 7, ""reg_lambda"": 12.723757214834999, ""subsample"": 0.7923495860353768, ""subsample_freq"": 1}"
0,3,204,0,0.30750819990024447,0.3614960457935081,0.11415219008852467,"{""colsample_bytree"": 0.99340690808536, ""learning_rate"": 0.0648252494224361, ""max_depth"": 2, ""min_child_samples"": 26, ""num_leaves"": 7, ""reg_lambda"": 12.723757214834999, ""subsample"": 0.7923495860353768, ""subsample_freq"": 1}"
0,3,224,1,0.9816768819706836,0.9777313445637883,0.008802356494177392,"{""colsample_bytree"": 0.99340690808536, ""learning_rate"": 0.0648252494224361, ""max_depth"": 2, ""min_child_samples"": 26, ""num_leaves"": 7, ""reg_lambda"": 12.723757214834999, ""subsample"": 0.7923495860353768, ""subsample_freq"": 1}"
0,3,226,1,0.9650741579267778,0.9493361511567269,0.029765251996088846,"{""colsample_bytree"": 0.99340690808536, ""learning_rate"": 0.0648252494224361, ""max_depth"": 2, ""min_child_samples"": 26, ""num_leaves"": 7, ""reg_lambda"": 12.723757214834999, ""subsample"": 0.7923495860353768, ""subsample_freq"": 1}"
0,3,229,1,0.9537014615923797,0.9273864770003426,0.026860152854805065,"{""colsample_bytree"": 0.99340690808536, ""learning_rate"": 0.0648252494224361, ""max_depth"": 2, ""min_child_samples"": 26, ""num_leaves"": 7, ""reg_lambda"": 12.723757214834999, ""subsample"": 0.7923495860353768, ""subsample_freq"": 1}"
0,3,240,1,0.9742909965380055,0.9731858777995968,0.013390640446214743,"{""colsample_bytree"": 0.99340690808536, ""learning_rate"": 0.0648252494224361, ""max_depth"": 2, ""min_child_samples"": 26, ""num_leaves"": 7, ""reg_lambda"": 12.723757214834999, ""subsample"": 0.7923495860353768, ""subsample_freq"": 1}"
0,3,246,1,0.9672980692983429,0.976210303456711,0.01030190971361406,"{""colsample_bytree"": 0.99340690808536, ""learning_rate"": 0.0648252494224361, ""max_depth"": 2, ""min_child_samples"": 26, ""num_leaves"": 7, ""reg_lambda"": 12.723757214834999, ""subsample"": 0.7923495860353768, ""subsample_freq"": 1}"
0,3,252,1,0.9001195023772662,0.9119409122553905,0.040808606815031956,"{""colsample_bytree"": 0.99340690808536, ""learning_rate"": 0.0648252494224361, ""max_depth"": 2, ""min_child_samples"": 26, ""num_leaves"": 7, ""reg_lambda"": 12.723757214834999, ""subsample"": 0.7923495860353768, ""subsample_freq"": 1}"
0,3,261,0,0.06930465234722705,0.06803951602631239,0.03676170506520281,"{""colsample_bytree"": 0.99340690808536, ""learning_rate"": 0.0648252494224361, ""max_depth"": 2, ""min_child_samples"": 26, ""num_leaves"": 7, ""reg_lambda"": 12.723757214834999, ""subsample"": 0.7923495860353768, ""subsample_freq"": 1}"
0,3,262,1,0.7229467983388165,0.7122081085244634,0.06782368020397178,"{""colsample_bytree"": 0.99340690808536, ""learning_rate"": 0.0648252494224361, ""max_depth"": 2, ""min_child_samples"": 26, ""num_leaves"": 7, ""reg_lambda"": 12.723757214834999, ""subsample"": 0.7923495860353768, ""subsample_freq"": 1}"
0,3,265,1,0.8863304586749549,0.8977129816294671,0.04910869040920693,"{""colsample_bytree"": 0.99340690808536, ""learning_rate"": 0.0648252494224361, ""max_depth"": 2, ""min_child_samples"": 26, ""num_leaves"": 7, ""reg_lambda"": 12.723757214834999, ""subsample"": 0.7923495860353768, ""subsample_freq"": 1}"
0,3,266,1,0.8368108827425872,0.84180806765606,0.04528418449697574,"{""colsample_bytree"": 0.99340690808536, ""learning_rate"": 0.0648252494224361, ""max_depth"": 2, ""min_child_samples"": 26, ""num_leaves"": 7, ""reg_lambda"": 12.723757214834999, ""subsample"": 0.7923495860353768, ""subsample_freq"": 1}"
0,3,286,0,0.3018644726400016,0.3041858173726558,0.04441701147973372,"{""colsample_bytree"": 0.99340690808536, ""learning_rate"": 0.0648252494224361, ""max_depth"": 2, ""min_child_samples"": 26, ""num_leaves"": 7, ""reg_lambda"": 12.723757214834999, ""subsample"": 0.7923495860353768, ""subsample_freq"": 1}"
0,3,295,0,0.7729781619578548,0.8152072615106652,0.04518749875590085,"{""colsample_bytree"": 0.99340690808536, ""learning_rate"": 0.0648252494224361, ""max_depth"": 2, ""min_child_samples"": 26, ""num_leaves"": 7, ""reg_lambda"": 12.723757214834999, ""subsample"": 0.7923495860353768, ""subsample_freq"": 1}"
0,3,296,0,0.4413846984642536,0.39093145044569433,0.0783456712597753,"{""colsample_bytree"": 0.99340690808536, ""learning_rate"": 0.0648252494224361, ""max_depth"": 2, ""min_child_samples"": 26, ""num_leaves"": 7, ""reg_lambda"": 12.723757214834999, ""subsample"": 0.7923495860353768, ""subsample_freq"": 1}"
0,4,0,1,0.6386131236068172,0.622745517901093,0.06233668191045631,"{""colsample_bytree"": 0.7955123337872264, ""learning_rate"": 0.017277152964597794, ""max_depth"": 2, ""min_child_samples"": 6, ""num_leaves"": 5, ""reg_lambda"": 0.3552495114895122, ""subsample"": 0.946855361378822, ""subsample_freq"": 1}"
0,4,1,1,0.9773897432312392,0.9856810052217309,0.012151996983903209,"{""colsample_bytree"": 0.7955123337872264, ""learning_rate"": 0.017277152964597794, ""max_depth"": 2, ""min_child_samples"": 6, ""num_leaves"": 5, ""reg_lambda"": 0.3552495114895122, ""subsample"": 0.946855361378822, ""subsample_freq"": 1}"
0,4,5,1,0.8161977472950372,0.8215658289096162,0.07360458034255848,"{""colsample_bytree"": 0.7955123337872264, ""learning_rate"": 0.017277152964597794, ""max_depth"": 2, ""min_child_samples"": 6, ""num_leaves"": 5, ""reg_lambda"": 0.3552495114895122, ""subsample"": 0.946855361378822, ""subsample_freq"": 1}"
0,4,9,1,0.9525425727981789,0.9673257367460589,0.018554683657957656,"{""colsample_bytree"": 0.7955123337872264, ""learning_rate"": 0.017277152964597794, ""max_depth"": 2, ""min_child_samples"": 6, ""num_leaves"": 5, ""reg_lambda"": 0.3552495114895122, ""subsample"": 0.946855361378822, ""subsample_freq"": 1}"
0,4,11,1,0.9809045843826298,0.9879465069360738,0.010406845199997695,"{""colsample_bytree"": 0.7955123337872264, ""learning_rate"": 0.017277152964597794, ""max_depth"": 2, ""min_child_samples"": 6, ""num_leaves"": 5, ""reg_lambda"": 0.3552495114895122, ""subsample"": 0.946855361378822, ""subsample_freq"": 1}"
0,4,15,1,0.9327832591584373,0.9430456830431545,0.018509852330854122,"{""colsample_bytree"": 0.7955123337872264, ""learning_rate"": 0.017277152964597794, ""max_depth"": 2, ""min_child_samples"": 6, ""num_leaves"": 5, ""reg_lambda"": 0.3552495114895122, ""subsample"": 0.946855361378822, ""subsample_freq"": 1}"
0,4,20,1,0.19625438243041712,0.11607164466577491,0.03973026396468203,"{""colsample_bytree"": 0.7955123337872264, ""learning_rate"": 0.017277152964597794, ""max_depth"": 2, ""min_child_samples"": 6, ""num_leaves"": 5, ""reg_lambda"": 0.3552495114895122, ""subsample"": 0.946855361378822, ""subsample_freq"": 1}"
0,4,25,1,0.959194930327133,0.9617997048849455,0.04193275042189219,"{""colsample_bytree"": 0.7955123337872264, ""learning_rate"": 0.017277152964597794, ""max_depth"": 2, ""min_child_samples"": 6, ""num_leaves"": 5, ""reg_lambda"": 0.3552495114895122, ""subsample"": 0.946855361378822, ""subsample_freq"": 1}"
0,4,36,1,0.9376834690959837,0.9713086494122993,0.023229835058200535,"{""colsample_bytree"": 0.7955123337872264, ""learning_rate"": 0.017277152964597794, ""max_depth"": 2, ""min_child_samples"": 6, ""num_leaves"": 5, ""reg_lambda"": 0.3552495114895122, ""subsample"": 0.946855361378822, ""subsample_freq"": 1}"
0,4,40,1,0.9499199537378777,0.9640397854408798,0.036550796623183855,"{""colsample_bytree"": 0.7955123337872264, ""learning_rate"": 0.017277152964597794, ""max_depth"": 2, ""min_child_samples"": 6, ""num_leaves"": 5, ""reg_lambda"": 0.3552495114895122, ""subsample"": 0.946855361378822, ""subsample_freq"": 1}"
0,4,51,1,0.9134434353294029,0.9469344903384579,0.019927093287936144,"{""colsample_bytree"": 0.7955123337872264, ""learning_rate"": 0.017277152964597794, ""max_depth"": 2, ""min_child_samples"": 6, ""num_leaves"": 5, ""reg_lambda"": 0.3552495114895122, ""subsample"": 0.946855361378822, ""subsample_freq"": 1}"
0,4,58,1,0.3246284650223927,0.3139656899080149,0.13895948643619155,"{""colsample_bytree"": 0.7955123337872264, ""learning_rate"": 0.017277152964597794, ""max_depth"": 2, ""min_child_samples"": 6, ""num_leaves"": 5, ""reg_lambda"": 0.3552495114895122, ""subsample"": 0.946855361378822, ""subsample_freq"": 1}"
0,4,86,1,0.9418334039858312,0.9573596771707453,0.013396153426164617,"{""colsample_bytree"": 0.7955123337872264, ""learning_rate"": 0.017277152964597794, ""max_depth"": 2, ""min_child_samples"": 6, ""num_leaves"": 5, ""reg_lambda"": 0.3552495114895122, ""subsample"": 0.946855361378822, ""subsample_freq"": 1}"
0,4,94,1,0.9694355531681977,0.9813893027846617,0.012719051129376636,"{""colsample_bytree"": 0.7955123337872264, ""learning_rate"": 0.017277152964597794, ""max_depth"": 2, ""min_child_samples"": 6, ""num_leaves"": 5, ""reg_lambda"": 0.3552495114895122, ""subsample"": 0.946855361378822, ""subsample_freq"": 1}"
0,4,98,1,0.9575276724017222,0.9660586916077536,0.015723482030819292,"{""colsample_bytree"": 0.7955123337872264, ""learning_rate"": 0.017277152964597794, ""max_depth"": 2, ""min_child_samples"": 6, ""num_leaves"": 5, ""reg_lambda"": 0.3552495114895122, ""subsample"": 0.946855361378822, ""subsample_freq"": 1}"
0,4,99,1,0.8841387984404045,0.9075408619070439,0.044815681271114294,"{""colsample_bytree"": 0.7955123337872264, ""learning_rate"": 0.017277152964597794, ""max_depth"": 2, ""min_child_samples"": 6, ""num_leaves"": 5, ""reg_lambda"": 0.3552495114895122, ""subsample"": 0.946855361378822, ""subsample_freq"": 1}"
0,4,113,0,0.17357443717731133,0.09265424175329388,0.023633561919057505,"{""colsample_bytree"": 0.7955123337872264, ""learning_rate"": 0.017277152964597794, ""max_depth"": 2, ""min_child_samples"": 6, ""num_leaves"": 5, ""reg_lambda"": 0.3552495114895122, ""subsample"": 0.946855361378822, ""subsample_freq"": 1}"
0,4,115,1,0.9133679425978087,0.9475330474714327,0.01873934004240432,"{""colsample_bytree"": 0.7955123337872264, ""learning_rate"": 0.017277152964597794, ""max_depth"": 2, ""min_child_samples"": 6, ""num_leaves"": 5, ""reg_lambda"": 0.3552495114895122, ""subsample"": 0.946855361378822, ""subsample_freq"": 1}"
0,4,128,1,0.8439143882878813,0.846135331697301,0.08132203216900692,"{""colsample_bytree"": 0.7955123337872264, ""learning_rate"": 0.017277152964597794, ""max_depth"": 2, ""min_child_samples"": 6, ""num_leaves"": 5, ""reg_lambda"": 0.3552495114895122, ""subsample"": 0.946855361378822, ""subsample_freq"": 1}"
0,4,138,1,0.8770479137449904,0.8858344523640891,0.041823094467539866,"{""colsample_bytree"": 0.7955123337872264, ""learning_rate"": 0.017277152964597794, ""max_depth"": 2, ""min_child_samples"": 6, ""num_leaves"": 5, ""reg_lambda"": 0.3552495114895122, ""subsample"": 0.946855361378822, ""subsample_freq"": 1}"
0,4,142,1,0.45060833599742695,0.34075418688899856,0.11718564584086771,"{""colsample_bytree"": 0.7955123337872264, ""learning_rate"": 0.017277152964597794, ""max_depth"": 2, ""min_child_samples"": 6, ""num_leaves"": 5, ""reg_lambda"": 0.3552495114895122, ""subsample"": 0.946855361378822, ""subsample_freq"": 1}"
0,4,145,1,0.7799723428128984,0.8117126881434675,0.10930579734301071,"{""colsample_bytree"": 0.7955123337872264, ""learning_rate"": 0.017277152964597794, ""max_depth"": 2, ""min_child_samples"": 6, ""num_leaves"": 5, ""reg_lambda"": 0.3552495114895122, ""subsample"": 0.946855361378822, ""subsample_freq"": 1}"
0,4,151,0,0.7486795118499111,0.7906466175001093,0.09225900702790779,"{""colsample_bytree"": 0.7955123337872264, ""learning_rate"": 0.017277152964597794, ""max_depth"": 2, ""min_child_samples"": 6, ""num_leaves"": 5, ""reg_lambda"": 0.3552495114895122, ""subsample"": 0.946855361378822, ""subsample_freq"": 1}"
0,4,154,1,0.8403614033681203,0.8708380974448413,0.0836662792159292,"{""colsample_bytree"": 0.7955123337872264, ""learning_rate"": 0.017277152964597794, ""max_depth"": 2, ""min_child_samples"": 6, ""num_leaves"": 5, ""reg_lambda"": 0.3552495114895122, ""subsample"": 0.946855361378822, ""subsample_freq"": 1}"
0,4,155,1,0.949730579857346,0.9582687521186166,0.02218521610154968,"{""colsample_bytree"": 0.7955123337872264, ""learning_rate"": 0.017277152964597794, ""max_depth"": 2, ""min_child_samples"": 6, ""num_leaves"": 5, ""reg_lambda"": 0.3552495114895122, ""subsample"": 0.946855361378822, ""subsample_freq"": 1}"
0,4,157,1,0.8091733751998241,0.7658747069615292,0.1494642648928316,"{""colsample_bytree"": 0.7955123337872264, ""learning_rate"": 0.017277152964597794, ""max_depth"": 2, ""min_child_samples"": 6, ""num_leaves"": 5, ""reg_lambda"": 0.3552495114895122, ""subsample"": 0.946855361378822, ""subsample_freq"": 1}"
0,4,175,0,0.7989351704787396,0.8103651240244991,0.02530594349793901,"{""colsample_bytree"": 0.7955123337872264, ""learning_rate"": 0.017277152964597794, ""max_depth"": 2, ""min_child_samples"": 6, ""num_leaves"": 5, ""reg_lambda"": 0.3552495114895122, ""subsample"": 0.946855361378822, ""subsample_freq"": 1}"
0,4,176,1,0.2773092347079247,0.24177204238569586,0.05912966408043053,"{""colsample_bytree"": 0.7955123337872264, ""learning_rate"": 0.017277152964597794, ""max_depth"": 2, ""min_child_samples"": 6, ""num_leaves"": 5, ""reg_lambda"": 0.3552495114895122, ""subsample"": 0.946855361378822, ""subsample_freq"": 1}"
0,4,183,0,0.8913416602917361,0.9124393705329981,0.01262671003340258,"{""colsample_bytree"": 0.7955123337872264, ""learning_rate"": 0.017277152964597794, ""max_depth"": 2, ""min_child_samples"": 6, ""num_leaves"": 5, ""reg_lambda"": 0.3552495114895122, ""subsample"": 0.946855361378822, ""subsample_freq"": 1}"
0,4,184,1,0.9191472471469109,0.9435926144511424,0.033598614919847405,"{""colsample_bytree"": 0.7955123337872264, ""learning_rate"": 0.017277152964597794, ""max_depth"": 2, ""min_child_samples"": 6, ""num_leaves"": 5, ""reg_lambda"": 0.3552495114895122, ""subsample"": 0.946855361378822, ""subsample_freq"": 1}"
0,4,185,0,0.8043786421032815,0.8099149834134179,0.14472076016744717,"{""colsample_bytree"": 0.7955123337872264, ""learning_rate"": 0.017277152964597794, ""max_depth"": 2, ""min_child_samples"": 6, ""num_leaves"": 5, ""reg_lambda"": 0.3552495114895122, ""subsample"": 0.946855361378822, ""subsample_freq"": 1}"
0,4,190,0,0.8210392631814548,0.820911301169008,0.0928930399568446,"{""colsample_bytree"": 0.7955123337872264, ""learning_rate"": 0.017277152964597794, ""max_depth"": 2, ""min_child_samples"": 6, ""num_leaves"": 5, ""reg_lambda"": 0.3552495114895122, ""subsample"": 0.946855361378822, ""subsample_freq"": 1}"
0,4,195,1,0.8881808226276391,0.9031847914342037,0.06049506698387304,"{""colsample_bytree"": 0.7955123337872264, ""learning_rate"": 0.017277152964597794, ""max_depth"": 2, ""min_child_samples"": 6, ""num_leaves"": 5, ""reg_lambda"": 0.3552495114895122, ""subsample"": 0.946855361378822, ""subsample_freq"": 1}"
0,4,198,1,0.9291569465686046,0.9590133495664563,0.01573256194782415,"{""colsample_bytree"": 0.7955123337872264, ""learning_rate"": 0.017277152964597794, ""max_depth"": 2, ""min_child_samples"": 6, ""num_leaves"": 5, ""reg_lambda"": 0.3552495114895122, ""subsample"": 0.946855361378822, ""subsample_freq"": 1}"
0,4,210,0,0.21522577513817467,0.14401462445737662,0.01602379373234363,"{""colsample_bytree"": 0.7955123337872264, ""learning_rate"": 0.017277152964597794, ""max_depth"": 2, ""min_child_samples"": 6, ""num_leaves"": 5, ""reg_lambda"": 0.3552495114895122, ""subsample"": 0.946855361378822, ""subsample_freq"": 1}"
0,4,211,1,0.6076510697593216,0.6053987808652983,0.17849058719341593,"{""colsample_bytree"": 0.7955123337872264, ""learning_rate"": 0.017277152964597794, ""max_depth"": 2, ""min_child_samples"": 6, ""num_leaves"": 5, ""reg_lambda"": 0.3552495114895122, ""subsample"": 0.946855361378822, ""subsample_freq"": 1}"
0,4,214,0,0.8624009963857833,0.912621331344555,0.03164609029367101,"{""colsample_bytree"": 0.7955123337872264, ""learning_rate"": 0.017277152964597794, ""max_depth"": 2, ""min_child_samples"": 6, ""num_leaves"": 5, ""reg_lambda"": 0.3552495114895122, ""subsample"": 0.946855361378822, ""subsample_freq"": 1}"
0,4,215,1,0.9075075395920953,0.9418875798215357,0.019886829178742203,"{""colsample_bytree"": 0.7955123337872264, ""learning_rate"": 0.017277152964597794, ""max_depth"": 2, ""min_child_samples"": 6, ""num_leaves"": 5, ""reg_lambda"": 0.3552495114895122, ""subsample"": 0.946855361378822, ""subsample_freq"": 1}"
0,4,218,0,0.3036363120993114,0.22111999127051982,0.04112520996570594,"{""colsample_bytree"": 0.7955123337872264, ""learning_rate"": 0.017277152964597794, ""max_depth"": 2, ""min_child_samples"": 6, ""num_leaves"": 5, ""reg_lambda"": 0.3552495114895122, ""subsample"": 0.946855361378822, ""subsample_freq"": 1}"
0,4,223,1,0.6759455927436446,0.6492049809161703,0.07152638406298471,"{""colsample_bytree"": 0.7955123337872264, ""learning_rate"": 0.017277152964597794, ""max_depth"": 2, ""min_child_samples"": 6, ""num_leaves"": 5, ""reg_lambda"": 0.3552495114895122, ""subsample"": 0.946855361378822, ""subsample_freq"": 1}"
0,4,228,1,0.7372454509390981,0.7420310283808871,0.05612771200071224,"{""colsample_bytree"": 0.7955123337872264, ""learning_rate"": 0.017277152964597794, ""max_depth"": 2, ""min_child_samples"": 6, ""num_leaves"": 5, ""reg_lambda"": 0.3552495114895122, ""subsample"": 0.946855361378822, ""subsample_freq"": 1}"
0,4,230,1,0.9802145390906808,0.9875631719304316,0.012371819591301722,"{""colsample_bytree"": 0.7955123337872264, ""learning_rate"": 0.017277152964597794, ""max_depth"": 2, ""min_child_samples"": 6, ""num_leaves"": 5, ""reg_lambda"": 0.3552495114895122, ""subsample"": 0.946855361378822, ""subsample_freq"": 1}"
0,4,231,1,0.9724880265512568,0.9840454932508228,0.015402972819137481,"{""colsample_bytree"": 0.7955123337872264, ""learning_rate"": 0.017277152964597794, ""max_depth"": 2, ""min_child_samples"": 6, ""num_leaves"": 5, ""reg_lambda"": 0.3552495114895122, ""subsample"": 0.946855361378822, ""subsample_freq"": 1}"
0,4,238,1,0.1554215997173507,0.09722232409643576,0.031079115012084626,"{""colsample_bytree"": 0.7955123337872264, ""learning_rate"": 0.017277152964597794, ""max_depth"": 2, ""min_child_samples"": 6, ""num_leaves"": 5, ""reg_lambda"": 0.3552495114895122, ""subsample"": 0.946855361378822, ""subsample_freq"": 1}"
0,4,239,1,0.975685450640917,0.9832735317714626,0.01854470788840587,"{""colsample_bytree"": 0.7955123337872264, ""learning_rate"": 0.017277152964597794, ""max_depth"": 2, ""min_child_samples"": 6, ""num_leaves"": 5, ""reg_lambda"": 0.3552495114895122, ""subsample"": 0.946855361378822, ""subsample_freq"": 1}"
0,4,248,1,0.9804000087952954,0.9871073665198533,0.01310343008965765,"{""colsample_bytree"": 0.7955123337872264, ""learning_rate"": 0.017277152964597794, ""max_depth"": 2, ""min_child_samples"": 6, ""num_leaves"": 5, ""reg_lambda"": 0.3552495114895122, ""subsample"": 0.946855361378822, ""subsample_freq"": 1}"
0,4,249,1,0.8918788483484468,0.9326107815644307,0.020811046864877017,"{""colsample_bytree"": 0.7955123337872264, ""learning_rate"": 0.017277152964597794, ""max_depth"": 2, ""min_child_samples"": 6, ""num_leaves"": 5, ""reg_lambda"": 0.3552495114895122, ""subsample"": 0.946855361378822, ""subsample_freq"": 1}"
0,4,253,1,0.848676063373197,0.8617825476338965,0.0528198900463225,"{""colsample_bytree"": 0.7955123337872264, ""learning_rate"": 0.017277152964597794, ""max_depth"": 2, ""min_child_samples"": 6, ""num_leaves"": 5, ""reg_lambda"": 0.3552495114895122, ""subsample"": 0.946855361378822, ""subsample_freq"": 1}"
0,4,263,0,0.11655767931561958,0.06529058094830373,0.017077310932603253,"{""colsample_bytree"": 0.7955123337872264, ""learning_rate"": 0.017277152964597794, ""max_depth"": 2, ""min_child_samples"": 6, ""num_leaves"": 5, ""reg_lambda"": 0.3552495114895122, ""subsample"": 0.946855361378822, ""subsample_freq"": 1}"
0,4,274,1,0.9758128763492843,0.9873285210538102,0.013443858894589683,"{""colsample_bytree"": 0.7955123337872264, ""learning_rate"": 0.017277152964597794, ""max_depth"": 2, ""min_child_samples"": 6, ""num_leaves"": 5, ""reg_lambda"": 0.3552495114895122, ""subsample"": 0.946855361378822, ""subsample_freq"": 1}"
0,4,278,1,0.9263626225304978,0.9538731896482149,0.018149915786350578,"{""colsample_bytree"": 0.7955123337872264, ""learning_rate"": 0.017277152964597794, ""max_depth"": 2, ""min_child_samples"": 6, ""num_leaves"": 5, ""reg_lambda"": 0.3552495114895122, ""subsample"": 0.946855361378822, ""subsample_freq"": 1}"
0,4,280,0,0.364561697706197,0.3220335646499931,0.05689530571057627,"{""colsample_bytree"": 0.7955123337872264, ""learning_rate"": 0.017277152964597794, ""max_depth"": 2, ""min_child_samples"": 6, ""num_leaves"": 5, ""reg_lambda"": 0.3552495114895122, ""subsample"": 0.946855361378822, ""subsample_freq"": 1}"
0,4,281,1,0.8171489031570468,0.8449700036279086,0.08462782600509819,"{""colsample_bytree"": 0.7955123337872264, ""learning_rate"": 0.017277152964597794, ""max_depth"": 2, ""min_child_samples"": 6, ""num_leaves"": 5, ""reg_lambda"": 0.3552495114895122, ""subsample"": 0.946855361378822, ""subsample_freq"": 1}"
0,4,284,0,0.8077466788526577,0.8280302167475508,0.07724797806611211,"{""colsample_bytree"": 0.7955123337872264, ""learning_rate"": 0.017277152964597794, ""max_depth"": 2, ""min_child_samples"": 6, ""num_leaves"": 5, ""reg_lambda"": 0.3552495114895122, ""subsample"": 0.946855361378822, ""subsample_freq"": 1}"
0,4,285,0,0.3685565492634064,0.3143572413458592,0.030836234723029567,"{""colsample_bytree"": 0.7955123337872264, ""learning_rate"": 0.017277152964597794, ""max_depth"": 2, ""min_child_samples"": 6, ""num_leaves"": 5, ""reg_lambda"": 0.3552495114895122, ""subsample"": 0.946855361378822, ""subsample_freq"": 1}"
0,4,290,0,0.17958813511629898,0.1141239287037094,0.04301775062309538,"{""colsample_bytree"": 0.7955123337872264, ""learning_rate"": 0.017277152964597794, ""max_depth"": 2, ""min_child_samples"": 6, ""num_leaves"": 5, ""reg_lambda"": 0.3552495114895122, ""subsample"": 0.946855361378822, ""subsample_freq"": 1}"
0,4,293,0,0.4534678079543725,0.3942300493197689,0.04612684823894449,"{""colsample_bytree"": 0.7955123337872264, ""learning_rate"": 0.017277152964597794, ""max_depth"": 2, ""min_child_samples"": 6, ""num_leaves"": 5, ""reg_lambda"": 0.3552495114895122, ""subsample"": 0.946855361378822, ""subsample_freq"": 1}"
0,4,297,0,0.6441671311016998,0.5599166706703145,0.11316113751646999,"{""colsample_bytree"": 0.7955123337872264, ""learning_rate"": 0.017277152964597794, ""max_depth"": 2, ""min_child_samples"": 6, ""num_leaves"": 5, ""reg_lambda"": 0.3552495114895122, ""subsample"": 0.946855361378822, ""subsample_freq"": 1}"
0,4,298,1,0.8432403397302128,0.8420870351893048,0.04193530357113939,"{""colsample_bytree"": 0.7955123337872264, ""learning_rate"": 0.017277152964597794, ""max_depth"": 2, ""min_child_samples"": 6, ""num_leaves"": 5, ""reg_lambda"": 0.3552495114895122, ""subsample"": 0.946855361378822, ""subsample_freq"": 1}"
0,4,301,0,0.23098833140595998,0.19031842605074498,0.13624937175954027,"{""colsample_bytree"": 0.7955123337872264, ""learning_rate"": 0.017277152964597794, ""max_depth"": 2, ""min_child_samples"": 6, ""num_leaves"": 5, ""reg_lambda"": 0.3552495114895122, ""subsample"": 0.946855361378822, ""subsample_freq"": 1}"
1,0,2,1,0.9184006244775482,0.9308534091380561,0.026946242920596376,"{""colsample_bytree"": 0.46465104731271417, ""learning_rate"": 0.013071588935967722, ""max_depth"": 4, ""min_child_samples"": 11, ""num_leaves"": 14, ""reg_lambda"": 1.5251604691039577, ""subsample"": 0.8110607319958272, ""subsample_freq"": 1}"
1,0,8,0,0.3729283711967351,0.28504092748156085,0.057650105303037893,"{""colsample_bytree"": 0.46465104731271417, ""learning_rate"": 0.013071588935967722, ""max_depth"": 4, ""min_child_samples"": 11, ""num_leaves"": 14, ""reg_lambda"": 1.5251604691039577, ""subsample"": 0.8110607319958272, ""subsample_freq"": 1}"
1,0,13,1,0.753381672490453,0.8008653179693772,0.03344665844355638,"{""colsample_bytree"": 0.46465104731271417, ""learning_rate"": 0.013071588935967722, ""max_depth"": 4, ""min_child_samples"": 11, ""num_leaves"": 14, ""reg_lambda"": 1.5251604691039577, ""subsample"": 0.8110607319958272, ""subsample_freq"": 1}"
1,0,15,1,0.9326433393230945,0.9472954804522031,0.020113636821870083,"{""colsample_bytree"": 0.46465104731271417, ""learning_rate"": 0.013071588935967722, ""max_depth"": 4, ""min_child_samples"": 11, ""num_leaves"": 14, ""reg_lambda"": 1.5251604691039577, ""subsample"": 0.8110607319958272, ""subsample_freq"": 1}"
1,0,16,0,0.4327797468621551,0.3281196561380756,0.10477674978060786,"{""colsample_bytree"": 0.46465104731271417, ""learning_rate"": 0.013071588935967722, ""max_depth"": 4, ""min_child_samples"": 11, ""num_leaves"": 14, ""reg_lambda"": 1.5251604691039577, ""subsample"": 0.8110607319958272, ""subsample_freq"": 1}"
1,0,21,1,0.8356788123785654,0.8835844074905708,0.03369941034560567,"{""colsample_bytree"": 0.46465104731271417, ""learning_rate"": 0.013071588935967722, ""max_depth"": 4, ""min_child_samples"": 11, ""num_leaves"": 14, ""reg_lambda"": 1.5251604691039577, ""subsample"": 0.8110607319958272, ""subsample_freq"": 1}"
1,0,31,1,0.8370164390435724,0.863694458492013,0.019306542553333174,"{""colsample_bytree"": 0.46465104731271417, ""learning_rate"": 0.013071588935967722, ""max_depth"": 4, ""min_child_samples"": 11, ""num_leaves"": 14, ""reg_lambda"": 1.5251604691039577, ""subsample"": 0.8110607319958272, ""subsample_freq"": 1}"
1,0,34,1,0.6706373315635142,0.6042757311912723,0.15566919746101265,"{""colsample_bytree"": 0.46465104731271417, ""learning_rate"": 0.013071588935967722, ""max_depth"": 4, ""min_child_samples"": 11, ""num_leaves"": 14, ""reg_lambda"": 1.5251604691039577, ""subsample"": 0.8110607319958272, ""subsample_freq"": 1}"
1,0,43,1,0.7287957772428473,0.67746055235669,0.07815787074684885,"{""colsample_bytree"": 0.46465104731271417, ""learning_rate"": 0.013071588935967722, ""max_depth"": 4, ""min_child_samples"": 11, ""num_leaves"": 14, ""reg_lambda"": 1.5251604691039577, ""subsample"": 0.8110607319958272, ""subsample_freq"": 1}"
1,0,49,1,0.5769024606247597,0.6264815572168475,0.020124682757317786,"{""colsample_bytree"": 0.46465104731271417, ""learning_rate"": 0.013071588935967722, ""max_depth"": 4, ""min_child_samples"": 11, ""num_leaves"": 14, ""reg_lambda"": 1.5251604691039577, ""subsample"": 0.8110607319958272, ""subsample_freq"": 1}"
1,0,60,0,0.4489839084924635,0.3693515846341433,0.06680577973166794,"{""colsample_bytree"": 0.46465104731271417, ""learning_rate"": 0.013071588935967722, ""max_depth"": 4, ""min_child_samples"": 11, ""num_leaves"": 14, ""reg_lambda"": 1.5251604691039577, ""subsample"": 0.8110607319958272, ""subsample_freq"": 1}"
1,0,62,1,0.3437580710348478,0.2819409648349772,0.040798737673817455,"{""colsample_bytree"": 0.46465104731271417, ""learning_rate"": 0.013071588935967722, ""max_depth"": 4, ""min_child_samples"": 11, ""num_leaves"": 14, ""reg_lambda"": 1.5251604691039577, ""subsample"": 0.8110607319958272, ""subsample_freq"": 1}"
1,0,68,0,0.3768134813481243,0.3419448032454825,0.0709786893511478,"{""colsample_bytree"": 0.46465104731271417, ""learning_rate"": 0.013071588935967722, ""max_depth"": 4, ""min_child_samples"": 11, ""num_leaves"": 14, ""reg_lambda"": 1.5251604691039577, ""subsample"": 0.8110607319958272, ""subsample_freq"": 1}"
1,0,72,1,0.8588685448872487,0.8887794998374996,0.043771237576704654,"{""colsample_bytree"": 0.46465104731271417, ""learning_rate"": 0.013071588935967722, ""max_depth"": 4, ""min_child_samples"": 11, ""num_leaves"": 14, ""reg_lambda"": 1.5251604691039577, ""subsample"": 0.8110607319958272, ""subsample_freq"": 1}"
1,0,78,1,0.858818810794551,0.8883252763681663,0.04184667864066584,"{""colsample_bytree"": 0.46465104731271417, ""learning_rate"": 0.013071588935967722, ""max_depth"": 4, ""min_child_samples"": 11, ""num_leaves"": 14, ""reg_lambda"": 1.5251604691039577, ""subsample"": 0.8110607319958272, ""subsample_freq"": 1}"
1,0,87,1,0.8959065866247512,0.9226489004658516,0.02832068959780991,"{""colsample_bytree"": 0.46465104731271417, ""learning_rate"": 0.013071588935967722, ""max_depth"": 4, ""min_child_samples"": 11, ""num_leaves"": 14, ""reg_lambda"": 1.5251604691039577, ""subsample"": 0.8110607319958272, ""subsample_freq"": 1}"
1,0,93,0,0.9301702678163251,0.9505494447714152,0.017561269563067177,"{""colsample_bytree"": 0.46465104731271417, ""learning_rate"": 0.013071588935967722, ""max_depth"": 4, ""min_child_samples"": 11, ""num_leaves"": 14, ""reg_lambda"": 1.5251604691039577, ""subsample"": 0.8110607319958272, ""subsample_freq"": 1}"
1,0,105,1,0.7327301201993618,0.789437721698366,0.0593808467441155,"{""colsample_bytree"": 0.46465104731271417, ""learning_rate"": 0.013071588935967722, ""max_depth"": 4, ""min_child_samples"": 11, ""num_leaves"": 14, ""reg_lambda"": 1.5251604691039577, ""subsample"": 0.8110607319958272, ""subsample_freq"": 1}"
1,0,109,1,0.9001676103785886,0.94288466119521,0.021216131675493927,"{""colsample_bytree"": 0.46465104731271417, ""learning_rate"": 0.013071588935967722, ""max_depth"": 4, ""min_child_samples"": 11, ""num_leaves"": 14, ""reg_lambda"": 1.5251604691039577, ""subsample"": 0.8110607319958272, ""subsample_freq"": 1}"
1,0,110,1,0.4569181071514916,0.36838221481001493,0.1048550519602713,"{""colsample_bytree"": 0.46465104731271417, ""learning_rate"": 0.013071588935967722, ""max_depth"": 4, ""min_child_samples"": 11, ""num_leaves"": 14, ""reg_lambda"": 1.5251604691039577, ""subsample"": 0.8110607319958272, ""subsample_freq"": 1}"
1,0,111,1,0.9093504887928312,0.9347001372896646,0.019170677533265942,"{""colsample_bytree"": 0.46465104731271417, ""learning_rate"": 0.013071588935967722, ""max_depth"": 4, ""min_child_samples"": 11, ""num_leaves"": 14, ""reg_lambda"": 1.5251604691039577, ""subsample"": 0.8110607319958272, ""subsample_freq"": 1}"
1,0,112,1,0.9002778327324865,0.9326662798323181,0.03132776077981615,"{""colsample_bytree"": 0.46465104731271417, ""learning_rate"": 0.013071588935967722, ""max_depth"": 4, ""min_child_samples"": 11, ""num_leaves"": 14, ""reg_lambda"": 1.5251604691039577, ""subsample"": 0.8110607319958272, ""subsample_freq"": 1}"
1,0,123,1,0.5845911328764332,0.5594231394394329,0.13252225681135185,"{""colsample_bytree"": 0.46465104731271417, ""learning_rate"": 0.013071588935967722, ""max_depth"": 4, ""min_child_samples"": 11, ""num_leaves"": 14, ""reg_lambda"": 1.5251604691039577, ""subsample"": 0.8110607319958272, ""subsample_freq"": 1}"
1,0,126,1,0.8595586784130562,0.8887965242459576,0.04510306491392732,"{""colsample_bytree"": 0.46465104731271417, ""learning_rate"": 0.013071588935967722, ""max_depth"": 4, ""min_child_samples"": 11, ""num_leaves"": 14, ""reg_lambda"": 1.5251604691039577, ""subsample"": 0.8110607319958272, ""subsample_freq"": 1}"
1,0,128,1,0.7716114309640026,0.7805394327090327,0.08408194765640593,"{""colsample_bytree"": 0.46465104731271417, ""learning_rate"": 0.013071588935967722, ""max_depth"": 4, ""min_child_samples"": 11, ""num_leaves"": 14, ""reg_lambda"": 1.5251604691039577, ""subsample"": 0.8110607319958272, ""subsample_freq"": 1}"
1,0,133,0,0.7728852297400833,0.775531311340728,0.09115607768344546,"{""colsample_bytree"": 0.46465104731271417, ""learning_rate"": 0.013071588935967722, ""max_depth"": 4, ""min_child_samples"": 11, ""num_leaves"": 14, ""reg_lambda"": 1.5251604691039577, ""subsample"": 0.8110607319958272, ""subsample_freq"": 1}"
1,0,143,0,0.13555705494349227,0.06850199763107759,0.040622494417872135,"{""colsample_bytree"": 0.46465104731271417, ""learning_rate"": 0.013071588935967722, ""max_depth"": 4, ""min_child_samples"": 11, ""num_leaves"": 14, ""reg_lambda"": 1.5251604691039577, ""subsample"": 0.8110607319958272, ""subsample_freq"": 1}"
1,0,144,1,0.8946909805924316,0.9128757912752581,0.03802555405071447,"{""colsample_bytree"": 0.46465104731271417, ""learning_rate"": 0.013071588935967722, ""max_depth"": 4, ""min_child_samples"": 11, ""num_leaves"": 14, ""reg_lambda"": 1.5251604691039577, ""subsample"": 0.8110607319958272, ""subsample_freq"": 1}"
1,0,151,0,0.4491528245885494,0.41725888146656037,0.07474190998043177,"{""colsample_bytree"": 0.46465104731271417, ""learning_rate"": 0.013071588935967722, ""max_depth"": 4, ""min_child_samples"": 11, ""num_leaves"": 14, ""reg_lambda"": 1.5251604691039577, ""subsample"": 0.8110607319958272, ""subsample_freq"": 1}"
1,0,158,1,0.4605360413890408,0.31834163410251515,0.07180177391298084,"{""colsample_bytree"": 0.46465104731271417, ""learning_rate"": 0.013071588935967722, ""max_depth"": 4, ""min_child_samples"": 11, ""num_leaves"": 14, ""reg_lambda"": 1.5251604691039577, ""subsample"": 0.8110607319958272, ""subsample_freq"": 1}"
1,0,182,1,0.6561488919313935,0.6853743369657663,0.13090186943472634,"{""colsample_bytree"": 0.46465104731271417, ""learning_rate"": 0.013071588935967722, ""max_depth"": 4, ""min_child_samples"": 11, ""num_leaves"": 14, ""reg_lambda"": 1.5251604691039577, ""subsample"": 0.8110607319958272, ""subsample_freq"": 1}"
1,0,184,1,0.87851091976122,0.9004178929129744,0.046333038352513234,"{""colsample_bytree"": 0.46465104731271417, ""learning_rate"": 0.013071588935967722, ""max_depth"": 4, ""min_child_samples"": 11, ""num_leaves"": 14, ""reg_lambda"": 1.5251604691039577, ""subsample"": 0.8110607319958272, ""subsample_freq"": 1}"
1,0,191,1,0.8944121923184631,0.9157782811224433,0.03667541113313071,"{""colsample_bytree"": 0.46465104731271417, ""learning_rate"": 0.013071588935967722, ""max_depth"": 4, ""min_child_samples"": 11, ""num_leaves"": 14, ""reg_lambda"": 1.5251604691039577, ""subsample"": 0.8110607319958272, ""subsample_freq"": 1}"
1,0,192,0,0.17850789009514165,0.09455724466745377,0.05648917989197838,"{""colsample_bytree"": 0.46465104731271417, ""learning_rate"": 0.013071588935967722, ""max_depth"": 4, ""min_child_samples"": 11, ""num_leaves"": 14, ""reg_lambda"": 1.5251604691039577, ""subsample"": 0.8110607319958272, ""subsample_freq"": 1}"
1,0,193,0,0.5743339326647721,0.571461855856788,0.0931556276559659,"{""colsample_bytree"": 0.46465104731271417, ""learning_rate"": 0.013071588935967722, ""max_depth"": 4, ""min_child_samples"": 11, ""num_leaves"": 14, ""reg_lambda"": 1.5251604691039577, ""subsample"": 0.8110607319958272, ""subsample_freq"": 1}"
1,0,198,1,0.9148217563294878,0.9314377984065054,0.02533461689642046,"{""colsample_bytree"": 0.46465104731271417, ""learning_rate"": 0.013071588935967722, ""max_depth"": 4, ""min_child_samples"": 11, ""num_leaves"": 14, ""reg_lambda"": 1.5251604691039577, ""subsample"": 0.8110607319958272, ""subsample_freq"": 1}"
1,0,199,0,0.5004087384942559,0.4326602836551888,0.09581836180089288,"{""colsample_bytree"": 0.46465104731271417, ""learning_rate"": 0.013071588935967722, ""max_depth"": 4, ""min_child_samples"": 11, ""num_leaves"": 14, ""reg_lambda"": 1.5251604691039577, ""subsample"": 0.8110607319958272, ""subsample_freq"": 1}"
1,0,200,1,0.9259495514529064,0.932568361505625,0.03175498187540803,"{""colsample_bytree"": 0.46465104731271417, ""learning_rate"": 0.013071588935967722, ""max_depth"": 4, ""min_child_samples"": 11, ""num_leaves"": 14, ""reg_lambda"": 1.5251604691039577, ""subsample"": 0.8110607319958272, ""subsample_freq"": 1}"
1,0,202,1,0.929813021199174,0.9561686452477289,0.01791068339552949,"{""colsample_bytree"": 0.46465104731271417, ""learning_rate"": 0.013071588935967722, ""max_depth"": 4, ""min_child_samples"": 11, ""num_leaves"": 14, ""reg_lambda"": 1.5251604691039577, ""subsample"": 0.8110607319958272, ""subsample_freq"": 1}"
1,0,204,0,0.6998761632972449,0.6537038624789948,0.15659352570729962,"{""colsample_bytree"": 0.46465104731271417, ""learning_rate"": 0.013071588935967722, ""max_depth"": 4, ""min_child_samples"": 11, ""num_leaves"": 14, ""reg_lambda"": 1.5251604691039577, ""subsample"": 0.8110607319958272, ""subsample_freq"": 1}"
1,0,220,1,0.7972873995609736,0.8346724795290743,0.06709729514814969,"{""colsample_bytree"": 0.46465104731271417, ""learning_rate"": 0.013071588935967722, ""max_depth"": 4, ""min_child_samples"": 11, ""num_leaves"": 14, ""reg_lambda"": 1.5251604691039577, ""subsample"": 0.8110607319958272, ""subsample_freq"": 1}"
1,0,227,1,0.8756725958574436,0.8848203499602422,0.05302245171960796,"{""colsample_bytree"": 0.46465104731271417, ""learning_rate"": 0.013071588935967722, ""max_depth"": 4, ""min_child_samples"": 11, ""num_leaves"": 14, ""reg_lambda"": 1.5251604691039577, ""subsample"": 0.8110607319958272, ""subsample_freq"": 1}"
1,0,228,1,0.8159093316674985,0.8447411449760228,0.02128977086681736,"{""colsample_bytree"": 0.46465104731271417, ""learning_rate"": 0.013071588935967722, ""max_depth"": 4, ""min_child_samples"": 11, ""num_leaves"": 14, ""reg_lambda"": 1.5251604691039577, ""subsample"": 0.8110607319958272, ""subsample_freq"": 1}"
1,0,240,1,0.9372407735581952,0.967215177579298,0.01455820273526552,"{""colsample_bytree"": 0.46465104731271417, ""learning_rate"": 0.013071588935967722, ""max_depth"": 4, ""min_child_samples"": 11, ""num_leaves"": 14, ""reg_lambda"": 1.5251604691039577, ""subsample"": 0.8110607319958272, ""subsample_freq"": 1}"
1,0,241,1,0.42274014401772503,0.3863784653788157,0.12471308043235019,"{""colsample_bytree"": 0.46465104731271417, ""learning_rate"": 0.013071588935967722, ""max_depth"": 4, ""min_child_samples"": 11, ""num_leaves"": 14, ""reg_lambda"": 1.5251604691039577, ""subsample"": 0.8110607319958272, ""subsample_freq"": 1}"
1,0,244,1,0.6226961704340079,0.5754427096018896,0.08867309999402109,"{""colsample_bytree"": 0.46465104731271417, ""learning_rate"": 0.013071588935967722, ""max_depth"": 4, ""min_child_samples"": 11, ""num_leaves"": 14, ""reg_lambda"": 1.5251604691039577, ""subsample"": 0.8110607319958272, ""subsample_freq"": 1}"
1,0,250,1,0.9187861915525853,0.9431151935168888,0.02653664071022735,"{""colsample_bytree"": 0.46465104731271417, ""learning_rate"": 0.013071588935967722, ""max_depth"": 4, ""min_child_samples"": 11, ""num_leaves"": 14, ""reg_lambda"": 1.5251604691039577, ""subsample"": 0.8110607319958272, ""subsample_freq"": 1}"
1,0,253,1,0.8582607268527149,0.8892643945275591,0.03575033143873951,"{""colsample_bytree"": 0.46465104731271417, ""learning_rate"": 0.013071588935967722, ""max_depth"": 4, ""min_child_samples"": 11, ""num_leaves"": 14, ""reg_lambda"": 1.5251604691039577, ""subsample"": 0.8110607319958272, ""subsample_freq"": 1}"
1,0,258,0,0.287585367416848,0.26663204449858446,0.08700864201000733,"{""colsample_bytree"": 0.46465104731271417, ""learning_rate"": 0.013071588935967722, ""max_depth"": 4, ""min_child_samples"": 11, ""num_leaves"": 14, ""reg_lambda"": 1.5251604691039577, ""subsample"": 0.8110607319958272, ""subsample_freq"": 1}"
1,0,259,1,0.8620540785435834,0.8811774568120161,0.03903408459751076,"{""colsample_bytree"": 0.46465104731271417, ""learning_rate"": 0.013071588935967722, ""max_depth"": 4, ""min_child_samples"": 11, ""num_leaves"": 14, ""reg_lambda"": 1.5251604691039577, ""subsample"": 0.8110607319958272, ""subsample_freq"": 1}"
1,0,264,0,0.3271681235876814,0.2831655481101302,0.13459660734135293,"{""colsample_bytree"": 0.46465104731271417, ""learning_rate"": 0.013071588935967722, ""max_depth"": 4, ""min_child_samples"": 11, ""num_leaves"": 14, ""reg_lambda"": 1.5251604691039577, ""subsample"": 0.8110607319958272, ""subsample_freq"": 1}"
1,0,270,0,0.1884975031382647,0.12055372433073815,0.0800056719851238,"{""colsample_bytree"": 0.46465104731271417, ""learning_rate"": 0.013071588935967722, ""max_depth"": 4, ""min_child_samples"": 11, ""num_leaves"": 14, ""reg_lambda"": 1.5251604691039577, ""subsample"": 0.8110607319958272, ""subsample_freq"": 1}"
1,0,271,1,0.8592750155927582,0.9039325896049256,0.03366242586147305,"{""colsample_bytree"": 0.46465104731271417, ""learning_rate"": 0.013071588935967722, ""max_depth"": 4, ""min_child_samples"": 11, ""num_leaves"": 14, ""reg_lambda"": 1.5251604691039577, ""subsample"": 0.8110607319958272, ""subsample_freq"": 1}"
1,0,274,1,0.9460435933649516,0.9720455961049896,0.013972338849601727,"{""colsample_bytree"": 0.46465104731271417, ""learning_rate"": 0.013071588935967722, ""max_depth"": 4, ""min_child_samples"": 11, ""num_leaves"": 14, ""reg_lambda"": 1.5251604691039577, ""subsample"": 0.8110607319958272, ""subsample_freq"": 1}"
1,0,275,1,0.9416073493534556,0.9603079501392597,0.012826029309171233,"{""colsample_bytree"": 0.46465104731271417, ""learning_rate"": 0.013071588935967722, ""max_depth"": 4, ""min_child_samples"": 11, ""num_leaves"": 14, ""reg_lambda"": 1.5251604691039577, ""subsample"": 0.8110607319958272, ""subsample_freq"": 1}"
1,0,278,1,0.9355386047868111,0.958453656997901,0.017293472817250535,"{""colsample_bytree"": 0.46465104731271417, ""learning_rate"": 0.013071588935967722, ""max_depth"": 4, ""min_child_samples"": 11, ""num_leaves"": 14, ""reg_lambda"": 1.5251604691039577, ""subsample"": 0.8110607319958272, ""subsample_freq"": 1}"
1,0,279,1,0.7922080757461566,0.814790568079532,0.038384626905583315,"{""colsample_bytree"": 0.46465104731271417, ""learning_rate"": 0.013071588935967722, ""max_depth"": 4, ""min_child_samples"": 11, ""num_leaves"": 14, ""reg_lambda"": 1.5251604691039577, ""subsample"": 0.8110607319958272, ""subsample_freq"": 1}"
1,0,288,1,0.5913308379600349,0.6186742045771442,0.10611225518263553,"{""colsample_bytree"": 0.46465104731271417, ""learning_rate"": 0.013071588935967722, ""max_depth"": 4, ""min_child_samples"": 11, ""num_leaves"": 14, ""reg_lambda"": 1.5251604691039577, ""subsample"": 0.8110607319958272, ""subsample_freq"": 1}"
1,0,291,0,0.4412751040260608,0.3958552209314944,0.10037392007721738,"{""colsample_bytree"": 0.46465104731271417, ""learning_rate"": 0.013071588935967722, ""max_depth"": 4, ""min_child_samples"": 11, ""num_leaves"": 14, ""reg_lambda"": 1.5251604691039577, ""subsample"": 0.8110607319958272, ""subsample_freq"": 1}"
1,0,298,1,0.9077409397962608,0.9092977758537183,0.03292276138475199,"{""colsample_bytree"": 0.46465104731271417, ""learning_rate"": 0.013071588935967722, ""max_depth"": 4, ""min_child_samples"": 11, ""num_leaves"": 14, ""reg_lambda"": 1.5251604691039577, ""subsample"": 0.8110607319958272, ""subsample_freq"": 1}"
1,0,301,0,0.2727144342435333,0.17106862405523643,0.051889870874990654,"{""colsample_bytree"": 0.46465104731271417, ""learning_rate"": 0.013071588935967722, ""max_depth"": 4, ""min_child_samples"": 11, ""num_leaves"": 14, ""reg_lambda"": 1.5251604691039577, ""subsample"": 0.8110607319958272, ""subsample_freq"": 1}"
1,1,1,1,0.995477763013832,0.9837583914348761,0.009807934555998803,"{""colsample_bytree"": 0.48569686269458306, ""learning_rate"": 0.06353995786954578, ""max_depth"": 4, ""min_child_samples"": 5, ""num_leaves"": 7, ""reg_lambda"": 2.582152738189277, ""subsample"": 0.6608271301760947, ""subsample_freq"": 1}"
1,1,11,1,0.996309534957085,0.979850574681792,0.011575874483217499,"{""colsample_bytree"": 0.48569686269458306, ""learning_rate"": 0.06353995786954578, ""max_depth"": 4, ""min_child_samples"": 5, ""num_leaves"": 7, ""reg_lambda"": 2.582152738189277, ""subsample"": 0.6608271301760947, ""subsample_freq"": 1}"
1,1,18,1,0.9215862121127841,0.8680853063746292,0.03911400674255141,"{""colsample_bytree"": 0.48569686269458306, ""learning_rate"": 0.06353995786954578, ""max_depth"": 4, ""min_child_samples"": 5, ""num_leaves"": 7, ""reg_lambda"": 2.582152738189277, ""subsample"": 0.6608271301760947, ""subsample_freq"": 1}"
1,1,19,1,0.991744536659737,0.9657500056973843,0.019101939087424018,"{""colsample_bytree"": 0.48569686269458306, ""learning_rate"": 0.06353995786954578, ""max_depth"": 4, ""min_child_samples"": 5, ""num_leaves"": 7, ""reg_lambda"": 2.582152738189277, ""subsample"": 0.6608271301760947, ""subsample_freq"": 1}"
1,1,22,1,0.97958365533691,0.9463316856104583,0.024405308599186208,"{""colsample_bytree"": 0.48569686269458306, ""learning_rate"": 0.06353995786954578, ""max_depth"": 4, ""min_child_samples"": 5, ""num_leaves"": 7, ""reg_lambda"": 2.582152738189277, ""subsample"": 0.6608271301760947, ""subsample_freq"": 1}"
1,1,25,1,0.9798909221635971,0.9576929704021175,0.014183042213288371,"{""colsample_bytree"": 0.48569686269458306, ""learning_rate"": 0.06353995786954578, ""max_depth"": 4, ""min_child_samples"": 5, ""num_leaves"": 7, ""reg_lambda"": 2.582152738189277, ""subsample"": 0.6608271301760947, ""subsample_freq"": 1}"
1,1,26,0,0.13253418471677603,0.20771142176573404,0.0947721388150182,"{""colsample_bytree"": 0.48569686269458306, ""learning_rate"": 0.06353995786954578, ""max_depth"": 4, ""min_child_samples"": 5, ""num_leaves"": 7, ""reg_lambda"": 2.582152738189277, ""subsample"": 0.6608271301760947, ""subsample_freq"": 1}"
1,1,37,1,0.8186370197339032,0.7845725105333005,0.09670803682861424,"{""colsample_bytree"": 0.48569686269458306, ""learning_rate"": 0.06353995786954578, ""max_depth"": 4, ""min_child_samples"": 5, ""num_leaves"": 7, ""reg_lambda"": 2.582152738189277, ""subsample"": 0.6608271301760947, ""subsample_freq"": 1}"
1,1,39,1,0.9950970147664768,0.9783382497065034,0.016253581886316835,"{""colsample_bytree"": 0.48569686269458306, ""learning_rate"": 0.06353995786954578, ""max_depth"": 4, ""min_child_samples"": 5, ""num_leaves"": 7, ""reg_lambda"": 2.582152738189277, ""subsample"": 0.6608271301760947, ""subsample_freq"": 1}"
1,1,41,0,0.4344379926659191,0.38645451091173216,0.06235627978773366,"{""colsample_bytree"": 0.48569686269458306, ""learning_rate"": 0.06353995786954578, ""max_depth"": 4, ""min_child_samples"": 5, ""num_leaves"": 7, ""reg_lambda"": 2.582152738189277, ""subsample"": 0.6608271301760947, ""subsample_freq"": 1}"
1,1,52,1,0.9936238720267457,0.9755692815457729,0.021518094849591593,"{""colsample_bytree"": 0.48569686269458306, ""learning_rate"": 0.06353995786954578, ""max_depth"": 4, ""min_child_samples"": 5, ""num_leaves"": 7, ""reg_lambda"": 2.582152738189277, ""subsample"": 0.6608271301760947, ""subsample_freq"": 1}"
1,1,54,0,0.08241160715750959,0.18305766022924122,0.08342839461635683,"{""colsample_bytree"": 0.48569686269458306, ""learning_rate"": 0.06353995786954578, ""max_depth"": 4, ""min_child_samples"": 5, ""num_leaves"": 7, ""reg_lambda"": 2.582152738189277, ""subsample"": 0.6608271301760947, ""subsample_freq"": 1}"
1,1,55,1,0.9927135884600126,0.975310058580833,0.012063592480063789,"{""colsample_bytree"": 0.48569686269458306, ""learning_rate"": 0.06353995786954578, ""max_depth"": 4, ""min_child_samples"": 5, ""num_leaves"": 7, ""reg_lambda"": 2.582152738189277, ""subsample"": 0.6608271301760947, ""subsample_freq"": 1}"
1,1,57,1,0.9940483699471281,0.9769559912640297,0.015331369014976188,"{""colsample_bytree"": 0.48569686269458306, ""learning_rate"": 0.06353995786954578, ""max_depth"": 4, ""min_child_samples"": 5, ""num_leaves"": 7, ""reg_lambda"": 2.582152738189277, ""subsample"": 0.6608271301760947, ""subsample_freq"": 1}"
1,1,61,1,0.3314184322520273,0.4099774522094438,0.0685936485542121,"{""colsample_bytree"": 0.48569686269458306, ""learning_rate"": 0.06353995786954578, ""max_depth"": 4, ""min_child_samples"": 5, ""num_leaves"": 7, ""reg_lambda"": 2.582152738189277, ""subsample"": 0.6608271301760947, ""subsample_freq"": 1}"
1,1,66,1,0.9923468763630042,0.9733989587670218,0.018160399256690354,"{""colsample_bytree"": 0.48569686269458306, ""learning_rate"": 0.06353995786954578, ""max_depth"": 4, ""min_child_samples"": 5, ""num_leaves"": 7, ""reg_lambda"": 2.582152738189277, ""subsample"": 0.6608271301760947, ""subsample_freq"": 1}"
1,1,79,0,0.10186203770479829,0.14990447617069616,0.04399538267002647,"{""colsample_bytree"": 0.48569686269458306, ""learning_rate"": 0.06353995786954578, ""max_depth"": 4, ""min_child_samples"": 5, ""num_leaves"": 7, ""reg_lambda"": 2.582152738189277, ""subsample"": 0.6608271301760947, ""subsample_freq"": 1}"
1,1,82,1,0.7302772323239933,0.7048562608070764,0.0949216642294276,"{""colsample_bytree"": 0.48569686269458306, ""learning_rate"": 0.06353995786954578, ""max_depth"": 4, ""min_child_samples"": 5, ""num_leaves"": 7, ""reg_lambda"": 2.582152738189277, ""subsample"": 0.6608271301760947, ""subsample_freq"": 1}"
1,1,83,1,0.8032543925847025,0.7521511391824032,0.10447279896626034,"{""colsample_bytree"": 0.48569686269458306, ""learning_rate"": 0.06353995786954578, ""max_depth"": 4, ""min_child_samples"": 5, ""num_leaves"": 7, ""reg_lambda"": 2.582152738189277, ""subsample"": 0.6608271301760947, ""subsample_freq"": 1}"
1,1,86,1,0.9738652227506214,0.9306469661633938,0.011060201216874966,"{""colsample_bytree"": 0.48569686269458306, ""learning_rate"": 0.06353995786954578, ""max_depth"": 4, ""min_child_samples"": 5, ""num_leaves"": 7, ""reg_lambda"": 2.582152738189277, ""subsample"": 0.6608271301760947, ""subsample_freq"": 1}"
1,1,90,1,0.6822578016457889,0.6623311933743916,0.05514364309001521,"{""colsample_bytree"": 0.48569686269458306, ""learning_rate"": 0.06353995786954578, ""max_depth"": 4, ""min_child_samples"": 5, ""num_leaves"": 7, ""reg_lambda"": 2.582152738189277, ""subsample"": 0.6608271301760947, ""subsample_freq"": 1}"
1,1,94,1,0.9875559419645242,0.953855111220731,0.017572377676977936,"{""colsample_bytree"": 0.48569686269458306, ""learning_rate"": 0.06353995786954578, ""max_depth"": 4, ""min_child_samples"": 5, ""num_leaves"": 7, ""reg_lambda"": 2.582152738189277, ""subsample"": 0.6608271301760947, ""subsample_freq"": 1}"
1,1,97,1,0.9579542653856542,0.8917463209825612,0.05265673246712826,"{""colsample_bytree"": 0.48569686269458306, ""learning_rate"": 0.06353995786954578, ""max_depth"": 4, ""min_child_samples"": 5, ""num_leaves"": 7, ""reg_lambda"": 2.582152738189277, ""subsample"": 0.6608271301760947, ""subsample_freq"": 1}"
1,1,99,1,0.7116141435102113,0.597187840016907,0.0320337513989148,"{""colsample_bytree"": 0.48569686269458306, ""learning_rate"": 0.06353995786954578, ""max_depth"": 4, ""min_child_samples"": 5, ""num_leaves"": 7, ""reg_lambda"": 2.582152738189277, ""subsample"": 0.6608271301760947, ""subsample_freq"": 1}"
1,1,103,1,0.9871992824491975,0.9692200522655083,0.00971505894620887,"{""colsample_bytree"": 0.48569686269458306, ""learning_rate"": 0.06353995786954578, ""max_depth"": 4, ""min_child_samples"": 5, ""num_leaves"": 7, ""reg_lambda"": 2.582152738189277, ""subsample"": 0.6608271301760947, ""subsample_freq"": 1}"
1,1,114,1,0.9961224768172068,0.9826231202623681,0.012954913294091482,"{""colsample_bytree"": 0.48569686269458306, ""learning_rate"": 0.06353995786954578, ""max_depth"": 4, ""min_child_samples"": 5, ""num_leaves"": 7, ""reg_lambda"": 2.582152738189277, ""subsample"": 0.6608271301760947, ""subsample_freq"": 1}"
1,1,127,1,0.9680591034648779,0.9341538539256107,0.021958358422922576,"{""colsample_bytree"": 0.48569686269458306, ""learning_rate"": 0.06353995786954578, ""max_depth"": 4, ""min_child_samples"": 5, ""num_leaves"": 7, ""reg_lambda"": 2.582152738189277, ""subsample"": 0.6608271301760947, ""subsample_freq"": 1}"
1,1,131,1,0.9978592325416945,0.9859023817599443,0.012619570873946684,"{""colsample_bytree"": 0.48569686269458306, ""learning_rate"": 0.06353995786954578, ""max_depth"": 4, ""min_child_samples"": 5, ""num_leaves"": 7, ""reg_lambda"": 2.582152738189277, ""subsample"": 0.6608271301760947, ""subsample_freq"": 1}"
1,1,134,1,0.9819503266478646,0.9406758548030405,0.04454075084183302,"{""colsample_bytree"": 0.48569686269458306, ""learning_rate"": 0.06353995786954578, ""max_depth"": 4, ""min_child_samples"": 5, ""num_leaves"": 7, ""reg_lambda"": 2.582152738189277, ""subsample"": 0.6608271301760947, ""subsample_freq"": 1}"
1,1,136,0,0.33100471354174266,0.4270916044286855,0.14875652691387023,"{""colsample_bytree"": 0.48569686269458306, ""learning_rate"": 0.06353995786954578, ""max_depth"": 4, ""min_child_samples"": 5, ""num_leaves"": 7, ""reg_lambda"": 2.582152738189277, ""subsample"": 0.6608271301760947, ""subsample_freq"": 1}"
1,1,141,1,0.9956184219517897,0.9762842243931361,0.014596671261737472,"{""colsample_bytree"": 0.48569686269458306, ""learning_rate"": 0.06353995786954578, ""max_depth"": 4, ""min_child_samples"": 5, ""num_leaves"": 7, ""reg_lambda"": 2.582152738189277, ""subsample"": 0.6608271301760947, ""subsample_freq"": 1}"
1,1,148,1,0.8916971904568823,0.8173185697363381,0.04509120986411408,"{""colsample_bytree"": 0.48569686269458306, ""learning_rate"": 0.06353995786954578, ""max_depth"": 4, ""min_child_samples"": 5, ""num_leaves"": 7, ""reg_lambda"": 2.582152738189277, ""subsample"": 0.6608271301760947, ""subsample_freq"": 1}"
1,1,159,1,0.9927104952982723,0.9713590312435457,0.01830596322404274,"{""colsample_bytree"": 0.48569686269458306, ""learning_rate"": 0.06353995786954578, ""max_depth"": 4, ""min_child_samples"": 5, ""num_leaves"": 7, ""reg_lambda"": 2.582152738189277, ""subsample"": 0.6608271301760947, ""subsample_freq"": 1}"
1,1,165,1,0.926692201598771,0.8983029509062472,0.046834442587880776,"{""colsample_bytree"": 0.48569686269458306, ""learning_rate"": 0.06353995786954578, ""max_depth"": 4, ""min_child_samples"": 5, ""num_leaves"": 7, ""reg_lambda"": 2.582152738189277, ""subsample"": 0.6608271301760947, ""subsample_freq"": 1}"
1,1,166,0,0.18464155065340002,0.2500121881322734,0.1027179644440009,"{""colsample_bytree"": 0.48569686269458306, ""learning_rate"": 0.06353995786954578, ""max_depth"": 4, ""min_child_samples"": 5, ""num_leaves"": 7, ""reg_lambda"": 2.582152738189277, ""subsample"": 0.6608271301760947, ""subsample_freq"": 1}"
1,1,173,1,0.9922410194753842,0.9777742723692695,0.01615864464305011,"{""colsample_bytree"": 0.48569686269458306, ""learning_rate"": 0.06353995786954578, ""max_depth"": 4, ""min_child_samples"": 5, ""num_leaves"": 7, ""reg_lambda"": 2.582152738189277, ""subsample"": 0.6608271301760947, ""subsample_freq"": 1}"
1,1,181,1,0.9804056181998531,0.9453112397669076,0.016563758766422323,"{""colsample_bytree"": 0.48569686269458306, ""learning_rate"": 0.06353995786954578, ""max_depth"": 4, ""min_child_samples"": 5, ""num_leaves"": 7, ""reg_lambda"": 2.582152738189277, ""subsample"": 0.6608271301760947, ""subsample_freq"": 1}"
1,1,187,1,0.9858533650185444,0.9519338730789337,0.024886437463057583,"{""colsample_bytree"": 0.48569686269458306, ""learning_rate"": 0.06353995786954578, ""max_depth"": 4, ""min_child_samples"": 5, ""num_leaves"": 7, ""reg_lambda"": 2.582152738189277, ""subsample"": 0.6608271301760947, ""subsample_freq"": 1}"
1,1,189,1,0.9062189133749919,0.8771618459287259,0.03705384120020173,"{""colsample_bytree"": 0.48569686269458306, ""learning_rate"": 0.06353995786954578, ""max_depth"": 4, ""min_child_samples"": 5, ""num_leaves"": 7, ""reg_lambda"": 2.582152738189277, ""subsample"": 0.6608271301760947, ""subsample_freq"": 1}"
1,1,190,0,0.8642138562525958,0.793537575879034,0.06451399492330094,"{""colsample_bytree"": 0.48569686269458306, ""learning_rate"": 0.06353995786954578, ""max_depth"": 4, ""min_child_samples"": 5, ""num_leaves"": 7, ""reg_lambda"": 2.582152738189277, ""subsample"": 0.6608271301760947, ""subsample_freq"": 1}"
1,1,195,1,0.9733115257983236,0.911107830177933,0.07002632613228171,"{""colsample_bytree"": 0.48569686269458306, ""learning_rate"": 0.06353995786954578, ""max_depth"": 4, ""min_child_samples"": 5, ""num_leaves"": 7, ""reg_lambda"": 2.582152738189277, ""subsample"": 0.6608271301760947, ""subsample_freq"": 1}"
1,1,196,0,0.42148767498625245,0.43838163417098086,0.08707652013335558,"{""colsample_bytree"": 0.48569686269458306, ""learning_rate"": 0.06353995786954578, ""max_depth"": 4, ""min_child_samples"": 5, ""num_leaves"": 7, ""reg_lambda"": 2.582152738189277, ""subsample"": 0.6608271301760947, ""subsample_freq"": 1}"
1,1,201,0,0.5155789607662387,0.5581132921330393,0.12119429105328162,"{""colsample_bytree"": 0.48569686269458306, ""learning_rate"": 0.06353995786954578, ""max_depth"": 4, ""min_child_samples"": 5, ""num_leaves"": 7, ""reg_lambda"": 2.582152738189277, ""subsample"": 0.6608271301760947, ""subsample_freq"": 1}"
1,1,218,0,0.26271859182150364,0.365018167148925,0.12831784797468246,"{""colsample_bytree"": 0.48569686269458306, ""learning_rate"": 0.06353995786954578, ""max_depth"": 4, ""min_child_samples"": 5, ""num_leaves"": 7, ""reg_lambda"": 2.582152738189277, ""subsample"": 0.6608271301760947, ""subsample_freq"": 1}"
1,1,219,1,0.1342809561893848,0.18479941002993336,0.062064688959829147,"{""colsample_bytree"": 0.48569686269458306, ""learning_rate"": 0.06353995786954578, ""max_depth"": 4, ""min_child_samples"": 5, ""num_leaves"": 7, ""reg_lambda"": 2.582152738189277, ""subsample"": 0.6608271301760947, ""subsample_freq"": 1}"
1,1,225,1,0.9373519124631661,0.8569834433873954,0.0710045197554163,"{""colsample_bytree"": 0.48569686269458306, ""learning_rate"": 0.06353995786954578, ""max_depth"": 4, ""min_child_samples"": 5, ""num_leaves"": 7, ""reg_lambda"": 2.582152738189277, ""subsample"": 0.6608271301760947, ""subsample_freq"": 1}"
1,1,226,1,0.9712843199493705,0.9226524281922946,0.02915405857729621,"{""colsample_bytree"": 0.48569686269458306, ""learning_rate"": 0.06353995786954578, ""max_depth"": 4, ""min_child_samples"": 5, ""num_leaves"": 7, ""reg_lambda"": 2.582152738189277, ""subsample"": 0.6608271301760947, ""subsample_freq"": 1}"
1,1,230,1,0.9975164746883759,0.9849574080533625,0.0126690522915791,"{""colsample_bytree"": 0.48569686269458306, ""learning_rate"": 0.06353995786954578, ""max_depth"": 4, ""min_child_samples"": 5, ""num_leaves"": 7, ""reg_lambda"": 2.582152738189277, ""subsample"": 0.6608271301760947, ""subsample_freq"": 1}"
1,1,234,0,0.2801564635719643,0.3485941895142327,0.06303933866563893,"{""colsample_bytree"": 0.48569686269458306, ""learning_rate"": 0.06353995786954578, ""max_depth"": 4, ""min_child_samples"": 5, ""num_leaves"": 7, ""reg_lambda"": 2.582152738189277, ""subsample"": 0.6608271301760947, ""subsample_freq"": 1}"
1,1,246,1,0.997423812207887,0.9839264530129537,0.008424668481027336,"{""colsample_bytree"": 0.48569686269458306, ""learning_rate"": 0.06353995786954578, ""max_depth"": 4, ""min_child_samples"": 5, ""num_leaves"": 7, ""reg_lambda"": 2.582152738189277, ""subsample"": 0.6608271301760947, ""subsample_freq"": 1}"
1,1,247,0,0.03880782399535755,0.11349166812594536,0.034774803350707005,"{""colsample_bytree"": 0.48569686269458306, ""learning_rate"": 0.06353995786954578, ""max_depth"": 4, ""min_child_samples"": 5, ""num_leaves"": 7, ""reg_lambda"": 2.582152738189277, ""subsample"": 0.6608271301760947, ""subsample_freq"": 1}"
1,1,251,1,0.568226185621769,0.5676610383659588,0.11348139868255452,"{""colsample_bytree"": 0.48569686269458306, ""learning_rate"": 0.06353995786954578, ""max_depth"": 4, ""min_child_samples"": 5, ""num_leaves"": 7, ""reg_lambda"": 2.582152738189277, ""subsample"": 0.6608271301760947, ""subsample_freq"": 1}"
1,1,255,0,0.08733631381671161,0.24688696943211755,0.05726956960586747,"{""colsample_bytree"": 0.48569686269458306, ""learning_rate"": 0.06353995786954578, ""max_depth"": 4, ""min_child_samples"": 5, ""num_leaves"": 7, ""reg_lambda"": 2.582152738189277, ""subsample"": 0.6608271301760947, ""subsample_freq"": 1}"
1,1,261,0,0.01861638763693899,0.061466688694975555,0.03301545599775953,"{""colsample_bytree"": 0.48569686269458306, ""learning_rate"": 0.06353995786954578, ""max_depth"": 4, ""min_child_samples"": 5, ""num_leaves"": 7, ""reg_lambda"": 2.582152738189277, ""subsample"": 0.6608271301760947, ""subsample_freq"": 1}"
1,1,262,1,0.6701980625445061,0.5996555241863024,0.07192876299106478,"{""colsample_bytree"": 0.48569686269458306, ""learning_rate"": 0.06353995786954578, ""max_depth"": 4, ""min_child_samples"": 5, ""num_leaves"": 7, ""reg_lambda"": 2.582152738189277, ""subsample"": 0.6608271301760947, ""subsample_freq"": 1}"
1,1,265,1,0.9551908171978588,0.9183527369391339,0.04074285783166424,"{""colsample_bytree"": 0.48569686269458306, ""learning_rate"": 0.06353995786954578, ""max_depth"": 4, ""min_child_samples"": 5, ""num_leaves"": 7, ""reg_lambda"": 2.582152738189277, ""subsample"": 0.6608271301760947, ""subsample_freq"": 1}"
1,1,280,0,0.40408249470469865,0.41580050714997696,0.05102783663258786,"{""colsample_bytree"": 0.48569686269458306, ""learning_rate"": 0.06353995786954578, ""max_depth"": 4, ""min_child_samples"": 5, ""num_leaves"": 7, ""reg_lambda"": 2.582152738189277, ""subsample"": 0.6608271301760947, ""subsample_freq"": 1}"
1,1,282,1,0.9722172290601637,0.9076364245507976,0.04153701711433989,"{""colsample_bytree"": 0.48569686269458306, ""learning_rate"": 0.06353995786954578, ""max_depth"": 4, ""min_child_samples"": 5, ""num_leaves"": 7, ""reg_lambda"": 2.582152738189277, ""subsample"": 0.6608271301760947, ""subsample_freq"": 1}"
1,1,289,0,0.10594818421167124,0.20554241650389607,0.07879475891266054,"{""colsample_bytree"": 0.48569686269458306, ""learning_rate"": 0.06353995786954578, ""max_depth"": 4, ""min_child_samples"": 5, ""num_leaves"": 7, ""reg_lambda"": 2.582152738189277, ""subsample"": 0.6608271301760947, ""subsample_freq"": 1}"
1,1,293,0,0.3401053490250544,0.3672251994583128,0.18084211756216437,"{""colsample_bytree"": 0.48569686269458306, ""learning_rate"": 0.06353995786954578, ""max_depth"": 4, ""min_child_samples"": 5, ""num_leaves"": 7, ""reg_lambda"": 2.582152738189277, ""subsample"": 0.6608271301760947, ""subsample_freq"": 1}"
1,1,296,0,0.26989548932985796,0.3520539788011615,0.10506226415745917,"{""colsample_bytree"": 0.48569686269458306, ""learning_rate"": 0.06353995786954578, ""max_depth"": 4, ""min_child_samples"": 5, ""num_leaves"": 7, ""reg_lambda"": 2.582152738189277, ""subsample"": 0.6608271301760947, ""subsample_freq"": 1}"
1,2,3,0,0.5245600876504839,0.5415507653641054,0.09377516724040132,"{""colsample_bytree"": 0.6175745638858601, ""learning_rate"": 0.015799602191808645, ""max_depth"": 2, ""min_child_samples"": 10, ""num_leaves"": 11, ""reg_lambda"": 3.3170122939834457, ""subsample"": 0.7975218939971422, ""subsample_freq"": 1}"
1,2,4,0,0.5158650123178873,0.44562290200035504,0.04342199954382798,"{""colsample_bytree"": 0.6175745638858601, ""learning_rate"": 0.015799602191808645, ""max_depth"": 2, ""min_child_samples"": 10, ""num_leaves"": 11, ""reg_lambda"": 3.3170122939834457, ""subsample"": 0.7975218939971422, ""subsample_freq"": 1}"
1,2,5,1,0.8025229749336333,0.8169236360918515,0.04166391173810434,"{""colsample_bytree"": 0.6175745638858601, ""learning_rate"": 0.015799602191808645, ""max_depth"": 2, ""min_child_samples"": 10, ""num_leaves"": 11, ""reg_lambda"": 3.3170122939834457, ""subsample"": 0.7975218939971422, ""subsample_freq"": 1}"
1,2,20,1,0.31123818109137974,0.2028160613991335,0.05743230591640458,"{""colsample_bytree"": 0.6175745638858601, ""learning_rate"": 0.015799602191808645, ""max_depth"": 2, ""min_child_samples"": 10, ""num_leaves"": 11, ""reg_lambda"": 3.3170122939834457, ""subsample"": 0.7975218939971422, ""subsample_freq"": 1}"
1,2,24,1,0.8544072833893234,0.897324048935484,0.04524326892847655,"{""colsample_bytree"": 0.6175745638858601, ""learning_rate"": 0.015799602191808645, ""max_depth"": 2, ""min_child_samples"": 10, ""num_leaves"": 11, ""reg_lambda"": 3.3170122939834457, ""subsample"": 0.7975218939971422, ""subsample_freq"": 1}"
1,2,28,1,0.9453761374198882,0.9712490822188808,0.010939023570030201,"{""colsample_bytree"": 0.6175745638858601, ""learning_rate"": 0.015799602191808645, ""max_depth"": 2, ""min_child_samples"": 10, ""num_leaves"": 11, ""reg_lambda"": 3.3170122939834457, ""subsample"": 0.7975218939971422, ""subsample_freq"": 1}"
1,2,32,1,0.8834069879349226,0.9175257340920233,0.019653804576275892,"{""colsample_bytree"": 0.6175745638858601, ""learning_rate"": 0.015799602191808645, ""max_depth"": 2, ""min_child_samples"": 10, ""num_leaves"": 11, ""reg_lambda"": 3.3170122939834457, ""subsample"": 0.7975218939971422, ""subsample_freq"": 1}"
1,2,35,0,0.27191370422391364,0.1614085501835937,0.06897432495752265,"{""colsample_bytree"": 0.6175745638858601, ""learning_rate"": 0.015799602191808645, ""max_depth"": 2, ""min_child_samples"": 10, ""num_leaves"": 11, ""reg_lambda"": 3.3170122939834457, ""subsample"": 0.7975218939971422, ""subsample_freq"": 1}"
1,2,38,1,0.8731384015419011,0.887700481930547,0.02786180915835438,"{""colsample_bytree"": 0.6175745638858601, ""learning_rate"": 0.015799602191808645, ""max_depth"": 2, ""min_child_samples"": 10, ""num_leaves"": 11, ""reg_lambda"": 3.3170122939834457, ""subsample"": 0.7975218939971422, ""subsample_freq"": 1}"
1,2,42,0,0.3338213525346411,0.2425663823602319,0.07422495087452409,"{""colsample_bytree"": 0.6175745638858601, ""learning_rate"": 0.015799602191808645, ""max_depth"": 2, ""min_child_samples"": 10, ""num_leaves"": 11, ""reg_lambda"": 3.3170122939834457, ""subsample"": 0.7975218939971422, ""subsample_freq"": 1}"
1,2,56,1,0.932646635591629,0.966220429231161,0.009011007576863994,"{""colsample_bytree"": 0.6175745638858601, ""learning_rate"": 0.015799602191808645, ""max_depth"": 2, ""min_child_samples"": 10, ""num_leaves"": 11, ""reg_lambda"": 3.3170122939834457, ""subsample"": 0.7975218939971422, ""subsample_freq"": 1}"
1,2,59,1,0.9376654982769072,0.9677243579464149,0.010738018751650933,"{""colsample_bytree"": 0.6175745638858601, ""learning_rate"": 0.015799602191808645, ""max_depth"": 2, ""min_child_samples"": 10, ""num_leaves"": 11, ""reg_lambda"": 3.3170122939834457, ""subsample"": 0.7975218939971422, ""subsample_freq"": 1}"
1,2,63,1,0.8403338043121642,0.895168133705001,0.02111860201260799,"{""colsample_bytree"": 0.6175745638858601, ""learning_rate"": 0.015799602191808645, ""max_depth"": 2, ""min_child_samples"": 10, ""num_leaves"": 11, ""reg_lambda"": 3.3170122939834457, ""subsample"": 0.7975218939971422, ""subsample_freq"": 1}"
1,2,73,1,0.8515560759667178,0.9056854107090773,0.01633602561041339,"{""colsample_bytree"": 0.6175745638858601, ""learning_rate"": 0.015799602191808645, ""max_depth"": 2, ""min_child_samples"": 10, ""num_leaves"": 11, ""reg_lambda"": 3.3170122939834457, ""subsample"": 0.7975218939971422, ""subsample_freq"": 1}"
1,2,85,1,0.8325385821220213,0.8356888155439905,0.017929118814642576,"{""colsample_bytree"": 0.6175745638858601, ""learning_rate"": 0.015799602191808645, ""max_depth"": 2, ""min_child_samples"": 10, ""num_leaves"": 11, ""reg_lambda"": 3.3170122939834457, ""subsample"": 0.7975218939971422, ""subsample_freq"": 1}"
1,2,98,1,0.9353545869912679,0.9632260242092029,0.012197769981042916,"{""colsample_bytree"": 0.6175745638858601, ""learning_rate"": 0.015799602191808645, ""max_depth"": 2, ""min_child_samples"": 10, ""num_leaves"": 11, ""reg_lambda"": 3.3170122939834457, ""subsample"": 0.7975218939971422, ""subsample_freq"": 1}"
1,2,101,1,0.9089535342339167,0.9471029167985499,0.018417705253159177,"{""colsample_bytree"": 0.6175745638858601, ""learning_rate"": 0.015799602191808645, ""max_depth"": 2, ""min_child_samples"": 10, ""num_leaves"": 11, ""reg_lambda"": 3.3170122939834457, ""subsample"": 0.7975218939971422, ""subsample_freq"": 1}"
1,2,106,1,0.8958617473238865,0.9390226105045197,0.017541794123683535,"{""colsample_bytree"": 0.6175745638858601, ""learning_rate"": 0.015799602191808645, ""max_depth"": 2, ""min_child_samples"": 10, ""num_leaves"": 11, ""reg_lambda"": 3.3170122939834457, ""subsample"": 0.7975218939971422, ""subsample_freq"": 1}"
1,2,107,1,0.7405697198745607,0.7609332865707223,0.03225854057635697,"{""colsample_bytree"": 0.6175745638858601, ""learning_rate"": 0.015799602191808645, ""max_depth"": 2, ""min_child_samples"": 10, ""num_leaves"": 11, ""reg_lambda"": 3.3170122939834457, ""subsample"": 0.7975218939971422, ""subsample_freq"": 1}"
1,2,116,1,0.9125683147729079,0.9363876321405211,0.020323111555544962,"{""colsample_bytree"": 0.6175745638858601, ""learning_rate"": 0.015799602191808645, ""max_depth"": 2, ""min_child_samples"": 10, ""num_leaves"": 11, ""reg_lambda"": 3.3170122939834457, ""subsample"": 0.7975218939971422, ""subsample_freq"": 1}"
1,2,117,1,0.9259538271069316,0.9609206730209163,0.013667011312276925,"{""colsample_bytree"": 0.6175745638858601, ""learning_rate"": 0.015799602191808645, ""max_depth"": 2, ""min_child_samples"": 10, ""num_leaves"": 11, ""reg_lambda"": 3.3170122939834457, ""subsample"": 0.7975218939971422, ""subsample_freq"": 1}"
1,2,120,1,0.8316021547471203,0.8547992680566242,0.026809648239562847,"{""colsample_bytree"": 0.6175745638858601, ""learning_rate"": 0.015799602191808645, ""max_depth"": 2, ""min_child_samples"": 10, ""num_leaves"": 11, ""reg_lambda"": 3.3170122939834457, ""subsample"": 0.7975218939971422, ""subsample_freq"": 1}"
1,2,130,0,0.34923911362791,0.2509198405828294,0.07730801216258874,"{""colsample_bytree"": 0.6175745638858601, ""learning_rate"": 0.015799602191808645, ""max_depth"": 2, ""min_child_samples"": 10, ""num_leaves"": 11, ""reg_lambda"": 3.3170122939834457, ""subsample"": 0.7975218939971422, ""subsample_freq"": 1}"
1,2,135,1,0.7861267575855873,0.8323226268666615,0.02366586920283607,"{""colsample_bytree"": 0.6175745638858601, ""learning_rate"": 0.015799602191808645, ""max_depth"": 2, ""min_child_samples"": 10, ""num_leaves"": 11, ""reg_lambda"": 3.3170122939834457, ""subsample"": 0.7975218939971422, ""subsample_freq"": 1}"
1,2,137,0,0.32680692314857035,0.244140929849668,0.08387400504235205,"{""colsample_bytree"": 0.6175745638858601, ""learning_rate"": 0.015799602191808645, ""max_depth"": 2, ""min_child_samples"": 10, ""num_leaves"": 11, ""reg_lambda"": 3.3170122939834457, ""subsample"": 0.7975218939971422, ""subsample_freq"": 1}"
1,2,138,1,0.8995721742425963,0.931795273933294,0.0238141631014721,"{""colsample_bytree"": 0.6175745638858601, ""learning_rate"": 0.015799602191808645, ""max_depth"": 2, ""min_child_samples"": 10, ""num_leaves"": 11, ""reg_lambda"": 3.3170122939834457, ""subsample"": 0.7975218939971422, ""subsample_freq"": 1}"
1,2,142,1,0.4290527506515844,0.36199646295635074,0.06434484893316907,"{""colsample_bytree"": 0.6175745638858601, ""learning_rate"": 0.015799602191808645, ""max_depth"": 2, ""min_child_samples"": 10, ""num_leaves"": 11, ""reg_lambda"": 3.3170122939834457, ""subsample"": 0.7975218939971422, ""subsample_freq"": 1}"
1,2,146,1,0.9475001779889018,0.9759115454038341,0.008656250603065054,"{""colsample_bytree"": 0.6175745638858601, ""learning_rate"": 0.015799602191808645, ""max_depth"": 2, ""min_child_samples"": 10, ""num_leaves"": 11, ""reg_lambda"": 3.3170122939834457, ""subsample"": 0.7975218939971422, ""subsample_freq"": 1}"
1,2,153,0,0.6464518032732806,0.644158491302741,0.10956110623237655,"{""colsample_bytree"": 0.6175745638858601, ""learning_rate"": 0.015799602191808645, ""max_depth"": 2, ""min_child_samples"": 10, ""num_leaves"": 11, ""reg_lambda"": 3.3170122939834457, ""subsample"": 0.7975218939971422, ""subsample_freq"": 1}"
1,2,154,1,0.8467926656109729,0.8875728787578332,0.027602342884265087,"{""colsample_bytree"": 0.6175745638858601, ""learning_rate"": 0.015799602191808645, ""max_depth"": 2, ""min_child_samples"": 10, ""num_leaves"": 11, ""reg_lambda"": 3.3170122939834457, ""subsample"": 0.7975218939971422, ""subsample_freq"": 1}"
1,2,156,1,0.7653807386495278,0.8168170364723288,0.09987090729541868,"{""colsample_bytree"": 0.6175745638858601, ""learning_rate"": 0.015799602191808645, ""max_depth"": 2, ""min_child_samples"": 10, ""num_leaves"": 11, ""reg_lambda"": 3.3170122939834457, ""subsample"": 0.7975218939971422, ""subsample_freq"": 1}"
1,2,164,1,0.9400461002110503,0.9681066188168197,0.02112712123448562,"{""colsample_bytree"": 0.6175745638858601, ""learning_rate"": 0.015799602191808645, ""max_depth"": 2, ""min_child_samples"": 10, ""num_leaves"": 11, ""reg_lambda"": 3.3170122939834457, ""subsample"": 0.7975218939971422, ""subsample_freq"": 1}"
1,2,168,0,0.21555712028271204,0.13103551256603319,0.0511341427152895,"{""colsample_bytree"": 0.6175745638858601, ""learning_rate"": 0.015799602191808645, ""max_depth"": 2, ""min_child_samples"": 10, ""num_leaves"": 11, ""reg_lambda"": 3.3170122939834457, ""subsample"": 0.7975218939971422, ""subsample_freq"": 1}"
1,2,169,0,0.32810631119905387,0.22336685994067204,0.050724756074388325,"{""colsample_bytree"": 0.6175745638858601, ""learning_rate"": 0.015799602191808645, ""max_depth"": 2, ""min_child_samples"": 10, ""num_leaves"": 11, ""reg_lambda"": 3.3170122939834457, ""subsample"": 0.7975218939971422, ""subsample_freq"": 1}"
1,2,170,0,0.3530056487741318,0.2871834702513282,0.13160262386941757,"{""colsample_bytree"": 0.6175745638858601, ""learning_rate"": 0.015799602191808645, ""max_depth"": 2, ""min_child_samples"": 10, ""num_leaves"": 11, ""reg_lambda"": 3.3170122939834457, ""subsample"": 0.7975218939971422, ""subsample_freq"": 1}"
1,2,174,1,0.9599169434042114,0.9817145700124517,0.009878985528810339,"{""colsample_bytree"": 0.6175745638858601, ""learning_rate"": 0.015799602191808645, ""max_depth"": 2, ""min_child_samples"": 10, ""num_leaves"": 11, ""reg_lambda"": 3.3170122939834457, ""subsample"": 0.7975218939971422, ""subsample_freq"": 1}"
1,2,176,1,0.3673870651241673,0.28305893024691975,0.05980080957062517,"{""colsample_bytree"": 0.6175745638858601, ""learning_rate"": 0.015799602191808645, ""max_depth"": 2, ""min_child_samples"": 10, ""num_leaves"": 11, ""reg_lambda"": 3.3170122939834457, ""subsample"": 0.7975218939971422, ""subsample_freq"": 1}"
1,2,177,1,0.9125615061688851,0.9459960688450989,0.022158145372005424,"{""colsample_bytree"": 0.6175745638858601, ""learning_rate"": 0.015799602191808645, ""max_depth"": 2, ""min_child_samples"": 10, ""num_leaves"": 11, ""reg_lambda"": 3.3170122939834457, ""subsample"": 0.7975218939971422, ""subsample_freq"": 1}"
1,2,186,0,0.6982038571244615,0.6556143831889107,0.04747703921485125,"{""colsample_bytree"": 0.6175745638858601, ""learning_rate"": 0.015799602191808645, ""max_depth"": 2, ""min_child_samples"": 10, ""num_leaves"": 11, ""reg_lambda"": 3.3170122939834457, ""subsample"": 0.7975218939971422, ""subsample_freq"": 1}"
1,2,194,0,0.2816787644290068,0.18229298428817906,0.05034657230363524,"{""colsample_bytree"": 0.6175745638858601, ""learning_rate"": 0.015799602191808645, ""max_depth"": 2, ""min_child_samples"": 10, ""num_leaves"": 11, ""reg_lambda"": 3.3170122939834457, ""subsample"": 0.7975218939971422, ""subsample_freq"": 1}"
1,2,208,1,0.8805094129898132,0.9074911121395376,0.020039264196178467,"{""colsample_bytree"": 0.6175745638858601, ""learning_rate"": 0.015799602191808645, ""max_depth"": 2, ""min_child_samples"": 10, ""num_leaves"": 11, ""reg_lambda"": 3.3170122939834457, ""subsample"": 0.7975218939971422, ""subsample_freq"": 1}"
1,2,210,0,0.2419545757660641,0.14563841873568467,0.05629777966789948,"{""colsample_bytree"": 0.6175745638858601, ""learning_rate"": 0.015799602191808645, ""max_depth"": 2, ""min_child_samples"": 10, ""num_leaves"": 11, ""reg_lambda"": 3.3170122939834457, ""subsample"": 0.7975218939971422, ""subsample_freq"": 1}"
1,2,211,1,0.7804407271414636,0.7991897617127383,0.06647689612176634,"{""colsample_bytree"": 0.6175745638858601, ""learning_rate"": 0.015799602191808645, ""max_depth"": 2, ""min_child_samples"": 10, ""num_leaves"": 11, ""reg_lambda"": 3.3170122939834457, ""subsample"": 0.7975218939971422, ""subsample_freq"": 1}"
1,2,213,0,0.8793394880882901,0.9252881937618866,0.019082190878004574,"{""colsample_bytree"": 0.6175745638858601, ""learning_rate"": 0.015799602191808645, ""max_depth"": 2, ""min_child_samples"": 10, ""num_leaves"": 11, ""reg_lambda"": 3.3170122939834457, ""subsample"": 0.7975218939971422, ""subsample_freq"": 1}"
1,2,221,1,0.5692106244365477,0.5799872120792836,0.06249540110048025,"{""colsample_bytree"": 0.6175745638858601, ""learning_rate"": 0.015799602191808645, ""max_depth"": 2, ""min_child_samples"": 10, ""num_leaves"": 11, ""reg_lambda"": 3.3170122939834457, ""subsample"": 0.7975218939971422, ""subsample_freq"": 1}"
1,2,223,1,0.6511140943380326,0.6634189948454967,0.04357656702294761,"{""colsample_bytree"": 0.6175745638858601, ""learning_rate"": 0.015799602191808645, ""max_depth"": 2, ""min_child_samples"": 10, ""num_leaves"": 11, ""reg_lambda"": 3.3170122939834457, ""subsample"": 0.7975218939971422, ""subsample_freq"": 1}"
1,2,229,1,0.9006244490063123,0.929555869803661,0.014439511791182335,"{""colsample_bytree"": 0.6175745638858601, ""learning_rate"": 0.015799602191808645, ""max_depth"": 2, ""min_child_samples"": 10, ""num_leaves"": 11, ""reg_lambda"": 3.3170122939834457, ""subsample"": 0.7975218939971422, ""subsample_freq"": 1}"
1,2,235,1,0.9101784323217066,0.9372796540658872,0.02176354458450646,"{""colsample_bytree"": 0.6175745638858601, ""learning_rate"": 0.015799602191808645, ""max_depth"": 2, ""min_child_samples"": 10, ""num_leaves"": 11, ""reg_lambda"": 3.3170122939834457, ""subsample"": 0.7975218939971422, ""subsample_freq"": 1}"
1,2,237,1,0.7958496701092252,0.810876861190636,0.050874325196203954,"{""colsample_bytree"": 0.6175745638858601, ""learning_rate"": 0.015799602191808645, ""max_depth"": 2, ""min_child_samples"": 10, ""num_leaves"": 11, ""reg_lambda"": 3.3170122939834457, ""subsample"": 0.7975218939971422, ""subsample_freq"": 1}"
1,2,239,1,0.9223419721290009,0.9401464377090842,0.014019788569946099,"{""colsample_bytree"": 0.6175745638858601, ""learning_rate"": 0.015799602191808645, ""max_depth"": 2, ""min_child_samples"": 10, ""num_leaves"": 11, ""reg_lambda"": 3.3170122939834457, ""subsample"": 0.7975218939971422, ""subsample_freq"": 1}"
1,2,242,1,0.8593711877309257,0.8919744979313282,0.019373392029777683,"{""colsample_bytree"": 0.6175745638858601, ""learning_rate"": 0.015799602191808645, ""max_depth"": 2, ""min_child_samples"": 10, ""num_leaves"": 11, ""reg_lambda"": 3.3170122939834457, ""subsample"": 0.7975218939971422, ""subsample_freq"": 1}"
1,2,243,1,0.8910581016282734,0.9351685470041874,0.016019899936366076,"{""colsample_bytree"": 0.6175745638858601, ""learning_rate"": 0.015799602191808645, ""max_depth"": 2, ""min_child_samples"": 10, ""num_leaves"": 11, ""reg_lambda"": 3.3170122939834457, ""subsample"": 0.7975218939971422, ""subsample_freq"": 1}"
1,2,245,1,0.5476731949088587,0.5216086183397928,0.09486698386627576,"{""colsample_bytree"": 0.6175745638858601, ""learning_rate"": 0.015799602191808645, ""max_depth"": 2, ""min_child_samples"": 10, ""num_leaves"": 11, ""reg_lambda"": 3.3170122939834457, ""subsample"": 0.7975218939971422, ""subsample_freq"": 1}"
1,2,254,0,0.7502714571764529,0.7659835078820102,0.06489757063939255,"{""colsample_bytree"": 0.6175745638858601, ""learning_rate"": 0.015799602191808645, ""max_depth"": 2, ""min_child_samples"": 10, ""num_leaves"": 11, ""reg_lambda"": 3.3170122939834457, ""subsample"": 0.7975218939971422, ""subsample_freq"": 1}"
1,2,269,1,0.9039968872863343,0.9554052311091175,0.012737175925744732,"{""colsample_bytree"": 0.6175745638858601, ""learning_rate"": 0.015799602191808645, ""max_depth"": 2, ""min_child_samples"": 10, ""num_leaves"": 11, ""reg_lambda"": 3.3170122939834457, ""subsample"": 0.7975218939971422, ""subsample_freq"": 1}"
1,2,272,0,0.6619432967122837,0.6475985136611582,0.07390927952934853,"{""colsample_bytree"": 0.6175745638858601, ""learning_rate"": 0.015799602191808645, ""max_depth"": 2, ""min_child_samples"": 10, ""num_leaves"": 11, ""reg_lambda"": 3.3170122939834457, ""subsample"": 0.7975218939971422, ""subsample_freq"": 1}"
1,2,273,1,0.9434240867875614,0.9637028128873399,0.020364128597661395,"{""colsample_bytree"": 0.6175745638858601, ""learning_rate"": 0.015799602191808645, ""max_depth"": 2, ""min_child_samples"": 10, ""num_leaves"": 11, ""reg_lambda"": 3.3170122939834457, ""subsample"": 0.7975218939971422, ""subsample_freq"": 1}"
1,2,283,1,0.5050744976830706,0.432980638118363,0.08305471160657085,"{""colsample_bytree"": 0.6175745638858601, ""learning_rate"": 0.015799602191808645, ""max_depth"": 2, ""min_child_samples"": 10, ""num_leaves"": 11, ""reg_lambda"": 3.3170122939834457, ""subsample"": 0.7975218939971422, ""subsample_freq"": 1}"
1,2,286,0,0.4182004710232557,0.31605001562572,0.04822890776653367,"{""colsample_bytree"": 0.6175745638858601, ""learning_rate"": 0.015799602191808645, ""max_depth"": 2, ""min_child_samples"": 10, ""num_leaves"": 11, ""reg_lambda"": 3.3170122939834457, ""subsample"": 0.7975218939971422, ""subsample_freq"": 1}"
1,2,295,0,0.6552488119993314,0.6778931954553787,0.06293126415408754,"{""colsample_bytree"": 0.6175745638858601, ""learning_rate"": 0.015799602191808645, ""max_depth"": 2, ""min_child_samples"": 10, ""num_leaves"": 11, ""reg_lambda"": 3.3170122939834457, ""subsample"": 0.7975218939971422, ""subsample_freq"": 1}"
1,2,302,1,0.804101206542299,0.8430515019110254,0.030744407626669773,"{""colsample_bytree"": 0.6175745638858601, ""learning_rate"": 0.015799602191808645, ""max_depth"": 2, ""min_child_samples"": 10, ""num_leaves"": 11, ""reg_lambda"": 3.3170122939834457, ""subsample"": 0.7975218939971422, ""subsample_freq"": 1}"
1,3,0,1,0.5870342623467656,0.47852746428052145,0.0851917150678631,"{""colsample_bytree"": 0.6732441073277058, ""learning_rate"": 0.026842465490279292, ""max_depth"": 2, ""min_child_samples"": 11, ""num_leaves"": 5, ""reg_lambda"": 0.4771355006332475, ""subsample"": 0.8466925658890057, ""subsample_freq"": 1}"
1,3,6,1,0.9873276657615925,0.9794665033183498,0.013330250247316534,"{""colsample_bytree"": 0.6732441073277058, ""learning_rate"": 0.026842465490279292, ""max_depth"": 2, ""min_child_samples"": 11, ""num_leaves"": 5, ""reg_lambda"": 0.4771355006332475, ""subsample"": 0.8466925658890057, ""subsample_freq"": 1}"
1,3,10,1,0.9373845625504705,0.9303539064031898,0.036670576817930865,"{""colsample_bytree"": 0.6732441073277058, ""learning_rate"": 0.026842465490279292, ""max_depth"": 2, ""min_child_samples"": 11, ""num_leaves"": 5, ""reg_lambda"": 0.4771355006332475, ""subsample"": 0.8466925658890057, ""subsample_freq"": 1}"
1,3,17,0,0.39650683016748156,0.4283689738916069,0.10447356913115671,"{""colsample_bytree"": 0.6732441073277058, ""learning_rate"": 0.026842465490279292, ""max_depth"": 2, ""min_child_samples"": 11, ""num_leaves"": 5, ""reg_lambda"": 0.4771355006332475, ""subsample"": 0.8466925658890057, ""subsample_freq"": 1}"
1,3,27,1,0.23999177119040585,0.19926930267237383,0.11417747428064887,"{""colsample_bytree"": 0.6732441073277058, ""learning_rate"": 0.026842465490279292, ""max_depth"": 2, ""min_child_samples"": 11, ""num_leaves"": 5, ""reg_lambda"": 0.4771355006332475, ""subsample"": 0.8466925658890057, ""subsample_freq"": 1}"
1,3,44,1,0.7391439313315377,0.7509581899902742,0.13421878302029777,"{""colsample_bytree"": 0.6732441073277058, ""learning_rate"": 0.026842465490279292, ""max_depth"": 2, ""min_child_samples"": 11, ""num_leaves"": 5, ""reg_lambda"": 0.4771355006332475, ""subsample"": 0.8466925658890057, ""subsample_freq"": 1}"
1,3,46,1,0.9235073353392999,0.9224198200553821,0.04751672172221668,"{""colsample_bytree"": 0.6732441073277058, ""learning_rate"": 0.026842465490279292, ""max_depth"": 2, ""min_child_samples"": 11, ""num_leaves"": 5, ""reg_lambda"": 0.4771355006332475, ""subsample"": 0.8466925658890057, ""subsample_freq"": 1}"
1,3,48,0,0.1283495507148505,0.15193390960029654,0.10096526167816253,"{""colsample_bytree"": 0.6732441073277058, ""learning_rate"": 0.026842465490279292, ""max_depth"": 2, ""min_child_samples"": 11, ""num_leaves"": 5, ""reg_lambda"": 0.4771355006332475, ""subsample"": 0.8466925658890057, ""subsample_freq"": 1}"
1,3,50,1,0.5977639731221628,0.6046070728022582,0.13085964306246411,"{""colsample_bytree"": 0.6732441073277058, ""learning_rate"": 0.026842465490279292, ""max_depth"": 2, ""min_child_samples"": 11, ""num_leaves"": 5, ""reg_lambda"": 0.4771355006332475, ""subsample"": 0.8466925658890057, ""subsample_freq"": 1}"
1,3,51,1,0.9512445249146922,0.9480303980765072,0.03316735757607491,"{""colsample_bytree"": 0.6732441073277058, ""learning_rate"": 0.026842465490279292, ""max_depth"": 2, ""min_child_samples"": 11, ""num_leaves"": 5, ""reg_lambda"": 0.4771355006332475, ""subsample"": 0.8466925658890057, ""subsample_freq"": 1}"
1,3,58,1,0.3034399056348222,0.2555414691262688,0.12450019458812894,"{""colsample_bytree"": 0.6732441073277058, ""learning_rate"": 0.026842465490279292, ""max_depth"": 2, ""min_child_samples"": 11, ""num_leaves"": 5, ""reg_lambda"": 0.4771355006332475, ""subsample"": 0.8466925658890057, ""subsample_freq"": 1}"
1,3,65,1,0.8387636248003795,0.8660023429357746,0.05172706949950718,"{""colsample_bytree"": 0.6732441073277058, ""learning_rate"": 0.026842465490279292, ""max_depth"": 2, ""min_child_samples"": 11, ""num_leaves"": 5, ""reg_lambda"": 0.4771355006332475, ""subsample"": 0.8466925658890057, ""subsample_freq"": 1}"
1,3,70,0,0.2907730952010501,0.26619152241852345,0.11540785093263492,"{""colsample_bytree"": 0.6732441073277058, ""learning_rate"": 0.026842465490279292, ""max_depth"": 2, ""min_child_samples"": 11, ""num_leaves"": 5, ""reg_lambda"": 0.4771355006332475, ""subsample"": 0.8466925658890057, ""subsample_freq"": 1}"
1,3,71,1,0.9655420014747953,0.9705501304700332,0.016733397909689102,"{""colsample_bytree"": 0.6732441073277058, ""learning_rate"": 0.026842465490279292, ""max_depth"": 2, ""min_child_samples"": 11, ""num_leaves"": 5, ""reg_lambda"": 0.4771355006332475, ""subsample"": 0.8466925658890057, ""subsample_freq"": 1}"
1,3,74,1,0.9872519799711577,0.9876237217033932,0.009195208185766307,"{""colsample_bytree"": 0.6732441073277058, ""learning_rate"": 0.026842465490279292, ""max_depth"": 2, ""min_child_samples"": 11, ""num_leaves"": 5, ""reg_lambda"": 0.4771355006332475, ""subsample"": 0.8466925658890057, ""subsample_freq"": 1}"
1,3,77,1,0.8647024687508381,0.848402534559078,0.051604334941799224,"{""colsample_bytree"": 0.6732441073277058, ""learning_rate"": 0.026842465490279292, ""max_depth"": 2, ""min_child_samples"": 11, ""num_leaves"": 5, ""reg_lambda"": 0.4771355006332475, ""subsample"": 0.8466925658890057, ""subsample_freq"": 1}"
1,3,88,1,0.9478730253952814,0.9487131164926318,0.025119408190802054,"{""colsample_bytree"": 0.6732441073277058, ""learning_rate"": 0.026842465490279292, ""max_depth"": 2, ""min_child_samples"": 11, ""num_leaves"": 5, ""reg_lambda"": 0.4771355006332475, ""subsample"": 0.8466925658890057, ""subsample_freq"": 1}"
1,3,89,1,0.9746330666721152,0.9699676263048731,0.020455129430439038,"{""colsample_bytree"": 0.6732441073277058, ""learning_rate"": 0.026842465490279292, ""max_depth"": 2, ""min_child_samples"": 11, ""num_leaves"": 5, ""reg_lambda"": 0.4771355006332475, ""subsample"": 0.8466925658890057, ""subsample_freq"": 1}"
1,3,91,0,0.3554800484391636,0.34626047031404567,0.06528188210298524,"{""colsample_bytree"": 0.6732441073277058, ""learning_rate"": 0.026842465490279292, ""max_depth"": 2, ""min_child_samples"": 11, ""num_leaves"": 5, ""reg_lambda"": 0.4771355006332475, ""subsample"": 0.8466925658890057, ""subsample_freq"": 1}"
1,3,92,1,0.9544246932892864,0.958364451969097,0.03000833139583193,"{""colsample_bytree"": 0.6732441073277058, ""learning_rate"": 0.026842465490279292, ""max_depth"": 2, ""min_child_samples"": 11, ""num_leaves"": 5, ""reg_lambda"": 0.4771355006332475, ""subsample"": 0.8466925658890057, ""subsample_freq"": 1}"
1,3,95,1,0.9835100633359258,0.9786818602135403,0.01646212768305355,"{""colsample_bytree"": 0.6732441073277058, ""learning_rate"": 0.026842465490279292, ""max_depth"": 2, ""min_child_samples"": 11, ""num_leaves"": 5, ""reg_lambda"": 0.4771355006332475, ""subsample"": 0.8466925658890057, ""subsample_freq"": 1}"
1,3,118,1,0.959970801327323,0.9576874006110317,0.018357160448595033,"{""colsample_bytree"": 0.6732441073277058, ""learning_rate"": 0.026842465490279292, ""max_depth"": 2, ""min_child_samples"": 11, ""num_leaves"": 5, ""reg_lambda"": 0.4771355006332475, ""subsample"": 0.8466925658890057, ""subsample_freq"": 1}"
1,3,119,1,0.8525385414874994,0.854009102703553,0.03971507862080309,"{""colsample_bytree"": 0.6732441073277058, ""learning_rate"": 0.026842465490279292, ""max_depth"": 2, ""min_child_samples"": 11, ""num_leaves"": 5, ""reg_lambda"": 0.4771355006332475, ""subsample"": 0.8466925658890057, ""subsample_freq"": 1}"
1,3,121,1,0.7683635673727859,0.7070690216645763,0.18056819826844064,"{""colsample_bytree"": 0.6732441073277058, ""learning_rate"": 0.026842465490279292, ""max_depth"": 2, ""min_child_samples"": 11, ""num_leaves"": 5, ""reg_lambda"": 0.4771355006332475, ""subsample"": 0.8466925658890057, ""subsample_freq"": 1}"
1,3,122,1,0.9723420602982447,0.9573990661999382,0.01913737451992688,"{""colsample_bytree"": 0.6732441073277058, ""learning_rate"": 0.026842465490279292, ""max_depth"": 2, ""min_child_samples"": 11, ""num_leaves"": 5, ""reg_lambda"": 0.4771355006332475, ""subsample"": 0.8466925658890057, ""subsample_freq"": 1}"
1,3,125,1,0.8949708364998007,0.863491694078653,0.045144441083070204,"{""colsample_bytree"": 0.6732441073277058, ""learning_rate"": 0.026842465490279292, ""max_depth"": 2, ""min_child_samples"": 11, ""num_leaves"": 5, ""reg_lambda"": 0.4771355006332475, ""subsample"": 0.8466925658890057, ""subsample_freq"": 1}"
1,3,132,1,0.9892285498301501,0.9871518029354419,0.009029422684459111,"{""colsample_bytree"": 0.6732441073277058, ""learning_rate"": 0.026842465490279292, ""max_depth"": 2, ""min_child_samples"": 11, ""num_leaves"": 5, ""reg_lambda"": 0.4771355006332475, ""subsample"": 0.8466925658890057, ""subsample_freq"": 1}"
1,3,147,1,0.8246741133824826,0.8468002438335406,0.06732076080225521,"{""colsample_bytree"": 0.6732441073277058, ""learning_rate"": 0.026842465490279292, ""max_depth"": 2, ""min_child_samples"": 11, ""num_leaves"": 5, ""reg_lambda"": 0.4771355006332475, ""subsample"": 0.8466925658890057, ""subsample_freq"": 1}"
1,3,149,1,0.9563013685756856,0.9544775566519622,0.02525377479249345,"{""colsample_bytree"": 0.6732441073277058, ""learning_rate"": 0.026842465490279292, ""max_depth"": 2, ""min_child_samples"": 11, ""num_leaves"": 5, ""reg_lambda"": 0.4771355006332475, ""subsample"": 0.8466925658890057, ""subsample_freq"": 1}"
1,3,150,0,0.6892262471206091,0.6531785667550736,0.1146412187552927,"{""colsample_bytree"": 0.6732441073277058, ""learning_rate"": 0.026842465490279292, ""max_depth"": 2, ""min_child_samples"": 11, ""num_leaves"": 5, ""reg_lambda"": 0.4771355006332475, ""subsample"": 0.8466925658890057, ""subsample_freq"": 1}"
1,3,155,1,0.9768648953334633,0.9653913162017295,0.02048520255525549,"{""colsample_bytree"": 0.6732441073277058, ""learning_rate"": 0.026842465490279292, ""max_depth"": 2, ""min_child_samples"": 11, ""num_leaves"": 5, ""reg_lambda"": 0.4771355006332475, ""subsample"": 0.8466925658890057, ""subsample_freq"": 1}"
1,3,157,1,0.7549940232157936,0.7590571006752386,0.09885134826073888,"{""colsample_bytree"": 0.6732441073277058, ""learning_rate"": 0.026842465490279292, ""max_depth"": 2, ""min_child_samples"": 11, ""num_leaves"": 5, ""reg_lambda"": 0.4771355006332475, ""subsample"": 0.8466925658890057, ""subsample_freq"": 1}"
1,3,161,1,0.9571333996368775,0.9612387541522255,0.018507033299352247,"{""colsample_bytree"": 0.6732441073277058, ""learning_rate"": 0.026842465490279292, ""max_depth"": 2, ""min_child_samples"": 11, ""num_leaves"": 5, ""reg_lambda"": 0.4771355006332475, ""subsample"": 0.8466925658890057, ""subsample_freq"": 1}"
1,3,162,1,0.9790760478730027,0.9685395862615597,0.01566305257495456,"{""colsample_bytree"": 0.6732441073277058, ""learning_rate"": 0.026842465490279292, ""max_depth"": 2, ""min_child_samples"": 11, ""num_leaves"": 5, ""reg_lambda"": 0.4771355006332475, ""subsample"": 0.8466925658890057, ""subsample_freq"": 1}"
1,3,163,1,0.6689506187820637,0.6387427345526271,0.08041291868050299,"{""colsample_bytree"": 0.6732441073277058, ""learning_rate"": 0.026842465490279292, ""max_depth"": 2, ""min_child_samples"": 11, ""num_leaves"": 5, ""reg_lambda"": 0.4771355006332475, ""subsample"": 0.8466925658890057, ""subsample_freq"": 1}"
1,3,171,1,0.9531982798245215,0.9338801091933704,0.031379013221190195,"{""colsample_bytree"": 0.6732441073277058, ""learning_rate"": 0.026842465490279292, ""max_depth"": 2, ""min_child_samples"": 11, ""num_leaves"": 5, ""reg_lambda"": 0.4771355006332475, ""subsample"": 0.8466925658890057, ""subsample_freq"": 1}"
1,3,172,1,0.8752087019940775,0.8878326751302907,0.05716900508797424,"{""colsample_bytree"": 0.6732441073277058, ""learning_rate"": 0.026842465490279292, ""max_depth"": 2, ""min_child_samples"": 11, ""num_leaves"": 5, ""reg_lambda"": 0.4771355006332475, ""subsample"": 0.8466925658890057, ""subsample_freq"": 1}"
1,3,175,0,0.7630210621396168,0.7594605483993215,0.09320390998694979,"{""colsample_bytree"": 0.6732441073277058, ""learning_rate"": 0.026842465490279292, ""max_depth"": 2, ""min_child_samples"": 11, ""num_leaves"": 5, ""reg_lambda"": 0.4771355006332475, ""subsample"": 0.8466925658890057, ""subsample_freq"": 1}"
1,3,178,1,0.8441085201994017,0.8526822758974621,0.049854672654463354,"{""colsample_bytree"": 0.6732441073277058, ""learning_rate"": 0.026842465490279292, ""max_depth"": 2, ""min_child_samples"": 11, ""num_leaves"": 5, ""reg_lambda"": 0.4771355006332475, ""subsample"": 0.8466925658890057, ""subsample_freq"": 1}"
1,3,179,0,0.1584533179248004,0.14765015250736194,0.0705965867901537,"{""colsample_bytree"": 0.6732441073277058, ""learning_rate"": 0.026842465490279292, ""max_depth"": 2, ""min_child_samples"": 11, ""num_leaves"": 5, ""reg_lambda"": 0.4771355006332475, ""subsample"": 0.8466925658890057, ""subsample_freq"": 1}"
1,3,185,0,0.8742633386165314,0.8519718607791485,0.05876498531871852,"{""colsample_bytree"": 0.6732441073277058, ""learning_rate"": 0.026842465490279292, ""max_depth"": 2, ""min_child_samples"": 11, ""num_leaves"": 5, ""reg_lambda"": 0.4771355006332475, ""subsample"": 0.8466925658890057, ""subsample_freq"": 1}"
1,3,188,1,0.7862788188235518,0.6759819948296047,0.1934134107322176,"{""colsample_bytree"": 0.6732441073277058, ""learning_rate"": 0.026842465490279292, ""max_depth"": 2, ""min_child_samples"": 11, ""num_leaves"": 5, ""reg_lambda"": 0.4771355006332475, ""subsample"": 0.8466925658890057, ""subsample_freq"": 1}"
1,3,205,1,0.3464144198978077,0.34550879976379534,0.0826073798169995,"{""colsample_bytree"": 0.6732441073277058, ""learning_rate"": 0.026842465490279292, ""max_depth"": 2, ""min_child_samples"": 11, ""num_leaves"": 5, ""reg_lambda"": 0.4771355006332475, ""subsample"": 0.8466925658890057, ""subsample_freq"": 1}"
1,3,206,1,0.9255074207815569,0.9256843876033282,0.05181058796567988,"{""colsample_bytree"": 0.6732441073277058, ""learning_rate"": 0.026842465490279292, ""max_depth"": 2, ""min_child_samples"": 11, ""num_leaves"": 5, ""reg_lambda"": 0.4771355006332475, ""subsample"": 0.8466925658890057, ""subsample_freq"": 1}"
1,3,209,1,0.9495481608109567,0.9524240282216365,0.02765728626304271,"{""colsample_bytree"": 0.6732441073277058, ""learning_rate"": 0.026842465490279292, ""max_depth"": 2, ""min_child_samples"": 11, ""num_leaves"": 5, ""reg_lambda"": 0.4771355006332475, ""subsample"": 0.8466925658890057, ""subsample_freq"": 1}"
1,3,212,0,0.09837124028490403,0.10446486482058914,0.08354225191750665,"{""colsample_bytree"": 0.6732441073277058, ""learning_rate"": 0.026842465490279292, ""max_depth"": 2, ""min_child_samples"": 11, ""num_leaves"": 5, ""reg_lambda"": 0.4771355006332475, ""subsample"": 0.8466925658890057, ""subsample_freq"": 1}"
1,3,214,0,0.9297978013636103,0.9320719351589531,0.021252285915967298,"{""colsample_bytree"": 0.6732441073277058, ""learning_rate"": 0.026842465490279292, ""max_depth"": 2, ""min_child_samples"": 11, ""num_leaves"": 5, ""reg_lambda"": 0.4771355006332475, ""subsample"": 0.8466925658890057, ""subsample_freq"": 1}"
1,3,215,1,0.9740885006232054,0.9716673193413021,0.020870374222124382,"{""colsample_bytree"": 0.6732441073277058, ""learning_rate"": 0.026842465490279292, ""max_depth"": 2, ""min_child_samples"": 11, ""num_leaves"": 5, ""reg_lambda"": 0.4771355006332475, ""subsample"": 0.8466925658890057, ""subsample_freq"": 1}"
1,3,217,0,0.3739289188198809,0.3857660717299294,0.14181196192485018,"{""colsample_bytree"": 0.6732441073277058, ""learning_rate"": 0.026842465490279292, ""max_depth"": 2, ""min_child_samples"": 11, ""num_leaves"": 5, ""reg_lambda"": 0.4771355006332475, ""subsample"": 0.8466925658890057, ""subsample_freq"": 1}"
1,3,231,1,0.9816936222985022,0.977299623330372,0.014881255645081968,"{""colsample_bytree"": 0.6732441073277058, ""learning_rate"": 0.026842465490279292, ""max_depth"": 2, ""min_child_samples"": 11, ""num_leaves"": 5, ""reg_lambda"": 0.4771355006332475, ""subsample"": 0.8466925658890057, ""subsample_freq"": 1}"
1,3,232,1,0.9577418905152102,0.9636481642192557,0.021651761034492886,"{""colsample_bytree"": 0.6732441073277058, ""learning_rate"": 0.026842465490279292, ""max_depth"": 2, ""min_child_samples"": 11, ""num_leaves"": 5, ""reg_lambda"": 0.4771355006332475, ""subsample"": 0.8466925658890057, ""subsample_freq"": 1}"
1,3,233,0,0.5840397307658912,0.5689359084155576,0.10673021141755816,"{""colsample_bytree"": 0.6732441073277058, ""learning_rate"": 0.026842465490279292, ""max_depth"": 2, ""min_child_samples"": 11, ""num_leaves"": 5, ""reg_lambda"": 0.4771355006332475, ""subsample"": 0.8466925658890057, ""subsample_freq"": 1}"
1,3,249,1,0.9321461870266623,0.940026908952392,0.02784475393554749,"{""colsample_bytree"": 0.6732441073277058, ""learning_rate"": 0.026842465490279292, ""max_depth"": 2, ""min_child_samples"": 11, ""num_leaves"": 5, ""reg_lambda"": 0.4771355006332475, ""subsample"": 0.8466925658890057, ""subsample_freq"": 1}"
1,3,260,1,0.9706818571205418,0.9692201028101148,0.02014047230926452,"{""colsample_bytree"": 0.6732441073277058, ""learning_rate"": 0.026842465490279292, ""max_depth"": 2, ""min_child_samples"": 11, ""num_leaves"": 5, ""reg_lambda"": 0.4771355006332475, ""subsample"": 0.8466925658890057, ""subsample_freq"": 1}"
1,3,268,0,0.5906901163447904,0.44295061861102536,0.20392130037807543,"{""colsample_bytree"": 0.6732441073277058, ""learning_rate"": 0.026842465490279292, ""max_depth"": 2, ""min_child_samples"": 11, ""num_leaves"": 5, ""reg_lambda"": 0.4771355006332475, ""subsample"": 0.8466925658890057, ""subsample_freq"": 1}"
1,3,276,0,0.2785479755003798,0.26354124540085955,0.09826545843878733,"{""colsample_bytree"": 0.6732441073277058, ""learning_rate"": 0.026842465490279292, ""max_depth"": 2, ""min_child_samples"": 11, ""num_leaves"": 5, ""reg_lambda"": 0.4771355006332475, ""subsample"": 0.8466925658890057, ""subsample_freq"": 1}"
1,3,287,0,0.5763288081176305,0.5311939968977002,0.184627130852335,"{""colsample_bytree"": 0.6732441073277058, ""learning_rate"": 0.026842465490279292, ""max_depth"": 2, ""min_child_samples"": 11, ""num_leaves"": 5, ""reg_lambda"": 0.4771355006332475, ""subsample"": 0.8466925658890057, ""subsample_freq"": 1}"
1,3,294,1,0.6897902887718269,0.6540195185255748,0.11200161318354868,"{""colsample_bytree"": 0.6732441073277058, ""learning_rate"": 0.026842465490279292, ""max_depth"": 2, ""min_child_samples"": 11, ""num_leaves"": 5, ""reg_lambda"": 0.4771355006332475, ""subsample"": 0.8466925658890057, ""subsample_freq"": 1}"
1,3,299,0,0.1215426965495426,0.13298878529282326,0.10679488007297494,"{""colsample_bytree"": 0.6732441073277058, ""learning_rate"": 0.026842465490279292, ""max_depth"": 2, ""min_child_samples"": 11, ""num_leaves"": 5, ""reg_lambda"": 0.4771355006332475, ""subsample"": 0.8466925658890057, ""subsample_freq"": 1}"
1,3,300,0,0.1986828813194623,0.18304716573944968,0.05746638534648084,"{""colsample_bytree"": 0.6732441073277058, ""learning_rate"": 0.026842465490279292, ""max_depth"": 2, ""min_child_samples"": 11, ""num_leaves"": 5, ""reg_lambda"": 0.4771355006332475, ""subsample"": 0.8466925658890057, ""subsample_freq"": 1}"
1,4,7,1,0.9763055683301599,0.9463938249291814,0.032203386732010314,"{""colsample_bytree"": 0.4114619236803105, ""learning_rate"": 0.04741230532472677, ""max_depth"": 4, ""min_child_samples"": 8, ""num_leaves"": 8, ""reg_lambda"": 5.122505688782113, ""subsample"": 0.9390404222792045, ""subsample_freq"": 1}"
1,4,9,1,0.9679294700082085,0.9378096764293599,0.03733591080157491,"{""colsample_bytree"": 0.4114619236803105, ""learning_rate"": 0.04741230532472677, ""max_depth"": 4, ""min_child_samples"": 8, ""num_leaves"": 8, ""reg_lambda"": 5.122505688782113, ""subsample"": 0.9390404222792045, ""subsample_freq"": 1}"
1,4,12,1,0.9821446061760611,0.9377517056545187,0.027497458907297562,"{""colsample_bytree"": 0.4114619236803105, ""learning_rate"": 0.04741230532472677, ""max_depth"": 4, ""min_child_samples"": 8, ""num_leaves"": 8, ""reg_lambda"": 5.122505688782113, ""subsample"": 0.9390404222792045, ""subsample_freq"": 1}"
1,4,14,1,0.5429713737367596,0.5514050190469397,0.09059228058565102,"{""colsample_bytree"": 0.4114619236803105, ""learning_rate"": 0.04741230532472677, ""max_depth"": 4, ""min_child_samples"": 8, ""num_leaves"": 8, ""reg_lambda"": 5.122505688782113, ""subsample"": 0.9390404222792045, ""subsample_freq"": 1}"
1,4,23,1,0.9887115928958244,0.9747953158931029,0.01939863722504175,"{""colsample_bytree"": 0.4114619236803105, ""learning_rate"": 0.04741230532472677, ""max_depth"": 4, ""min_child_samples"": 8, ""num_leaves"": 8, ""reg_lambda"": 5.122505688782113, ""subsample"": 0.9390404222792045, ""subsample_freq"": 1}"
1,4,29,1,0.987594345027782,0.9680527567844728,0.026077953212455065,"{""colsample_bytree"": 0.4114619236803105, ""learning_rate"": 0.04741230532472677, ""max_depth"": 4, ""min_child_samples"": 8, ""num_leaves"": 8, ""reg_lambda"": 5.122505688782113, ""subsample"": 0.9390404222792045, ""subsample_freq"": 1}"
1,4,30,1,0.975430116024891,0.9431856143603004,0.03043251917153048,"{""colsample_bytree"": 0.4114619236803105, ""learning_rate"": 0.04741230532472677, ""max_depth"": 4, ""min_child_samples"": 8, ""num_leaves"": 8, ""reg_lambda"": 5.122505688782113, ""subsample"": 0.9390404222792045, ""subsample_freq"": 1}"
1,4,33,1,0.9681052923772276,0.9307206418563201,0.05415981993892427,"{""colsample_bytree"": 0.4114619236803105, ""learning_rate"": 0.04741230532472677, ""max_depth"": 4, ""min_child_samples"": 8, ""num_leaves"": 8, ""reg_lambda"": 5.122505688782113, ""subsample"": 0.9390404222792045, ""subsample_freq"": 1}"
1,4,36,1,0.9622492286787385,0.9398700603915694,0.030772182613670346,"{""colsample_bytree"": 0.4114619236803105, ""learning_rate"": 0.04741230532472677, ""max_depth"": 4, ""min_child_samples"": 8, ""num_leaves"": 8, ""reg_lambda"": 5.122505688782113, ""subsample"": 0.9390404222792045, ""subsample_freq"": 1}"
1,4,40,1,0.9524303567658268,0.9310515158828844,0.03860702461179856,"{""colsample_bytree"": 0.4114619236803105, ""learning_rate"": 0.04741230532472677, ""max_depth"": 4, ""min_child_samples"": 8, ""num_leaves"": 8, ""reg_lambda"": 5.122505688782113, ""subsample"": 0.9390404222792045, ""subsample_freq"": 1}"
1,4,45,1,0.924488493326466,0.8958074607522617,0.0540487802504633,"{""colsample_bytree"": 0.4114619236803105, ""learning_rate"": 0.04741230532472677, ""max_depth"": 4, ""min_child_samples"": 8, ""num_leaves"": 8, ""reg_lambda"": 5.122505688782113, ""subsample"": 0.9390404222792045, ""subsample_freq"": 1}"
1,4,47,1,0.9751134659409865,0.9535132767627893,0.03130486336615209,"{""colsample_bytree"": 0.4114619236803105, ""learning_rate"": 0.04741230532472677, ""max_depth"": 4, ""min_child_samples"": 8, ""num_leaves"": 8, ""reg_lambda"": 5.122505688782113, ""subsample"": 0.9390404222792045, ""subsample_freq"": 1}"
1,4,53,1,0.68561564395407,0.6545472254624228,0.16438468482683719,"{""colsample_bytree"": 0.4114619236803105, ""learning_rate"": 0.04741230532472677, ""max_depth"": 4, ""min_child_samples"": 8, ""num_leaves"": 8, ""reg_lambda"": 5.122505688782113, ""subsample"": 0.9390404222792045, ""subsample_freq"": 1}"
1,4,64,0,0.15388668970151165,0.2717378068364269,0.059689160397619866,"{""colsample_bytree"": 0.4114619236803105, ""learning_rate"": 0.04741230532472677, ""max_depth"": 4, ""min_child_samples"": 8, ""num_leaves"": 8, ""reg_lambda"": 5.122505688782113, ""subsample"": 0.9390404222792045, ""subsample_freq"": 1}"
1,4,67,0,0.8781131968188058,0.8062331727230498,0.0828612361268022,"{""colsample_bytree"": 0.4114619236803105, ""learning_rate"": 0.04741230532472677, ""max_depth"": 4, ""min_child_samples"": 8, ""num_leaves"": 8, ""reg_lambda"": 5.122505688782113, ""subsample"": 0.9390404222792045, ""subsample_freq"": 1}"
1,4,69,1,0.9427859252423691,0.9277287113041257,0.036826811658557966,"{""colsample_bytree"": 0.4114619236803105, ""learning_rate"": 0.04741230532472677, ""max_depth"": 4, ""min_child_samples"": 8, ""num_leaves"": 8, ""reg_lambda"": 5.122505688782113, ""subsample"": 0.9390404222792045, ""subsample_freq"": 1}"
1,4,75,1,0.6857646685542426,0.6458418387436319,0.08391620501121273,"{""colsample_bytree"": 0.4114619236803105, ""learning_rate"": 0.04741230532472677, ""max_depth"": 4, ""min_child_samples"": 8, ""num_leaves"": 8, ""reg_lambda"": 5.122505688782113, ""subsample"": 0.9390404222792045, ""subsample_freq"": 1}"
1,4,76,1,0.9741523294080845,0.9446083632043601,0.034991235197955196,"{""colsample_bytree"": 0.4114619236803105, ""learning_rate"": 0.04741230532472677, ""max_depth"": 4, ""min_child_samples"": 8, ""num_leaves"": 8, ""reg_lambda"": 5.122505688782113, ""subsample"": 0.9390404222792045, ""subsample_freq"": 1}"
1,4,80,1,0.9738656301029911,0.9531074844706919,0.02480067564669083,"{""colsample_bytree"": 0.4114619236803105, ""learning_rate"": 0.04741230532472677, ""max_depth"": 4, ""min_child_samples"": 8, ""num_leaves"": 8, ""reg_lambda"": 5.122505688782113, ""subsample"": 0.9390404222792045, ""subsample_freq"": 1}"
1,4,81,1,0.9896144053576762,0.9721538966008602,0.020211840176314878,"{""colsample_bytree"": 0.4114619236803105, ""learning_rate"": 0.04741230532472677, ""max_depth"": 4, ""min_child_samples"": 8, ""num_leaves"": 8, ""reg_lambda"": 5.122505688782113, ""subsample"": 0.9390404222792045, ""subsample_freq"": 1}"
1,4,84,1,0.967573016137969,0.9413147503365519,0.03193383285325643,"{""colsample_bytree"": 0.4114619236803105, ""learning_rate"": 0.04741230532472677, ""max_depth"": 4, ""min_child_samples"": 8, ""num_leaves"": 8, ""reg_lambda"": 5.122505688782113, ""subsample"": 0.9390404222792045, ""subsample_freq"": 1}"
1,4,96,1,0.9634199013826833,0.940487219854683,0.026112850230699598,"{""colsample_bytree"": 0.4114619236803105, ""learning_rate"": 0.04741230532472677, ""max_depth"": 4, ""min_child_samples"": 8, ""num_leaves"": 8, ""reg_lambda"": 5.122505688782113, ""subsample"": 0.9390404222792045, ""subsample_freq"": 1}"
1,4,100,1,0.9640572653515089,0.9072604071711623,0.05609870560539274,"{""colsample_bytree"": 0.4114619236803105, ""learning_rate"": 0.04741230532472677, ""max_depth"": 4, ""min_child_samples"": 8, ""num_leaves"": 8, ""reg_lambda"": 5.122505688782113, ""subsample"": 0.9390404222792045, ""subsample_freq"": 1}"
1,4,102,0,0.1560881441804813,0.2176591473406544,0.06650946498615176,"{""colsample_bytree"": 0.4114619236803105, ""learning_rate"": 0.04741230532472677, ""max_depth"": 4, ""min_child_samples"": 8, ""num_leaves"": 8, ""reg_lambda"": 5.122505688782113, ""subsample"": 0.9390404222792045, ""subsample_freq"": 1}"
1,4,104,1,0.8754221877062887,0.8196433163303534,0.08865540616870397,"{""colsample_bytree"": 0.4114619236803105, ""learning_rate"": 0.04741230532472677, ""max_depth"": 4, ""min_child_samples"": 8, ""num_leaves"": 8, ""reg_lambda"": 5.122505688782113, ""subsample"": 0.9390404222792045, ""subsample_freq"": 1}"
1,4,108,0,0.1303139610619825,0.18762632129125328,0.0721598321691405,"{""colsample_bytree"": 0.4114619236803105, ""learning_rate"": 0.04741230532472677, ""max_depth"": 4, ""min_child_samples"": 8, ""num_leaves"": 8, ""reg_lambda"": 5.122505688782113, ""subsample"": 0.9390404222792045, ""subsample_freq"": 1}"
1,4,113,0,0.06424447126373546,0.08309070148814497,0.03366531021336575,"{""colsample_bytree"": 0.4114619236803105, ""learning_rate"": 0.04741230532472677, ""max_depth"": 4, ""min_child_samples"": 8, ""num_leaves"": 8, ""reg_lambda"": 5.122505688782113, ""subsample"": 0.9390404222792045, ""subsample_freq"": 1}"
1,4,115,1,0.962269613095573,0.922659666165851,0.06343050175830028,"{""colsample_bytree"": 0.4114619236803105, ""learning_rate"": 0.04741230532472677, ""max_depth"": 4, ""min_child_samples"": 8, ""num_leaves"": 8, ""reg_lambda"": 5.122505688782113, ""subsample"": 0.9390404222792045, ""subsample_freq"": 1}"
1,4,124,1,0.7868890107634507,0.7505779820079184,0.07547608166517288,"{""colsample_bytree"": 0.4114619236803105, ""learning_rate"": 0.04741230532472677, ""max_depth"": 4, ""min_child_samples"": 8, ""num_leaves"": 8, ""reg_lambda"": 5.122505688782113, ""subsample"": 0.9390404222792045, ""subsample_freq"": 1}"
1,4,129,0,0.16612520253458316,0.20069343635757844,0.062136696030239455,"{""colsample_bytree"": 0.4114619236803105, ""learning_rate"": 0.04741230532472677, ""max_depth"": 4, ""min_child_samples"": 8, ""num_leaves"": 8, ""reg_lambda"": 5.122505688782113, ""subsample"": 0.9390404222792045, ""subsample_freq"": 1}"
1,4,139,1,0.9606044816936128,0.9340746795531698,0.036559946697999425,"{""colsample_bytree"": 0.4114619236803105, ""learning_rate"": 0.04741230532472677, ""max_depth"": 4, ""min_child_samples"": 8, ""num_leaves"": 8, ""reg_lambda"": 5.122505688782113, ""subsample"": 0.9390404222792045, ""subsample_freq"": 1}"
1,4,140,1,0.9331038873571466,0.8866822229192678,0.05063744602111623,"{""colsample_bytree"": 0.4114619236803105, ""learning_rate"": 0.04741230532472677, ""max_depth"": 4, ""min_child_samples"": 8, ""num_leaves"": 8, ""reg_lambda"": 5.122505688782113, ""subsample"": 0.9390404222792045, ""subsample_freq"": 1}"
1,4,145,1,0.8860477235766874,0.8659211189916671,0.0809526099926807,"{""colsample_bytree"": 0.4114619236803105, ""learning_rate"": 0.04741230532472677, ""max_depth"": 4, ""min_child_samples"": 8, ""num_leaves"": 8, ""reg_lambda"": 5.122505688782113, ""subsample"": 0.9390404222792045, ""subsample_freq"": 1}"
1,4,152,1,0.6856165371030185,0.7589509009882083,0.08324633144371489,"{""colsample_bytree"": 0.4114619236803105, ""learning_rate"": 0.04741230532472677, ""max_depth"": 4, ""min_child_samples"": 8, ""num_leaves"": 8, ""reg_lambda"": 5.122505688782113, ""subsample"": 0.9390404222792045, ""subsample_freq"": 1}"
1,4,160,1,0.9095449713721488,0.8850412937748573,0.07226917488275963,"{""colsample_bytree"": 0.4114619236803105, ""learning_rate"": 0.04741230532472677, ""max_depth"": 4, ""min_child_samples"": 8, ""num_leaves"": 8, ""reg_lambda"": 5.122505688782113, ""subsample"": 0.9390404222792045, ""subsample_freq"": 1}"
1,4,167,1,0.9440120455329746,0.9044789057039523,0.046264984473326394,"{""colsample_bytree"": 0.4114619236803105, ""learning_rate"": 0.04741230532472677, ""max_depth"": 4, ""min_child_samples"": 8, ""num_leaves"": 8, ""reg_lambda"": 5.122505688782113, ""subsample"": 0.9390404222792045, ""subsample_freq"": 1}"
1,4,180,1,0.16899213267818436,0.2888390223829154,0.173834623700069,"{""colsample_bytree"": 0.4114619236803105, ""learning_rate"": 0.04741230532472677, ""max_depth"": 4, ""min_child_samples"": 8, ""num_leaves"": 8, ""reg_lambda"": 5.122505688782113, ""subsample"": 0.9390404222792045, ""subsample_freq"": 1}"
1,4,183,0,0.8887532176670452,0.8666733507515035,0.05482441516126431,"{""colsample_bytree"": 0.4114619236803105, ""learning_rate"": 0.04741230532472677, ""max_depth"": 4, ""min_child_samples"": 8, ""num_leaves"": 8, ""reg_lambda"": 5.122505688782113, ""subsample"": 0.9390404222792045, ""subsample_freq"": 1}"
1,4,197,1,0.9548738856703862,0.9337673863232105,0.03220368856259729,"{""colsample_bytree"": 0.4114619236803105, ""learning_rate"": 0.04741230532472677, ""max_depth"": 4, ""min_child_samples"": 8, ""num_leaves"": 8, ""reg_lambda"": 5.122505688782113, ""subsample"": 0.9390404222792045, ""subsample_freq"": 1}"
1,4,203,0,0.30347316366766103,0.33826563384257535,0.11219247376984633,"{""colsample_bytree"": 0.4114619236803105, ""learning_rate"": 0.04741230532472677, ""max_depth"": 4, ""min_child_samples"": 8, ""num_leaves"": 8, ""reg_lambda"": 5.122505688782113, ""subsample"": 0.9390404222792045, ""subsample_freq"": 1}"
1,4,207,1,0.9142909931089909,0.8675464243582646,0.06128841833693337,"{""colsample_bytree"": 0.4114619236803105, ""learning_rate"": 0.04741230532472677, ""max_depth"": 4, ""min_child_samples"": 8, ""num_leaves"": 8, ""reg_lambda"": 5.122505688782113, ""subsample"": 0.9390404222792045, ""subsample_freq"": 1}"
1,4,216,0,0.5425491265585158,0.4933902204909324,0.08847179664572229,"{""colsample_bytree"": 0.4114619236803105, ""learning_rate"": 0.04741230532472677, ""max_depth"": 4, ""min_child_samples"": 8, ""num_leaves"": 8, ""reg_lambda"": 5.122505688782113, ""subsample"": 0.9390404222792045, ""subsample_freq"": 1}"
1,4,222,1,0.9490855473220626,0.9205332914514084,0.030647190071106,"{""colsample_bytree"": 0.4114619236803105, ""learning_rate"": 0.04741230532472677, ""max_depth"": 4, ""min_child_samples"": 8, ""num_leaves"": 8, ""reg_lambda"": 5.122505688782113, ""subsample"": 0.9390404222792045, ""subsample_freq"": 1}"
1,4,224,1,0.987218114605608,0.9712523279241466,0.01783323959117889,"{""colsample_bytree"": 0.4114619236803105, ""learning_rate"": 0.04741230532472677, ""max_depth"": 4, ""min_child_samples"": 8, ""num_leaves"": 8, ""reg_lambda"": 5.122505688782113, ""subsample"": 0.9390404222792045, ""subsample_freq"": 1}"
1,4,236,1,0.8061665985298602,0.7359418294215032,0.11193936097050625,"{""colsample_bytree"": 0.4114619236803105, ""learning_rate"": 0.04741230532472677, ""max_depth"": 4, ""min_child_samples"": 8, ""num_leaves"": 8, ""reg_lambda"": 5.122505688782113, ""subsample"": 0.9390404222792045, ""subsample_freq"": 1}"
1,4,238,1,0.22530613786452774,0.3102116477072277,0.04419165861210987,"{""colsample_bytree"": 0.4114619236803105, ""learning_rate"": 0.04741230532472677, ""max_depth"": 4, ""min_child_samples"": 8, ""num_leaves"": 8, ""reg_lambda"": 5.122505688782113, ""subsample"": 0.9390404222792045, ""subsample_freq"": 1}"
1,4,248,1,0.9890409450124588,0.97309797887809,0.017183691526604636,"{""colsample_bytree"": 0.4114619236803105, ""learning_rate"": 0.04741230532472677, ""max_depth"": 4, ""min_child_samples"": 8, ""num_leaves"": 8, ""reg_lambda"": 5.122505688782113, ""subsample"": 0.9390404222792045, ""subsample_freq"": 1}"
1,4,252,1,0.9354988281412793,0.8751242840261717,0.061900510836456604,"{""colsample_bytree"": 0.4114619236803105, ""learning_rate"": 0.04741230532472677, ""max_depth"": 4, ""min_child_samples"": 8, ""num_leaves"": 8, ""reg_lambda"": 5.122505688782113, ""subsample"": 0.9390404222792045, ""subsample_freq"": 1}"
1,4,256,0,0.27088449182192376,0.2753267442560986,0.042161946229977085,"{""colsample_bytree"": 0.4114619236803105, ""learning_rate"": 0.04741230532472677, ""max_depth"": 4, ""min_child_samples"": 8, ""num_leaves"": 8, ""reg_lambda"": 5.122505688782113, ""subsample"": 0.9390404222792045, ""subsample_freq"": 1}"
1,4,257,0,0.13701755352181091,0.18742271174565764,0.0682554647515261,"{""colsample_bytree"": 0.4114619236803105, ""learning_rate"": 0.04741230532472677, ""max_depth"": 4, ""min_child_samples"": 8, ""num_leaves"": 8, ""reg_lambda"": 5.122505688782113, ""subsample"": 0.9390404222792045, ""subsample_freq"": 1}"
1,4,263,0,0.03373118168014171,0.05538323350159089,0.021426197560785645,"{""colsample_bytree"": 0.4114619236803105, ""learning_rate"": 0.04741230532472677, ""max_depth"": 4, ""min_child_samples"": 8, ""num_leaves"": 8, ""reg_lambda"": 5.122505688782113, ""subsample"": 0.9390404222792045, ""subsample_freq"": 1}"
1,4,266,1,0.8883407642134787,0.8387270536416718,0.09650783285640532,"{""colsample_bytree"": 0.4114619236803105, ""learning_rate"": 0.04741230532472677, ""max_depth"": 4, ""min_child_samples"": 8, ""num_leaves"": 8, ""reg_lambda"": 5.122505688782113, ""subsample"": 0.9390404222792045, ""subsample_freq"": 1}"
1,4,267,1,0.9119387650400476,0.8887017615362358,0.08256898711492987,"{""colsample_bytree"": 0.4114619236803105, ""learning_rate"": 0.04741230532472677, ""max_depth"": 4, ""min_child_samples"": 8, ""num_leaves"": 8, ""reg_lambda"": 5.122505688782113, ""subsample"": 0.9390404222792045, ""subsample_freq"": 1}"
1,4,277,1,0.991410617726672,0.9666713336936151,0.020576257929937718,"{""colsample_bytree"": 0.4114619236803105, ""learning_rate"": 0.04741230532472677, ""max_depth"": 4, ""min_child_samples"": 8, ""num_leaves"": 8, ""reg_lambda"": 5.122505688782113, ""subsample"": 0.9390404222792045, ""subsample_freq"": 1}"
1,4,281,1,0.9032372926272678,0.8468167624489599,0.06936746195272474,"{""colsample_bytree"": 0.4114619236803105, ""learning_rate"": 0.04741230532472677, ""max_depth"": 4, ""min_child_samples"": 8, ""num_leaves"": 8, ""reg_lambda"": 5.122505688782113, ""subsample"": 0.9390404222792045, ""subsample_freq"": 1}"
1,4,284,0,0.9373860686933811,0.9120111218714687,0.047942484841796515,"{""colsample_bytree"": 0.4114619236803105, ""learning_rate"": 0.04741230532472677, ""max_depth"": 4, ""min_child_samples"": 8, ""num_leaves"": 8, ""reg_lambda"": 5.122505688782113, ""subsample"": 0.9390404222792045, ""subsample_freq"": 1}"
1,4,285,0,0.18516923812484176,0.26598609959095204,0.11527408991227849,"{""colsample_bytree"": 0.4114619236803105, ""learning_rate"": 0.04741230532472677, ""max_depth"": 4, ""min_child_samples"": 8, ""num_leaves"": 8, ""reg_lambda"": 5.122505688782113, ""subsample"": 0.9390404222792045, ""subsample_freq"": 1}"
1,4,290,0,0.11973073725413776,0.1693799709580592,0.06333101048686428,"{""colsample_bytree"": 0.4114619236803105, ""learning_rate"": 0.04741230532472677, ""max_depth"": 4, ""min_child_samples"": 8, ""num_leaves"": 8, ""reg_lambda"": 5.122505688782113, ""subsample"": 0.9390404222792045, ""subsample_freq"": 1}"
1,4,292,0,0.6492693764579947,0.6215183473584383,0.09714557682784707,"{""colsample_bytree"": 0.4114619236803105, ""learning_rate"": 0.04741230532472677, ""max_depth"": 4, ""min_child_samples"": 8, ""num_leaves"": 8, ""reg_lambda"": 5.122505688782113, ""subsample"": 0.9390404222792045, ""subsample_freq"": 1}"
1,4,297,0,0.32372497156683055,0.35767372870867875,0.08814980206912859,"{""colsample_bytree"": 0.4114619236803105, ""learning_rate"": 0.04741230532472677, ""max_depth"": 4, ""min_child_samples"": 8, ""num_leaves"": 8, ""reg_lambda"": 5.122505688782113, ""subsample"": 0.9390404222792045, ""subsample_freq"": 1}"
2,0,14,1,0.6225642409629359,0.610221208901218,0.17423647392467687,"{""colsample_bytree"": 0.915345913211692, ""learning_rate"": 0.03647860788706042, ""max_depth"": 4, ""min_child_samples"": 26, ""num_leaves"": 15, ""reg_lambda"": 0.9896954652741576, ""subsample"": 0.7956633053489743, ""subsample_freq"": 1}"
2,0,15,1,0.9599361030998285,0.9269389169370505,0.04251863194935799,"{""colsample_bytree"": 0.915345913211692, ""learning_rate"": 0.03647860788706042, ""max_depth"": 4, ""min_child_samples"": 26, ""num_leaves"": 15, ""reg_lambda"": 0.9896954652741576, ""subsample"": 0.7956633053489743, ""subsample_freq"": 1}"
2,0,19,1,0.9903281867852645,0.9816752293995693,0.012216670889589335,"{""colsample_bytree"": 0.915345913211692, ""learning_rate"": 0.03647860788706042, ""max_depth"": 4, ""min_child_samples"": 26, ""num_leaves"": 15, ""reg_lambda"": 0.9896954652741576, ""subsample"": 0.7956633053489743, ""subsample_freq"": 1}"
2,0,21,1,0.9514455113169045,0.931898413602975,0.02632025783932011,"{""colsample_bytree"": 0.915345913211692, ""learning_rate"": 0.03647860788706042, ""max_depth"": 4, ""min_child_samples"": 26, ""num_leaves"": 15, ""reg_lambda"": 0.9896954652741576, ""subsample"": 0.7956633053489743, ""subsample_freq"": 1}"
2,0,23,1,0.9938923844773113,0.9825601603803642,0.008938030625077316,"{""colsample_bytree"": 0.915345913211692, ""learning_rate"": 0.03647860788706042, ""max_depth"": 4, ""min_child_samples"": 26, ""num_leaves"": 15, ""reg_lambda"": 0.9896954652741576, ""subsample"": 0.7956633053489743, ""subsample_freq"": 1}"
2,0,24,1,0.9824531804874417,0.9486164511693372,0.01553428790552251,"{""colsample_bytree"": 0.915345913211692, ""learning_rate"": 0.03647860788706042, ""max_depth"": 4, ""min_child_samples"": 26, ""num_leaves"": 15, ""reg_lambda"": 0.9896954652741576, ""subsample"": 0.7956633053489743, ""subsample_freq"": 1}"
2,0,30,1,0.9746493471203593,0.9639475224657886,0.014028396574734125,"{""colsample_bytree"": 0.915345913211692, ""learning_rate"": 0.03647860788706042, ""max_depth"": 4, ""min_child_samples"": 26, ""num_leaves"": 15, ""reg_lambda"": 0.9896954652741576, ""subsample"": 0.7956633053489743, ""subsample_freq"": 1}"
2,0,31,1,0.9536726091473718,0.9285434310699117,0.027403439720719965,"{""colsample_bytree"": 0.915345913211692, ""learning_rate"": 0.03647860788706042, ""max_depth"": 4, ""min_child_samples"": 26, ""num_leaves"": 15, ""reg_lambda"": 0.9896954652741576, ""subsample"": 0.7956633053489743, ""subsample_freq"": 1}"
2,0,37,1,0.5865288523012033,0.5742752779762645,0.15233940459828507,"{""colsample_bytree"": 0.915345913211692, ""learning_rate"": 0.03647860788706042, ""max_depth"": 4, ""min_child_samples"": 26, ""num_leaves"": 15, ""reg_lambda"": 0.9896954652741576, ""subsample"": 0.7956633053489743, ""subsample_freq"": 1}"
2,0,40,1,0.9631861250008876,0.9496715079753745,0.025757916228738624,"{""colsample_bytree"": 0.915345913211692, ""learning_rate"": 0.03647860788706042, ""max_depth"": 4, ""min_child_samples"": 26, ""num_leaves"": 15, ""reg_lambda"": 0.9896954652741576, ""subsample"": 0.7956633053489743, ""subsample_freq"": 1}"
2,0,44,1,0.7712878302828776,0.6477814406195546,0.04417157873313794,"{""colsample_bytree"": 0.915345913211692, ""learning_rate"": 0.03647860788706042, ""max_depth"": 4, ""min_child_samples"": 26, ""num_leaves"": 15, ""reg_lambda"": 0.9896954652741576, ""subsample"": 0.7956633053489743, ""subsample_freq"": 1}"
2,0,48,0,0.03085209707904885,0.08181676464229871,0.0497879336926171,"{""colsample_bytree"": 0.915345913211692, ""learning_rate"": 0.03647860788706042, ""max_depth"": 4, ""min_child_samples"": 26, ""num_leaves"": 15, ""reg_lambda"": 0.9896954652741576, ""subsample"": 0.7956633053489743, ""subsample_freq"": 1}"
2,0,57,1,0.9920987123150377,0.9777898824241212,0.012894616511809625,"{""colsample_bytree"": 0.915345913211692, ""learning_rate"": 0.03647860788706042, ""max_depth"": 4, ""min_child_samples"": 26, ""num_leaves"": 15, ""reg_lambda"": 0.9896954652741576, ""subsample"": 0.7956633053489743, ""subsample_freq"": 1}"
2,0,60,0,0.11015963699499133,0.28141779790700905,0.07162772054225246,"{""colsample_bytree"": 0.915345913211692, ""learning_rate"": 0.03647860788706042, ""max_depth"": 4, ""min_child_samples"": 26, ""num_leaves"": 15, ""reg_lambda"": 0.9896954652741576, ""subsample"": 0.7956633053489743, ""subsample_freq"": 1}"
2,0,61,1,0.7952741301547559,0.6903696767265357,0.08793966591996681,"{""colsample_bytree"": 0.915345913211692, ""learning_rate"": 0.03647860788706042, ""max_depth"": 4, ""min_child_samples"": 26, ""num_leaves"": 15, ""reg_lambda"": 0.9896954652741576, ""subsample"": 0.7956633053489743, ""subsample_freq"": 1}"
2,0,64,0,0.2860352410772554,0.3346584962111942,0.13770300666057825,"{""colsample_bytree"": 0.915345913211692, ""learning_rate"": 0.03647860788706042, ""max_depth"": 4, ""min_child_samples"": 26, ""num_leaves"": 15, ""reg_lambda"": 0.9896954652741576, ""subsample"": 0.7956633053489743, ""subsample_freq"": 1}"
2,0,66,1,0.9339861793168223,0.928511836717455,0.03326033766507437,"{""colsample_bytree"": 0.915345913211692, ""learning_rate"": 0.03647860788706042, ""max_depth"": 4, ""min_child_samples"": 26, ""num_leaves"": 15, ""reg_lambda"": 0.9896954652741576, ""subsample"": 0.7956633053489743, ""subsample_freq"": 1}"
2,0,91,0,0.19903487640568707,0.30221332729465145,0.11832080197190577,"{""colsample_bytree"": 0.915345913211692, ""learning_rate"": 0.03647860788706042, ""max_depth"": 4, ""min_child_samples"": 26, ""num_leaves"": 15, ""reg_lambda"": 0.9896954652741576, ""subsample"": 0.7956633053489743, ""subsample_freq"": 1}"
2,0,92,1,0.9881688374947074,0.968955458487992,0.02166018532867736,"{""colsample_bytree"": 0.915345913211692, ""learning_rate"": 0.03647860788706042, ""max_depth"": 4, ""min_child_samples"": 26, ""num_leaves"": 15, ""reg_lambda"": 0.9896954652741576, ""subsample"": 0.7956633053489743, ""subsample_freq"": 1}"
2,0,94,1,0.9880602135404355,0.9623050833070362,0.015924807090985947,"{""colsample_bytree"": 0.915345913211692, ""learning_rate"": 0.03647860788706042, ""max_depth"": 4, ""min_child_samples"": 26, ""num_leaves"": 15, ""reg_lambda"": 0.9896954652741576, ""subsample"": 0.7956633053489743, ""subsample_freq"": 1}"
2,0,97,1,0.9432815239384564,0.8868219713558954,0.04602660128735416,"{""colsample_bytree"": 0.915345913211692, ""learning_rate"": 0.03647860788706042, ""max_depth"": 4, ""min_child_samples"": 26, ""num_leaves"": 15, ""reg_lambda"": 0.9896954652741576, ""subsample"": 0.7956633053489743, ""subsample_freq"": 1}"
2,0,106,1,0.9740951460520525,0.9313377508943266,0.029491757490665346,"{""colsample_bytree"": 0.915345913211692, ""learning_rate"": 0.03647860788706042, ""max_depth"": 4, ""min_child_samples"": 26, ""num_leaves"": 15, ""reg_lambda"": 0.9896954652741576, ""subsample"": 0.7956633053489743, ""subsample_freq"": 1}"
2,0,108,0,0.18583634502642388,0.2491569629690511,0.05325578283306451,"{""colsample_bytree"": 0.915345913211692, ""learning_rate"": 0.03647860788706042, ""max_depth"": 4, ""min_child_samples"": 26, ""num_leaves"": 15, ""reg_lambda"": 0.9896954652741576, ""subsample"": 0.7956633053489743, ""subsample_freq"": 1}"
2,0,111,1,0.9327642270843448,0.8958057838791993,0.027407273855684686,"{""colsample_bytree"": 0.915345913211692, ""learning_rate"": 0.03647860788706042, ""max_depth"": 4, ""min_child_samples"": 26, ""num_leaves"": 15, ""reg_lambda"": 0.9896954652741576, ""subsample"": 0.7956633053489743, ""subsample_freq"": 1}"
2,0,114,1,0.9901190548398137,0.9811698526775551,0.009099516580580343,"{""colsample_bytree"": 0.915345913211692, ""learning_rate"": 0.03647860788706042, ""max_depth"": 4, ""min_child_samples"": 26, ""num_leaves"": 15, ""reg_lambda"": 0.9896954652741576, ""subsample"": 0.7956633053489743, ""subsample_freq"": 1}"
2,0,122,1,0.9814684404018928,0.9595704504319963,0.021674852315594642,"{""colsample_bytree"": 0.915345913211692, ""learning_rate"": 0.03647860788706042, ""max_depth"": 4, ""min_child_samples"": 26, ""num_leaves"": 15, ""reg_lambda"": 0.9896954652741576, ""subsample"": 0.7956633053489743, ""subsample_freq"": 1}"
2,0,124,1,0.6543646094616721,0.6085221437139563,0.08572229093741005,"{""colsample_bytree"": 0.915345913211692, ""learning_rate"": 0.03647860788706042, ""max_depth"": 4, ""min_child_samples"": 26, ""num_leaves"": 15, ""reg_lambda"": 0.9896954652741576, ""subsample"": 0.7956633053489743, ""subsample_freq"": 1}"
2,0,129,0,0.05582746445889557,0.1699076266766623,0.1054532035370514,"{""colsample_bytree"": 0.915345913211692, ""learning_rate"": 0.03647860788706042, ""max_depth"": 4, ""min_child_samples"": 26, ""num_leaves"": 15, ""reg_lambda"": 0.9896954652741576, ""subsample"": 0.7956633053489743, ""subsample_freq"": 1}"
2,0,135,1,0.7848312789376783,0.8122229306899742,0.056217199926208654,"{""colsample_bytree"": 0.915345913211692, ""learning_rate"": 0.03647860788706042, ""max_depth"": 4, ""min_child_samples"": 26, ""num_leaves"": 15, ""reg_lambda"": 0.9896954652741576, ""subsample"": 0.7956633053489743, ""subsample_freq"": 1}"
2,0,142,1,0.2211770436563997,0.291743591340733,0.09145783535154613,"{""colsample_bytree"": 0.915345913211692, ""learning_rate"": 0.03647860788706042, ""max_depth"": 4, ""min_child_samples"": 26, ""num_leaves"": 15, ""reg_lambda"": 0.9896954652741576, ""subsample"": 0.7956633053489743, ""subsample_freq"": 1}"
2,0,145,1,0.9320854568637676,0.885384913176755,0.04059427141045608,"{""colsample_bytree"": 0.915345913211692, ""learning_rate"": 0.03647860788706042, ""max_depth"": 4, ""min_child_samples"": 26, ""num_leaves"": 15, ""reg_lambda"": 0.9896954652741576, ""subsample"": 0.7956633053489743, ""subsample_freq"": 1}"
2,0,149,1,0.9504208602648465,0.9102205469151288,0.0390890684468292,"{""colsample_bytree"": 0.915345913211692, ""learning_rate"": 0.03647860788706042, ""max_depth"": 4, ""min_child_samples"": 26, ""num_leaves"": 15, ""reg_lambda"": 0.9896954652741576, ""subsample"": 0.7956633053489743, ""subsample_freq"": 1}"
2,0,155,1,0.9777683410101082,0.9747087389241779,0.011678941302454584,"{""colsample_bytree"": 0.915345913211692, ""learning_rate"": 0.03647860788706042, ""max_depth"": 4, ""min_child_samples"": 26, ""num_leaves"": 15, ""reg_lambda"": 0.9896954652741576, ""subsample"": 0.7956633053489743, ""subsample_freq"": 1}"
2,0,158,1,0.4400978113803824,0.5083289934142952,0.1307573226878169,"{""colsample_bytree"": 0.915345913211692, ""learning_rate"": 0.03647860788706042, ""max_depth"": 4, ""min_child_samples"": 26, ""num_leaves"": 15, ""reg_lambda"": 0.9896954652741576, ""subsample"": 0.7956633053489743, ""subsample_freq"": 1}"
2,0,160,1,0.9458707284959594,0.927685333947195,0.02897016369575651,"{""colsample_bytree"": 0.915345913211692, ""learning_rate"": 0.03647860788706042, ""max_depth"": 4, ""min_child_samples"": 26, ""num_leaves"": 15, ""reg_lambda"": 0.9896954652741576, ""subsample"": 0.7956633053489743, ""subsample_freq"": 1}"
2,0,162,1,0.9688679603288947,0.9588875737189536,0.010674576157778963,"{""colsample_bytree"": 0.915345913211692, ""learning_rate"": 0.03647860788706042, ""max_depth"": 4, ""min_child_samples"": 26, ""num_leaves"": 15, ""reg_lambda"": 0.9896954652741576, ""subsample"": 0.7956633053489743, ""subsample_freq"": 1}"
2,0,166,0,0.18574037217241804,0.21148981082737742,0.09288333479168981,"{""colsample_bytree"": 0.915345913211692, ""learning_rate"": 0.03647860788706042, ""max_depth"": 4, ""min_child_samples"": 26, ""num_leaves"": 15, ""reg_lambda"": 0.9896954652741576, ""subsample"": 0.7956633053489743, ""subsample_freq"": 1}"
2,0,171,1,0.960245031963027,0.9369179670544646,0.02226572424706582,"{""colsample_bytree"": 0.915345913211692, ""learning_rate"": 0.03647860788706042, ""max_depth"": 4, ""min_child_samples"": 26, ""num_leaves"": 15, ""reg_lambda"": 0.9896954652741576, ""subsample"": 0.7956633053489743, ""subsample_freq"": 1}"
2,0,173,1,0.98880990061977,0.9752312652326977,0.009333060900702277,"{""colsample_bytree"": 0.915345913211692, ""learning_rate"": 0.03647860788706042, ""max_depth"": 4, ""min_child_samples"": 26, ""num_leaves"": 15, ""reg_lambda"": 0.9896954652741576, ""subsample"": 0.7956633053489743, ""subsample_freq"": 1}"
2,0,176,1,0.4360646805733125,0.5169071152267037,0.08443456178235788,"{""colsample_bytree"": 0.915345913211692, ""learning_rate"": 0.03647860788706042, ""max_depth"": 4, ""min_child_samples"": 26, ""num_leaves"": 15, ""reg_lambda"": 0.9896954652741576, ""subsample"": 0.7956633053489743, ""subsample_freq"": 1}"
2,0,184,1,0.849684819447357,0.8470998546397842,0.04495947110921079,"{""colsample_bytree"": 0.915345913211692, ""learning_rate"": 0.03647860788706042, ""max_depth"": 4, ""min_child_samples"": 26, ""num_leaves"": 15, ""reg_lambda"": 0.9896954652741576, ""subsample"": 0.7956633053489743, ""subsample_freq"": 1}"
2,0,185,0,0.8357840651395044,0.7040968318168537,0.11527494670020612,"{""colsample_bytree"": 0.915345913211692, ""learning_rate"": 0.03647860788706042, ""max_depth"": 4, ""min_child_samples"": 26, ""num_leaves"": 15, ""reg_lambda"": 0.9896954652741576, ""subsample"": 0.7956633053489743, ""subsample_freq"": 1}"
2,0,186,0,0.7492329128796973,0.679340430271874,0.12761453323180552,"{""colsample_bytree"": 0.915345913211692, ""learning_rate"": 0.03647860788706042, ""max_depth"": 4, ""min_child_samples"": 26, ""num_leaves"": 15, ""reg_lambda"": 0.9896954652741576, ""subsample"": 0.7956633053489743, ""subsample_freq"": 1}"
2,0,189,1,0.9330966328849142,0.9246228430735226,0.031100188379548546,"{""colsample_bytree"": 0.915345913211692, ""learning_rate"": 0.03647860788706042, ""max_depth"": 4, ""min_child_samples"": 26, ""num_leaves"": 15, ""reg_lambda"": 0.9896954652741576, ""subsample"": 0.7956633053489743, ""subsample_freq"": 1}"
2,0,193,0,0.6346430159106619,0.6732372754439091,0.057989309753617,"{""colsample_bytree"": 0.915345913211692, ""learning_rate"": 0.03647860788706042, ""max_depth"": 4, ""min_child_samples"": 26, ""num_leaves"": 15, ""reg_lambda"": 0.9896954652741576, ""subsample"": 0.7956633053489743, ""subsample_freq"": 1}"
2,0,195,1,0.9910776924618786,0.9796421912789934,0.007038733814197486,"{""colsample_bytree"": 0.915345913211692, ""learning_rate"": 0.03647860788706042, ""max_depth"": 4, ""min_child_samples"": 26, ""num_leaves"": 15, ""reg_lambda"": 0.9896954652741576, ""subsample"": 0.7956633053489743, ""subsample_freq"": 1}"
2,0,198,1,0.9005557586195863,0.9006939583614445,0.024543439411579184,"{""colsample_bytree"": 0.915345913211692, ""learning_rate"": 0.03647860788706042, ""max_depth"": 4, ""min_child_samples"": 26, ""num_leaves"": 15, ""reg_lambda"": 0.9896954652741576, ""subsample"": 0.7956633053489743, ""subsample_freq"": 1}"
2,0,204,0,0.24518196204777531,0.35749176590851967,0.06500624237958594,"{""colsample_bytree"": 0.915345913211692, ""learning_rate"": 0.03647860788706042, ""max_depth"": 4, ""min_child_samples"": 26, ""num_leaves"": 15, ""reg_lambda"": 0.9896954652741576, ""subsample"": 0.7956633053489743, ""subsample_freq"": 1}"
2,0,209,1,0.9804687270060167,0.963837419562088,0.01590899685730575,"{""colsample_bytree"": 0.915345913211692, ""learning_rate"": 0.03647860788706042, ""max_depth"": 4, ""min_child_samples"": 26, ""num_leaves"": 15, ""reg_lambda"": 0.9896954652741576, ""subsample"": 0.7956633053489743, ""subsample_freq"": 1}"
2,0,213,0,0.9823660825964613,0.953253065935245,0.021840685498417348,"{""colsample_bytree"": 0.915345913211692, ""learning_rate"": 0.03647860788706042, ""max_depth"": 4, ""min_child_samples"": 26, ""num_leaves"": 15, ""reg_lambda"": 0.9896954652741576, ""subsample"": 0.7956633053489743, ""subsample_freq"": 1}"
2,0,218,0,0.2611474957287771,0.3415638246530334,0.10217681693155051,"{""colsample_bytree"": 0.915345913211692, ""learning_rate"": 0.03647860788706042, ""max_depth"": 4, ""min_child_samples"": 26, ""num_leaves"": 15, ""reg_lambda"": 0.9896954652741576, ""subsample"": 0.7956633053489743, ""subsample_freq"": 1}"
2,0,220,1,0.9321636670060911,0.9110970359189959,0.016451427705758595,"{""colsample_bytree"": 0.915345913211692, ""learning_rate"": 0.03647860788706042, ""max_depth"": 4, ""min_child_samples"": 26, ""num_leaves"": 15, ""reg_lambda"": 0.9896954652741576, ""subsample"": 0.7956633053489743, ""subsample_freq"": 1}"
2,0,231,1,0.9937299418589381,0.9800917254591368,0.010499669318207708,"{""colsample_bytree"": 0.915345913211692, ""learning_rate"": 0.03647860788706042, ""max_depth"": 4, ""min_child_samples"": 26, ""num_leaves"": 15, ""reg_lambda"": 0.9896954652741576, ""subsample"": 0.7956633053489743, ""subsample_freq"": 1}"
2,0,244,1,0.7401263484009621,0.7440157636689513,0.09986445966761956,"{""colsample_bytree"": 0.915345913211692, ""learning_rate"": 0.03647860788706042, ""max_depth"": 4, ""min_child_samples"": 26, ""num_leaves"": 15, ""reg_lambda"": 0.9896954652741576, ""subsample"": 0.7956633053489743, ""subsample_freq"": 1}"
2,0,254,0,0.7452853596950393,0.6638300111598949,0.08172540677675907,"{""colsample_bytree"": 0.915345913211692, ""learning_rate"": 0.03647860788706042, ""max_depth"": 4, ""min_child_samples"": 26, ""num_leaves"": 15, ""reg_lambda"": 0.9896954652741576, ""subsample"": 0.7956633053489743, ""subsample_freq"": 1}"
2,0,265,1,0.9577001138588556,0.8978998424674248,0.04499057212348641,"{""colsample_bytree"": 0.915345913211692, ""learning_rate"": 0.03647860788706042, ""max_depth"": 4, ""min_child_samples"": 26, ""num_leaves"": 15, ""reg_lambda"": 0.9896954652741576, ""subsample"": 0.7956633053489743, ""subsample_freq"": 1}"
2,0,278,1,0.960582685327842,0.9519525303263536,0.021940808626323558,"{""colsample_bytree"": 0.915345913211692, ""learning_rate"": 0.03647860788706042, ""max_depth"": 4, ""min_child_samples"": 26, ""num_leaves"": 15, ""reg_lambda"": 0.9896954652741576, ""subsample"": 0.7956633053489743, ""subsample_freq"": 1}"
2,0,282,1,0.9599628821091448,0.9257362638577282,0.03421805686977809,"{""colsample_bytree"": 0.915345913211692, ""learning_rate"": 0.03647860788706042, ""max_depth"": 4, ""min_child_samples"": 26, ""num_leaves"": 15, ""reg_lambda"": 0.9896954652741576, ""subsample"": 0.7956633053489743, ""subsample_freq"": 1}"
2,0,284,0,0.956427507829857,0.9107133551572251,0.031835081645229704,"{""colsample_bytree"": 0.915345913211692, ""learning_rate"": 0.03647860788706042, ""max_depth"": 4, ""min_child_samples"": 26, ""num_leaves"": 15, ""reg_lambda"": 0.9896954652741576, ""subsample"": 0.7956633053489743, ""subsample_freq"": 1}"
2,0,286,0,0.2366278297072293,0.3202491892995627,0.14072552537325156,"{""colsample_bytree"": 0.915345913211692, ""learning_rate"": 0.03647860788706042, ""max_depth"": 4, ""min_child_samples"": 26, ""num_leaves"": 15, ""reg_lambda"": 0.9896954652741576, ""subsample"": 0.7956633053489743, ""subsample_freq"": 1}"
2,0,293,0,0.5163214881218648,0.5526509206775103,0.0826645928560909,"{""colsample_bytree"": 0.915345913211692, ""learning_rate"": 0.03647860788706042, ""max_depth"": 4, ""min_child_samples"": 26, ""num_leaves"": 15, ""reg_lambda"": 0.9896954652741576, ""subsample"": 0.7956633053489743, ""subsample_freq"": 1}"
2,1,4,0,0.5178173767776022,0.4219378916141701,0.09198357820692553,"{""colsample_bytree"": 0.8332011501391223, ""learning_rate"": 0.014964373329086386, ""max_depth"": 3, ""min_child_samples"": 5, ""num_leaves"": 5, ""reg_lambda"": 2.130951933365803, ""subsample"": 0.7316811194254416, ""subsample_freq"": 1}"
2,1,12,1,0.9091811387597235,0.9355285895220282,0.03698468149459081,"{""colsample_bytree"": 0.8332011501391223, ""learning_rate"": 0.014964373329086386, ""max_depth"": 3, ""min_child_samples"": 5, ""num_leaves"": 5, ""reg_lambda"": 2.130951933365803, ""subsample"": 0.7316811194254416, ""subsample_freq"": 1}"
2,1,13,1,0.8066298573886991,0.820039997989047,0.10931141419489436,"{""colsample_bytree"": 0.8332011501391223, ""learning_rate"": 0.014964373329086386, ""max_depth"": 3, ""min_child_samples"": 5, ""num_leaves"": 5, ""reg_lambda"": 2.130951933365803, ""subsample"": 0.7316811194254416, ""subsample_freq"": 1}"
2,1,27,1,0.3787317028738933,0.2254528471770155,0.06822877434504361,"{""colsample_bytree"": 0.8332011501391223, ""learning_rate"": 0.014964373329086386, ""max_depth"": 3, ""min_child_samples"": 5, ""num_leaves"": 5, ""reg_lambda"": 2.130951933365803, ""subsample"": 0.7316811194254416, ""subsample_freq"": 1}"
2,1,28,1,0.9482157034969385,0.9709145454623481,0.024159346371503517,"{""colsample_bytree"": 0.8332011501391223, ""learning_rate"": 0.014964373329086386, ""max_depth"": 3, ""min_child_samples"": 5, ""num_leaves"": 5, ""reg_lambda"": 2.130951933365803, ""subsample"": 0.7316811194254416, ""subsample_freq"": 1}"
2,1,36,1,0.8817052155798744,0.9128732405273242,0.07840441727087964,"{""colsample_bytree"": 0.8332011501391223, ""learning_rate"": 0.014964373329086386, ""max_depth"": 3, ""min_child_samples"": 5, ""num_leaves"": 5, ""reg_lambda"": 2.130951933365803, ""subsample"": 0.7316811194254416, ""subsample_freq"": 1}"
2,1,47,1,0.9479241645985035,0.9612023484615715,0.023676938510035706,"{""colsample_bytree"": 0.8332011501391223, ""learning_rate"": 0.014964373329086386, ""max_depth"": 3, ""min_child_samples"": 5, ""num_leaves"": 5, ""reg_lambda"": 2.130951933365803, ""subsample"": 0.7316811194254416, ""subsample_freq"": 1}"
2,1,50,1,0.7317141532960203,0.6869799029605124,0.06680447398610118,"{""colsample_bytree"": 0.8332011501391223, ""learning_rate"": 0.014964373329086386, ""max_depth"": 3, ""min_child_samples"": 5, ""num_leaves"": 5, ""reg_lambda"": 2.130951933365803, ""subsample"": 0.7316811194254416, ""subsample_freq"": 1}"
2,1,58,1,0.24441433336644455,0.13987270699060178,0.0481398585886713,"{""colsample_bytree"": 0.8332011501391223, ""learning_rate"": 0.014964373329086386, ""max_depth"": 3, ""min_child_samples"": 5, ""num_leaves"": 5, ""reg_lambda"": 2.130951933365803, ""subsample"": 0.7316811194254416, ""subsample_freq"": 1}"
2,1,72,1,0.917886843990414,0.9300980258220264,0.049057082321426956,"{""colsample_bytree"": 0.8332011501391223, ""learning_rate"": 0.014964373329086386, ""max_depth"": 3, ""min_child_samples"": 5, ""num_leaves"": 5, ""reg_lambda"": 2.130951933365803, ""subsample"": 0.7316811194254416, ""subsample_freq"": 1}"
2,1,73,1,0.7845330922867023,0.8010063552142876,0.10309177099705044,"{""colsample_bytree"": 0.8332011501391223, ""learning_rate"": 0.014964373329086386, ""max_depth"": 3, ""min_child_samples"": 5, ""num_leaves"": 5, ""reg_lambda"": 2.130951933365803, ""subsample"": 0.7316811194254416, ""subsample_freq"": 1}"
2,1,74,1,0.9562314089928337,0.9762826154281313,0.01940588282348005,"{""colsample_bytree"": 0.8332011501391223, ""learning_rate"": 0.014964373329086386, ""max_depth"": 3, ""min_child_samples"": 5, ""num_leaves"": 5, ""reg_lambda"": 2.130951933365803, ""subsample"": 0.7316811194254416, ""subsample_freq"": 1}"
2,1,84,1,0.9015800289724645,0.9436845584192687,0.03289420735550049,"{""colsample_bytree"": 0.8332011501391223, ""learning_rate"": 0.014964373329086386, ""max_depth"": 3, ""min_child_samples"": 5, ""num_leaves"": 5, ""reg_lambda"": 2.130951933365803, ""subsample"": 0.7316811194254416, ""subsample_freq"": 1}"
2,1,87,1,0.8725023558403099,0.8943156631785408,0.07128587161115045,"{""colsample_bytree"": 0.8332011501391223, ""learning_rate"": 0.014964373329086386, ""max_depth"": 3, ""min_child_samples"": 5, ""num_leaves"": 5, ""reg_lambda"": 2.130951933365803, ""subsample"": 0.7316811194254416, ""subsample_freq"": 1}"
2,1,90,1,0.7504013672636796,0.7324893754443793,0.1609596086863487,"{""colsample_bytree"": 0.8332011501391223, ""learning_rate"": 0.014964373329086386, ""max_depth"": 3, ""min_child_samples"": 5, ""num_leaves"": 5, ""reg_lambda"": 2.130951933365803, ""subsample"": 0.7316811194254416, ""subsample_freq"": 1}"
2,1,96,1,0.9267798848193791,0.9486086465979122,0.03818014012033227,"{""colsample_bytree"": 0.8332011501391223, ""learning_rate"": 0.014964373329086386, ""max_depth"": 3, ""min_child_samples"": 5, ""num_leaves"": 5, ""reg_lambda"": 2.130951933365803, ""subsample"": 0.7316811194254416, ""subsample_freq"": 1}"
2,1,100,1,0.8873209335755924,0.9221739891857907,0.03611161614875345,"{""colsample_bytree"": 0.8332011501391223, ""learning_rate"": 0.014964373329086386, ""max_depth"": 3, ""min_child_samples"": 5, ""num_leaves"": 5, ""reg_lambda"": 2.130951933365803, ""subsample"": 0.7316811194254416, ""subsample_freq"": 1}"
2,1,103,1,0.9312532693450053,0.9621293662932453,0.03168144266306264,"{""colsample_bytree"": 0.8332011501391223, ""learning_rate"": 0.014964373329086386, ""max_depth"": 3, ""min_child_samples"": 5, ""num_leaves"": 5, ""reg_lambda"": 2.130951933365803, ""subsample"": 0.7316811194254416, ""subsample_freq"": 1}"
2,1,104,1,0.8337527578026621,0.8303046012536864,0.08326577226210873,"{""colsample_bytree"": 0.8332011501391223, ""learning_rate"": 0.014964373329086386, ""max_depth"": 3, ""min_child_samples"": 5, ""num_leaves"": 5, ""reg_lambda"": 2.130951933365803, ""subsample"": 0.7316811194254416, ""subsample_freq"": 1}"
2,1,107,1,0.6524498011275969,0.6457917648682208,0.05941310412500336,"{""colsample_bytree"": 0.8332011501391223, ""learning_rate"": 0.014964373329086386, ""max_depth"": 3, ""min_child_samples"": 5, ""num_leaves"": 5, ""reg_lambda"": 2.130951933365803, ""subsample"": 0.7316811194254416, ""subsample_freq"": 1}"
2,1,113,0,0.15286586299700974,0.06665802682149,0.023698379165200876,"{""colsample_bytree"": 0.8332011501391223, ""learning_rate"": 0.014964373329086386, ""max_depth"": 3, ""min_child_samples"": 5, ""num_leaves"": 5, ""reg_lambda"": 2.130951933365803, ""subsample"": 0.7316811194254416, ""subsample_freq"": 1}"
2,1,115,1,0.8842321548084475,0.9008388721026733,0.06054381804704062,"{""colsample_bytree"": 0.8332011501391223, ""learning_rate"": 0.014964373329086386, ""max_depth"": 3, ""min_child_samples"": 5, ""num_leaves"": 5, ""reg_lambda"": 2.130951933365803, ""subsample"": 0.7316811194254416, ""subsample_freq"": 1}"
2,1,119,1,0.8786852671393285,0.894661292983906,0.057943390493079616,"{""colsample_bytree"": 0.8332011501391223, ""learning_rate"": 0.014964373329086386, ""max_depth"": 3, ""min_child_samples"": 5, ""num_leaves"": 5, ""reg_lambda"": 2.130951933365803, ""subsample"": 0.7316811194254416, ""subsample_freq"": 1}"
2,1,120,1,0.875684694603357,0.9021797638754224,0.06731494476705621,"{""colsample_bytree"": 0.8332011501391223, ""learning_rate"": 0.014964373329086386, ""max_depth"": 3, ""min_child_samples"": 5, ""num_leaves"": 5, ""reg_lambda"": 2.130951933365803, ""subsample"": 0.7316811194254416, ""subsample_freq"": 1}"
2,1,123,1,0.6018525561244169,0.5890793855863141,0.13781670169573115,"{""colsample_bytree"": 0.8332011501391223, ""learning_rate"": 0.014964373329086386, ""max_depth"": 3, ""min_child_samples"": 5, ""num_leaves"": 5, ""reg_lambda"": 2.130951933365803, ""subsample"": 0.7316811194254416, ""subsample_freq"": 1}"
2,1,130,0,0.5450905366732492,0.4370588374618907,0.08933996393045432,"{""colsample_bytree"": 0.8332011501391223, ""learning_rate"": 0.014964373329086386, ""max_depth"": 3, ""min_child_samples"": 5, ""num_leaves"": 5, ""reg_lambda"": 2.130951933365803, ""subsample"": 0.7316811194254416, ""subsample_freq"": 1}"
2,1,132,1,0.9344140962030281,0.9630248929846157,0.027797018297055144,"{""colsample_bytree"": 0.8332011501391223, ""learning_rate"": 0.014964373329086386, ""max_depth"": 3, ""min_child_samples"": 5, ""num_leaves"": 5, ""reg_lambda"": 2.130951933365803, ""subsample"": 0.7316811194254416, ""subsample_freq"": 1}"
2,1,138,1,0.9087492806171577,0.9396822849563222,0.03912457588847891,"{""colsample_bytree"": 0.8332011501391223, ""learning_rate"": 0.014964373329086386, ""max_depth"": 3, ""min_child_samples"": 5, ""num_leaves"": 5, ""reg_lambda"": 2.130951933365803, ""subsample"": 0.7316811194254416, ""subsample_freq"": 1}"
2,1,141,1,0.9330624715479441,0.958020363765432,0.03501871475760029,"{""colsample_bytree"": 0.8332011501391223, ""learning_rate"": 0.014964373329086386, ""max_depth"": 3, ""min_child_samples"": 5, ""num_leaves"": 5, ""reg_lambda"": 2.130951933365803, ""subsample"": 0.7316811194254416, ""subsample_freq"": 1}"
2,1,143,0,0.14222739116903088,0.058627351640579084,0.025944316560601484,"{""colsample_bytree"": 0.8332011501391223, ""learning_rate"": 0.014964373329086386, ""max_depth"": 3, ""min_child_samples"": 5, ""num_leaves"": 5, ""reg_lambda"": 2.130951933365803, ""subsample"": 0.7316811194254416, ""subsample_freq"": 1}"
2,1,144,1,0.9171444249634033,0.9357359009582751,0.046182699691123055,"{""colsample_bytree"": 0.8332011501391223, ""learning_rate"": 0.014964373329086386, ""max_depth"": 3, ""min_child_samples"": 5, ""num_leaves"": 5, ""reg_lambda"": 2.130951933365803, ""subsample"": 0.7316811194254416, ""subsample_freq"": 1}"
2,1,152,1,0.7064119665276383,0.7653535992560887,0.1122967534042792,"{""colsample_bytree"": 0.8332011501391223, ""learning_rate"": 0.014964373329086386, ""max_depth"": 3, ""min_child_samples"": 5, ""num_leaves"": 5, ""reg_lambda"": 2.130951933365803, ""subsample"": 0.7316811194254416, ""subsample_freq"": 1}"
2,1,165,1,0.8569309980296361,0.8634310886052573,0.0833229267934828,"{""colsample_bytree"": 0.8332011501391223, ""learning_rate"": 0.014964373329086386, ""max_depth"": 3, ""min_child_samples"": 5, ""num_leaves"": 5, ""reg_lambda"": 2.130951933365803, ""subsample"": 0.7316811194254416, ""subsample_freq"": 1}"
2,1,169,0,0.3788261293293983,0.2982005131215856,0.07926157158005395,"{""colsample_bytree"": 0.8332011501391223, ""learning_rate"": 0.014964373329086386, ""max_depth"": 3, ""min_child_samples"": 5, ""num_leaves"": 5, ""reg_lambda"": 2.130951933365803, ""subsample"": 0.7316811194254416, ""subsample_freq"": 1}"
2,1,172,1,0.8838691269834746,0.9264750188981555,0.03394334818906724,"{""colsample_bytree"": 0.8332011501391223, ""learning_rate"": 0.014964373329086386, ""max_depth"": 3, ""min_child_samples"": 5, ""num_leaves"": 5, ""reg_lambda"": 2.130951933365803, ""subsample"": 0.7316811194254416, ""subsample_freq"": 1}"
2,1,177,1,0.9367002237019305,0.9558276208455185,0.027225512260189485,"{""colsample_bytree"": 0.8332011501391223, ""learning_rate"": 0.014964373329086386, ""max_depth"": 3, ""min_child_samples"": 5, ""num_leaves"": 5, ""reg_lambda"": 2.130951933365803, ""subsample"": 0.7316811194254416, ""subsample_freq"": 1}"
2,1,179,0,0.22574471741341323,0.12261613382286429,0.03759122759678534,"{""colsample_bytree"": 0.8332011501391223, ""learning_rate"": 0.014964373329086386, ""max_depth"": 3, ""min_child_samples"": 5, ""num_leaves"": 5, ""reg_lambda"": 2.130951933365803, ""subsample"": 0.7316811194254416, ""subsample_freq"": 1}"
2,1,191,1,0.9088877537317205,0.9424640523926614,0.04260508947858089,"{""colsample_bytree"": 0.8332011501391223, ""learning_rate"": 0.014964373329086386, ""max_depth"": 3, ""min_child_samples"": 5, ""num_leaves"": 5, ""reg_lambda"": 2.130951933365803, ""subsample"": 0.7316811194254416, ""subsample_freq"": 1}"
2,1,194,0,0.3215497735284016,0.2565451822434549,0.06170226038005563,"{""colsample_bytree"": 0.8332011501391223, ""learning_rate"": 0.014964373329086386, ""max_depth"": 3, ""min_child_samples"": 5, ""num_leaves"": 5, ""reg_lambda"": 2.130951933365803, ""subsample"": 0.7316811194254416, ""subsample_freq"": 1}"
2,1,199,0,0.4230093579957625,0.3705635578432782,0.12120899009009478,"{""colsample_bytree"": 0.8332011501391223, ""learning_rate"": 0.014964373329086386, ""max_depth"": 3, ""min_child_samples"": 5, ""num_leaves"": 5, ""reg_lambda"": 2.130951933365803, ""subsample"": 0.7316811194254416, ""subsample_freq"": 1}"
2,1,201,0,0.46424845094726114,0.3952654713487536,0.16748551678104148,"{""colsample_bytree"": 0.8332011501391223, ""learning_rate"": 0.014964373329086386, ""max_depth"": 3, ""min_child_samples"": 5, ""num_leaves"": 5, ""reg_lambda"": 2.130951933365803, ""subsample"": 0.7316811194254416, ""subsample_freq"": 1}"
2,1,202,1,0.9394139761268331,0.9587848539446515,0.02692498512037838,"{""colsample_bytree"": 0.8332011501391223, ""learning_rate"": 0.014964373329086386, ""max_depth"": 3, ""min_child_samples"": 5, ""num_leaves"": 5, ""reg_lambda"": 2.130951933365803, ""subsample"": 0.7316811194254416, ""subsample_freq"": 1}"
2,1,211,1,0.7158351705318878,0.7245752506313574,0.10008658471636114,"{""colsample_bytree"": 0.8332011501391223, ""learning_rate"": 0.014964373329086386, ""max_depth"": 3, ""min_child_samples"": 5, ""num_leaves"": 5, ""reg_lambda"": 2.130951933365803, ""subsample"": 0.7316811194254416, ""subsample_freq"": 1}"
2,1,216,0,0.6177821977666894,0.5763543004416884,0.14281291646094788,"{""colsample_bytree"": 0.8332011501391223, ""learning_rate"": 0.014964373329086386, ""max_depth"": 3, ""min_child_samples"": 5, ""num_leaves"": 5, ""reg_lambda"": 2.130951933365803, ""subsample"": 0.7316811194254416, ""subsample_freq"": 1}"
2,1,224,1,0.9476158525033045,0.9727886602252653,0.021404800840402926,"{""colsample_bytree"": 0.8332011501391223, ""learning_rate"": 0.014964373329086386, ""max_depth"": 3, ""min_child_samples"": 5, ""num_leaves"": 5, ""reg_lambda"": 2.130951933365803, ""subsample"": 0.7316811194254416, ""subsample_freq"": 1}"
2,1,226,1,0.9317490754417895,0.9536888717537402,0.03117105515882543,"{""colsample_bytree"": 0.8332011501391223, ""learning_rate"": 0.014964373329086386, ""max_depth"": 3, ""min_child_samples"": 5, ""num_leaves"": 5, ""reg_lambda"": 2.130951933365803, ""subsample"": 0.7316811194254416, ""subsample_freq"": 1}"
2,1,239,1,0.9383036166805516,0.9578481866965645,0.029605819367270275,"{""colsample_bytree"": 0.8332011501391223, ""learning_rate"": 0.014964373329086386, ""max_depth"": 3, ""min_child_samples"": 5, ""num_leaves"": 5, ""reg_lambda"": 2.130951933365803, ""subsample"": 0.7316811194254416, ""subsample_freq"": 1}"
2,1,249,1,0.904109251821562,0.9344639470920969,0.03254765921349757,"{""colsample_bytree"": 0.8332011501391223, ""learning_rate"": 0.014964373329086386, ""max_depth"": 3, ""min_child_samples"": 5, ""num_leaves"": 5, ""reg_lambda"": 2.130951933365803, ""subsample"": 0.7316811194254416, ""subsample_freq"": 1}"
2,1,251,1,0.5318765780097421,0.49099892138886353,0.049819308861199514,"{""colsample_bytree"": 0.8332011501391223, ""learning_rate"": 0.014964373329086386, ""max_depth"": 3, ""min_child_samples"": 5, ""num_leaves"": 5, ""reg_lambda"": 2.130951933365803, ""subsample"": 0.7316811194254416, ""subsample_freq"": 1}"
2,1,258,0,0.25502294390689406,0.15402295264150723,0.07781185942922778,"{""colsample_bytree"": 0.8332011501391223, ""learning_rate"": 0.014964373329086386, ""max_depth"": 3, ""min_child_samples"": 5, ""num_leaves"": 5, ""reg_lambda"": 2.130951933365803, ""subsample"": 0.7316811194254416, ""subsample_freq"": 1}"
2,1,264,0,0.32845477285621033,0.2279126428097631,0.0718543512760935,"{""colsample_bytree"": 0.8332011501391223, ""learning_rate"": 0.014964373329086386, ""max_depth"": 3, ""min_child_samples"": 5, ""num_leaves"": 5, ""reg_lambda"": 2.130951933365803, ""subsample"": 0.7316811194254416, ""subsample_freq"": 1}"
2,1,268,0,0.6815859129511601,0.5800809242006512,0.16043915781954995,"{""colsample_bytree"": 0.8332011501391223, ""learning_rate"": 0.014964373329086386, ""max_depth"": 3, ""min_child_samples"": 5, ""num_leaves"": 5, ""reg_lambda"": 2.130951933365803, ""subsample"": 0.7316811194254416, ""subsample_freq"": 1}"
2,1,276,0,0.41530610434804166,0.35440478691238714,0.08772837439096946,"{""colsample_bytree"": 0.8332011501391223, ""learning_rate"": 0.014964373329086386, ""max_depth"": 3, ""min_child_samples"": 5, ""num_leaves"": 5, ""reg_lambda"": 2.130951933365803, ""subsample"": 0.7316811194254416, ""subsample_freq"": 1}"
2,1,281,1,0.648469080744933,0.6424411004933385,0.12644358803249353,"{""colsample_bytree"": 0.8332011501391223, ""learning_rate"": 0.014964373329086386, ""max_depth"": 3, ""min_child_samples"": 5, ""num_leaves"": 5, ""reg_lambda"": 2.130951933365803, ""subsample"": 0.7316811194254416, ""subsample_freq"": 1}"
2,1,288,1,0.6832561591957986,0.6705219149372317,0.11719351233544588,"{""colsample_bytree"": 0.8332011501391223, ""learning_rate"": 0.014964373329086386, ""max_depth"": 3, ""min_child_samples"": 5, ""num_leaves"": 5, ""reg_lambda"": 2.130951933365803, ""subsample"": 0.7316811194254416, ""subsample_freq"": 1}"
2,1,290,0,0.16911540812970613,0.08955166270308995,0.021931518542265334,"{""colsample_bytree"": 0.8332011501391223, ""learning_rate"": 0.014964373329086386, ""max_depth"": 3, ""min_child_samples"": 5, ""num_leaves"": 5, ""reg_lambda"": 2.130951933365803, ""subsample"": 0.7316811194254416, ""subsample_freq"": 1}"
2,1,294,1,0.6841814923990146,0.7052899114909653,0.07909313279378893,"{""colsample_bytree"": 0.8332011501391223, ""learning_rate"": 0.014964373329086386, ""max_depth"": 3, ""min_child_samples"": 5, ""num_leaves"": 5, ""reg_lambda"": 2.130951933365803, ""subsample"": 0.7316811194254416, ""subsample_freq"": 1}"
2,1,295,0,0.6499942628650732,0.6804848958844835,0.10157767748142527,"{""colsample_bytree"": 0.8332011501391223, ""learning_rate"": 0.014964373329086386, ""max_depth"": 3, ""min_child_samples"": 5, ""num_leaves"": 5, ""reg_lambda"": 2.130951933365803, ""subsample"": 0.7316811194254416, ""subsample_freq"": 1}"
2,1,296,0,0.43442198168706064,0.3672196566385666,0.06215519416494834,"{""colsample_bytree"": 0.8332011501391223, ""learning_rate"": 0.014964373329086386, ""max_depth"": 3, ""min_child_samples"": 5, ""num_leaves"": 5, ""reg_lambda"": 2.130951933365803, ""subsample"": 0.7316811194254416, ""subsample_freq"": 1}"
2,1,301,0,0.33374387053278065,0.2718462001343146,0.10182043760896581,"{""colsample_bytree"": 0.8332011501391223, ""learning_rate"": 0.014964373329086386, ""max_depth"": 3, ""min_child_samples"": 5, ""num_leaves"": 5, ""reg_lambda"": 2.130951933365803, ""subsample"": 0.7316811194254416, ""subsample_freq"": 1}"
2,1,302,1,0.8392396629269212,0.8325949782105221,0.1045925458439871,"{""colsample_bytree"": 0.8332011501391223, ""learning_rate"": 0.014964373329086386, ""max_depth"": 3, ""min_child_samples"": 5, ""num_leaves"": 5, ""reg_lambda"": 2.130951933365803, ""subsample"": 0.7316811194254416, ""subsample_freq"": 1}"
2,2,1,1,0.9955542266292104,0.987503771070654,0.005488273318828426,"{""colsample_bytree"": 0.5137786086305816, ""learning_rate"": 0.13586514358086818, ""max_depth"": 4, ""min_child_samples"": 6, ""num_leaves"": 6, ""reg_lambda"": 15.542630039757965, ""subsample"": 0.6701442755852769, ""subsample_freq"": 1}"
2,2,7,1,0.987435378989739,0.9695740239058471,0.008028601797130292,"{""colsample_bytree"": 0.5137786086305816, ""learning_rate"": 0.13586514358086818, ""max_depth"": 4, ""min_child_samples"": 6, ""num_leaves"": 6, ""reg_lambda"": 15.542630039757965, ""subsample"": 0.6701442755852769, ""subsample_freq"": 1}"
2,2,8,0,0.1116469624141683,0.09512054605999812,0.024178460738760368,"{""colsample_bytree"": 0.5137786086305816, ""learning_rate"": 0.13586514358086818, ""max_depth"": 4, ""min_child_samples"": 6, ""num_leaves"": 6, ""reg_lambda"": 15.542630039757965, ""subsample"": 0.6701442755852769, ""subsample_freq"": 1}"
2,2,17,0,0.25621657024905786,0.37740536735884544,0.09716092487937042,"{""colsample_bytree"": 0.5137786086305816, ""learning_rate"": 0.13586514358086818, ""max_depth"": 4, ""min_child_samples"": 6, ""num_leaves"": 6, ""reg_lambda"": 15.542630039757965, ""subsample"": 0.6701442755852769, ""subsample_freq"": 1}"
2,2,18,1,0.9150691255192843,0.8658705698869247,0.06849948996109341,"{""colsample_bytree"": 0.5137786086305816, ""learning_rate"": 0.13586514358086818, ""max_depth"": 4, ""min_child_samples"": 6, ""num_leaves"": 6, ""reg_lambda"": 15.542630039757965, ""subsample"": 0.6701442755852769, ""subsample_freq"": 1}"
2,2,22,1,0.9860751073391958,0.9681234230221014,0.014314532502240183,"{""colsample_bytree"": 0.5137786086305816, ""learning_rate"": 0.13586514358086818, ""max_depth"": 4, ""min_child_samples"": 6, ""num_leaves"": 6, ""reg_lambda"": 15.542630039757965, ""subsample"": 0.6701442755852769, ""subsample_freq"": 1}"
2,2,32,1,0.972388936196329,0.942663562216769,0.020943484379559268,"{""colsample_bytree"": 0.5137786086305816, ""learning_rate"": 0.13586514358086818, ""max_depth"": 4, ""min_child_samples"": 6, ""num_leaves"": 6, ""reg_lambda"": 15.542630039757965, ""subsample"": 0.6701442755852769, ""subsample_freq"": 1}"
2,2,41,0,0.3549275473524251,0.3380552647708487,0.09445729017003755,"{""colsample_bytree"": 0.5137786086305816, ""learning_rate"": 0.13586514358086818, ""max_depth"": 4, ""min_child_samples"": 6, ""num_leaves"": 6, ""reg_lambda"": 15.542630039757965, ""subsample"": 0.6701442755852769, ""subsample_freq"": 1}"
2,2,46,1,0.9149572328990693,0.887296868144148,0.056522883958986345,"{""colsample_bytree"": 0.5137786086305816, ""learning_rate"": 0.13586514358086818, ""max_depth"": 4, ""min_child_samples"": 6, ""num_leaves"": 6, ""reg_lambda"": 15.542630039757965, ""subsample"": 0.6701442755852769, ""subsample_freq"": 1}"
2,2,59,1,0.9897352680523968,0.9832503017160358,0.007928596946231674,"{""colsample_bytree"": 0.5137786086305816, ""learning_rate"": 0.13586514358086818, ""max_depth"": 4, ""min_child_samples"": 6, ""num_leaves"": 6, ""reg_lambda"": 15.542630039757965, ""subsample"": 0.6701442755852769, ""subsample_freq"": 1}"
2,2,63,1,0.9495292816630221,0.9162683191295435,0.03142210541227866,"{""colsample_bytree"": 0.5137786086305816, ""learning_rate"": 0.13586514358086818, ""max_depth"": 4, ""min_child_samples"": 6, ""num_leaves"": 6, ""reg_lambda"": 15.542630039757965, ""subsample"": 0.6701442755852769, ""subsample_freq"": 1}"
2,2,69,1,0.9636730833105847,0.9337917853440914,0.041373268434836095,"{""colsample_bytree"": 0.5137786086305816, ""learning_rate"": 0.13586514358086818, ""max_depth"": 4, ""min_child_samples"": 6, ""num_leaves"": 6, ""reg_lambda"": 15.542630039757965, ""subsample"": 0.6701442755852769, ""subsample_freq"": 1}"
2,2,75,1,0.6940276274861306,0.5383322140135987,0.10579391158745304,"{""colsample_bytree"": 0.5137786086305816, ""learning_rate"": 0.13586514358086818, ""max_depth"": 4, ""min_child_samples"": 6, ""num_leaves"": 6, ""reg_lambda"": 15.542630039757965, ""subsample"": 0.6701442755852769, ""subsample_freq"": 1}"
2,2,77,1,0.9637390401091331,0.9302835712449463,0.036813297895777884,"{""colsample_bytree"": 0.5137786086305816, ""learning_rate"": 0.13586514358086818, ""max_depth"": 4, ""min_child_samples"": 6, ""num_leaves"": 6, ""reg_lambda"": 15.542630039757965, ""subsample"": 0.6701442755852769, ""subsample_freq"": 1}"
2,2,78,1,0.9325535764690024,0.8882826384423688,0.03813761887781278,"{""colsample_bytree"": 0.5137786086305816, ""learning_rate"": 0.13586514358086818, ""max_depth"": 4, ""min_child_samples"": 6, ""num_leaves"": 6, ""reg_lambda"": 15.542630039757965, ""subsample"": 0.6701442755852769, ""subsample_freq"": 1}"
2,2,79,0,0.17438456812797962,0.1728761113571046,0.06584765190034045,"{""colsample_bytree"": 0.5137786086305816, ""learning_rate"": 0.13586514358086818, ""max_depth"": 4, ""min_child_samples"": 6, ""num_leaves"": 6, ""reg_lambda"": 15.542630039757965, ""subsample"": 0.6701442755852769, ""subsample_freq"": 1}"
2,2,85,1,0.8062647966552583,0.7793257060439389,0.034593383667218786,"{""colsample_bytree"": 0.5137786086305816, ""learning_rate"": 0.13586514358086818, ""max_depth"": 4, ""min_child_samples"": 6, ""num_leaves"": 6, ""reg_lambda"": 15.542630039757965, ""subsample"": 0.6701442755852769, ""subsample_freq"": 1}"
2,2,88,1,0.988170197089665,0.9641846801083668,0.01846630055032997,"{""colsample_bytree"": 0.5137786086305816, ""learning_rate"": 0.13586514358086818, ""max_depth"": 4, ""min_child_samples"": 6, ""num_leaves"": 6, ""reg_lambda"": 15.542630039757965, ""subsample"": 0.6701442755852769, ""subsample_freq"": 1}"
2,2,93,0,0.9894372763545063,0.9695729499243331,0.012838962429214833,"{""colsample_bytree"": 0.5137786086305816, ""learning_rate"": 0.13586514358086818, ""max_depth"": 4, ""min_child_samples"": 6, ""num_leaves"": 6, ""reg_lambda"": 15.542630039757965, ""subsample"": 0.6701442755852769, ""subsample_freq"": 1}"
2,2,95,1,0.9843754670846946,0.9743195103452903,0.009821782077877733,"{""colsample_bytree"": 0.5137786086305816, ""learning_rate"": 0.13586514358086818, ""max_depth"": 4, ""min_child_samples"": 6, ""num_leaves"": 6, ""reg_lambda"": 15.542630039757965, ""subsample"": 0.6701442755852769, ""subsample_freq"": 1}"
2,2,98,1,0.9899277890680481,0.9788795196924021,0.008769083608814817,"{""colsample_bytree"": 0.5137786086305816, ""learning_rate"": 0.13586514358086818, ""max_depth"": 4, ""min_child_samples"": 6, ""num_leaves"": 6, ""reg_lambda"": 15.542630039757965, ""subsample"": 0.6701442755852769, ""subsample_freq"": 1}"
2,2,101,1,0.9920850795883788,0.9815313953438516,0.009180920377401671,"{""colsample_bytree"": 0.5137786086305816, ""learning_rate"": 0.13586514358086818, ""max_depth"": 4, ""min_child_samples"": 6, ""num_leaves"": 6, ""reg_lambda"": 15.542630039757965, ""subsample"": 0.6701442755852769, ""subsample_freq"": 1}"
2,2,112,1,0.9672675968135414,0.9455351924489712,0.022701868904353092,"{""colsample_bytree"": 0.5137786086305816, ""learning_rate"": 0.13586514358086818, ""max_depth"": 4, ""min_child_samples"": 6, ""num_leaves"": 6, ""reg_lambda"": 15.542630039757965, ""subsample"": 0.6701442755852769, ""subsample_freq"": 1}"
2,2,117,1,0.9917889640873773,0.9745261115619523,0.014052371965377484,"{""colsample_bytree"": 0.5137786086305816, ""learning_rate"": 0.13586514358086818, ""max_depth"": 4, ""min_child_samples"": 6, ""num_leaves"": 6, ""reg_lambda"": 15.542630039757965, ""subsample"": 0.6701442755852769, ""subsample_freq"": 1}"
2,2,118,1,0.9912330716945288,0.9772420737884406,0.007328689938617954,"{""colsample_bytree"": 0.5137786086305816, ""learning_rate"": 0.13586514358086818, ""max_depth"": 4, ""min_child_samples"": 6, ""num_leaves"": 6, ""reg_lambda"": 15.542630039757965, ""subsample"": 0.6701442755852769, ""subsample_freq"": 1}"
2,2,126,1,0.9399111959974783,0.9296695366605308,0.011643635389165581,"{""colsample_bytree"": 0.5137786086305816, ""learning_rate"": 0.13586514358086818, ""max_depth"": 4, ""min_child_samples"": 6, ""num_leaves"": 6, ""reg_lambda"": 15.542630039757965, ""subsample"": 0.6701442755852769, ""subsample_freq"": 1}"
2,2,128,1,0.593372909387492,0.6061955148538394,0.07145860877269467,"{""colsample_bytree"": 0.5137786086305816, ""learning_rate"": 0.13586514358086818, ""max_depth"": 4, ""min_child_samples"": 6, ""num_leaves"": 6, ""reg_lambda"": 15.542630039757965, ""subsample"": 0.6701442755852769, ""subsample_freq"": 1}"
2,2,131,1,0.9955528202114656,0.9858896182560581,0.006241809866784355,"{""colsample_bytree"": 0.5137786086305816, ""learning_rate"": 0.13586514358086818, ""max_depth"": 4, ""min_child_samples"": 6, ""num_leaves"": 6, ""reg_lambda"": 15.542630039757965, ""subsample"": 0.6701442755852769, ""subsample_freq"": 1}"
2,2,140,1,0.9408783858175133,0.9136881498855252,0.015048449376636496,"{""colsample_bytree"": 0.5137786086305816, ""learning_rate"": 0.13586514358086818, ""max_depth"": 4, ""min_child_samples"": 6, ""num_leaves"": 6, ""reg_lambda"": 15.542630039757965, ""subsample"": 0.6701442755852769, ""subsample_freq"": 1}"
2,2,147,1,0.8015328434460075,0.7715199619444217,0.09246108570571107,"{""colsample_bytree"": 0.5137786086305816, ""learning_rate"": 0.13586514358086818, ""max_depth"": 4, ""min_child_samples"": 6, ""num_leaves"": 6, ""reg_lambda"": 15.542630039757965, ""subsample"": 0.6701442755852769, ""subsample_freq"": 1}"
2,2,148,1,0.9606903995768227,0.9023469060906706,0.03541720176894759,"{""colsample_bytree"": 0.5137786086305816, ""learning_rate"": 0.13586514358086818, ""max_depth"": 4, ""min_child_samples"": 6, ""num_leaves"": 6, ""reg_lambda"": 15.542630039757965, ""subsample"": 0.6701442755852769, ""subsample_freq"": 1}"
2,2,153,0,0.7332532706558438,0.6611698088890743,0.07812598154641406,"{""colsample_bytree"": 0.5137786086305816, ""learning_rate"": 0.13586514358086818, ""max_depth"": 4, ""min_child_samples"": 6, ""num_leaves"": 6, ""reg_lambda"": 15.542630039757965, ""subsample"": 0.6701442755852769, ""subsample_freq"": 1}"
2,2,156,1,0.9759634306157104,0.9410660326572788,0.018746581347848148,"{""colsample_bytree"": 0.5137786086305816, ""learning_rate"": 0.13586514358086818, ""max_depth"": 4, ""min_child_samples"": 6, ""num_leaves"": 6, ""reg_lambda"": 15.542630039757965, ""subsample"": 0.6701442755852769, ""subsample_freq"": 1}"
2,2,157,1,0.8210871120206635,0.721348878344395,0.09592480770566253,"{""colsample_bytree"": 0.5137786086305816, ""learning_rate"": 0.13586514358086818, ""max_depth"": 4, ""min_child_samples"": 6, ""num_leaves"": 6, ""reg_lambda"": 15.542630039757965, ""subsample"": 0.6701442755852769, ""subsample_freq"": 1}"
2,2,159,1,0.9942548186195133,0.9883519509917658,0.004330918879727036,"{""colsample_bytree"": 0.5137786086305816, ""learning_rate"": 0.13586514358086818, ""max_depth"": 4, ""min_child_samples"": 6, ""num_leaves"": 6, ""reg_lambda"": 15.542630039757965, ""subsample"": 0.6701442755852769, ""subsample_freq"": 1}"
2,2,164,1,0.9962178363424745,0.984540577275211,0.009337929237265556,"{""colsample_bytree"": 0.5137786086305816, ""learning_rate"": 0.13586514358086818, ""max_depth"": 4, ""min_child_samples"": 6, ""num_leaves"": 6, ""reg_lambda"": 15.542630039757965, ""subsample"": 0.6701442755852769, ""subsample_freq"": 1}"
2,2,170,0,0.2780687331806309,0.2431086697579063,0.07694856883993942,"{""colsample_bytree"": 0.5137786086305816, ""learning_rate"": 0.13586514358086818, ""max_depth"": 4, ""min_child_samples"": 6, ""num_leaves"": 6, ""reg_lambda"": 15.542630039757965, ""subsample"": 0.6701442755852769, ""subsample_freq"": 1}"
2,2,174,1,0.9971580564033814,0.9925845073156603,0.003812445168824525,"{""colsample_bytree"": 0.5137786086305816, ""learning_rate"": 0.13586514358086818, ""max_depth"": 4, ""min_child_samples"": 6, ""num_leaves"": 6, ""reg_lambda"": 15.542630039757965, ""subsample"": 0.6701442755852769, ""subsample_freq"": 1}"
2,2,182,1,0.7984809014000693,0.7550688797014786,0.06036824673781279,"{""colsample_bytree"": 0.5137786086305816, ""learning_rate"": 0.13586514358086818, ""max_depth"": 4, ""min_child_samples"": 6, ""num_leaves"": 6, ""reg_lambda"": 15.542630039757965, ""subsample"": 0.6701442755852769, ""subsample_freq"": 1}"
2,2,188,1,0.4999070154018974,0.5216135440538813,0.1571499828619731,"{""colsample_bytree"": 0.5137786086305816, ""learning_rate"": 0.13586514358086818, ""max_depth"": 4, ""min_child_samples"": 6, ""num_leaves"": 6, ""reg_lambda"": 15.542630039757965, ""subsample"": 0.6701442755852769, ""subsample_freq"": 1}"
2,2,214,0,0.9514221535194415,0.9313729347295487,0.02092645396775149,"{""colsample_bytree"": 0.5137786086305816, ""learning_rate"": 0.13586514358086818, ""max_depth"": 4, ""min_child_samples"": 6, ""num_leaves"": 6, ""reg_lambda"": 15.542630039757965, ""subsample"": 0.6701442755852769, ""subsample_freq"": 1}"
2,2,223,1,0.7497177262928603,0.6785841331871694,0.08926490234517344,"{""colsample_bytree"": 0.5137786086305816, ""learning_rate"": 0.13586514358086818, ""max_depth"": 4, ""min_child_samples"": 6, ""num_leaves"": 6, ""reg_lambda"": 15.542630039757965, ""subsample"": 0.6701442755852769, ""subsample_freq"": 1}"
2,2,234,0,0.4131560766311842,0.3525185089538528,0.13305460123381324,"{""colsample_bytree"": 0.5137786086305816, ""learning_rate"": 0.13586514358086818, ""max_depth"": 4, ""min_child_samples"": 6, ""num_leaves"": 6, ""reg_lambda"": 15.542630039757965, ""subsample"": 0.6701442755852769, ""subsample_freq"": 1}"
2,2,236,1,0.9259156556615258,0.7818187591805776,0.10043304974842542,"{""colsample_bytree"": 0.5137786086305816, ""learning_rate"": 0.13586514358086818, ""max_depth"": 4, ""min_child_samples"": 6, ""num_leaves"": 6, ""reg_lambda"": 15.542630039757965, ""subsample"": 0.6701442755852769, ""subsample_freq"": 1}"
2,2,241,1,0.5137754406312665,0.5220643134694107,0.1256504721149779,"{""colsample_bytree"": 0.5137786086305816, ""learning_rate"": 0.13586514358086818, ""max_depth"": 4, ""min_child_samples"": 6, ""num_leaves"": 6, ""reg_lambda"": 15.542630039757965, ""subsample"": 0.6701442755852769, ""subsample_freq"": 1}"
2,2,242,1,0.952567875298947,0.9170046899657833,0.028081299946165747,"{""colsample_bytree"": 0.5137786086305816, ""learning_rate"": 0.13586514358086818, ""max_depth"": 4, ""min_child_samples"": 6, ""num_leaves"": 6, ""reg_lambda"": 15.542630039757965, ""subsample"": 0.6701442755852769, ""subsample_freq"": 1}"
2,2,246,1,0.9958114569447067,0.9851709530090643,0.005874754876895293,"{""colsample_bytree"": 0.5137786086305816, ""learning_rate"": 0.13586514358086818, ""max_depth"": 4, ""min_child_samples"": 6, ""num_leaves"": 6, ""reg_lambda"": 15.542630039757965, ""subsample"": 0.6701442755852769, ""subsample_freq"": 1}"
2,2,248,1,0.9951221463862984,0.9855792140639063,0.0069178264567859495,"{""colsample_bytree"": 0.5137786086305816, ""learning_rate"": 0.13586514358086818, ""max_depth"": 4, ""min_child_samples"": 6, ""num_leaves"": 6, ""reg_lambda"": 15.542630039757965, ""subsample"": 0.6701442755852769, ""subsample_freq"": 1}"
2,2,256,0,0.23781635259792938,0.2743564185913201,0.06362901291701084,"{""colsample_bytree"": 0.5137786086305816, ""learning_rate"": 0.13586514358086818, ""max_depth"": 4, ""min_child_samples"": 6, ""num_leaves"": 6, ""reg_lambda"": 15.542630039757965, ""subsample"": 0.6701442755852769, ""subsample_freq"": 1}"
2,2,257,0,0.06697745385800526,0.12031216188579937,0.04982896722069293,"{""colsample_bytree"": 0.5137786086305816, ""learning_rate"": 0.13586514358086818, ""max_depth"": 4, ""min_child_samples"": 6, ""num_leaves"": 6, ""reg_lambda"": 15.542630039757965, ""subsample"": 0.6701442755852769, ""subsample_freq"": 1}"
2,2,262,1,0.7800037546242361,0.7480467234153351,0.08628693127406037,"{""colsample_bytree"": 0.5137786086305816, ""learning_rate"": 0.13586514358086818, ""max_depth"": 4, ""min_child_samples"": 6, ""num_leaves"": 6, ""reg_lambda"": 15.542630039757965, ""subsample"": 0.6701442755852769, ""subsample_freq"": 1}"
2,2,263,0,0.04567636913925404,0.052553772470288175,0.024876555877749288,"{""colsample_bytree"": 0.5137786086305816, ""learning_rate"": 0.13586514358086818, ""max_depth"": 4, ""min_child_samples"": 6, ""num_leaves"": 6, ""reg_lambda"": 15.542630039757965, ""subsample"": 0.6701442755852769, ""subsample_freq"": 1}"
2,2,267,1,0.9450656503405758,0.9284452735131966,0.011211910622673602,"{""colsample_bytree"": 0.5137786086305816, ""learning_rate"": 0.13586514358086818, ""max_depth"": 4, ""min_child_samples"": 6, ""num_leaves"": 6, ""reg_lambda"": 15.542630039757965, ""subsample"": 0.6701442755852769, ""subsample_freq"": 1}"
2,2,270,0,0.036261741548986696,0.07384902904163819,0.02740112136700864,"{""colsample_bytree"": 0.5137786086305816, ""learning_rate"": 0.13586514358086818, ""max_depth"": 4, ""min_child_samples"": 6, ""num_leaves"": 6, ""reg_lambda"": 15.542630039757965, ""subsample"": 0.6701442755852769, ""subsample_freq"": 1}"
2,2,271,1,0.9758937163298533,0.9535735986407532,0.011579363561928617,"{""colsample_bytree"": 0.5137786086305816, ""learning_rate"": 0.13586514358086818, ""max_depth"": 4, ""min_child_samples"": 6, ""num_leaves"": 6, ""reg_lambda"": 15.542630039757965, ""subsample"": 0.6701442755852769, ""subsample_freq"": 1}"
2,2,272,0,0.775988219490914,0.7982081733507285,0.07480240054591637,"{""colsample_bytree"": 0.5137786086305816, ""learning_rate"": 0.13586514358086818, ""max_depth"": 4, ""min_child_samples"": 6, ""num_leaves"": 6, ""reg_lambda"": 15.542630039757965, ""subsample"": 0.6701442755852769, ""subsample_freq"": 1}"
2,2,275,1,0.9869401845430991,0.9722390338916826,0.013577152667413007,"{""colsample_bytree"": 0.5137786086305816, ""learning_rate"": 0.13586514358086818, ""max_depth"": 4, ""min_child_samples"": 6, ""num_leaves"": 6, ""reg_lambda"": 15.542630039757965, ""subsample"": 0.6701442755852769, ""subsample_freq"": 1}"
2,2,280,0,0.6130824232677585,0.4969513295329774,0.19028356649557232,"{""colsample_bytree"": 0.5137786086305816, ""learning_rate"": 0.13586514358086818, ""max_depth"": 4, ""min_child_samples"": 6, ""num_leaves"": 6, ""reg_lambda"": 15.542630039757965, ""subsample"": 0.6701442755852769, ""subsample_freq"": 1}"
2,2,292,0,0.7378518278297488,0.6424669527626408,0.10018977360848248,"{""colsample_bytree"": 0.5137786086305816, ""learning_rate"": 0.13586514358086818, ""max_depth"": 4, ""min_child_samples"": 6, ""num_leaves"": 6, ""reg_lambda"": 15.542630039757965, ""subsample"": 0.6701442755852769, ""subsample_freq"": 1}"
2,2,297,0,0.44742415981035644,0.30085009643507715,0.16872123783040868,"{""colsample_bytree"": 0.5137786086305816, ""learning_rate"": 0.13586514358086818, ""max_depth"": 4, ""min_child_samples"": 6, ""num_leaves"": 6, ""reg_lambda"": 15.542630039757965, ""subsample"": 0.6701442755852769, ""subsample_freq"": 1}"
2,2,300,0,0.07806540197322213,0.08732697140702186,0.025657342719299335,"{""colsample_bytree"": 0.5137786086305816, ""learning_rate"": 0.13586514358086818, ""max_depth"": 4, ""min_child_samples"": 6, ""num_leaves"": 6, ""reg_lambda"": 15.542630039757965, ""subsample"": 0.6701442755852769, ""subsample_freq"": 1}"
2,3,2,1,0.9530190825471782,0.957153098083831,0.024902809682036887,"{""colsample_bytree"": 0.5520381579544191, ""learning_rate"": 0.022709879940342032, ""max_depth"": 4, ""min_child_samples"": 5, ""num_leaves"": 9, ""reg_lambda"": 0.9747745324548779, ""subsample"": 0.9687161431032908, ""subsample_freq"": 1}"
2,3,3,0,0.6106158827561603,0.5884775154734598,0.18172590892337,"{""colsample_bytree"": 0.5520381579544191, ""learning_rate"": 0.022709879940342032, ""max_depth"": 4, ""min_child_samples"": 5, ""num_leaves"": 9, ""reg_lambda"": 0.9747745324548779, ""subsample"": 0.9687161431032908, ""subsample_freq"": 1}"
2,3,5,1,0.7705945200511324,0.6827918937546457,0.18212470557820876,"{""colsample_bytree"": 0.5520381579544191, ""learning_rate"": 0.022709879940342032, ""max_depth"": 4, ""min_child_samples"": 5, ""num_leaves"": 9, ""reg_lambda"": 0.9747745324548779, ""subsample"": 0.9687161431032908, ""subsample_freq"": 1}"
2,3,6,1,0.9492361671055106,0.9450769856718008,0.03556239338212006,"{""colsample_bytree"": 0.5520381579544191, ""learning_rate"": 0.022709879940342032, ""max_depth"": 4, ""min_child_samples"": 5, ""num_leaves"": 9, ""reg_lambda"": 0.9747745324548779, ""subsample"": 0.9687161431032908, ""subsample_freq"": 1}"
2,3,10,1,0.9218037775560407,0.9205526943583919,0.03081405727965193,"{""colsample_bytree"": 0.5520381579544191, ""learning_rate"": 0.022709879940342032, ""max_depth"": 4, ""min_child_samples"": 5, ""num_leaves"": 9, ""reg_lambda"": 0.9747745324548779, ""subsample"": 0.9687161431032908, ""subsample_freq"": 1}"
2,3,20,1,0.06469962091489859,0.11701413422274405,0.07278147666848805,"{""colsample_bytree"": 0.5520381579544191, ""learning_rate"": 0.022709879940342032, ""max_depth"": 4, ""min_child_samples"": 5, ""num_leaves"": 9, ""reg_lambda"": 0.9747745324548779, ""subsample"": 0.9687161431032908, ""subsample_freq"": 1}"
2,3,25,1,0.9609980342081865,0.953806405942397,0.030507123947697064,"{""colsample_bytree"": 0.5520381579544191, ""learning_rate"": 0.022709879940342032, ""max_depth"": 4, ""min_child_samples"": 5, ""num_leaves"": 9, ""reg_lambda"": 0.9747745324548779, ""subsample"": 0.9687161431032908, ""subsample_freq"": 1}"
2,3,26,0,0.18533322951635098,0.22524452091669955,0.12690988412424145,"{""colsample_bytree"": 0.5520381579544191, ""learning_rate"": 0.022709879940342032, ""max_depth"": 4, ""min_child_samples"": 5, ""num_leaves"": 9, ""reg_lambda"": 0.9747745324548779, ""subsample"": 0.9687161431032908, ""subsample_freq"": 1}"
2,3,29,1,0.9670921366136097,0.951663252231091,0.03148701623787362,"{""colsample_bytree"": 0.5520381579544191, ""learning_rate"": 0.022709879940342032, ""max_depth"": 4, ""min_child_samples"": 5, ""num_leaves"": 9, ""reg_lambda"": 0.9747745324548779, ""subsample"": 0.9687161431032908, ""subsample_freq"": 1}"
2,3,42,0,0.222151641852581,0.2516053187813638,0.10713255134947491,"{""colsample_bytree"": 0.5520381579544191, ""learning_rate"": 0.022709879940342032, ""max_depth"": 4, ""min_child_samples"": 5, ""num_leaves"": 9, ""reg_lambda"": 0.9747745324548779, ""subsample"": 0.9687161431032908, ""subsample_freq"": 1}"
2,3,43,1,0.808836629182239,0.7327619860687739,0.0676119904956708,"{""colsample_bytree"": 0.5520381579544191, ""learning_rate"": 0.022709879940342032, ""max_depth"": 4, ""min_child_samples"": 5, ""num_leaves"": 9, ""reg_lambda"": 0.9747745324548779, ""subsample"": 0.9687161431032908, ""subsample_freq"": 1}"
2,3,51,1,0.9603859017601624,0.9412912194591785,0.0362194614097417,"{""colsample_bytree"": 0.5520381579544191, ""learning_rate"": 0.022709879940342032, ""max_depth"": 4, ""min_child_samples"": 5, ""num_leaves"": 9, ""reg_lambda"": 0.9747745324548779, ""subsample"": 0.9687161431032908, ""subsample_freq"": 1}"
2,3,53,1,0.38561651613170334,0.4773901051286513,0.20603873673917145,"{""colsample_bytree"": 0.5520381579544191, ""learning_rate"": 0.022709879940342032, ""max_depth"": 4, ""min_child_samples"": 5, ""num_leaves"": 9, ""reg_lambda"": 0.9747745324548779, ""subsample"": 0.9687161431032908, ""subsample_freq"": 1}"
2,3,54,0,0.1832202466128607,0.22073621254107573,0.12294914552032189,"{""colsample_bytree"": 0.5520381579544191, ""learning_rate"": 0.022709879940342032, ""max_depth"": 4, ""min_child_samples"": 5, ""num_leaves"": 9, ""reg_lambda"": 0.9747745324548779, ""subsample"": 0.9687161431032908, ""subsample_freq"": 1}"
2,3,68,0,0.29162227294814463,0.30818829214585197,0.09632620411334922,"{""colsample_bytree"": 0.5520381579544191, ""learning_rate"": 0.022709879940342032, ""max_depth"": 4, ""min_child_samples"": 5, ""num_leaves"": 9, ""reg_lambda"": 0.9747745324548779, ""subsample"": 0.9687161431032908, ""subsample_freq"": 1}"
2,3,70,0,0.19464064115709964,0.2338831004925402,0.09415554781580837,"{""colsample_bytree"": 0.5520381579544191, ""learning_rate"": 0.022709879940342032, ""max_depth"": 4, ""min_child_samples"": 5, ""num_leaves"": 9, ""reg_lambda"": 0.9747745324548779, ""subsample"": 0.9687161431032908, ""subsample_freq"": 1}"
2,3,71,1,0.9472476691767172,0.9469953734162481,0.024051737266155764,"{""colsample_bytree"": 0.5520381579544191, ""learning_rate"": 0.022709879940342032, ""max_depth"": 4, ""min_child_samples"": 5, ""num_leaves"": 9, ""reg_lambda"": 0.9747745324548779, ""subsample"": 0.9687161431032908, ""subsample_freq"": 1}"
2,3,82,1,0.8135260809449644,0.7809385953327515,0.09297870595126882,"{""colsample_bytree"": 0.5520381579544191, ""learning_rate"": 0.022709879940342032, ""max_depth"": 4, ""min_child_samples"": 5, ""num_leaves"": 9, ""reg_lambda"": 0.9747745324548779, ""subsample"": 0.9687161431032908, ""subsample_freq"": 1}"
2,3,83,1,0.8954521790248606,0.8299986011611876,0.11071391389525842,"{""colsample_bytree"": 0.5520381579544191, ""learning_rate"": 0.022709879940342032, ""max_depth"": 4, ""min_child_samples"": 5, ""num_leaves"": 9, ""reg_lambda"": 0.9747745324548779, ""subsample"": 0.9687161431032908, ""subsample_freq"": 1}"
2,3,86,1,0.9717319330464432,0.95146797828747,0.030712078285915594,"{""colsample_bytree"": 0.5520381579544191, ""learning_rate"": 0.022709879940342032, ""max_depth"": 4, ""min_child_samples"": 5, ""num_leaves"": 9, ""reg_lambda"": 0.9747745324548779, ""subsample"": 0.9687161431032908, ""subsample_freq"": 1}"
2,3,110,1,0.3201698049723633,0.3586561766753303,0.1501268625103676,"{""colsample_bytree"": 0.5520381579544191, ""learning_rate"": 0.022709879940342032, ""max_depth"": 4, ""min_child_samples"": 5, ""num_leaves"": 9, ""reg_lambda"": 0.9747745324548779, ""subsample"": 0.9687161431032908, ""subsample_freq"": 1}"
2,3,116,1,0.9464187748253399,0.9368054242702252,0.024559776924377268,"{""colsample_bytree"": 0.5520381579544191, ""learning_rate"": 0.022709879940342032, ""max_depth"": 4, ""min_child_samples"": 5, ""num_leaves"": 9, ""reg_lambda"": 0.9747745324548779, ""subsample"": 0.9687161431032908, ""subsample_freq"": 1}"
2,3,125,1,0.9064619804730043,0.8832208288514714,0.06785032071824688,"{""colsample_bytree"": 0.5520381579544191, ""learning_rate"": 0.022709879940342032, ""max_depth"": 4, ""min_child_samples"": 5, ""num_leaves"": 9, ""reg_lambda"": 0.9747745324548779, ""subsample"": 0.9687161431032908, ""subsample_freq"": 1}"
2,3,146,1,0.9870279243428117,0.9806697542718238,0.01451157080385888,"{""colsample_bytree"": 0.5520381579544191, ""learning_rate"": 0.022709879940342032, ""max_depth"": 4, ""min_child_samples"": 5, ""num_leaves"": 9, ""reg_lambda"": 0.9747745324548779, ""subsample"": 0.9687161431032908, ""subsample_freq"": 1}"
2,3,150,0,0.7722888623058283,0.6878465620590898,0.18438643176766187,"{""colsample_bytree"": 0.5520381579544191, ""learning_rate"": 0.022709879940342032, ""max_depth"": 4, ""min_child_samples"": 5, ""num_leaves"": 9, ""reg_lambda"": 0.9747745324548779, ""subsample"": 0.9687161431032908, ""subsample_freq"": 1}"
2,3,154,1,0.8055292470715963,0.7854031297333475,0.11356318019552501,"{""colsample_bytree"": 0.5520381579544191, ""learning_rate"": 0.022709879940342032, ""max_depth"": 4, ""min_child_samples"": 5, ""num_leaves"": 9, ""reg_lambda"": 0.9747745324548779, ""subsample"": 0.9687161431032908, ""subsample_freq"": 1}"
2,3,163,1,0.7792781247234906,0.7630746881788569,0.06898258986562428,"{""colsample_bytree"": 0.5520381579544191, ""learning_rate"": 0.022709879940342032, ""max_depth"": 4, ""min_child_samples"": 5, ""num_leaves"": 9, ""reg_lambda"": 0.9747745324548779, ""subsample"": 0.9687161431032908, ""subsample_freq"": 1}"
2,3,175,0,0.8534068456854155,0.8507118020313786,0.07323357352455635,"{""colsample_bytree"": 0.5520381579544191, ""learning_rate"": 0.022709879940342032, ""max_depth"": 4, ""min_child_samples"": 5, ""num_leaves"": 9, ""reg_lambda"": 0.9747745324548779, ""subsample"": 0.9687161431032908, ""subsample_freq"": 1}"
2,3,178,1,0.8907341677746702,0.8741491068911502,0.038302240350404596,"{""colsample_bytree"": 0.5520381579544191, ""learning_rate"": 0.022709879940342032, ""max_depth"": 4, ""min_child_samples"": 5, ""num_leaves"": 9, ""reg_lambda"": 0.9747745324548779, ""subsample"": 0.9687161431032908, ""subsample_freq"": 1}"
2,3,187,1,0.930645286462161,0.9286609225639089,0.028681882257626825,"{""colsample_bytree"": 0.5520381579544191, ""learning_rate"": 0.022709879940342032, ""max_depth"": 4, ""min_child_samples"": 5, ""num_leaves"": 9, ""reg_lambda"": 0.9747745324548779, ""subsample"": 0.9687161431032908, ""subsample_freq"": 1}"
2,3,190,0,0.8880694242524986,0.8037282660775356,0.07170441964471969,"{""colsample_bytree"": 0.5520381579544191, ""learning_rate"": 0.022709879940342032, ""max_depth"": 4, ""min_child_samples"": 5, ""num_leaves"": 9, ""reg_lambda"": 0.9747745324548779, ""subsample"": 0.9687161431032908, ""subsample_freq"": 1}"
2,3,192,0,0.06203280350141889,0.10686426536623969,0.08599109182824252,"{""colsample_bytree"": 0.5520381579544191, ""learning_rate"": 0.022709879940342032, ""max_depth"": 4, ""min_child_samples"": 5, ""num_leaves"": 9, ""reg_lambda"": 0.9747745324548779, ""subsample"": 0.9687161431032908, ""subsample_freq"": 1}"
2,3,196,0,0.08973731201484457,0.10236686903880954,0.08440351814658881,"{""colsample_bytree"": 0.5520381579544191, ""learning_rate"": 0.022709879940342032, ""max_depth"": 4, ""min_child_samples"": 5, ""num_leaves"": 9, ""reg_lambda"": 0.9747745324548779, ""subsample"": 0.9687161431032908, ""subsample_freq"": 1}"
2,3,197,1,0.954693122912906,0.9433134425517007,0.032990852389664295,"{""colsample_bytree"": 0.5520381579544191, ""learning_rate"": 0.022709879940342032, ""max_depth"": 4, ""min_child_samples"": 5, ""num_leaves"": 9, ""reg_lambda"": 0.9747745324548779, ""subsample"": 0.9687161431032908, ""subsample_freq"": 1}"
2,3,200,1,0.934457352630381,0.9344888178552202,0.03312435921494942,"{""colsample_bytree"": 0.5520381579544191, ""learning_rate"": 0.022709879940342032, ""max_depth"": 4, ""min_child_samples"": 5, ""num_leaves"": 9, ""reg_lambda"": 0.9747745324548779, ""subsample"": 0.9687161431032908, ""subsample_freq"": 1}"
2,3,203,0,0.2423524718505485,0.2891608240527753,0.08372130532421401,"{""colsample_bytree"": 0.5520381579544191, ""learning_rate"": 0.022709879940342032, ""max_depth"": 4, ""min_child_samples"": 5, ""num_leaves"": 9, ""reg_lambda"": 0.9747745324548779, ""subsample"": 0.9687161431032908, ""subsample_freq"": 1}"
2,3,208,1,0.9417917743065695,0.8992613165171285,0.08355361263358788,"{""colsample_bytree"": 0.5520381579544191, ""learning_rate"": 0.022709879940342032, ""max_depth"": 4, ""min_child_samples"": 5, ""num_leaves"": 9, ""reg_lambda"": 0.9747745324548779, ""subsample"": 0.9687161431032908, ""subsample_freq"": 1}"
2,3,212,0,0.10330109263002056,0.12731312422625934,0.07376224820962847,"{""colsample_bytree"": 0.5520381579544191, ""learning_rate"": 0.022709879940342032, ""max_depth"": 4, ""min_child_samples"": 5, ""num_leaves"": 9, ""reg_lambda"": 0.9747745324548779, ""subsample"": 0.9687161431032908, ""subsample_freq"": 1}"
2,3,215,1,0.9778278377210754,0.9614216808054522,0.030498152244693842,"{""colsample_bytree"": 0.5520381579544191, ""learning_rate"": 0.022709879940342032, ""max_depth"": 4, ""min_child_samples"": 5, ""num_leaves"": 9, ""reg_lambda"": 0.9747745324548779, ""subsample"": 0.9687161431032908, ""subsample_freq"": 1}"
2,3,219,1,0.06975966278097435,0.10497846439277621,0.08347044506127436,"{""colsample_bytree"": 0.5520381579544191, ""learning_rate"": 0.022709879940342032, ""max_depth"": 4, ""min_child_samples"": 5, ""num_leaves"": 9, ""reg_lambda"": 0.9747745324548779, ""subsample"": 0.9687161431032908, ""subsample_freq"": 1}"
2,3,221,1,0.5627770915523584,0.5702647974502931,0.2016381336127279,"{""colsample_bytree"": 0.5520381579544191, ""learning_rate"": 0.022709879940342032, ""max_depth"": 4, ""min_child_samples"": 5, ""num_leaves"": 9, ""reg_lambda"": 0.9747745324548779, ""subsample"": 0.9687161431032908, ""subsample_freq"": 1}"
2,3,222,1,0.9639212509266344,0.9326664085743328,0.04525666348538326,"{""colsample_bytree"": 0.5520381579544191, ""learning_rate"": 0.022709879940342032, ""max_depth"": 4, ""min_child_samples"": 5, ""num_leaves"": 9, ""reg_lambda"": 0.9747745324548779, ""subsample"": 0.9687161431032908, ""subsample_freq"": 1}"
2,3,225,1,0.9047530783504756,0.8905265257833335,0.06502046080681094,"{""colsample_bytree"": 0.5520381579544191, ""learning_rate"": 0.022709879940342032, ""max_depth"": 4, ""min_child_samples"": 5, ""num_leaves"": 9, ""reg_lambda"": 0.9747745324548779, ""subsample"": 0.9687161431032908, ""subsample_freq"": 1}"
2,3,229,1,0.9554740198836538,0.9303023256663906,0.03900749775169918,"{""colsample_bytree"": 0.5520381579544191, ""learning_rate"": 0.022709879940342032, ""max_depth"": 4, ""min_child_samples"": 5, ""num_leaves"": 9, ""reg_lambda"": 0.9747745324548779, ""subsample"": 0.9687161431032908, ""subsample_freq"": 1}"
2,3,235,1,0.9594678846553947,0.9336758655779043,0.03943983690865189,"{""colsample_bytree"": 0.5520381579544191, ""learning_rate"": 0.022709879940342032, ""max_depth"": 4, ""min_child_samples"": 5, ""num_leaves"": 9, ""reg_lambda"": 0.9747745324548779, ""subsample"": 0.9687161431032908, ""subsample_freq"": 1}"
2,3,237,1,0.7240391858179267,0.7491882943685461,0.10961439859026939,"{""colsample_bytree"": 0.5520381579544191, ""learning_rate"": 0.022709879940342032, ""max_depth"": 4, ""min_child_samples"": 5, ""num_leaves"": 9, ""reg_lambda"": 0.9747745324548779, ""subsample"": 0.9687161431032908, ""subsample_freq"": 1}"
2,3,238,1,0.13432971377863004,0.1310386446811444,0.08557735557568454,"{""colsample_bytree"": 0.5520381579544191, ""learning_rate"": 0.022709879940342032, ""max_depth"": 4, ""min_child_samples"": 5, ""num_leaves"": 9, ""reg_lambda"": 0.9747745324548779, ""subsample"": 0.9687161431032908, ""subsample_freq"": 1}"
2,3,240,1,0.9823735422861614,0.9675630735558991,0.02006228342723372,"{""colsample_bytree"": 0.5520381579544191, ""learning_rate"": 0.022709879940342032, ""max_depth"": 4, ""min_child_samples"": 5, ""num_leaves"": 9, ""reg_lambda"": 0.9747745324548779, ""subsample"": 0.9687161431032908, ""subsample_freq"": 1}"
2,3,243,1,0.8856566684266779,0.8932817428820149,0.04124732449265765,"{""colsample_bytree"": 0.5520381579544191, ""learning_rate"": 0.022709879940342032, ""max_depth"": 4, ""min_child_samples"": 5, ""num_leaves"": 9, ""reg_lambda"": 0.9747745324548779, ""subsample"": 0.9687161431032908, ""subsample_freq"": 1}"
2,3,247,0,0.05644604512389869,0.12590888148793575,0.10508734392448671,"{""colsample_bytree"": 0.5520381579544191, ""learning_rate"": 0.022709879940342032, ""max_depth"": 4, ""min_child_samples"": 5, ""num_leaves"": 9, ""reg_lambda"": 0.9747745324548779, ""subsample"": 0.9687161431032908, ""subsample_freq"": 1}"
2,3,250,1,0.955060819130663,0.9588572027178042,0.023417115535457975,"{""colsample_bytree"": 0.5520381579544191, ""learning_rate"": 0.022709879940342032, ""max_depth"": 4, ""min_child_samples"": 5, ""num_leaves"": 9, ""reg_lambda"": 0.9747745324548779, ""subsample"": 0.9687161431032908, ""subsample_freq"": 1}"
2,3,253,1,0.7854914860900659,0.684371992084513,0.14056971887780054,"{""colsample_bytree"": 0.5520381579544191, ""learning_rate"": 0.022709879940342032, ""max_depth"": 4, ""min_child_samples"": 5, ""num_leaves"": 9, ""reg_lambda"": 0.9747745324548779, ""subsample"": 0.9687161431032908, ""subsample_freq"": 1}"
2,3,259,1,0.924528628679218,0.8780771586863312,0.0744945365427028,"{""colsample_bytree"": 0.5520381579544191, ""learning_rate"": 0.022709879940342032, ""max_depth"": 4, ""min_child_samples"": 5, ""num_leaves"": 9, ""reg_lambda"": 0.9747745324548779, ""subsample"": 0.9687161431032908, ""subsample_freq"": 1}"
2,3,261,0,0.03846273921918166,0.05628246121987694,0.05313282324145813,"{""colsample_bytree"": 0.5520381579544191, ""learning_rate"": 0.022709879940342032, ""max_depth"": 4, ""min_child_samples"": 5, ""num_leaves"": 9, ""reg_lambda"": 0.9747745324548779, ""subsample"": 0.9687161431032908, ""subsample_freq"": 1}"
2,3,273,1,0.9783727045557126,0.9668932519591801,0.01831227559124811,"{""colsample_bytree"": 0.5520381579544191, ""learning_rate"": 0.022709879940342032, ""max_depth"": 4, ""min_child_samples"": 5, ""num_leaves"": 9, ""reg_lambda"": 0.9747745324548779, ""subsample"": 0.9687161431032908, ""subsample_freq"": 1}"
2,3,279,1,0.9344946812647217,0.8833741749678481,0.07636898925479955,"{""colsample_bytree"": 0.5520381579544191, ""learning_rate"": 0.022709879940342032, ""max_depth"": 4, ""min_child_samples"": 5, ""num_leaves"": 9, ""reg_lambda"": 0.9747745324548779, ""subsample"": 0.9687161431032908, ""subsample_freq"": 1}"
2,3,283,1,0.724582005345564,0.5654971181878914,0.1785720218468249,"{""colsample_bytree"": 0.5520381579544191, ""learning_rate"": 0.022709879940342032, ""max_depth"": 4, ""min_child_samples"": 5, ""num_leaves"": 9, ""reg_lambda"": 0.9747745324548779, ""subsample"": 0.9687161431032908, ""subsample_freq"": 1}"
2,3,287,0,0.52520182076825,0.5133075772607031,0.15713519211004756,"{""colsample_bytree"": 0.5520381579544191, ""learning_rate"": 0.022709879940342032, ""max_depth"": 4, ""min_child_samples"": 5, ""num_leaves"": 9, ""reg_lambda"": 0.9747745324548779, ""subsample"": 0.9687161431032908, ""subsample_freq"": 1}"
2,3,298,1,0.8718399181966335,0.8550403166596613,0.04629992371842832,"{""colsample_bytree"": 0.5520381579544191, ""learning_rate"": 0.022709879940342032, ""max_depth"": 4, ""min_child_samples"": 5, ""num_leaves"": 9, ""reg_lambda"": 0.9747745324548779, ""subsample"": 0.9687161431032908, ""subsample_freq"": 1}"
2,3,299,0,0.13096559077732423,0.1733235421331698,0.13355611453894414,"{""colsample_bytree"": 0.5520381579544191, ""learning_rate"": 0.022709879940342032, ""max_depth"": 4, ""min_child_samples"": 5, ""num_leaves"": 9, ""reg_lambda"": 0.9747745324548779, ""subsample"": 0.9687161431032908, ""subsample_freq"": 1}"
2,4,0,1,0.6962684484503759,0.6362192854446947,0.0648674927688036,"{""colsample_bytree"": 0.7266423604759673, ""learning_rate"": 0.04089741953531975, ""max_depth"": 2, ""min_child_samples"": 27, ""num_leaves"": 12, ""reg_lambda"": 0.12283151374012719, ""subsample"": 0.8933307030717017, ""subsample_freq"": 1}"
2,4,9,1,0.9812241955532127,0.960380937311345,0.017264847211788163,"{""colsample_bytree"": 0.7266423604759673, ""learning_rate"": 0.04089741953531975, ""max_depth"": 2, ""min_child_samples"": 27, ""num_leaves"": 12, ""reg_lambda"": 0.12283151374012719, ""subsample"": 0.8933307030717017, ""subsample_freq"": 1}"
2,4,11,1,0.9959412429039745,0.9889494899386758,0.006508373217876754,"{""colsample_bytree"": 0.7266423604759673, ""learning_rate"": 0.04089741953531975, ""max_depth"": 2, ""min_child_samples"": 27, ""num_leaves"": 12, ""reg_lambda"": 0.12283151374012719, ""subsample"": 0.8933307030717017, ""subsample_freq"": 1}"
2,4,16,0,0.17058122264310147,0.22008152857143845,0.07925513063405035,"{""colsample_bytree"": 0.7266423604759673, ""learning_rate"": 0.04089741953531975, ""max_depth"": 2, ""min_child_samples"": 27, ""num_leaves"": 12, ""reg_lambda"": 0.12283151374012719, ""subsample"": 0.8933307030717017, ""subsample_freq"": 1}"
2,4,33,1,0.9908214589012165,0.9696515747521394,0.011442395603631602,"{""colsample_bytree"": 0.7266423604759673, ""learning_rate"": 0.04089741953531975, ""max_depth"": 2, ""min_child_samples"": 27, ""num_leaves"": 12, ""reg_lambda"": 0.12283151374012719, ""subsample"": 0.8933307030717017, ""subsample_freq"": 1}"
2,4,34,1,0.8429974948349601,0.7067439770614812,0.07374634619462944,"{""colsample_bytree"": 0.7266423604759673, ""learning_rate"": 0.04089741953531975, ""max_depth"": 2, ""min_child_samples"": 27, ""num_leaves"": 12, ""reg_lambda"": 0.12283151374012719, ""subsample"": 0.8933307030717017, ""subsample_freq"": 1}"
2,4,35,0,0.08419527354174774,0.15611779542483448,0.1046986370955587,"{""colsample_bytree"": 0.7266423604759673, ""learning_rate"": 0.04089741953531975, ""max_depth"": 2, ""min_child_samples"": 27, ""num_leaves"": 12, ""reg_lambda"": 0.12283151374012719, ""subsample"": 0.8933307030717017, ""subsample_freq"": 1}"
2,4,38,1,0.8317595163443765,0.6996292442022358,0.07466031794777418,"{""colsample_bytree"": 0.7266423604759673, ""learning_rate"": 0.04089741953531975, ""max_depth"": 2, ""min_child_samples"": 27, ""num_leaves"": 12, ""reg_lambda"": 0.12283151374012719, ""subsample"": 0.8933307030717017, ""subsample_freq"": 1}"
2,4,39,1,0.9926790525694728,0.9834458744878269,0.010422690054886186,"{""colsample_bytree"": 0.7266423604759673, ""learning_rate"": 0.04089741953531975, ""max_depth"": 2, ""min_child_samples"": 27, ""num_leaves"": 12, ""reg_lambda"": 0.12283151374012719, ""subsample"": 0.8933307030717017, ""subsample_freq"": 1}"
2,4,45,1,0.9746259425092763,0.9410183885901894,0.02033347904485674,"{""colsample_bytree"": 0.7266423604759673, ""learning_rate"": 0.04089741953531975, ""max_depth"": 2, ""min_child_samples"": 27, ""num_leaves"": 12, ""reg_lambda"": 0.12283151374012719, ""subsample"": 0.8933307030717017, ""subsample_freq"": 1}"
2,4,49,1,0.6774972225668333,0.6436757786277629,0.06635594634809748,"{""colsample_bytree"": 0.7266423604759673, ""learning_rate"": 0.04089741953531975, ""max_depth"": 2, ""min_child_samples"": 27, ""num_leaves"": 12, ""reg_lambda"": 0.12283151374012719, ""subsample"": 0.8933307030717017, ""subsample_freq"": 1}"
2,4,52,1,0.9843955838359161,0.9664242118892025,0.01773500204921166,"{""colsample_bytree"": 0.7266423604759673, ""learning_rate"": 0.04089741953531975, ""max_depth"": 2, ""min_child_samples"": 27, ""num_leaves"": 12, ""reg_lambda"": 0.12283151374012719, ""subsample"": 0.8933307030717017, ""subsample_freq"": 1}"
2,4,55,1,0.9850881266334397,0.9746592742949298,0.014007805991727034,"{""colsample_bytree"": 0.7266423604759673, ""learning_rate"": 0.04089741953531975, ""max_depth"": 2, ""min_child_samples"": 27, ""num_leaves"": 12, ""reg_lambda"": 0.12283151374012719, ""subsample"": 0.8933307030717017, ""subsample_freq"": 1}"
2,4,56,1,0.9548599645365954,0.9430085527944391,0.0340831203632286,"{""colsample_bytree"": 0.7266423604759673, ""learning_rate"": 0.04089741953531975, ""max_depth"": 2, ""min_child_samples"": 27, ""num_leaves"": 12, ""reg_lambda"": 0.12283151374012719, ""subsample"": 0.8933307030717017, ""subsample_freq"": 1}"
2,4,62,1,0.28290108634717487,0.3758232596936969,0.058374832320667085,"{""colsample_bytree"": 0.7266423604759673, ""learning_rate"": 0.04089741953531975, ""max_depth"": 2, ""min_child_samples"": 27, ""num_leaves"": 12, ""reg_lambda"": 0.12283151374012719, ""subsample"": 0.8933307030717017, ""subsample_freq"": 1}"
2,4,65,1,0.961826914922205,0.9367477409558834,0.019301675196928512,"{""colsample_bytree"": 0.7266423604759673, ""learning_rate"": 0.04089741953531975, ""max_depth"": 2, ""min_child_samples"": 27, ""num_leaves"": 12, ""reg_lambda"": 0.12283151374012719, ""subsample"": 0.8933307030717017, ""subsample_freq"": 1}"
2,4,67,0,0.8680504709985074,0.8542847547699479,0.05883416784576369,"{""colsample_bytree"": 0.7266423604759673, ""learning_rate"": 0.04089741953531975, ""max_depth"": 2, ""min_child_samples"": 27, ""num_leaves"": 12, ""reg_lambda"": 0.12283151374012719, ""subsample"": 0.8933307030717017, ""subsample_freq"": 1}"
2,4,76,1,0.9689648398361298,0.9590852886281436,0.015986435153049552,"{""colsample_bytree"": 0.7266423604759673, ""learning_rate"": 0.04089741953531975, ""max_depth"": 2, ""min_child_samples"": 27, ""num_leaves"": 12, ""reg_lambda"": 0.12283151374012719, ""subsample"": 0.8933307030717017, ""subsample_freq"": 1}"
2,4,80,1,0.9801202787567853,0.9615590862820685,0.010899681687133784,"{""colsample_bytree"": 0.7266423604759673, ""learning_rate"": 0.04089741953531975, ""max_depth"": 2, ""min_child_samples"": 27, ""num_leaves"": 12, ""reg_lambda"": 0.12283151374012719, ""subsample"": 0.8933307030717017, ""subsample_freq"": 1}"
2,4,81,1,0.9967768594214834,0.9826649733446728,0.009588881041259562,"{""colsample_bytree"": 0.7266423604759673, ""learning_rate"": 0.04089741953531975, ""max_depth"": 2, ""min_child_samples"": 27, ""num_leaves"": 12, ""reg_lambda"": 0.12283151374012719, ""subsample"": 0.8933307030717017, ""subsample_freq"": 1}"
2,4,89,1,0.9469473677148479,0.9363027427654217,0.030440183362035224,"{""colsample_bytree"": 0.7266423604759673, ""learning_rate"": 0.04089741953531975, ""max_depth"": 2, ""min_child_samples"": 27, ""num_leaves"": 12, ""reg_lambda"": 0.12283151374012719, ""subsample"": 0.8933307030717017, ""subsample_freq"": 1}"
2,4,99,1,0.7718020787242986,0.7514516841138976,0.06894291638419994,"{""colsample_bytree"": 0.7266423604759673, ""learning_rate"": 0.04089741953531975, ""max_depth"": 2, ""min_child_samples"": 27, ""num_leaves"": 12, ""reg_lambda"": 0.12283151374012719, ""subsample"": 0.8933307030717017, ""subsample_freq"": 1}"
2,4,102,0,0.12121412829846308,0.18187733778348777,0.07541430125581755,"{""colsample_bytree"": 0.7266423604759673, ""learning_rate"": 0.04089741953531975, ""max_depth"": 2, ""min_child_samples"": 27, ""num_leaves"": 12, ""reg_lambda"": 0.12283151374012719, ""subsample"": 0.8933307030717017, ""subsample_freq"": 1}"
2,4,105,1,0.7520373261547542,0.6656878677181428,0.10407691318892723,"{""colsample_bytree"": 0.7266423604759673, ""learning_rate"": 0.04089741953531975, ""max_depth"": 2, ""min_child_samples"": 27, ""num_leaves"": 12, ""reg_lambda"": 0.12283151374012719, ""subsample"": 0.8933307030717017, ""subsample_freq"": 1}"
2,4,109,1,0.969965962042368,0.9561343609334603,0.018695173827136154,"{""colsample_bytree"": 0.7266423604759673, ""learning_rate"": 0.04089741953531975, ""max_depth"": 2, ""min_child_samples"": 27, ""num_leaves"": 12, ""reg_lambda"": 0.12283151374012719, ""subsample"": 0.8933307030717017, ""subsample_freq"": 1}"
2,4,121,1,0.7601104526925637,0.7445487244630387,0.06843923398280714,"{""colsample_bytree"": 0.7266423604759673, ""learning_rate"": 0.04089741953531975, ""max_depth"": 2, ""min_child_samples"": 27, ""num_leaves"": 12, ""reg_lambda"": 0.12283151374012719, ""subsample"": 0.8933307030717017, ""subsample_freq"": 1}"
2,4,127,1,0.9919687551612456,0.9756631676793113,0.012600873342657685,"{""colsample_bytree"": 0.7266423604759673, ""learning_rate"": 0.04089741953531975, ""max_depth"": 2, ""min_child_samples"": 27, ""num_leaves"": 12, ""reg_lambda"": 0.12283151374012719, ""subsample"": 0.8933307030717017, ""subsample_freq"": 1}"
2,4,133,0,0.40060350192621313,0.5448125995811889,0.02624425630213572,"{""colsample_bytree"": 0.7266423604759673, ""learning_rate"": 0.04089741953531975, ""max_depth"": 2, ""min_child_samples"": 27, ""num_leaves"": 12, ""reg_lambda"": 0.12283151374012719, ""subsample"": 0.8933307030717017, ""subsample_freq"": 1}"
2,4,134,1,0.9603927689255666,0.9339284956757918,0.022205228602744674,"{""colsample_bytree"": 0.7266423604759673, ""learning_rate"": 0.04089741953531975, ""max_depth"": 2, ""min_child_samples"": 27, ""num_leaves"": 12, ""reg_lambda"": 0.12283151374012719, ""subsample"": 0.8933307030717017, ""subsample_freq"": 1}"
2,4,136,0,0.18616595955854,0.26753669055958523,0.05458229737442585,"{""colsample_bytree"": 0.7266423604759673, ""learning_rate"": 0.04089741953531975, ""max_depth"": 2, ""min_child_samples"": 27, ""num_leaves"": 12, ""reg_lambda"": 0.12283151374012719, ""subsample"": 0.8933307030717017, ""subsample_freq"": 1}"
2,4,137,0,0.11388670066392285,0.1565010781196688,0.04459578146753625,"{""colsample_bytree"": 0.7266423604759673, ""learning_rate"": 0.04089741953531975, ""max_depth"": 2, ""min_child_samples"": 27, ""num_leaves"": 12, ""reg_lambda"": 0.12283151374012719, ""subsample"": 0.8933307030717017, ""subsample_freq"": 1}"
2,4,139,1,0.9727283235764455,0.966236879539454,0.012880934260209047,"{""colsample_bytree"": 0.7266423604759673, ""learning_rate"": 0.04089741953531975, ""max_depth"": 2, ""min_child_samples"": 27, ""num_leaves"": 12, ""reg_lambda"": 0.12283151374012719, ""subsample"": 0.8933307030717017, ""subsample_freq"": 1}"
2,4,151,0,0.6400394011202121,0.6106898673899608,0.1168489453397652,"{""colsample_bytree"": 0.7266423604759673, ""learning_rate"": 0.04089741953531975, ""max_depth"": 2, ""min_child_samples"": 27, ""num_leaves"": 12, ""reg_lambda"": 0.12283151374012719, ""subsample"": 0.8933307030717017, ""subsample_freq"": 1}"
2,4,161,1,0.9907565112250029,0.9747398970584635,0.012580608217528579,"{""colsample_bytree"": 0.7266423604759673, ""learning_rate"": 0.04089741953531975, ""max_depth"": 2, ""min_child_samples"": 27, ""num_leaves"": 12, ""reg_lambda"": 0.12283151374012719, ""subsample"": 0.8933307030717017, ""subsample_freq"": 1}"
2,4,167,1,0.979090962798078,0.9635021376996356,0.01648026285009142,"{""colsample_bytree"": 0.7266423604759673, ""learning_rate"": 0.04089741953531975, ""max_depth"": 2, ""min_child_samples"": 27, ""num_leaves"": 12, ""reg_lambda"": 0.12283151374012719, ""subsample"": 0.8933307030717017, ""subsample_freq"": 1}"
2,4,168,0,0.05261527162880882,0.11271385915809837,0.06080024665880351,"{""colsample_bytree"": 0.7266423604759673, ""learning_rate"": 0.04089741953531975, ""max_depth"": 2, ""min_child_samples"": 27, ""num_leaves"": 12, ""reg_lambda"": 0.12283151374012719, ""subsample"": 0.8933307030717017, ""subsample_freq"": 1}"
2,4,180,1,0.33679187356229523,0.36572093427789676,0.12081582596499679,"{""colsample_bytree"": 0.7266423604759673, ""learning_rate"": 0.04089741953531975, ""max_depth"": 2, ""min_child_samples"": 27, ""num_leaves"": 12, ""reg_lambda"": 0.12283151374012719, ""subsample"": 0.8933307030717017, ""subsample_freq"": 1}"
2,4,181,1,0.9658894086018662,0.9446306498109605,0.027547808564235943,"{""colsample_bytree"": 0.7266423604759673, ""learning_rate"": 0.04089741953531975, ""max_depth"": 2, ""min_child_samples"": 27, ""num_leaves"": 12, ""reg_lambda"": 0.12283151374012719, ""subsample"": 0.8933307030717017, ""subsample_freq"": 1}"
2,4,183,0,0.8369032682781177,0.8282711941204445,0.05087267453031541,"{""colsample_bytree"": 0.7266423604759673, ""learning_rate"": 0.04089741953531975, ""max_depth"": 2, ""min_child_samples"": 27, ""num_leaves"": 12, ""reg_lambda"": 0.12283151374012719, ""subsample"": 0.8933307030717017, ""subsample_freq"": 1}"
2,4,205,1,0.2878558951503453,0.3057296431479869,0.05858849259616102,"{""colsample_bytree"": 0.7266423604759673, ""learning_rate"": 0.04089741953531975, ""max_depth"": 2, ""min_child_samples"": 27, ""num_leaves"": 12, ""reg_lambda"": 0.12283151374012719, ""subsample"": 0.8933307030717017, ""subsample_freq"": 1}"
2,4,206,1,0.9481082228560238,0.9387683007127636,0.022349025464066558,"{""colsample_bytree"": 0.7266423604759673, ""learning_rate"": 0.04089741953531975, ""max_depth"": 2, ""min_child_samples"": 27, ""num_leaves"": 12, ""reg_lambda"": 0.12283151374012719, ""subsample"": 0.8933307030717017, ""subsample_freq"": 1}"
2,4,207,1,0.8950402133686133,0.8525920223206697,0.046659974342874916,"{""colsample_bytree"": 0.7266423604759673, ""learning_rate"": 0.04089741953531975, ""max_depth"": 2, ""min_child_samples"": 27, ""num_leaves"": 12, ""reg_lambda"": 0.12283151374012719, ""subsample"": 0.8933307030717017, ""subsample_freq"": 1}"
2,4,210,0,0.11557018742284009,0.20679154564792687,0.061419679028909914,"{""colsample_bytree"": 0.7266423604759673, ""learning_rate"": 0.04089741953531975, ""max_depth"": 2, ""min_child_samples"": 27, ""num_leaves"": 12, ""reg_lambda"": 0.12283151374012719, ""subsample"": 0.8933307030717017, ""subsample_freq"": 1}"
2,4,217,0,0.32825410385706916,0.3671791235658817,0.05367229236967826,"{""colsample_bytree"": 0.7266423604759673, ""learning_rate"": 0.04089741953531975, ""max_depth"": 2, ""min_child_samples"": 27, ""num_leaves"": 12, ""reg_lambda"": 0.12283151374012719, ""subsample"": 0.8933307030717017, ""subsample_freq"": 1}"
2,4,227,1,0.841404238495022,0.8399042295225909,0.03843152327059838,"{""colsample_bytree"": 0.7266423604759673, ""learning_rate"": 0.04089741953531975, ""max_depth"": 2, ""min_child_samples"": 27, ""num_leaves"": 12, ""reg_lambda"": 0.12283151374012719, ""subsample"": 0.8933307030717017, ""subsample_freq"": 1}"
2,4,228,1,0.883524368330581,0.8413394736936668,0.09544415159020295,"{""colsample_bytree"": 0.7266423604759673, ""learning_rate"": 0.04089741953531975, ""max_depth"": 2, ""min_child_samples"": 27, ""num_leaves"": 12, ""reg_lambda"": 0.12283151374012719, ""subsample"": 0.8933307030717017, ""subsample_freq"": 1}"
2,4,230,1,0.9974482044159391,0.9915776481489246,0.00351318035765516,"{""colsample_bytree"": 0.7266423604759673, ""learning_rate"": 0.04089741953531975, ""max_depth"": 2, ""min_child_samples"": 27, ""num_leaves"": 12, ""reg_lambda"": 0.12283151374012719, ""subsample"": 0.8933307030717017, ""subsample_freq"": 1}"
2,4,232,1,0.9606785666907384,0.9268739580641483,0.0338529880552876,"{""colsample_bytree"": 0.7266423604759673, ""learning_rate"": 0.04089741953531975, ""max_depth"": 2, ""min_child_samples"": 27, ""num_leaves"": 12, ""reg_lambda"": 0.12283151374012719, ""subsample"": 0.8933307030717017, ""subsample_freq"": 1}"
2,4,233,0,0.5359294180232381,0.5445750107531135,0.0672801525000943,"{""colsample_bytree"": 0.7266423604759673, ""learning_rate"": 0.04089741953531975, ""max_depth"": 2, ""min_child_samples"": 27, ""num_leaves"": 12, ""reg_lambda"": 0.12283151374012719, ""subsample"": 0.8933307030717017, ""subsample_freq"": 1}"
2,4,245,1,0.6718835566442679,0.5961143115587808,0.11793910996734092,"{""colsample_bytree"": 0.7266423604759673, ""learning_rate"": 0.04089741953531975, ""max_depth"": 2, ""min_child_samples"": 27, ""num_leaves"": 12, ""reg_lambda"": 0.12283151374012719, ""subsample"": 0.8933307030717017, ""subsample_freq"": 1}"
2,4,252,1,0.9512553113275196,0.8984826641932644,0.018185948387423993,"{""colsample_bytree"": 0.7266423604759673, ""learning_rate"": 0.04089741953531975, ""max_depth"": 2, ""min_child_samples"": 27, ""num_leaves"": 12, ""reg_lambda"": 0.12283151374012719, ""subsample"": 0.8933307030717017, ""subsample_freq"": 1}"
2,4,255,0,0.14756600432758624,0.22312828163311926,0.02888398083437302,"{""colsample_bytree"": 0.7266423604759673, ""learning_rate"": 0.04089741953531975, ""max_depth"": 2, ""min_child_samples"": 27, ""num_leaves"": 12, ""reg_lambda"": 0.12283151374012719, ""subsample"": 0.8933307030717017, ""subsample_freq"": 1}"
2,4,260,1,0.9743273775401347,0.9566912265229093,0.02602170152190421,"{""colsample_bytree"": 0.7266423604759673, ""learning_rate"": 0.04089741953531975, ""max_depth"": 2, ""min_child_samples"": 27, ""num_leaves"": 12, ""reg_lambda"": 0.12283151374012719, ""subsample"": 0.8933307030717017, ""subsample_freq"": 1}"
2,4,266,1,0.8603349306808911,0.8801072817087412,0.017269146174384367,"{""colsample_bytree"": 0.7266423604759673, ""learning_rate"": 0.04089741953531975, ""max_depth"": 2, ""min_child_samples"": 27, ""num_leaves"": 12, ""reg_lambda"": 0.12283151374012719, ""subsample"": 0.8933307030717017, ""subsample_freq"": 1}"
2,4,269,1,0.974759681542225,0.943732376400898,0.025001120625684818,"{""colsample_bytree"": 0.7266423604759673, ""learning_rate"": 0.04089741953531975, ""max_depth"": 2, ""min_child_samples"": 27, ""num_leaves"": 12, ""reg_lambda"": 0.12283151374012719, ""subsample"": 0.8933307030717017, ""subsample_freq"": 1}"
2,4,274,1,0.995605829117668,0.9876715080575572,0.007353043359851588,"{""colsample_bytree"": 0.7266423604759673, ""learning_rate"": 0.04089741953531975, ""max_depth"": 2, ""min_child_samples"": 27, ""num_leaves"": 12, ""reg_lambda"": 0.12283151374012719, ""subsample"": 0.8933307030717017, ""subsample_freq"": 1}"
2,4,277,1,0.9860654987653364,0.9746906494709939,0.011982084379829866,"{""colsample_bytree"": 0.7266423604759673, ""learning_rate"": 0.04089741953531975, ""max_depth"": 2, ""min_child_samples"": 27, ""num_leaves"": 12, ""reg_lambda"": 0.12283151374012719, ""subsample"": 0.8933307030717017, ""subsample_freq"": 1}"
2,4,285,0,0.3623615597014348,0.3571557461022656,0.11348691752924596,"{""colsample_bytree"": 0.7266423604759673, ""learning_rate"": 0.04089741953531975, ""max_depth"": 2, ""min_child_samples"": 27, ""num_leaves"": 12, ""reg_lambda"": 0.12283151374012719, ""subsample"": 0.8933307030717017, ""subsample_freq"": 1}"
2,4,289,0,0.15885912659087878,0.1804513021637461,0.03930259676427622,"{""colsample_bytree"": 0.7266423604759673, ""learning_rate"": 0.04089741953531975, ""max_depth"": 2, ""min_child_samples"": 27, ""num_leaves"": 12, ""reg_lambda"": 0.12283151374012719, ""subsample"": 0.8933307030717017, ""subsample_freq"": 1}"
2,4,291,0,0.24242323633441734,0.3425958467104119,0.06765072762234524,"{""colsample_bytree"": 0.7266423604759673, ""learning_rate"": 0.04089741953531975, ""max_depth"": 2, ""min_child_samples"": 27, ""num_leaves"": 12, ""reg_lambda"": 0.12283151374012719, ""subsample"": 0.8933307030717017, ""subsample_freq"": 1}"
3,0,3,0,0.44600807778669066,0.4282781928550522,0.17038584429610687,"{""colsample_bytree"": 0.9673816582060524, ""learning_rate"": 0.016231041727730985, ""max_depth"": 3, ""min_child_samples"": 10, ""num_leaves"": 4, ""reg_lambda"": 0.17963569460164433, ""subsample"": 0.8647996876522416, ""subsample_freq"": 1}"
3,0,5,1,0.8618404079968393,0.875129913343373,0.02263164796536754,"{""colsample_bytree"": 0.9673816582060524, ""learning_rate"": 0.016231041727730985, ""max_depth"": 3, ""min_child_samples"": 10, ""num_leaves"": 4, ""reg_lambda"": 0.17963569460164433, ""subsample"": 0.8647996876522416, ""subsample_freq"": 1}"
3,0,24,1,0.9159929781295877,0.9248492228557492,0.04303289592002024,"{""colsample_bytree"": 0.9673816582060524, ""learning_rate"": 0.016231041727730985, ""max_depth"": 3, ""min_child_samples"": 10, ""num_leaves"": 4, ""reg_lambda"": 0.17963569460164433, ""subsample"": 0.8647996876522416, ""subsample_freq"": 1}"
3,0,26,0,0.34907045034797357,0.32762044833266224,0.15393387238784575,"{""colsample_bytree"": 0.9673816582060524, ""learning_rate"": 0.016231041727730985, ""max_depth"": 3, ""min_child_samples"": 10, ""num_leaves"": 4, ""reg_lambda"": 0.17963569460164433, ""subsample"": 0.8647996876522416, ""subsample_freq"": 1}"
3,0,27,1,0.37940204284956475,0.3553597416567674,0.12086360980959523,"{""colsample_bytree"": 0.9673816582060524, ""learning_rate"": 0.016231041727730985, ""max_depth"": 3, ""min_child_samples"": 10, ""num_leaves"": 4, ""reg_lambda"": 0.17963569460164433, ""subsample"": 0.8647996876522416, ""subsample_freq"": 1}"
3,0,31,1,0.925572123628792,0.9324107702778386,0.024718152491124877,"{""colsample_bytree"": 0.9673816582060524, ""learning_rate"": 0.016231041727730985, ""max_depth"": 3, ""min_child_samples"": 10, ""num_leaves"": 4, ""reg_lambda"": 0.17963569460164433, ""subsample"": 0.8647996876522416, ""subsample_freq"": 1}"
3,0,42,0,0.1153964838206299,0.09596701024059892,0.05819080274927374,"{""colsample_bytree"": 0.9673816582060524, ""learning_rate"": 0.016231041727730985, ""max_depth"": 3, ""min_child_samples"": 10, ""num_leaves"": 4, ""reg_lambda"": 0.17963569460164433, ""subsample"": 0.8647996876522416, ""subsample_freq"": 1}"
3,0,45,1,0.9213493659730286,0.9354791792137626,0.037534369754390506,"{""colsample_bytree"": 0.9673816582060524, ""learning_rate"": 0.016231041727730985, ""max_depth"": 3, ""min_child_samples"": 10, ""num_leaves"": 4, ""reg_lambda"": 0.17963569460164433, ""subsample"": 0.8647996876522416, ""subsample_freq"": 1}"
3,0,48,0,0.15801434062797332,0.10987800897705077,0.06665362103810003,"{""colsample_bytree"": 0.9673816582060524, ""learning_rate"": 0.016231041727730985, ""max_depth"": 3, ""min_child_samples"": 10, ""num_leaves"": 4, ""reg_lambda"": 0.17963569460164433, ""subsample"": 0.8647996876522416, ""subsample_freq"": 1}"
3,0,50,1,0.7970931343662219,0.7489865512451468,0.09319339160376501,"{""colsample_bytree"": 0.9673816582060524, ""learning_rate"": 0.016231041727730985, ""max_depth"": 3, ""min_child_samples"": 10, ""num_leaves"": 4, ""reg_lambda"": 0.17963569460164433, ""subsample"": 0.8647996876522416, ""subsample_freq"": 1}"
3,0,53,1,0.5516071660667853,0.5205936490427284,0.1552659602908198,"{""colsample_bytree"": 0.9673816582060524, ""learning_rate"": 0.016231041727730985, ""max_depth"": 3, ""min_child_samples"": 10, ""num_leaves"": 4, ""reg_lambda"": 0.17963569460164433, ""subsample"": 0.8647996876522416, ""subsample_freq"": 1}"
3,0,64,0,0.2672916475692328,0.26427094476346513,0.12930476599294252,"{""colsample_bytree"": 0.9673816582060524, ""learning_rate"": 0.016231041727730985, ""max_depth"": 3, ""min_child_samples"": 10, ""num_leaves"": 4, ""reg_lambda"": 0.17963569460164433, ""subsample"": 0.8647996876522416, ""subsample_freq"": 1}"
3,0,66,1,0.9649547467513677,0.9694296182451826,0.029533993267928094,"{""colsample_bytree"": 0.9673816582060524, ""learning_rate"": 0.016231041727730985, ""max_depth"": 3, ""min_child_samples"": 10, ""num_leaves"": 4, ""reg_lambda"": 0.17963569460164433, ""subsample"": 0.8647996876522416, ""subsample_freq"": 1}"
3,0,68,0,0.3535571049439314,0.34291535836852527,0.0768974181714309,"{""colsample_bytree"": 0.9673816582060524, ""learning_rate"": 0.016231041727730985, ""max_depth"": 3, ""min_child_samples"": 10, ""num_leaves"": 4, ""reg_lambda"": 0.17963569460164433, ""subsample"": 0.8647996876522416, ""subsample_freq"": 1}"
3,0,82,1,0.8689884350763122,0.8750559048145808,0.06559060513763826,"{""colsample_bytree"": 0.9673816582060524, ""learning_rate"": 0.016231041727730985, ""max_depth"": 3, ""min_child_samples"": 10, ""num_leaves"": 4, ""reg_lambda"": 0.17963569460164433, ""subsample"": 0.8647996876522416, ""subsample_freq"": 1}"
3,0,84,1,0.9200212922628457,0.9330616390046238,0.049035299726841654,"{""colsample_bytree"": 0.9673816582060524, ""learning_rate"": 0.016231041727730985, ""max_depth"": 3, ""min_child_samples"": 10, ""num_leaves"": 4, ""reg_lambda"": 0.17963569460164433, ""subsample"": 0.8647996876522416, ""subsample_freq"": 1}"
3,0,89,1,0.944227531527253,0.9578337297043367,0.027100050287704194,"{""colsample_bytree"": 0.9673816582060524, ""learning_rate"": 0.016231041727730985, ""max_depth"": 3, ""min_child_samples"": 10, ""num_leaves"": 4, ""reg_lambda"": 0.17963569460164433, ""subsample"": 0.8647996876522416, ""subsample_freq"": 1}"
3,0,93,0,0.9437948660086294,0.9527803477167442,0.029134572827019405,"{""colsample_bytree"": 0.9673816582060524, ""learning_rate"": 0.016231041727730985, ""max_depth"": 3, ""min_child_samples"": 10, ""num_leaves"": 4, ""reg_lambda"": 0.17963569460164433, ""subsample"": 0.8647996876522416, ""subsample_freq"": 1}"
3,0,103,1,0.958832849240923,0.9692578456986324,0.027864952800826653,"{""colsample_bytree"": 0.9673816582060524, ""learning_rate"": 0.016231041727730985, ""max_depth"": 3, ""min_child_samples"": 10, ""num_leaves"": 4, ""reg_lambda"": 0.17963569460164433, ""subsample"": 0.8647996876522416, ""subsample_freq"": 1}"
3,0,104,1,0.7469363486143379,0.7585063784932877,0.05086467159806732,"{""colsample_bytree"": 0.9673816582060524, ""learning_rate"": 0.016231041727730985, ""max_depth"": 3, ""min_child_samples"": 10, ""num_leaves"": 4, ""reg_lambda"": 0.17963569460164433, ""subsample"": 0.8647996876522416, ""subsample_freq"": 1}"
3,0,106,1,0.8523342569232487,0.8853965320532102,0.017222886767977855,"{""colsample_bytree"": 0.9673816582060524, ""learning_rate"": 0.016231041727730985, ""max_depth"": 3, ""min_child_samples"": 10, ""num_leaves"": 4, ""reg_lambda"": 0.17963569460164433, ""subsample"": 0.8647996876522416, ""subsample_freq"": 1}"
3,0,110,1,0.4925288434601468,0.4204668887645089,0.1144198933598658,"{""colsample_bytree"": 0.9673816582060524, ""learning_rate"": 0.016231041727730985, ""max_depth"": 3, ""min_child_samples"": 10, ""num_leaves"": 4, ""reg_lambda"": 0.17963569460164433, ""subsample"": 0.8647996876522416, ""subsample_freq"": 1}"
3,0,112,1,0.8995148583454501,0.916698732148228,0.015570972588274305,"{""colsample_bytree"": 0.9673816582060524, ""learning_rate"": 0.016231041727730985, ""max_depth"": 3, ""min_child_samples"": 10, ""num_leaves"": 4, ""reg_lambda"": 0.17963569460164433, ""subsample"": 0.8647996876522416, ""subsample_freq"": 1}"
3,0,116,1,0.9626832106118461,0.9669505707721496,0.028296262049779006,"{""colsample_bytree"": 0.9673816582060524, ""learning_rate"": 0.016231041727730985, ""max_depth"": 3, ""min_child_samples"": 10, ""num_leaves"": 4, ""reg_lambda"": 0.17963569460164433, ""subsample"": 0.8647996876522416, ""subsample_freq"": 1}"
3,0,118,1,0.9278702894962276,0.9462287152085634,0.04495038782297895,"{""colsample_bytree"": 0.9673816582060524, ""learning_rate"": 0.016231041727730985, ""max_depth"": 3, ""min_child_samples"": 10, ""num_leaves"": 4, ""reg_lambda"": 0.17963569460164433, ""subsample"": 0.8647996876522416, ""subsample_freq"": 1}"
3,0,129,0,0.4085785121515376,0.3281325486263573,0.1178247619950216,"{""colsample_bytree"": 0.9673816582060524, ""learning_rate"": 0.016231041727730985, ""max_depth"": 3, ""min_child_samples"": 10, ""num_leaves"": 4, ""reg_lambda"": 0.17963569460164433, ""subsample"": 0.8647996876522416, ""subsample_freq"": 1}"
3,0,131,1,0.965168997695853,0.9682118822592767,0.029155108218341372,"{""colsample_bytree"": 0.9673816582060524, ""learning_rate"": 0.016231041727730985, ""max_depth"": 3, ""min_child_samples"": 10, ""num_leaves"": 4, ""reg_lambda"": 0.17963569460164433, ""subsample"": 0.8647996876522416, ""subsample_freq"": 1}"
3,0,134,1,0.8618859381157837,0.8970390852569686,0.022650248641097086,"{""colsample_bytree"": 0.9673816582060524, ""learning_rate"": 0.016231041727730985, ""max_depth"": 3, ""min_child_samples"": 10, ""num_leaves"": 4, ""reg_lambda"": 0.17963569460164433, ""subsample"": 0.8647996876522416, ""subsample_freq"": 1}"
3,0,139,1,0.9441553628460215,0.9577663443504078,0.026483866192574326,"{""colsample_bytree"": 0.9673816582060524, ""learning_rate"": 0.016231041727730985, ""max_depth"": 3, ""min_child_samples"": 10, ""num_leaves"": 4, ""reg_lambda"": 0.17963569460164433, ""subsample"": 0.8647996876522416, ""subsample_freq"": 1}"
3,0,145,1,0.7967625180123463,0.829563868917903,0.108298475010123,"{""colsample_bytree"": 0.9673816582060524, ""learning_rate"": 0.016231041727730985, ""max_depth"": 3, ""min_child_samples"": 10, ""num_leaves"": 4, ""reg_lambda"": 0.17963569460164433, ""subsample"": 0.8647996876522416, ""subsample_freq"": 1}"
3,0,149,1,0.8752914860774312,0.9032209213684684,0.031777273133117394,"{""colsample_bytree"": 0.9673816582060524, ""learning_rate"": 0.016231041727730985, ""max_depth"": 3, ""min_child_samples"": 10, ""num_leaves"": 4, ""reg_lambda"": 0.17963569460164433, ""subsample"": 0.8647996876522416, ""subsample_freq"": 1}"
3,0,155,1,0.9597782771605108,0.9613612245691545,0.03245250773221662,"{""colsample_bytree"": 0.9673816582060524, ""learning_rate"": 0.016231041727730985, ""max_depth"": 3, ""min_child_samples"": 10, ""num_leaves"": 4, ""reg_lambda"": 0.17963569460164433, ""subsample"": 0.8647996876522416, ""subsample_freq"": 1}"
3,0,171,1,0.8399166972053839,0.8856369493068745,0.03406654188231064,"{""colsample_bytree"": 0.9673816582060524, ""learning_rate"": 0.016231041727730985, ""max_depth"": 3, ""min_child_samples"": 10, ""num_leaves"": 4, ""reg_lambda"": 0.17963569460164433, ""subsample"": 0.8647996876522416, ""subsample_freq"": 1}"
3,0,172,1,0.9321053318164686,0.92907843786811,0.04967163516310271,"{""colsample_bytree"": 0.9673816582060524, ""learning_rate"": 0.016231041727730985, ""max_depth"": 3, ""min_child_samples"": 10, ""num_leaves"": 4, ""reg_lambda"": 0.17963569460164433, ""subsample"": 0.8647996876522416, ""subsample_freq"": 1}"
3,0,181,1,0.938266731447999,0.9531308063781211,0.03525671491283606,"{""colsample_bytree"": 0.9673816582060524, ""learning_rate"": 0.016231041727730985, ""max_depth"": 3, ""min_child_samples"": 10, ""num_leaves"": 4, ""reg_lambda"": 0.17963569460164433, ""subsample"": 0.8647996876522416, ""subsample_freq"": 1}"
3,0,186,0,0.7414686832562927,0.7528947445869063,0.09985712718089015,"{""colsample_bytree"": 0.9673816582060524, ""learning_rate"": 0.016231041727730985, ""max_depth"": 3, ""min_child_samples"": 10, ""num_leaves"": 4, ""reg_lambda"": 0.17963569460164433, ""subsample"": 0.8647996876522416, ""subsample_freq"": 1}"
3,0,187,1,0.9402555060695564,0.9486226928223512,0.03169062249995071,"{""colsample_bytree"": 0.9673816582060524, ""learning_rate"": 0.016231041727730985, ""max_depth"": 3, ""min_child_samples"": 10, ""num_leaves"": 4, ""reg_lambda"": 0.17963569460164433, ""subsample"": 0.8647996876522416, ""subsample_freq"": 1}"
3,0,188,1,0.7481133996492016,0.7115951254165421,0.1240610124474312,"{""colsample_bytree"": 0.9673816582060524, ""learning_rate"": 0.016231041727730985, ""max_depth"": 3, ""min_child_samples"": 10, ""num_leaves"": 4, ""reg_lambda"": 0.17963569460164433, ""subsample"": 0.8647996876522416, ""subsample_freq"": 1}"
3,0,191,1,0.8835103871472508,0.9175231620531493,0.04364946430941644,"{""colsample_bytree"": 0.9673816582060524, ""learning_rate"": 0.016231041727730985, ""max_depth"": 3, ""min_child_samples"": 10, ""num_leaves"": 4, ""reg_lambda"": 0.17963569460164433, ""subsample"": 0.8647996876522416, ""subsample_freq"": 1}"
3,0,196,0,0.18271077869997032,0.13726925287470532,0.07177613544781822,"{""colsample_bytree"": 0.9673816582060524, ""learning_rate"": 0.016231041727730985, ""max_depth"": 3, ""min_child_samples"": 10, ""num_leaves"": 4, ""reg_lambda"": 0.17963569460164433, ""subsample"": 0.8647996876522416, ""subsample_freq"": 1}"
3,0,202,1,0.965439502096684,0.966716918935133,0.027531401853299012,"{""colsample_bytree"": 0.9673816582060524, ""learning_rate"": 0.016231041727730985, ""max_depth"": 3, ""min_child_samples"": 10, ""num_leaves"": 4, ""reg_lambda"": 0.17963569460164433, ""subsample"": 0.8647996876522416, ""subsample_freq"": 1}"
3,0,205,1,0.26302121805777084,0.23278927465103574,0.09716565701728443,"{""colsample_bytree"": 0.9673816582060524, ""learning_rate"": 0.016231041727730985, ""max_depth"": 3, ""min_child_samples"": 10, ""num_leaves"": 4, ""reg_lambda"": 0.17963569460164433, ""subsample"": 0.8647996876522416, ""subsample_freq"": 1}"
3,0,209,1,0.9093215156959837,0.9345140781673141,0.02548512931259839,"{""colsample_bytree"": 0.9673816582060524, ""learning_rate"": 0.016231041727730985, ""max_depth"": 3, ""min_child_samples"": 10, ""num_leaves"": 4, ""reg_lambda"": 0.17963569460164433, ""subsample"": 0.8647996876522416, ""subsample_freq"": 1}"
3,0,210,0,0.17136987927839586,0.11458835392362483,0.07144558893278498,"{""colsample_bytree"": 0.9673816582060524, ""learning_rate"": 0.016231041727730985, ""max_depth"": 3, ""min_child_samples"": 10, ""num_leaves"": 4, ""reg_lambda"": 0.17963569460164433, ""subsample"": 0.8647996876522416, ""subsample_freq"": 1}"
3,0,212,0,0.09810743816859051,0.09332683076312745,0.07592706684280015,"{""colsample_bytree"": 0.9673816582060524, ""learning_rate"": 0.016231041727730985, ""max_depth"": 3, ""min_child_samples"": 10, ""num_leaves"": 4, ""reg_lambda"": 0.17963569460164433, ""subsample"": 0.8647996876522416, ""subsample_freq"": 1}"
3,0,220,1,0.77635995277662,0.7879810539778059,0.05306055574531225,"{""colsample_bytree"": 0.9673816582060524, ""learning_rate"": 0.016231041727730985, ""max_depth"": 3, ""min_child_samples"": 10, ""num_leaves"": 4, ""reg_lambda"": 0.17963569460164433, ""subsample"": 0.8647996876522416, ""subsample_freq"": 1}"
3,0,221,1,0.5339083533333753,0.5734564653781116,0.13211220030570633,"{""colsample_bytree"": 0.9673816582060524, ""learning_rate"": 0.016231041727730985, ""max_depth"": 3, ""min_child_samples"": 10, ""num_leaves"": 4, ""reg_lambda"": 0.17963569460164433, ""subsample"": 0.8647996876522416, ""subsample_freq"": 1}"
3,0,227,1,0.7821199383774808,0.8077638544206577,0.026987531393958493,"{""colsample_bytree"": 0.9673816582060524, ""learning_rate"": 0.016231041727730985, ""max_depth"": 3, ""min_child_samples"": 10, ""num_leaves"": 4, ""reg_lambda"": 0.17963569460164433, ""subsample"": 0.8647996876522416, ""subsample_freq"": 1}"
3,0,243,1,0.91492605967031,0.9374152566193142,0.02688823230711555,"{""colsample_bytree"": 0.9673816582060524, ""learning_rate"": 0.016231041727730985, ""max_depth"": 3, ""min_child_samples"": 10, ""num_leaves"": 4, ""reg_lambda"": 0.17963569460164433, ""subsample"": 0.8647996876522416, ""subsample_freq"": 1}"
3,0,245,1,0.5509913202186656,0.5398491343209267,0.1527890718143817,"{""colsample_bytree"": 0.9673816582060524, ""learning_rate"": 0.016231041727730985, ""max_depth"": 3, ""min_child_samples"": 10, ""num_leaves"": 4, ""reg_lambda"": 0.17963569460164433, ""subsample"": 0.8647996876522416, ""subsample_freq"": 1}"
3,0,246,1,0.9591379177026675,0.9620753441538433,0.03670473678947288,"{""colsample_bytree"": 0.9673816582060524, ""learning_rate"": 0.016231041727730985, ""max_depth"": 3, ""min_child_samples"": 10, ""num_leaves"": 4, ""reg_lambda"": 0.17963569460164433, ""subsample"": 0.8647996876522416, ""subsample_freq"": 1}"
3,0,248,1,0.9688497275139046,0.9715561947613723,0.02639619988680214,"{""colsample_bytree"": 0.9673816582060524, ""learning_rate"": 0.016231041727730985, ""max_depth"": 3, ""min_child_samples"": 10, ""num_leaves"": 4, ""reg_lambda"": 0.17963569460164433, ""subsample"": 0.8647996876522416, ""subsample_freq"": 1}"
3,0,257,0,0.3103054674095772,0.2823977267169683,0.13646768421978414,"{""colsample_bytree"": 0.9673816582060524, ""learning_rate"": 0.016231041727730985, ""max_depth"": 3, ""min_child_samples"": 10, ""num_leaves"": 4, ""reg_lambda"": 0.17963569460164433, ""subsample"": 0.8647996876522416, ""subsample_freq"": 1}"
3,0,267,1,0.9278198165548743,0.931611194114242,0.03257603855804592,"{""colsample_bytree"": 0.9673816582060524, ""learning_rate"": 0.016231041727730985, ""max_depth"": 3, ""min_child_samples"": 10, ""num_leaves"": 4, ""reg_lambda"": 0.17963569460164433, ""subsample"": 0.8647996876522416, ""subsample_freq"": 1}"
3,0,268,0,0.7825721616953989,0.6620245214817034,0.1199579425540532,"{""colsample_bytree"": 0.9673816582060524, ""learning_rate"": 0.016231041727730985, ""max_depth"": 3, ""min_child_samples"": 10, ""num_leaves"": 4, ""reg_lambda"": 0.17963569460164433, ""subsample"": 0.8647996876522416, ""subsample_freq"": 1}"
3,0,274,1,0.9651356782127245,0.9690439487051836,0.031240157593371034,"{""colsample_bytree"": 0.9673816582060524, ""learning_rate"": 0.016231041727730985, ""max_depth"": 3, ""min_child_samples"": 10, ""num_leaves"": 4, ""reg_lambda"": 0.17963569460164433, ""subsample"": 0.8647996876522416, ""subsample_freq"": 1}"
3,0,278,1,0.952909019508158,0.9584806260964077,0.028831207092988486,"{""colsample_bytree"": 0.9673816582060524, ""learning_rate"": 0.016231041727730985, ""max_depth"": 3, ""min_child_samples"": 10, ""num_leaves"": 4, ""reg_lambda"": 0.17963569460164433, ""subsample"": 0.8647996876522416, ""subsample_freq"": 1}"
3,0,291,0,0.49536315676189197,0.43719668463255273,0.14968490146211247,"{""colsample_bytree"": 0.9673816582060524, ""learning_rate"": 0.016231041727730985, ""max_depth"": 3, ""min_child_samples"": 10, ""num_leaves"": 4, ""reg_lambda"": 0.17963569460164433, ""subsample"": 0.8647996876522416, ""subsample_freq"": 1}"
3,0,293,0,0.316357187167469,0.3106824968462738,0.1720661346589831,"{""colsample_bytree"": 0.9673816582060524, ""learning_rate"": 0.016231041727730985, ""max_depth"": 3, ""min_child_samples"": 10, ""num_leaves"": 4, ""reg_lambda"": 0.17963569460164433, ""subsample"": 0.8647996876522416, ""subsample_freq"": 1}"
3,0,301,0,0.20490687164173746,0.21149531961200158,0.12950402241224662,"{""colsample_bytree"": 0.9673816582060524, ""learning_rate"": 0.016231041727730985, ""max_depth"": 3, ""min_child_samples"": 10, ""num_leaves"": 4, ""reg_lambda"": 0.17963569460164433, ""subsample"": 0.8647996876522416, ""subsample_freq"": 1}"
3,0,302,1,0.8098349445558325,0.818858106067138,0.03439023924138404,"{""colsample_bytree"": 0.9673816582060524, ""learning_rate"": 0.016231041727730985, ""max_depth"": 3, ""min_child_samples"": 10, ""num_leaves"": 4, ""reg_lambda"": 0.17963569460164433, ""subsample"": 0.8647996876522416, ""subsample_freq"": 1}"
3,1,7,1,0.9475210148153356,0.906054593344771,0.05882663126459902,"{""colsample_bytree"": 0.8410061327312376, ""learning_rate"": 0.022908607000137776, ""max_depth"": 2, ""min_child_samples"": 8, ""num_leaves"": 7, ""reg_lambda"": 0.41404143269996413, ""subsample"": 0.9957255932076566, ""subsample_freq"": 1}"
3,1,13,1,0.9405094901402016,0.931542265396635,0.04082469413611198,"{""colsample_bytree"": 0.8410061327312376, ""learning_rate"": 0.022908607000137776, ""max_depth"": 2, ""min_child_samples"": 8, ""num_leaves"": 7, ""reg_lambda"": 0.41404143269996413, ""subsample"": 0.9957255932076566, ""subsample_freq"": 1}"
3,1,19,1,0.9867007820245925,0.9833977567963675,0.012664823894681055,"{""colsample_bytree"": 0.8410061327312376, ""learning_rate"": 0.022908607000137776, ""max_depth"": 2, ""min_child_samples"": 8, ""num_leaves"": 7, ""reg_lambda"": 0.41404143269996413, ""subsample"": 0.9957255932076566, ""subsample_freq"": 1}"
3,1,21,1,0.9054509504773619,0.9123890002197719,0.029182045169483594,"{""colsample_bytree"": 0.8410061327312376, ""learning_rate"": 0.022908607000137776, ""max_depth"": 2, ""min_child_samples"": 8, ""num_leaves"": 7, ""reg_lambda"": 0.41404143269996413, ""subsample"": 0.9957255932076566, ""subsample_freq"": 1}"
3,1,22,1,0.9500457998662895,0.9359641642620238,0.03001230217875806,"{""colsample_bytree"": 0.8410061327312376, ""learning_rate"": 0.022908607000137776, ""max_depth"": 2, ""min_child_samples"": 8, ""num_leaves"": 7, ""reg_lambda"": 0.41404143269996413, ""subsample"": 0.9957255932076566, ""subsample_freq"": 1}"
3,1,28,1,0.9734707514908431,0.9732273785913492,0.019997835306962544,"{""colsample_bytree"": 0.8410061327312376, ""learning_rate"": 0.022908607000137776, ""max_depth"": 2, ""min_child_samples"": 8, ""num_leaves"": 7, ""reg_lambda"": 0.41404143269996413, ""subsample"": 0.9957255932076566, ""subsample_freq"": 1}"
3,1,44,1,0.7708554214581433,0.7743789471214535,0.04468556471882981,"{""colsample_bytree"": 0.8410061327312376, ""learning_rate"": 0.022908607000137776, ""max_depth"": 2, ""min_child_samples"": 8, ""num_leaves"": 7, ""reg_lambda"": 0.41404143269996413, ""subsample"": 0.9957255932076566, ""subsample_freq"": 1}"
3,1,46,1,0.9648938300606262,0.9527246900689423,0.03726367191979963,"{""colsample_bytree"": 0.8410061327312376, ""learning_rate"": 0.022908607000137776, ""max_depth"": 2, ""min_child_samples"": 8, ""num_leaves"": 7, ""reg_lambda"": 0.41404143269996413, ""subsample"": 0.9957255932076566, ""subsample_freq"": 1}"
3,1,47,1,0.9708534619023464,0.9465381044532075,0.04866854036624291,"{""colsample_bytree"": 0.8410061327312376, ""learning_rate"": 0.022908607000137776, ""max_depth"": 2, ""min_child_samples"": 8, ""num_leaves"": 7, ""reg_lambda"": 0.41404143269996413, ""subsample"": 0.9957255932076566, ""subsample_freq"": 1}"
3,1,49,1,0.7678415394256424,0.7343910568153593,0.1659430426423279,"{""colsample_bytree"": 0.8410061327312376, ""learning_rate"": 0.022908607000137776, ""max_depth"": 2, ""min_child_samples"": 8, ""num_leaves"": 7, ""reg_lambda"": 0.41404143269996413, ""subsample"": 0.9957255932076566, ""subsample_freq"": 1}"
3,1,55,1,0.9636908806222506,0.9730519607428997,0.017037002390386136,"{""colsample_bytree"": 0.8410061327312376, ""learning_rate"": 0.022908607000137776, ""max_depth"": 2, ""min_child_samples"": 8, ""num_leaves"": 7, ""reg_lambda"": 0.41404143269996413, ""subsample"": 0.9957255932076566, ""subsample_freq"": 1}"
3,1,59,1,0.9541067652453183,0.9600033895506737,0.022680964456877537,"{""colsample_bytree"": 0.8410061327312376, ""learning_rate"": 0.022908607000137776, ""max_depth"": 2, ""min_child_samples"": 8, ""num_leaves"": 7, ""reg_lambda"": 0.41404143269996413, ""subsample"": 0.9957255932076566, ""subsample_freq"": 1}"
3,1,62,1,0.20941544865157202,0.19833452443817495,0.09730459253867187,"{""colsample_bytree"": 0.8410061327312376, ""learning_rate"": 0.022908607000137776, ""max_depth"": 2, ""min_child_samples"": 8, ""num_leaves"": 7, ""reg_lambda"": 0.41404143269996413, ""subsample"": 0.9957255932076566, ""subsample_freq"": 1}"
3,1,72,1,0.8337432169895163,0.8146095620346763,0.09591165792613474,"{""colsample_bytree"": 0.8410061327312376, ""learning_rate"": 0.022908607000137776, ""max_depth"": 2, ""min_child_samples"": 8, ""num_leaves"": 7, ""reg_lambda"": 0.41404143269996413, ""subsample"": 0.9957255932076566, ""subsample_freq"": 1}"
3,1,74,1,0.9831532501782795,0.9760475076601025,0.02007455067674478,"{""colsample_bytree"": 0.8410061327312376, ""learning_rate"": 0.022908607000137776, ""max_depth"": 2, ""min_child_samples"": 8, ""num_leaves"": 7, ""reg_lambda"": 0.41404143269996413, ""subsample"": 0.9957255932076566, ""subsample_freq"": 1}"
3,1,76,1,0.9720705904644001,0.9687892390185737,0.023377318175060165,"{""colsample_bytree"": 0.8410061327312376, ""learning_rate"": 0.022908607000137776, ""max_depth"": 2, ""min_child_samples"": 8, ""num_leaves"": 7, ""reg_lambda"": 0.41404143269996413, ""subsample"": 0.9957255932076566, ""subsample_freq"": 1}"
3,1,77,1,0.829614253083708,0.8138888981732741,0.13798652152450705,"{""colsample_bytree"": 0.8410061327312376, ""learning_rate"": 0.022908607000137776, ""max_depth"": 2, ""min_child_samples"": 8, ""num_leaves"": 7, ""reg_lambda"": 0.41404143269996413, ""subsample"": 0.9957255932076566, ""subsample_freq"": 1}"
3,1,79,0,0.27358373448666173,0.26104042725664817,0.0994319476532319,"{""colsample_bytree"": 0.8410061327312376, ""learning_rate"": 0.022908607000137776, ""max_depth"": 2, ""min_child_samples"": 8, ""num_leaves"": 7, ""reg_lambda"": 0.41404143269996413, ""subsample"": 0.9957255932076566, ""subsample_freq"": 1}"
3,1,90,1,0.8836937191035951,0.8339818741019547,0.12952446475762733,"{""colsample_bytree"": 0.8410061327312376, ""learning_rate"": 0.022908607000137776, ""max_depth"": 2, ""min_child_samples"": 8, ""num_leaves"": 7, ""reg_lambda"": 0.41404143269996413, ""subsample"": 0.9957255932076566, ""subsample_freq"": 1}"
3,1,98,1,0.9790641459793353,0.965990087610435,0.03035569539130739,"{""colsample_bytree"": 0.8410061327312376, ""learning_rate"": 0.022908607000137776, ""max_depth"": 2, ""min_child_samples"": 8, ""num_leaves"": 7, ""reg_lambda"": 0.41404143269996413, ""subsample"": 0.9957255932076566, ""subsample_freq"": 1}"
3,1,108,0,0.34620508425530155,0.35032932018011975,0.09052448387187469,"{""colsample_bytree"": 0.8410061327312376, ""learning_rate"": 0.022908607000137776, ""max_depth"": 2, ""min_child_samples"": 8, ""num_leaves"": 7, ""reg_lambda"": 0.41404143269996413, ""subsample"": 0.9957255932076566, ""subsample_freq"": 1}"
3,1,109,1,0.9773744377301182,0.9666005744448583,0.03513814581021064,"{""colsample_bytree"": 0.8410061327312376, ""learning_rate"": 0.022908607000137776, ""max_depth"": 2, ""min_child_samples"": 8, ""num_leaves"": 7, ""reg_lambda"": 0.41404143269996413, ""subsample"": 0.9957255932076566, ""subsample_freq"": 1}"
3,1,124,1,0.7227928645387081,0.685806565749705,0.09491984021320815,"{""colsample_bytree"": 0.8410061327312376, ""learning_rate"": 0.022908607000137776, ""max_depth"": 2, ""min_child_samples"": 8, ""num_leaves"": 7, ""reg_lambda"": 0.41404143269996413, ""subsample"": 0.9957255932076566, ""subsample_freq"": 1}"
3,1,127,1,0.9463673011707853,0.9547499056723122,0.02977777497246058,"{""colsample_bytree"": 0.8410061327312376, ""learning_rate"": 0.022908607000137776, ""max_depth"": 2, ""min_child_samples"": 8, ""num_leaves"": 7, ""reg_lambda"": 0.41404143269996413, ""subsample"": 0.9957255932076566, ""subsample_freq"": 1}"
3,1,137,0,0.12446661614240369,0.13857514667247203,0.08188996292885983,"{""colsample_bytree"": 0.8410061327312376, ""learning_rate"": 0.022908607000137776, ""max_depth"": 2, ""min_child_samples"": 8, ""num_leaves"": 7, ""reg_lambda"": 0.41404143269996413, ""subsample"": 0.9957255932076566, ""subsample_freq"": 1}"
3,1,140,1,0.9618314682780608,0.9573165981653112,0.03391129059191228,"{""colsample_bytree"": 0.8410061327312376, ""learning_rate"": 0.022908607000137776, ""max_depth"": 2, ""min_child_samples"": 8, ""num_leaves"": 7, ""reg_lambda"": 0.41404143269996413, ""subsample"": 0.9957255932076566, ""subsample_freq"": 1}"
3,1,144,1,0.9567253433740326,0.891365751781587,0.11779051126171718,"{""colsample_bytree"": 0.8410061327312376, ""learning_rate"": 0.022908607000137776, ""max_depth"": 2, ""min_child_samples"": 8, ""num_leaves"": 7, ""reg_lambda"": 0.41404143269996413, ""subsample"": 0.9957255932076566, ""subsample_freq"": 1}"
3,1,150,0,0.7484532279402781,0.7561968778859537,0.06558117181141974,"{""colsample_bytree"": 0.8410061327312376, ""learning_rate"": 0.022908607000137776, ""max_depth"": 2, ""min_child_samples"": 8, ""num_leaves"": 7, ""reg_lambda"": 0.41404143269996413, ""subsample"": 0.9957255932076566, ""subsample_freq"": 1}"
3,1,151,0,0.8121311933771425,0.7282684119994679,0.13377194573476478,"{""colsample_bytree"": 0.8410061327312376, ""learning_rate"": 0.022908607000137776, ""max_depth"": 2, ""min_child_samples"": 8, ""num_leaves"": 7, ""reg_lambda"": 0.41404143269996413, ""subsample"": 0.9957255932076566, ""subsample_freq"": 1}"
3,1,154,1,0.6851473353339522,0.698782405540775,0.12344707874986469,"{""colsample_bytree"": 0.8410061327312376, ""learning_rate"": 0.022908607000137776, ""max_depth"": 2, ""min_child_samples"": 8, ""num_leaves"": 7, ""reg_lambda"": 0.41404143269996413, ""subsample"": 0.9957255932076566, ""subsample_freq"": 1}"
3,1,160,1,0.9154715948798767,0.8925871129973016,0.08363468266808373,"{""colsample_bytree"": 0.8410061327312376, ""learning_rate"": 0.022908607000137776, ""max_depth"": 2, ""min_child_samples"": 8, ""num_leaves"": 7, ""reg_lambda"": 0.41404143269996413, ""subsample"": 0.9957255932076566, ""subsample_freq"": 1}"
3,1,162,1,0.8680454442711223,0.885636222226486,0.04642845911132734,"{""colsample_bytree"": 0.8410061327312376, ""learning_rate"": 0.022908607000137776, ""max_depth"": 2, ""min_child_samples"": 8, ""num_leaves"": 7, ""reg_lambda"": 0.41404143269996413, ""subsample"": 0.9957255932076566, ""subsample_freq"": 1}"
3,1,163,1,0.6194365220670105,0.595628243031135,0.0712615740725004,"{""colsample_bytree"": 0.8410061327312376, ""learning_rate"": 0.022908607000137776, ""max_depth"": 2, ""min_child_samples"": 8, ""num_leaves"": 7, ""reg_lambda"": 0.41404143269996413, ""subsample"": 0.9957255932076566, ""subsample_freq"": 1}"
3,1,169,0,0.20419153332681403,0.22256909818299123,0.12621122454815834,"{""colsample_bytree"": 0.8410061327312376, ""learning_rate"": 0.022908607000137776, ""max_depth"": 2, ""min_child_samples"": 8, ""num_leaves"": 7, ""reg_lambda"": 0.41404143269996413, ""subsample"": 0.9957255932076566, ""subsample_freq"": 1}"
3,1,173,1,0.9650649606328247,0.9644037390647396,0.027172640453388686,"{""colsample_bytree"": 0.8410061327312376, ""learning_rate"": 0.022908607000137776, ""max_depth"": 2, ""min_child_samples"": 8, ""num_leaves"": 7, ""reg_lambda"": 0.41404143269996413, ""subsample"": 0.9957255932076566, ""subsample_freq"": 1}"
3,1,175,0,0.8109693138004919,0.7993894801878199,0.06719389200823017,"{""colsample_bytree"": 0.8410061327312376, ""learning_rate"": 0.022908607000137776, ""max_depth"": 2, ""min_child_samples"": 8, ""num_leaves"": 7, ""reg_lambda"": 0.41404143269996413, ""subsample"": 0.9957255932076566, ""subsample_freq"": 1}"
3,1,176,1,0.2697244065604957,0.3253499383338707,0.1411965499985154,"{""colsample_bytree"": 0.8410061327312376, ""learning_rate"": 0.022908607000137776, ""max_depth"": 2, ""min_child_samples"": 8, ""num_leaves"": 7, ""reg_lambda"": 0.41404143269996413, ""subsample"": 0.9957255932076566, ""subsample_freq"": 1}"
3,1,177,1,0.9544323041894076,0.9379295788022948,0.03885917947073529,"{""colsample_bytree"": 0.8410061327312376, ""learning_rate"": 0.022908607000137776, ""max_depth"": 2, ""min_child_samples"": 8, ""num_leaves"": 7, ""reg_lambda"": 0.41404143269996413, ""subsample"": 0.9957255932076566, ""subsample_freq"": 1}"
3,1,178,1,0.8890332714692523,0.9071139281459324,0.0271329831766933,"{""colsample_bytree"": 0.8410061327312376, ""learning_rate"": 0.022908607000137776, ""max_depth"": 2, ""min_child_samples"": 8, ""num_leaves"": 7, ""reg_lambda"": 0.41404143269996413, ""subsample"": 0.9957255932076566, ""subsample_freq"": 1}"
3,1,183,0,0.8740818506821408,0.9089194076794979,0.031501082697623105,"{""colsample_bytree"": 0.8410061327312376, ""learning_rate"": 0.022908607000137776, ""max_depth"": 2, ""min_child_samples"": 8, ""num_leaves"": 7, ""reg_lambda"": 0.41404143269996413, ""subsample"": 0.9957255932076566, ""subsample_freq"": 1}"
3,1,193,0,0.6794989876469129,0.691536514246116,0.162192378871592,"{""colsample_bytree"": 0.8410061327312376, ""learning_rate"": 0.022908607000137776, ""max_depth"": 2, ""min_child_samples"": 8, ""num_leaves"": 7, ""reg_lambda"": 0.41404143269996413, ""subsample"": 0.9957255932076566, ""subsample_freq"": 1}"
3,1,195,1,0.7473215948222718,0.846118354730565,0.04769370347186828,"{""colsample_bytree"": 0.8410061327312376, ""learning_rate"": 0.022908607000137776, ""max_depth"": 2, ""min_child_samples"": 8, ""num_leaves"": 7, ""reg_lambda"": 0.41404143269996413, ""subsample"": 0.9957255932076566, ""subsample_freq"": 1}"
3,1,201,0,0.2771331803244856,0.29770691046574693,0.1324378318939867,"{""colsample_bytree"": 0.8410061327312376, ""learning_rate"": 0.022908607000137776, ""max_depth"": 2, ""min_child_samples"": 8, ""num_leaves"": 7, ""reg_lambda"": 0.41404143269996413, ""subsample"": 0.9957255932076566, ""subsample_freq"": 1}"
3,1,203,0,0.28463018233894877,0.24558667540978912,0.10131565240276205,"{""colsample_bytree"": 0.8410061327312376, ""learning_rate"": 0.022908607000137776, ""max_depth"": 2, ""min_child_samples"": 8, ""num_leaves"": 7, ""reg_lambda"": 0.41404143269996413, ""subsample"": 0.9957255932076566, ""subsample_freq"": 1}"
3,1,204,0,0.8490086642167707,0.8455564293929914,0.034694946911364176,"{""colsample_bytree"": 0.8410061327312376, ""learning_rate"": 0.022908607000137776, ""max_depth"": 2, ""min_child_samples"": 8, ""num_leaves"": 7, ""reg_lambda"": 0.41404143269996413, ""subsample"": 0.9957255932076566, ""subsample_freq"": 1}"
3,1,211,1,0.7283956931855378,0.7501844311178949,0.13740755027812238,"{""colsample_bytree"": 0.8410061327312376, ""learning_rate"": 0.022908607000137776, ""max_depth"": 2, ""min_child_samples"": 8, ""num_leaves"": 7, ""reg_lambda"": 0.41404143269996413, ""subsample"": 0.9957255932076566, ""subsample_freq"": 1}"
3,1,217,0,0.44519727339306686,0.42933479208081116,0.1658787781380987,"{""colsample_bytree"": 0.8410061327312376, ""learning_rate"": 0.022908607000137776, ""max_depth"": 2, ""min_child_samples"": 8, ""num_leaves"": 7, ""reg_lambda"": 0.41404143269996413, ""subsample"": 0.9957255932076566, ""subsample_freq"": 1}"
3,1,222,1,0.9535411117625485,0.9199966237086639,0.07303551471901129,"{""colsample_bytree"": 0.8410061327312376, ""learning_rate"": 0.022908607000137776, ""max_depth"": 2, ""min_child_samples"": 8, ""num_leaves"": 7, ""reg_lambda"": 0.41404143269996413, ""subsample"": 0.9957255932076566, ""subsample_freq"": 1}"
3,1,233,0,0.6368706988354584,0.6002065030897716,0.15943636328336963,"{""colsample_bytree"": 0.8410061327312376, ""learning_rate"": 0.022908607000137776, ""max_depth"": 2, ""min_child_samples"": 8, ""num_leaves"": 7, ""reg_lambda"": 0.41404143269996413, ""subsample"": 0.9957255932076566, ""subsample_freq"": 1}"
3,1,239,1,0.9844004293320191,0.9718142650005991,0.017565305759103804,"{""colsample_bytree"": 0.8410061327312376, ""learning_rate"": 0.022908607000137776, ""max_depth"": 2, ""min_child_samples"": 8, ""num_leaves"": 7, ""reg_lambda"": 0.41404143269996413, ""subsample"": 0.9957255932076566, ""subsample_freq"": 1}"
3,1,242,1,0.9506619735875533,0.919414723908474,0.08373936780138953,"{""colsample_bytree"": 0.8410061327312376, ""learning_rate"": 0.022908607000137776, ""max_depth"": 2, ""min_child_samples"": 8, ""num_leaves"": 7, ""reg_lambda"": 0.41404143269996413, ""subsample"": 0.9957255932076566, ""subsample_freq"": 1}"
3,1,247,0,0.1763855518469656,0.17180359168232492,0.07651275497798603,"{""colsample_bytree"": 0.8410061327312376, ""learning_rate"": 0.022908607000137776, ""max_depth"": 2, ""min_child_samples"": 8, ""num_leaves"": 7, ""reg_lambda"": 0.41404143269996413, ""subsample"": 0.9957255932076566, ""subsample_freq"": 1}"
3,1,251,1,0.2364170369802335,0.3190364962753642,0.14843178761481604,"{""colsample_bytree"": 0.8410061327312376, ""learning_rate"": 0.022908607000137776, ""max_depth"": 2, ""min_child_samples"": 8, ""num_leaves"": 7, ""reg_lambda"": 0.41404143269996413, ""subsample"": 0.9957255932076566, ""subsample_freq"": 1}"
3,1,260,1,0.9472885494784341,0.95348663053872,0.03356532903472636,"{""colsample_bytree"": 0.8410061327312376, ""learning_rate"": 0.022908607000137776, ""max_depth"": 2, ""min_child_samples"": 8, ""num_leaves"": 7, ""reg_lambda"": 0.41404143269996413, ""subsample"": 0.9957255932076566, ""subsample_freq"": 1}"
3,1,265,1,0.9057758142951376,0.9280459301309654,0.022664425619158667,"{""colsample_bytree"": 0.8410061327312376, ""learning_rate"": 0.022908607000137776, ""max_depth"": 2, ""min_child_samples"": 8, ""num_leaves"": 7, ""reg_lambda"": 0.41404143269996413, ""subsample"": 0.9957255932076566, ""subsample_freq"": 1}"
3,1,271,1,0.9213268622034907,0.9199330045365988,0.04389297524069791,"{""colsample_bytree"": 0.8410061327312376, ""learning_rate"": 0.022908607000137776, ""max_depth"": 2, ""min_child_samples"": 8, ""num_leaves"": 7, ""reg_lambda"": 0.41404143269996413, ""subsample"": 0.9957255932076566, ""subsample_freq"": 1}"
3,1,283,1,0.5465001843450021,0.4853829451443518,0.12760986289293078,"{""colsample_bytree"": 0.8410061327312376, ""learning_rate"": 0.022908607000137776, ""max_depth"": 2, ""min_child_samples"": 8, ""num_leaves"": 7, ""reg_lambda"": 0.41404143269996413, ""subsample"": 0.9957255932076566, ""subsample_freq"": 1}"
3,1,289,0,0.4820118674923163,0.44465283663477323,0.04471029917329097,"{""colsample_bytree"": 0.8410061327312376, ""learning_rate"": 0.022908607000137776, ""max_depth"": 2, ""min_child_samples"": 8, ""num_leaves"": 7, ""reg_lambda"": 0.41404143269996413, ""subsample"": 0.9957255932076566, ""subsample_freq"": 1}"
3,1,292,0,0.5380896396482204,0.512379707775791,0.15378905046282274,"{""colsample_bytree"": 0.8410061327312376, ""learning_rate"": 0.022908607000137776, ""max_depth"": 2, ""min_child_samples"": 8, ""num_leaves"": 7, ""reg_lambda"": 0.41404143269996413, ""subsample"": 0.9957255932076566, ""subsample_freq"": 1}"
3,1,298,1,0.9236622484953012,0.9116654931475614,0.049896930422432456,"{""colsample_bytree"": 0.8410061327312376, ""learning_rate"": 0.022908607000137776, ""max_depth"": 2, ""min_child_samples"": 8, ""num_leaves"": 7, ""reg_lambda"": 0.41404143269996413, ""subsample"": 0.9957255932076566, ""subsample_freq"": 1}"
3,1,299,0,0.1354664735520923,0.14421022994881633,0.07439325944854296,"{""colsample_bytree"": 0.8410061327312376, ""learning_rate"": 0.022908607000137776, ""max_depth"": 2, ""min_child_samples"": 8, ""num_leaves"": 7, ""reg_lambda"": 0.41404143269996413, ""subsample"": 0.9957255932076566, ""subsample_freq"": 1}"
3,2,10,1,0.9838142928849473,0.9145337958443776,0.03645202808598734,"{""colsample_bytree"": 0.7177293221048564, ""learning_rate"": 0.17554842395046125, ""max_depth"": 2, ""min_child_samples"": 10, ""num_leaves"": 6, ""reg_lambda"": 0.8823978590115872, ""subsample"": 0.761017343146138, ""subsample_freq"": 1}"
3,2,11,1,0.9999864864214378,0.9856616984339425,0.017014015606976223,"{""colsample_bytree"": 0.7177293221048564, ""learning_rate"": 0.17554842395046125, ""max_depth"": 2, ""min_child_samples"": 10, ""num_leaves"": 6, ""reg_lambda"": 0.8823978590115872, ""subsample"": 0.761017343146138, ""subsample_freq"": 1}"
3,2,14,1,0.6702303808484753,0.5991409120394248,0.11629084421894868,"{""colsample_bytree"": 0.7177293221048564, ""learning_rate"": 0.17554842395046125, ""max_depth"": 2, ""min_child_samples"": 10, ""num_leaves"": 6, ""reg_lambda"": 0.8823978590115872, ""subsample"": 0.761017343146138, ""subsample_freq"": 1}"
3,2,25,1,0.9997081092706064,0.9758755337133513,0.01658832768317704,"{""colsample_bytree"": 0.7177293221048564, ""learning_rate"": 0.17554842395046125, ""max_depth"": 2, ""min_child_samples"": 10, ""num_leaves"": 6, ""reg_lambda"": 0.8823978590115872, ""subsample"": 0.761017343146138, ""subsample_freq"": 1}"
3,2,30,1,0.9994261721923671,0.9565893643580441,0.017876670237388818,"{""colsample_bytree"": 0.7177293221048564, ""learning_rate"": 0.17554842395046125, ""max_depth"": 2, ""min_child_samples"": 10, ""num_leaves"": 6, ""reg_lambda"": 0.8823978590115872, ""subsample"": 0.761017343146138, ""subsample_freq"": 1}"
3,2,32,1,0.9997418674827824,0.9657934384242035,0.011268705327931412,"{""colsample_bytree"": 0.7177293221048564, ""learning_rate"": 0.17554842395046125, ""max_depth"": 2, ""min_child_samples"": 10, ""num_leaves"": 6, ""reg_lambda"": 0.8823978590115872, ""subsample"": 0.761017343146138, ""subsample_freq"": 1}"
3,2,37,1,0.674504815098452,0.60002446742524,0.1288198748314684,"{""colsample_bytree"": 0.7177293221048564, ""learning_rate"": 0.17554842395046125, ""max_depth"": 2, ""min_child_samples"": 10, ""num_leaves"": 6, ""reg_lambda"": 0.8823978590115872, ""subsample"": 0.761017343146138, ""subsample_freq"": 1}"
3,2,39,1,0.9999326963363677,0.9903732178663945,0.00904061155286748,"{""colsample_bytree"": 0.7177293221048564, ""learning_rate"": 0.17554842395046125, ""max_depth"": 2, ""min_child_samples"": 10, ""num_leaves"": 6, ""reg_lambda"": 0.8823978590115872, ""subsample"": 0.761017343146138, ""subsample_freq"": 1}"
3,2,51,1,0.998556445531332,0.9629981862282797,0.01113748380990554,"{""colsample_bytree"": 0.7177293221048564, ""learning_rate"": 0.17554842395046125, ""max_depth"": 2, ""min_child_samples"": 10, ""num_leaves"": 6, ""reg_lambda"": 0.8823978590115872, ""subsample"": 0.761017343146138, ""subsample_freq"": 1}"
3,2,63,1,0.9943805637833238,0.8690166007577,0.09986301088961028,"{""colsample_bytree"": 0.7177293221048564, ""learning_rate"": 0.17554842395046125, ""max_depth"": 2, ""min_child_samples"": 10, ""num_leaves"": 6, ""reg_lambda"": 0.8823978590115872, ""subsample"": 0.761017343146138, ""subsample_freq"": 1}"
3,2,70,0,0.12450769487261908,0.24898709590400392,0.09743869150469547,"{""colsample_bytree"": 0.7177293221048564, ""learning_rate"": 0.17554842395046125, ""max_depth"": 2, ""min_child_samples"": 10, ""num_leaves"": 6, ""reg_lambda"": 0.8823978590115872, ""subsample"": 0.761017343146138, ""subsample_freq"": 1}"
3,2,71,1,0.9878246788040158,0.9332041436765636,0.014410958744413513,"{""colsample_bytree"": 0.7177293221048564, ""learning_rate"": 0.17554842395046125, ""max_depth"": 2, ""min_child_samples"": 10, ""num_leaves"": 6, ""reg_lambda"": 0.8823978590115872, ""subsample"": 0.761017343146138, ""subsample_freq"": 1}"
3,2,78,1,0.96634048562043,0.8005535613194841,0.07947488998593163,"{""colsample_bytree"": 0.7177293221048564, ""learning_rate"": 0.17554842395046125, ""max_depth"": 2, ""min_child_samples"": 10, ""num_leaves"": 6, ""reg_lambda"": 0.8823978590115872, ""subsample"": 0.761017343146138, ""subsample_freq"": 1}"
3,2,85,1,0.9340078565699639,0.7206415845307327,0.14354002486301554,"{""colsample_bytree"": 0.7177293221048564, ""learning_rate"": 0.17554842395046125, ""max_depth"": 2, ""min_child_samples"": 10, ""num_leaves"": 6, ""reg_lambda"": 0.8823978590115872, ""subsample"": 0.761017343146138, ""subsample_freq"": 1}"
3,2,86,1,0.9879621940907324,0.9044375720537653,0.04118369846540018,"{""colsample_bytree"": 0.7177293221048564, ""learning_rate"": 0.17554842395046125, ""max_depth"": 2, ""min_child_samples"": 10, ""num_leaves"": 6, ""reg_lambda"": 0.8823978590115872, ""subsample"": 0.761017343146138, ""subsample_freq"": 1}"
3,2,87,1,0.9990470742615207,0.9641648965845665,0.04383964955681474,"{""colsample_bytree"": 0.7177293221048564, ""learning_rate"": 0.17554842395046125, ""max_depth"": 2, ""min_child_samples"": 10, ""num_leaves"": 6, ""reg_lambda"": 0.8823978590115872, ""subsample"": 0.761017343146138, ""subsample_freq"": 1}"
3,2,91,0,0.26317586930227016,0.3486442316155184,0.08067704602449195,"{""colsample_bytree"": 0.7177293221048564, ""learning_rate"": 0.17554842395046125, ""max_depth"": 2, ""min_child_samples"": 10, ""num_leaves"": 6, ""reg_lambda"": 0.8823978590115872, ""subsample"": 0.761017343146138, ""subsample_freq"": 1}"
3,2,96,1,0.9292007973362825,0.7813374315134978,0.09264366110374377,"{""colsample_bytree"": 0.7177293221048564, ""learning_rate"": 0.17554842395046125, ""max_depth"": 2, ""min_child_samples"": 10, ""num_leaves"": 6, ""reg_lambda"": 0.8823978590115872, ""subsample"": 0.761017343146138, ""subsample_freq"": 1}"
3,2,97,1,0.9895251376373153,0.8825143009034327,0.08524366757611047,"{""colsample_bytree"": 0.7177293221048564, ""learning_rate"": 0.17554842395046125, ""max_depth"": 2, ""min_child_samples"": 10, ""num_leaves"": 6, ""reg_lambda"": 0.8823978590115872, ""subsample"": 0.761017343146138, ""subsample_freq"": 1}"
3,2,99,1,0.6509495471330085,0.5570385228466684,0.06563090155351393,"{""colsample_bytree"": 0.7177293221048564, ""learning_rate"": 0.17554842395046125, ""max_depth"": 2, ""min_child_samples"": 10, ""num_leaves"": 6, ""reg_lambda"": 0.8823978590115872, ""subsample"": 0.761017343146138, ""subsample_freq"": 1}"
3,2,111,1,0.9974649409766992,0.9479115491584384,0.041981330425180596,"{""colsample_bytree"": 0.7177293221048564, ""learning_rate"": 0.17554842395046125, ""max_depth"": 2, ""min_child_samples"": 10, ""num_leaves"": 6, ""reg_lambda"": 0.8823978590115872, ""subsample"": 0.761017343146138, ""subsample_freq"": 1}"
3,2,114,1,0.999981724179065,0.9910781861069564,0.007754205748204136,"{""colsample_bytree"": 0.7177293221048564, ""learning_rate"": 0.17554842395046125, ""max_depth"": 2, ""min_child_samples"": 10, ""num_leaves"": 6, ""reg_lambda"": 0.8823978590115872, ""subsample"": 0.761017343146138, ""subsample_freq"": 1}"
3,2,115,1,0.979628891742688,0.889358356080935,0.040345080893100155,"{""colsample_bytree"": 0.7177293221048564, ""learning_rate"": 0.17554842395046125, ""max_depth"": 2, ""min_child_samples"": 10, ""num_leaves"": 6, ""reg_lambda"": 0.8823978590115872, ""subsample"": 0.761017343146138, ""subsample_freq"": 1}"
3,2,117,1,0.9993983777737421,0.9688794681712899,0.020953790506044095,"{""colsample_bytree"": 0.7177293221048564, ""learning_rate"": 0.17554842395046125, ""max_depth"": 2, ""min_child_samples"": 10, ""num_leaves"": 6, ""reg_lambda"": 0.8823978590115872, ""subsample"": 0.761017343146138, ""subsample_freq"": 1}"
3,2,119,1,0.9172335414517909,0.7839372713370206,0.042901787989070364,"{""colsample_bytree"": 0.7177293221048564, ""learning_rate"": 0.17554842395046125, ""max_depth"": 2, ""min_child_samples"": 10, ""num_leaves"": 6, ""reg_lambda"": 0.8823978590115872, ""subsample"": 0.761017343146138, ""subsample_freq"": 1}"
3,2,128,1,0.7955701736588388,0.733129487733952,0.0866199564490289,"{""colsample_bytree"": 0.7177293221048564, ""learning_rate"": 0.17554842395046125, ""max_depth"": 2, ""min_child_samples"": 10, ""num_leaves"": 6, ""reg_lambda"": 0.8823978590115872, ""subsample"": 0.761017343146138, ""subsample_freq"": 1}"
3,2,130,0,0.8995020357144856,0.6621887093910818,0.19224807541309152,"{""colsample_bytree"": 0.7177293221048564, ""learning_rate"": 0.17554842395046125, ""max_depth"": 2, ""min_child_samples"": 10, ""num_leaves"": 6, ""reg_lambda"": 0.8823978590115872, ""subsample"": 0.761017343146138, ""subsample_freq"": 1}"
3,2,132,1,0.999795154463033,0.9795904647149468,0.013924694715532067,"{""colsample_bytree"": 0.7177293221048564, ""learning_rate"": 0.17554842395046125, ""max_depth"": 2, ""min_child_samples"": 10, ""num_leaves"": 6, ""reg_lambda"": 0.8823978590115872, ""subsample"": 0.761017343146138, ""subsample_freq"": 1}"
3,2,136,0,0.5919400574265787,0.6023010781576428,0.21769778002353965,"{""colsample_bytree"": 0.7177293221048564, ""learning_rate"": 0.17554842395046125, ""max_depth"": 2, ""min_child_samples"": 10, ""num_leaves"": 6, ""reg_lambda"": 0.8823978590115872, ""subsample"": 0.761017343146138, ""subsample_freq"": 1}"
3,2,138,1,0.9903375362584229,0.889301295093279,0.02568369568166666,"{""colsample_bytree"": 0.7177293221048564, ""learning_rate"": 0.17554842395046125, ""max_depth"": 2, ""min_child_samples"": 10, ""num_leaves"": 6, ""reg_lambda"": 0.8823978590115872, ""subsample"": 0.761017343146138, ""subsample_freq"": 1}"
3,2,141,1,0.9999719334185188,0.9879961336048826,0.0070294350757148585,"{""colsample_bytree"": 0.7177293221048564, ""learning_rate"": 0.17554842395046125, ""max_depth"": 2, ""min_child_samples"": 10, ""num_leaves"": 6, ""reg_lambda"": 0.8823978590115872, ""subsample"": 0.761017343146138, ""subsample_freq"": 1}"
3,2,142,1,0.17864314351217564,0.3539340328073816,0.11530515569868693,"{""colsample_bytree"": 0.7177293221048564, ""learning_rate"": 0.17554842395046125, ""max_depth"": 2, ""min_child_samples"": 10, ""num_leaves"": 6, ""reg_lambda"": 0.8823978590115872, ""subsample"": 0.761017343146138, ""subsample_freq"": 1}"
3,2,152,1,0.3625635015990005,0.5224303021333035,0.2073336359720982,"{""colsample_bytree"": 0.7177293221048564, ""learning_rate"": 0.17554842395046125, ""max_depth"": 2, ""min_child_samples"": 10, ""num_leaves"": 6, ""reg_lambda"": 0.8823978590115872, ""subsample"": 0.761017343146138, ""subsample_freq"": 1}"
3,2,158,1,0.06858087371459276,0.288434343434168,0.12806880270750665,"{""colsample_bytree"": 0.7177293221048564, ""learning_rate"": 0.17554842395046125, ""max_depth"": 2, ""min_child_samples"": 10, ""num_leaves"": 6, ""reg_lambda"": 0.8823978590115872, ""subsample"": 0.761017343146138, ""subsample_freq"": 1}"
3,2,159,1,0.9999293699190587,0.982759429185282,0.015446323884070126,"{""colsample_bytree"": 0.7177293221048564, ""learning_rate"": 0.17554842395046125, ""max_depth"": 2, ""min_child_samples"": 10, ""num_leaves"": 6, ""reg_lambda"": 0.8823978590115872, ""subsample"": 0.761017343146138, ""subsample_freq"": 1}"
3,2,166,0,0.10854814888224172,0.230970353008959,0.17171305407284568,"{""colsample_bytree"": 0.7177293221048564, ""learning_rate"": 0.17554842395046125, ""max_depth"": 2, ""min_child_samples"": 10, ""num_leaves"": 6, ""reg_lambda"": 0.8823978590115872, ""subsample"": 0.761017343146138, ""subsample_freq"": 1}"
3,2,174,1,0.9999994230879428,0.9979830774817676,0.0027477052086948713,"{""colsample_bytree"": 0.7177293221048564, ""learning_rate"": 0.17554842395046125, ""max_depth"": 2, ""min_child_samples"": 10, ""num_leaves"": 6, ""reg_lambda"": 0.8823978590115872, ""subsample"": 0.761017343146138, ""subsample_freq"": 1}"
3,2,182,1,0.24847639619838185,0.4350666703440714,0.08381911674895226,"{""colsample_bytree"": 0.7177293221048564, ""learning_rate"": 0.17554842395046125, ""max_depth"": 2, ""min_child_samples"": 10, ""num_leaves"": 6, ""reg_lambda"": 0.8823978590115872, ""subsample"": 0.761017343146138, ""subsample_freq"": 1}"
3,2,185,0,0.9894424328854626,0.909861986848,0.04846774094549614,"{""colsample_bytree"": 0.7177293221048564, ""learning_rate"": 0.17554842395046125, ""max_depth"": 2, ""min_child_samples"": 10, ""num_leaves"": 6, ""reg_lambda"": 0.8823978590115872, ""subsample"": 0.761017343146138, ""subsample_freq"": 1}"
3,2,190,0,0.9937513278460494,0.9107049597163022,0.04297016697039778,"{""colsample_bytree"": 0.7177293221048564, ""learning_rate"": 0.17554842395046125, ""max_depth"": 2, ""min_child_samples"": 10, ""num_leaves"": 6, ""reg_lambda"": 0.8823978590115872, ""subsample"": 0.761017343146138, ""subsample_freq"": 1}"
3,2,194,0,0.19069201160113786,0.2930652871863827,0.11958277481791131,"{""colsample_bytree"": 0.7177293221048564, ""learning_rate"": 0.17554842395046125, ""max_depth"": 2, ""min_child_samples"": 10, ""num_leaves"": 6, ""reg_lambda"": 0.8823978590115872, ""subsample"": 0.761017343146138, ""subsample_freq"": 1}"
3,2,197,1,0.9999036872325853,0.9750590730690218,0.024189606139873757,"{""colsample_bytree"": 0.7177293221048564, ""learning_rate"": 0.17554842395046125, ""max_depth"": 2, ""min_child_samples"": 10, ""num_leaves"": 6, ""reg_lambda"": 0.8823978590115872, ""subsample"": 0.761017343146138, ""subsample_freq"": 1}"
3,2,199,0,0.7556289641173836,0.5892946604619409,0.09118714490868914,"{""colsample_bytree"": 0.7177293221048564, ""learning_rate"": 0.17554842395046125, ""max_depth"": 2, ""min_child_samples"": 10, ""num_leaves"": 6, ""reg_lambda"": 0.8823978590115872, ""subsample"": 0.761017343146138, ""subsample_freq"": 1}"
3,2,200,1,0.8714440786559668,0.8095229088871652,0.08886018084137363,"{""colsample_bytree"": 0.7177293221048564, ""learning_rate"": 0.17554842395046125, ""max_depth"": 2, ""min_child_samples"": 10, ""num_leaves"": 6, ""reg_lambda"": 0.8823978590115872, ""subsample"": 0.761017343146138, ""subsample_freq"": 1}"
3,2,208,1,0.9378664340595653,0.7438393368130152,0.08430147987098942,"{""colsample_bytree"": 0.7177293221048564, ""learning_rate"": 0.17554842395046125, ""max_depth"": 2, ""min_child_samples"": 10, ""num_leaves"": 6, ""reg_lambda"": 0.8823978590115872, ""subsample"": 0.761017343146138, ""subsample_freq"": 1}"
3,2,213,0,0.9988046552018949,0.9509134236168577,0.03260706335408301,"{""colsample_bytree"": 0.7177293221048564, ""learning_rate"": 0.17554842395046125, ""max_depth"": 2, ""min_child_samples"": 10, ""num_leaves"": 6, ""reg_lambda"": 0.8823978590115872, ""subsample"": 0.761017343146138, ""subsample_freq"": 1}"
3,2,236,1,0.9968907733035915,0.925858903953884,0.03760301355357018,"{""colsample_bytree"": 0.7177293221048564, ""learning_rate"": 0.17554842395046125, ""max_depth"": 2, ""min_child_samples"": 10, ""num_leaves"": 6, ""reg_lambda"": 0.8823978590115872, ""subsample"": 0.761017343146138, ""subsample_freq"": 1}"
3,2,237,1,0.2060765526648763,0.5075966572048711,0.14702015277393132,"{""colsample_bytree"": 0.7177293221048564, ""learning_rate"": 0.17554842395046125, ""max_depth"": 2, ""min_child_samples"": 10, ""num_leaves"": 6, ""reg_lambda"": 0.8823978590115872, ""subsample"": 0.761017343146138, ""subsample_freq"": 1}"
3,2,253,1,0.9219699957539857,0.8032845447501652,0.08421853461194811,"{""colsample_bytree"": 0.7177293221048564, ""learning_rate"": 0.17554842395046125, ""max_depth"": 2, ""min_child_samples"": 10, ""num_leaves"": 6, ""reg_lambda"": 0.8823978590115872, ""subsample"": 0.761017343146138, ""subsample_freq"": 1}"
3,2,256,0,0.09481133999347748,0.17961875639406955,0.08464619886207074,"{""colsample_bytree"": 0.7177293221048564, ""learning_rate"": 0.17554842395046125, ""max_depth"": 2, ""min_child_samples"": 10, ""num_leaves"": 6, ""reg_lambda"": 0.8823978590115872, ""subsample"": 0.761017343146138, ""subsample_freq"": 1}"
3,2,261,0,0.0058888114543681515,0.10076233011144575,0.05527738861156343,"{""colsample_bytree"": 0.7177293221048564, ""learning_rate"": 0.17554842395046125, ""max_depth"": 2, ""min_child_samples"": 10, ""num_leaves"": 6, ""reg_lambda"": 0.8823978590115872, ""subsample"": 0.761017343146138, ""subsample_freq"": 1}"
3,2,263,0,0.0018252732557067011,0.06845862932849005,0.05455283152455884,"{""colsample_bytree"": 0.7177293221048564, ""learning_rate"": 0.17554842395046125, ""max_depth"": 2, ""min_child_samples"": 10, ""num_leaves"": 6, ""reg_lambda"": 0.8823978590115872, ""subsample"": 0.761017343146138, ""subsample_freq"": 1}"
3,2,266,1,0.9701279913293933,0.834474155110539,0.08090276402895397,"{""colsample_bytree"": 0.7177293221048564, ""learning_rate"": 0.17554842395046125, ""max_depth"": 2, ""min_child_samples"": 10, ""num_leaves"": 6, ""reg_lambda"": 0.8823978590115872, ""subsample"": 0.761017343146138, ""subsample_freq"": 1}"
3,2,269,1,0.9986667894411131,0.960476412219227,0.04106580654410305,"{""colsample_bytree"": 0.7177293221048564, ""learning_rate"": 0.17554842395046125, ""max_depth"": 2, ""min_child_samples"": 10, ""num_leaves"": 6, ""reg_lambda"": 0.8823978590115872, ""subsample"": 0.761017343146138, ""subsample_freq"": 1}"
3,2,279,1,0.9940748852756859,0.9232888515391178,0.026786822678706416,"{""colsample_bytree"": 0.7177293221048564, ""learning_rate"": 0.17554842395046125, ""max_depth"": 2, ""min_child_samples"": 10, ""num_leaves"": 6, ""reg_lambda"": 0.8823978590115872, ""subsample"": 0.761017343146138, ""subsample_freq"": 1}"
3,2,282,1,0.9756169917776917,0.8498263841577918,0.0985594486621926,"{""colsample_bytree"": 0.7177293221048564, ""learning_rate"": 0.17554842395046125, ""max_depth"": 2, ""min_child_samples"": 10, ""num_leaves"": 6, ""reg_lambda"": 0.8823978590115872, ""subsample"": 0.761017343146138, ""subsample_freq"": 1}"
3,2,287,0,0.9958421513680817,0.8865214200481624,0.07171369292871098,"{""colsample_bytree"": 0.7177293221048564, ""learning_rate"": 0.17554842395046125, ""max_depth"": 2, ""min_child_samples"": 10, ""num_leaves"": 6, ""reg_lambda"": 0.8823978590115872, ""subsample"": 0.761017343146138, ""subsample_freq"": 1}"
3,2,290,0,0.00446414699976617,0.08851253329772926,0.06813838948440872,"{""colsample_bytree"": 0.7177293221048564, ""learning_rate"": 0.17554842395046125, ""max_depth"": 2, ""min_child_samples"": 10, ""num_leaves"": 6, ""reg_lambda"": 0.8823978590115872, ""subsample"": 0.761017343146138, ""subsample_freq"": 1}"
3,2,295,0,0.9207598741350649,0.7738366469225706,0.11767663904103218,"{""colsample_bytree"": 0.7177293221048564, ""learning_rate"": 0.17554842395046125, ""max_depth"": 2, ""min_child_samples"": 10, ""num_leaves"": 6, ""reg_lambda"": 0.8823978590115872, ""subsample"": 0.761017343146138, ""subsample_freq"": 1}"
3,2,296,0,0.09864269014895086,0.33547947638468917,0.1812236412402163,"{""colsample_bytree"": 0.7177293221048564, ""learning_rate"": 0.17554842395046125, ""max_depth"": 2, ""min_child_samples"": 10, ""num_leaves"": 6, ""reg_lambda"": 0.8823978590115872, ""subsample"": 0.761017343146138, ""subsample_freq"": 1}"
3,2,300,0,0.04215301743406493,0.21839098199059442,0.11210699095167362,"{""colsample_bytree"": 0.7177293221048564, ""learning_rate"": 0.17554842395046125, ""max_depth"": 2, ""min_child_samples"": 10, ""num_leaves"": 6, ""reg_lambda"": 0.8823978590115872, ""subsample"": 0.761017343146138, ""subsample_freq"": 1}"
3,3,0,1,0.6178008279336795,0.4704247435236475,0.05314918048263741,"{""colsample_bytree"": 0.5641617671581001, ""learning_rate"": 0.02569699385180167, ""max_depth"": 2, ""min_child_samples"": 14, ""num_leaves"": 13, ""reg_lambda"": 1.349380334055259, ""subsample"": 0.6079770017283364, ""subsample_freq"": 1}"
3,3,1,1,0.9774296894854935,0.9805761031565545,0.007968417492417614,"{""colsample_bytree"": 0.5641617671581001, ""learning_rate"": 0.02569699385180167, ""max_depth"": 2, ""min_child_samples"": 14, ""num_leaves"": 13, ""reg_lambda"": 1.349380334055259, ""subsample"": 0.6079770017283364, ""subsample_freq"": 1}"
3,3,2,1,0.8929805883068289,0.9023756450012768,0.055463196870540986,"{""colsample_bytree"": 0.5641617671581001, ""learning_rate"": 0.02569699385180167, ""max_depth"": 2, ""min_child_samples"": 14, ""num_leaves"": 13, ""reg_lambda"": 1.349380334055259, ""subsample"": 0.6079770017283364, ""subsample_freq"": 1}"
3,3,8,0,0.206196780938526,0.16107538643112324,0.10798971528252059,"{""colsample_bytree"": 0.5641617671581001, ""learning_rate"": 0.02569699385180167, ""max_depth"": 2, ""min_child_samples"": 14, ""num_leaves"": 13, ""reg_lambda"": 1.349380334055259, ""subsample"": 0.6079770017283364, ""subsample_freq"": 1}"
3,3,9,1,0.9542446106652887,0.955770674186922,0.020552524799774482,"{""colsample_bytree"": 0.5641617671581001, ""learning_rate"": 0.02569699385180167, ""max_depth"": 2, ""min_child_samples"": 14, ""num_leaves"": 13, ""reg_lambda"": 1.349380334055259, ""subsample"": 0.6079770017283364, ""subsample_freq"": 1}"
3,3,12,1,0.9463617097013816,0.9580425757186705,0.012083769670053956,"{""colsample_bytree"": 0.5641617671581001, ""learning_rate"": 0.02569699385180167, ""max_depth"": 2, ""min_child_samples"": 14, ""num_leaves"": 13, ""reg_lambda"": 1.349380334055259, ""subsample"": 0.6079770017283364, ""subsample_freq"": 1}"
3,3,16,0,0.3259982760192857,0.30003951256337896,0.11360225172474613,"{""colsample_bytree"": 0.5641617671581001, ""learning_rate"": 0.02569699385180167, ""max_depth"": 2, ""min_child_samples"": 14, ""num_leaves"": 13, ""reg_lambda"": 1.349380334055259, ""subsample"": 0.6079770017283364, ""subsample_freq"": 1}"
3,3,17,0,0.34058622933063015,0.26964473542199985,0.15288879010631543,"{""colsample_bytree"": 0.5641617671581001, ""learning_rate"": 0.02569699385180167, ""max_depth"": 2, ""min_child_samples"": 14, ""num_leaves"": 13, ""reg_lambda"": 1.349380334055259, ""subsample"": 0.6079770017283364, ""subsample_freq"": 1}"
3,3,18,1,0.8522453881393454,0.8857643676077613,0.03261179672922823,"{""colsample_bytree"": 0.5641617671581001, ""learning_rate"": 0.02569699385180167, ""max_depth"": 2, ""min_child_samples"": 14, ""num_leaves"": 13, ""reg_lambda"": 1.349380334055259, ""subsample"": 0.6079770017283364, ""subsample_freq"": 1}"
3,3,29,1,0.960512933522343,0.9672185996875127,0.012209329127897735,"{""colsample_bytree"": 0.5641617671581001, ""learning_rate"": 0.02569699385180167, ""max_depth"": 2, ""min_child_samples"": 14, ""num_leaves"": 13, ""reg_lambda"": 1.349380334055259, ""subsample"": 0.6079770017283364, ""subsample_freq"": 1}"
3,3,33,1,0.9317793366403427,0.9191640150905174,0.023053524608718613,"{""colsample_bytree"": 0.5641617671581001, ""learning_rate"": 0.02569699385180167, ""max_depth"": 2, ""min_child_samples"": 14, ""num_leaves"": 13, ""reg_lambda"": 1.349380334055259, ""subsample"": 0.6079770017283364, ""subsample_freq"": 1}"
3,3,34,1,0.6483996726751114,0.6203037989549793,0.13847483104507208,"{""colsample_bytree"": 0.5641617671581001, ""learning_rate"": 0.02569699385180167, ""max_depth"": 2, ""min_child_samples"": 14, ""num_leaves"": 13, ""reg_lambda"": 1.349380334055259, ""subsample"": 0.6079770017283364, ""subsample_freq"": 1}"
3,3,35,0,0.21858547908379022,0.14590688382735756,0.0845985553971582,"{""colsample_bytree"": 0.5641617671581001, ""learning_rate"": 0.02569699385180167, ""max_depth"": 2, ""min_child_samples"": 14, ""num_leaves"": 13, ""reg_lambda"": 1.349380334055259, ""subsample"": 0.6079770017283364, ""subsample_freq"": 1}"
3,3,36,1,0.9345676833160821,0.9421775980440247,0.01797651454496908,"{""colsample_bytree"": 0.5641617671581001, ""learning_rate"": 0.02569699385180167, ""max_depth"": 2, ""min_child_samples"": 14, ""num_leaves"": 13, ""reg_lambda"": 1.349380334055259, ""subsample"": 0.6079770017283364, ""subsample_freq"": 1}"
3,3,38,1,0.7666966191466649,0.7816603384050259,0.14132012611335298,"{""colsample_bytree"": 0.5641617671581001, ""learning_rate"": 0.02569699385180167, ""max_depth"": 2, ""min_child_samples"": 14, ""num_leaves"": 13, ""reg_lambda"": 1.349380334055259, ""subsample"": 0.6079770017283364, ""subsample_freq"": 1}"
3,3,40,1,0.896277425759661,0.8879301608651387,0.03811767358157686,"{""colsample_bytree"": 0.5641617671581001, ""learning_rate"": 0.02569699385180167, ""max_depth"": 2, ""min_child_samples"": 14, ""num_leaves"": 13, ""reg_lambda"": 1.349380334055259, ""subsample"": 0.6079770017283364, ""subsample_freq"": 1}"
3,3,41,0,0.28378965181645227,0.25233769152941904,0.09572102443355017,"{""colsample_bytree"": 0.5641617671581001, ""learning_rate"": 0.02569699385180167, ""max_depth"": 2, ""min_child_samples"": 14, ""num_leaves"": 13, ""reg_lambda"": 1.349380334055259, ""subsample"": 0.6079770017283364, ""subsample_freq"": 1}"
3,3,52,1,0.9614365654742723,0.9741545460824522,0.011667215973974958,"{""colsample_bytree"": 0.5641617671581001, ""learning_rate"": 0.02569699385180167, ""max_depth"": 2, ""min_child_samples"": 14, ""num_leaves"": 13, ""reg_lambda"": 1.349380334055259, ""subsample"": 0.6079770017283364, ""subsample_freq"": 1}"
3,3,54,0,0.22984722144905215,0.22880195766888983,0.11541745063083715,"{""colsample_bytree"": 0.5641617671581001, ""learning_rate"": 0.02569699385180167, ""max_depth"": 2, ""min_child_samples"": 14, ""num_leaves"": 13, ""reg_lambda"": 1.349380334055259, ""subsample"": 0.6079770017283364, ""subsample_freq"": 1}"
3,3,56,1,0.9296058339915043,0.9479948298266898,0.018077240947907074,"{""colsample_bytree"": 0.5641617671581001, ""learning_rate"": 0.02569699385180167, ""max_depth"": 2, ""min_child_samples"": 14, ""num_leaves"": 13, ""reg_lambda"": 1.349380334055259, ""subsample"": 0.6079770017283364, ""subsample_freq"": 1}"
3,3,58,1,0.23557474095830935,0.1892022003510499,0.13361649031510106,"{""colsample_bytree"": 0.5641617671581001, ""learning_rate"": 0.02569699385180167, ""max_depth"": 2, ""min_child_samples"": 14, ""num_leaves"": 13, ""reg_lambda"": 1.349380334055259, ""subsample"": 0.6079770017283364, ""subsample_freq"": 1}"
3,3,61,1,0.6324765713628636,0.5884594901346565,0.09717435657519194,"{""colsample_bytree"": 0.5641617671581001, ""learning_rate"": 0.02569699385180167, ""max_depth"": 2, ""min_child_samples"": 14, ""num_leaves"": 13, ""reg_lambda"": 1.349380334055259, ""subsample"": 0.6079770017283364, ""subsample_freq"": 1}"
3,3,65,1,0.8912948175967889,0.8864065972080979,0.01569164343322609,"{""colsample_bytree"": 0.5641617671581001, ""learning_rate"": 0.02569699385180167, ""max_depth"": 2, ""min_child_samples"": 14, ""num_leaves"": 13, ""reg_lambda"": 1.349380334055259, ""subsample"": 0.6079770017283364, ""subsample_freq"": 1}"
3,3,69,1,0.8957198380545599,0.9143140541020733,0.024479692703306993,"{""colsample_bytree"": 0.5641617671581001, ""learning_rate"": 0.02569699385180167, ""max_depth"": 2, ""min_child_samples"": 14, ""num_leaves"": 13, ""reg_lambda"": 1.349380334055259, ""subsample"": 0.6079770017283364, ""subsample_freq"": 1}"
3,3,80,1,0.9598875984185244,0.9679108806242788,0.011247088012309434,"{""colsample_bytree"": 0.5641617671581001, ""learning_rate"": 0.02569699385180167, ""max_depth"": 2, ""min_child_samples"": 14, ""num_leaves"": 13, ""reg_lambda"": 1.349380334055259, ""subsample"": 0.6079770017283364, ""subsample_freq"": 1}"
3,3,94,1,0.9601744877811819,0.9584752106476622,0.016398831680549703,"{""colsample_bytree"": 0.5641617671581001, ""learning_rate"": 0.02569699385180167, ""max_depth"": 2, ""min_child_samples"": 14, ""num_leaves"": 13, ""reg_lambda"": 1.349380334055259, ""subsample"": 0.6079770017283364, ""subsample_freq"": 1}"
3,3,101,1,0.9398613322363968,0.9460256156462583,0.007928828959809042,"{""colsample_bytree"": 0.5641617671581001, ""learning_rate"": 0.02569699385180167, ""max_depth"": 2, ""min_child_samples"": 14, ""num_leaves"": 13, ""reg_lambda"": 1.349380334055259, ""subsample"": 0.6079770017283364, ""subsample_freq"": 1}"
3,3,105,1,0.7695995567457036,0.755465841531256,0.1401089620756666,"{""colsample_bytree"": 0.5641617671581001, ""learning_rate"": 0.02569699385180167, ""max_depth"": 2, ""min_child_samples"": 14, ""num_leaves"": 13, ""reg_lambda"": 1.349380334055259, ""subsample"": 0.6079770017283364, ""subsample_freq"": 1}"
3,3,123,1,0.7758212084542669,0.7605341514379005,0.0471870797253193,"{""colsample_bytree"": 0.5641617671581001, ""learning_rate"": 0.02569699385180167, ""max_depth"": 2, ""min_child_samples"": 14, ""num_leaves"": 13, ""reg_lambda"": 1.349380334055259, ""subsample"": 0.6079770017283364, ""subsample_freq"": 1}"
3,3,125,1,0.8129920106494516,0.7887149842567556,0.05979623376890284,"{""colsample_bytree"": 0.5641617671581001, ""learning_rate"": 0.02569699385180167, ""max_depth"": 2, ""min_child_samples"": 14, ""num_leaves"": 13, ""reg_lambda"": 1.349380334055259, ""subsample"": 0.6079770017283364, ""subsample_freq"": 1}"
3,3,126,1,0.8709325106038664,0.8795484847412594,0.02194272436309992,"{""colsample_bytree"": 0.5641617671581001, ""learning_rate"": 0.02569699385180167, ""max_depth"": 2, ""min_child_samples"": 14, ""num_leaves"": 13, ""reg_lambda"": 1.349380334055259, ""subsample"": 0.6079770017283364, ""subsample_freq"": 1}"
3,3,135,1,0.7445839170757605,0.7350404889999085,0.05112986556271903,"{""colsample_bytree"": 0.5641617671581001, ""learning_rate"": 0.02569699385180167, ""max_depth"": 2, ""min_child_samples"": 14, ""num_leaves"": 13, ""reg_lambda"": 1.349380334055259, ""subsample"": 0.6079770017283364, ""subsample_freq"": 1}"
3,3,143,0,0.07029880540467166,0.05104251609956857,0.05776290227691972,"{""colsample_bytree"": 0.5641617671581001, ""learning_rate"": 0.02569699385180167, ""max_depth"": 2, ""min_child_samples"": 14, ""num_leaves"": 13, ""reg_lambda"": 1.349380334055259, ""subsample"": 0.6079770017283364, ""subsample_freq"": 1}"
3,3,146,1,0.9881462207612546,0.9890531253822523,0.005526850932265169,"{""colsample_bytree"": 0.5641617671581001, ""learning_rate"": 0.02569699385180167, ""max_depth"": 2, ""min_child_samples"": 14, ""num_leaves"": 13, ""reg_lambda"": 1.349380334055259, ""subsample"": 0.6079770017283364, ""subsample_freq"": 1}"
3,3,148,1,0.8358073627062378,0.8544821024536382,0.06303090357032104,"{""colsample_bytree"": 0.5641617671581001, ""learning_rate"": 0.02569699385180167, ""max_depth"": 2, ""min_child_samples"": 14, ""num_leaves"": 13, ""reg_lambda"": 1.349380334055259, ""subsample"": 0.6079770017283364, ""subsample_freq"": 1}"
3,3,153,0,0.6501356111171661,0.6445119789954641,0.12859076715132092,"{""colsample_bytree"": 0.5641617671581001, ""learning_rate"": 0.02569699385180167, ""max_depth"": 2, ""min_child_samples"": 14, ""num_leaves"": 13, ""reg_lambda"": 1.349380334055259, ""subsample"": 0.6079770017283364, ""subsample_freq"": 1}"
3,3,167,1,0.8908696824686466,0.8952660531469011,0.041982239910889015,"{""colsample_bytree"": 0.5641617671581001, ""learning_rate"": 0.02569699385180167, ""max_depth"": 2, ""min_child_samples"": 14, ""num_leaves"": 13, ""reg_lambda"": 1.349380334055259, ""subsample"": 0.6079770017283364, ""subsample_freq"": 1}"
3,3,168,0,0.17638714649579734,0.1423456074804396,0.09488836749876055,"{""colsample_bytree"": 0.5641617671581001, ""learning_rate"": 0.02569699385180167, ""max_depth"": 2, ""min_child_samples"": 14, ""num_leaves"": 13, ""reg_lambda"": 1.349380334055259, ""subsample"": 0.6079770017283364, ""subsample_freq"": 1}"
3,3,180,1,0.3547257464015706,0.3644024328245087,0.13548651762551356,"{""colsample_bytree"": 0.5641617671581001, ""learning_rate"": 0.02569699385180167, ""max_depth"": 2, ""min_child_samples"": 14, ""num_leaves"": 13, ""reg_lambda"": 1.349380334055259, ""subsample"": 0.6079770017283364, ""subsample_freq"": 1}"
3,3,184,1,0.8301624637569128,0.84394089672333,0.074854181701711,"{""colsample_bytree"": 0.5641617671581001, ""learning_rate"": 0.02569699385180167, ""max_depth"": 2, ""min_child_samples"": 14, ""num_leaves"": 13, ""reg_lambda"": 1.349380334055259, ""subsample"": 0.6079770017283364, ""subsample_freq"": 1}"
3,3,192,0,0.08978094428745356,0.08416551658754609,0.08489138665916383,"{""colsample_bytree"": 0.5641617671581001, ""learning_rate"": 0.02569699385180167, ""max_depth"": 2, ""min_child_samples"": 14, ""num_leaves"": 13, ""reg_lambda"": 1.349380334055259, ""subsample"": 0.6079770017283364, ""subsample_freq"": 1}"
3,3,198,1,0.9042117480786208,0.9250028869921714,0.01562143752799721,"{""colsample_bytree"": 0.5641617671581001, ""learning_rate"": 0.02569699385180167, ""max_depth"": 2, ""min_child_samples"": 14, ""num_leaves"": 13, ""reg_lambda"": 1.349380334055259, ""subsample"": 0.6079770017283364, ""subsample_freq"": 1}"
3,3,207,1,0.87744893458216,0.862335527292791,0.03745333730763284,"{""colsample_bytree"": 0.5641617671581001, ""learning_rate"": 0.02569699385180167, ""max_depth"": 2, ""min_child_samples"": 14, ""num_leaves"": 13, ""reg_lambda"": 1.349380334055259, ""subsample"": 0.6079770017283364, ""subsample_freq"": 1}"
3,3,215,1,0.9631508549865772,0.9723260664011203,0.008483538192638824,"{""colsample_bytree"": 0.5641617671581001, ""learning_rate"": 0.02569699385180167, ""max_depth"": 2, ""min_child_samples"": 14, ""num_leaves"": 13, ""reg_lambda"": 1.349380334055259, ""subsample"": 0.6079770017283364, ""subsample_freq"": 1}"
3,3,216,0,0.5641823968419624,0.5167638226506345,0.1312906855613094,"{""colsample_bytree"": 0.5641617671581001, ""learning_rate"": 0.02569699385180167, ""max_depth"": 2, ""min_child_samples"": 14, ""num_leaves"": 13, ""reg_lambda"": 1.349380334055259, ""subsample"": 0.6079770017283364, ""subsample_freq"": 1}"
3,3,218,0,0.32398036779937234,0.3619770159108574,0.11132688616604858,"{""colsample_bytree"": 0.5641617671581001, ""learning_rate"": 0.02569699385180167, ""max_depth"": 2, ""min_child_samples"": 14, ""num_leaves"": 13, ""reg_lambda"": 1.349380334055259, ""subsample"": 0.6079770017283364, ""subsample_freq"": 1}"
3,3,224,1,0.9705942838166921,0.9745571615281351,0.010686797649227411,"{""colsample_bytree"": 0.5641617671581001, ""learning_rate"": 0.02569699385180167, ""max_depth"": 2, ""min_child_samples"": 14, ""num_leaves"": 13, ""reg_lambda"": 1.349380334055259, ""subsample"": 0.6079770017283364, ""subsample_freq"": 1}"
3,3,226,1,0.9488974713306944,0.9484548583357192,0.011638685282019536,"{""colsample_bytree"": 0.5641617671581001, ""learning_rate"": 0.02569699385180167, ""max_depth"": 2, ""min_child_samples"": 14, ""num_leaves"": 13, ""reg_lambda"": 1.349380334055259, ""subsample"": 0.6079770017283364, ""subsample_freq"": 1}"
3,3,228,1,0.7292970695531787,0.684579565595892,0.1099925656477162,"{""colsample_bytree"": 0.5641617671581001, ""learning_rate"": 0.02569699385180167, ""max_depth"": 2, ""min_child_samples"": 14, ""num_leaves"": 13, ""reg_lambda"": 1.349380334055259, ""subsample"": 0.6079770017283364, ""subsample_freq"": 1}"
3,3,230,1,0.9836290826898623,0.9838127495938537,0.005674428828079345,"{""colsample_bytree"": 0.5641617671581001, ""learning_rate"": 0.02569699385180167, ""max_depth"": 2, ""min_child_samples"": 14, ""num_leaves"": 13, ""reg_lambda"": 1.349380334055259, ""subsample"": 0.6079770017283364, ""subsample_freq"": 1}"
3,3,238,1,0.22540819006421592,0.18122181977898594,0.10970017017886707,"{""colsample_bytree"": 0.5641617671581001, ""learning_rate"": 0.02569699385180167, ""max_depth"": 2, ""min_child_samples"": 14, ""num_leaves"": 13, ""reg_lambda"": 1.349380334055259, ""subsample"": 0.6079770017283364, ""subsample_freq"": 1}"
3,3,249,1,0.8926189663639646,0.9052005020270469,0.03454844566949847,"{""colsample_bytree"": 0.5641617671581001, ""learning_rate"": 0.02569699385180167, ""max_depth"": 2, ""min_child_samples"": 14, ""num_leaves"": 13, ""reg_lambda"": 1.349380334055259, ""subsample"": 0.6079770017283364, ""subsample_freq"": 1}"
3,3,250,1,0.9415859689017851,0.9560747199507256,0.007981932659961558,"{""colsample_bytree"": 0.5641617671581001, ""learning_rate"": 0.02569699385180167, ""max_depth"": 2, ""min_child_samples"": 14, ""num_leaves"": 13, ""reg_lambda"": 1.349380334055259, ""subsample"": 0.6079770017283364, ""subsample_freq"": 1}"
3,3,252,1,0.8863666511063361,0.8899526262560069,0.034153253926334774,"{""colsample_bytree"": 0.5641617671581001, ""learning_rate"": 0.02569699385180167, ""max_depth"": 2, ""min_child_samples"": 14, ""num_leaves"": 13, ""reg_lambda"": 1.349380334055259, ""subsample"": 0.6079770017283364, ""subsample_freq"": 1}"
3,3,254,0,0.6566163330186344,0.6543954178324999,0.13103022300206177,"{""colsample_bytree"": 0.5641617671581001, ""learning_rate"": 0.02569699385180167, ""max_depth"": 2, ""min_child_samples"": 14, ""num_leaves"": 13, ""reg_lambda"": 1.349380334055259, ""subsample"": 0.6079770017283364, ""subsample_freq"": 1}"
3,3,272,0,0.6490011262771253,0.6233818415270604,0.06483457711047753,"{""colsample_bytree"": 0.5641617671581001, ""learning_rate"": 0.02569699385180167, ""max_depth"": 2, ""min_child_samples"": 14, ""num_leaves"": 13, ""reg_lambda"": 1.349380334055259, ""subsample"": 0.6079770017283364, ""subsample_freq"": 1}"
3,3,275,1,0.9650944412719215,0.9563317263768003,0.015211305638852816,"{""colsample_bytree"": 0.5641617671581001, ""learning_rate"": 0.02569699385180167, ""max_depth"": 2, ""min_child_samples"": 14, ""num_leaves"": 13, ""reg_lambda"": 1.349380334055259, ""subsample"": 0.6079770017283364, ""subsample_freq"": 1}"
3,3,280,0,0.3733142448841028,0.35149729862584345,0.06456155495407545,"{""colsample_bytree"": 0.5641617671581001, ""learning_rate"": 0.02569699385180167, ""max_depth"": 2, ""min_child_samples"": 14, ""num_leaves"": 13, ""reg_lambda"": 1.349380334055259, ""subsample"": 0.6079770017283364, ""subsample_freq"": 1}"
3,3,285,0,0.30385197946744996,0.2951903600718338,0.07461307343561983,"{""colsample_bytree"": 0.5641617671581001, ""learning_rate"": 0.02569699385180167, ""max_depth"": 2, ""min_child_samples"": 14, ""num_leaves"": 13, ""reg_lambda"": 1.349380334055259, ""subsample"": 0.6079770017283364, ""subsample_freq"": 1}"
3,3,286,0,0.37204838149212033,0.26865875417812873,0.11453289308798506,"{""colsample_bytree"": 0.5641617671581001, ""learning_rate"": 0.02569699385180167, ""max_depth"": 2, ""min_child_samples"": 14, ""num_leaves"": 13, ""reg_lambda"": 1.349380334055259, ""subsample"": 0.6079770017283364, ""subsample_freq"": 1}"
3,4,4,0,0.48142200159435344,0.4344452622127325,0.08369474686801769,"{""colsample_bytree"": 0.4272715156995365, ""learning_rate"": 0.08000514919333097, ""max_depth"": 4, ""min_child_samples"": 13, ""num_leaves"": 9, ""reg_lambda"": 4.892002677738349, ""subsample"": 0.6933164913833577, ""subsample_freq"": 1}"
3,4,6,1,0.9694485913234072,0.9393652403411478,0.025512884783441655,"{""colsample_bytree"": 0.4272715156995365, ""learning_rate"": 0.08000514919333097, ""max_depth"": 4, ""min_child_samples"": 13, ""num_leaves"": 9, ""reg_lambda"": 4.892002677738349, ""subsample"": 0.6933164913833577, ""subsample_freq"": 1}"
3,4,15,1,0.9789488348489245,0.94711304673553,0.0320816912826414,"{""colsample_bytree"": 0.4272715156995365, ""learning_rate"": 0.08000514919333097, ""max_depth"": 4, ""min_child_samples"": 13, ""num_leaves"": 9, ""reg_lambda"": 4.892002677738349, ""subsample"": 0.6933164913833577, ""subsample_freq"": 1}"
3,4,20,1,0.04836364434511979,0.11852499885025411,0.06398823172628883,"{""colsample_bytree"": 0.4272715156995365, ""learning_rate"": 0.08000514919333097, ""max_depth"": 4, ""min_child_samples"": 13, ""num_leaves"": 9, ""reg_lambda"": 4.892002677738349, ""subsample"": 0.6933164913833577, ""subsample_freq"": 1}"
3,4,23,1,0.9961846481448987,0.9903653188092075,0.0058320789515684465,"{""colsample_bytree"": 0.4272715156995365, ""learning_rate"": 0.08000514919333097, ""max_depth"": 4, ""min_child_samples"": 13, ""num_leaves"": 9, ""reg_lambda"": 4.892002677738349, ""subsample"": 0.6933164913833577, ""subsample_freq"": 1}"
3,4,43,1,0.8260791840326325,0.7649407793457483,0.06712697788056375,"{""colsample_bytree"": 0.4272715156995365, ""learning_rate"": 0.08000514919333097, ""max_depth"": 4, ""min_child_samples"": 13, ""num_leaves"": 9, ""reg_lambda"": 4.892002677738349, ""subsample"": 0.6933164913833577, ""subsample_freq"": 1}"
3,4,57,1,0.9953913614502923,0.9825094124166647,0.009062469701157379,"{""colsample_bytree"": 0.4272715156995365, ""learning_rate"": 0.08000514919333097, ""max_depth"": 4, ""min_child_samples"": 13, ""num_leaves"": 9, ""reg_lambda"": 4.892002677738349, ""subsample"": 0.6933164913833577, ""subsample_freq"": 1}"
3,4,60,0,0.1504284202715338,0.2401544833527698,0.0795747554644756,"{""colsample_bytree"": 0.4272715156995365, ""learning_rate"": 0.08000514919333097, ""max_depth"": 4, ""min_child_samples"": 13, ""num_leaves"": 9, ""reg_lambda"": 4.892002677738349, ""subsample"": 0.6933164913833577, ""subsample_freq"": 1}"
3,4,67,0,0.8078560152101505,0.8225630669552488,0.041872385053218164,"{""colsample_bytree"": 0.4272715156995365, ""learning_rate"": 0.08000514919333097, ""max_depth"": 4, ""min_child_samples"": 13, ""num_leaves"": 9, ""reg_lambda"": 4.892002677738349, ""subsample"": 0.6933164913833577, ""subsample_freq"": 1}"
3,4,73,1,0.7708690395109734,0.739761713778755,0.09717420311283825,"{""colsample_bytree"": 0.4272715156995365, ""learning_rate"": 0.08000514919333097, ""max_depth"": 4, ""min_child_samples"": 13, ""num_leaves"": 9, ""reg_lambda"": 4.892002677738349, ""subsample"": 0.6933164913833577, ""subsample_freq"": 1}"
3,4,75,1,0.6369628111798675,0.6742319105838024,0.17726642911757515,"{""colsample_bytree"": 0.4272715156995365, ""learning_rate"": 0.08000514919333097, ""max_depth"": 4, ""min_child_samples"": 13, ""num_leaves"": 9, ""reg_lambda"": 4.892002677738349, ""subsample"": 0.6933164913833577, ""subsample_freq"": 1}"
3,4,81,1,0.9919749381374423,0.9766197564612531,0.009609638480431275,"{""colsample_bytree"": 0.4272715156995365, ""learning_rate"": 0.08000514919333097, ""max_depth"": 4, ""min_child_samples"": 13, ""num_leaves"": 9, ""reg_lambda"": 4.892002677738349, ""subsample"": 0.6933164913833577, ""subsample_freq"": 1}"
3,4,83,1,0.6626095869360937,0.5843109541853926,0.11556181813132997,"{""colsample_bytree"": 0.4272715156995365, ""learning_rate"": 0.08000514919333097, ""max_depth"": 4, ""min_child_samples"": 13, ""num_leaves"": 9, ""reg_lambda"": 4.892002677738349, ""subsample"": 0.6933164913833577, ""subsample_freq"": 1}"
3,4,88,1,0.984195747400257,0.961243580010203,0.019650702676081044,"{""colsample_bytree"": 0.4272715156995365, ""learning_rate"": 0.08000514919333097, ""max_depth"": 4, ""min_child_samples"": 13, ""num_leaves"": 9, ""reg_lambda"": 4.892002677738349, ""subsample"": 0.6933164913833577, ""subsample_freq"": 1}"
3,4,92,1,0.9846181486707005,0.9619935161115174,0.017454377929964543,"{""colsample_bytree"": 0.4272715156995365, ""learning_rate"": 0.08000514919333097, ""max_depth"": 4, ""min_child_samples"": 13, ""num_leaves"": 9, ""reg_lambda"": 4.892002677738349, ""subsample"": 0.6933164913833577, ""subsample_freq"": 1}"
3,4,95,1,0.9879293653661525,0.9622957721832922,0.020574540720594208,"{""colsample_bytree"": 0.4272715156995365, ""learning_rate"": 0.08000514919333097, ""max_depth"": 4, ""min_child_samples"": 13, ""num_leaves"": 9, ""reg_lambda"": 4.892002677738349, ""subsample"": 0.6933164913833577, ""subsample_freq"": 1}"
3,4,100,1,0.9607719344508704,0.9343339293461408,0.02397152879478576,"{""colsample_bytree"": 0.4272715156995365, ""learning_rate"": 0.08000514919333097, ""max_depth"": 4, ""min_child_samples"": 13, ""num_leaves"": 9, ""reg_lambda"": 4.892002677738349, ""subsample"": 0.6933164913833577, ""subsample_freq"": 1}"
3,4,102,0,0.03605591495172158,0.10608140651985228,0.05728568691706725,"{""colsample_bytree"": 0.4272715156995365, ""learning_rate"": 0.08000514919333097, ""max_depth"": 4, ""min_child_samples"": 13, ""num_leaves"": 9, ""reg_lambda"": 4.892002677738349, ""subsample"": 0.6933164913833577, ""subsample_freq"": 1}"
3,4,107,1,0.8644674001415393,0.8064441618003075,0.07225611471192804,"{""colsample_bytree"": 0.4272715156995365, ""learning_rate"": 0.08000514919333097, ""max_depth"": 4, ""min_child_samples"": 13, ""num_leaves"": 9, ""reg_lambda"": 4.892002677738349, ""subsample"": 0.6933164913833577, ""subsample_freq"": 1}"
3,4,113,0,0.025000479376459987,0.08468235580898005,0.04635055733435892,"{""colsample_bytree"": 0.4272715156995365, ""learning_rate"": 0.08000514919333097, ""max_depth"": 4, ""min_child_samples"": 13, ""num_leaves"": 9, ""reg_lambda"": 4.892002677738349, ""subsample"": 0.6933164913833577, ""subsample_freq"": 1}"
3,4,120,1,0.9324480053232155,0.9143985152218089,0.026491095627911142,"{""colsample_bytree"": 0.4272715156995365, ""learning_rate"": 0.08000514919333097, ""max_depth"": 4, ""min_child_samples"": 13, ""num_leaves"": 9, ""reg_lambda"": 4.892002677738349, ""subsample"": 0.6933164913833577, ""subsample_freq"": 1}"
3,4,121,1,0.7949574763057523,0.7425873856689431,0.04389368192201691,"{""colsample_bytree"": 0.4272715156995365, ""learning_rate"": 0.08000514919333097, ""max_depth"": 4, ""min_child_samples"": 13, ""num_leaves"": 9, ""reg_lambda"": 4.892002677738349, ""subsample"": 0.6933164913833577, ""subsample_freq"": 1}"
3,4,122,1,0.966282564938591,0.9122892211793336,0.041022312780317816,"{""colsample_bytree"": 0.4272715156995365, ""learning_rate"": 0.08000514919333097, ""max_depth"": 4, ""min_child_samples"": 13, ""num_leaves"": 9, ""reg_lambda"": 4.892002677738349, ""subsample"": 0.6933164913833577, ""subsample_freq"": 1}"
3,4,133,0,0.7607093230988409,0.5977749872498058,0.13270808169687273,"{""colsample_bytree"": 0.4272715156995365, ""learning_rate"": 0.08000514919333097, ""max_depth"": 4, ""min_child_samples"": 13, ""num_leaves"": 9, ""reg_lambda"": 4.892002677738349, ""subsample"": 0.6933164913833577, ""subsample_freq"": 1}"
3,4,147,1,0.9384612907372681,0.9092620706013822,0.03061619968695356,"{""colsample_bytree"": 0.4272715156995365, ""learning_rate"": 0.08000514919333097, ""max_depth"": 4, ""min_child_samples"": 13, ""num_leaves"": 9, ""reg_lambda"": 4.892002677738349, ""subsample"": 0.6933164913833577, ""subsample_freq"": 1}"
3,4,156,1,0.9025535059307651,0.8632391998949475,0.06686072432565437,"{""colsample_bytree"": 0.4272715156995365, ""learning_rate"": 0.08000514919333097, ""max_depth"": 4, ""min_child_samples"": 13, ""num_leaves"": 9, ""reg_lambda"": 4.892002677738349, ""subsample"": 0.6933164913833577, ""subsample_freq"": 1}"
3,4,157,1,0.8007780024614173,0.8126296732900669,0.0474197282347978,"{""colsample_bytree"": 0.4272715156995365, ""learning_rate"": 0.08000514919333097, ""max_depth"": 4, ""min_child_samples"": 13, ""num_leaves"": 9, ""reg_lambda"": 4.892002677738349, ""subsample"": 0.6933164913833577, ""subsample_freq"": 1}"
3,4,161,1,0.9911507816505296,0.974850688017636,0.016712226629682084,"{""colsample_bytree"": 0.4272715156995365, ""learning_rate"": 0.08000514919333097, ""max_depth"": 4, ""min_child_samples"": 13, ""num_leaves"": 9, ""reg_lambda"": 4.892002677738349, ""subsample"": 0.6933164913833577, ""subsample_freq"": 1}"
3,4,164,1,0.99513534862173,0.9766204286860342,0.015952134578387327,"{""colsample_bytree"": 0.4272715156995365, ""learning_rate"": 0.08000514919333097, ""max_depth"": 4, ""min_child_samples"": 13, ""num_leaves"": 9, ""reg_lambda"": 4.892002677738349, ""subsample"": 0.6933164913833577, ""subsample_freq"": 1}"
3,4,165,1,0.8970082192138137,0.8621576834310852,0.046865234502310234,"{""colsample_bytree"": 0.4272715156995365, ""learning_rate"": 0.08000514919333097, ""max_depth"": 4, ""min_child_samples"": 13, ""num_leaves"": 9, ""reg_lambda"": 4.892002677738349, ""subsample"": 0.6933164913833577, ""subsample_freq"": 1}"
3,4,170,0,0.08220644395492474,0.16088315298279982,0.07237899796016832,"{""colsample_bytree"": 0.4272715156995365, ""learning_rate"": 0.08000514919333097, ""max_depth"": 4, ""min_child_samples"": 13, ""num_leaves"": 9, ""reg_lambda"": 4.892002677738349, ""subsample"": 0.6933164913833577, ""subsample_freq"": 1}"
3,4,179,0,0.06696959838277315,0.1630288404607577,0.08066079950340198,"{""colsample_bytree"": 0.4272715156995365, ""learning_rate"": 0.08000514919333097, ""max_depth"": 4, ""min_child_samples"": 13, ""num_leaves"": 9, ""reg_lambda"": 4.892002677738349, ""subsample"": 0.6933164913833577, ""subsample_freq"": 1}"
3,4,189,1,0.8837744770469749,0.8591898323301675,0.043766376776211195,"{""colsample_bytree"": 0.4272715156995365, ""learning_rate"": 0.08000514919333097, ""max_depth"": 4, ""min_child_samples"": 13, ""num_leaves"": 9, ""reg_lambda"": 4.892002677738349, ""subsample"": 0.6933164913833577, ""subsample_freq"": 1}"
3,4,206,1,0.965629481004564,0.9321022810660737,0.036527041303813755,"{""colsample_bytree"": 0.4272715156995365, ""learning_rate"": 0.08000514919333097, ""max_depth"": 4, ""min_child_samples"": 13, ""num_leaves"": 9, ""reg_lambda"": 4.892002677738349, ""subsample"": 0.6933164913833577, ""subsample_freq"": 1}"
3,4,214,0,0.9452413860486526,0.9042222533394755,0.05301532575695143,"{""colsample_bytree"": 0.4272715156995365, ""learning_rate"": 0.08000514919333097, ""max_depth"": 4, ""min_child_samples"": 13, ""num_leaves"": 9, ""reg_lambda"": 4.892002677738349, ""subsample"": 0.6933164913833577, ""subsample_freq"": 1}"
3,4,219,1,0.11015614912952787,0.19260784777683262,0.07389587721755882,"{""colsample_bytree"": 0.4272715156995365, ""learning_rate"": 0.08000514919333097, ""max_depth"": 4, ""min_child_samples"": 13, ""num_leaves"": 9, ""reg_lambda"": 4.892002677738349, ""subsample"": 0.6933164913833577, ""subsample_freq"": 1}"
3,4,223,1,0.7311212423648574,0.6530198213561731,0.1430741533698343,"{""colsample_bytree"": 0.4272715156995365, ""learning_rate"": 0.08000514919333097, ""max_depth"": 4, ""min_child_samples"": 13, ""num_leaves"": 9, ""reg_lambda"": 4.892002677738349, ""subsample"": 0.6933164913833577, ""subsample_freq"": 1}"
3,4,225,1,0.8529256712849772,0.8175162314636333,0.047726434123020224,"{""colsample_bytree"": 0.4272715156995365, ""learning_rate"": 0.08000514919333097, ""max_depth"": 4, ""min_child_samples"": 13, ""num_leaves"": 9, ""reg_lambda"": 4.892002677738349, ""subsample"": 0.6933164913833577, ""subsample_freq"": 1}"
3,4,229,1,0.9471998637820537,0.9292120934784833,0.03113059418700279,"{""colsample_bytree"": 0.4272715156995365, ""learning_rate"": 0.08000514919333097, ""max_depth"": 4, ""min_child_samples"": 13, ""num_leaves"": 9, ""reg_lambda"": 4.892002677738349, ""subsample"": 0.6933164913833577, ""subsample_freq"": 1}"
3,4,231,1,0.9964259691682485,0.9875178784257959,0.007339324478723936,"{""colsample_bytree"": 0.4272715156995365, ""learning_rate"": 0.08000514919333097, ""max_depth"": 4, ""min_child_samples"": 13, ""num_leaves"": 9, ""reg_lambda"": 4.892002677738349, ""subsample"": 0.6933164913833577, ""subsample_freq"": 1}"
3,4,232,1,0.9698363399071256,0.9253300029141714,0.05671207924722017,"{""colsample_bytree"": 0.4272715156995365, ""learning_rate"": 0.08000514919333097, ""max_depth"": 4, ""min_child_samples"": 13, ""num_leaves"": 9, ""reg_lambda"": 4.892002677738349, ""subsample"": 0.6933164913833577, ""subsample_freq"": 1}"
3,4,234,0,0.33717629405035165,0.30696009813169234,0.13549435390279416,"{""colsample_bytree"": 0.4272715156995365, ""learning_rate"": 0.08000514919333097, ""max_depth"": 4, ""min_child_samples"": 13, ""num_leaves"": 9, ""reg_lambda"": 4.892002677738349, ""subsample"": 0.6933164913833577, ""subsample_freq"": 1}"
3,4,235,1,0.9773949625698178,0.9578926227268235,0.020076381173571075,"{""colsample_bytree"": 0.4272715156995365, ""learning_rate"": 0.08000514919333097, ""max_depth"": 4, ""min_child_samples"": 13, ""num_leaves"": 9, ""reg_lambda"": 4.892002677738349, ""subsample"": 0.6933164913833577, ""subsample_freq"": 1}"
3,4,240,1,0.9966553981582074,0.9872526556315326,0.008587199842609533,"{""colsample_bytree"": 0.4272715156995365, ""learning_rate"": 0.08000514919333097, ""max_depth"": 4, ""min_child_samples"": 13, ""num_leaves"": 9, ""reg_lambda"": 4.892002677738349, ""subsample"": 0.6933164913833577, ""subsample_freq"": 1}"
3,4,241,1,0.6715565156362198,0.6118554695821208,0.10200183324528812,"{""colsample_bytree"": 0.4272715156995365, ""learning_rate"": 0.08000514919333097, ""max_depth"": 4, ""min_child_samples"": 13, ""num_leaves"": 9, ""reg_lambda"": 4.892002677738349, ""subsample"": 0.6933164913833577, ""subsample_freq"": 1}"
3,4,244,1,0.5790724245694452,0.6521898441904318,0.08502456833693744,"{""colsample_bytree"": 0.4272715156995365, ""learning_rate"": 0.08000514919333097, ""max_depth"": 4, ""min_child_samples"": 13, ""num_leaves"": 9, ""reg_lambda"": 4.892002677738349, ""subsample"": 0.6933164913833577, ""subsample_freq"": 1}"
3,4,255,0,0.1625802164804955,0.2689388260158951,0.10543961469982309,"{""colsample_bytree"": 0.4272715156995365, ""learning_rate"": 0.08000514919333097, ""max_depth"": 4, ""min_child_samples"": 13, ""num_leaves"": 9, ""reg_lambda"": 4.892002677738349, ""subsample"": 0.6933164913833577, ""subsample_freq"": 1}"
3,4,258,0,0.08684372499371072,0.16132753938482192,0.06791125671076843,"{""colsample_bytree"": 0.4272715156995365, ""learning_rate"": 0.08000514919333097, ""max_depth"": 4, ""min_child_samples"": 13, ""num_leaves"": 9, ""reg_lambda"": 4.892002677738349, ""subsample"": 0.6933164913833577, ""subsample_freq"": 1}"
3,4,259,1,0.9041025431661451,0.8976205514502092,0.034505909129280456,"{""colsample_bytree"": 0.4272715156995365, ""learning_rate"": 0.08000514919333097, ""max_depth"": 4, ""min_child_samples"": 13, ""num_leaves"": 9, ""reg_lambda"": 4.892002677738349, ""subsample"": 0.6933164913833577, ""subsample_freq"": 1}"
3,4,262,1,0.8051428888837421,0.6908340311665618,0.1288036212120921,"{""colsample_bytree"": 0.4272715156995365, ""learning_rate"": 0.08000514919333097, ""max_depth"": 4, ""min_child_samples"": 13, ""num_leaves"": 9, ""reg_lambda"": 4.892002677738349, ""subsample"": 0.6933164913833577, ""subsample_freq"": 1}"
3,4,264,0,0.13001221559892484,0.1934455775058586,0.04699654792675858,"{""colsample_bytree"": 0.4272715156995365, ""learning_rate"": 0.08000514919333097, ""max_depth"": 4, ""min_child_samples"": 13, ""num_leaves"": 9, ""reg_lambda"": 4.892002677738349, ""subsample"": 0.6933164913833577, ""subsample_freq"": 1}"
3,4,270,0,0.022835514807904835,0.0951509674087883,0.05468172691158688,"{""colsample_bytree"": 0.4272715156995365, ""learning_rate"": 0.08000514919333097, ""max_depth"": 4, ""min_child_samples"": 13, ""num_leaves"": 9, ""reg_lambda"": 4.892002677738349, ""subsample"": 0.6933164913833577, ""subsample_freq"": 1}"
3,4,273,1,0.992099552194218,0.977154191986001,0.013815598073706047,"{""colsample_bytree"": 0.4272715156995365, ""learning_rate"": 0.08000514919333097, ""max_depth"": 4, ""min_child_samples"": 13, ""num_leaves"": 9, ""reg_lambda"": 4.892002677738349, ""subsample"": 0.6933164913833577, ""subsample_freq"": 1}"
3,4,276,0,0.4431749528742931,0.3835001199544611,0.07419363735063113,"{""colsample_bytree"": 0.4272715156995365, ""learning_rate"": 0.08000514919333097, ""max_depth"": 4, ""min_child_samples"": 13, ""num_leaves"": 9, ""reg_lambda"": 4.892002677738349, ""subsample"": 0.6933164913833577, ""subsample_freq"": 1}"
3,4,277,1,0.9933782828280755,0.9803311715103872,0.007464702060199438,"{""colsample_bytree"": 0.4272715156995365, ""learning_rate"": 0.08000514919333097, ""max_depth"": 4, ""min_child_samples"": 13, ""num_leaves"": 9, ""reg_lambda"": 4.892002677738349, ""subsample"": 0.6933164913833577, ""subsample_freq"": 1}"
3,4,281,1,0.911155092103437,0.8415887866480706,0.05575612763301203,"{""colsample_bytree"": 0.4272715156995365, ""learning_rate"": 0.08000514919333097, ""max_depth"": 4, ""min_child_samples"": 13, ""num_leaves"": 9, ""reg_lambda"": 4.892002677738349, ""subsample"": 0.6933164913833577, ""subsample_freq"": 1}"
3,4,284,0,0.9691090410148856,0.9020571689413828,0.04745492832882206,"{""colsample_bytree"": 0.4272715156995365, ""learning_rate"": 0.08000514919333097, ""max_depth"": 4, ""min_child_samples"": 13, ""num_leaves"": 9, ""reg_lambda"": 4.892002677738349, ""subsample"": 0.6933164913833577, ""subsample_freq"": 1}"
3,4,288,1,0.7147178639646452,0.6537009380734551,0.06544949214371908,"{""colsample_bytree"": 0.4272715156995365, ""learning_rate"": 0.08000514919333097, ""max_depth"": 4, ""min_child_samples"": 13, ""num_leaves"": 9, ""reg_lambda"": 4.892002677738349, ""subsample"": 0.6933164913833577, ""subsample_freq"": 1}"
3,4,294,1,0.7039556343587654,0.6271224713289154,0.07932687594449822,"{""colsample_bytree"": 0.4272715156995365, ""learning_rate"": 0.08000514919333097, ""max_depth"": 4, ""min_child_samples"": 13, ""num_leaves"": 9, ""reg_lambda"": 4.892002677738349, ""subsample"": 0.6933164913833577, ""subsample_freq"": 1}"
3,4,297,0,0.4156468070368142,0.37830984859820715,0.164900455036267,"{""colsample_bytree"": 0.4272715156995365, ""learning_rate"": 0.08000514919333097, ""max_depth"": 4, ""min_child_samples"": 13, ""num_leaves"": 9, ""reg_lambda"": 4.892002677738349, ""subsample"": 0.6933164913833577, ""subsample_freq"": 1}"
4,0,7,1,0.9685179107953868,0.9405907483176685,0.04459026715859766,"{""colsample_bytree"": 0.8240086291275495, ""learning_rate"": 0.1829511386231523, ""max_depth"": 2, ""min_child_samples"": 15, ""num_leaves"": 8, ""reg_lambda"": 9.405661294344808, ""subsample"": 0.7511483613631824, ""subsample_freq"": 1}"
4,0,8,0,0.11390092741197158,0.2761139585886283,0.09196014488078749,"{""colsample_bytree"": 0.8240086291275495, ""learning_rate"": 0.1829511386231523, ""max_depth"": 2, ""min_child_samples"": 15, ""num_leaves"": 8, ""reg_lambda"": 9.405661294344808, ""subsample"": 0.7511483613631824, ""subsample_freq"": 1}"
4,0,9,1,0.989705875862123,0.9446301507514814,0.04719286109201669,"{""colsample_bytree"": 0.8240086291275495, ""learning_rate"": 0.1829511386231523, ""max_depth"": 2, ""min_child_samples"": 15, ""num_leaves"": 8, ""reg_lambda"": 9.405661294344808, ""subsample"": 0.7511483613631824, ""subsample_freq"": 1}"
4,0,17,0,0.45123285375710254,0.48476568401025677,0.09440219779786133,"{""colsample_bytree"": 0.8240086291275495, ""learning_rate"": 0.1829511386231523, ""max_depth"": 2, ""min_child_samples"": 15, ""num_leaves"": 8, ""reg_lambda"": 9.405661294344808, ""subsample"": 0.7511483613631824, ""subsample_freq"": 1}"
4,0,31,1,0.9210825070275773,0.8254401545080382,0.02832631922280499,"{""colsample_bytree"": 0.8240086291275495, ""learning_rate"": 0.1829511386231523, ""max_depth"": 2, ""min_child_samples"": 15, ""num_leaves"": 8, ""reg_lambda"": 9.405661294344808, ""subsample"": 0.7511483613631824, ""subsample_freq"": 1}"
4,0,32,1,0.9919507842168492,0.9325898994663762,0.0482438111565624,"{""colsample_bytree"": 0.8240086291275495, ""learning_rate"": 0.1829511386231523, ""max_depth"": 2, ""min_child_samples"": 15, ""num_leaves"": 8, ""reg_lambda"": 9.405661294344808, ""subsample"": 0.7511483613631824, ""subsample_freq"": 1}"
4,0,33,1,0.9704747692095956,0.9057094171678773,0.04780781636197689,"{""colsample_bytree"": 0.8240086291275495, ""learning_rate"": 0.1829511386231523, ""max_depth"": 2, ""min_child_samples"": 15, ""num_leaves"": 8, ""reg_lambda"": 9.405661294344808, ""subsample"": 0.7511483613631824, ""subsample_freq"": 1}"
4,0,35,0,0.10415242905528528,0.25373403308504094,0.107015438062225,"{""colsample_bytree"": 0.8240086291275495, ""learning_rate"": 0.1829511386231523, ""max_depth"": 2, ""min_child_samples"": 15, ""num_leaves"": 8, ""reg_lambda"": 9.405661294344808, ""subsample"": 0.7511483613631824, ""subsample_freq"": 1}"
4,0,36,1,0.9879650051900875,0.9535199928316332,0.018636335631686235,"{""colsample_bytree"": 0.8240086291275495, ""learning_rate"": 0.1829511386231523, ""max_depth"": 2, ""min_child_samples"": 15, ""num_leaves"": 8, ""reg_lambda"": 9.405661294344808, ""subsample"": 0.7511483613631824, ""subsample_freq"": 1}"
4,0,45,1,0.9633410714973414,0.9165264419696169,0.03556005731774597,"{""colsample_bytree"": 0.8240086291275495, ""learning_rate"": 0.1829511386231523, ""max_depth"": 2, ""min_child_samples"": 15, ""num_leaves"": 8, ""reg_lambda"": 9.405661294344808, ""subsample"": 0.7511483613631824, ""subsample_freq"": 1}"
4,0,47,1,0.9930909509598649,0.9522227652978241,0.04309705647620434,"{""colsample_bytree"": 0.8240086291275495, ""learning_rate"": 0.1829511386231523, ""max_depth"": 2, ""min_child_samples"": 15, ""num_leaves"": 8, ""reg_lambda"": 9.405661294344808, ""subsample"": 0.7511483613631824, ""subsample_freq"": 1}"
4,0,57,1,0.993517329482123,0.9606439477017906,0.019816670847592813,"{""colsample_bytree"": 0.8240086291275495, ""learning_rate"": 0.1829511386231523, ""max_depth"": 2, ""min_child_samples"": 15, ""num_leaves"": 8, ""reg_lambda"": 9.405661294344808, ""subsample"": 0.7511483613631824, ""subsample_freq"": 1}"
4,0,60,0,0.1478173754996448,0.26955282484255483,0.07852313247409613,"{""colsample_bytree"": 0.8240086291275495, ""learning_rate"": 0.1829511386231523, ""max_depth"": 2, ""min_child_samples"": 15, ""num_leaves"": 8, ""reg_lambda"": 9.405661294344808, ""subsample"": 0.7511483613631824, ""subsample_freq"": 1}"
4,0,74,1,0.9954954734263975,0.9711429638915648,0.01984733380274418,"{""colsample_bytree"": 0.8240086291275495, ""learning_rate"": 0.1829511386231523, ""max_depth"": 2, ""min_child_samples"": 15, ""num_leaves"": 8, ""reg_lambda"": 9.405661294344808, ""subsample"": 0.7511483613631824, ""subsample_freq"": 1}"
4,0,77,1,0.9722713950940126,0.9231045630278499,0.03295957282665919,"{""colsample_bytree"": 0.8240086291275495, ""learning_rate"": 0.1829511386231523, ""max_depth"": 2, ""min_child_samples"": 15, ""num_leaves"": 8, ""reg_lambda"": 9.405661294344808, ""subsample"": 0.7511483613631824, ""subsample_freq"": 1}"
4,0,82,1,0.549205090652714,0.5990896340018003,0.10964656912834118,"{""colsample_bytree"": 0.8240086291275495, ""learning_rate"": 0.1829511386231523, ""max_depth"": 2, ""min_child_samples"": 15, ""num_leaves"": 8, ""reg_lambda"": 9.405661294344808, ""subsample"": 0.7511483613631824, ""subsample_freq"": 1}"
4,0,88,1,0.9900693616475389,0.9523595425644134,0.02102042175668343,"{""colsample_bytree"": 0.8240086291275495, ""learning_rate"": 0.1829511386231523, ""max_depth"": 2, ""min_child_samples"": 15, ""num_leaves"": 8, ""reg_lambda"": 9.405661294344808, ""subsample"": 0.7511483613631824, ""subsample_freq"": 1}"
4,0,96,1,0.948111911251955,0.8541920720950253,0.07116366651361847,"{""colsample_bytree"": 0.8240086291275495, ""learning_rate"": 0.1829511386231523, ""max_depth"": 2, ""min_child_samples"": 15, ""num_leaves"": 8, ""reg_lambda"": 9.405661294344808, ""subsample"": 0.7511483613631824, ""subsample_freq"": 1}"
4,0,118,1,0.9976388775796112,0.9688921003568213,0.025066619027549693,"{""colsample_bytree"": 0.8240086291275495, ""learning_rate"": 0.1829511386231523, ""max_depth"": 2, ""min_child_samples"": 15, ""num_leaves"": 8, ""reg_lambda"": 9.405661294344808, ""subsample"": 0.7511483613631824, ""subsample_freq"": 1}"
4,0,121,1,0.8294608188794507,0.7847511132044037,0.06857179617727549,"{""colsample_bytree"": 0.8240086291275495, ""learning_rate"": 0.1829511386231523, ""max_depth"": 2, ""min_child_samples"": 15, ""num_leaves"": 8, ""reg_lambda"": 9.405661294344808, ""subsample"": 0.7511483613631824, ""subsample_freq"": 1}"
4,0,122,1,0.9623472519176144,0.900902994899077,0.0441720833725802,"{""colsample_bytree"": 0.8240086291275495, ""learning_rate"": 0.1829511386231523, ""max_depth"": 2, ""min_child_samples"": 15, ""num_leaves"": 8, ""reg_lambda"": 9.405661294344808, ""subsample"": 0.7511483613631824, ""subsample_freq"": 1}"
4,0,124,1,0.6611858075875113,0.5620990808622756,0.1576951462224554,"{""colsample_bytree"": 0.8240086291275495, ""learning_rate"": 0.1829511386231523, ""max_depth"": 2, ""min_child_samples"": 15, ""num_leaves"": 8, ""reg_lambda"": 9.405661294344808, ""subsample"": 0.7511483613631824, ""subsample_freq"": 1}"
4,0,138,1,0.9697679793069774,0.9032504727214284,0.06656500972174807,"{""colsample_bytree"": 0.8240086291275495, ""learning_rate"": 0.1829511386231523, ""max_depth"": 2, ""min_child_samples"": 15, ""num_leaves"": 8, ""reg_lambda"": 9.405661294344808, ""subsample"": 0.7511483613631824, ""subsample_freq"": 1}"
4,0,139,1,0.9901882292486184,0.9514714619935573,0.0318570590309266,"{""colsample_bytree"": 0.8240086291275495, ""learning_rate"": 0.1829511386231523, ""max_depth"": 2, ""min_child_samples"": 15, ""num_leaves"": 8, ""reg_lambda"": 9.405661294344808, ""subsample"": 0.7511483613631824, ""subsample_freq"": 1}"
4,0,140,1,0.9144616019242143,0.8780823856745513,0.09027695020332688,"{""colsample_bytree"": 0.8240086291275495, ""learning_rate"": 0.1829511386231523, ""max_depth"": 2, ""min_child_samples"": 15, ""num_leaves"": 8, ""reg_lambda"": 9.405661294344808, ""subsample"": 0.7511483613631824, ""subsample_freq"": 1}"
4,0,141,1,0.9873002380172975,0.9552139493260701,0.037645218866258504,"{""colsample_bytree"": 0.8240086291275495, ""learning_rate"": 0.1829511386231523, ""max_depth"": 2, ""min_child_samples"": 15, ""num_leaves"": 8, ""reg_lambda"": 9.405661294344808, ""subsample"": 0.7511483613631824, ""subsample_freq"": 1}"
4,0,144,1,0.970389162220236,0.9065357508298624,0.03497946875859283,"{""colsample_bytree"": 0.8240086291275495, ""learning_rate"": 0.1829511386231523, ""max_depth"": 2, ""min_child_samples"": 15, ""num_leaves"": 8, ""reg_lambda"": 9.405661294344808, ""subsample"": 0.7511483613631824, ""subsample_freq"": 1}"
4,0,146,1,0.9992377967991424,0.9854139525142855,0.013525421799868577,"{""colsample_bytree"": 0.8240086291275495, ""learning_rate"": 0.1829511386231523, ""max_depth"": 2, ""min_child_samples"": 15, ""num_leaves"": 8, ""reg_lambda"": 9.405661294344808, ""subsample"": 0.7511483613631824, ""subsample_freq"": 1}"
4,0,153,0,0.5879446011188749,0.5557405074769735,0.11847026543162703,"{""colsample_bytree"": 0.8240086291275495, ""learning_rate"": 0.1829511386231523, ""max_depth"": 2, ""min_child_samples"": 15, ""num_leaves"": 8, ""reg_lambda"": 9.405661294344808, ""subsample"": 0.7511483613631824, ""subsample_freq"": 1}"
4,0,158,1,0.34246335344427764,0.46257045540732555,0.1043415443044121,"{""colsample_bytree"": 0.8240086291275495, ""learning_rate"": 0.1829511386231523, ""max_depth"": 2, ""min_child_samples"": 15, ""num_leaves"": 8, ""reg_lambda"": 9.405661294344808, ""subsample"": 0.7511483613631824, ""subsample_freq"": 1}"
4,0,159,1,0.9969198661510086,0.9684916438020752,0.026857358517377763,"{""colsample_bytree"": 0.8240086291275495, ""learning_rate"": 0.1829511386231523, ""max_depth"": 2, ""min_child_samples"": 15, ""num_leaves"": 8, ""reg_lambda"": 9.405661294344808, ""subsample"": 0.7511483613631824, ""subsample_freq"": 1}"
4,0,160,1,0.9400138625917794,0.8947554915319337,0.05571351767164071,"{""colsample_bytree"": 0.8240086291275495, ""learning_rate"": 0.1829511386231523, ""max_depth"": 2, ""min_child_samples"": 15, ""num_leaves"": 8, ""reg_lambda"": 9.405661294344808, ""subsample"": 0.7511483613631824, ""subsample_freq"": 1}"
4,0,162,1,0.982582919086985,0.9308306375730485,0.03719834022645038,"{""colsample_bytree"": 0.8240086291275495, ""learning_rate"": 0.1829511386231523, ""max_depth"": 2, ""min_child_samples"": 15, ""num_leaves"": 8, ""reg_lambda"": 9.405661294344808, ""subsample"": 0.7511483613631824, ""subsample_freq"": 1}"
4,0,163,1,0.5695552766457551,0.5522899585546781,0.1421214576583944,"{""colsample_bytree"": 0.8240086291275495, ""learning_rate"": 0.1829511386231523, ""max_depth"": 2, ""min_child_samples"": 15, ""num_leaves"": 8, ""reg_lambda"": 9.405661294344808, ""subsample"": 0.7511483613631824, ""subsample_freq"": 1}"
4,0,164,1,0.9951301473640488,0.9711724712098576,0.023492853226735718,"{""colsample_bytree"": 0.8240086291275495, ""learning_rate"": 0.1829511386231523, ""max_depth"": 2, ""min_child_samples"": 15, ""num_leaves"": 8, ""reg_lambda"": 9.405661294344808, ""subsample"": 0.7511483613631824, ""subsample_freq"": 1}"
4,0,165,1,0.9489842678832165,0.8730047502373086,0.06816462854019459,"{""colsample_bytree"": 0.8240086291275495, ""learning_rate"": 0.1829511386231523, ""max_depth"": 2, ""min_child_samples"": 15, ""num_leaves"": 8, ""reg_lambda"": 9.405661294344808, ""subsample"": 0.7511483613631824, ""subsample_freq"": 1}"
4,0,166,0,0.1334877111760853,0.2223004097304777,0.08517809129965874,"{""colsample_bytree"": 0.8240086291275495, ""learning_rate"": 0.1829511386231523, ""max_depth"": 2, ""min_child_samples"": 15, ""num_leaves"": 8, ""reg_lambda"": 9.405661294344808, ""subsample"": 0.7511483613631824, ""subsample_freq"": 1}"
4,0,175,0,0.8956201801564754,0.8531406951237829,0.04619458552912513,"{""colsample_bytree"": 0.8240086291275495, ""learning_rate"": 0.1829511386231523, ""max_depth"": 2, ""min_child_samples"": 15, ""num_leaves"": 8, ""reg_lambda"": 9.405661294344808, ""subsample"": 0.7511483613631824, ""subsample_freq"": 1}"
4,0,177,1,0.9878702602391369,0.9113781042979952,0.06453945491535876,"{""colsample_bytree"": 0.8240086291275495, ""learning_rate"": 0.1829511386231523, ""max_depth"": 2, ""min_child_samples"": 15, ""num_leaves"": 8, ""reg_lambda"": 9.405661294344808, ""subsample"": 0.7511483613631824, ""subsample_freq"": 1}"
4,0,187,1,0.9897339218420405,0.9465865006160076,0.02952791743433037,"{""colsample_bytree"": 0.8240086291275495, ""learning_rate"": 0.1829511386231523, ""max_depth"": 2, ""min_child_samples"": 15, ""num_leaves"": 8, ""reg_lambda"": 9.405661294344808, ""subsample"": 0.7511483613631824, ""subsample_freq"": 1}"
4,0,188,1,0.8873904602580293,0.7257770086435857,0.1548409450417505,"{""colsample_bytree"": 0.8240086291275495, ""learning_rate"": 0.1829511386231523, ""max_depth"": 2, ""min_child_samples"": 15, ""num_leaves"": 8, ""reg_lambda"": 9.405661294344808, ""subsample"": 0.7511483613631824, ""subsample_freq"": 1}"
4,0,189,1,0.9436312560169271,0.8511315005305418,0.03788198328818803,"{""colsample_bytree"": 0.8240086291275495, ""learning_rate"": 0.1829511386231523, ""max_depth"": 2, ""min_child_samples"": 15, ""num_leaves"": 8, ""reg_lambda"": 9.405661294344808, ""subsample"": 0.7511483613631824, ""subsample_freq"": 1}"
4,0,198,1,0.9788109739648719,0.8969377956914524,0.026417780192956604,"{""colsample_bytree"": 0.8240086291275495, ""learning_rate"": 0.1829511386231523, ""max_depth"": 2, ""min_child_samples"": 15, ""num_leaves"": 8, ""reg_lambda"": 9.405661294344808, ""subsample"": 0.7511483613631824, ""subsample_freq"": 1}"
4,0,206,1,0.9757463101249182,0.9303433810906517,0.03472858738372684,"{""colsample_bytree"": 0.8240086291275495, ""learning_rate"": 0.1829511386231523, ""max_depth"": 2, ""min_child_samples"": 15, ""num_leaves"": 8, ""reg_lambda"": 9.405661294344808, ""subsample"": 0.7511483613631824, ""subsample_freq"": 1}"
4,0,208,1,0.8778521231363282,0.8043690359126037,0.028628120097253205,"{""colsample_bytree"": 0.8240086291275495, ""learning_rate"": 0.1829511386231523, ""max_depth"": 2, ""min_child_samples"": 15, ""num_leaves"": 8, ""reg_lambda"": 9.405661294344808, ""subsample"": 0.7511483613631824, ""subsample_freq"": 1}"
4,0,209,1,0.9927977234520557,0.9546251677097516,0.028769281969001092,"{""colsample_bytree"": 0.8240086291275495, ""learning_rate"": 0.1829511386231523, ""max_depth"": 2, ""min_child_samples"": 15, ""num_leaves"": 8, ""reg_lambda"": 9.405661294344808, ""subsample"": 0.7511483613631824, ""subsample_freq"": 1}"
4,0,212,0,0.034043107752161246,0.11087686052435848,0.07258631389532766,"{""colsample_bytree"": 0.8240086291275495, ""learning_rate"": 0.1829511386231523, ""max_depth"": 2, ""min_child_samples"": 15, ""num_leaves"": 8, ""reg_lambda"": 9.405661294344808, ""subsample"": 0.7511483613631824, ""subsample_freq"": 1}"
4,0,217,0,0.3860002742151068,0.5156819947817868,0.11711851397612813,"{""colsample_bytree"": 0.8240086291275495, ""learning_rate"": 0.1829511386231523, ""max_depth"": 2, ""min_child_samples"": 15, ""num_leaves"": 8, ""reg_lambda"": 9.405661294344808, ""subsample"": 0.7511483613631824, ""subsample_freq"": 1}"
4,0,226,1,0.9943075102873015,0.9609865056764137,0.028395166612883643,"{""colsample_bytree"": 0.8240086291275495, ""learning_rate"": 0.1829511386231523, ""max_depth"": 2, ""min_child_samples"": 15, ""num_leaves"": 8, ""reg_lambda"": 9.405661294344808, ""subsample"": 0.7511483613631824, ""subsample_freq"": 1}"
4,0,234,0,0.13655462818154954,0.300539793567025,0.09911739736507626,"{""colsample_bytree"": 0.8240086291275495, ""learning_rate"": 0.1829511386231523, ""max_depth"": 2, ""min_child_samples"": 15, ""num_leaves"": 8, ""reg_lambda"": 9.405661294344808, ""subsample"": 0.7511483613631824, ""subsample_freq"": 1}"
4,0,239,1,0.9890781641377038,0.9376906448568905,0.039019796958633016,"{""colsample_bytree"": 0.8240086291275495, ""learning_rate"": 0.1829511386231523, ""max_depth"": 2, ""min_child_samples"": 15, ""num_leaves"": 8, ""reg_lambda"": 9.405661294344808, ""subsample"": 0.7511483613631824, ""subsample_freq"": 1}"
4,0,256,0,0.1987441725950454,0.3319391431061401,0.12450527585500129,"{""colsample_bytree"": 0.8240086291275495, ""learning_rate"": 0.1829511386231523, ""max_depth"": 2, ""min_child_samples"": 15, ""num_leaves"": 8, ""reg_lambda"": 9.405661294344808, ""subsample"": 0.7511483613631824, ""subsample_freq"": 1}"
4,0,261,0,0.020655690313744847,0.12404326544636393,0.06959567491610934,"{""colsample_bytree"": 0.8240086291275495, ""learning_rate"": 0.1829511386231523, ""max_depth"": 2, ""min_child_samples"": 15, ""num_leaves"": 8, ""reg_lambda"": 9.405661294344808, ""subsample"": 0.7511483613631824, ""subsample_freq"": 1}"
4,0,275,1,0.99628413905946,0.9700210013678895,0.022000357119488743,"{""colsample_bytree"": 0.8240086291275495, ""learning_rate"": 0.1829511386231523, ""max_depth"": 2, ""min_child_samples"": 15, ""num_leaves"": 8, ""reg_lambda"": 9.405661294344808, ""subsample"": 0.7511483613631824, ""subsample_freq"": 1}"
4,0,276,0,0.3333320681680208,0.5576266691366946,0.07697209293718343,"{""colsample_bytree"": 0.8240086291275495, ""learning_rate"": 0.1829511386231523, ""max_depth"": 2, ""min_child_samples"": 15, ""num_leaves"": 8, ""reg_lambda"": 9.405661294344808, ""subsample"": 0.7511483613631824, ""subsample_freq"": 1}"
4,0,277,1,0.9968778839420422,0.9689721499366801,0.025409263482609426,"{""colsample_bytree"": 0.8240086291275495, ""learning_rate"": 0.1829511386231523, ""max_depth"": 2, ""min_child_samples"": 15, ""num_leaves"": 8, ""reg_lambda"": 9.405661294344808, ""subsample"": 0.7511483613631824, ""subsample_freq"": 1}"
4,0,283,1,0.8519925142681516,0.7742017286276119,0.05166994553731089,"{""colsample_bytree"": 0.8240086291275495, ""learning_rate"": 0.1829511386231523, ""max_depth"": 2, ""min_child_samples"": 15, ""num_leaves"": 8, ""reg_lambda"": 9.405661294344808, ""subsample"": 0.7511483613631824, ""subsample_freq"": 1}"
4,0,289,0,0.08152910699403768,0.24857803816481688,0.11463337789541667,"{""colsample_bytree"": 0.8240086291275495, ""learning_rate"": 0.1829511386231523, ""max_depth"": 2, ""min_child_samples"": 15, ""num_leaves"": 8, ""reg_lambda"": 9.405661294344808, ""subsample"": 0.7511483613631824, ""subsample_freq"": 1}"
4,0,297,0,0.3919991655053561,0.4524030373821203,0.0596448817275911,"{""colsample_bytree"": 0.8240086291275495, ""learning_rate"": 0.1829511386231523, ""max_depth"": 2, ""min_child_samples"": 15, ""num_leaves"": 8, ""reg_lambda"": 9.405661294344808, ""subsample"": 0.7511483613631824, ""subsample_freq"": 1}"
4,0,299,0,0.08093965468445831,0.17177895872679994,0.044995430621591934,"{""colsample_bytree"": 0.8240086291275495, ""learning_rate"": 0.1829511386231523, ""max_depth"": 2, ""min_child_samples"": 15, ""num_leaves"": 8, ""reg_lambda"": 9.405661294344808, ""subsample"": 0.7511483613631824, ""subsample_freq"": 1}"
4,0,301,0,0.11220529820574647,0.21318104760204032,0.12557533808973287,"{""colsample_bytree"": 0.8240086291275495, ""learning_rate"": 0.1829511386231523, ""max_depth"": 2, ""min_child_samples"": 15, ""num_leaves"": 8, ""reg_lambda"": 9.405661294344808, ""subsample"": 0.7511483613631824, ""subsample_freq"": 1}"
4,1,1,1,0.9804418377497082,0.982015699772272,0.011506083705595372,"{""colsample_bytree"": 0.41266945985016923, ""learning_rate"": 0.06064217588102749, ""max_depth"": 2, ""min_child_samples"": 21, ""num_leaves"": 4, ""reg_lambda"": 13.120796441046497, ""subsample"": 0.8676417473094471, ""subsample_freq"": 1}"
4,1,19,1,0.9716901584378782,0.977167922296603,0.012551539034350459,"{""colsample_bytree"": 0.41266945985016923, ""learning_rate"": 0.06064217588102749, ""max_depth"": 2, ""min_child_samples"": 21, ""num_leaves"": 4, ""reg_lambda"": 13.120796441046497, ""subsample"": 0.8676417473094471, ""subsample_freq"": 1}"
4,1,20,1,0.15940151686810441,0.13496972367729393,0.07372495863046609,"{""colsample_bytree"": 0.41266945985016923, ""learning_rate"": 0.06064217588102749, ""max_depth"": 2, ""min_child_samples"": 21, ""num_leaves"": 4, ""reg_lambda"": 13.120796441046497, ""subsample"": 0.8676417473094471, ""subsample_freq"": 1}"
4,1,25,1,0.9575414971918891,0.9585866508562546,0.019598235431107718,"{""colsample_bytree"": 0.41266945985016923, ""learning_rate"": 0.06064217588102749, ""max_depth"": 2, ""min_child_samples"": 21, ""num_leaves"": 4, ""reg_lambda"": 13.120796441046497, ""subsample"": 0.8676417473094471, ""subsample_freq"": 1}"
4,1,26,0,0.2702228333448505,0.2437958553613107,0.09169476810545588,"{""colsample_bytree"": 0.41266945985016923, ""learning_rate"": 0.06064217588102749, ""max_depth"": 2, ""min_child_samples"": 21, ""num_leaves"": 4, ""reg_lambda"": 13.120796441046497, ""subsample"": 0.8676417473094471, ""subsample_freq"": 1}"
4,1,29,1,0.974495268216764,0.9760231391406109,0.01191706870218085,"{""colsample_bytree"": 0.41266945985016923, ""learning_rate"": 0.06064217588102749, ""max_depth"": 2, ""min_child_samples"": 21, ""num_leaves"": 4, ""reg_lambda"": 13.120796441046497, ""subsample"": 0.8676417473094471, ""subsample_freq"": 1}"
4,1,30,1,0.9317967186564292,0.9236577080436383,0.02138307260747921,"{""colsample_bytree"": 0.41266945985016923, ""learning_rate"": 0.06064217588102749, ""max_depth"": 2, ""min_child_samples"": 21, ""num_leaves"": 4, ""reg_lambda"": 13.120796441046497, ""subsample"": 0.8676417473094471, ""subsample_freq"": 1}"
4,1,34,1,0.689435589799251,0.6840953250332282,0.06657005159678142,"{""colsample_bytree"": 0.41266945985016923, ""learning_rate"": 0.06064217588102749, ""max_depth"": 2, ""min_child_samples"": 21, ""num_leaves"": 4, ""reg_lambda"": 13.120796441046497, ""subsample"": 0.8676417473094471, ""subsample_freq"": 1}"
4,1,39,1,0.9810875204996043,0.981204569459533,0.007907216698139813,"{""colsample_bytree"": 0.41266945985016923, ""learning_rate"": 0.06064217588102749, ""max_depth"": 2, ""min_child_samples"": 21, ""num_leaves"": 4, ""reg_lambda"": 13.120796441046497, ""subsample"": 0.8676417473094471, ""subsample_freq"": 1}"
4,1,41,0,0.3267201801214591,0.26333197706326644,0.10195201463832847,"{""colsample_bytree"": 0.41266945985016923, ""learning_rate"": 0.06064217588102749, ""max_depth"": 2, ""min_child_samples"": 21, ""num_leaves"": 4, ""reg_lambda"": 13.120796441046497, ""subsample"": 0.8676417473094471, ""subsample_freq"": 1}"
4,1,42,0,0.2341237987694572,0.2345345750248104,0.11481955767188214,"{""colsample_bytree"": 0.41266945985016923, ""learning_rate"": 0.06064217588102749, ""max_depth"": 2, ""min_child_samples"": 21, ""num_leaves"": 4, ""reg_lambda"": 13.120796441046497, ""subsample"": 0.8676417473094471, ""subsample_freq"": 1}"
4,1,49,1,0.637461999929718,0.6756057324986272,0.07283465726356596,"{""colsample_bytree"": 0.41266945985016923, ""learning_rate"": 0.06064217588102749, ""max_depth"": 2, ""min_child_samples"": 21, ""num_leaves"": 4, ""reg_lambda"": 13.120796441046497, ""subsample"": 0.8676417473094471, ""subsample_freq"": 1}"
4,1,53,1,0.4803409100681401,0.4805621669216776,0.12050162774730688,"{""colsample_bytree"": 0.41266945985016923, ""learning_rate"": 0.06064217588102749, ""max_depth"": 2, ""min_child_samples"": 21, ""num_leaves"": 4, ""reg_lambda"": 13.120796441046497, ""subsample"": 0.8676417473094471, ""subsample_freq"": 1}"
4,1,54,0,0.24429367318560571,0.22159024488606938,0.089639737311174,"{""colsample_bytree"": 0.41266945985016923, ""learning_rate"": 0.06064217588102749, ""max_depth"": 2, ""min_child_samples"": 21, ""num_leaves"": 4, ""reg_lambda"": 13.120796441046497, ""subsample"": 0.8676417473094471, ""subsample_freq"": 1}"
4,1,61,1,0.6611823989685618,0.6577186497872739,0.08400420357904775,"{""colsample_bytree"": 0.41266945985016923, ""learning_rate"": 0.06064217588102749, ""max_depth"": 2, ""min_child_samples"": 21, ""num_leaves"": 4, ""reg_lambda"": 13.120796441046497, ""subsample"": 0.8676417473094471, ""subsample_freq"": 1}"
4,1,65,1,0.8807673950312562,0.8997511864450327,0.007308192211397847,"{""colsample_bytree"": 0.41266945985016923, ""learning_rate"": 0.06064217588102749, ""max_depth"": 2, ""min_child_samples"": 21, ""num_leaves"": 4, ""reg_lambda"": 13.120796441046497, ""subsample"": 0.8676417473094471, ""subsample_freq"": 1}"
4,1,67,0,0.8534618091196594,0.8526101030201229,0.046707785175234176,"{""colsample_bytree"": 0.41266945985016923, ""learning_rate"": 0.06064217588102749, ""max_depth"": 2, ""min_child_samples"": 21, ""num_leaves"": 4, ""reg_lambda"": 13.120796441046497, ""subsample"": 0.8676417473094471, ""subsample_freq"": 1}"
4,1,71,1,0.9380942041981208,0.9385892302391714,0.026734454422708814,"{""colsample_bytree"": 0.41266945985016923, ""learning_rate"": 0.06064217588102749, ""max_depth"": 2, ""min_child_samples"": 21, ""num_leaves"": 4, ""reg_lambda"": 13.120796441046497, ""subsample"": 0.8676417473094471, ""subsample_freq"": 1}"
4,1,75,1,0.7180412484440588,0.6970649048230161,0.09923550779808155,"{""colsample_bytree"": 0.41266945985016923, ""learning_rate"": 0.06064217588102749, ""max_depth"": 2, ""min_child_samples"": 21, ""num_leaves"": 4, ""reg_lambda"": 13.120796441046497, ""subsample"": 0.8676417473094471, ""subsample_freq"": 1}"
4,1,83,1,0.5637757891010023,0.5532960757938177,0.06350188282299195,"{""colsample_bytree"": 0.41266945985016923, ""learning_rate"": 0.06064217588102749, ""max_depth"": 2, ""min_child_samples"": 21, ""num_leaves"": 4, ""reg_lambda"": 13.120796441046497, ""subsample"": 0.8676417473094471, ""subsample_freq"": 1}"
4,1,91,0,0.2578318904562432,0.26990191721484513,0.13145177835617927,"{""colsample_bytree"": 0.41266945985016923, ""learning_rate"": 0.06064217588102749, ""max_depth"": 2, ""min_child_samples"": 21, ""num_leaves"": 4, ""reg_lambda"": 13.120796441046497, ""subsample"": 0.8676417473094471, ""subsample_freq"": 1}"
4,1,92,1,0.9518973625531206,0.9541158025753077,0.016125266001476016,"{""colsample_bytree"": 0.41266945985016923, ""learning_rate"": 0.06064217588102749, ""max_depth"": 2, ""min_child_samples"": 21, ""num_leaves"": 4, ""reg_lambda"": 13.120796441046497, ""subsample"": 0.8676417473094471, ""subsample_freq"": 1}"
4,1,106,1,0.9200107666733663,0.9135590448549025,0.018434226835708646,"{""colsample_bytree"": 0.41266945985016923, ""learning_rate"": 0.06064217588102749, ""max_depth"": 2, ""min_child_samples"": 21, ""num_leaves"": 4, ""reg_lambda"": 13.120796441046497, ""subsample"": 0.8676417473094471, ""subsample_freq"": 1}"
4,1,109,1,0.9410032211443955,0.9523502211816515,0.022726745581080558,"{""colsample_bytree"": 0.41266945985016923, ""learning_rate"": 0.06064217588102749, ""max_depth"": 2, ""min_child_samples"": 21, ""num_leaves"": 4, ""reg_lambda"": 13.120796441046497, ""subsample"": 0.8676417473094471, ""subsample_freq"": 1}"
4,1,114,1,0.9814922596220388,0.979491579026502,0.012327702864614976,"{""colsample_bytree"": 0.41266945985016923, ""learning_rate"": 0.06064217588102749, ""max_depth"": 2, ""min_child_samples"": 21, ""num_leaves"": 4, ""reg_lambda"": 13.120796441046497, ""subsample"": 0.8676417473094471, ""subsample_freq"": 1}"
4,1,116,1,0.9539925276703825,0.9568087097370732,0.020339347920472824,"{""colsample_bytree"": 0.41266945985016923, ""learning_rate"": 0.06064217588102749, ""max_depth"": 2, ""min_child_samples"": 21, ""num_leaves"": 4, ""reg_lambda"": 13.120796441046497, ""subsample"": 0.8676417473094471, ""subsample_freq"": 1}"
4,1,131,1,0.9774847184886112,0.9772107238803158,0.013058635136808796,"{""colsample_bytree"": 0.41266945985016923, ""learning_rate"": 0.06064217588102749, ""max_depth"": 2, ""min_child_samples"": 21, ""num_leaves"": 4, ""reg_lambda"": 13.120796441046497, ""subsample"": 0.8676417473094471, ""subsample_freq"": 1}"
4,1,147,1,0.8896370603508559,0.8802434819703551,0.03767668934995676,"{""colsample_bytree"": 0.41266945985016923, ""learning_rate"": 0.06064217588102749, ""max_depth"": 2, ""min_child_samples"": 21, ""num_leaves"": 4, ""reg_lambda"": 13.120796441046497, ""subsample"": 0.8676417473094471, ""subsample_freq"": 1}"
4,1,148,1,0.8612824727708607,0.8395688768511121,0.08248991969132717,"{""colsample_bytree"": 0.41266945985016923, ""learning_rate"": 0.06064217588102749, ""max_depth"": 2, ""min_child_samples"": 21, ""num_leaves"": 4, ""reg_lambda"": 13.120796441046497, ""subsample"": 0.8676417473094471, ""subsample_freq"": 1}"
4,1,157,1,0.6394691071656239,0.5665696283301613,0.07450027194202509,"{""colsample_bytree"": 0.41266945985016923, ""learning_rate"": 0.06064217588102749, ""max_depth"": 2, ""min_child_samples"": 21, ""num_leaves"": 4, ""reg_lambda"": 13.120796441046497, ""subsample"": 0.8676417473094471, ""subsample_freq"": 1}"
4,1,168,0,0.1320403113341716,0.14044838270710813,0.09043577919491023,"{""colsample_bytree"": 0.41266945985016923, ""learning_rate"": 0.06064217588102749, ""max_depth"": 2, ""min_child_samples"": 21, ""num_leaves"": 4, ""reg_lambda"": 13.120796441046497, ""subsample"": 0.8676417473094471, ""subsample_freq"": 1}"
4,1,173,1,0.9620048301455831,0.9639907048543321,0.013951897334094595,"{""colsample_bytree"": 0.41266945985016923, ""learning_rate"": 0.06064217588102749, ""max_depth"": 2, ""min_child_samples"": 21, ""num_leaves"": 4, ""reg_lambda"": 13.120796441046497, ""subsample"": 0.8676417473094471, ""subsample_freq"": 1}"
4,1,176,1,0.3901071333402004,0.33428493133709897,0.1042340929354463,"{""colsample_bytree"": 0.41266945985016923, ""learning_rate"": 0.06064217588102749, ""max_depth"": 2, ""min_child_samples"": 21, ""num_leaves"": 4, ""reg_lambda"": 13.120796441046497, ""subsample"": 0.8676417473094471, ""subsample_freq"": 1}"
4,1,180,1,0.3003838469031459,0.34020563363698586,0.11876497877317665,"{""colsample_bytree"": 0.41266945985016923, ""learning_rate"": 0.06064217588102749, ""max_depth"": 2, ""min_child_samples"": 21, ""num_leaves"": 4, ""reg_lambda"": 13.120796441046497, ""subsample"": 0.8676417473094471, ""subsample_freq"": 1}"
4,1,182,1,0.6213573911381697,0.6606320430420599,0.06004943006244435,"{""colsample_bytree"": 0.41266945985016923, ""learning_rate"": 0.06064217588102749, ""max_depth"": 2, ""min_child_samples"": 21, ""num_leaves"": 4, ""reg_lambda"": 13.120796441046497, ""subsample"": 0.8676417473094471, ""subsample_freq"": 1}"
4,1,193,0,0.5553105687925054,0.5756216683318371,0.08395802585332184,"{""colsample_bytree"": 0.41266945985016923, ""learning_rate"": 0.06064217588102749, ""max_depth"": 2, ""min_child_samples"": 21, ""num_leaves"": 4, ""reg_lambda"": 13.120796441046497, ""subsample"": 0.8676417473094471, ""subsample_freq"": 1}"
4,1,201,0,0.46765900347451234,0.429126362556286,0.029774894700536698,"{""colsample_bytree"": 0.41266945985016923, ""learning_rate"": 0.06064217588102749, ""max_depth"": 2, ""min_child_samples"": 21, ""num_leaves"": 4, ""reg_lambda"": 13.120796441046497, ""subsample"": 0.8676417473094471, ""subsample_freq"": 1}"
4,1,202,1,0.9605833596986793,0.961677137816811,0.02079306502743933,"{""colsample_bytree"": 0.41266945985016923, ""learning_rate"": 0.06064217588102749, ""max_depth"": 2, ""min_child_samples"": 21, ""num_leaves"": 4, ""reg_lambda"": 13.120796441046497, ""subsample"": 0.8676417473094471, ""subsample_freq"": 1}"
4,1,203,0,0.4937008825443301,0.44082876901379847,0.10860340298413812,"{""colsample_bytree"": 0.41266945985016923, ""learning_rate"": 0.06064217588102749, ""max_depth"": 2, ""min_child_samples"": 21, ""num_leaves"": 4, ""reg_lambda"": 13.120796441046497, ""subsample"": 0.8676417473094471, ""subsample_freq"": 1}"
4,1,207,1,0.8198138905410738,0.8677906274709961,0.04514763936891387,"{""colsample_bytree"": 0.41266945985016923, ""learning_rate"": 0.06064217588102749, ""max_depth"": 2, ""min_child_samples"": 21, ""num_leaves"": 4, ""reg_lambda"": 13.120796441046497, ""subsample"": 0.8676417473094471, ""subsample_freq"": 1}"
4,1,210,0,0.19532592737767568,0.16639350065161168,0.07626857025331467,"{""colsample_bytree"": 0.41266945985016923, ""learning_rate"": 0.06064217588102749, ""max_depth"": 2, ""min_child_samples"": 21, ""num_leaves"": 4, ""reg_lambda"": 13.120796441046497, ""subsample"": 0.8676417473094471, ""subsample_freq"": 1}"
4,1,218,0,0.33744586059036197,0.3463576821567043,0.12341041487144465,"{""colsample_bytree"": 0.41266945985016923, ""learning_rate"": 0.06064217588102749, ""max_depth"": 2, ""min_child_samples"": 21, ""num_leaves"": 4, ""reg_lambda"": 13.120796441046497, ""subsample"": 0.8676417473094471, ""subsample_freq"": 1}"
4,1,221,1,0.6847882839681847,0.6862597355780748,0.11695302471642756,"{""colsample_bytree"": 0.41266945985016923, ""learning_rate"": 0.06064217588102749, ""max_depth"": 2, ""min_child_samples"": 21, ""num_leaves"": 4, ""reg_lambda"": 13.120796441046497, ""subsample"": 0.8676417473094471, ""subsample_freq"": 1}"
4,1,225,1,0.8704384396477106,0.8522144691951109,0.030759614775317266,"{""colsample_bytree"": 0.41266945985016923, ""learning_rate"": 0.06064217588102749, ""max_depth"": 2, ""min_child_samples"": 21, ""num_leaves"": 4, ""reg_lambda"": 13.120796441046497, ""subsample"": 0.8676417473094471, ""subsample_freq"": 1}"
4,1,231,1,0.9828976603001579,0.9848732783473757,0.0065237462869751255,"{""colsample_bytree"": 0.41266945985016923, ""learning_rate"": 0.06064217588102749, ""max_depth"": 2, ""min_child_samples"": 21, ""num_leaves"": 4, ""reg_lambda"": 13.120796441046497, ""subsample"": 0.8676417473094471, ""subsample_freq"": 1}"
4,1,236,1,0.7281047409653943,0.6839973791559731,0.10598684487297041,"{""colsample_bytree"": 0.41266945985016923, ""learning_rate"": 0.06064217588102749, ""max_depth"": 2, ""min_child_samples"": 21, ""num_leaves"": 4, ""reg_lambda"": 13.120796441046497, ""subsample"": 0.8676417473094471, ""subsample_freq"": 1}"
4,1,244,1,0.6835578230372384,0.6535599261895474,0.08938150898465007,"{""colsample_bytree"": 0.41266945985016923, ""learning_rate"": 0.06064217588102749, ""max_depth"": 2, ""min_child_samples"": 21, ""num_leaves"": 4, ""reg_lambda"": 13.120796441046497, ""subsample"": 0.8676417473094471, ""subsample_freq"": 1}"
4,1,246,1,0.972439352225235,0.9792092333225995,0.007545557488590781,"{""colsample_bytree"": 0.41266945985016923, ""learning_rate"": 0.06064217588102749, ""max_depth"": 2, ""min_child_samples"": 21, ""num_leaves"": 4, ""reg_lambda"": 13.120796441046497, ""subsample"": 0.8676417473094471, ""subsample_freq"": 1}"
4,1,247,0,0.12086700922550728,0.1283297671779154,0.09545250493813501,"{""colsample_bytree"": 0.41266945985016923, ""learning_rate"": 0.06064217588102749, ""max_depth"": 2, ""min_child_samples"": 21, ""num_leaves"": 4, ""reg_lambda"": 13.120796441046497, ""subsample"": 0.8676417473094471, ""subsample_freq"": 1}"
4,1,248,1,0.9803615348978612,0.9804989626072395,0.01079860628873802,"{""colsample_bytree"": 0.41266945985016923, ""learning_rate"": 0.06064217588102749, ""max_depth"": 2, ""min_child_samples"": 21, ""num_leaves"": 4, ""reg_lambda"": 13.120796441046497, ""subsample"": 0.8676417473094471, ""subsample_freq"": 1}"
4,1,250,1,0.9597653162024797,0.9588359977887935,0.01794107017441472,"{""colsample_bytree"": 0.41266945985016923, ""learning_rate"": 0.06064217588102749, ""max_depth"": 2, ""min_child_samples"": 21, ""num_leaves"": 4, ""reg_lambda"": 13.120796441046497, ""subsample"": 0.8676417473094471, ""subsample_freq"": 1}"
4,1,251,1,0.38865523113799355,0.35333079574890974,0.0859790627519789,"{""colsample_bytree"": 0.41266945985016923, ""learning_rate"": 0.06064217588102749, ""max_depth"": 2, ""min_child_samples"": 21, ""num_leaves"": 4, ""reg_lambda"": 13.120796441046497, ""subsample"": 0.8676417473094471, ""subsample_freq"": 1}"
4,1,252,1,0.8760134287903809,0.864697578157253,0.041185197119497516,"{""colsample_bytree"": 0.41266945985016923, ""learning_rate"": 0.06064217588102749, ""max_depth"": 2, ""min_child_samples"": 21, ""num_leaves"": 4, ""reg_lambda"": 13.120796441046497, ""subsample"": 0.8676417473094471, ""subsample_freq"": 1}"
4,1,254,0,0.5857904717106043,0.6148267726922958,0.15510800749328427,"{""colsample_bytree"": 0.41266945985016923, ""learning_rate"": 0.06064217588102749, ""max_depth"": 2, ""min_child_samples"": 21, ""num_leaves"": 4, ""reg_lambda"": 13.120796441046497, ""subsample"": 0.8676417473094471, ""subsample_freq"": 1}"
4,1,255,0,0.27393148800080247,0.2521961851224773,0.11331939021247053,"{""colsample_bytree"": 0.41266945985016923, ""learning_rate"": 0.06064217588102749, ""max_depth"": 2, ""min_child_samples"": 21, ""num_leaves"": 4, ""reg_lambda"": 13.120796441046497, ""subsample"": 0.8676417473094471, ""subsample_freq"": 1}"
4,1,267,1,0.8441990112573654,0.8689029681386508,0.05423923410407562,"{""colsample_bytree"": 0.41266945985016923, ""learning_rate"": 0.06064217588102749, ""max_depth"": 2, ""min_child_samples"": 21, ""num_leaves"": 4, ""reg_lambda"": 13.120796441046497, ""subsample"": 0.8676417473094471, ""subsample_freq"": 1}"
4,1,281,1,0.8034665388935732,0.7879818121190719,0.07826666014703294,"{""colsample_bytree"": 0.41266945985016923, ""learning_rate"": 0.06064217588102749, ""max_depth"": 2, ""min_child_samples"": 21, ""num_leaves"": 4, ""reg_lambda"": 13.120796441046497, ""subsample"": 0.8676417473094471, ""subsample_freq"": 1}"
4,1,285,0,0.21426821216991657,0.23095619505783632,0.09687911278246078,"{""colsample_bytree"": 0.41266945985016923, ""learning_rate"": 0.06064217588102749, ""max_depth"": 2, ""min_child_samples"": 21, ""num_leaves"": 4, ""reg_lambda"": 13.120796441046497, ""subsample"": 0.8676417473094471, ""subsample_freq"": 1}"
4,1,286,0,0.3416566292867469,0.33272528910244537,0.1050700621013638,"{""colsample_bytree"": 0.41266945985016923, ""learning_rate"": 0.06064217588102749, ""max_depth"": 2, ""min_child_samples"": 21, ""num_leaves"": 4, ""reg_lambda"": 13.120796441046497, ""subsample"": 0.8676417473094471, ""subsample_freq"": 1}"
4,1,291,0,0.4161604869746681,0.4116910359508494,0.0555547963277324,"{""colsample_bytree"": 0.41266945985016923, ""learning_rate"": 0.06064217588102749, ""max_depth"": 2, ""min_child_samples"": 21, ""num_leaves"": 4, ""reg_lambda"": 13.120796441046497, ""subsample"": 0.8676417473094471, ""subsample_freq"": 1}"
4,1,298,1,0.8650686313421438,0.8292062686429716,0.07530413950404513,"{""colsample_bytree"": 0.41266945985016923, ""learning_rate"": 0.06064217588102749, ""max_depth"": 2, ""min_child_samples"": 21, ""num_leaves"": 4, ""reg_lambda"": 13.120796441046497, ""subsample"": 0.8676417473094471, ""subsample_freq"": 1}"
4,2,10,1,0.9799562810394893,0.9565666346555203,0.023652291332552824,"{""colsample_bytree"": 0.44831881453292455, ""learning_rate"": 0.08053110718580067, ""max_depth"": 4, ""min_child_samples"": 5, ""num_leaves"": 15, ""reg_lambda"": 5.935333720483646, ""subsample"": 0.7521244146309628, ""subsample_freq"": 1}"
4,2,14,1,0.6791611141117495,0.5373582960021321,0.1149851623720545,"{""colsample_bytree"": 0.44831881453292455, ""learning_rate"": 0.08053110718580067, ""max_depth"": 4, ""min_child_samples"": 5, ""num_leaves"": 15, ""reg_lambda"": 5.935333720483646, ""subsample"": 0.7521244146309628, ""subsample_freq"": 1}"
4,2,16,0,0.2454325819437387,0.32116083026360814,0.09380757820159175,"{""colsample_bytree"": 0.44831881453292455, ""learning_rate"": 0.08053110718580067, ""max_depth"": 4, ""min_child_samples"": 5, ""num_leaves"": 15, ""reg_lambda"": 5.935333720483646, ""subsample"": 0.7521244146309628, ""subsample_freq"": 1}"
4,2,18,1,0.923801712335725,0.8793173337806957,0.056465476796815656,"{""colsample_bytree"": 0.44831881453292455, ""learning_rate"": 0.08053110718580067, ""max_depth"": 4, ""min_child_samples"": 5, ""num_leaves"": 15, ""reg_lambda"": 5.935333720483646, ""subsample"": 0.7521244146309628, ""subsample_freq"": 1}"
4,2,22,1,0.9944482463469471,0.9796606814310914,0.01346980692686922,"{""colsample_bytree"": 0.44831881453292455, ""learning_rate"": 0.08053110718580067, ""max_depth"": 4, ""min_child_samples"": 5, ""num_leaves"": 15, ""reg_lambda"": 5.935333720483646, ""subsample"": 0.7521244146309628, ""subsample_freq"": 1}"
4,2,38,1,0.909715967564846,0.8534767613512686,0.08726922571189918,"{""colsample_bytree"": 0.44831881453292455, ""learning_rate"": 0.08053110718580067, ""max_depth"": 4, ""min_child_samples"": 5, ""num_leaves"": 15, ""reg_lambda"": 5.935333720483646, ""subsample"": 0.7521244146309628, ""subsample_freq"": 1}"
4,2,40,1,0.9684065536562312,0.9253770500372228,0.030188131797065136,"{""colsample_bytree"": 0.44831881453292455, ""learning_rate"": 0.08053110718580067, ""max_depth"": 4, ""min_child_samples"": 5, ""num_leaves"": 15, ""reg_lambda"": 5.935333720483646, ""subsample"": 0.7521244146309628, ""subsample_freq"": 1}"
4,2,46,1,0.9721263802102583,0.9456583249307847,0.025207047210713193,"{""colsample_bytree"": 0.44831881453292455, ""learning_rate"": 0.08053110718580067, ""max_depth"": 4, ""min_child_samples"": 5, ""num_leaves"": 15, ""reg_lambda"": 5.935333720483646, ""subsample"": 0.7521244146309628, ""subsample_freq"": 1}"
4,2,48,0,0.0985277391448881,0.11886872154427267,0.09108149584340082,"{""colsample_bytree"": 0.44831881453292455, ""learning_rate"": 0.08053110718580067, ""max_depth"": 4, ""min_child_samples"": 5, ""num_leaves"": 15, ""reg_lambda"": 5.935333720483646, ""subsample"": 0.7521244146309628, ""subsample_freq"": 1}"
4,2,52,1,0.997064474423261,0.9846426576371773,0.015200012925661638,"{""colsample_bytree"": 0.44831881453292455, ""learning_rate"": 0.08053110718580067, ""max_depth"": 4, ""min_child_samples"": 5, ""num_leaves"": 15, ""reg_lambda"": 5.935333720483646, ""subsample"": 0.7521244146309628, ""subsample_freq"": 1}"
4,2,58,1,0.235513661322624,0.21427902457308345,0.13518486693840845,"{""colsample_bytree"": 0.44831881453292455, ""learning_rate"": 0.08053110718580067, ""max_depth"": 4, ""min_child_samples"": 5, ""num_leaves"": 15, ""reg_lambda"": 5.935333720483646, ""subsample"": 0.7521244146309628, ""subsample_freq"": 1}"
4,2,62,1,0.23691570660098243,0.2943558206351506,0.09017928386169426,"{""colsample_bytree"": 0.44831881453292455, ""learning_rate"": 0.08053110718580067, ""max_depth"": 4, ""min_child_samples"": 5, ""num_leaves"": 15, ""reg_lambda"": 5.935333720483646, ""subsample"": 0.7521244146309628, ""subsample_freq"": 1}"
4,2,63,1,0.9445953993818448,0.9225046443882194,0.039262834945077686,"{""colsample_bytree"": 0.44831881453292455, ""learning_rate"": 0.08053110718580067, ""max_depth"": 4, ""min_child_samples"": 5, ""num_leaves"": 15, ""reg_lambda"": 5.935333720483646, ""subsample"": 0.7521244146309628, ""subsample_freq"": 1}"
4,2,68,0,0.13606338593062753,0.1432158475434236,0.10132814988502606,"{""colsample_bytree"": 0.44831881453292455, ""learning_rate"": 0.08053110718580067, ""max_depth"": 4, ""min_child_samples"": 5, ""num_leaves"": 15, ""reg_lambda"": 5.935333720483646, ""subsample"": 0.7521244146309628, ""subsample_freq"": 1}"
4,2,69,1,0.969153124421057,0.9436248679976842,0.03373149859616981,"{""colsample_bytree"": 0.44831881453292455, ""learning_rate"": 0.08053110718580067, ""max_depth"": 4, ""min_child_samples"": 5, ""num_leaves"": 15, ""reg_lambda"": 5.935333720483646, ""subsample"": 0.7521244146309628, ""subsample_freq"": 1}"
4,2,87,1,0.9895911705395135,0.961640403330129,0.02445745149753996,"{""colsample_bytree"": 0.44831881453292455, ""learning_rate"": 0.08053110718580067, ""max_depth"": 4, ""min_child_samples"": 5, ""num_leaves"": 15, ""reg_lambda"": 5.935333720483646, ""subsample"": 0.7521244146309628, ""subsample_freq"": 1}"
4,2,97,1,0.9736848434305648,0.9291171466259749,0.03960920566129279,"{""colsample_bytree"": 0.44831881453292455, ""learning_rate"": 0.08053110718580067, ""max_depth"": 4, ""min_child_samples"": 5, ""num_leaves"": 15, ""reg_lambda"": 5.935333720483646, ""subsample"": 0.7521244146309628, ""subsample_freq"": 1}"
4,2,110,1,0.5206824124906985,0.43742958462297166,0.09249485515702106,"{""colsample_bytree"": 0.44831881453292455, ""learning_rate"": 0.08053110718580067, ""max_depth"": 4, ""min_child_samples"": 5, ""num_leaves"": 15, ""reg_lambda"": 5.935333720483646, ""subsample"": 0.7521244146309628, ""subsample_freq"": 1}"
4,2,120,1,0.9782587415074331,0.9465256593961777,0.016754134781094526,"{""colsample_bytree"": 0.44831881453292455, ""learning_rate"": 0.08053110718580067, ""max_depth"": 4, ""min_child_samples"": 5, ""num_leaves"": 15, ""reg_lambda"": 5.935333720483646, ""subsample"": 0.7521244146309628, ""subsample_freq"": 1}"
4,2,125,1,0.9274837371517545,0.8795655519420968,0.061041192465628405,"{""colsample_bytree"": 0.44831881453292455, ""learning_rate"": 0.08053110718580067, ""max_depth"": 4, ""min_child_samples"": 5, ""num_leaves"": 15, ""reg_lambda"": 5.935333720483646, ""subsample"": 0.7521244146309628, ""subsample_freq"": 1}"
4,2,127,1,0.9934731290265659,0.9733811691568087,0.02122107710149252,"{""colsample_bytree"": 0.44831881453292455, ""learning_rate"": 0.08053110718580067, ""max_depth"": 4, ""min_child_samples"": 5, ""num_leaves"": 15, ""reg_lambda"": 5.935333720483646, ""subsample"": 0.7521244146309628, ""subsample_freq"": 1}"
4,2,128,1,0.7878797382232932,0.7257472148245605,0.020459491446140444,"{""colsample_bytree"": 0.44831881453292455, ""learning_rate"": 0.08053110718580067, ""max_depth"": 4, ""min_child_samples"": 5, ""num_leaves"": 15, ""reg_lambda"": 5.935333720483646, ""subsample"": 0.7521244146309628, ""subsample_freq"": 1}"
4,2,130,0,0.5442873847341465,0.3571457679986939,0.12301481286806297,"{""colsample_bytree"": 0.44831881453292455, ""learning_rate"": 0.08053110718580067, ""max_depth"": 4, ""min_child_samples"": 5, ""num_leaves"": 15, ""reg_lambda"": 5.935333720483646, ""subsample"": 0.7521244146309628, ""subsample_freq"": 1}"
4,2,132,1,0.9951397683191449,0.973543797462843,0.018996279235626044,"{""colsample_bytree"": 0.44831881453292455, ""learning_rate"": 0.08053110718580067, ""max_depth"": 4, ""min_child_samples"": 5, ""num_leaves"": 15, ""reg_lambda"": 5.935333720483646, ""subsample"": 0.7521244146309628, ""subsample_freq"": 1}"
4,2,135,1,0.8315443796599695,0.7947351925386663,0.09846028313457464,"{""colsample_bytree"": 0.44831881453292455, ""learning_rate"": 0.08053110718580067, ""max_depth"": 4, ""min_child_samples"": 5, ""num_leaves"": 15, ""reg_lambda"": 5.935333720483646, ""subsample"": 0.7521244146309628, ""subsample_freq"": 1}"
4,2,142,1,0.3567778042808806,0.36584605544409843,0.18735845247397817,"{""colsample_bytree"": 0.44831881453292455, ""learning_rate"": 0.08053110718580067, ""max_depth"": 4, ""min_child_samples"": 5, ""num_leaves"": 15, ""reg_lambda"": 5.935333720483646, ""subsample"": 0.7521244146309628, ""subsample_freq"": 1}"
4,2,151,0,0.6957287742801802,0.5926614671326911,0.1547977988607995,"{""colsample_bytree"": 0.44831881453292455, ""learning_rate"": 0.08053110718580067, ""max_depth"": 4, ""min_child_samples"": 5, ""num_leaves"": 15, ""reg_lambda"": 5.935333720483646, ""subsample"": 0.7521244146309628, ""subsample_freq"": 1}"
4,2,154,1,0.8945570452834006,0.852596330514183,0.0605778460732025,"{""colsample_bytree"": 0.44831881453292455, ""learning_rate"": 0.08053110718580067, ""max_depth"": 4, ""min_child_samples"": 5, ""num_leaves"": 15, ""reg_lambda"": 5.935333720483646, ""subsample"": 0.7521244146309628, ""subsample_freq"": 1}"
4,2,155,1,0.9892007352166348,0.9727789927798224,0.02033933423215489,"{""colsample_bytree"": 0.44831881453292455, ""learning_rate"": 0.08053110718580067, ""max_depth"": 4, ""min_child_samples"": 5, ""num_leaves"": 15, ""reg_lambda"": 5.935333720483646, ""subsample"": 0.7521244146309628, ""subsample_freq"": 1}"
4,2,167,1,0.9202753541260029,0.8757880511923176,0.05460937123480016,"{""colsample_bytree"": 0.44831881453292455, ""learning_rate"": 0.08053110718580067, ""max_depth"": 4, ""min_child_samples"": 5, ""num_leaves"": 15, ""reg_lambda"": 5.935333720483646, ""subsample"": 0.7521244146309628, ""subsample_freq"": 1}"
4,2,170,0,0.10043906948868107,0.19571386525954063,0.11931429355468784,"{""colsample_bytree"": 0.44831881453292455, ""learning_rate"": 0.08053110718580067, ""max_depth"": 4, ""min_child_samples"": 5, ""num_leaves"": 15, ""reg_lambda"": 5.935333720483646, ""subsample"": 0.7521244146309628, ""subsample_freq"": 1}"
4,2,171,1,0.9753992277637785,0.9388596467798452,0.03139119087020206,"{""colsample_bytree"": 0.44831881453292455, ""learning_rate"": 0.08053110718580067, ""max_depth"": 4, ""min_child_samples"": 5, ""num_leaves"": 15, ""reg_lambda"": 5.935333720483646, ""subsample"": 0.7521244146309628, ""subsample_freq"": 1}"
4,2,172,1,0.9347090246073128,0.8773088429908983,0.03855863169833823,"{""colsample_bytree"": 0.44831881453292455, ""learning_rate"": 0.08053110718580067, ""max_depth"": 4, ""min_child_samples"": 5, ""num_leaves"": 15, ""reg_lambda"": 5.935333720483646, ""subsample"": 0.7521244146309628, ""subsample_freq"": 1}"
4,2,178,1,0.8332645180214516,0.767873291441512,0.07629140765046497,"{""colsample_bytree"": 0.44831881453292455, ""learning_rate"": 0.08053110718580067, ""max_depth"": 4, ""min_child_samples"": 5, ""num_leaves"": 15, ""reg_lambda"": 5.935333720483646, ""subsample"": 0.7521244146309628, ""subsample_freq"": 1}"
4,2,181,1,0.9680494380033768,0.9495161442248093,0.047022816948893514,"{""colsample_bytree"": 0.44831881453292455, ""learning_rate"": 0.08053110718580067, ""max_depth"": 4, ""min_child_samples"": 5, ""num_leaves"": 15, ""reg_lambda"": 5.935333720483646, ""subsample"": 0.7521244146309628, ""subsample_freq"": 1}"
4,2,190,0,0.960859247245114,0.8739760832939008,0.08350852919854042,"{""colsample_bytree"": 0.44831881453292455, ""learning_rate"": 0.08053110718580067, ""max_depth"": 4, ""min_child_samples"": 5, ""num_leaves"": 15, ""reg_lambda"": 5.935333720483646, ""subsample"": 0.7521244146309628, ""subsample_freq"": 1}"
4,2,195,1,0.9733156399911654,0.934149625373621,0.02059656633819226,"{""colsample_bytree"": 0.44831881453292455, ""learning_rate"": 0.08053110718580067, ""max_depth"": 4, ""min_child_samples"": 5, ""num_leaves"": 15, ""reg_lambda"": 5.935333720483646, ""subsample"": 0.7521244146309628, ""subsample_freq"": 1}"
4,2,196,0,0.23383707162784725,0.3047873345193336,0.12471937354320924,"{""colsample_bytree"": 0.44831881453292455, ""learning_rate"": 0.08053110718580067, ""max_depth"": 4, ""min_child_samples"": 5, ""num_leaves"": 15, ""reg_lambda"": 5.935333720483646, ""subsample"": 0.7521244146309628, ""subsample_freq"": 1}"
4,2,197,1,0.9757409093604993,0.9446560421829802,0.040860026222205914,"{""colsample_bytree"": 0.44831881453292455, ""learning_rate"": 0.08053110718580067, ""max_depth"": 4, ""min_child_samples"": 5, ""num_leaves"": 15, ""reg_lambda"": 5.935333720483646, ""subsample"": 0.7521244146309628, ""subsample_freq"": 1}"
4,2,204,0,0.26965920822954836,0.3079808808361048,0.16009145044831877,"{""colsample_bytree"": 0.44831881453292455, ""learning_rate"": 0.08053110718580067, ""max_depth"": 4, ""min_child_samples"": 5, ""num_leaves"": 15, ""reg_lambda"": 5.935333720483646, ""subsample"": 0.7521244146309628, ""subsample_freq"": 1}"
4,2,213,0,0.9740201251816837,0.9062213716563583,0.04837486483599061,"{""colsample_bytree"": 0.44831881453292455, ""learning_rate"": 0.08053110718580067, ""max_depth"": 4, ""min_child_samples"": 5, ""num_leaves"": 15, ""reg_lambda"": 5.935333720483646, ""subsample"": 0.7521244146309628, ""subsample_freq"": 1}"
4,2,214,0,0.9722937883473804,0.9462894340912301,0.02388948174607052,"{""colsample_bytree"": 0.44831881453292455, ""learning_rate"": 0.08053110718580067, ""max_depth"": 4, ""min_child_samples"": 5, ""num_leaves"": 15, ""reg_lambda"": 5.935333720483646, ""subsample"": 0.7521244146309628, ""subsample_freq"": 1}"
4,2,215,1,0.9914373087342487,0.9666577645933758,0.0321428833302422,"{""colsample_bytree"": 0.44831881453292455, ""learning_rate"": 0.08053110718580067, ""max_depth"": 4, ""min_child_samples"": 5, ""num_leaves"": 15, ""reg_lambda"": 5.935333720483646, ""subsample"": 0.7521244146309628, ""subsample_freq"": 1}"
4,2,219,1,0.13402827039867485,0.18416244986916958,0.07000485939325395,"{""colsample_bytree"": 0.44831881453292455, ""learning_rate"": 0.08053110718580067, ""max_depth"": 4, ""min_child_samples"": 5, ""num_leaves"": 15, ""reg_lambda"": 5.935333720483646, ""subsample"": 0.7521244146309628, ""subsample_freq"": 1}"
4,2,232,1,0.9609707711209864,0.931889529644948,0.05293294678589197,"{""colsample_bytree"": 0.44831881453292455, ""learning_rate"": 0.08053110718580067, ""max_depth"": 4, ""min_child_samples"": 5, ""num_leaves"": 15, ""reg_lambda"": 5.935333720483646, ""subsample"": 0.7521244146309628, ""subsample_freq"": 1}"
4,2,237,1,0.8347678433642436,0.7695557379890113,0.0666933967884787,"{""colsample_bytree"": 0.44831881453292455, ""learning_rate"": 0.08053110718580067, ""max_depth"": 4, ""min_child_samples"": 5, ""num_leaves"": 15, ""reg_lambda"": 5.935333720483646, ""subsample"": 0.7521244146309628, ""subsample_freq"": 1}"
4,2,238,1,0.19908912356878572,0.1992730649486612,0.09272740490474818,"{""colsample_bytree"": 0.44831881453292455, ""learning_rate"": 0.08053110718580067, ""max_depth"": 4, ""min_child_samples"": 5, ""num_leaves"": 15, ""reg_lambda"": 5.935333720483646, ""subsample"": 0.7521244146309628, ""subsample_freq"": 1}"
4,2,242,1,0.978763219195202,0.9317515344909637,0.041626604617294574,"{""colsample_bytree"": 0.44831881453292455, ""learning_rate"": 0.08053110718580067, ""max_depth"": 4, ""min_child_samples"": 5, ""num_leaves"": 15, ""reg_lambda"": 5.935333720483646, ""subsample"": 0.7521244146309628, ""subsample_freq"": 1}"
4,2,243,1,0.953849595723146,0.9244482765171093,0.0308226940160917,"{""colsample_bytree"": 0.44831881453292455, ""learning_rate"": 0.08053110718580067, ""max_depth"": 4, ""min_child_samples"": 5, ""num_leaves"": 15, ""reg_lambda"": 5.935333720483646, ""subsample"": 0.7521244146309628, ""subsample_freq"": 1}"
4,2,257,0,0.039941500089532865,0.08664373883060761,0.06092860934047133,"{""colsample_bytree"": 0.44831881453292455, ""learning_rate"": 0.08053110718580067, ""max_depth"": 4, ""min_child_samples"": 5, ""num_leaves"": 15, ""reg_lambda"": 5.935333720483646, ""subsample"": 0.7521244146309628, ""subsample_freq"": 1}"
4,2,259,1,0.9126780931846418,0.8817459952189459,0.05151329791361368,"{""colsample_bytree"": 0.44831881453292455, ""learning_rate"": 0.08053110718580067, ""max_depth"": 4, ""min_child_samples"": 5, ""num_leaves"": 15, ""reg_lambda"": 5.935333720483646, ""subsample"": 0.7521244146309628, ""subsample_freq"": 1}"
4,2,268,0,0.599095391693424,0.47187118186454474,0.10221747100082773,"{""colsample_bytree"": 0.44831881453292455, ""learning_rate"": 0.08053110718580067, ""max_depth"": 4, ""min_child_samples"": 5, ""num_leaves"": 15, ""reg_lambda"": 5.935333720483646, ""subsample"": 0.7521244146309628, ""subsample_freq"": 1}"
4,2,269,1,0.9844779237836297,0.9661223892113118,0.020787732267513518,"{""colsample_bytree"": 0.44831881453292455, ""learning_rate"": 0.08053110718580067, ""max_depth"": 4, ""min_child_samples"": 5, ""num_leaves"": 15, ""reg_lambda"": 5.935333720483646, ""subsample"": 0.7521244146309628, ""subsample_freq"": 1}"
4,2,270,0,0.06923904789095135,0.08733086682512536,0.0701901145084752,"{""colsample_bytree"": 0.44831881453292455, ""learning_rate"": 0.08053110718580067, ""max_depth"": 4, ""min_child_samples"": 5, ""num_leaves"": 15, ""reg_lambda"": 5.935333720483646, ""subsample"": 0.7521244146309628, ""subsample_freq"": 1}"
4,2,272,0,0.8592560413021499,0.7548637339647946,0.08696822003079864,"{""colsample_bytree"": 0.44831881453292455, ""learning_rate"": 0.08053110718580067, ""max_depth"": 4, ""min_child_samples"": 5, ""num_leaves"": 15, ""reg_lambda"": 5.935333720483646, ""subsample"": 0.7521244146309628, ""subsample_freq"": 1}"
4,2,273,1,0.9969802367448872,0.9835696467654824,0.015614187112113417,"{""colsample_bytree"": 0.44831881453292455, ""learning_rate"": 0.08053110718580067, ""max_depth"": 4, ""min_child_samples"": 5, ""num_leaves"": 15, ""reg_lambda"": 5.935333720483646, ""subsample"": 0.7521244146309628, ""subsample_freq"": 1}"
4,2,279,1,0.9439419353521822,0.8597386074108007,0.07517518532513297,"{""colsample_bytree"": 0.44831881453292455, ""learning_rate"": 0.08053110718580067, ""max_depth"": 4, ""min_child_samples"": 5, ""num_leaves"": 15, ""reg_lambda"": 5.935333720483646, ""subsample"": 0.7521244146309628, ""subsample_freq"": 1}"
4,2,280,0,0.36578215707202283,0.44517443845761084,0.12003936106804748,"{""colsample_bytree"": 0.44831881453292455, ""learning_rate"": 0.08053110718580067, ""max_depth"": 4, ""min_child_samples"": 5, ""num_leaves"": 15, ""reg_lambda"": 5.935333720483646, ""subsample"": 0.7521244146309628, ""subsample_freq"": 1}"
4,2,288,1,0.827176937728369,0.6535410662945804,0.07007455825136573,"{""colsample_bytree"": 0.44831881453292455, ""learning_rate"": 0.08053110718580067, ""max_depth"": 4, ""min_child_samples"": 5, ""num_leaves"": 15, ""reg_lambda"": 5.935333720483646, ""subsample"": 0.7521244146309628, ""subsample_freq"": 1}"
4,2,292,0,0.5797387718771191,0.6398248537412259,0.09607361897393782,"{""colsample_bytree"": 0.44831881453292455, ""learning_rate"": 0.08053110718580067, ""max_depth"": 4, ""min_child_samples"": 5, ""num_leaves"": 15, ""reg_lambda"": 5.935333720483646, ""subsample"": 0.7521244146309628, ""subsample_freq"": 1}"
4,2,296,0,0.2977490039490975,0.3147897797408111,0.11946063244405795,"{""colsample_bytree"": 0.44831881453292455, ""learning_rate"": 0.08053110718580067, ""max_depth"": 4, ""min_child_samples"": 5, ""num_leaves"": 15, ""reg_lambda"": 5.935333720483646, ""subsample"": 0.7521244146309628, ""subsample_freq"": 1}"
4,3,0,1,0.8984651047147957,0.7550754809353845,0.12147361288760453,"{""colsample_bytree"": 0.8512652125039295, ""learning_rate"": 0.037698500940862266, ""max_depth"": 2, ""min_child_samples"": 10, ""num_leaves"": 9, ""reg_lambda"": 0.6718214798781978, ""subsample"": 0.7561897708947284, ""subsample_freq"": 1}"
4,3,5,1,0.8876866728290895,0.7553264368972075,0.07969635294586112,"{""colsample_bytree"": 0.8512652125039295, ""learning_rate"": 0.037698500940862266, ""max_depth"": 2, ""min_child_samples"": 10, ""num_leaves"": 9, ""reg_lambda"": 0.6718214798781978, ""subsample"": 0.7561897708947284, ""subsample_freq"": 1}"
4,3,11,1,0.993589859767081,0.9793014643203112,0.01059097132741195,"{""colsample_bytree"": 0.8512652125039295, ""learning_rate"": 0.037698500940862266, ""max_depth"": 2, ""min_child_samples"": 10, ""num_leaves"": 9, ""reg_lambda"": 0.6718214798781978, ""subsample"": 0.7561897708947284, ""subsample_freq"": 1}"
4,3,23,1,0.9931614623864927,0.9833473318819139,0.009987451302699823,"{""colsample_bytree"": 0.8512652125039295, ""learning_rate"": 0.037698500940862266, ""max_depth"": 2, ""min_child_samples"": 10, ""num_leaves"": 9, ""reg_lambda"": 0.6718214798781978, ""subsample"": 0.7561897708947284, ""subsample_freq"": 1}"
4,3,24,1,0.9005473049938568,0.877480437714469,0.038959078623153266,"{""colsample_bytree"": 0.8512652125039295, ""learning_rate"": 0.037698500940862266, ""max_depth"": 2, ""min_child_samples"": 10, ""num_leaves"": 9, ""reg_lambda"": 0.6718214798781978, ""subsample"": 0.7561897708947284, ""subsample_freq"": 1}"
4,3,37,1,0.8166303078861707,0.6991465326451201,0.09766154608942787,"{""colsample_bytree"": 0.8512652125039295, ""learning_rate"": 0.037698500940862266, ""max_depth"": 2, ""min_child_samples"": 10, ""num_leaves"": 9, ""reg_lambda"": 0.6718214798781978, ""subsample"": 0.7561897708947284, ""subsample_freq"": 1}"
4,3,44,1,0.860560378844769,0.7767676779501188,0.14100004399360533,"{""colsample_bytree"": 0.8512652125039295, ""learning_rate"": 0.037698500940862266, ""max_depth"": 2, ""min_child_samples"": 10, ""num_leaves"": 9, ""reg_lambda"": 0.6718214798781978, ""subsample"": 0.7561897708947284, ""subsample_freq"": 1}"
4,3,59,1,0.9806051187501029,0.9738405103798827,0.010115608830451336,"{""colsample_bytree"": 0.8512652125039295, ""learning_rate"": 0.037698500940862266, ""max_depth"": 2, ""min_child_samples"": 10, ""num_leaves"": 9, ""reg_lambda"": 0.6718214798781978, ""subsample"": 0.7561897708947284, ""subsample_freq"": 1}"
4,3,64,0,0.2197472747024318,0.2860197016919699,0.0447968885252427,"{""colsample_bytree"": 0.8512652125039295, ""learning_rate"": 0.037698500940862266, ""max_depth"": 2, ""min_child_samples"": 10, ""num_leaves"": 9, ""reg_lambda"": 0.6718214798781978, ""subsample"": 0.7561897708947284, ""subsample_freq"": 1}"
4,3,66,1,0.9802017539188156,0.9365250707961661,0.04318687334279306,"{""colsample_bytree"": 0.8512652125039295, ""learning_rate"": 0.037698500940862266, ""max_depth"": 2, ""min_child_samples"": 10, ""num_leaves"": 9, ""reg_lambda"": 0.6718214798781978, ""subsample"": 0.7561897708947284, ""subsample_freq"": 1}"
4,3,78,1,0.883046990578607,0.8465728737451844,0.04203801314846262,"{""colsample_bytree"": 0.8512652125039295, ""learning_rate"": 0.037698500940862266, ""max_depth"": 2, ""min_child_samples"": 10, ""num_leaves"": 9, ""reg_lambda"": 0.6718214798781978, ""subsample"": 0.7561897708947284, ""subsample_freq"": 1}"
4,3,79,0,0.18670209988933706,0.25262698720106264,0.08654772523055616,"{""colsample_bytree"": 0.8512652125039295, ""learning_rate"": 0.037698500940862266, ""max_depth"": 2, ""min_child_samples"": 10, ""num_leaves"": 9, ""reg_lambda"": 0.6718214798781978, ""subsample"": 0.7561897708947284, ""subsample_freq"": 1}"
4,3,80,1,0.9764016143529021,0.9504793463024903,0.023238524715836643,"{""colsample_bytree"": 0.8512652125039295, ""learning_rate"": 0.037698500940862266, ""max_depth"": 2, ""min_child_samples"": 10, ""num_leaves"": 9, ""reg_lambda"": 0.6718214798781978, ""subsample"": 0.7561897708947284, ""subsample_freq"": 1}"
4,3,81,1,0.9944032796980592,0.9816085352871674,0.010138296714297222,"{""colsample_bytree"": 0.8512652125039295, ""learning_rate"": 0.037698500940862266, ""max_depth"": 2, ""min_child_samples"": 10, ""num_leaves"": 9, ""reg_lambda"": 0.6718214798781978, ""subsample"": 0.7561897708947284, ""subsample_freq"": 1}"
4,3,84,1,0.9581664257402936,0.9339190767682041,0.023325252079893066,"{""colsample_bytree"": 0.8512652125039295, ""learning_rate"": 0.037698500940862266, ""max_depth"": 2, ""min_child_samples"": 10, ""num_leaves"": 9, ""reg_lambda"": 0.6718214798781978, ""subsample"": 0.7561897708947284, ""subsample_freq"": 1}"
4,3,85,1,0.856169197422221,0.8237624797562629,0.03353177992226043,"{""colsample_bytree"": 0.8512652125039295, ""learning_rate"": 0.037698500940862266, ""max_depth"": 2, ""min_child_samples"": 10, ""num_leaves"": 9, ""reg_lambda"": 0.6718214798781978, ""subsample"": 0.7561897708947284, ""subsample_freq"": 1}"
4,3,86,1,0.9670573206884853,0.9429610596273635,0.024084712090667683,"{""colsample_bytree"": 0.8512652125039295, ""learning_rate"": 0.037698500940862266, ""max_depth"": 2, ""min_child_samples"": 10, ""num_leaves"": 9, ""reg_lambda"": 0.6718214798781978, ""subsample"": 0.7561897708947284, ""subsample_freq"": 1}"
4,3,89,1,0.9542089483368519,0.9443488982340721,0.019978661013327858,"{""colsample_bytree"": 0.8512652125039295, ""learning_rate"": 0.037698500940862266, ""max_depth"": 2, ""min_child_samples"": 10, ""num_leaves"": 9, ""reg_lambda"": 0.6718214798781978, ""subsample"": 0.7561897708947284, ""subsample_freq"": 1}"
4,3,90,1,0.6475792027914825,0.6408761222865174,0.08508156201964058,"{""colsample_bytree"": 0.8512652125039295, ""learning_rate"": 0.037698500940862266, ""max_depth"": 2, ""min_child_samples"": 10, ""num_leaves"": 9, ""reg_lambda"": 0.6718214798781978, ""subsample"": 0.7561897708947284, ""subsample_freq"": 1}"
4,3,95,1,0.9682741387708863,0.9423816591595777,0.029473798307466128,"{""colsample_bytree"": 0.8512652125039295, ""learning_rate"": 0.037698500940862266, ""max_depth"": 2, ""min_child_samples"": 10, ""num_leaves"": 9, ""reg_lambda"": 0.6718214798781978, ""subsample"": 0.7561897708947284, ""subsample_freq"": 1}"
4,3,98,1,0.9729002025329382,0.9454883001546677,0.023501298126720385,"{""colsample_bytree"": 0.8512652125039295, ""learning_rate"": 0.037698500940862266, ""max_depth"": 2, ""min_child_samples"": 10, ""num_leaves"": 9, ""reg_lambda"": 0.6718214798781978, ""subsample"": 0.7561897708947284, ""subsample_freq"": 1}"
4,3,99,1,0.7905614169176637,0.7498553559513063,0.11490707768381499,"{""colsample_bytree"": 0.8512652125039295, ""learning_rate"": 0.037698500940862266, ""max_depth"": 2, ""min_child_samples"": 10, ""num_leaves"": 9, ""reg_lambda"": 0.6718214798781978, ""subsample"": 0.7561897708947284, ""subsample_freq"": 1}"
4,3,102,0,0.14156166293091624,0.22868515299175285,0.04726364611679248,"{""colsample_bytree"": 0.8512652125039295, ""learning_rate"": 0.037698500940862266, ""max_depth"": 2, ""min_child_samples"": 10, ""num_leaves"": 9, ""reg_lambda"": 0.6718214798781978, ""subsample"": 0.7561897708947284, ""subsample_freq"": 1}"
4,3,105,1,0.7963721776422711,0.7161846735537165,0.12598352344531205,"{""colsample_bytree"": 0.8512652125039295, ""learning_rate"": 0.037698500940862266, ""max_depth"": 2, ""min_child_samples"": 10, ""num_leaves"": 9, ""reg_lambda"": 0.6718214798781978, ""subsample"": 0.7561897708947284, ""subsample_freq"": 1}"
4,3,108,0,0.2263196800886265,0.29614733562464,0.08213624535876861,"{""colsample_bytree"": 0.8512652125039295, ""learning_rate"": 0.037698500940862266, ""max_depth"": 2, ""min_child_samples"": 10, ""num_leaves"": 9, ""reg_lambda"": 0.6718214798781978, ""subsample"": 0.7561897708947284, ""subsample_freq"": 1}"
4,3,111,1,0.9481946059046843,0.9312900204279266,0.02560888616387526,"{""colsample_bytree"": 0.8512652125039295, ""learning_rate"": 0.037698500940862266, ""max_depth"": 2, ""min_child_samples"": 10, ""num_leaves"": 9, ""reg_lambda"": 0.6718214798781978, ""subsample"": 0.7561897708947284, ""subsample_freq"": 1}"
4,3,112,1,0.9573027023069695,0.9214211452567163,0.05124287818843728,"{""colsample_bytree"": 0.8512652125039295, ""learning_rate"": 0.037698500940862266, ""max_depth"": 2, ""min_child_samples"": 10, ""num_leaves"": 9, ""reg_lambda"": 0.6718214798781978, ""subsample"": 0.7561897708947284, ""subsample_freq"": 1}"
4,3,117,1,0.968616130614241,0.9495078878013754,0.024921823942054732,"{""colsample_bytree"": 0.8512652125039295, ""learning_rate"": 0.037698500940862266, ""max_depth"": 2, ""min_child_samples"": 10, ""num_leaves"": 9, ""reg_lambda"": 0.6718214798781978, ""subsample"": 0.7561897708947284, ""subsample_freq"": 1}"
4,3,119,1,0.8811345068403249,0.856513950120255,0.02634202949285175,"{""colsample_bytree"": 0.8512652125039295, ""learning_rate"": 0.037698500940862266, ""max_depth"": 2, ""min_child_samples"": 10, ""num_leaves"": 9, ""reg_lambda"": 0.6718214798781978, ""subsample"": 0.7561897708947284, ""subsample_freq"": 1}"
4,3,129,0,0.17193122010705056,0.2701378840147994,0.06542297927019071,"{""colsample_bytree"": 0.8512652125039295, ""learning_rate"": 0.037698500940862266, ""max_depth"": 2, ""min_child_samples"": 10, ""num_leaves"": 9, ""reg_lambda"": 0.6718214798781978, ""subsample"": 0.7561897708947284, ""subsample_freq"": 1}"
4,3,137,0,0.12053521298733257,0.21030087767371972,0.06563095785452111,"{""colsample_bytree"": 0.8512652125039295, ""learning_rate"": 0.037698500940862266, ""max_depth"": 2, ""min_child_samples"": 10, ""num_leaves"": 9, ""reg_lambda"": 0.6718214798781978, ""subsample"": 0.7561897708947284, ""subsample_freq"": 1}"
4,3,145,1,0.9466437162531937,0.9136852955975974,0.029149082420306168,"{""colsample_bytree"": 0.8512652125039295, ""learning_rate"": 0.037698500940862266, ""max_depth"": 2, ""min_child_samples"": 10, ""num_leaves"": 9, ""reg_lambda"": 0.6718214798781978, ""subsample"": 0.7561897708947284, ""subsample_freq"": 1}"
4,3,149,1,0.9565909276949365,0.9268413216590154,0.030655372015601742,"{""colsample_bytree"": 0.8512652125039295, ""learning_rate"": 0.037698500940862266, ""max_depth"": 2, ""min_child_samples"": 10, ""num_leaves"": 9, ""reg_lambda"": 0.6718214798781978, ""subsample"": 0.7561897708947284, ""subsample_freq"": 1}"
4,3,156,1,0.8584025672439588,0.8330423990048947,0.04595678907809452,"{""colsample_bytree"": 0.8512652125039295, ""learning_rate"": 0.037698500940862266, ""max_depth"": 2, ""min_child_samples"": 10, ""num_leaves"": 9, ""reg_lambda"": 0.6718214798781978, ""subsample"": 0.7561897708947284, ""subsample_freq"": 1}"
4,3,179,0,0.303978286887445,0.3147580540264152,0.13335772193982884,"{""colsample_bytree"": 0.8512652125039295, ""learning_rate"": 0.037698500940862266, ""max_depth"": 2, ""min_child_samples"": 10, ""num_leaves"": 9, ""reg_lambda"": 0.6718214798781978, ""subsample"": 0.7561897708947284, ""subsample_freq"": 1}"
4,3,183,0,0.7954793788924859,0.8084546240366537,0.05063474390346822,"{""colsample_bytree"": 0.8512652125039295, ""learning_rate"": 0.037698500940862266, ""max_depth"": 2, ""min_child_samples"": 10, ""num_leaves"": 9, ""reg_lambda"": 0.6718214798781978, ""subsample"": 0.7561897708947284, ""subsample_freq"": 1}"
4,3,184,1,0.8144887743830583,0.7889271072706271,0.0873895967038623,"{""colsample_bytree"": 0.8512652125039295, ""learning_rate"": 0.037698500940862266, ""max_depth"": 2, ""min_child_samples"": 10, ""num_leaves"": 9, ""reg_lambda"": 0.6718214798781978, ""subsample"": 0.7561897708947284, ""subsample_freq"": 1}"
4,3,185,0,0.9368957630158453,0.8316110017125379,0.05900035564738672,"{""colsample_bytree"": 0.8512652125039295, ""learning_rate"": 0.037698500940862266, ""max_depth"": 2, ""min_child_samples"": 10, ""num_leaves"": 9, ""reg_lambda"": 0.6718214798781978, ""subsample"": 0.7561897708947284, ""subsample_freq"": 1}"
4,3,186,0,0.8149182568268428,0.756961719844498,0.06757978378142018,"{""colsample_bytree"": 0.8512652125039295, ""learning_rate"": 0.037698500940862266, ""max_depth"": 2, ""min_child_samples"": 10, ""num_leaves"": 9, ""reg_lambda"": 0.6718214798781978, ""subsample"": 0.7561897708947284, ""subsample_freq"": 1}"
4,3,191,1,0.9588118737843472,0.9378460940905307,0.025668803753851492,"{""colsample_bytree"": 0.8512652125039295, ""learning_rate"": 0.037698500940862266, ""max_depth"": 2, ""min_child_samples"": 10, ""num_leaves"": 9, ""reg_lambda"": 0.6718214798781978, ""subsample"": 0.7561897708947284, ""subsample_freq"": 1}"
4,3,192,0,0.07221413863031251,0.12875080654853255,0.05233797057419732,"{""colsample_bytree"": 0.8512652125039295, ""learning_rate"": 0.037698500940862266, ""max_depth"": 2, ""min_child_samples"": 10, ""num_leaves"": 9, ""reg_lambda"": 0.6718214798781978, ""subsample"": 0.7561897708947284, ""subsample_freq"": 1}"
4,3,194,0,0.22166354047446568,0.290466992607851,0.11783822040741865,"{""colsample_bytree"": 0.8512652125039295, ""learning_rate"": 0.037698500940862266, ""max_depth"": 2, ""min_child_samples"": 10, ""num_leaves"": 9, ""reg_lambda"": 0.6718214798781978, ""subsample"": 0.7561897708947284, ""subsample_freq"": 1}"
4,3,199,0,0.37327999468913076,0.4380099606773335,0.15169406984319178,"{""colsample_bytree"": 0.8512652125039295, ""learning_rate"": 0.037698500940862266, ""max_depth"": 2, ""min_child_samples"": 10, ""num_leaves"": 9, ""reg_lambda"": 0.6718214798781978, ""subsample"": 0.7561897708947284, ""subsample_freq"": 1}"
4,3,200,1,0.8999371796060704,0.8622144479889418,0.0429730969613863,"{""colsample_bytree"": 0.8512652125039295, ""learning_rate"": 0.037698500940862266, ""max_depth"": 2, ""min_child_samples"": 10, ""num_leaves"": 9, ""reg_lambda"": 0.6718214798781978, ""subsample"": 0.7561897708947284, ""subsample_freq"": 1}"
4,3,220,1,0.9333766957584845,0.8730888654958318,0.02825885363609748,"{""colsample_bytree"": 0.8512652125039295, ""learning_rate"": 0.037698500940862266, ""max_depth"": 2, ""min_child_samples"": 10, ""num_leaves"": 9, ""reg_lambda"": 0.6718214798781978, ""subsample"": 0.7561897708947284, ""subsample_freq"": 1}"
4,3,222,1,0.9516177125386118,0.9247167219591852,0.01128055233128974,"{""colsample_bytree"": 0.8512652125039295, ""learning_rate"": 0.037698500940862266, ""max_depth"": 2, ""min_child_samples"": 10, ""num_leaves"": 9, ""reg_lambda"": 0.6718214798781978, ""subsample"": 0.7561897708947284, ""subsample_freq"": 1}"
4,3,223,1,0.8357116886982696,0.7588447892712985,0.09140087695403083,"{""colsample_bytree"": 0.8512652125039295, ""learning_rate"": 0.037698500940862266, ""max_depth"": 2, ""min_child_samples"": 10, ""num_leaves"": 9, ""reg_lambda"": 0.6718214798781978, ""subsample"": 0.7561897708947284, ""subsample_freq"": 1}"
4,3,224,1,0.9747110724569635,0.9638144763400429,0.012091312085828419,"{""colsample_bytree"": 0.8512652125039295, ""learning_rate"": 0.037698500940862266, ""max_depth"": 2, ""min_child_samples"": 10, ""num_leaves"": 9, ""reg_lambda"": 0.6718214798781978, ""subsample"": 0.7561897708947284, ""subsample_freq"": 1}"
4,3,228,1,0.8789566198264787,0.8102356885954872,0.06836607984946107,"{""colsample_bytree"": 0.8512652125039295, ""learning_rate"": 0.037698500940862266, ""max_depth"": 2, ""min_child_samples"": 10, ""num_leaves"": 9, ""reg_lambda"": 0.6718214798781978, ""subsample"": 0.7561897708947284, ""subsample_freq"": 1}"
4,3,229,1,0.9534428580637045,0.9171367070342983,0.034000881524443444,"{""colsample_bytree"": 0.8512652125039295, ""learning_rate"": 0.037698500940862266, ""max_depth"": 2, ""min_child_samples"": 10, ""num_leaves"": 9, ""reg_lambda"": 0.6718214798781978, ""subsample"": 0.7561897708947284, ""subsample_freq"": 1}"
4,3,230,1,0.9960660024570563,0.9864837352340807,0.007736756267172836,"{""colsample_bytree"": 0.8512652125039295, ""learning_rate"": 0.037698500940862266, ""max_depth"": 2, ""min_child_samples"": 10, ""num_leaves"": 9, ""reg_lambda"": 0.6718214798781978, ""subsample"": 0.7561897708947284, ""subsample_freq"": 1}"
4,3,258,0,0.1628651937832395,0.23445256842397705,0.05618691800140549,"{""colsample_bytree"": 0.8512652125039295, ""learning_rate"": 0.037698500940862266, ""max_depth"": 2, ""min_child_samples"": 10, ""num_leaves"": 9, ""reg_lambda"": 0.6718214798781978, ""subsample"": 0.7561897708947284, ""subsample_freq"": 1}"
4,3,260,1,0.9637147798742587,0.9335837150244901,0.05118031384180896,"{""colsample_bytree"": 0.8512652125039295, ""learning_rate"": 0.037698500940862266, ""max_depth"": 2, ""min_child_samples"": 10, ""num_leaves"": 9, ""reg_lambda"": 0.6718214798781978, ""subsample"": 0.7561897708947284, ""subsample_freq"": 1}"
4,3,264,0,0.2169209139397475,0.26511934376988916,0.12413014082570573,"{""colsample_bytree"": 0.8512652125039295, ""learning_rate"": 0.037698500940862266, ""max_depth"": 2, ""min_child_samples"": 10, ""num_leaves"": 9, ""reg_lambda"": 0.6718214798781978, ""subsample"": 0.7561897708947284, ""subsample_freq"": 1}"
4,3,271,1,0.9576798779817686,0.930644972580055,0.011177968350773412,"{""colsample_bytree"": 0.8512652125039295, ""learning_rate"": 0.037698500940862266, ""max_depth"": 2, ""min_child_samples"": 10, ""num_leaves"": 9, ""reg_lambda"": 0.6718214798781978, ""subsample"": 0.7561897708947284, ""subsample_freq"": 1}"
4,3,278,1,0.9725701948978137,0.9495281518010754,0.024652345343428392,"{""colsample_bytree"": 0.8512652125039295, ""learning_rate"": 0.037698500940862266, ""max_depth"": 2, ""min_child_samples"": 10, ""num_leaves"": 9, ""reg_lambda"": 0.6718214798781978, ""subsample"": 0.7561897708947284, ""subsample_freq"": 1}"
4,3,282,1,0.950722769213803,0.8975005539443103,0.059420893581520556,"{""colsample_bytree"": 0.8512652125039295, ""learning_rate"": 0.037698500940862266, ""max_depth"": 2, ""min_child_samples"": 10, ""num_leaves"": 9, ""reg_lambda"": 0.6718214798781978, ""subsample"": 0.7561897708947284, ""subsample_freq"": 1}"
4,3,284,0,0.9371022325517895,0.9094566594291799,0.04381283240108222,"{""colsample_bytree"": 0.8512652125039295, ""learning_rate"": 0.037698500940862266, ""max_depth"": 2, ""min_child_samples"": 10, ""num_leaves"": 9, ""reg_lambda"": 0.6718214798781978, ""subsample"": 0.7561897708947284, ""subsample_freq"": 1}"
4,3,293,0,0.23208590947684318,0.36406333843846794,0.09790172861620292,"{""colsample_bytree"": 0.8512652125039295, ""learning_rate"": 0.037698500940862266, ""max_depth"": 2, ""min_child_samples"": 10, ""num_leaves"": 9, ""reg_lambda"": 0.6718214798781978, ""subsample"": 0.7561897708947284, ""subsample_freq"": 1}"
4,3,294,1,0.6915510380271153,0.652478576277996,0.11099783553220961,"{""colsample_bytree"": 0.8512652125039295, ""learning_rate"": 0.037698500940862266, ""max_depth"": 2, ""min_child_samples"": 10, ""num_leaves"": 9, ""reg_lambda"": 0.6718214798781978, ""subsample"": 0.7561897708947284, ""subsample_freq"": 1}"
4,4,2,1,0.9913292416464311,0.934651916403935,0.03257374997919616,"{""colsample_bytree"": 0.9492805391445496, ""learning_rate"": 0.2071812578976531, ""max_depth"": 2, ""min_child_samples"": 17, ""num_leaves"": 6, ""reg_lambda"": 1.7650560606390446, ""subsample"": 0.8902124758938521, ""subsample_freq"": 1}"
4,4,3,0,0.10425542537987285,0.36473228061457025,0.12738260765806939,"{""colsample_bytree"": 0.9492805391445496, ""learning_rate"": 0.2071812578976531, ""max_depth"": 2, ""min_child_samples"": 17, ""num_leaves"": 6, ""reg_lambda"": 1.7650560606390446, ""subsample"": 0.8902124758938521, ""subsample_freq"": 1}"
4,4,4,0,0.12610123721640198,0.43410738269513394,0.09872878723924836,"{""colsample_bytree"": 0.9492805391445496, ""learning_rate"": 0.2071812578976531, ""max_depth"": 2, ""min_child_samples"": 17, ""num_leaves"": 6, ""reg_lambda"": 1.7650560606390446, ""subsample"": 0.8902124758938521, ""subsample_freq"": 1}"
4,4,6,1,0.9998755720526848,0.9749308602058567,0.017012897273434323,"{""colsample_bytree"": 0.9492805391445496, ""learning_rate"": 0.2071812578976531, ""max_depth"": 2, ""min_child_samples"": 17, ""num_leaves"": 6, ""reg_lambda"": 1.7650560606390446, ""subsample"": 0.8902124758938521, ""subsample_freq"": 1}"
4,4,12,1,0.9990971507800768,0.9680310767267457,0.014129692496924503,"{""colsample_bytree"": 0.9492805391445496, ""learning_rate"": 0.2071812578976531, ""max_depth"": 2, ""min_child_samples"": 17, ""num_leaves"": 6, ""reg_lambda"": 1.7650560606390446, ""subsample"": 0.8902124758938521, ""subsample_freq"": 1}"
4,4,13,1,0.9897258444250974,0.8843733983740256,0.03818750282889366,"{""colsample_bytree"": 0.9492805391445496, ""learning_rate"": 0.2071812578976531, ""max_depth"": 2, ""min_child_samples"": 17, ""num_leaves"": 6, ""reg_lambda"": 1.7650560606390446, ""subsample"": 0.8902124758938521, ""subsample_freq"": 1}"
4,4,15,1,0.9994613941389607,0.9705247269698972,0.016703793026054334,"{""colsample_bytree"": 0.9492805391445496, ""learning_rate"": 0.2071812578976531, ""max_depth"": 2, ""min_child_samples"": 17, ""num_leaves"": 6, ""reg_lambda"": 1.7650560606390446, ""subsample"": 0.8902124758938521, ""subsample_freq"": 1}"
4,4,21,1,0.7726706032860688,0.6772226843631021,0.12140747567642259,"{""colsample_bytree"": 0.9492805391445496, ""learning_rate"": 0.2071812578976531, ""max_depth"": 2, ""min_child_samples"": 17, ""num_leaves"": 6, ""reg_lambda"": 1.7650560606390446, ""subsample"": 0.8902124758938521, ""subsample_freq"": 1}"
4,4,27,1,0.7726091299447185,0.5728467175054275,0.17526234669139887,"{""colsample_bytree"": 0.9492805391445496, ""learning_rate"": 0.2071812578976531, ""max_depth"": 2, ""min_child_samples"": 17, ""num_leaves"": 6, ""reg_lambda"": 1.7650560606390446, ""subsample"": 0.8902124758938521, ""subsample_freq"": 1}"
4,4,28,1,0.9993324445386631,0.9831185085017937,0.013194478146696586,"{""colsample_bytree"": 0.9492805391445496, ""learning_rate"": 0.2071812578976531, ""max_depth"": 2, ""min_child_samples"": 17, ""num_leaves"": 6, ""reg_lambda"": 1.7650560606390446, ""subsample"": 0.8902124758938521, ""subsample_freq"": 1}"
4,4,43,1,0.9811889162716586,0.8353886788725943,0.048089694839350314,"{""colsample_bytree"": 0.9492805391445496, ""learning_rate"": 0.2071812578976531, ""max_depth"": 2, ""min_child_samples"": 17, ""num_leaves"": 6, ""reg_lambda"": 1.7650560606390446, ""subsample"": 0.8902124758938521, ""subsample_freq"": 1}"
4,4,50,1,0.8531269701536048,0.6987775621857357,0.15541782265106238,"{""colsample_bytree"": 0.9492805391445496, ""learning_rate"": 0.2071812578976531, ""max_depth"": 2, ""min_child_samples"": 17, ""num_leaves"": 6, ""reg_lambda"": 1.7650560606390446, ""subsample"": 0.8902124758938521, ""subsample_freq"": 1}"
4,4,51,1,0.9975493495923592,0.9579589676509856,0.03211031685164139,"{""colsample_bytree"": 0.9492805391445496, ""learning_rate"": 0.2071812578976531, ""max_depth"": 2, ""min_child_samples"": 17, ""num_leaves"": 6, ""reg_lambda"": 1.7650560606390446, ""subsample"": 0.8902124758938521, ""subsample_freq"": 1}"
4,4,55,1,0.999474826633906,0.9786856705568564,0.015342684770873076,"{""colsample_bytree"": 0.9492805391445496, ""learning_rate"": 0.2071812578976531, ""max_depth"": 2, ""min_child_samples"": 17, ""num_leaves"": 6, ""reg_lambda"": 1.7650560606390446, ""subsample"": 0.8902124758938521, ""subsample_freq"": 1}"
4,4,56,1,0.9836401880253766,0.9200851389709582,0.06450770085533442,"{""colsample_bytree"": 0.9492805391445496, ""learning_rate"": 0.2071812578976531, ""max_depth"": 2, ""min_child_samples"": 17, ""num_leaves"": 6, ""reg_lambda"": 1.7650560606390446, ""subsample"": 0.8902124758938521, ""subsample_freq"": 1}"
4,4,70,0,0.09698469073853355,0.2585531119169975,0.1253433794726255,"{""colsample_bytree"": 0.9492805391445496, ""learning_rate"": 0.2071812578976531, ""max_depth"": 2, ""min_child_samples"": 17, ""num_leaves"": 6, ""reg_lambda"": 1.7650560606390446, ""subsample"": 0.8902124758938521, ""subsample_freq"": 1}"
4,4,72,1,0.9750030379403903,0.8695201926450569,0.03435679816024178,"{""colsample_bytree"": 0.9492805391445496, ""learning_rate"": 0.2071812578976531, ""max_depth"": 2, ""min_child_samples"": 17, ""num_leaves"": 6, ""reg_lambda"": 1.7650560606390446, ""subsample"": 0.8902124758938521, ""subsample_freq"": 1}"
4,4,73,1,0.9608742796466954,0.8393341037372846,0.06519436331986155,"{""colsample_bytree"": 0.9492805391445496, ""learning_rate"": 0.2071812578976531, ""max_depth"": 2, ""min_child_samples"": 17, ""num_leaves"": 6, ""reg_lambda"": 1.7650560606390446, ""subsample"": 0.8902124758938521, ""subsample_freq"": 1}"
4,4,76,1,0.9975515582561606,0.9429833096812681,0.02423601638752311,"{""colsample_bytree"": 0.9492805391445496, ""learning_rate"": 0.2071812578976531, ""max_depth"": 2, ""min_child_samples"": 17, ""num_leaves"": 6, ""reg_lambda"": 1.7650560606390446, ""subsample"": 0.8902124758938521, ""subsample_freq"": 1}"
4,4,93,0,0.9997595472730214,0.9665393172167164,0.025854780811839312,"{""colsample_bytree"": 0.9492805391445496, ""learning_rate"": 0.2071812578976531, ""max_depth"": 2, ""min_child_samples"": 17, ""num_leaves"": 6, ""reg_lambda"": 1.7650560606390446, ""subsample"": 0.8902124758938521, ""subsample_freq"": 1}"
4,4,94,1,0.998724181469329,0.9626049867017983,0.01338038467446878,"{""colsample_bytree"": 0.9492805391445496, ""learning_rate"": 0.2071812578976531, ""max_depth"": 2, ""min_child_samples"": 17, ""num_leaves"": 6, ""reg_lambda"": 1.7650560606390446, ""subsample"": 0.8902124758938521, ""subsample_freq"": 1}"
4,4,100,1,0.9998055872025977,0.978450609077051,0.01916774181948824,"{""colsample_bytree"": 0.9492805391445496, ""learning_rate"": 0.2071812578976531, ""max_depth"": 2, ""min_child_samples"": 17, ""num_leaves"": 6, ""reg_lambda"": 1.7650560606390446, ""subsample"": 0.8902124758938521, ""subsample_freq"": 1}"
4,4,101,1,0.9994678828723758,0.9775183564255124,0.012196242543737901,"{""colsample_bytree"": 0.9492805391445496, ""learning_rate"": 0.2071812578976531, ""max_depth"": 2, ""min_child_samples"": 17, ""num_leaves"": 6, ""reg_lambda"": 1.7650560606390446, ""subsample"": 0.8902124758938521, ""subsample_freq"": 1}"
4,4,103,1,0.9994449982182498,0.9743000160639823,0.01902027223394939,"{""colsample_bytree"": 0.9492805391445496, ""learning_rate"": 0.2071812578976531, ""max_depth"": 2, ""min_child_samples"": 17, ""num_leaves"": 6, ""reg_lambda"": 1.7650560606390446, ""subsample"": 0.8902124758938521, ""subsample_freq"": 1}"
4,4,104,1,0.998802914728863,0.9257255177517635,0.03760947818673702,"{""colsample_bytree"": 0.9492805391445496, ""learning_rate"": 0.2071812578976531, ""max_depth"": 2, ""min_child_samples"": 17, ""num_leaves"": 6, ""reg_lambda"": 1.7650560606390446, ""subsample"": 0.8902124758938521, ""subsample_freq"": 1}"
4,4,107,1,0.9586682323423935,0.8272658834185238,0.10894076586125989,"{""colsample_bytree"": 0.9492805391445496, ""learning_rate"": 0.2071812578976531, ""max_depth"": 2, ""min_child_samples"": 17, ""num_leaves"": 6, ""reg_lambda"": 1.7650560606390446, ""subsample"": 0.8902124758938521, ""subsample_freq"": 1}"
4,4,113,0,0.003602056226234841,0.08066435733997784,0.048736381687015926,"{""colsample_bytree"": 0.9492805391445496, ""learning_rate"": 0.2071812578976531, ""max_depth"": 2, ""min_child_samples"": 17, ""num_leaves"": 6, ""reg_lambda"": 1.7650560606390446, ""subsample"": 0.8902124758938521, ""subsample_freq"": 1}"
4,4,115,1,0.9525678875700677,0.8193022844280764,0.04003114900988585,"{""colsample_bytree"": 0.9492805391445496, ""learning_rate"": 0.2071812578976531, ""max_depth"": 2, ""min_child_samples"": 17, ""num_leaves"": 6, ""reg_lambda"": 1.7650560606390446, ""subsample"": 0.8902124758938521, ""subsample_freq"": 1}"
4,4,123,1,0.5878858755518985,0.6751483472730289,0.09644964998679931,"{""colsample_bytree"": 0.9492805391445496, ""learning_rate"": 0.2071812578976531, ""max_depth"": 2, ""min_child_samples"": 17, ""num_leaves"": 6, ""reg_lambda"": 1.7650560606390446, ""subsample"": 0.8902124758938521, ""subsample_freq"": 1}"
4,4,126,1,0.9707670305574166,0.8370657690021301,0.09632190274428101,"{""colsample_bytree"": 0.9492805391445496, ""learning_rate"": 0.2071812578976531, ""max_depth"": 2, ""min_child_samples"": 17, ""num_leaves"": 6, ""reg_lambda"": 1.7650560606390446, ""subsample"": 0.8902124758938521, ""subsample_freq"": 1}"
4,4,133,0,0.9247715376469376,0.6888418302516524,0.10880601853434718,"{""colsample_bytree"": 0.9492805391445496, ""learning_rate"": 0.2071812578976531, ""max_depth"": 2, ""min_child_samples"": 17, ""num_leaves"": 6, ""reg_lambda"": 1.7650560606390446, ""subsample"": 0.8902124758938521, ""subsample_freq"": 1}"
4,4,134,1,0.9988670744629135,0.9604661955477825,0.016532283204780614,"{""colsample_bytree"": 0.9492805391445496, ""learning_rate"": 0.2071812578976531, ""max_depth"": 2, ""min_child_samples"": 17, ""num_leaves"": 6, ""reg_lambda"": 1.7650560606390446, ""subsample"": 0.8902124758938521, ""subsample_freq"": 1}"
4,4,136,0,0.0980340679067793,0.3721067540124062,0.1277480100728751,"{""colsample_bytree"": 0.9492805391445496, ""learning_rate"": 0.2071812578976531, ""max_depth"": 2, ""min_child_samples"": 17, ""num_leaves"": 6, ""reg_lambda"": 1.7650560606390446, ""subsample"": 0.8902124758938521, ""subsample_freq"": 1}"
4,4,143,0,0.004814827023830269,0.047586761993298185,0.03355637717437525,"{""colsample_bytree"": 0.9492805391445496, ""learning_rate"": 0.2071812578976531, ""max_depth"": 2, ""min_child_samples"": 17, ""num_leaves"": 6, ""reg_lambda"": 1.7650560606390446, ""subsample"": 0.8902124758938521, ""subsample_freq"": 1}"
4,4,150,0,0.8866763599119944,0.6719944220898559,0.06050623234008545,"{""colsample_bytree"": 0.9492805391445496, ""learning_rate"": 0.2071812578976531, ""max_depth"": 2, ""min_child_samples"": 17, ""num_leaves"": 6, ""reg_lambda"": 1.7650560606390446, ""subsample"": 0.8902124758938521, ""subsample_freq"": 1}"
4,4,152,1,0.341309834130784,0.5159923297322815,0.17773725678327384,"{""colsample_bytree"": 0.9492805391445496, ""learning_rate"": 0.2071812578976531, ""max_depth"": 2, ""min_child_samples"": 17, ""num_leaves"": 6, ""reg_lambda"": 1.7650560606390446, ""subsample"": 0.8902124758938521, ""subsample_freq"": 1}"
4,4,161,1,0.9997003969732386,0.971689277242947,0.014610396626944133,"{""colsample_bytree"": 0.9492805391445496, ""learning_rate"": 0.2071812578976531, ""max_depth"": 2, ""min_child_samples"": 17, ""num_leaves"": 6, ""reg_lambda"": 1.7650560606390446, ""subsample"": 0.8902124758938521, ""subsample_freq"": 1}"
4,4,169,0,0.12995052336427157,0.2712784994680145,0.11616434576228425,"{""colsample_bytree"": 0.9492805391445496, ""learning_rate"": 0.2071812578976531, ""max_depth"": 2, ""min_child_samples"": 17, ""num_leaves"": 6, ""reg_lambda"": 1.7650560606390446, ""subsample"": 0.8902124758938521, ""subsample_freq"": 1}"
4,4,174,1,0.9999974430774854,0.9973218775001736,0.0021889048744292315,"{""colsample_bytree"": 0.9492805391445496, ""learning_rate"": 0.2071812578976531, ""max_depth"": 2, ""min_child_samples"": 17, ""num_leaves"": 6, ""reg_lambda"": 1.7650560606390446, ""subsample"": 0.8902124758938521, ""subsample_freq"": 1}"
4,4,205,1,0.1219540024240098,0.33234819846841834,0.12057968339482107,"{""colsample_bytree"": 0.9492805391445496, ""learning_rate"": 0.2071812578976531, ""max_depth"": 2, ""min_child_samples"": 17, ""num_leaves"": 6, ""reg_lambda"": 1.7650560606390446, ""subsample"": 0.8902124758938521, ""subsample_freq"": 1}"
4,4,211,1,0.9713780169306446,0.8626589444594808,0.08306030923368699,"{""colsample_bytree"": 0.9492805391445496, ""learning_rate"": 0.2071812578976531, ""max_depth"": 2, ""min_child_samples"": 17, ""num_leaves"": 6, ""reg_lambda"": 1.7650560606390446, ""subsample"": 0.8902124758938521, ""subsample_freq"": 1}"
4,4,216,0,0.6670418038075768,0.600180790750623,0.0770863932238752,"{""colsample_bytree"": 0.9492805391445496, ""learning_rate"": 0.2071812578976531, ""max_depth"": 2, ""min_child_samples"": 17, ""num_leaves"": 6, ""reg_lambda"": 1.7650560606390446, ""subsample"": 0.8902124758938521, ""subsample_freq"": 1}"
4,4,227,1,0.9476378460287759,0.875639384568404,0.014274223279487725,"{""colsample_bytree"": 0.9492805391445496, ""learning_rate"": 0.2071812578976531, ""max_depth"": 2, ""min_child_samples"": 17, ""num_leaves"": 6, ""reg_lambda"": 1.7650560606390446, ""subsample"": 0.8902124758938521, ""subsample_freq"": 1}"
4,4,233,0,0.7829612792938497,0.6058245295779001,0.08043288277505761,"{""colsample_bytree"": 0.9492805391445496, ""learning_rate"": 0.2071812578976531, ""max_depth"": 2, ""min_child_samples"": 17, ""num_leaves"": 6, ""reg_lambda"": 1.7650560606390446, ""subsample"": 0.8902124758938521, ""subsample_freq"": 1}"
4,4,235,1,0.9999119473042245,0.9832394164047236,0.010485966917472733,"{""colsample_bytree"": 0.9492805391445496, ""learning_rate"": 0.2071812578976531, ""max_depth"": 2, ""min_child_samples"": 17, ""num_leaves"": 6, ""reg_lambda"": 1.7650560606390446, ""subsample"": 0.8902124758938521, ""subsample_freq"": 1}"
4,4,240,1,0.9996463683849434,0.9812899135374356,0.01610535586397106,"{""colsample_bytree"": 0.9492805391445496, ""learning_rate"": 0.2071812578976531, ""max_depth"": 2, ""min_child_samples"": 17, ""num_leaves"": 6, ""reg_lambda"": 1.7650560606390446, ""subsample"": 0.8902124758938521, ""subsample_freq"": 1}"
4,4,241,1,0.25648037489464626,0.4790441133171644,0.05905506252461691,"{""colsample_bytree"": 0.9492805391445496, ""learning_rate"": 0.2071812578976531, ""max_depth"": 2, ""min_child_samples"": 17, ""num_leaves"": 6, ""reg_lambda"": 1.7650560606390446, ""subsample"": 0.8902124758938521, ""subsample_freq"": 1}"
4,4,245,1,0.7017173219320004,0.6816207260568621,0.10540924160438671,"{""colsample_bytree"": 0.9492805391445496, ""learning_rate"": 0.2071812578976531, ""max_depth"": 2, ""min_child_samples"": 17, ""num_leaves"": 6, ""reg_lambda"": 1.7650560606390446, ""subsample"": 0.8902124758938521, ""subsample_freq"": 1}"
4,4,249,1,0.9854802942063352,0.9289038476387012,0.043048725953003505,"{""colsample_bytree"": 0.9492805391445496, ""learning_rate"": 0.2071812578976531, ""max_depth"": 2, ""min_child_samples"": 17, ""num_leaves"": 6, ""reg_lambda"": 1.7650560606390446, ""subsample"": 0.8902124758938521, ""subsample_freq"": 1}"
4,4,253,1,0.9360491212503381,0.8168337986532072,0.084021957641391,"{""colsample_bytree"": 0.9492805391445496, ""learning_rate"": 0.2071812578976531, ""max_depth"": 2, ""min_child_samples"": 17, ""num_leaves"": 6, ""reg_lambda"": 1.7650560606390446, ""subsample"": 0.8902124758938521, ""subsample_freq"": 1}"
4,4,262,1,0.5322750299741719,0.5861477591045835,0.13739253621477246,"{""colsample_bytree"": 0.9492805391445496, ""learning_rate"": 0.2071812578976531, ""max_depth"": 2, ""min_child_samples"": 17, ""num_leaves"": 6, ""reg_lambda"": 1.7650560606390446, ""subsample"": 0.8902124758938521, ""subsample_freq"": 1}"
4,4,263,0,0.0026829632974012894,0.06774703721608413,0.05133191289043219,"{""colsample_bytree"": 0.9492805391445496, ""learning_rate"": 0.2071812578976531, ""max_depth"": 2, ""min_child_samples"": 17, ""num_leaves"": 6, ""reg_lambda"": 1.7650560606390446, ""subsample"": 0.8902124758938521, ""subsample_freq"": 1}"
4,4,265,1,0.9791285885859321,0.8591564881648699,0.07046147525393524,"{""colsample_bytree"": 0.9492805391445496, ""learning_rate"": 0.2071812578976531, ""max_depth"": 2, ""min_child_samples"": 17, ""num_leaves"": 6, ""reg_lambda"": 1.7650560606390446, ""subsample"": 0.8902124758938521, ""subsample_freq"": 1}"
4,4,266,1,0.9949152352071277,0.9240419601720442,0.04276737790340688,"{""colsample_bytree"": 0.9492805391445496, ""learning_rate"": 0.2071812578976531, ""max_depth"": 2, ""min_child_samples"": 17, ""num_leaves"": 6, ""reg_lambda"": 1.7650560606390446, ""subsample"": 0.8902124758938521, ""subsample_freq"": 1}"
4,4,274,1,0.999935909818397,0.9883861920850918,0.008043365801764527,"{""colsample_bytree"": 0.9492805391445496, ""learning_rate"": 0.2071812578976531, ""max_depth"": 2, ""min_child_samples"": 17, ""num_leaves"": 6, ""reg_lambda"": 1.7650560606390446, ""subsample"": 0.8902124758938521, ""subsample_freq"": 1}"
4,4,287,0,0.6498324973449798,0.6103553607062625,0.08920000304169941,"{""colsample_bytree"": 0.9492805391445496, ""learning_rate"": 0.2071812578976531, ""max_depth"": 2, ""min_child_samples"": 17, ""num_leaves"": 6, ""reg_lambda"": 1.7650560606390446, ""subsample"": 0.8902124758938521, ""subsample_freq"": 1}"
4,4,290,0,0.11555594139381978,0.21282282226732568,0.09603264366228072,"{""colsample_bytree"": 0.9492805391445496, ""learning_rate"": 0.2071812578976531, ""max_depth"": 2, ""min_child_samples"": 17, ""num_leaves"": 6, ""reg_lambda"": 1.7650560606390446, ""subsample"": 0.8902124758938521, ""subsample_freq"": 1}"
4,4,295,0,0.8852906203625827,0.800137338748312,0.06765957333482493,"{""colsample_bytree"": 0.9492805391445496, ""learning_rate"": 0.2071812578976531, ""max_depth"": 2, ""min_child_samples"": 17, ""num_leaves"": 6, ""reg_lambda"": 1.7650560606390446, ""subsample"": 0.8902124758938521, ""subsample_freq"": 1}"
4,4,300,0,0.13899720222765677,0.2545329191469243,0.13334930537318582,"{""colsample_bytree"": 0.9492805391445496, ""learning_rate"": 0.2071812578976531, ""max_depth"": 2, ""min_child_samples"": 17, ""num_leaves"": 6, ""reg_lambda"": 1.7650560606390446, ""subsample"": 0.8902124758938521, ""subsample_freq"": 1}"
4,4,302,1,0.7191253712281581,0.6916610135618371,0.08987150404521249,"{""colsample_bytree"": 0.9492805391445496, ""learning_rate"": 0.2071812578976531, ""max_depth"": 2, ""min_child_samples"": 17, ""num_leaves"": 6, ""reg_lambda"": 1.7650560606390446, ""subsample"": 0.8902124758938521, ""subsample_freq"": 1}"
