repeat,fold,idx,y,p_base,p,spread,params
0,0,6,1,0.9030498,0.9310525722241044,0.03493326684370612,"{""colsample_bytree"": 0.49359671220172163, ""learning_rate"": 0.012184186502221764, ""max_depth"": 2, ""min_child_weight"": 4, ""reg_lambda"": 0.2131772391719563, ""subsample"": 0.8603553891795411}"
0,0,8,0,0.3807346,0.23652506797523104,0.10021061376560882,"{""colsample_bytree"": 0.49359671220172163, ""learning_rate"": 0.012184186502221764, ""max_depth"": 2, ""min_child_weight"": 4, ""reg_lambda"": 0.2131772391719563, ""subsample"": 0.8603553891795411}"
0,0,14,1,0.65338486,0.6542080957224501,0.0862127847593766,"{""colsample_bytree"": 0.49359671220172163, ""learning_rate"": 0.012184186502221764, ""max_depth"": 2, ""min_child_weight"": 4, ""reg_lambda"": 0.2131772391719563, ""subsample"": 0.8603553891795411}"
0,0,16,0,0.47898293,0.3426223084573565,0.07626684676595023,"{""colsample_bytree"": 0.49359671220172163, ""learning_rate"": 0.012184186502221764, ""max_depth"": 2, ""min_child_weight"": 4, ""reg_lambda"": 0.2131772391719563, ""subsample"": 0.8603553891795411}"
0,0,18,1,0.79787797,0.8675929548689949,0.054498403966528365,"{""colsample_bytree"": 0.49359671220172163, ""learning_rate"": 0.012184186502221764, ""max_depth"": 2, ""min_child_weight"": 4, ""reg_lambda"": 0.2131772391719563, ""subsample"": 0.8603553891795411}"
0,0,22,1,0.93152285,0.9422804923298791,0.028235219674978017,"{""colsample_bytree"": 0.49359671220172163, ""learning_rate"": 0.012184186502221764, ""max_depth"": 2, ""min_child_weight"": 4, ""reg_lambda"": 0.2131772391719563, ""subsample"": 0.8603553891795411}"
0,0,29,1,0.92915887,0.941202960393942,0.020725709266782466,"{""colsample_bytree"": 0.49359671220172163, ""learning_rate"": 0.012184186502221764, ""max_depth"": 2, ""min_child_weight"": 4, ""reg_lambda"": 0.2131772391719563, ""subsample"": 0.8603553891795411}"
0,0,33,1,0.9042966,0.9341675087191319,0.026509467243285182,"{""colsample_bytree"": 0.49359671220172163, ""learning_rate"": 0.012184186502221764, ""max_depth"": 2, ""min_child_weight"": 4, ""reg_lambda"": 0.2131772391719563, ""subsample"": 0.8603553891795411}"
0,0,60,0,0.46609965,0.38173812354972025,0.07056686103092975,"{""colsample_bytree"": 0.49359671220172163, ""learning_rate"": 0.012184186502221764, ""max_depth"": 2, ""min_child_weight"": 4, ""reg_lambda"": 0.2131772391719563, ""subsample"": 0.8603553891795411}"
0,0,63,1,0.8699586,0.9153614210099512,0.027853157190092577,"{""colsample_bytree"": 0.49359671220172163, ""learning_rate"": 0.012184186502221764, ""max_depth"": 2, ""min_child_weight"": 4, ""reg_lambda"": 0.2131772391719563, ""subsample"": 0.8603553891795411}"
0,0,65,1,0.74471205,0.8332209761699341,0.06679647529660403,"{""colsample_bytree"": 0.49359671220172163, ""learning_rate"": 0.012184186502221764, ""max_depth"": 2, ""min_child_weight"": 4, ""reg_lambda"": 0.2131772391719563, ""subsample"": 0.8603553891795411}"
0,0,68,0,0.6361909,0.6420318095482289,0.10211739349740886,"{""colsample_bytree"": 0.49359671220172163, ""learning_rate"": 0.012184186502221764, ""max_depth"": 2, ""min_child_weight"": 4, ""reg_lambda"": 0.2131772391719563, ""subsample"": 0.8603553891795411}"
0,0,71,1,0.8927914,0.9226474314602227,0.029507126814664792,"{""colsample_bytree"": 0.49359671220172163, ""learning_rate"": 0.012184186502221764, ""max_depth"": 2, ""min_child_weight"": 4, ""reg_lambda"": 0.2131772391719563, ""subsample"": 0.8603553891795411}"
0,0,72,1,0.87246,0.917646564432858,0.03704151306451824,"{""colsample_bytree"": 0.49359671220172163, ""learning_rate"": 0.012184186502221764, ""max_depth"": 2, ""min_child_weight"": 4, ""reg_lambda"": 0.2131772391719563, ""subsample"": 0.8603553891795411}"
0,0,77,1,0.6891525,0.7872890444137386,0.04829075714713375,"{""colsample_bytree"": 0.49359671220172163, ""learning_rate"": 0.012184186502221764, ""max_depth"": 2, ""min_child_weight"": 4, ""reg_lambda"": 0.2131772391719563, ""subsample"": 0.8603553891795411}"
0,0,87,1,0.82772255,0.8728894655097328,0.04441274489108961,"{""colsample_bytree"": 0.49359671220172163, ""learning_rate"": 0.012184186502221764, ""max_depth"": 2, ""min_child_weight"": 4, ""reg_lambda"": 0.2131772391719563, ""subsample"": 0.8603553891795411}"
0,0,88,1,0.8702352,0.9211158005765115,0.032799323477119224,"{""colsample_bytree"": 0.49359671220172163, ""learning_rate"": 0.012184186502221764, ""max_depth"": 2, ""min_child_weight"": 4, ""reg_lambda"": 0.2131772391719563, ""subsample"": 0.8603553891795411}"
0,0,89,1,0.9245318,0.9403581871998942,0.025499181921516755,"{""colsample_bytree"": 0.49359671220172163, ""learning_rate"": 0.012184186502221764, ""max_depth"": 2, ""min_child_weight"": 4, ""reg_lambda"": 0.2131772391719563, ""subsample"": 0.8603553891795411}"
0,0,90,1,0.70406234,0.7405539435809894,0.05395504531089927,"{""colsample_bytree"": 0.49359671220172163, ""learning_rate"": 0.012184186502221764, ""max_depth"": 2, ""min_child_weight"": 4, ""reg_lambda"": 0.2131772391719563, ""subsample"": 0.8603553891795411}"
0,0,92,1,0.88832486,0.914837989208988,0.03387801336981161,"{""colsample_bytree"": 0.49359671220172163, ""learning_rate"": 0.012184186502221764, ""max_depth"": 2, ""min_child_weight"": 4, ""reg_lambda"": 0.2131772391719563, ""subsample"": 0.8603553891795411}"
0,0,101,1,0.8943399,0.9205050461494949,0.03355083711926384,"{""colsample_bytree"": 0.49359671220172163, ""learning_rate"": 0.012184186502221764, ""max_depth"": 2, ""min_child_weight"": 4, ""reg_lambda"": 0.2131772391719563, ""subsample"": 0.8603553891795411}"
0,0,106,1,0.8206544,0.8683547902541939,0.041047636333741366,"{""colsample_bytree"": 0.49359671220172163, ""learning_rate"": 0.012184186502221764, ""max_depth"": 2, ""min_child_weight"": 4, ""reg_lambda"": 0.2131772391719563, ""subsample"": 0.8603553891795411}"
0,0,111,1,0.89204186,0.9181574036279294,0.03379460812506419,"{""colsample_bytree"": 0.49359671220172163, ""learning_rate"": 0.012184186502221764, ""max_depth"": 2, ""min_child_weight"": 4, ""reg_lambda"": 0.2131772391719563, ""subsample"": 0.8603553891795411}"
0,0,120,1,0.8176047,0.8875239205313198,0.03896712328267914,"{""colsample_bytree"": 0.49359671220172163, ""learning_rate"": 0.012184186502221764, ""max_depth"": 2, ""min_child_weight"": 4, ""reg_lambda"": 0.2131772391719563, ""subsample"": 0.8603553891795411}"
0,0,123,1,0.53484434,0.48018278563115774,0.1528970722145984,"{""colsample_bytree"": 0.49359671220172163, ""learning_rate"": 0.012184186502221764, ""max_depth"": 2, ""min_child_weight"": 4, ""reg_lambda"": 0.2131772391719563, ""subsample"": 0.8603553891795411}"
0,0,126,1,0.8570241,0.8977273033344432,0.02913158249569672,"{""colsample_bytree"": 0.49359671220172163, ""learning_rate"": 0.012184186502221764, ""max_depth"": 2, ""min_child_weight"": 4, ""reg_lambda"": 0.2131772391719563, ""subsample"": 0.8603553891795411}"
0,0,127,1,0.90984994,0.939827733086279,0.027116429566191765,"{""colsample_bytree"": 0.49359671220172163, ""learning_rate"": 0.012184186502221764, ""max_depth"": 2, ""min_child_weight"": 4, ""reg_lambda"": 0.2131772391719563, ""subsample"": 0.8603553891795411}"
0,0,129,0,0.49996924,0.38094769687478713,0.03466252521208674,"{""colsample_bytree"": 0.49359671220172163, ""learning_rate"": 0.012184186502221764, ""max_depth"": 2, ""min_child_weight"": 4, ""reg_lambda"": 0.2131772391719563, ""subsample"": 0.8603553891795411}"
0,0,132,1,0.92004937,0.9410936716274338,0.02849011954706843,"{""colsample_bytree"": 0.49359671220172163, ""learning_rate"": 0.012184186502221764, ""max_depth"": 2, ""min_child_weight"": 4, ""reg_lambda"": 0.2131772391719563, ""subsample"": 0.8603553891795411}"
0,0,134,1,0.84140944,0.8973595975926358,0.02845038899889985,"{""colsample_bytree"": 0.49359671220172163, ""learning_rate"": 0.012184186502221764, ""max_depth"": 2, ""min_child_weight"": 4, ""reg_lambda"": 0.2131772391719563, ""subsample"": 0.8603553891795411}"
0,0,140,1,0.90842813,0.9312767885095742,0.03576122531287535,"{""colsample_bytree"": 0.49359671220172163, ""learning_rate"": 0.012184186502221764, ""max_depth"": 2, ""min_child_weight"": 4, ""reg_lambda"": 0.2131772391719563, ""subsample"": 0.8603553891795411}"
0,0,141,1,0.928068,0.9480837205253042,0.02431459914972374,"{""colsample_bytree"": 0.49359671220172163, ""learning_rate"": 0.012184186502221764, ""max_depth"": 2, ""min_child_weight"": 4, ""reg_lambda"": 0.2131772391719563, ""subsample"": 0.8603553891795411}"
0,0,148,1,0.8042175,0.854576175007171,0.019135110759107333,"{""colsample_bytree"": 0.49359671220172163, ""learning_rate"": 0.012184186502221764, ""max_depth"": 2, ""min_child_weight"": 4, ""reg_lambda"": 0.2131772391719563, ""subsample"": 0.8603553891795411}"
0,0,153,0,0.64723706,0.6742851424118819,0.061528804136276455,"{""colsample_bytree"": 0.49359671220172163, ""learning_rate"": 0.012184186502221764, ""max_depth"": 2, ""min_child_weight"": 4, ""reg_lambda"": 0.2131772391719563, ""subsample"": 0.8603553891795411}"
0,0,156,1,0.7590616,0.8492219366420718,0.018591210646381594,"{""colsample_bytree"": 0.49359671220172163, ""learning_rate"": 0.012184186502221764, ""max_depth"": 2, ""min_child_weight"": 4, ""reg_lambda"": 0.2131772391719563, ""subsample"": 0.8603553891795411}"
0,0,164,1,0.8828102,0.9246475145424057,0.029517399001170952,"{""colsample_bytree"": 0.49359671220172163, ""learning_rate"": 0.012184186502221764, ""max_depth"": 2, ""min_child_weight"": 4, ""reg_lambda"": 0.2131772391719563, ""subsample"": 0.8603553891795411}"
0,0,166,0,0.33067453,0.18504537075080424,0.07888103099693615,"{""colsample_bytree"": 0.49359671220172163, ""learning_rate"": 0.012184186502221764, ""max_depth"": 2, ""min_child_weight"": 4, ""reg_lambda"": 0.2131772391719563, ""subsample"": 0.8603553891795411}"
0,0,167,1,0.9007812,0.9336704376963507,0.02795411788557856,"{""colsample_bytree"": 0.49359671220172163, ""learning_rate"": 0.012184186502221764, ""max_depth"": 2, ""min_child_weight"": 4, ""reg_lambda"": 0.2131772391719563, ""subsample"": 0.8603553891795411}"
0,0,168,0,0.21191911,0.08503932903730527,0.06617009307838628,"{""colsample_bytree"": 0.49359671220172163, ""learning_rate"": 0.012184186502221764, ""max_depth"": 2, ""min_child_weight"": 4, ""reg_lambda"": 0.2131772391719563, ""subsample"": 0.8603553891795411}"
0,0,174,1,0.96341413,0.9544195923208132,0.024776701014101343,"{""colsample_bytree"": 0.49359671220172163, ""learning_rate"": 0.012184186502221764, ""max_depth"": 2, ""min_child_weight"": 4, ""reg_lambda"": 0.2131772391719563, ""subsample"": 0.8603553891795411}"
0,0,181,1,0.91845965,0.9375830436497388,0.02471308441921453,"{""colsample_bytree"": 0.49359671220172163, ""learning_rate"": 0.012184186502221764, ""max_depth"": 2, ""min_child_weight"": 4, ""reg_lambda"": 0.2131772391719563, ""subsample"": 0.8603553891795411}"
0,0,187,1,0.8903154,0.9198435360258795,0.029102170799338002,"{""colsample_bytree"": 0.49359671220172163, ""learning_rate"": 0.012184186502221764, ""max_depth"": 2, ""min_child_weight"": 4, ""reg_lambda"": 0.2131772391719563, ""subsample"": 0.8603553891795411}"
0,0,194,0,0.42201337,0.2784439122424323,0.04735497366683174,"{""colsample_bytree"": 0.49359671220172163, ""learning_rate"": 0.012184186502221764, ""max_depth"": 2, ""min_child_weight"": 4, ""reg_lambda"": 0.2131772391719563, ""subsample"": 0.8603553891795411}"
0,0,201,0,0.5833677,0.6456793952952774,0.06649728380360921,"{""colsample_bytree"": 0.49359671220172163, ""learning_rate"": 0.012184186502221764, ""max_depth"": 2, ""min_child_weight"": 4, ""reg_lambda"": 0.2131772391719563, ""subsample"": 0.8603553891795411}"
0,0,203,0,0.5907389,0.5771106648031423,0.07707411569825925,"{""colsample_bytree"": 0.49359671220172163, ""learning_rate"": 0.012184186502221764, ""max_depth"": 2, ""min_child_weight"": 4, ""reg_lambda"": 0.2131772391719563, ""subsample"": 0.8603553891795411}"
0,0,205,1,0.49270663,0.39101363341196765,0.14437639606727162,"{""colsample_bytree"": 0.49359671220172163, ""learning_rate"": 0.012184186502221764, ""max_depth"": 2, ""min_child_weight"": 4, ""reg_lambda"": 0.2131772391719563, ""subsample"": 0.8603553891795411}"
0,0,206,1,0.8523998,0.9130795709690179,0.02798325651605421,"{""colsample_bytree"": 0.49359671220172163, ""learning_rate"": 0.012184186502221764, ""max_depth"": 2, ""min_child_weight"": 4, ""reg_lambda"": 0.2131772391719563, ""subsample"": 0.8603553891795411}"
0,0,212,0,0.19974697,0.07739809754702845,0.06526732734938585,"{""colsample_bytree"": 0.49359671220172163, ""learning_rate"": 0.012184186502221764, ""max_depth"": 2, ""min_child_weight"": 4, ""reg_lambda"": 0.2131772391719563, ""subsample"": 0.8603553891795411}"
0,0,220,1,0.72422886,0.776361129501396,0.06849591771072934,"{""colsample_bytree"": 0.49359671220172163, ""learning_rate"": 0.012184186502221764, ""max_depth"": 2, ""min_child_weight"": 4, ""reg_lambda"": 0.2131772391719563, ""subsample"": 0.8603553891795411}"
0,0,221,1,0.6167228,0.673779568307805,0.12456291238417778,"{""colsample_bytree"": 0.49359671220172163, ""learning_rate"": 0.012184186502221764, ""max_depth"": 2, ""min_child_weight"": 4, ""reg_lambda"": 0.2131772391719563, ""subsample"": 0.8603553891795411}"
0,0,225,1,0.7806832,0.8420152590942465,0.07555776022474504,"{""colsample_bytree"": 0.49359671220172163, ""learning_rate"": 0.012184186502221764, ""max_depth"": 2, ""min_child_weight"": 4, ""reg_lambda"": 0.2131772391719563, ""subsample"": 0.8603553891795411}"
0,0,233,0,0.41239542,0.29913818678504744,0.08675842999759388,"{""colsample_bytree"": 0.49359671220172163, ""learning_rate"": 0.012184186502221764, ""max_depth"": 2, ""min_child_weight"": 4, ""reg_lambda"": 0.2131772391719563, ""subsample"": 0.8603553891795411}"
0,0,244,1,0.58532864,0.6041817185158462,0.1241700582653368,"{""colsample_bytree"": 0.49359671220172163, ""learning_rate"": 0.012184186502221764, ""max_depth"": 2, ""min_child_weight"": 4, ""reg_lambda"": 0.2131772391719563, ""subsample"": 0.8603553891795411}"
0,0,251,1,0.45736718,0.35680872520238155,0.03819591878456198,"{""colsample_bytree"": 0.49359671220172163, ""learning_rate"": 0.012184186502221764, ""max_depth"": 2, ""min_child_weight"": 4, ""reg_lambda"": 0.2131772391719563, ""subsample"": 0.8603553891795411}"
0,0,259,1,0.7615466,0.8544037728179745,0.036045193558568674,"{""colsample_bytree"": 0.49359671220172163, ""learning_rate"": 0.012184186502221764, ""max_depth"": 2, ""min_child_weight"": 4, ""reg_lambda"": 0.2131772391719563, ""subsample"": 0.8603553891795411}"
0,0,264,0,0.38158557,0.2484092199416085,0.16728363037291122,"{""colsample_bytree"": 0.49359671220172163, ""learning_rate"": 0.012184186502221764, ""max_depth"": 2, ""min_child_weight"": 4, ""reg_lambda"": 0.2131772391719563, ""subsample"": 0.8603553891795411}"
0,0,279,1,0.85114217,0.8992523380263112,0.03437587344732033,"{""colsample_bytree"": 0.49359671220172163, ""learning_rate"": 0.012184186502221764, ""max_depth"": 2, ""min_child_weight"": 4, ""reg_lambda"": 0.2131772391719563, ""subsample"": 0.8603553891795411}"
0,0,288,1,0.6418908,0.6869749374116365,0.03477364362150396,"{""colsample_bytree"": 0.49359671220172163, ""learning_rate"": 0.012184186502221764, ""max_depth"": 2, ""min_child_weight"": 4, ""reg_lambda"": 0.2131772391719563, ""subsample"": 0.8603553891795411}"
0,0,292,0,0.6315638,0.6722211350683287,0.07448917321212761,"{""colsample_bytree"": 0.49359671220172163, ""learning_rate"": 0.012184186502221764, ""max_depth"": 2, ""min_child_weight"": 4, ""reg_lambda"": 0.2131772391719563, ""subsample"": 0.8603553891795411}"
0,0,299,0,0.33016944,0.17758922095525356,0.06647236909276408,"{""colsample_bytree"": 0.49359671220172163, ""learning_rate"": 0.012184186502221764, ""max_depth"": 2, ""min_child_weight"": 4, ""reg_lambda"": 0.2131772391719563, ""subsample"": 0.8603553891795411}"
0,0,300,0,0.38011467,0.26508052059674414,0.15905608977568614,"{""colsample_bytree"": 0.49359671220172163, ""learning_rate"": 0.012184186502221764, ""max_depth"": 2, ""min_child_weight"": 4, ""reg_lambda"": 0.2131772391719563, ""subsample"": 0.8603553891795411}"
0,1,4,0,0.6483895,0.5655683183404142,0.08122952586998866,"{""colsample_bytree"": 0.6429936688283558, ""learning_rate"": 0.029303049308601288, ""max_depth"": 2, ""min_child_weight"": 1, ""reg_lambda"": 2.678884242214825, ""subsample"": 0.761508015946677}"
0,1,10,1,0.9476471,0.9347827662119238,0.025676456077897872,"{""colsample_bytree"": 0.6429936688283558, ""learning_rate"": 0.029303049308601288, ""max_depth"": 2, ""min_child_weight"": 1, ""reg_lambda"": 2.678884242214825, ""subsample"": 0.761508015946677}"
0,1,19,1,0.9697383,0.9398367846070416,0.025983913787959615,"{""colsample_bytree"": 0.6429936688283558, ""learning_rate"": 0.029303049308601288, ""max_depth"": 2, ""min_child_weight"": 1, ""reg_lambda"": 2.678884242214825, ""subsample"": 0.761508015946677}"
0,1,24,1,0.94348156,0.9308873797297501,0.030423901894158018,"{""colsample_bytree"": 0.6429936688283558, ""learning_rate"": 0.029303049308601288, ""max_depth"": 2, ""min_child_weight"": 1, ""reg_lambda"": 2.678884242214825, ""subsample"": 0.761508015946677}"
0,1,26,0,0.3441263,0.2598147074042541,0.12769910615291336,"{""colsample_bytree"": 0.6429936688283558, ""learning_rate"": 0.029303049308601288, ""max_depth"": 2, ""min_child_weight"": 1, ""reg_lambda"": 2.678884242214825, ""subsample"": 0.761508015946677}"
0,1,28,1,0.97582334,0.9422669496472806,0.02615376431079875,"{""colsample_bytree"": 0.6429936688283558, ""learning_rate"": 0.029303049308601288, ""max_depth"": 2, ""min_child_weight"": 1, ""reg_lambda"": 2.678884242214825, ""subsample"": 0.761508015946677}"
0,1,34,1,0.75733906,0.8205743561308754,0.08630077611269356,"{""colsample_bytree"": 0.6429936688283558, ""learning_rate"": 0.029303049308601288, ""max_depth"": 2, ""min_child_weight"": 1, ""reg_lambda"": 2.678884242214825, ""subsample"": 0.761508015946677}"
0,1,38,1,0.79159915,0.8118432080904846,0.07779128630355632,"{""colsample_bytree"": 0.6429936688283558, ""learning_rate"": 0.029303049308601288, ""max_depth"": 2, ""min_child_weight"": 1, ""reg_lambda"": 2.678884242214825, ""subsample"": 0.761508015946677}"
0,1,41,0,0.3894396,0.3428529910485721,0.11440063533422105,"{""colsample_bytree"": 0.6429936688283558, ""learning_rate"": 0.029303049308601288, ""max_depth"": 2, ""min_child_weight"": 1, ""reg_lambda"": 2.678884242214825, ""subsample"": 0.761508015946677}"
0,1,45,1,0.9413412,0.922922328531618,0.030395127216951645,"{""colsample_bytree"": 0.6429936688283558, ""learning_rate"": 0.029303049308601288, ""max_depth"": 2, ""min_child_weight"": 1, ""reg_lambda"": 2.678884242214825, ""subsample"": 0.761508015946677}"
0,1,48,0,0.15510547,0.09286368687440207,0.060424082678458634,"{""colsample_bytree"": 0.6429936688283558, ""learning_rate"": 0.029303049308601288, ""max_depth"": 2, ""min_child_weight"": 1, ""reg_lambda"": 2.678884242214825, ""subsample"": 0.761508015946677}"
0,1,55,1,0.97213,0.9426846233333304,0.026461196647020242,"{""colsample_bytree"": 0.6429936688283558, ""learning_rate"": 0.029303049308601288, ""max_depth"": 2, ""min_child_weight"": 1, ""reg_lambda"": 2.678884242214825, ""subsample"": 0.761508015946677}"
0,1,59,1,0.9672527,0.9414698916602472,0.024857733468413242,"{""colsample_bytree"": 0.6429936688283558, ""learning_rate"": 0.029303049308601288, ""max_depth"": 2, ""min_child_weight"": 1, ""reg_lambda"": 2.678884242214825, ""subsample"": 0.761508015946677}"
0,1,73,1,0.8532143,0.8909999431471484,0.03367095201101497,"{""colsample_bytree"": 0.6429936688283558, ""learning_rate"": 0.029303049308601288, ""max_depth"": 2, ""min_child_weight"": 1, ""reg_lambda"": 2.678884242214825, ""subsample"": 0.761508015946677}"
0,1,75,1,0.72765243,0.7585013242295143,0.08688298534984178,"{""colsample_bytree"": 0.6429936688283558, ""learning_rate"": 0.029303049308601288, ""max_depth"": 2, ""min_child_weight"": 1, ""reg_lambda"": 2.678884242214825, ""subsample"": 0.761508015946677}"
0,1,76,1,0.93285084,0.9314157421177919,0.027557639916621933,"{""colsample_bytree"": 0.6429936688283558, ""learning_rate"": 0.029303049308601288, ""max_depth"": 2, ""min_child_weight"": 1, ""reg_lambda"": 2.678884242214825, ""subsample"": 0.761508015946677}"
0,1,80,1,0.97362715,0.9393746149330534,0.02697231574089287,"{""colsample_bytree"": 0.6429936688283558, ""learning_rate"": 0.029303049308601288, ""max_depth"": 2, ""min_child_weight"": 1, ""reg_lambda"": 2.678884242214825, ""subsample"": 0.761508015946677}"
0,1,83,1,0.7798363,0.7890393531511717,0.06030613004165551,"{""colsample_bytree"": 0.6429936688283558, ""learning_rate"": 0.029303049308601288, ""max_depth"": 2, ""min_child_weight"": 1, ""reg_lambda"": 2.678884242214825, ""subsample"": 0.761508015946677}"
0,1,84,1,0.9313441,0.9294824703002638,0.03217504118861093,"{""colsample_bytree"": 0.6429936688283558, ""learning_rate"": 0.029303049308601288, ""max_depth"": 2, ""min_child_weight"": 1, ""reg_lambda"": 2.678884242214825, ""subsample"": 0.761508015946677}"
0,1,93,0,0.9485649,0.9343638201878942,0.029112353934320424,"{""colsample_bytree"": 0.6429936688283558, ""learning_rate"": 0.029303049308601288, ""max_depth"": 2, ""min_child_weight"": 1, ""reg_lambda"": 2.678884242214825, ""subsample"": 0.761508015946677}"
0,1,97,1,0.88431513,0.9024989285112085,0.038717752525285865,"{""colsample_bytree"": 0.6429936688283558, ""learning_rate"": 0.029303049308601288, ""max_depth"": 2, ""min_child_weight"": 1, ""reg_lambda"": 2.678884242214825, ""subsample"": 0.761508015946677}"
0,1,100,1,0.93786556,0.9247775636867768,0.029669861170888937,"{""colsample_bytree"": 0.6429936688283558, ""learning_rate"": 0.029303049308601288, ""max_depth"": 2, ""min_child_weight"": 1, ""reg_lambda"": 2.678884242214825, ""subsample"": 0.761508015946677}"
0,1,104,1,0.82000047,0.8483949666446667,0.0587767303058144,"{""colsample_bytree"": 0.6429936688283558, ""learning_rate"": 0.029303049308601288, ""max_depth"": 2, ""min_child_weight"": 1, ""reg_lambda"": 2.678884242214825, ""subsample"": 0.761508015946677}"
0,1,112,1,0.9287996,0.9223717316089697,0.0323922223082101,"{""colsample_bytree"": 0.6429936688283558, ""learning_rate"": 0.029303049308601288, ""max_depth"": 2, ""min_child_weight"": 1, ""reg_lambda"": 2.678884242214825, ""subsample"": 0.761508015946677}"
0,1,114,1,0.9812568,0.9428980868256781,0.026971850134788804,"{""colsample_bytree"": 0.6429936688283558, ""learning_rate"": 0.029303049308601288, ""max_depth"": 2, ""min_child_weight"": 1, ""reg_lambda"": 2.678884242214825, ""subsample"": 0.761508015946677}"
0,1,118,1,0.97173274,0.939455921520328,0.027346356291456812,"{""colsample_bytree"": 0.6429936688283558, ""learning_rate"": 0.029303049308601288, ""max_depth"": 2, ""min_child_weight"": 1, ""reg_lambda"": 2.678884242214825, ""subsample"": 0.761508015946677}"
0,1,122,1,0.910511,0.9171145365674498,0.030413161503568212,"{""colsample_bytree"": 0.6429936688283558, ""learning_rate"": 0.029303049308601288, ""max_depth"": 2, ""min_child_weight"": 1, ""reg_lambda"": 2.678884242214825, ""subsample"": 0.761508015946677}"
0,1,130,0,0.40079162,0.3819281168836092,0.1029414117972397,"{""colsample_bytree"": 0.6429936688283558, ""learning_rate"": 0.029303049308601288, ""max_depth"": 2, ""min_child_weight"": 1, ""reg_lambda"": 2.678884242214825, ""subsample"": 0.761508015946677}"
0,1,133,0,0.63203555,0.6254115712919166,0.18719748080665852,"{""colsample_bytree"": 0.6429936688283558, ""learning_rate"": 0.029303049308601288, ""max_depth"": 2, ""min_child_weight"": 1, ""reg_lambda"": 2.678884242214825, ""subsample"": 0.761508015946677}"
0,1,149,1,0.8861442,0.9153146959133517,0.033356215825946514,"{""colsample_bytree"": 0.6429936688283558, ""learning_rate"": 0.029303049308601288, ""max_depth"": 2, ""min_child_weight"": 1, ""reg_lambda"": 2.678884242214825, ""subsample"": 0.761508015946677}"
0,1,159,1,0.9671016,0.9414581209349724,0.024881195855287946,"{""colsample_bytree"": 0.6429936688283558, ""learning_rate"": 0.029303049308601288, ""max_depth"": 2, ""min_child_weight"": 1, ""reg_lambda"": 2.678884242214825, ""subsample"": 0.761508015946677}"
0,1,161,1,0.97619766,0.941108780024422,0.027195825655897517,"{""colsample_bytree"": 0.6429936688283558, ""learning_rate"": 0.029303049308601288, ""max_depth"": 2, ""min_child_weight"": 1, ""reg_lambda"": 2.678884242214825, ""subsample"": 0.761508015946677}"
0,1,162,1,0.9481719,0.929916989261042,0.02501706975643198,"{""colsample_bytree"": 0.6429936688283558, ""learning_rate"": 0.029303049308601288, ""max_depth"": 2, ""min_child_weight"": 1, ""reg_lambda"": 2.678884242214825, ""subsample"": 0.761508015946677}"
0,1,173,1,0.9681696,0.9366881266279453,0.027268002968965654,"{""colsample_bytree"": 0.6429936688283558, ""learning_rate"": 0.029303049308601288, ""max_depth"": 2, ""min_child_weight"": 1, ""reg_lambda"": 2.678884242214825, ""subsample"": 0.761508015946677}"
0,1,177,1,0.9625962,0.9377490139662225,0.026227889329995164,"{""colsample_bytree"": 0.6429936688283558, ""learning_rate"": 0.029303049308601288, ""max_depth"": 2, ""min_child_weight"": 1, ""reg_lambda"": 2.678884242214825, ""subsample"": 0.761508015946677}"
0,1,179,0,0.19352157,0.1110273458202233,0.04361235789176631,"{""colsample_bytree"": 0.6429936688283558, ""learning_rate"": 0.029303049308601288, ""max_depth"": 2, ""min_child_weight"": 1, ""reg_lambda"": 2.678884242214825, ""subsample"": 0.761508015946677}"
0,1,189,1,0.9447349,0.9309826135678666,0.031504160877017795,"{""colsample_bytree"": 0.6429936688283558, ""learning_rate"": 0.029303049308601288, ""max_depth"": 2, ""min_child_weight"": 1, ""reg_lambda"": 2.678884242214825, ""subsample"": 0.761508015946677}"
0,1,196,0,0.40390322,0.31423801345264185,0.12524802598327633,"{""colsample_bytree"": 0.6429936688283558, ""learning_rate"": 0.029303049308601288, ""max_depth"": 2, ""min_child_weight"": 1, ""reg_lambda"": 2.678884242214825, ""subsample"": 0.761508015946677}"
0,1,200,1,0.94804925,0.9291716447735435,0.030247956435228887,"{""colsample_bytree"": 0.6429936688283558, ""learning_rate"": 0.029303049308601288, ""max_depth"": 2, ""min_child_weight"": 1, ""reg_lambda"": 2.678884242214825, ""subsample"": 0.761508015946677}"
0,1,202,1,0.96905184,0.9390227431663345,0.02839859972015567,"{""colsample_bytree"": 0.6429936688283558, ""learning_rate"": 0.029303049308601288, ""max_depth"": 2, ""min_child_weight"": 1, ""reg_lambda"": 2.678884242214825, ""subsample"": 0.761508015946677}"
0,1,209,1,0.9491429,0.9292718607732933,0.030309772615671,"{""colsample_bytree"": 0.6429936688283558, ""learning_rate"": 0.029303049308601288, ""max_depth"": 2, ""min_child_weight"": 1, ""reg_lambda"": 2.678884242214825, ""subsample"": 0.761508015946677}"
0,1,217,0,0.6411463,0.5919487539323414,0.012206312152377856,"{""colsample_bytree"": 0.6429936688283558, ""learning_rate"": 0.029303049308601288, ""max_depth"": 2, ""min_child_weight"": 1, ""reg_lambda"": 2.678884242214825, ""subsample"": 0.761508015946677}"
0,1,222,1,0.92703664,0.9233122515075914,0.02934130561556264,"{""colsample_bytree"": 0.6429936688283558, ""learning_rate"": 0.029303049308601288, ""max_depth"": 2, ""min_child_weight"": 1, ""reg_lambda"": 2.678884242214825, ""subsample"": 0.761508015946677}"
0,1,227,1,0.85214204,0.8876672509384843,0.033320418616698835,"{""colsample_bytree"": 0.6429936688283558, ""learning_rate"": 0.029303049308601288, ""max_depth"": 2, ""min_child_weight"": 1, ""reg_lambda"": 2.678884242214825, ""subsample"": 0.761508015946677}"
0,1,232,1,0.92765594,0.9218066705491058,0.03521353399555644,"{""colsample_bytree"": 0.6429936688283558, ""learning_rate"": 0.029303049308601288, ""max_depth"": 2, ""min_child_weight"": 1, ""reg_lambda"": 2.678884242214825, ""subsample"": 0.761508015946677}"
0,1,234,0,0.31582427,0.22916295872268005,0.1284564027056525,"{""colsample_bytree"": 0.6429936688283558, ""learning_rate"": 0.029303049308601288, ""max_depth"": 2, ""min_child_weight"": 1, ""reg_lambda"": 2.678884242214825, ""subsample"": 0.761508015946677}"
0,1,235,1,0.9712133,0.9397750599071383,0.029073313785937558,"{""colsample_bytree"": 0.6429936688283558, ""learning_rate"": 0.029303049308601288, ""max_depth"": 2, ""min_child_weight"": 1, ""reg_lambda"": 2.678884242214825, ""subsample"": 0.761508015946677}"
0,1,237,1,0.80867934,0.8554656617150105,0.03971385796571173,"{""colsample_bytree"": 0.6429936688283558, ""learning_rate"": 0.029303049308601288, ""max_depth"": 2, ""min_child_weight"": 1, ""reg_lambda"": 2.678884242214825, ""subsample"": 0.761508015946677}"
0,1,241,1,0.3612085,0.3158663843687125,0.13442959841278573,"{""colsample_bytree"": 0.6429936688283558, ""learning_rate"": 0.029303049308601288, ""max_depth"": 2, ""min_child_weight"": 1, ""reg_lambda"": 2.678884242214825, ""subsample"": 0.761508015946677}"
0,1,242,1,0.9256159,0.9205768282829736,0.03422674084503795,"{""colsample_bytree"": 0.6429936688283558, ""learning_rate"": 0.029303049308601288, ""max_depth"": 2, ""min_child_weight"": 1, ""reg_lambda"": 2.678884242214825, ""subsample"": 0.761508015946677}"
0,1,245,1,0.73635024,0.7755697325467681,0.11300761576164199,"{""colsample_bytree"": 0.6429936688283558, ""learning_rate"": 0.029303049308601288, ""max_depth"": 2, ""min_child_weight"": 1, ""reg_lambda"": 2.678884242214825, ""subsample"": 0.761508015946677}"
0,1,254,0,0.607804,0.6894252462652102,0.08663837681236071,"{""colsample_bytree"": 0.6429936688283558, ""learning_rate"": 0.029303049308601288, ""max_depth"": 2, ""min_child_weight"": 1, ""reg_lambda"": 2.678884242214825, ""subsample"": 0.761508015946677}"
0,1,255,0,0.19221786,0.12858005117984267,0.08094176589687099,"{""colsample_bytree"": 0.6429936688283558, ""learning_rate"": 0.029303049308601288, ""max_depth"": 2, ""min_child_weight"": 1, ""reg_lambda"": 2.678884242214825, ""subsample"": 0.761508015946677}"
0,1,256,0,0.40825856,0.35839112685520874,0.16350224903533422,"{""colsample_bytree"": 0.6429936688283558, ""learning_rate"": 0.029303049308601288, ""max_depth"": 2, ""min_child_weight"": 1, ""reg_lambda"": 2.678884242214825, ""subsample"": 0.761508015946677}"
0,1,258,0,0.21886866,0.12966173677324608,0.08323881146685236,"{""colsample_bytree"": 0.6429936688283558, ""learning_rate"": 0.029303049308601288, ""max_depth"": 2, ""min_child_weight"": 1, ""reg_lambda"": 2.678884242214825, ""subsample"": 0.761508015946677}"
0,1,260,1,0.9594295,0.9363542449388976,0.027889218616958908,"{""colsample_bytree"": 0.6429936688283558, ""learning_rate"": 0.029303049308601288, ""max_depth"": 2, ""min_child_weight"": 1, ""reg_lambda"": 2.678884242214825, ""subsample"": 0.761508015946677}"
0,1,272,0,0.7308981,0.7752445676538497,0.10364437057197931,"{""colsample_bytree"": 0.6429936688283558, ""learning_rate"": 0.029303049308601288, ""max_depth"": 2, ""min_child_weight"": 1, ""reg_lambda"": 2.678884242214825, ""subsample"": 0.761508015946677}"
0,1,275,1,0.95278406,0.9381606291319251,0.02519373467787175,"{""colsample_bytree"": 0.6429936688283558, ""learning_rate"": 0.029303049308601288, ""max_depth"": 2, ""min_child_weight"": 1, ""reg_lambda"": 2.678884242214825, ""subsample"": 0.761508015946677}"
0,1,282,1,0.9241468,0.9237368234898063,0.0347882812718543,"{""colsample_bytree"": 0.6429936688283558, ""learning_rate"": 0.029303049308601288, ""max_depth"": 2, ""min_child_weight"": 1, ""reg_lambda"": 2.678884242214825, ""subsample"": 0.761508015946677}"
0,1,287,0,0.5879449,0.6182932782065274,0.13378010696877468,"{""colsample_bytree"": 0.6429936688283558, ""learning_rate"": 0.029303049308601288, ""max_depth"": 2, ""min_child_weight"": 1, ""reg_lambda"": 2.678884242214825, ""subsample"": 0.761508015946677}"
0,1,291,0,0.37733334,0.38017835253705556,0.10221517876438613,"{""colsample_bytree"": 0.6429936688283558, ""learning_rate"": 0.029303049308601288, ""max_depth"": 2, ""min_child_weight"": 1, ""reg_lambda"": 2.678884242214825, ""subsample"": 0.761508015946677}"
0,2,7,1,0.8844903,0.9221550787380627,0.04554625922002441,"{""colsample_bytree"": 0.8266574117218173, ""learning_rate"": 0.012796842720931111, ""max_depth"": 3, ""min_child_weight"": 2, ""reg_lambda"": 7.103954061891917, ""subsample"": 0.8503591290421209}"
0,2,17,0,0.6585428,0.6269120399329485,0.13069584147161076,"{""colsample_bytree"": 0.8266574117218173, ""learning_rate"": 0.012796842720931111, ""max_depth"": 3, ""min_child_weight"": 2, ""reg_lambda"": 7.103954061891917, ""subsample"": 0.8503591290421209}"
0,2,30,1,0.9147088,0.9340725698257785,0.04000895604596488,"{""colsample_bytree"": 0.8266574117218173, ""learning_rate"": 0.012796842720931111, ""max_depth"": 3, ""min_child_weight"": 2, ""reg_lambda"": 7.103954061891917, ""subsample"": 0.8503591290421209}"
0,2,37,1,0.4593112,0.3424277799115925,0.11937871646951966,"{""colsample_bytree"": 0.8266574117218173, ""learning_rate"": 0.012796842720931111, ""max_depth"": 3, ""min_child_weight"": 2, ""reg_lambda"": 7.103954061891917, ""subsample"": 0.8503591290421209}"
0,2,39,1,0.9118753,0.9347488910006758,0.04031425699114792,"{""colsample_bytree"": 0.8266574117218173, ""learning_rate"": 0.012796842720931111, ""max_depth"": 3, ""min_child_weight"": 2, ""reg_lambda"": 7.103954061891917, ""subsample"": 0.8503591290421209}"
0,2,43,1,0.7003123,0.7060301499343244,0.05474878470398307,"{""colsample_bytree"": 0.8266574117218173, ""learning_rate"": 0.012796842720931111, ""max_depth"": 3, ""min_child_weight"": 2, ""reg_lambda"": 7.103954061891917, ""subsample"": 0.8503591290421209}"
0,2,44,1,0.7743061,0.8445913812516519,0.022102736129184893,"{""colsample_bytree"": 0.8266574117218173, ""learning_rate"": 0.012796842720931111, ""max_depth"": 3, ""min_child_weight"": 2, ""reg_lambda"": 7.103954061891917, ""subsample"": 0.8503591290421209}"
0,2,47,1,0.91792345,0.9368895489335511,0.040537361638876966,"{""colsample_bytree"": 0.8266574117218173, ""learning_rate"": 0.012796842720931111, ""max_depth"": 3, ""min_child_weight"": 2, ""reg_lambda"": 7.103954061891917, ""subsample"": 0.8503591290421209}"
0,2,49,1,0.5908848,0.5112432130922292,0.14754241436093415,"{""colsample_bytree"": 0.8266574117218173, ""learning_rate"": 0.012796842720931111, ""max_depth"": 3, ""min_child_weight"": 2, ""reg_lambda"": 7.103954061891917, ""subsample"": 0.8503591290421209}"
0,2,50,1,0.73031896,0.7652229495729962,0.06557033781819795,"{""colsample_bytree"": 0.8266574117218173, ""learning_rate"": 0.012796842720931111, ""max_depth"": 3, ""min_child_weight"": 2, ""reg_lambda"": 7.103954061891917, ""subsample"": 0.8503591290421209}"
0,2,52,1,0.9308408,0.9398602753465488,0.03767431361184004,"{""colsample_bytree"": 0.8266574117218173, ""learning_rate"": 0.012796842720931111, ""max_depth"": 3, ""min_child_weight"": 2, ""reg_lambda"": 7.103954061891917, ""subsample"": 0.8503591290421209}"
0,2,53,1,0.38475928,0.2782283253088111,0.13349285870341426,"{""colsample_bytree"": 0.8266574117218173, ""learning_rate"": 0.012796842720931111, ""max_depth"": 3, ""min_child_weight"": 2, ""reg_lambda"": 7.103954061891917, ""subsample"": 0.8503591290421209}"
0,2,56,1,0.9160592,0.9363493326938865,0.03591291365625585,"{""colsample_bytree"": 0.8266574117218173, ""learning_rate"": 0.012796842720931111, ""max_depth"": 3, ""min_child_weight"": 2, ""reg_lambda"": 7.103954061891917, ""subsample"": 0.8503591290421209}"
0,2,64,0,0.33282214,0.22272815833346904,0.1513761890968294,"{""colsample_bytree"": 0.8266574117218173, ""learning_rate"": 0.012796842720931111, ""max_depth"": 3, ""min_child_weight"": 2, ""reg_lambda"": 7.103954061891917, ""subsample"": 0.8503591290421209}"
0,2,67,0,0.8615728,0.9101971460123789,0.050023721938074917,"{""colsample_bytree"": 0.8266574117218173, ""learning_rate"": 0.012796842720931111, ""max_depth"": 3, ""min_child_weight"": 2, ""reg_lambda"": 7.103954061891917, ""subsample"": 0.8503591290421209}"
0,2,69,1,0.8949205,0.9249083364052961,0.04321746773507863,"{""colsample_bytree"": 0.8266574117218173, ""learning_rate"": 0.012796842720931111, ""max_depth"": 3, ""min_child_weight"": 2, ""reg_lambda"": 7.103954061891917, ""subsample"": 0.8503591290421209}"
0,2,74,1,0.92770106,0.9411410721705211,0.036894862095547355,"{""colsample_bytree"": 0.8266574117218173, ""learning_rate"": 0.012796842720931111, ""max_depth"": 3, ""min_child_weight"": 2, ""reg_lambda"": 7.103954061891917, ""subsample"": 0.8503591290421209}"
0,2,79,0,0.2498452,0.15197499555902164,0.12083154234489578,"{""colsample_bytree"": 0.8266574117218173, ""learning_rate"": 0.012796842720931111, ""max_depth"": 3, ""min_child_weight"": 2, ""reg_lambda"": 7.103954061891917, ""subsample"": 0.8503591290421209}"
0,2,81,1,0.9228448,0.9361823205017858,0.04127502227699249,"{""colsample_bytree"": 0.8266574117218173, ""learning_rate"": 0.012796842720931111, ""max_depth"": 3, ""min_child_weight"": 2, ""reg_lambda"": 7.103954061891917, ""subsample"": 0.8503591290421209}"
0,2,85,1,0.88971335,0.9227675566431645,0.03614791632634306,"{""colsample_bytree"": 0.8266574117218173, ""learning_rate"": 0.012796842720931111, ""max_depth"": 3, ""min_child_weight"": 2, ""reg_lambda"": 7.103954061891917, ""subsample"": 0.8503591290421209}"
0,2,91,0,0.6999852,0.6670787145094783,0.0812319035533718,"{""colsample_bytree"": 0.8266574117218173, ""learning_rate"": 0.012796842720931111, ""max_depth"": 3, ""min_child_weight"": 2, ""reg_lambda"": 7.103954061891917, ""subsample"": 0.8503591290421209}"
0,2,95,1,0.91653615,0.9316472776830343,0.042291302524379196,"{""colsample_bytree"": 0.8266574117218173, ""learning_rate"": 0.012796842720931111, ""max_depth"": 3, ""min_child_weight"": 2, ""reg_lambda"": 7.103954061891917, ""subsample"": 0.8503591290421209}"
0,2,105,1,0.49342716,0.4645551138133426,0.055226206912622665,"{""colsample_bytree"": 0.8266574117218173, ""learning_rate"": 0.012796842720931111, ""max_depth"": 3, ""min_child_weight"": 2, ""reg_lambda"": 7.103954061891917, ""subsample"": 0.8503591290421209}"
0,2,108,0,0.5296189,0.36297769855356676,0.2089252350340463,"{""colsample_bytree"": 0.8266574117218173, ""learning_rate"": 0.012796842720931111, ""max_depth"": 3, ""min_child_weight"": 2, ""reg_lambda"": 7.103954061891917, ""subsample"": 0.8503591290421209}"
0,2,109,1,0.8454256,0.908249117146587,0.04001681286731402,"{""colsample_bytree"": 0.8266574117218173, ""learning_rate"": 0.012796842720931111, ""max_depth"": 3, ""min_child_weight"": 2, ""reg_lambda"": 7.103954061891917, ""subsample"": 0.8503591290421209}"
0,2,110,1,0.5370097,0.4613330045657551,0.11965939115607381,"{""colsample_bytree"": 0.8266574117218173, ""learning_rate"": 0.012796842720931111, ""max_depth"": 3, ""min_child_weight"": 2, ""reg_lambda"": 7.103954061891917, ""subsample"": 0.8503591290421209}"
0,2,116,1,0.90252334,0.9277727391568424,0.04168911765951802,"{""colsample_bytree"": 0.8266574117218173, ""learning_rate"": 0.012796842720931111, ""max_depth"": 3, ""min_child_weight"": 2, ""reg_lambda"": 7.103954061891917, ""subsample"": 0.8503591290421209}"
0,2,117,1,0.92779094,0.940050265191393,0.037045628720895264,"{""colsample_bytree"": 0.8266574117218173, ""learning_rate"": 0.012796842720931111, ""max_depth"": 3, ""min_child_weight"": 2, ""reg_lambda"": 7.103954061891917, ""subsample"": 0.8503591290421209}"
0,2,121,1,0.7743866,0.8156798200067342,0.0608824742801897,"{""colsample_bytree"": 0.8266574117218173, ""learning_rate"": 0.012796842720931111, ""max_depth"": 3, ""min_child_weight"": 2, ""reg_lambda"": 7.103954061891917, ""subsample"": 0.8503591290421209}"
0,2,125,1,0.84162045,0.9080312665339043,0.044300924765925016,"{""colsample_bytree"": 0.8266574117218173, ""learning_rate"": 0.012796842720931111, ""max_depth"": 3, ""min_child_weight"": 2, ""reg_lambda"": 7.103954061891917, ""subsample"": 0.8503591290421209}"
0,2,147,1,0.89152807,0.9274079752051563,0.042053636020888914,"{""colsample_bytree"": 0.8266574117218173, ""learning_rate"": 0.012796842720931111, ""max_depth"": 3, ""min_child_weight"": 2, ""reg_lambda"": 7.103954061891917, ""subsample"": 0.8503591290421209}"
0,2,150,0,0.8623478,0.9093384600536515,0.04506947943088174,"{""colsample_bytree"": 0.8266574117218173, ""learning_rate"": 0.012796842720931111, ""max_depth"": 3, ""min_child_weight"": 2, ""reg_lambda"": 7.103954061891917, ""subsample"": 0.8503591290421209}"
0,2,152,1,0.7880658,0.8719314246536001,0.027826431137247153,"{""colsample_bytree"": 0.8266574117218173, ""learning_rate"": 0.012796842720931111, ""max_depth"": 3, ""min_child_weight"": 2, ""reg_lambda"": 7.103954061891917, ""subsample"": 0.8503591290421209}"
0,2,165,1,0.77539486,0.8482633022687747,0.03886953940013926,"{""colsample_bytree"": 0.8266574117218173, ""learning_rate"": 0.012796842720931111, ""max_depth"": 3, ""min_child_weight"": 2, ""reg_lambda"": 7.103954061891917, ""subsample"": 0.8503591290421209}"
0,2,170,0,0.43787205,0.3197460368063216,0.09330699536841539,"{""colsample_bytree"": 0.8266574117218173, ""learning_rate"": 0.012796842720931111, ""max_depth"": 3, ""min_child_weight"": 2, ""reg_lambda"": 7.103954061891917, ""subsample"": 0.8503591290421209}"
0,2,178,1,0.88537043,0.9202051867924007,0.040269342376559075,"{""colsample_bytree"": 0.8266574117218173, ""learning_rate"": 0.012796842720931111, ""max_depth"": 3, ""min_child_weight"": 2, ""reg_lambda"": 7.103954061891917, ""subsample"": 0.8503591290421209}"
0,2,188,1,0.50186557,0.3797830100186459,0.0402441638053566,"{""colsample_bytree"": 0.8266574117218173, ""learning_rate"": 0.012796842720931111, ""max_depth"": 3, ""min_child_weight"": 2, ""reg_lambda"": 7.103954061891917, ""subsample"": 0.8503591290421209}"
0,2,193,0,0.74878,0.8134135125288975,0.0300275990086043,"{""colsample_bytree"": 0.8266574117218173, ""learning_rate"": 0.012796842720931111, ""max_depth"": 3, ""min_child_weight"": 2, ""reg_lambda"": 7.103954061891917, ""subsample"": 0.8503591290421209}"
0,2,199,0,0.2985956,0.18307912852410949,0.11497874699663853,"{""colsample_bytree"": 0.8266574117218173, ""learning_rate"": 0.012796842720931111, ""max_depth"": 3, ""min_child_weight"": 2, ""reg_lambda"": 7.103954061891917, ""subsample"": 0.8503591290421209}"
0,2,207,1,0.7146983,0.7570840642792728,0.02443144072782504,"{""colsample_bytree"": 0.8266574117218173, ""learning_rate"": 0.012796842720931111, ""max_depth"": 3, ""min_child_weight"": 2, ""reg_lambda"": 7.103954061891917, ""subsample"": 0.8503591290421209}"
0,2,208,1,0.8873003,0.9201341195799648,0.051078365138084184,"{""colsample_bytree"": 0.8266574117218173, ""learning_rate"": 0.012796842720931111, ""max_depth"": 3, ""min_child_weight"": 2, ""reg_lambda"": 7.103954061891917, ""subsample"": 0.8503591290421209}"
0,2,213,0,0.8635352,0.9124382657039538,0.03698390301205534,"{""colsample_bytree"": 0.8266574117218173, ""learning_rate"": 0.012796842720931111, ""max_depth"": 3, ""min_child_weight"": 2, ""reg_lambda"": 7.103954061891917, ""subsample"": 0.8503591290421209}"
0,2,216,0,0.7372977,0.7917674950179229,0.05510387698906549,"{""colsample_bytree"": 0.8266574117218173, ""learning_rate"": 0.012796842720931111, ""max_depth"": 3, ""min_child_weight"": 2, ""reg_lambda"": 7.103954061891917, ""subsample"": 0.8503591290421209}"
0,2,219,1,0.23205656,0.12906652807940774,0.12455515474771231,"{""colsample_bytree"": 0.8266574117218173, ""learning_rate"": 0.012796842720931111, ""max_depth"": 3, ""min_child_weight"": 2, ""reg_lambda"": 7.103954061891917, ""subsample"": 0.8503591290421209}"
0,2,236,1,0.4821804,0.349781322546675,0.08215485384098065,"{""colsample_bytree"": 0.8266574117218173, ""learning_rate"": 0.012796842720931111, ""max_depth"": 3, ""min_child_weight"": 2, ""reg_lambda"": 7.103954061891917, ""subsample"": 0.8503591290421209}"
0,2,243,1,0.90977037,0.9330183902006549,0.03738675547612868,"{""colsample_bytree"": 0.8266574117218173, ""learning_rate"": 0.012796842720931111, ""max_depth"": 3, ""min_child_weight"": 2, ""reg_lambda"": 7.103954061891917, ""subsample"": 0.8503591290421209}"
0,2,247,0,0.25563467,0.14934004469336715,0.11462999165034093,"{""colsample_bytree"": 0.8266574117218173, ""learning_rate"": 0.012796842720931111, ""max_depth"": 3, ""min_child_weight"": 2, ""reg_lambda"": 7.103954061891917, ""subsample"": 0.8503591290421209}"
0,2,250,1,0.91727316,0.9361901338758676,0.03759902891356028,"{""colsample_bytree"": 0.8266574117218173, ""learning_rate"": 0.012796842720931111, ""max_depth"": 3, ""min_child_weight"": 2, ""reg_lambda"": 7.103954061891917, ""subsample"": 0.8503591290421209}"
0,2,257,0,0.6743984,0.6491019152884554,0.12342245378343895,"{""colsample_bytree"": 0.8266574117218173, ""learning_rate"": 0.012796842720931111, ""max_depth"": 3, ""min_child_weight"": 2, ""reg_lambda"": 7.103954061891917, ""subsample"": 0.8503591290421209}"
0,2,267,1,0.914975,0.9339948231232633,0.038664005355500984,"{""colsample_bytree"": 0.8266574117218173, ""learning_rate"": 0.012796842720931111, ""max_depth"": 3, ""min_child_weight"": 2, ""reg_lambda"": 7.103954061891917, ""subsample"": 0.8503591290421209}"
0,2,268,0,0.435752,0.29998460856718584,0.12075255662450639,"{""colsample_bytree"": 0.8266574117218173, ""learning_rate"": 0.012796842720931111, ""max_depth"": 3, ""min_child_weight"": 2, ""reg_lambda"": 7.103954061891917, ""subsample"": 0.8503591290421209}"
0,2,269,1,0.91973597,0.9376998291784755,0.03869374214886513,"{""colsample_bytree"": 0.8266574117218173, ""learning_rate"": 0.012796842720931111, ""max_depth"": 3, ""min_child_weight"": 2, ""reg_lambda"": 7.103954061891917, ""subsample"": 0.8503591290421209}"
0,2,270,0,0.23718889,0.12719719442286886,0.11297737004563367,"{""colsample_bytree"": 0.8266574117218173, ""learning_rate"": 0.012796842720931111, ""max_depth"": 3, ""min_child_weight"": 2, ""reg_lambda"": 7.103954061891917, ""subsample"": 0.8503591290421209}"
0,2,271,1,0.8996353,0.9234059513536843,0.037885465562280056,"{""colsample_bytree"": 0.8266574117218173, ""learning_rate"": 0.012796842720931111, ""max_depth"": 3, ""min_child_weight"": 2, ""reg_lambda"": 7.103954061891917, ""subsample"": 0.8503591290421209}"
0,2,273,1,0.8957279,0.912039864324169,0.03975620021460792,"{""colsample_bytree"": 0.8266574117218173, ""learning_rate"": 0.012796842720931111, ""max_depth"": 3, ""min_child_weight"": 2, ""reg_lambda"": 7.103954061891917, ""subsample"": 0.8503591290421209}"
0,2,276,0,0.42128354,0.2842334697546652,0.09460318446570469,"{""colsample_bytree"": 0.8266574117218173, ""learning_rate"": 0.012796842720931111, ""max_depth"": 3, ""min_child_weight"": 2, ""reg_lambda"": 7.103954061891917, ""subsample"": 0.8503591290421209}"
0,2,277,1,0.91962945,0.93450673835355,0.035533151177436016,"{""colsample_bytree"": 0.8266574117218173, ""learning_rate"": 0.012796842720931111, ""max_depth"": 3, ""min_child_weight"": 2, ""reg_lambda"": 7.103954061891917, ""subsample"": 0.8503591290421209}"
0,2,283,1,0.4311978,0.3957449845529338,0.06190240183983037,"{""colsample_bytree"": 0.8266574117218173, ""learning_rate"": 0.012796842720931111, ""max_depth"": 3, ""min_child_weight"": 2, ""reg_lambda"": 7.103954061891917, ""subsample"": 0.8503591290421209}"
0,2,289,0,0.6829158,0.6982443940488301,0.0809190498092763,"{""colsample_bytree"": 0.8266574117218173, ""learning_rate"": 0.012796842720931111, ""max_depth"": 3, ""min_child_weight"": 2, ""reg_lambda"": 7.103954061891917, ""subsample"": 0.8503591290421209}"
0,2,294,1,0.7701656,0.8252774506683931,0.04268788551671528,"{""colsample_bytree"": 0.8266574117218173, ""learning_rate"": 0.012796842720931111, ""max_depth"": 3, ""min_child_weight"": 2, ""reg_lambda"": 7.103954061891917, ""subsample"": 0.8503591290421209}"
0,2,302,1,0.8709813,0.9135857277008526,0.03534280844844741,"{""colsample_bytree"": 0.8266574117218173, ""learning_rate"": 0.012796842720931111, ""max_depth"": 3, ""min_child_weight"": 2, ""reg_lambda"": 7.103954061891917, ""subsample"": 0.8503591290421209}"
0,3,2,1,0.88580585,0.9116265616422595,0.024938394959467324,"{""colsample_bytree"": 0.42911320054386753, ""learning_rate"": 0.017428098823074157, ""max_depth"": 3, ""min_child_weight"": 7, ""reg_lambda"": 2.7774553175363716, ""subsample"": 0.9424728194382498}"
0,3,3,0,0.5830084,0.5296805594017842,0.14263891061072467,"{""colsample_bytree"": 0.42911320054386753, ""learning_rate"": 0.017428098823074157, ""max_depth"": 3, ""min_child_weight"": 7, ""reg_lambda"": 2.7774553175363716, ""subsample"": 0.9424728194382498}"
0,3,12,1,0.8727823,0.9000243054228143,0.03306368520454938,"{""colsample_bytree"": 0.42911320054386753, ""learning_rate"": 0.017428098823074157, ""max_depth"": 3, ""min_child_weight"": 7, ""reg_lambda"": 2.7774553175363716, ""subsample"": 0.9424728194382498}"
0,3,13,1,0.75968856,0.763809577641924,0.1145525093013631,"{""colsample_bytree"": 0.42911320054386753, ""learning_rate"": 0.017428098823074157, ""max_depth"": 3, ""min_child_weight"": 7, ""reg_lambda"": 2.7774553175363716, ""subsample"": 0.9424728194382498}"
0,3,21,1,0.8452486,0.9151396168416852,0.02186754095934134,"{""colsample_bytree"": 0.42911320054386753, ""learning_rate"": 0.017428098823074157, ""max_depth"": 3, ""min_child_weight"": 7, ""reg_lambda"": 2.7774553175363716, ""subsample"": 0.9424728194382498}"
0,3,23,1,0.93138236,0.941957274104008,0.0228207056228138,"{""colsample_bytree"": 0.42911320054386753, ""learning_rate"": 0.017428098823074157, ""max_depth"": 3, ""min_child_weight"": 7, ""reg_lambda"": 2.7774553175363716, ""subsample"": 0.9424728194382498}"
0,3,27,1,0.42900634,0.31035404169873787,0.06064073129295873,"{""colsample_bytree"": 0.42911320054386753, ""learning_rate"": 0.017428098823074157, ""max_depth"": 3, ""min_child_weight"": 7, ""reg_lambda"": 2.7774553175363716, ""subsample"": 0.9424728194382498}"
0,3,31,1,0.8658048,0.8881572831492495,0.03335464028127522,"{""colsample_bytree"": 0.42911320054386753, ""learning_rate"": 0.017428098823074157, ""max_depth"": 3, ""min_child_weight"": 7, ""reg_lambda"": 2.7774553175363716, ""subsample"": 0.9424728194382498}"
0,3,32,1,0.8875836,0.9273924939255302,0.022705633394665598,"{""colsample_bytree"": 0.42911320054386753, ""learning_rate"": 0.017428098823074157, ""max_depth"": 3, ""min_child_weight"": 7, ""reg_lambda"": 2.7774553175363716, ""subsample"": 0.9424728194382498}"
0,3,35,0,0.24007097,0.13434054562819225,0.06643746503727904,"{""colsample_bytree"": 0.42911320054386753, ""learning_rate"": 0.017428098823074157, ""max_depth"": 3, ""min_child_weight"": 7, ""reg_lambda"": 2.7774553175363716, ""subsample"": 0.9424728194382498}"
0,3,42,0,0.37275532,0.2459052990324111,0.142879442783952,"{""colsample_bytree"": 0.42911320054386753, ""learning_rate"": 0.017428098823074157, ""max_depth"": 3, ""min_child_weight"": 7, ""reg_lambda"": 2.7774553175363716, ""subsample"": 0.9424728194382498}"
0,3,46,1,0.89123315,0.9134201977860144,0.027392312137616684,"{""colsample_bytree"": 0.42911320054386753, ""learning_rate"": 0.017428098823074157, ""max_depth"": 3, ""min_child_weight"": 7, ""reg_lambda"": 2.7774553175363716, ""subsample"": 0.9424728194382498}"
0,3,54,0,0.36854988,0.2781882568544735,0.11364695713671945,"{""colsample_bytree"": 0.42911320054386753, ""learning_rate"": 0.017428098823074157, ""max_depth"": 3, ""min_child_weight"": 7, ""reg_lambda"": 2.7774553175363716, ""subsample"": 0.9424728194382498}"
0,3,57,1,0.93858343,0.9435223207793311,0.023205853365041516,"{""colsample_bytree"": 0.42911320054386753, ""learning_rate"": 0.017428098823074157, ""max_depth"": 3, ""min_child_weight"": 7, ""reg_lambda"": 2.7774553175363716, ""subsample"": 0.9424728194382498}"
0,3,61,1,0.7251619,0.7549559806732281,0.05884815579526553,"{""colsample_bytree"": 0.42911320054386753, ""learning_rate"": 0.017428098823074157, ""max_depth"": 3, ""min_child_weight"": 7, ""reg_lambda"": 2.7774553175363716, ""subsample"": 0.9424728194382498}"
0,3,62,1,0.32661864,0.2190416771144636,0.10497812695929726,"{""colsample_bytree"": 0.42911320054386753, ""learning_rate"": 0.017428098823074157, ""max_depth"": 3, ""min_child_weight"": 7, ""reg_lambda"": 2.7774553175363716, ""subsample"": 0.9424728194382498}"
0,3,66,1,0.9294977,0.936668000426747,0.018827301408222395,"{""colsample_bytree"": 0.42911320054386753, ""learning_rate"": 0.017428098823074157, ""max_depth"": 3, ""min_child_weight"": 7, ""reg_lambda"": 2.7774553175363716, ""subsample"": 0.9424728194382498}"
0,3,70,0,0.33232048,0.19855668285636324,0.11062706488011238,"{""colsample_bytree"": 0.42911320054386753, ""learning_rate"": 0.017428098823074157, ""max_depth"": 3, ""min_child_weight"": 7, ""reg_lambda"": 2.7774553175363716, ""subsample"": 0.9424728194382498}"
0,3,78,1,0.8697762,0.9050609718168035,0.03051945494314289,"{""colsample_bytree"": 0.42911320054386753, ""learning_rate"": 0.017428098823074157, ""max_depth"": 3, ""min_child_weight"": 7, ""reg_lambda"": 2.7774553175363716, ""subsample"": 0.9424728194382498}"
0,3,82,1,0.7668229,0.7879146795324649,0.04922662548743325,"{""colsample_bytree"": 0.42911320054386753, ""learning_rate"": 0.017428098823074157, ""max_depth"": 3, ""min_child_weight"": 7, ""reg_lambda"": 2.7774553175363716, ""subsample"": 0.9424728194382498}"
0,3,96,1,0.89884275,0.922926242377868,0.026101059941683855,"{""colsample_bytree"": 0.42911320054386753, ""learning_rate"": 0.017428098823074157, ""max_depth"": 3, ""min_child_weight"": 7, ""reg_lambda"": 2.7774553175363716, ""subsample"": 0.9424728194382498}"
0,3,102,0,0.2884369,0.13186937941324112,0.08386825977579415,"{""colsample_bytree"": 0.42911320054386753, ""learning_rate"": 0.017428098823074157, ""max_depth"": 3, ""min_child_weight"": 7, ""reg_lambda"": 2.7774553175363716, ""subsample"": 0.9424728194382498}"
0,3,103,1,0.94671404,0.9444340540384072,0.023664908141039314,"{""colsample_bytree"": 0.42911320054386753, ""learning_rate"": 0.017428098823074157, ""max_depth"": 3, ""min_child_weight"": 7, ""reg_lambda"": 2.7774553175363716, ""subsample"": 0.9424728194382498}"
0,3,107,1,0.69657356,0.7530484082159986,0.05295215868474716,"{""colsample_bytree"": 0.42911320054386753, ""learning_rate"": 0.017428098823074157, ""max_depth"": 3, ""min_child_weight"": 7, ""reg_lambda"": 2.7774553175363716, ""subsample"": 0.9424728194382498}"
0,3,119,1,0.82902557,0.8963292712830441,0.03153355796527263,"{""colsample_bytree"": 0.42911320054386753, ""learning_rate"": 0.017428098823074157, ""max_depth"": 3, ""min_child_weight"": 7, ""reg_lambda"": 2.7774553175363716, ""subsample"": 0.9424728194382498}"
0,3,124,1,0.6752183,0.6542280696554326,0.07973005036795512,"{""colsample_bytree"": 0.42911320054386753, ""learning_rate"": 0.017428098823074157, ""max_depth"": 3, ""min_child_weight"": 7, ""reg_lambda"": 2.7774553175363716, ""subsample"": 0.9424728194382498}"
0,3,131,1,0.9355358,0.9411822901256333,0.02214219356451709,"{""colsample_bytree"": 0.42911320054386753, ""learning_rate"": 0.017428098823074157, ""max_depth"": 3, ""min_child_weight"": 7, ""reg_lambda"": 2.7774553175363716, ""subsample"": 0.9424728194382498}"
0,3,135,1,0.7447214,0.8230580407322432,0.03789888565174961,"{""colsample_bytree"": 0.42911320054386753, ""learning_rate"": 0.017428098823074157, ""max_depth"": 3, ""min_child_weight"": 7, ""reg_lambda"": 2.7774553175363716, ""subsample"": 0.9424728194382498}"
0,3,136,0,0.4558174,0.4119112459251659,0.13076428986078686,"{""colsample_bytree"": 0.42911320054386753, ""learning_rate"": 0.017428098823074157, ""max_depth"": 3, ""min_child_weight"": 7, ""reg_lambda"": 2.7774553175363716, ""subsample"": 0.9424728194382498}"
0,3,137,0,0.24547157,0.13303403462071584,0.0791284496749799,"{""colsample_bytree"": 0.42911320054386753, ""learning_rate"": 0.017428098823074157, ""max_depth"": 3, ""min_child_weight"": 7, ""reg_lambda"": 2.7774553175363716, ""subsample"": 0.9424728194382498}"
0,3,139,1,0.91933244,0.9364094384037329,0.023943742264303385,"{""colsample_bytree"": 0.42911320054386753, ""learning_rate"": 0.017428098823074157, ""max_depth"": 3, ""min_child_weight"": 7, ""reg_lambda"": 2.7774553175363716, ""subsample"": 0.9424728194382498}"
0,3,143,0,0.15928277,0.06887135251925611,0.04838820681970718,"{""colsample_bytree"": 0.42911320054386753, ""learning_rate"": 0.017428098823074157, ""max_depth"": 3, ""min_child_weight"": 7, ""reg_lambda"": 2.7774553175363716, ""subsample"": 0.9424728194382498}"
0,3,144,1,0.89989954,0.9133192118397961,0.035633695820840576,"{""colsample_bytree"": 0.42911320054386753, ""learning_rate"": 0.017428098823074157, ""max_depth"": 3, ""min_child_weight"": 7, ""reg_lambda"": 2.7774553175363716, ""subsample"": 0.9424728194382498}"
0,3,146,1,0.95860666,0.9479544960232829,0.024593127016185184,"{""colsample_bytree"": 0.42911320054386753, ""learning_rate"": 0.017428098823074157, ""max_depth"": 3, ""min_child_weight"": 7, ""reg_lambda"": 2.7774553175363716, ""subsample"": 0.9424728194382498}"
0,3,158,1,0.49706545,0.3239974801899784,0.14673861041631153,"{""colsample_bytree"": 0.42911320054386753, ""learning_rate"": 0.017428098823074157, ""max_depth"": 3, ""min_child_weight"": 7, ""reg_lambda"": 2.7774553175363716, ""subsample"": 0.9424728194382498}"
0,3,160,1,0.8925231,0.9141563257278602,0.02991890531187536,"{""colsample_bytree"": 0.42911320054386753, ""learning_rate"": 0.017428098823074157, ""max_depth"": 3, ""min_child_weight"": 7, ""reg_lambda"": 2.7774553175363716, ""subsample"": 0.9424728194382498}"
0,3,163,1,0.7101176,0.7198739930447636,0.08290073727797588,"{""colsample_bytree"": 0.42911320054386753, ""learning_rate"": 0.017428098823074157, ""max_depth"": 3, ""min_child_weight"": 7, ""reg_lambda"": 2.7774553175363716, ""subsample"": 0.9424728194382498}"
0,3,169,0,0.39810154,0.2757479021329341,0.08076700282017998,"{""colsample_bytree"": 0.42911320054386753, ""learning_rate"": 0.017428098823074157, ""max_depth"": 3, ""min_child_weight"": 7, ""reg_lambda"": 2.7774553175363716, ""subsample"": 0.9424728194382498}"
0,3,171,1,0.86281484,0.8838417712694057,0.0421565149044003,"{""colsample_bytree"": 0.42911320054386753, ""learning_rate"": 0.017428098823074157, ""max_depth"": 3, ""min_child_weight"": 7, ""reg_lambda"": 2.7774553175363716, ""subsample"": 0.9424728194382498}"
0,3,172,1,0.8666025,0.9153043566516729,0.03173887484082319,"{""colsample_bytree"": 0.42911320054386753, ""learning_rate"": 0.017428098823074157, ""max_depth"": 3, ""min_child_weight"": 7, ""reg_lambda"": 2.7774553175363716, ""subsample"": 0.9424728194382498}"
0,3,180,1,0.46656433,0.4010150515441662,0.12391274439999979,"{""colsample_bytree"": 0.42911320054386753, ""learning_rate"": 0.017428098823074157, ""max_depth"": 3, ""min_child_weight"": 7, ""reg_lambda"": 2.7774553175363716, ""subsample"": 0.9424728194382498}"
0,3,182,1,0.6906362,0.774498421919487,0.06618204419346031,"{""colsample_bytree"": 0.42911320054386753, ""learning_rate"": 0.017428098823074157, ""max_depth"": 3, ""min_child_weight"": 7, ""reg_lambda"": 2.7774553175363716, ""subsample"": 0.9424728194382498}"
0,3,186,0,0.66254115,0.6944425168033814,0.059727945681714384,"{""colsample_bytree"": 0.42911320054386753, ""learning_rate"": 0.017428098823074157, ""max_depth"": 3, ""min_child_weight"": 7, ""reg_lambda"": 2.7774553175363716, ""subsample"": 0.9424728194382498}"
0,3,191,1,0.9229816,0.9268327167880303,0.029349197311464636,"{""colsample_bytree"": 0.42911320054386753, ""learning_rate"": 0.017428098823074157, ""max_depth"": 3, ""min_child_weight"": 7, ""reg_lambda"": 2.7774553175363716, ""subsample"": 0.9424728194382498}"
0,3,192,0,0.1857742,0.08780505769572088,0.052525508864386256,"{""colsample_bytree"": 0.42911320054386753, ""learning_rate"": 0.017428098823074157, ""max_depth"": 3, ""min_child_weight"": 7, ""reg_lambda"": 2.7774553175363716, ""subsample"": 0.9424728194382498}"
0,3,197,1,0.8565609,0.8986968872219044,0.027875965434313383,"{""colsample_bytree"": 0.42911320054386753, ""learning_rate"": 0.017428098823074157, ""max_depth"": 3, ""min_child_weight"": 7, ""reg_lambda"": 2.7774553175363716, ""subsample"": 0.9424728194382498}"
0,3,204,0,0.55255777,0.6451582137411855,0.10827899034053381,"{""colsample_bytree"": 0.42911320054386753, ""learning_rate"": 0.017428098823074157, ""max_depth"": 3, ""min_child_weight"": 7, ""reg_lambda"": 2.7774553175363716, ""subsample"": 0.9424728194382498}"
0,3,224,1,0.9359665,0.9375932443849528,0.025638528009551992,"{""colsample_bytree"": 0.42911320054386753, ""learning_rate"": 0.017428098823074157, ""max_depth"": 3, ""min_child_weight"": 7, ""reg_lambda"": 2.7774553175363716, ""subsample"": 0.9424728194382498}"
0,3,226,1,0.90753603,0.926671567816064,0.029141230220958245,"{""colsample_bytree"": 0.42911320054386753, ""learning_rate"": 0.017428098823074157, ""max_depth"": 3, ""min_child_weight"": 7, ""reg_lambda"": 2.7774553175363716, ""subsample"": 0.9424728194382498}"
0,3,229,1,0.87269,0.8973769147385904,0.03415406050563294,"{""colsample_bytree"": 0.42911320054386753, ""learning_rate"": 0.017428098823074157, ""max_depth"": 3, ""min_child_weight"": 7, ""reg_lambda"": 2.7774553175363716, ""subsample"": 0.9424728194382498}"
0,3,240,1,0.93531156,0.9372906911856831,0.027609916727093974,"{""colsample_bytree"": 0.42911320054386753, ""learning_rate"": 0.017428098823074157, ""max_depth"": 3, ""min_child_weight"": 7, ""reg_lambda"": 2.7774553175363716, ""subsample"": 0.9424728194382498}"
0,3,246,1,0.93131745,0.9464956792170955,0.0231947601744939,"{""colsample_bytree"": 0.42911320054386753, ""learning_rate"": 0.017428098823074157, ""max_depth"": 3, ""min_child_weight"": 7, ""reg_lambda"": 2.7774553175363716, ""subsample"": 0.9424728194382498}"
0,3,252,1,0.8795413,0.9091530433486108,0.02730424223640323,"{""colsample_bytree"": 0.42911320054386753, ""learning_rate"": 0.017428098823074157, ""max_depth"": 3, ""min_child_weight"": 7, ""reg_lambda"": 2.7774553175363716, ""subsample"": 0.9424728194382498}"
0,3,261,0,0.1545334,0.07545319381622131,0.049952005460051324,"{""colsample_bytree"": 0.42911320054386753, ""learning_rate"": 0.017428098823074157, ""max_depth"": 3, ""min_child_weight"": 7, ""reg_lambda"": 2.7774553175363716, ""subsample"": 0.9424728194382498}"
0,3,262,1,0.74034274,0.807918612016547,0.05630944963694712,"{""colsample_bytree"": 0.42911320054386753, ""learning_rate"": 0.017428098823074157, ""max_depth"": 3, ""min_child_weight"": 7, ""reg_lambda"": 2.7774553175363716, ""subsample"": 0.9424728194382498}"
0,3,265,1,0.8382304,0.8860250157344188,0.03313612587326668,"{""colsample_bytree"": 0.42911320054386753, ""learning_rate"": 0.017428098823074157, ""max_depth"": 3, ""min_child_weight"": 7, ""reg_lambda"": 2.7774553175363716, ""subsample"": 0.9424728194382498}"
0,3,266,1,0.83489954,0.899231525191974,0.03023050616505351,"{""colsample_bytree"": 0.42911320054386753, ""learning_rate"": 0.017428098823074157, ""max_depth"": 3, ""min_child_weight"": 7, ""reg_lambda"": 2.7774553175363716, ""subsample"": 0.9424728194382498}"
0,3,286,0,0.4801873,0.45023292852490665,0.1464254414330277,"{""colsample_bytree"": 0.42911320054386753, ""learning_rate"": 0.017428098823074157, ""max_depth"": 3, ""min_child_weight"": 7, ""reg_lambda"": 2.7774553175363716, ""subsample"": 0.9424728194382498}"
0,3,295,0,0.77354825,0.8382619608104103,0.0495364575268731,"{""colsample_bytree"": 0.42911320054386753, ""learning_rate"": 0.017428098823074157, ""max_depth"": 3, ""min_child_weight"": 7, ""reg_lambda"": 2.7774553175363716, ""subsample"": 0.9424728194382498}"
0,3,296,0,0.4368557,0.312655493503438,0.07476879102335479,"{""colsample_bytree"": 0.42911320054386753, ""learning_rate"": 0.017428098823074157, ""max_depth"": 3, ""min_child_weight"": 7, ""reg_lambda"": 2.7774553175363716, ""subsample"": 0.9424728194382498}"
0,4,0,1,0.69084245,0.696856259481369,0.0780279143949344,"{""colsample_bytree"": 0.45810523131982, ""learning_rate"": 0.018370450155050625, ""max_depth"": 2, ""min_child_weight"": 1, ""reg_lambda"": 0.4640967033326003, ""subsample"": 0.693980156250111}"
0,4,1,1,0.97739077,0.9663680923761806,0.01632879943353011,"{""colsample_bytree"": 0.45810523131982, ""learning_rate"": 0.018370450155050625, ""max_depth"": 2, ""min_child_weight"": 1, ""reg_lambda"": 0.4640967033326003, ""subsample"": 0.693980156250111}"
0,4,5,1,0.79558873,0.8560244999351321,0.04756474146979488,"{""colsample_bytree"": 0.45810523131982, ""learning_rate"": 0.018370450155050625, ""max_depth"": 2, ""min_child_weight"": 1, ""reg_lambda"": 0.4640967033326003, ""subsample"": 0.693980156250111}"
0,4,9,1,0.9334708,0.9567350976773147,0.018150671297814537,"{""colsample_bytree"": 0.45810523131982, ""learning_rate"": 0.018370450155050625, ""max_depth"": 2, ""min_child_weight"": 1, ""reg_lambda"": 0.4640967033326003, ""subsample"": 0.693980156250111}"
0,4,11,1,0.97404987,0.9657826455367827,0.01607144978265588,"{""colsample_bytree"": 0.45810523131982, ""learning_rate"": 0.018370450155050625, ""max_depth"": 2, ""min_child_weight"": 1, ""reg_lambda"": 0.4640967033326003, ""subsample"": 0.693980156250111}"
0,4,15,1,0.92387605,0.9526110848344533,0.013939406758278287,"{""colsample_bytree"": 0.45810523131982, ""learning_rate"": 0.018370450155050625, ""max_depth"": 2, ""min_child_weight"": 1, ""reg_lambda"": 0.4640967033326003, ""subsample"": 0.693980156250111}"
0,4,20,1,0.21459444,0.06414313490224313,0.020590365735361535,"{""colsample_bytree"": 0.45810523131982, ""learning_rate"": 0.018370450155050625, ""max_depth"": 2, ""min_child_weight"": 1, ""reg_lambda"": 0.4640967033326003, ""subsample"": 0.693980156250111}"
0,4,25,1,0.9578971,0.9586714767434797,0.022870688890571696,"{""colsample_bytree"": 0.45810523131982, ""learning_rate"": 0.018370450155050625, ""max_depth"": 2, ""min_child_weight"": 1, ""reg_lambda"": 0.4640967033326003, ""subsample"": 0.693980156250111}"
0,4,36,1,0.95098454,0.9624421974840744,0.018502987727830576,"{""colsample_bytree"": 0.45810523131982, ""learning_rate"": 0.018370450155050625, ""max_depth"": 2, ""min_child_weight"": 1, ""reg_lambda"": 0.4640967033326003, ""subsample"": 0.693980156250111}"
0,4,40,1,0.92815834,0.9502904734705974,0.023653079289175722,"{""colsample_bytree"": 0.45810523131982, ""learning_rate"": 0.018370450155050625, ""max_depth"": 2, ""min_child_weight"": 1, ""reg_lambda"": 0.4640967033326003, ""subsample"": 0.693980156250111}"
0,4,51,1,0.91788936,0.9494807758550465,0.017629475121353187,"{""colsample_bytree"": 0.45810523131982, ""learning_rate"": 0.018370450155050625, ""max_depth"": 2, ""min_child_weight"": 1, ""reg_lambda"": 0.4640967033326003, ""subsample"": 0.693980156250111}"
0,4,58,1,0.32125401,0.18792899215693556,0.061745171563136546,"{""colsample_bytree"": 0.45810523131982, ""learning_rate"": 0.018370450155050625, ""max_depth"": 2, ""min_child_weight"": 1, ""reg_lambda"": 0.4640967033326003, ""subsample"": 0.693980156250111}"
0,4,86,1,0.91920424,0.9515603558621788,0.01690723370333,"{""colsample_bytree"": 0.45810523131982, ""learning_rate"": 0.018370450155050625, ""max_depth"": 2, ""min_child_weight"": 1, ""reg_lambda"": 0.4640967033326003, ""subsample"": 0.693980156250111}"
0,4,94,1,0.95610315,0.9612863270000009,0.01592070533442534,"{""colsample_bytree"": 0.45810523131982, ""learning_rate"": 0.018370450155050625, ""max_depth"": 2, ""min_child_weight"": 1, ""reg_lambda"": 0.4640967033326003, ""subsample"": 0.693980156250111}"
0,4,98,1,0.9312599,0.9556610907377412,0.017226877093710596,"{""colsample_bytree"": 0.45810523131982, ""learning_rate"": 0.018370450155050625, ""max_depth"": 2, ""min_child_weight"": 1, ""reg_lambda"": 0.4640967033326003, ""subsample"": 0.693980156250111}"
0,4,99,1,0.8236703,0.9030517758168571,0.0280813197944518,"{""colsample_bytree"": 0.45810523131982, ""learning_rate"": 0.018370450155050625, ""max_depth"": 2, ""min_child_weight"": 1, ""reg_lambda"": 0.4640967033326003, ""subsample"": 0.693980156250111}"
0,4,113,0,0.17725487,0.04920480062166762,0.019147538020703098,"{""colsample_bytree"": 0.45810523131982, ""learning_rate"": 0.018370450155050625, ""max_depth"": 2, ""min_child_weight"": 1, ""reg_lambda"": 0.4640967033326003, ""subsample"": 0.693980156250111}"
0,4,115,1,0.90441555,0.9463535107799306,0.019606200745245717,"{""colsample_bytree"": 0.45810523131982, ""learning_rate"": 0.018370450155050625, ""max_depth"": 2, ""min_child_weight"": 1, ""reg_lambda"": 0.4640967033326003, ""subsample"": 0.693980156250111}"
0,4,128,1,0.7850848,0.8546962898850265,0.056237136555894185,"{""colsample_bytree"": 0.45810523131982, ""learning_rate"": 0.018370450155050625, ""max_depth"": 2, ""min_child_weight"": 1, ""reg_lambda"": 0.4640967033326003, ""subsample"": 0.693980156250111}"
0,4,138,1,0.8791255,0.931827302494999,0.018037236578937556,"{""colsample_bytree"": 0.45810523131982, ""learning_rate"": 0.018370450155050625, ""max_depth"": 2, ""min_child_weight"": 1, ""reg_lambda"": 0.4640967033326003, ""subsample"": 0.693980156250111}"
0,4,142,1,0.41296977,0.32919142568216625,0.1463776377371607,"{""colsample_bytree"": 0.45810523131982, ""learning_rate"": 0.018370450155050625, ""max_depth"": 2, ""min_child_weight"": 1, ""reg_lambda"": 0.4640967033326003, ""subsample"": 0.693980156250111}"
0,4,145,1,0.7928001,0.8802141080976676,0.06360900130996151,"{""colsample_bytree"": 0.45810523131982, ""learning_rate"": 0.018370450155050625, ""max_depth"": 2, ""min_child_weight"": 1, ""reg_lambda"": 0.4640967033326003, ""subsample"": 0.693980156250111}"
0,4,151,0,0.740103,0.8517562623118164,0.05580131781097434,"{""colsample_bytree"": 0.45810523131982, ""learning_rate"": 0.018370450155050625, ""max_depth"": 2, ""min_child_weight"": 1, ""reg_lambda"": 0.4640967033326003, ""subsample"": 0.693980156250111}"
0,4,154,1,0.84448373,0.9071810339157949,0.04354175366579683,"{""colsample_bytree"": 0.45810523131982, ""learning_rate"": 0.018370450155050625, ""max_depth"": 2, ""min_child_weight"": 1, ""reg_lambda"": 0.4640967033326003, ""subsample"": 0.693980156250111}"
0,4,155,1,0.9368368,0.9528295963986073,0.017945697064071453,"{""colsample_bytree"": 0.45810523131982, ""learning_rate"": 0.018370450155050625, ""max_depth"": 2, ""min_child_weight"": 1, ""reg_lambda"": 0.4640967033326003, ""subsample"": 0.693980156250111}"
0,4,157,1,0.7796148,0.8203516693299957,0.10811591425285404,"{""colsample_bytree"": 0.45810523131982, ""learning_rate"": 0.018370450155050625, ""max_depth"": 2, ""min_child_weight"": 1, ""reg_lambda"": 0.4640967033326003, ""subsample"": 0.693980156250111}"
0,4,175,0,0.76991504,0.8033365913647972,0.04218603747033634,"{""colsample_bytree"": 0.45810523131982, ""learning_rate"": 0.018370450155050625, ""max_depth"": 2, ""min_child_weight"": 1, ""reg_lambda"": 0.4640967033326003, ""subsample"": 0.693980156250111}"
0,4,176,1,0.375752,0.20935646242299027,0.07285240677631998,"{""colsample_bytree"": 0.45810523131982, ""learning_rate"": 0.018370450155050625, ""max_depth"": 2, ""min_child_weight"": 1, ""reg_lambda"": 0.4640967033326003, ""subsample"": 0.693980156250111}"
0,4,183,0,0.8459305,0.9167140176498492,0.01780082563486197,"{""colsample_bytree"": 0.45810523131982, ""learning_rate"": 0.018370450155050625, ""max_depth"": 2, ""min_child_weight"": 1, ""reg_lambda"": 0.4640967033326003, ""subsample"": 0.693980156250111}"
0,4,184,1,0.8872061,0.9370921133123085,0.019462780857058548,"{""colsample_bytree"": 0.45810523131982, ""learning_rate"": 0.018370450155050625, ""max_depth"": 2, ""min_child_weight"": 1, ""reg_lambda"": 0.4640967033326003, ""subsample"": 0.693980156250111}"
0,4,185,0,0.81223625,0.871488449535768,0.07833578270312933,"{""colsample_bytree"": 0.45810523131982, ""learning_rate"": 0.018370450155050625, ""max_depth"": 2, ""min_child_weight"": 1, ""reg_lambda"": 0.4640967033326003, ""subsample"": 0.693980156250111}"
0,4,190,0,0.8318314,0.8773251647325079,0.057552053865291296,"{""colsample_bytree"": 0.45810523131982, ""learning_rate"": 0.018370450155050625, ""max_depth"": 2, ""min_child_weight"": 1, ""reg_lambda"": 0.4640967033326003, ""subsample"": 0.693980156250111}"
0,4,195,1,0.904935,0.9430058889042829,0.012497156606749564,"{""colsample_bytree"": 0.45810523131982, ""learning_rate"": 0.018370450155050625, ""max_depth"": 2, ""min_child_weight"": 1, ""reg_lambda"": 0.4640967033326003, ""subsample"": 0.693980156250111}"
0,4,198,1,0.9217122,0.9517887072945357,0.017959134145416254,"{""colsample_bytree"": 0.45810523131982, ""learning_rate"": 0.018370450155050625, ""max_depth"": 2, ""min_child_weight"": 1, ""reg_lambda"": 0.4640967033326003, ""subsample"": 0.693980156250111}"
0,4,210,0,0.23160492,0.07542520224348007,0.011859833548015718,"{""colsample_bytree"": 0.45810523131982, ""learning_rate"": 0.018370450155050625, ""max_depth"": 2, ""min_child_weight"": 1, ""reg_lambda"": 0.4640967033326003, ""subsample"": 0.693980156250111}"
0,4,211,1,0.7047661,0.8080524754233755,0.09381949356391184,"{""colsample_bytree"": 0.45810523131982, ""learning_rate"": 0.018370450155050625, ""max_depth"": 2, ""min_child_weight"": 1, ""reg_lambda"": 0.4640967033326003, ""subsample"": 0.693980156250111}"
0,4,214,0,0.84918314,0.9207595266523407,0.021707728279753938,"{""colsample_bytree"": 0.45810523131982, ""learning_rate"": 0.018370450155050625, ""max_depth"": 2, ""min_child_weight"": 1, ""reg_lambda"": 0.4640967033326003, ""subsample"": 0.693980156250111}"
0,4,215,1,0.9145446,0.9487733050960742,0.019289164259391155,"{""colsample_bytree"": 0.45810523131982, ""learning_rate"": 0.018370450155050625, ""max_depth"": 2, ""min_child_weight"": 1, ""reg_lambda"": 0.4640967033326003, ""subsample"": 0.693980156250111}"
0,4,218,0,0.34625545,0.17486766499742096,0.0705951859090576,"{""colsample_bytree"": 0.45810523131982, ""learning_rate"": 0.018370450155050625, ""max_depth"": 2, ""min_child_weight"": 1, ""reg_lambda"": 0.4640967033326003, ""subsample"": 0.693980156250111}"
0,4,223,1,0.6653297,0.7034238830120907,0.08102731749298636,"{""colsample_bytree"": 0.45810523131982, ""learning_rate"": 0.018370450155050625, ""max_depth"": 2, ""min_child_weight"": 1, ""reg_lambda"": 0.4640967033326003, ""subsample"": 0.693980156250111}"
0,4,228,1,0.732968,0.8319221413539519,0.02139064432634971,"{""colsample_bytree"": 0.45810523131982, ""learning_rate"": 0.018370450155050625, ""max_depth"": 2, ""min_child_weight"": 1, ""reg_lambda"": 0.4640967033326003, ""subsample"": 0.693980156250111}"
0,4,230,1,0.97965646,0.9665254568598698,0.016284585338441054,"{""colsample_bytree"": 0.45810523131982, ""learning_rate"": 0.018370450155050625, ""max_depth"": 2, ""min_child_weight"": 1, ""reg_lambda"": 0.4640967033326003, ""subsample"": 0.693980156250111}"
0,4,231,1,0.9706955,0.9656550950617451,0.01687654412293102,"{""colsample_bytree"": 0.45810523131982, ""learning_rate"": 0.018370450155050625, ""max_depth"": 2, ""min_child_weight"": 1, ""reg_lambda"": 0.4640967033326003, ""subsample"": 0.693980156250111}"
0,4,238,1,0.17780042,0.05806678342300581,0.01967565177607903,"{""colsample_bytree"": 0.45810523131982, ""learning_rate"": 0.018370450155050625, ""max_depth"": 2, ""min_child_weight"": 1, ""reg_lambda"": 0.4640967033326003, ""subsample"": 0.693980156250111}"
0,4,239,1,0.96865326,0.9622420125408375,0.01846758771320351,"{""colsample_bytree"": 0.45810523131982, ""learning_rate"": 0.018370450155050625, ""max_depth"": 2, ""min_child_weight"": 1, ""reg_lambda"": 0.4640967033326003, ""subsample"": 0.693980156250111}"
0,4,248,1,0.9785644,0.9663113448688054,0.015963034893270684,"{""colsample_bytree"": 0.45810523131982, ""learning_rate"": 0.018370450155050625, ""max_depth"": 2, ""min_child_weight"": 1, ""reg_lambda"": 0.4640967033326003, ""subsample"": 0.693980156250111}"
0,4,249,1,0.87623703,0.9355460783209628,0.015224518960329217,"{""colsample_bytree"": 0.45810523131982, ""learning_rate"": 0.018370450155050625, ""max_depth"": 2, ""min_child_weight"": 1, ""reg_lambda"": 0.4640967033326003, ""subsample"": 0.693980156250111}"
0,4,253,1,0.81061846,0.877527604826372,0.048575221487496635,"{""colsample_bytree"": 0.45810523131982, ""learning_rate"": 0.018370450155050625, ""max_depth"": 2, ""min_child_weight"": 1, ""reg_lambda"": 0.4640967033326003, ""subsample"": 0.693980156250111}"
0,4,263,0,0.14407834,0.04007178866536622,0.011870090959327636,"{""colsample_bytree"": 0.45810523131982, ""learning_rate"": 0.018370450155050625, ""max_depth"": 2, ""min_child_weight"": 1, ""reg_lambda"": 0.4640967033326003, ""subsample"": 0.693980156250111}"
0,4,274,1,0.9767984,0.9670535203572193,0.015776321442589652,"{""colsample_bytree"": 0.45810523131982, ""learning_rate"": 0.018370450155050625, ""max_depth"": 2, ""min_child_weight"": 1, ""reg_lambda"": 0.4640967033326003, ""subsample"": 0.693980156250111}"
0,4,278,1,0.91772574,0.9488968766887886,0.018067841473513865,"{""colsample_bytree"": 0.45810523131982, ""learning_rate"": 0.018370450155050625, ""max_depth"": 2, ""min_child_weight"": 1, ""reg_lambda"": 0.4640967033326003, ""subsample"": 0.693980156250111}"
0,4,280,0,0.45580056,0.34166393155876035,0.08017781412615585,"{""colsample_bytree"": 0.45810523131982, ""learning_rate"": 0.018370450155050625, ""max_depth"": 2, ""min_child_weight"": 1, ""reg_lambda"": 0.4640967033326003, ""subsample"": 0.693980156250111}"
0,4,281,1,0.796476,0.8935331625362911,0.05587506363393907,"{""colsample_bytree"": 0.45810523131982, ""learning_rate"": 0.018370450155050625, ""max_depth"": 2, ""min_child_weight"": 1, ""reg_lambda"": 0.4640967033326003, ""subsample"": 0.693980156250111}"
0,4,284,0,0.78349,0.8825289796443047,0.04597828361306179,"{""colsample_bytree"": 0.45810523131982, ""learning_rate"": 0.018370450155050625, ""max_depth"": 2, ""min_child_weight"": 1, ""reg_lambda"": 0.4640967033326003, ""subsample"": 0.693980156250111}"
0,4,285,0,0.4058628,0.21516952091298935,0.042964372830458175,"{""colsample_bytree"": 0.45810523131982, ""learning_rate"": 0.018370450155050625, ""max_depth"": 2, ""min_child_weight"": 1, ""reg_lambda"": 0.4640967033326003, ""subsample"": 0.693980156250111}"
0,4,290,0,0.17859994,0.04925861944895101,0.01903600724736085,"{""colsample_bytree"": 0.45810523131982, ""learning_rate"": 0.018370450155050625, ""max_depth"": 2, ""min_child_weight"": 1, ""reg_lambda"": 0.4640967033326003, ""subsample"": 0.693980156250111}"
0,4,293,0,0.45234755,0.24482685643321922,0.04717047971279151,"{""colsample_bytree"": 0.45810523131982, ""learning_rate"": 0.018370450155050625, ""max_depth"": 2, ""min_child_weight"": 1, ""reg_lambda"": 0.4640967033326003, ""subsample"": 0.693980156250111}"
0,4,297,0,0.5945026,0.5060177417639071,0.1318403880608683,"{""colsample_bytree"": 0.45810523131982, ""learning_rate"": 0.018370450155050625, ""max_depth"": 2, ""min_child_weight"": 1, ""reg_lambda"": 0.4640967033326003, ""subsample"": 0.693980156250111}"
0,4,298,1,0.77707094,0.8764809220311053,0.022932874573350494,"{""colsample_bytree"": 0.45810523131982, ""learning_rate"": 0.018370450155050625, ""max_depth"": 2, ""min_child_weight"": 1, ""reg_lambda"": 0.4640967033326003, ""subsample"": 0.693980156250111}"
0,4,301,0,0.22002101,0.08579959269445767,0.07086126132369881,"{""colsample_bytree"": 0.45810523131982, ""learning_rate"": 0.018370450155050625, ""max_depth"": 2, ""min_child_weight"": 1, ""reg_lambda"": 0.4640967033326003, ""subsample"": 0.693980156250111}"
1,0,2,1,0.88136953,0.9205644394207996,0.0208001344274879,"{""colsample_bytree"": 0.41440681248721656, ""learning_rate"": 0.013990402406460137, ""max_depth"": 3, ""min_child_weight"": 2, ""reg_lambda"": 2.982827494122532, ""subsample"": 0.7288831792277916}"
1,0,8,0,0.3983541,0.23263232496792993,0.0882478477703762,"{""colsample_bytree"": 0.41440681248721656, ""learning_rate"": 0.013990402406460137, ""max_depth"": 3, ""min_child_weight"": 2, ""reg_lambda"": 2.982827494122532, ""subsample"": 0.7288831792277916}"
1,0,13,1,0.7754189,0.8522993869608408,0.03324133552568901,"{""colsample_bytree"": 0.41440681248721656, ""learning_rate"": 0.013990402406460137, ""max_depth"": 3, ""min_child_weight"": 2, ""reg_lambda"": 2.982827494122532, ""subsample"": 0.7288831792277916}"
1,0,15,1,0.8954378,0.9317395726837455,0.023055951325400316,"{""colsample_bytree"": 0.41440681248721656, ""learning_rate"": 0.013990402406460137, ""max_depth"": 3, ""min_child_weight"": 2, ""reg_lambda"": 2.982827494122532, ""subsample"": 0.7288831792277916}"
1,0,16,0,0.4898784,0.3364763737075173,0.1305225817415881,"{""colsample_bytree"": 0.41440681248721656, ""learning_rate"": 0.013990402406460137, ""max_depth"": 3, ""min_child_weight"": 2, ""reg_lambda"": 2.982827494122532, ""subsample"": 0.7288831792277916}"
1,0,21,1,0.829826,0.8984019939225532,0.020337300884805284,"{""colsample_bytree"": 0.41440681248721656, ""learning_rate"": 0.013990402406460137, ""max_depth"": 3, ""min_child_weight"": 2, ""reg_lambda"": 2.982827494122532, ""subsample"": 0.7288831792277916}"
1,0,31,1,0.82308143,0.8829550531925531,0.013896132671299508,"{""colsample_bytree"": 0.41440681248721656, ""learning_rate"": 0.013990402406460137, ""max_depth"": 3, ""min_child_weight"": 2, ""reg_lambda"": 2.982827494122532, ""subsample"": 0.7288831792277916}"
1,0,34,1,0.66254133,0.6384326603740866,0.11887284473622119,"{""colsample_bytree"": 0.41440681248721656, ""learning_rate"": 0.013990402406460137, ""max_depth"": 3, ""min_child_weight"": 2, ""reg_lambda"": 2.982827494122532, ""subsample"": 0.7288831792277916}"
1,0,43,1,0.69668865,0.7148585616653559,0.06860584388285697,"{""colsample_bytree"": 0.41440681248721656, ""learning_rate"": 0.013990402406460137, ""max_depth"": 3, ""min_child_weight"": 2, ""reg_lambda"": 2.982827494122532, ""subsample"": 0.7288831792277916}"
1,0,49,1,0.6372748,0.6461730759036117,0.05446723597613855,"{""colsample_bytree"": 0.41440681248721656, ""learning_rate"": 0.013990402406460137, ""max_depth"": 3, ""min_child_weight"": 2, ""reg_lambda"": 2.982827494122532, ""subsample"": 0.7288831792277916}"
1,0,60,0,0.47619697,0.37241129308491694,0.050380245093527266,"{""colsample_bytree"": 0.41440681248721656, ""learning_rate"": 0.013990402406460137, ""max_depth"": 3, ""min_child_weight"": 2, ""reg_lambda"": 2.982827494122532, ""subsample"": 0.7288831792277916}"
1,0,62,1,0.41285,0.2695105401242238,0.050227483074625316,"{""colsample_bytree"": 0.41440681248721656, ""learning_rate"": 0.013990402406460137, ""max_depth"": 3, ""min_child_weight"": 2, ""reg_lambda"": 2.982827494122532, ""subsample"": 0.7288831792277916}"
1,0,68,0,0.4739407,0.34965211250020806,0.09945436717519429,"{""colsample_bytree"": 0.41440681248721656, ""learning_rate"": 0.013990402406460137, ""max_depth"": 3, ""min_child_weight"": 2, ""reg_lambda"": 2.982827494122532, ""subsample"": 0.7288831792277916}"
1,0,72,1,0.85146177,0.918533019443378,0.024388144901613562,"{""colsample_bytree"": 0.41440681248721656, ""learning_rate"": 0.013990402406460137, ""max_depth"": 3, ""min_child_weight"": 2, ""reg_lambda"": 2.982827494122532, ""subsample"": 0.7288831792277916}"
1,0,78,1,0.8421523,0.9070710519884754,0.02539350787739012,"{""colsample_bytree"": 0.41440681248721656, ""learning_rate"": 0.013990402406460137, ""max_depth"": 3, ""min_child_weight"": 2, ""reg_lambda"": 2.982827494122532, ""subsample"": 0.7288831792277916}"
1,0,87,1,0.8682785,0.9231803730072141,0.020386997450290528,"{""colsample_bytree"": 0.41440681248721656, ""learning_rate"": 0.013990402406460137, ""max_depth"": 3, ""min_child_weight"": 2, ""reg_lambda"": 2.982827494122532, ""subsample"": 0.7288831792277916}"
1,0,93,0,0.90481806,0.9380488129139295,0.018447624050955718,"{""colsample_bytree"": 0.41440681248721656, ""learning_rate"": 0.013990402406460137, ""max_depth"": 3, ""min_child_weight"": 2, ""reg_lambda"": 2.982827494122532, ""subsample"": 0.7288831792277916}"
1,0,105,1,0.74725306,0.8121836643408209,0.043469483038021284,"{""colsample_bytree"": 0.41440681248721656, ""learning_rate"": 0.013990402406460137, ""max_depth"": 3, ""min_child_weight"": 2, ""reg_lambda"": 2.982827494122532, ""subsample"": 0.7288831792277916}"
1,0,109,1,0.8919896,0.9361704282164294,0.019183403872791452,"{""colsample_bytree"": 0.41440681248721656, ""learning_rate"": 0.013990402406460137, ""max_depth"": 3, ""min_child_weight"": 2, ""reg_lambda"": 2.982827494122532, ""subsample"": 0.7288831792277916}"
1,0,110,1,0.48493144,0.3591600645635709,0.13470974282485085,"{""colsample_bytree"": 0.41440681248721656, ""learning_rate"": 0.013990402406460137, ""max_depth"": 3, ""min_child_weight"": 2, ""reg_lambda"": 2.982827494122532, ""subsample"": 0.7288831792277916}"
1,0,111,1,0.87816447,0.9287054964458588,0.01782225652979614,"{""colsample_bytree"": 0.41440681248721656, ""learning_rate"": 0.013990402406460137, ""max_depth"": 3, ""min_child_weight"": 2, ""reg_lambda"": 2.982827494122532, ""subsample"": 0.7288831792277916}"
1,0,112,1,0.8705469,0.9202404469794139,0.01650427905118319,"{""colsample_bytree"": 0.41440681248721656, ""learning_rate"": 0.013990402406460137, ""max_depth"": 3, ""min_child_weight"": 2, ""reg_lambda"": 2.982827494122532, ""subsample"": 0.7288831792277916}"
1,0,123,1,0.60674065,0.5375190898128223,0.13579973394256611,"{""colsample_bytree"": 0.41440681248721656, ""learning_rate"": 0.013990402406460137, ""max_depth"": 3, ""min_child_weight"": 2, ""reg_lambda"": 2.982827494122532, ""subsample"": 0.7288831792277916}"
1,0,126,1,0.84623355,0.910787829003944,0.025803882371130543,"{""colsample_bytree"": 0.41440681248721656, ""learning_rate"": 0.013990402406460137, ""max_depth"": 3, ""min_child_weight"": 2, ""reg_lambda"": 2.982827494122532, ""subsample"": 0.7288831792277916}"
1,0,128,1,0.76898277,0.7772873333967144,0.09105940963909101,"{""colsample_bytree"": 0.41440681248721656, ""learning_rate"": 0.013990402406460137, ""max_depth"": 3, ""min_child_weight"": 2, ""reg_lambda"": 2.982827494122532, ""subsample"": 0.7288831792277916}"
1,0,133,0,0.7449987,0.7964385714254508,0.08135329480693927,"{""colsample_bytree"": 0.41440681248721656, ""learning_rate"": 0.013990402406460137, ""max_depth"": 3, ""min_child_weight"": 2, ""reg_lambda"": 2.982827494122532, ""subsample"": 0.7288831792277916}"
1,0,143,0,0.15991594,0.052960161277881126,0.03614422788305628,"{""colsample_bytree"": 0.41440681248721656, ""learning_rate"": 0.013990402406460137, ""max_depth"": 3, ""min_child_weight"": 2, ""reg_lambda"": 2.982827494122532, ""subsample"": 0.7288831792277916}"
1,0,144,1,0.8769891,0.9295402782160224,0.025552663436057214,"{""colsample_bytree"": 0.41440681248721656, ""learning_rate"": 0.013990402406460137, ""max_depth"": 3, ""min_child_weight"": 2, ""reg_lambda"": 2.982827494122532, ""subsample"": 0.7288831792277916}"
1,0,151,0,0.5339008,0.44297662905669977,0.09315045591182748,"{""colsample_bytree"": 0.41440681248721656, ""learning_rate"": 0.013990402406460137, ""max_depth"": 3, ""min_child_weight"": 2, ""reg_lambda"": 2.982827494122532, ""subsample"": 0.7288831792277916}"
1,0,158,1,0.44238833,0.27553974088658145,0.0851179461643526,"{""colsample_bytree"": 0.41440681248721656, ""learning_rate"": 0.013990402406460137, ""max_depth"": 3, ""min_child_weight"": 2, ""reg_lambda"": 2.982827494122532, ""subsample"": 0.7288831792277916}"
1,0,182,1,0.68717635,0.7059978670367753,0.0816752993120145,"{""colsample_bytree"": 0.41440681248721656, ""learning_rate"": 0.013990402406460137, ""max_depth"": 3, ""min_child_weight"": 2, ""reg_lambda"": 2.982827494122532, ""subsample"": 0.7288831792277916}"
1,0,184,1,0.8552152,0.9061405010615348,0.028445018334027655,"{""colsample_bytree"": 0.41440681248721656, ""learning_rate"": 0.013990402406460137, ""max_depth"": 3, ""min_child_weight"": 2, ""reg_lambda"": 2.982827494122532, ""subsample"": 0.7288831792277916}"
1,0,191,1,0.8800984,0.9311563550312206,0.023814883242728783,"{""colsample_bytree"": 0.41440681248721656, ""learning_rate"": 0.013990402406460137, ""max_depth"": 3, ""min_child_weight"": 2, ""reg_lambda"": 2.982827494122532, ""subsample"": 0.7288831792277916}"
1,0,192,0,0.2342967,0.07565857563501285,0.04598358738675273,"{""colsample_bytree"": 0.41440681248721656, ""learning_rate"": 0.013990402406460137, ""max_depth"": 3, ""min_child_weight"": 2, ""reg_lambda"": 2.982827494122532, ""subsample"": 0.7288831792277916}"
1,0,193,0,0.5675498,0.5401291681588464,0.11683883544676195,"{""colsample_bytree"": 0.41440681248721656, ""learning_rate"": 0.013990402406460137, ""max_depth"": 3, ""min_child_weight"": 2, ""reg_lambda"": 2.982827494122532, ""subsample"": 0.7288831792277916}"
1,0,198,1,0.8898196,0.9336496461653965,0.015948116278233233,"{""colsample_bytree"": 0.41440681248721656, ""learning_rate"": 0.013990402406460137, ""max_depth"": 3, ""min_child_weight"": 2, ""reg_lambda"": 2.982827494122532, ""subsample"": 0.7288831792277916}"
1,0,199,0,0.4924108,0.4581317038714948,0.05931255147652987,"{""colsample_bytree"": 0.41440681248721656, ""learning_rate"": 0.013990402406460137, ""max_depth"": 3, ""min_child_weight"": 2, ""reg_lambda"": 2.982827494122532, ""subsample"": 0.7288831792277916}"
1,0,200,1,0.885974,0.9290480244602793,0.01941990750940672,"{""colsample_bytree"": 0.41440681248721656, ""learning_rate"": 0.013990402406460137, ""max_depth"": 3, ""min_child_weight"": 2, ""reg_lambda"": 2.982827494122532, ""subsample"": 0.7288831792277916}"
1,0,202,1,0.91794133,0.9412230737711113,0.018174989518972402,"{""colsample_bytree"": 0.41440681248721656, ""learning_rate"": 0.013990402406460137, ""max_depth"": 3, ""min_child_weight"": 2, ""reg_lambda"": 2.982827494122532, ""subsample"": 0.7288831792277916}"
1,0,204,0,0.65021074,0.6587311829124026,0.14031876842091218,"{""colsample_bytree"": 0.41440681248721656, ""learning_rate"": 0.013990402406460137, ""max_depth"": 3, ""min_child_weight"": 2, ""reg_lambda"": 2.982827494122532, ""subsample"": 0.7288831792277916}"
1,0,220,1,0.77936864,0.8612240607882523,0.04287997526891334,"{""colsample_bytree"": 0.41440681248721656, ""learning_rate"": 0.013990402406460137, ""max_depth"": 3, ""min_child_weight"": 2, ""reg_lambda"": 2.982827494122532, ""subsample"": 0.7288831792277916}"
1,0,227,1,0.81724757,0.8879093175335926,0.0313773388575238,"{""colsample_bytree"": 0.41440681248721656, ""learning_rate"": 0.013990402406460137, ""max_depth"": 3, ""min_child_weight"": 2, ""reg_lambda"": 2.982827494122532, ""subsample"": 0.7288831792277916}"
1,0,228,1,0.78608555,0.832096061143913,0.02612586067794754,"{""colsample_bytree"": 0.41440681248721656, ""learning_rate"": 0.013990402406460137, ""max_depth"": 3, ""min_child_weight"": 2, ""reg_lambda"": 2.982827494122532, ""subsample"": 0.7288831792277916}"
1,0,240,1,0.9364815,0.9512631953958575,0.016800290073653502,"{""colsample_bytree"": 0.41440681248721656, ""learning_rate"": 0.013990402406460137, ""max_depth"": 3, ""min_child_weight"": 2, ""reg_lambda"": 2.982827494122532, ""subsample"": 0.7288831792277916}"
1,0,241,1,0.5035632,0.4119324836408452,0.14074835012990008,"{""colsample_bytree"": 0.41440681248721656, ""learning_rate"": 0.013990402406460137, ""max_depth"": 3, ""min_child_weight"": 2, ""reg_lambda"": 2.982827494122532, ""subsample"": 0.7288831792277916}"
1,0,244,1,0.5413793,0.5370239783311997,0.06528685019989207,"{""colsample_bytree"": 0.41440681248721656, ""learning_rate"": 0.013990402406460137, ""max_depth"": 3, ""min_child_weight"": 2, ""reg_lambda"": 2.982827494122532, ""subsample"": 0.7288831792277916}"
1,0,250,1,0.88607794,0.9331347775164213,0.018141932978398417,"{""colsample_bytree"": 0.41440681248721656, ""learning_rate"": 0.013990402406460137, ""max_depth"": 3, ""min_child_weight"": 2, ""reg_lambda"": 2.982827494122532, ""subsample"": 0.7288831792277916}"
1,0,253,1,0.8366301,0.8905415391538044,0.03432991519981409,"{""colsample_bytree"": 0.41440681248721656, ""learning_rate"": 0.013990402406460137, ""max_depth"": 3, ""min_child_weight"": 2, ""reg_lambda"": 2.982827494122532, ""subsample"": 0.7288831792277916}"
1,0,258,0,0.3653958,0.1938080128547954,0.077940918409492,"{""colsample_bytree"": 0.41440681248721656, ""learning_rate"": 0.013990402406460137, ""max_depth"": 3, ""min_child_weight"": 2, ""reg_lambda"": 2.982827494122532, ""subsample"": 0.7288831792277916}"
1,0,259,1,0.81091434,0.8765559391498193,0.027960331313191412,"{""colsample_bytree"": 0.41440681248721656, ""learning_rate"": 0.013990402406460137, ""max_depth"": 3, ""min_child_weight"": 2, ""reg_lambda"": 2.982827494122532, ""subsample"": 0.7288831792277916}"
1,0,264,0,0.41085526,0.28937051411536485,0.16911426251901623,"{""colsample_bytree"": 0.41440681248721656, ""learning_rate"": 0.013990402406460137, ""max_depth"": 3, ""min_child_weight"": 2, ""reg_lambda"": 2.982827494122532, ""subsample"": 0.7288831792277916}"
1,0,270,0,0.24147128,0.10307173646533196,0.08070289668058024,"{""colsample_bytree"": 0.41440681248721656, ""learning_rate"": 0.013990402406460137, ""max_depth"": 3, ""min_child_weight"": 2, ""reg_lambda"": 2.982827494122532, ""subsample"": 0.7288831792277916}"
1,0,271,1,0.85641795,0.9181345197746674,0.022651738859188267,"{""colsample_bytree"": 0.41440681248721656, ""learning_rate"": 0.013990402406460137, ""max_depth"": 3, ""min_child_weight"": 2, ""reg_lambda"": 2.982827494122532, ""subsample"": 0.7288831792277916}"
1,0,274,1,0.94093144,0.9530968187989293,0.01680544920260472,"{""colsample_bytree"": 0.41440681248721656, ""learning_rate"": 0.013990402406460137, ""max_depth"": 3, ""min_child_weight"": 2, ""reg_lambda"": 2.982827494122532, ""subsample"": 0.7288831792277916}"
1,0,275,1,0.92379975,0.9482974176226419,0.017286458731150367,"{""colsample_bytree"": 0.41440681248721656, ""learning_rate"": 0.013990402406460137, ""max_depth"": 3, ""min_child_weight"": 2, ""reg_lambda"": 2.982827494122532, ""subsample"": 0.7288831792277916}"
1,0,278,1,0.9028553,0.940412512980374,0.014657076719907312,"{""colsample_bytree"": 0.41440681248721656, ""learning_rate"": 0.013990402406460137, ""max_depth"": 3, ""min_child_weight"": 2, ""reg_lambda"": 2.982827494122532, ""subsample"": 0.7288831792277916}"
1,0,279,1,0.79329526,0.87483022980252,0.025722054576361376,"{""colsample_bytree"": 0.41440681248721656, ""learning_rate"": 0.013990402406460137, ""max_depth"": 3, ""min_child_weight"": 2, ""reg_lambda"": 2.982827494122532, ""subsample"": 0.7288831792277916}"
1,0,288,1,0.6080605,0.6294692361296669,0.08174047549725166,"{""colsample_bytree"": 0.41440681248721656, ""learning_rate"": 0.013990402406460137, ""max_depth"": 3, ""min_child_weight"": 2, ""reg_lambda"": 2.982827494122532, ""subsample"": 0.7288831792277916}"
1,0,291,0,0.48225296,0.3443624245448768,0.09862880285913976,"{""colsample_bytree"": 0.41440681248721656, ""learning_rate"": 0.013990402406460137, ""max_depth"": 3, ""min_child_weight"": 2, ""reg_lambda"": 2.982827494122532, ""subsample"": 0.7288831792277916}"
1,0,298,1,0.85674185,0.9041130079779865,0.02659849398882394,"{""colsample_bytree"": 0.41440681248721656, ""learning_rate"": 0.013990402406460137, ""max_depth"": 3, ""min_child_weight"": 2, ""reg_lambda"": 2.982827494122532, ""subsample"": 0.7288831792277916}"
1,0,301,0,0.3155375,0.14858930657347655,0.07596519641117147,"{""colsample_bytree"": 0.41440681248721656, ""learning_rate"": 0.013990402406460137, ""max_depth"": 3, ""min_child_weight"": 2, ""reg_lambda"": 2.982827494122532, ""subsample"": 0.7288831792277916}"
1,1,1,1,0.99995196,0.9052982996204924,0.04065221405015799,"{""colsample_bytree"": 0.4104941625586916, ""learning_rate"": 0.2074731128995951, ""max_depth"": 2, ""min_child_weight"": 1, ""reg_lambda"": 0.17741832515938147, ""subsample"": 0.9853326121701914}"
1,1,11,1,0.99997926,0.9052969372373785,0.04064592619585477,"{""colsample_bytree"": 0.4104941625586916, ""learning_rate"": 0.2074731128995951, ""max_depth"": 2, ""min_child_weight"": 1, ""reg_lambda"": 0.17741832515938147, ""subsample"": 0.9853326121701914}"
1,1,18,1,0.9874839,0.8983082493533183,0.03786655858808969,"{""colsample_bytree"": 0.4104941625586916, ""learning_rate"": 0.2074731128995951, ""max_depth"": 2, ""min_child_weight"": 1, ""reg_lambda"": 0.17741832515938147, ""subsample"": 0.9853326121701914}"
1,1,19,1,0.9998747,0.9052112647747255,0.04059387251718072,"{""colsample_bytree"": 0.4104941625586916, ""learning_rate"": 0.2074731128995951, ""max_depth"": 2, ""min_child_weight"": 1, ""reg_lambda"": 0.17741832515938147, ""subsample"": 0.9853326121701914}"
1,1,22,1,0.9974335,0.9035543490271566,0.03966782732178177,"{""colsample_bytree"": 0.4104941625586916, ""learning_rate"": 0.2074731128995951, ""max_depth"": 2, ""min_child_weight"": 1, ""reg_lambda"": 0.17741832515938147, ""subsample"": 0.9853326121701914}"
1,1,25,1,0.997787,0.9048309182725927,0.04040859385065002,"{""colsample_bytree"": 0.4104941625586916, ""learning_rate"": 0.2074731128995951, ""max_depth"": 2, ""min_child_weight"": 1, ""reg_lambda"": 0.17741832515938147, ""subsample"": 0.9853326121701914}"
1,1,26,0,0.054230697,0.17677342377812297,0.14017824453567032,"{""colsample_bytree"": 0.4104941625586916, ""learning_rate"": 0.2074731128995951, ""max_depth"": 2, ""min_child_weight"": 1, ""reg_lambda"": 0.17741832515938147, ""subsample"": 0.9853326121701914}"
1,1,37,1,0.8120007,0.7277017229739065,0.23582755138288755,"{""colsample_bytree"": 0.4104941625586916, ""learning_rate"": 0.2074731128995951, ""max_depth"": 2, ""min_child_weight"": 1, ""reg_lambda"": 0.17741832515938147, ""subsample"": 0.9853326121701914}"
1,1,39,1,0.9999974,0.9053122957948719,0.04065182435639272,"{""colsample_bytree"": 0.4104941625586916, ""learning_rate"": 0.2074731128995951, ""max_depth"": 2, ""min_child_weight"": 1, ""reg_lambda"": 0.17741832515938147, ""subsample"": 0.9853326121701914}"
1,1,41,0,0.29766437,0.41116995868346284,0.17016528449196924,"{""colsample_bytree"": 0.4104941625586916, ""learning_rate"": 0.2074731128995951, ""max_depth"": 2, ""min_child_weight"": 1, ""reg_lambda"": 0.17741832515938147, ""subsample"": 0.9853326121701914}"
1,1,52,1,0.9997248,0.905118198759717,0.0409208438589141,"{""colsample_bytree"": 0.4104941625586916, ""learning_rate"": 0.2074731128995951, ""max_depth"": 2, ""min_child_weight"": 1, ""reg_lambda"": 0.17741832515938147, ""subsample"": 0.9853326121701914}"
1,1,54,0,0.010371239,0.16004003189005647,0.12451907192386691,"{""colsample_bytree"": 0.4104941625586916, ""learning_rate"": 0.2074731128995951, ""max_depth"": 2, ""min_child_weight"": 1, ""reg_lambda"": 0.17741832515938147, ""subsample"": 0.9853326121701914}"
1,1,55,1,0.99982363,0.9052009435358533,0.040607398481325364,"{""colsample_bytree"": 0.4104941625586916, ""learning_rate"": 0.2074731128995951, ""max_depth"": 2, ""min_child_weight"": 1, ""reg_lambda"": 0.17741832515938147, ""subsample"": 0.9853326121701914}"
1,1,57,1,0.9995541,0.9052268691350978,0.040631843376027446,"{""colsample_bytree"": 0.4104941625586916, ""learning_rate"": 0.2074731128995951, ""max_depth"": 2, ""min_child_weight"": 1, ""reg_lambda"": 0.17741832515938147, ""subsample"": 0.9853326121701914}"
1,1,61,1,0.058434885,0.27139248380483283,0.15541390758439144,"{""colsample_bytree"": 0.4104941625586916, ""learning_rate"": 0.2074731128995951, ""max_depth"": 2, ""min_child_weight"": 1, ""reg_lambda"": 0.17741832515938147, ""subsample"": 0.9853326121701914}"
1,1,66,1,0.99998987,0.9052615254946934,0.04071135830120008,"{""colsample_bytree"": 0.4104941625586916, ""learning_rate"": 0.2074731128995951, ""max_depth"": 2, ""min_child_weight"": 1, ""reg_lambda"": 0.17741832515938147, ""subsample"": 0.9853326121701914}"
1,1,79,0,0.018472217,0.1580429419918315,0.11355269212031043,"{""colsample_bytree"": 0.4104941625586916, ""learning_rate"": 0.2074731128995951, ""max_depth"": 2, ""min_child_weight"": 1, ""reg_lambda"": 0.17741832515938147, ""subsample"": 0.9853326121701914}"
1,1,82,1,0.106517546,0.513348857515987,0.23453340959738617,"{""colsample_bytree"": 0.4104941625586916, ""learning_rate"": 0.2074731128995951, ""max_depth"": 2, ""min_child_weight"": 1, ""reg_lambda"": 0.17741832515938147, ""subsample"": 0.9853326121701914}"
1,1,83,1,0.8430993,0.8225323375648133,0.05327801359527726,"{""colsample_bytree"": 0.4104941625586916, ""learning_rate"": 0.2074731128995951, ""max_depth"": 2, ""min_child_weight"": 1, ""reg_lambda"": 0.17741832515938147, ""subsample"": 0.9853326121701914}"
1,1,86,1,0.99385405,0.9036398270566888,0.03986214993634412,"{""colsample_bytree"": 0.4104941625586916, ""learning_rate"": 0.2074731128995951, ""max_depth"": 2, ""min_child_weight"": 1, ""reg_lambda"": 0.17741832515938147, ""subsample"": 0.9853326121701914}"
1,1,90,1,0.51527077,0.6227757169413367,0.11717195694788021,"{""colsample_bytree"": 0.4104941625586916, ""learning_rate"": 0.2074731128995951, ""max_depth"": 2, ""min_child_weight"": 1, ""reg_lambda"": 0.17741832515938147, ""subsample"": 0.9853326121701914}"
1,1,94,1,0.99959916,0.9049275651146594,0.04057423503740686,"{""colsample_bytree"": 0.4104941625586916, ""learning_rate"": 0.2074731128995951, ""max_depth"": 2, ""min_child_weight"": 1, ""reg_lambda"": 0.17741832515938147, ""subsample"": 0.9853326121701914}"
1,1,97,1,0.97859347,0.8890127905068284,0.06556056461307498,"{""colsample_bytree"": 0.4104941625586916, ""learning_rate"": 0.2074731128995951, ""max_depth"": 2, ""min_child_weight"": 1, ""reg_lambda"": 0.17741832515938147, ""subsample"": 0.9853326121701914}"
1,1,99,1,0.65526426,0.6544083535192613,0.23446984750309677,"{""colsample_bytree"": 0.4104941625586916, ""learning_rate"": 0.2074731128995951, ""max_depth"": 2, ""min_child_weight"": 1, ""reg_lambda"": 0.17741832515938147, ""subsample"": 0.9853326121701914}"
1,1,103,1,0.9953316,0.9045957412779779,0.04026509037182035,"{""colsample_bytree"": 0.4104941625586916, ""learning_rate"": 0.2074731128995951, ""max_depth"": 2, ""min_child_weight"": 1, ""reg_lambda"": 0.17741832515938147, ""subsample"": 0.9853326121701914}"
1,1,114,1,0.99997985,0.9053091937285922,0.040648158122548954,"{""colsample_bytree"": 0.4104941625586916, ""learning_rate"": 0.2074731128995951, ""max_depth"": 2, ""min_child_weight"": 1, ""reg_lambda"": 0.17741832515938147, ""subsample"": 0.9853326121701914}"
1,1,127,1,0.9820838,0.8964056791228519,0.03591625626271337,"{""colsample_bytree"": 0.4104941625586916, ""learning_rate"": 0.2074731128995951, ""max_depth"": 2, ""min_child_weight"": 1, ""reg_lambda"": 0.17741832515938147, ""subsample"": 0.9853326121701914}"
1,1,131,1,0.9999927,0.9052804443040218,0.040632013256927904,"{""colsample_bytree"": 0.4104941625586916, ""learning_rate"": 0.2074731128995951, ""max_depth"": 2, ""min_child_weight"": 1, ""reg_lambda"": 0.17741832515938147, ""subsample"": 0.9853326121701914}"
1,1,134,1,0.99958843,0.9049461944694406,0.040606515035384656,"{""colsample_bytree"": 0.4104941625586916, ""learning_rate"": 0.2074731128995951, ""max_depth"": 2, ""min_child_weight"": 1, ""reg_lambda"": 0.17741832515938147, ""subsample"": 0.9853326121701914}"
1,1,136,0,0.44091532,0.5273966396854508,0.2871606139123491,"{""colsample_bytree"": 0.4104941625586916, ""learning_rate"": 0.2074731128995951, ""max_depth"": 2, ""min_child_weight"": 1, ""reg_lambda"": 0.17741832515938147, ""subsample"": 0.9853326121701914}"
1,1,141,1,0.999992,0.9053152411833958,0.0406528403950647,"{""colsample_bytree"": 0.4104941625586916, ""learning_rate"": 0.2074731128995951, ""max_depth"": 2, ""min_child_weight"": 1, ""reg_lambda"": 0.17741832515938147, ""subsample"": 0.9853326121701914}"
1,1,148,1,0.9595338,0.891447428308606,0.04304734472258204,"{""colsample_bytree"": 0.4104941625586916, ""learning_rate"": 0.2074731128995951, ""max_depth"": 2, ""min_child_weight"": 1, ""reg_lambda"": 0.17741832515938147, ""subsample"": 0.9853326121701914}"
1,1,159,1,0.99989855,0.9052304648596617,0.040634312316796026,"{""colsample_bytree"": 0.4104941625586916, ""learning_rate"": 0.2074731128995951, ""max_depth"": 2, ""min_child_weight"": 1, ""reg_lambda"": 0.17741832515938147, ""subsample"": 0.9853326121701914}"
1,1,165,1,0.9963045,0.9029538610439906,0.040625708250385084,"{""colsample_bytree"": 0.4104941625586916, ""learning_rate"": 0.2074731128995951, ""max_depth"": 2, ""min_child_weight"": 1, ""reg_lambda"": 0.17741832515938147, ""subsample"": 0.9853326121701914}"
1,1,166,0,0.024598107,0.16037213017866808,0.1236624718187706,"{""colsample_bytree"": 0.4104941625586916, ""learning_rate"": 0.2074731128995951, ""max_depth"": 2, ""min_child_weight"": 1, ""reg_lambda"": 0.17741832515938147, ""subsample"": 0.9853326121701914}"
1,1,173,1,0.9998957,0.9052782947387212,0.04063163822807277,"{""colsample_bytree"": 0.4104941625586916, ""learning_rate"": 0.2074731128995951, ""max_depth"": 2, ""min_child_weight"": 1, ""reg_lambda"": 0.17741832515938147, ""subsample"": 0.9853326121701914}"
1,1,181,1,0.9990532,0.9038466799622817,0.04006006555841755,"{""colsample_bytree"": 0.4104941625586916, ""learning_rate"": 0.2074731128995951, ""max_depth"": 2, ""min_child_weight"": 1, ""reg_lambda"": 0.17741832515938147, ""subsample"": 0.9853326121701914}"
1,1,187,1,0.9987633,0.9047287007517587,0.040418950897420126,"{""colsample_bytree"": 0.4104941625586916, ""learning_rate"": 0.2074731128995951, ""max_depth"": 2, ""min_child_weight"": 1, ""reg_lambda"": 0.17741832515938147, ""subsample"": 0.9853326121701914}"
1,1,189,1,0.8857851,0.881183923840592,0.035048285782506954,"{""colsample_bytree"": 0.4104941625586916, ""learning_rate"": 0.2074731128995951, ""max_depth"": 2, ""min_child_weight"": 1, ""reg_lambda"": 0.17741832515938147, ""subsample"": 0.9853326121701914}"
1,1,190,0,0.9845307,0.8784249409398008,0.0529760764335055,"{""colsample_bytree"": 0.4104941625586916, ""learning_rate"": 0.2074731128995951, ""max_depth"": 2, ""min_child_weight"": 1, ""reg_lambda"": 0.17741832515938147, ""subsample"": 0.9853326121701914}"
1,1,195,1,0.9990514,0.9042691152716529,0.04151806994075235,"{""colsample_bytree"": 0.4104941625586916, ""learning_rate"": 0.2074731128995951, ""max_depth"": 2, ""min_child_weight"": 1, ""reg_lambda"": 0.17741832515938147, ""subsample"": 0.9853326121701914}"
1,1,196,0,0.14804512,0.30358096645904514,0.12540404268935687,"{""colsample_bytree"": 0.4104941625586916, ""learning_rate"": 0.2074731128995951, ""max_depth"": 2, ""min_child_weight"": 1, ""reg_lambda"": 0.17741832515938147, ""subsample"": 0.9853326121701914}"
1,1,201,0,0.65917337,0.8136715378918125,0.10959750000016126,"{""colsample_bytree"": 0.4104941625586916, ""learning_rate"": 0.2074731128995951, ""max_depth"": 2, ""min_child_weight"": 1, ""reg_lambda"": 0.17741832515938147, ""subsample"": 0.9853326121701914}"
1,1,218,0,0.17139983,0.30763707201919754,0.19166102837751725,"{""colsample_bytree"": 0.4104941625586916, ""learning_rate"": 0.2074731128995951, ""max_depth"": 2, ""min_child_weight"": 1, ""reg_lambda"": 0.17741832515938147, ""subsample"": 0.9853326121701914}"
1,1,219,1,0.03300004,0.16160209669521822,0.12655972469187,"{""colsample_bytree"": 0.4104941625586916, ""learning_rate"": 0.2074731128995951, ""max_depth"": 2, ""min_child_weight"": 1, ""reg_lambda"": 0.17741832515938147, ""subsample"": 0.9853326121701914}"
1,1,225,1,0.99636084,0.9022696523267107,0.041430624130727636,"{""colsample_bytree"": 0.4104941625586916, ""learning_rate"": 0.2074731128995951, ""max_depth"": 2, ""min_child_weight"": 1, ""reg_lambda"": 0.17741832515938147, ""subsample"": 0.9853326121701914}"
1,1,226,1,0.99904114,0.9046314095119536,0.04083797930688489,"{""colsample_bytree"": 0.4104941625586916, ""learning_rate"": 0.2074731128995951, ""max_depth"": 2, ""min_child_weight"": 1, ""reg_lambda"": 0.17741832515938147, ""subsample"": 0.9853326121701914}"
1,1,230,1,0.99997723,0.905307697815154,0.04065130548786528,"{""colsample_bytree"": 0.4104941625586916, ""learning_rate"": 0.2074731128995951, ""max_depth"": 2, ""min_child_weight"": 1, ""reg_lambda"": 0.17741832515938147, ""subsample"": 0.9853326121701914}"
1,1,234,0,0.29776555,0.42546411928466765,0.10013261845658415,"{""colsample_bytree"": 0.4104941625586916, ""learning_rate"": 0.2074731128995951, ""max_depth"": 2, ""min_child_weight"": 1, ""reg_lambda"": 0.17741832515938147, ""subsample"": 0.9853326121701914}"
1,1,246,1,0.9997327,0.9052535807041698,0.04061722168502551,"{""colsample_bytree"": 0.4104941625586916, ""learning_rate"": 0.2074731128995951, ""max_depth"": 2, ""min_child_weight"": 1, ""reg_lambda"": 0.17741832515938147, ""subsample"": 0.9853326121701914}"
1,1,247,0,0.014151176,0.15542690765568942,0.11362377640911113,"{""colsample_bytree"": 0.4104941625586916, ""learning_rate"": 0.2074731128995951, ""max_depth"": 2, ""min_child_weight"": 1, ""reg_lambda"": 0.17741832515938147, ""subsample"": 0.9853326121701914}"
1,1,251,1,0.5261648,0.4798350261764668,0.23497934940029397,"{""colsample_bytree"": 0.4104941625586916, ""learning_rate"": 0.2074731128995951, ""max_depth"": 2, ""min_child_weight"": 1, ""reg_lambda"": 0.17741832515938147, ""subsample"": 0.9853326121701914}"
1,1,255,0,0.071113676,0.17577714526500382,0.10813469623781156,"{""colsample_bytree"": 0.4104941625586916, ""learning_rate"": 0.2074731128995951, ""max_depth"": 2, ""min_child_weight"": 1, ""reg_lambda"": 0.17741832515938147, ""subsample"": 0.9853326121701914}"
1,1,261,0,0.0057981955,0.15273103369478733,0.11639228557871573,"{""colsample_bytree"": 0.4104941625586916, ""learning_rate"": 0.2074731128995951, ""max_depth"": 2, ""min_child_weight"": 1, ""reg_lambda"": 0.17741832515938147, ""subsample"": 0.9853326121701914}"
1,1,262,1,0.26927766,0.5397892565355085,0.23493599593953415,"{""colsample_bytree"": 0.4104941625586916, ""learning_rate"": 0.2074731128995951, ""max_depth"": 2, ""min_child_weight"": 1, ""reg_lambda"": 0.17741832515938147, ""subsample"": 0.9853326121701914}"
1,1,265,1,0.99846566,0.8976237210622404,0.050141934193114295,"{""colsample_bytree"": 0.4104941625586916, ""learning_rate"": 0.2074731128995951, ""max_depth"": 2, ""min_child_weight"": 1, ""reg_lambda"": 0.17741832515938147, ""subsample"": 0.9853326121701914}"
1,1,280,0,0.1747058,0.32161460570857936,0.20046134294192833,"{""colsample_bytree"": 0.4104941625586916, ""learning_rate"": 0.2074731128995951, ""max_depth"": 2, ""min_child_weight"": 1, ""reg_lambda"": 0.17741832515938147, ""subsample"": 0.9853326121701914}"
1,1,282,1,0.9989285,0.9031812972439702,0.039803832249223896,"{""colsample_bytree"": 0.4104941625586916, ""learning_rate"": 0.2074731128995951, ""max_depth"": 2, ""min_child_weight"": 1, ""reg_lambda"": 0.17741832515938147, ""subsample"": 0.9853326121701914}"
1,1,289,0,0.009630532,0.165032944663267,0.12062503492631614,"{""colsample_bytree"": 0.4104941625586916, ""learning_rate"": 0.2074731128995951, ""max_depth"": 2, ""min_child_weight"": 1, ""reg_lambda"": 0.17741832515938147, ""subsample"": 0.9853326121701914}"
1,1,293,0,0.117296584,0.34042334155701104,0.2042870204652865,"{""colsample_bytree"": 0.4104941625586916, ""learning_rate"": 0.2074731128995951, ""max_depth"": 2, ""min_child_weight"": 1, ""reg_lambda"": 0.17741832515938147, ""subsample"": 0.9853326121701914}"
1,1,296,0,0.10220267,0.2396143645279202,0.14662632242549653,"{""colsample_bytree"": 0.4104941625586916, ""learning_rate"": 0.2074731128995951, ""max_depth"": 2, ""min_child_weight"": 1, ""reg_lambda"": 0.17741832515938147, ""subsample"": 0.9853326121701914}"
1,2,3,0,0.5789802,0.5737125946594633,0.10371150284333712,"{""colsample_bytree"": 0.5817522632160579, ""learning_rate"": 0.012951842906424454, ""max_depth"": 2, ""min_child_weight"": 3, ""reg_lambda"": 12.456608316656952, ""subsample"": 0.937457332490271}"
1,2,4,0,0.52591085,0.416009684938178,0.0853342483484911,"{""colsample_bytree"": 0.5817522632160579, ""learning_rate"": 0.012951842906424454, ""max_depth"": 2, ""min_child_weight"": 3, ""reg_lambda"": 12.456608316656952, ""subsample"": 0.937457332490271}"
1,2,5,1,0.7952101,0.8734139866918582,0.029168652663346135,"{""colsample_bytree"": 0.5817522632160579, ""learning_rate"": 0.012951842906424454, ""max_depth"": 2, ""min_child_weight"": 3, ""reg_lambda"": 12.456608316656952, ""subsample"": 0.937457332490271}"
1,2,20,1,0.39909726,0.17904195599227735,0.06459313426747616,"{""colsample_bytree"": 0.5817522632160579, ""learning_rate"": 0.012951842906424454, ""max_depth"": 2, ""min_child_weight"": 3, ""reg_lambda"": 12.456608316656952, ""subsample"": 0.937457332490271}"
1,2,24,1,0.85131824,0.9174508478368428,0.029568869865173857,"{""colsample_bytree"": 0.5817522632160579, ""learning_rate"": 0.012951842906424454, ""max_depth"": 2, ""min_child_weight"": 3, ""reg_lambda"": 12.456608316656952, ""subsample"": 0.937457332490271}"
1,2,28,1,0.895414,0.9460044815983579,0.023878413327795774,"{""colsample_bytree"": 0.5817522632160579, ""learning_rate"": 0.012951842906424454, ""max_depth"": 2, ""min_child_weight"": 3, ""reg_lambda"": 12.456608316656952, ""subsample"": 0.937457332490271}"
1,2,32,1,0.8289336,0.9131796800499193,0.033501920619999105,"{""colsample_bytree"": 0.5817522632160579, ""learning_rate"": 0.012951842906424454, ""max_depth"": 2, ""min_child_weight"": 3, ""reg_lambda"": 12.456608316656952, ""subsample"": 0.937457332490271}"
1,2,35,0,0.37014285,0.1657458341268563,0.08248794119717676,"{""colsample_bytree"": 0.5817522632160579, ""learning_rate"": 0.012951842906424454, ""max_depth"": 2, ""min_child_weight"": 3, ""reg_lambda"": 12.456608316656952, ""subsample"": 0.937457332490271}"
1,2,38,1,0.8155376,0.8792520018324543,0.029569570904710796,"{""colsample_bytree"": 0.5817522632160579, ""learning_rate"": 0.012951842906424454, ""max_depth"": 2, ""min_child_weight"": 3, ""reg_lambda"": 12.456608316656952, ""subsample"": 0.937457332490271}"
1,2,42,0,0.4563966,0.27736477732761106,0.09770970224849716,"{""colsample_bytree"": 0.5817522632160579, ""learning_rate"": 0.012951842906424454, ""max_depth"": 2, ""min_child_weight"": 3, ""reg_lambda"": 12.456608316656952, ""subsample"": 0.937457332490271}"
1,2,56,1,0.890559,0.9436548374998424,0.02227030964567532,"{""colsample_bytree"": 0.5817522632160579, ""learning_rate"": 0.012951842906424454, ""max_depth"": 2, ""min_child_weight"": 3, ""reg_lambda"": 12.456608316656952, ""subsample"": 0.937457332490271}"
1,2,59,1,0.8674497,0.9396161993764439,0.025163020220305976,"{""colsample_bytree"": 0.5817522632160579, ""learning_rate"": 0.012951842906424454, ""max_depth"": 2, ""min_child_weight"": 3, ""reg_lambda"": 12.456608316656952, ""subsample"": 0.937457332490271}"
1,2,63,1,0.78340685,0.8916472898619858,0.028966411781106264,"{""colsample_bytree"": 0.5817522632160579, ""learning_rate"": 0.012951842906424454, ""max_depth"": 2, ""min_child_weight"": 3, ""reg_lambda"": 12.456608316656952, ""subsample"": 0.937457332490271}"
1,2,73,1,0.847352,0.9230299217623237,0.02711984034607074,"{""colsample_bytree"": 0.5817522632160579, ""learning_rate"": 0.012951842906424454, ""max_depth"": 2, ""min_child_weight"": 3, ""reg_lambda"": 12.456608316656952, ""subsample"": 0.937457332490271}"
1,2,85,1,0.8282235,0.889064098672699,0.03236030091860967,"{""colsample_bytree"": 0.5817522632160579, ""learning_rate"": 0.012951842906424454, ""max_depth"": 2, ""min_child_weight"": 3, ""reg_lambda"": 12.456608316656952, ""subsample"": 0.937457332490271}"
1,2,98,1,0.8967254,0.943694843570945,0.024098955629616572,"{""colsample_bytree"": 0.5817522632160579, ""learning_rate"": 0.012951842906424454, ""max_depth"": 2, ""min_child_weight"": 3, ""reg_lambda"": 12.456608316656952, ""subsample"": 0.937457332490271}"
1,2,101,1,0.87437665,0.9356253026373226,0.027978173021971326,"{""colsample_bytree"": 0.5817522632160579, ""learning_rate"": 0.012951842906424454, ""max_depth"": 2, ""min_child_weight"": 3, ""reg_lambda"": 12.456608316656952, ""subsample"": 0.937457332490271}"
1,2,106,1,0.85789526,0.9264313909225471,0.027107914075903933,"{""colsample_bytree"": 0.5817522632160579, ""learning_rate"": 0.012951842906424454, ""max_depth"": 2, ""min_child_weight"": 3, ""reg_lambda"": 12.456608316656952, ""subsample"": 0.937457332490271}"
1,2,107,1,0.6941206,0.7086523125525489,0.05791873601816602,"{""colsample_bytree"": 0.5817522632160579, ""learning_rate"": 0.012951842906424454, ""max_depth"": 2, ""min_child_weight"": 3, ""reg_lambda"": 12.456608316656952, ""subsample"": 0.937457332490271}"
1,2,116,1,0.84926325,0.9246838380752989,0.025111853957556815,"{""colsample_bytree"": 0.5817522632160579, ""learning_rate"": 0.012951842906424454, ""max_depth"": 2, ""min_child_weight"": 3, ""reg_lambda"": 12.456608316656952, ""subsample"": 0.937457332490271}"
1,2,117,1,0.8950283,0.9435463754747989,0.02763232154424454,"{""colsample_bytree"": 0.5817522632160579, ""learning_rate"": 0.012951842906424454, ""max_depth"": 2, ""min_child_weight"": 3, ""reg_lambda"": 12.456608316656952, ""subsample"": 0.937457332490271}"
1,2,120,1,0.7229934,0.8112077873493074,0.03245276718516482,"{""colsample_bytree"": 0.5817522632160579, ""learning_rate"": 0.012951842906424454, ""max_depth"": 2, ""min_child_weight"": 3, ""reg_lambda"": 12.456608316656952, ""subsample"": 0.937457332490271}"
1,2,130,0,0.4285978,0.21804601114147998,0.08644927787659024,"{""colsample_bytree"": 0.5817522632160579, ""learning_rate"": 0.012951842906424454, ""max_depth"": 2, ""min_child_weight"": 3, ""reg_lambda"": 12.456608316656952, ""subsample"": 0.937457332490271}"
1,2,135,1,0.8018011,0.8859701075109292,0.0167563239847739,"{""colsample_bytree"": 0.5817522632160579, ""learning_rate"": 0.012951842906424454, ""max_depth"": 2, ""min_child_weight"": 3, ""reg_lambda"": 12.456608316656952, ""subsample"": 0.937457332490271}"
1,2,137,0,0.4313658,0.2161125522662418,0.09259562254241006,"{""colsample_bytree"": 0.5817522632160579, ""learning_rate"": 0.012951842906424454, ""max_depth"": 2, ""min_child_weight"": 3, ""reg_lambda"": 12.456608316656952, ""subsample"": 0.937457332490271}"
1,2,138,1,0.8568621,0.921130011809761,0.03012327154415587,"{""colsample_bytree"": 0.5817522632160579, ""learning_rate"": 0.012951842906424454, ""max_depth"": 2, ""min_child_weight"": 3, ""reg_lambda"": 12.456608316656952, ""subsample"": 0.937457332490271}"
1,2,142,1,0.5163971,0.3695468644660257,0.07034930030608959,"{""colsample_bytree"": 0.5817522632160579, ""learning_rate"": 0.012951842906424454, ""max_depth"": 2, ""min_child_weight"": 3, ""reg_lambda"": 12.456608316656952, ""subsample"": 0.937457332490271}"
1,2,146,1,0.87995106,0.9452047980617275,0.02321444538042278,"{""colsample_bytree"": 0.5817522632160579, ""learning_rate"": 0.012951842906424454, ""max_depth"": 2, ""min_child_weight"": 3, ""reg_lambda"": 12.456608316656952, ""subsample"": 0.937457332490271}"
1,2,153,0,0.63488364,0.6339241734635812,0.12085963660419148,"{""colsample_bytree"": 0.5817522632160579, ""learning_rate"": 0.012951842906424454, ""max_depth"": 2, ""min_child_weight"": 3, ""reg_lambda"": 12.456608316656952, ""subsample"": 0.937457332490271}"
1,2,154,1,0.81433475,0.9091694685459542,0.028447633261951846,"{""colsample_bytree"": 0.5817522632160579, ""learning_rate"": 0.012951842906424454, ""max_depth"": 2, ""min_child_weight"": 3, ""reg_lambda"": 12.456608316656952, ""subsample"": 0.937457332490271}"
1,2,156,1,0.69852096,0.7880219057437544,0.09520104136518676,"{""colsample_bytree"": 0.5817522632160579, ""learning_rate"": 0.012951842906424454, ""max_depth"": 2, ""min_child_weight"": 3, ""reg_lambda"": 12.456608316656952, ""subsample"": 0.937457332490271}"
1,2,164,1,0.88180774,0.9415078501056818,0.030300225365324455,"{""colsample_bytree"": 0.5817522632160579, ""learning_rate"": 0.012951842906424454, ""max_depth"": 2, ""min_child_weight"": 3, ""reg_lambda"": 12.456608316656952, ""subsample"": 0.937457332490271}"
1,2,168,0,0.34064075,0.1271265867127352,0.06933990125612571,"{""colsample_bytree"": 0.5817522632160579, ""learning_rate"": 0.012951842906424454, ""max_depth"": 2, ""min_child_weight"": 3, ""reg_lambda"": 12.456608316656952, ""subsample"": 0.937457332490271}"
1,2,169,0,0.40683094,0.1825294751718443,0.059499773968716044,"{""colsample_bytree"": 0.5817522632160579, ""learning_rate"": 0.012951842906424454, ""max_depth"": 2, ""min_child_weight"": 3, ""reg_lambda"": 12.456608316656952, ""subsample"": 0.937457332490271}"
1,2,170,0,0.45247912,0.2717166730432951,0.11374391799955995,"{""colsample_bytree"": 0.5817522632160579, ""learning_rate"": 0.012951842906424454, ""max_depth"": 2, ""min_child_weight"": 3, ""reg_lambda"": 12.456608316656952, ""subsample"": 0.937457332490271}"
1,2,174,1,0.90797454,0.9516755873420036,0.026045230328933574,"{""colsample_bytree"": 0.5817522632160579, ""learning_rate"": 0.012951842906424454, ""max_depth"": 2, ""min_child_weight"": 3, ""reg_lambda"": 12.456608316656952, ""subsample"": 0.937457332490271}"
1,2,176,1,0.42852035,0.23868281725665508,0.07428008631843079,"{""colsample_bytree"": 0.5817522632160579, ""learning_rate"": 0.012951842906424454, ""max_depth"": 2, ""min_child_weight"": 3, ""reg_lambda"": 12.456608316656952, ""subsample"": 0.937457332490271}"
1,2,177,1,0.8725414,0.9339497444985152,0.030544148789771224,"{""colsample_bytree"": 0.5817522632160579, ""learning_rate"": 0.012951842906424454, ""max_depth"": 2, ""min_child_weight"": 3, ""reg_lambda"": 12.456608316656952, ""subsample"": 0.937457332490271}"
1,2,186,0,0.6859354,0.6881540203383256,0.0815910891887836,"{""colsample_bytree"": 0.5817522632160579, ""learning_rate"": 0.012951842906424454, ""max_depth"": 2, ""min_child_weight"": 3, ""reg_lambda"": 12.456608316656952, ""subsample"": 0.937457332490271}"
1,2,194,0,0.38466147,0.16849180008251724,0.060097497771790374,"{""colsample_bytree"": 0.5817522632160579, ""learning_rate"": 0.012951842906424454, ""max_depth"": 2, ""min_child_weight"": 3, ""reg_lambda"": 12.456608316656952, ""subsample"": 0.937457332490271}"
1,2,208,1,0.8368524,0.9021262849029597,0.03620457853381224,"{""colsample_bytree"": 0.5817522632160579, ""learning_rate"": 0.012951842906424454, ""max_depth"": 2, ""min_child_weight"": 3, ""reg_lambda"": 12.456608316656952, ""subsample"": 0.937457332490271}"
1,2,210,0,0.352311,0.15352180565506646,0.07587872943208937,"{""colsample_bytree"": 0.5817522632160579, ""learning_rate"": 0.012951842906424454, ""max_depth"": 2, ""min_child_weight"": 3, ""reg_lambda"": 12.456608316656952, ""subsample"": 0.937457332490271}"
1,2,211,1,0.7494845,0.7949777960543165,0.0721703587634229,"{""colsample_bytree"": 0.5817522632160579, ""learning_rate"": 0.012951842906424454, ""max_depth"": 2, ""min_child_weight"": 3, ""reg_lambda"": 12.456608316656952, ""subsample"": 0.937457332490271}"
1,2,213,0,0.8533436,0.9241637445345713,0.027309733962674193,"{""colsample_bytree"": 0.5817522632160579, ""learning_rate"": 0.012951842906424454, ""max_depth"": 2, ""min_child_weight"": 3, ""reg_lambda"": 12.456608316656952, ""subsample"": 0.937457332490271}"
1,2,221,1,0.57516664,0.5438673874738904,0.060454269692275686,"{""colsample_bytree"": 0.5817522632160579, ""learning_rate"": 0.012951842906424454, ""max_depth"": 2, ""min_child_weight"": 3, ""reg_lambda"": 12.456608316656952, ""subsample"": 0.937457332490271}"
1,2,223,1,0.60911953,0.6149300571675766,0.09335610150412688,"{""colsample_bytree"": 0.5817522632160579, ""learning_rate"": 0.012951842906424454, ""max_depth"": 2, ""min_child_weight"": 3, ""reg_lambda"": 12.456608316656952, ""subsample"": 0.937457332490271}"
1,2,229,1,0.8522729,0.9117800572791083,0.03351769982436702,"{""colsample_bytree"": 0.5817522632160579, ""learning_rate"": 0.012951842906424454, ""max_depth"": 2, ""min_child_weight"": 3, ""reg_lambda"": 12.456608316656952, ""subsample"": 0.937457332490271}"
1,2,235,1,0.8553222,0.9264181931767297,0.02494855978530165,"{""colsample_bytree"": 0.5817522632160579, ""learning_rate"": 0.012951842906424454, ""max_depth"": 2, ""min_child_weight"": 3, ""reg_lambda"": 12.456608316656952, ""subsample"": 0.937457332490271}"
1,2,237,1,0.7924482,0.8763870241014114,0.03251479852270062,"{""colsample_bytree"": 0.5817522632160579, ""learning_rate"": 0.012951842906424454, ""max_depth"": 2, ""min_child_weight"": 3, ""reg_lambda"": 12.456608316656952, ""subsample"": 0.937457332490271}"
1,2,239,1,0.85190004,0.9254755345101568,0.025875284577593225,"{""colsample_bytree"": 0.5817522632160579, ""learning_rate"": 0.012951842906424454, ""max_depth"": 2, ""min_child_weight"": 3, ""reg_lambda"": 12.456608316656952, ""subsample"": 0.937457332490271}"
1,2,242,1,0.80098814,0.8980919098061569,0.028503211256650438,"{""colsample_bytree"": 0.5817522632160579, ""learning_rate"": 0.012951842906424454, ""max_depth"": 2, ""min_child_weight"": 3, ""reg_lambda"": 12.456608316656952, ""subsample"": 0.937457332490271}"
1,2,243,1,0.8594803,0.928235401358306,0.028267346307726822,"{""colsample_bytree"": 0.5817522632160579, ""learning_rate"": 0.012951842906424454, ""max_depth"": 2, ""min_child_weight"": 3, ""reg_lambda"": 12.456608316656952, ""subsample"": 0.937457332490271}"
1,2,245,1,0.54946494,0.48313670189891217,0.138466890197127,"{""colsample_bytree"": 0.5817522632160579, ""learning_rate"": 0.012951842906424454, ""max_depth"": 2, ""min_child_weight"": 3, ""reg_lambda"": 12.456608316656952, ""subsample"": 0.937457332490271}"
1,2,254,0,0.75879395,0.8485924977822468,0.025908860219027368,"{""colsample_bytree"": 0.5817522632160579, ""learning_rate"": 0.012951842906424454, ""max_depth"": 2, ""min_child_weight"": 3, ""reg_lambda"": 12.456608316656952, ""subsample"": 0.937457332490271}"
1,2,269,1,0.8857059,0.9400176192744605,0.02535756295377979,"{""colsample_bytree"": 0.5817522632160579, ""learning_rate"": 0.012951842906424454, ""max_depth"": 2, ""min_child_weight"": 3, ""reg_lambda"": 12.456608316656952, ""subsample"": 0.937457332490271}"
1,2,272,0,0.66889197,0.6583049724809078,0.0746109824727363,"{""colsample_bytree"": 0.5817522632160579, ""learning_rate"": 0.012951842906424454, ""max_depth"": 2, ""min_child_weight"": 3, ""reg_lambda"": 12.456608316656952, ""subsample"": 0.937457332490271}"
1,2,273,1,0.87785304,0.9419489367192455,0.029101572780987885,"{""colsample_bytree"": 0.5817522632160579, ""learning_rate"": 0.012951842906424454, ""max_depth"": 2, ""min_child_weight"": 3, ""reg_lambda"": 12.456608316656952, ""subsample"": 0.937457332490271}"
1,2,283,1,0.5319771,0.41421335091337397,0.0937970159891625,"{""colsample_bytree"": 0.5817522632160579, ""learning_rate"": 0.012951842906424454, ""max_depth"": 2, ""min_child_weight"": 3, ""reg_lambda"": 12.456608316656952, ""subsample"": 0.937457332490271}"
1,2,286,0,0.479389,0.31879593464111916,0.07931753849810855,"{""colsample_bytree"": 0.5817522632160579, ""learning_rate"": 0.012951842906424454, ""max_depth"": 2, ""min_child_weight"": 3, ""reg_lambda"": 12.456608316656952, ""subsample"": 0.937457332490271}"
1,2,295,0,0.65107256,0.6901434729303044,0.08246263085299532,"{""colsample_bytree"": 0.5817522632160579, ""learning_rate"": 0.012951842906424454, ""max_depth"": 2, ""min_child_weight"": 3, ""reg_lambda"": 12.456608316656952, ""subsample"": 0.937457332490271}"
1,2,302,1,0.8073808,0.8810534686785667,0.031606196222309514,"{""colsample_bytree"": 0.5817522632160579, ""learning_rate"": 0.012951842906424454, ""max_depth"": 2, ""min_child_weight"": 3, ""reg_lambda"": 12.456608316656952, ""subsample"": 0.937457332490271}"
1,3,0,1,0.7411331,0.7204999757602724,0.08168432651659978,"{""colsample_bytree"": 0.43384098350289607, ""learning_rate"": 0.01843432793682123, ""max_depth"": 3, ""min_child_weight"": 1, ""reg_lambda"": 0.13223894297616798, ""subsample"": 0.9092691085716713}"
1,3,6,1,0.9756123,0.9401684314242271,0.02336813564898975,"{""colsample_bytree"": 0.43384098350289607, ""learning_rate"": 0.01843432793682123, ""max_depth"": 3, ""min_child_weight"": 1, ""reg_lambda"": 0.13223894297616798, ""subsample"": 0.9092691085716713}"
1,3,10,1,0.9273855,0.9185495952604154,0.02722449291028954,"{""colsample_bytree"": 0.43384098350289607, ""learning_rate"": 0.01843432793682123, ""max_depth"": 3, ""min_child_weight"": 1, ""reg_lambda"": 0.13223894297616798, ""subsample"": 0.9092691085716713}"
1,3,17,0,0.4679892,0.31623523406482357,0.1358769574982081,"{""colsample_bytree"": 0.43384098350289607, ""learning_rate"": 0.01843432793682123, ""max_depth"": 3, ""min_child_weight"": 1, ""reg_lambda"": 0.13223894297616798, ""subsample"": 0.9092691085716713}"
1,3,27,1,0.2584248,0.19169091805752297,0.14577784580109857,"{""colsample_bytree"": 0.43384098350289607, ""learning_rate"": 0.01843432793682123, ""max_depth"": 3, ""min_child_weight"": 1, ""reg_lambda"": 0.13223894297616798, ""subsample"": 0.9092691085716713}"
1,3,44,1,0.83577454,0.8454220119195124,0.0743940089034722,"{""colsample_bytree"": 0.43384098350289607, ""learning_rate"": 0.01843432793682123, ""max_depth"": 3, ""min_child_weight"": 1, ""reg_lambda"": 0.13223894297616798, ""subsample"": 0.9092691085716713}"
1,3,46,1,0.92145365,0.9196585621687395,0.03260797189124864,"{""colsample_bytree"": 0.43384098350289607, ""learning_rate"": 0.01843432793682123, ""max_depth"": 3, ""min_child_weight"": 1, ""reg_lambda"": 0.13223894297616798, ""subsample"": 0.9092691085716713}"
1,3,48,0,0.17348385,0.15090335678731231,0.1268674216947847,"{""colsample_bytree"": 0.43384098350289607, ""learning_rate"": 0.01843432793682123, ""max_depth"": 3, ""min_child_weight"": 1, ""reg_lambda"": 0.13223894297616798, ""subsample"": 0.9092691085716713}"
1,3,50,1,0.6117458,0.6524187542836033,0.10496582186170468,"{""colsample_bytree"": 0.43384098350289607, ""learning_rate"": 0.01843432793682123, ""max_depth"": 3, ""min_child_weight"": 1, ""reg_lambda"": 0.13223894297616798, ""subsample"": 0.9092691085716713}"
1,3,51,1,0.9342585,0.9265540001557863,0.02687425359395654,"{""colsample_bytree"": 0.43384098350289607, ""learning_rate"": 0.01843432793682123, ""max_depth"": 3, ""min_child_weight"": 1, ""reg_lambda"": 0.13223894297616798, ""subsample"": 0.9092691085716713}"
1,3,58,1,0.351697,0.250475661812602,0.12552652859202762,"{""colsample_bytree"": 0.43384098350289607, ""learning_rate"": 0.01843432793682123, ""max_depth"": 3, ""min_child_weight"": 1, ""reg_lambda"": 0.13223894297616798, ""subsample"": 0.9092691085716713}"
1,3,65,1,0.80764896,0.8691667789544099,0.04287739193247544,"{""colsample_bytree"": 0.43384098350289607, ""learning_rate"": 0.01843432793682123, ""max_depth"": 3, ""min_child_weight"": 1, ""reg_lambda"": 0.13223894297616798, ""subsample"": 0.9092691085716713}"
1,3,70,0,0.2945636,0.22546116360720828,0.15266038596216253,"{""colsample_bytree"": 0.43384098350289607, ""learning_rate"": 0.01843432793682123, ""max_depth"": 3, ""min_child_weight"": 1, ""reg_lambda"": 0.13223894297616798, ""subsample"": 0.9092691085716713}"
1,3,71,1,0.9605457,0.9351576345110096,0.02374524515157896,"{""colsample_bytree"": 0.43384098350289607, ""learning_rate"": 0.01843432793682123, ""max_depth"": 3, ""min_child_weight"": 1, ""reg_lambda"": 0.13223894297616798, ""subsample"": 0.9092691085716713}"
1,3,74,1,0.9817446,0.9444199620590688,0.02193077554651921,"{""colsample_bytree"": 0.43384098350289607, ""learning_rate"": 0.01843432793682123, ""max_depth"": 3, ""min_child_weight"": 1, ""reg_lambda"": 0.13223894297616798, ""subsample"": 0.9092691085716713}"
1,3,77,1,0.86740816,0.8830523469666509,0.021273642783421937,"{""colsample_bytree"": 0.43384098350289607, ""learning_rate"": 0.01843432793682123, ""max_depth"": 3, ""min_child_weight"": 1, ""reg_lambda"": 0.13223894297616798, ""subsample"": 0.9092691085716713}"
1,3,88,1,0.9187208,0.9233072391404485,0.02386260038822389,"{""colsample_bytree"": 0.43384098350289607, ""learning_rate"": 0.01843432793682123, ""max_depth"": 3, ""min_child_weight"": 1, ""reg_lambda"": 0.13223894297616798, ""subsample"": 0.9092691085716713}"
1,3,89,1,0.96377057,0.9388615267252117,0.02393216270466034,"{""colsample_bytree"": 0.43384098350289607, ""learning_rate"": 0.01843432793682123, ""max_depth"": 3, ""min_child_weight"": 1, ""reg_lambda"": 0.13223894297616798, ""subsample"": 0.9092691085716713}"
1,3,91,0,0.44368577,0.456593337915844,0.10970288020371732,"{""colsample_bytree"": 0.43384098350289607, ""learning_rate"": 0.01843432793682123, ""max_depth"": 3, ""min_child_weight"": 1, ""reg_lambda"": 0.13223894297616798, ""subsample"": 0.9092691085716713}"
1,3,92,1,0.9485972,0.9291672422087291,0.026943728859385965,"{""colsample_bytree"": 0.43384098350289607, ""learning_rate"": 0.01843432793682123, ""max_depth"": 3, ""min_child_weight"": 1, ""reg_lambda"": 0.13223894297616798, ""subsample"": 0.9092691085716713}"
1,3,95,1,0.97948176,0.9419439427584656,0.022963337970482375,"{""colsample_bytree"": 0.43384098350289607, ""learning_rate"": 0.01843432793682123, ""max_depth"": 3, ""min_child_weight"": 1, ""reg_lambda"": 0.13223894297616798, ""subsample"": 0.9092691085716713}"
1,3,118,1,0.95574826,0.9340058491161501,0.021748999722445893,"{""colsample_bytree"": 0.43384098350289607, ""learning_rate"": 0.01843432793682123, ""max_depth"": 3, ""min_child_weight"": 1, ""reg_lambda"": 0.13223894297616798, ""subsample"": 0.9092691085716713}"
1,3,119,1,0.85836476,0.8928250324929877,0.024989085430740344,"{""colsample_bytree"": 0.43384098350289607, ""learning_rate"": 0.01843432793682123, ""max_depth"": 3, ""min_child_weight"": 1, ""reg_lambda"": 0.13223894297616798, ""subsample"": 0.9092691085716713}"
1,3,121,1,0.70866466,0.7244875313666331,0.1672403183915296,"{""colsample_bytree"": 0.43384098350289607, ""learning_rate"": 0.01843432793682123, ""max_depth"": 3, ""min_child_weight"": 1, ""reg_lambda"": 0.13223894297616798, ""subsample"": 0.9092691085716713}"
1,3,122,1,0.9467442,0.9330593629322488,0.023160289922030355,"{""colsample_bytree"": 0.43384098350289607, ""learning_rate"": 0.01843432793682123, ""max_depth"": 3, ""min_child_weight"": 1, ""reg_lambda"": 0.13223894297616798, ""subsample"": 0.9092691085716713}"
1,3,125,1,0.88608253,0.8915290897085575,0.04922663099711374,"{""colsample_bytree"": 0.43384098350289607, ""learning_rate"": 0.01843432793682123, ""max_depth"": 3, ""min_child_weight"": 1, ""reg_lambda"": 0.13223894297616798, ""subsample"": 0.9092691085716713}"
1,3,132,1,0.9764311,0.9430479309198624,0.02321462847292675,"{""colsample_bytree"": 0.43384098350289607, ""learning_rate"": 0.01843432793682123, ""max_depth"": 3, ""min_child_weight"": 1, ""reg_lambda"": 0.13223894297616798, ""subsample"": 0.9092691085716713}"
1,3,147,1,0.83136356,0.8768790798350059,0.029678365873900256,"{""colsample_bytree"": 0.43384098350289607, ""learning_rate"": 0.01843432793682123, ""max_depth"": 3, ""min_child_weight"": 1, ""reg_lambda"": 0.13223894297616798, ""subsample"": 0.9092691085716713}"
1,3,149,1,0.9423051,0.9292588063827472,0.02806186938743042,"{""colsample_bytree"": 0.43384098350289607, ""learning_rate"": 0.01843432793682123, ""max_depth"": 3, ""min_child_weight"": 1, ""reg_lambda"": 0.13223894297616798, ""subsample"": 0.9092691085716713}"
1,3,150,0,0.71010673,0.7072570510373799,0.11173108424315223,"{""colsample_bytree"": 0.43384098350289607, ""learning_rate"": 0.01843432793682123, ""max_depth"": 3, ""min_child_weight"": 1, ""reg_lambda"": 0.13223894297616798, ""subsample"": 0.9092691085716713}"
1,3,155,1,0.96583784,0.936506276872662,0.024686263918760186,"{""colsample_bytree"": 0.43384098350289607, ""learning_rate"": 0.01843432793682123, ""max_depth"": 3, ""min_child_weight"": 1, ""reg_lambda"": 0.13223894297616798, ""subsample"": 0.9092691085716713}"
1,3,157,1,0.6363075,0.6804951062378735,0.16334244465080114,"{""colsample_bytree"": 0.43384098350289607, ""learning_rate"": 0.01843432793682123, ""max_depth"": 3, ""min_child_weight"": 1, ""reg_lambda"": 0.13223894297616798, ""subsample"": 0.9092691085716713}"
1,3,161,1,0.95119685,0.9336843564157249,0.02103382176378671,"{""colsample_bytree"": 0.43384098350289607, ""learning_rate"": 0.01843432793682123, ""max_depth"": 3, ""min_child_weight"": 1, ""reg_lambda"": 0.13223894297616798, ""subsample"": 0.9092691085716713}"
1,3,162,1,0.95342326,0.9325143157049844,0.02492962247597393,"{""colsample_bytree"": 0.43384098350289607, ""learning_rate"": 0.01843432793682123, ""max_depth"": 3, ""min_child_weight"": 1, ""reg_lambda"": 0.13223894297616798, ""subsample"": 0.9092691085716713}"
1,3,163,1,0.6586933,0.6761404041412564,0.12720915802548682,"{""colsample_bytree"": 0.43384098350289607, ""learning_rate"": 0.01843432793682123, ""max_depth"": 3, ""min_child_weight"": 1, ""reg_lambda"": 0.13223894297616798, ""subsample"": 0.9092691085716713}"
1,3,171,1,0.94465923,0.9277579889689521,0.02531244381222959,"{""colsample_bytree"": 0.43384098350289607, ""learning_rate"": 0.01843432793682123, ""max_depth"": 3, ""min_child_weight"": 1, ""reg_lambda"": 0.13223894297616798, ""subsample"": 0.9092691085716713}"
1,3,172,1,0.9141194,0.9029479039585139,0.029723756623502934,"{""colsample_bytree"": 0.43384098350289607, ""learning_rate"": 0.01843432793682123, ""max_depth"": 3, ""min_child_weight"": 1, ""reg_lambda"": 0.13223894297616798, ""subsample"": 0.9092691085716713}"
1,3,175,0,0.78988826,0.8092282513723161,0.10157663347312237,"{""colsample_bytree"": 0.43384098350289607, ""learning_rate"": 0.01843432793682123, ""max_depth"": 3, ""min_child_weight"": 1, ""reg_lambda"": 0.13223894297616798, ""subsample"": 0.9092691085716713}"
1,3,178,1,0.8348087,0.886193968635359,0.029884523798720936,"{""colsample_bytree"": 0.43384098350289607, ""learning_rate"": 0.01843432793682123, ""max_depth"": 3, ""min_child_weight"": 1, ""reg_lambda"": 0.13223894297616798, ""subsample"": 0.9092691085716713}"
1,3,179,0,0.16633625,0.16411957462419133,0.11065993034054343,"{""colsample_bytree"": 0.43384098350289607, ""learning_rate"": 0.01843432793682123, ""max_depth"": 3, ""min_child_weight"": 1, ""reg_lambda"": 0.13223894297616798, ""subsample"": 0.9092691085716713}"
1,3,185,0,0.87266266,0.886194947359815,0.04020351175898764,"{""colsample_bytree"": 0.43384098350289607, ""learning_rate"": 0.01843432793682123, ""max_depth"": 3, ""min_child_weight"": 1, ""reg_lambda"": 0.13223894297616798, ""subsample"": 0.9092691085716713}"
1,3,188,1,0.707583,0.6279711311054361,0.24026329622555717,"{""colsample_bytree"": 0.43384098350289607, ""learning_rate"": 0.01843432793682123, ""max_depth"": 3, ""min_child_weight"": 1, ""reg_lambda"": 0.13223894297616798, ""subsample"": 0.9092691085716713}"
1,3,205,1,0.57368326,0.47551076658926633,0.13825731429617852,"{""colsample_bytree"": 0.43384098350289607, ""learning_rate"": 0.01843432793682123, ""max_depth"": 3, ""min_child_weight"": 1, ""reg_lambda"": 0.13223894297616798, ""subsample"": 0.9092691085716713}"
1,3,206,1,0.93306637,0.916811584739502,0.03113884018715177,"{""colsample_bytree"": 0.43384098350289607, ""learning_rate"": 0.01843432793682123, ""max_depth"": 3, ""min_child_weight"": 1, ""reg_lambda"": 0.13223894297616798, ""subsample"": 0.9092691085716713}"
1,3,209,1,0.9524367,0.9334696837726731,0.02345326809970063,"{""colsample_bytree"": 0.43384098350289607, ""learning_rate"": 0.01843432793682123, ""max_depth"": 3, ""min_child_weight"": 1, ""reg_lambda"": 0.13223894297616798, ""subsample"": 0.9092691085716713}"
1,3,212,0,0.14764535,0.11184229941319299,0.10375397877748697,"{""colsample_bytree"": 0.43384098350289607, ""learning_rate"": 0.01843432793682123, ""max_depth"": 3, ""min_child_weight"": 1, ""reg_lambda"": 0.13223894297616798, ""subsample"": 0.9092691085716713}"
1,3,214,0,0.90359354,0.9152439803205171,0.021359051215247442,"{""colsample_bytree"": 0.43384098350289607, ""learning_rate"": 0.01843432793682123, ""max_depth"": 3, ""min_child_weight"": 1, ""reg_lambda"": 0.13223894297616798, ""subsample"": 0.9092691085716713}"
1,3,215,1,0.9647414,0.937004356201413,0.024229348184360663,"{""colsample_bytree"": 0.43384098350289607, ""learning_rate"": 0.01843432793682123, ""max_depth"": 3, ""min_child_weight"": 1, ""reg_lambda"": 0.13223894297616798, ""subsample"": 0.9092691085716713}"
1,3,217,0,0.46130905,0.4244561402451489,0.17007509363940623,"{""colsample_bytree"": 0.43384098350289607, ""learning_rate"": 0.01843432793682123, ""max_depth"": 3, ""min_child_weight"": 1, ""reg_lambda"": 0.13223894297616798, ""subsample"": 0.9092691085716713}"
1,3,231,1,0.9701095,0.9419525406174646,0.02232318199480911,"{""colsample_bytree"": 0.43384098350289607, ""learning_rate"": 0.01843432793682123, ""max_depth"": 3, ""min_child_weight"": 1, ""reg_lambda"": 0.13223894297616798, ""subsample"": 0.9092691085716713}"
1,3,232,1,0.95111996,0.9342066494549851,0.02155909144982937,"{""colsample_bytree"": 0.43384098350289607, ""learning_rate"": 0.01843432793682123, ""max_depth"": 3, ""min_child_weight"": 1, ""reg_lambda"": 0.13223894297616798, ""subsample"": 0.9092691085716713}"
1,3,233,0,0.59136987,0.5696388066758995,0.135183655779487,"{""colsample_bytree"": 0.43384098350289607, ""learning_rate"": 0.01843432793682123, ""max_depth"": 3, ""min_child_weight"": 1, ""reg_lambda"": 0.13223894297616798, ""subsample"": 0.9092691085716713}"
1,3,249,1,0.91987485,0.9224844122805156,0.025711757718563332,"{""colsample_bytree"": 0.43384098350289607, ""learning_rate"": 0.01843432793682123, ""max_depth"": 3, ""min_child_weight"": 1, ""reg_lambda"": 0.13223894297616798, ""subsample"": 0.9092691085716713}"
1,3,260,1,0.9562166,0.9355930200058014,0.02453170468962411,"{""colsample_bytree"": 0.43384098350289607, ""learning_rate"": 0.01843432793682123, ""max_depth"": 3, ""min_child_weight"": 1, ""reg_lambda"": 0.13223894297616798, ""subsample"": 0.9092691085716713}"
1,3,268,0,0.45905614,0.3781788230383781,0.26426866949448574,"{""colsample_bytree"": 0.43384098350289607, ""learning_rate"": 0.01843432793682123, ""max_depth"": 3, ""min_child_weight"": 1, ""reg_lambda"": 0.13223894297616798, ""subsample"": 0.9092691085716713}"
1,3,276,0,0.3994083,0.31881162993318374,0.16093269152383427,"{""colsample_bytree"": 0.43384098350289607, ""learning_rate"": 0.01843432793682123, ""max_depth"": 3, ""min_child_weight"": 1, ""reg_lambda"": 0.13223894297616798, ""subsample"": 0.9092691085716713}"
1,3,287,0,0.5353341,0.5324393627368361,0.22883063093969577,"{""colsample_bytree"": 0.43384098350289607, ""learning_rate"": 0.01843432793682123, ""max_depth"": 3, ""min_child_weight"": 1, ""reg_lambda"": 0.13223894297616798, ""subsample"": 0.9092691085716713}"
1,3,294,1,0.68968165,0.6870466749639357,0.1058066663985003,"{""colsample_bytree"": 0.43384098350289607, ""learning_rate"": 0.01843432793682123, ""max_depth"": 3, ""min_child_weight"": 1, ""reg_lambda"": 0.13223894297616798, ""subsample"": 0.9092691085716713}"
1,3,299,0,0.12360176,0.12110388742244274,0.12918104101441794,"{""colsample_bytree"": 0.43384098350289607, ""learning_rate"": 0.01843432793682123, ""max_depth"": 3, ""min_child_weight"": 1, ""reg_lambda"": 0.13223894297616798, ""subsample"": 0.9092691085716713}"
1,3,300,0,0.29344958,0.18843700101866387,0.07102296509304423,"{""colsample_bytree"": 0.43384098350289607, ""learning_rate"": 0.01843432793682123, ""max_depth"": 3, ""min_child_weight"": 1, ""reg_lambda"": 0.13223894297616798, ""subsample"": 0.9092691085716713}"
1,4,7,1,0.9397793,0.9240752367064176,0.03405628327020741,"{""colsample_bytree"": 0.700239597574104, ""learning_rate"": 0.05170978928730366, ""max_depth"": 3, ""min_child_weight"": 3, ""reg_lambda"": 11.030856972075563, ""subsample"": 0.6513278045934275}"
1,4,9,1,0.9250787,0.9180090816211857,0.031883715521159935,"{""colsample_bytree"": 0.700239597574104, ""learning_rate"": 0.05170978928730366, ""max_depth"": 3, ""min_child_weight"": 3, ""reg_lambda"": 11.030856972075563, ""subsample"": 0.6513278045934275}"
1,4,12,1,0.9574981,0.9286241681620714,0.031094630574933873,"{""colsample_bytree"": 0.700239597574104, ""learning_rate"": 0.05170978928730366, ""max_depth"": 3, ""min_child_weight"": 3, ""reg_lambda"": 11.030856972075563, ""subsample"": 0.6513278045934275}"
1,4,14,1,0.6764411,0.6658538446487713,0.09762023383076172,"{""colsample_bytree"": 0.700239597574104, ""learning_rate"": 0.05170978928730366, ""max_depth"": 3, ""min_child_weight"": 3, ""reg_lambda"": 11.030856972075563, ""subsample"": 0.6513278045934275}"
1,4,23,1,0.97830075,0.9374047826670768,0.03111503961809346,"{""colsample_bytree"": 0.700239597574104, ""learning_rate"": 0.05170978928730366, ""max_depth"": 3, ""min_child_weight"": 3, ""reg_lambda"": 11.030856972075563, ""subsample"": 0.6513278045934275}"
1,4,29,1,0.9781909,0.9381894195986671,0.029899194549953014,"{""colsample_bytree"": 0.700239597574104, ""learning_rate"": 0.05170978928730366, ""max_depth"": 3, ""min_child_weight"": 3, ""reg_lambda"": 11.030856972075563, ""subsample"": 0.6513278045934275}"
1,4,30,1,0.9449912,0.9287417797475254,0.03468547081272339,"{""colsample_bytree"": 0.700239597574104, ""learning_rate"": 0.05170978928730366, ""max_depth"": 3, ""min_child_weight"": 3, ""reg_lambda"": 11.030856972075563, ""subsample"": 0.6513278045934275}"
1,4,33,1,0.9505394,0.9285378388372747,0.03217491731614025,"{""colsample_bytree"": 0.700239597574104, ""learning_rate"": 0.05170978928730366, ""max_depth"": 3, ""min_child_weight"": 3, ""reg_lambda"": 11.030856972075563, ""subsample"": 0.6513278045934275}"
1,4,36,1,0.9451223,0.9267215225181447,0.03325014048989378,"{""colsample_bytree"": 0.700239597574104, ""learning_rate"": 0.05170978928730366, ""max_depth"": 3, ""min_child_weight"": 3, ""reg_lambda"": 11.030856972075563, ""subsample"": 0.6513278045934275}"
1,4,40,1,0.92916393,0.9077775006441101,0.033774515643166504,"{""colsample_bytree"": 0.700239597574104, ""learning_rate"": 0.05170978928730366, ""max_depth"": 3, ""min_child_weight"": 3, ""reg_lambda"": 11.030856972075563, ""subsample"": 0.6513278045934275}"
1,4,45,1,0.9078338,0.9071401351958658,0.04676080277894362,"{""colsample_bytree"": 0.700239597574104, ""learning_rate"": 0.05170978928730366, ""max_depth"": 3, ""min_child_weight"": 3, ""reg_lambda"": 11.030856972075563, ""subsample"": 0.6513278045934275}"
1,4,47,1,0.9632899,0.9335880749280927,0.0334149667766556,"{""colsample_bytree"": 0.700239597574104, ""learning_rate"": 0.05170978928730366, ""max_depth"": 3, ""min_child_weight"": 3, ""reg_lambda"": 11.030856972075563, ""subsample"": 0.6513278045934275}"
1,4,53,1,0.5544761,0.46969787793559004,0.17131028948626503,"{""colsample_bytree"": 0.700239597574104, ""learning_rate"": 0.05170978928730366, ""max_depth"": 3, ""min_child_weight"": 3, ""reg_lambda"": 11.030856972075563, ""subsample"": 0.6513278045934275}"
1,4,64,0,0.25967535,0.21379931912457312,0.0913320768986234,"{""colsample_bytree"": 0.700239597574104, ""learning_rate"": 0.05170978928730366, ""max_depth"": 3, ""min_child_weight"": 3, ""reg_lambda"": 11.030856972075563, ""subsample"": 0.6513278045934275}"
1,4,67,0,0.8486909,0.870986434284724,0.08621313328065994,"{""colsample_bytree"": 0.700239597574104, ""learning_rate"": 0.05170978928730366, ""max_depth"": 3, ""min_child_weight"": 3, ""reg_lambda"": 11.030856972075563, ""subsample"": 0.6513278045934275}"
1,4,69,1,0.9066667,0.9197643192479997,0.03859438601437444,"{""colsample_bytree"": 0.700239597574104, ""learning_rate"": 0.05170978928730366, ""max_depth"": 3, ""min_child_weight"": 3, ""reg_lambda"": 11.030856972075563, ""subsample"": 0.6513278045934275}"
1,4,75,1,0.63915026,0.7110487406395994,0.15759304784171388,"{""colsample_bytree"": 0.700239597574104, ""learning_rate"": 0.05170978928730366, ""max_depth"": 3, ""min_child_weight"": 3, ""reg_lambda"": 11.030856972075563, ""subsample"": 0.6513278045934275}"
1,4,76,1,0.96791625,0.9346818773588152,0.03135801448165016,"{""colsample_bytree"": 0.700239597574104, ""learning_rate"": 0.05170978928730366, ""max_depth"": 3, ""min_child_weight"": 3, ""reg_lambda"": 11.030856972075563, ""subsample"": 0.6513278045934275}"
1,4,80,1,0.96016824,0.9294871561396516,0.029019347092978813,"{""colsample_bytree"": 0.700239597574104, ""learning_rate"": 0.05170978928730366, ""max_depth"": 3, ""min_child_weight"": 3, ""reg_lambda"": 11.030856972075563, ""subsample"": 0.6513278045934275}"
1,4,81,1,0.9659433,0.9339438176314652,0.03117780581805493,"{""colsample_bytree"": 0.700239597574104, ""learning_rate"": 0.05170978928730366, ""max_depth"": 3, ""min_child_weight"": 3, ""reg_lambda"": 11.030856972075563, ""subsample"": 0.6513278045934275}"
1,4,84,1,0.942207,0.9291434718271431,0.03226473410942379,"{""colsample_bytree"": 0.700239597574104, ""learning_rate"": 0.05170978928730366, ""max_depth"": 3, ""min_child_weight"": 3, ""reg_lambda"": 11.030856972075563, ""subsample"": 0.6513278045934275}"
1,4,96,1,0.9426715,0.926907579820965,0.032149012542722545,"{""colsample_bytree"": 0.700239597574104, ""learning_rate"": 0.05170978928730366, ""max_depth"": 3, ""min_child_weight"": 3, ""reg_lambda"": 11.030856972075563, ""subsample"": 0.6513278045934275}"
1,4,100,1,0.9092721,0.8941063410698847,0.042310932697032906,"{""colsample_bytree"": 0.700239597574104, ""learning_rate"": 0.05170978928730366, ""max_depth"": 3, ""min_child_weight"": 3, ""reg_lambda"": 11.030856972075563, ""subsample"": 0.6513278045934275}"
1,4,102,0,0.16397862,0.1498116745338085,0.061809645449629684,"{""colsample_bytree"": 0.700239597574104, ""learning_rate"": 0.05170978928730366, ""max_depth"": 3, ""min_child_weight"": 3, ""reg_lambda"": 11.030856972075563, ""subsample"": 0.6513278045934275}"
1,4,104,1,0.73737097,0.8175069998929679,0.08445574353737877,"{""colsample_bytree"": 0.700239597574104, ""learning_rate"": 0.05170978928730366, ""max_depth"": 3, ""min_child_weight"": 3, ""reg_lambda"": 11.030856972075563, ""subsample"": 0.6513278045934275}"
1,4,108,0,0.17842644,0.1470178247333593,0.05332843729527753,"{""colsample_bytree"": 0.700239597574104, ""learning_rate"": 0.05170978928730366, ""max_depth"": 3, ""min_child_weight"": 3, ""reg_lambda"": 11.030856972075563, ""subsample"": 0.6513278045934275}"
1,4,113,0,0.10701688,0.10130821871140425,0.039548737508958896,"{""colsample_bytree"": 0.700239597574104, ""learning_rate"": 0.05170978928730366, ""max_depth"": 3, ""min_child_weight"": 3, ""reg_lambda"": 11.030856972075563, ""subsample"": 0.6513278045934275}"
1,4,115,1,0.9402594,0.9192251775167961,0.035674342556988856,"{""colsample_bytree"": 0.700239597574104, ""learning_rate"": 0.05170978928730366, ""max_depth"": 3, ""min_child_weight"": 3, ""reg_lambda"": 11.030856972075563, ""subsample"": 0.6513278045934275}"
1,4,124,1,0.5236632,0.4689046914432019,0.10509286298410415,"{""colsample_bytree"": 0.700239597574104, ""learning_rate"": 0.05170978928730366, ""max_depth"": 3, ""min_child_weight"": 3, ""reg_lambda"": 11.030856972075563, ""subsample"": 0.6513278045934275}"
1,4,129,0,0.20713654,0.18872743056041946,0.05076554598593555,"{""colsample_bytree"": 0.700239597574104, ""learning_rate"": 0.05170978928730366, ""max_depth"": 3, ""min_child_weight"": 3, ""reg_lambda"": 11.030856972075563, ""subsample"": 0.6513278045934275}"
1,4,139,1,0.9429162,0.9271498450627214,0.03435048452865129,"{""colsample_bytree"": 0.700239597574104, ""learning_rate"": 0.05170978928730366, ""max_depth"": 3, ""min_child_weight"": 3, ""reg_lambda"": 11.030856972075563, ""subsample"": 0.6513278045934275}"
1,4,140,1,0.89505476,0.880298642608396,0.058283444155146115,"{""colsample_bytree"": 0.700239597574104, ""learning_rate"": 0.05170978928730366, ""max_depth"": 3, ""min_child_weight"": 3, ""reg_lambda"": 11.030856972075563, ""subsample"": 0.6513278045934275}"
1,4,145,1,0.8799403,0.8659943041609853,0.06298056268925652,"{""colsample_bytree"": 0.700239597574104, ""learning_rate"": 0.05170978928730366, ""max_depth"": 3, ""min_child_weight"": 3, ""reg_lambda"": 11.030856972075563, ""subsample"": 0.6513278045934275}"
1,4,152,1,0.79220843,0.8369857009238153,0.04563077050297135,"{""colsample_bytree"": 0.700239597574104, ""learning_rate"": 0.05170978928730366, ""max_depth"": 3, ""min_child_weight"": 3, ""reg_lambda"": 11.030856972075563, ""subsample"": 0.6513278045934275}"
1,4,160,1,0.8747749,0.8983123956329445,0.04017716221369838,"{""colsample_bytree"": 0.700239597574104, ""learning_rate"": 0.05170978928730366, ""max_depth"": 3, ""min_child_weight"": 3, ""reg_lambda"": 11.030856972075563, ""subsample"": 0.6513278045934275}"
1,4,167,1,0.93773305,0.9263640152564043,0.03526864379180298,"{""colsample_bytree"": 0.700239597574104, ""learning_rate"": 0.05170978928730366, ""max_depth"": 3, ""min_child_weight"": 3, ""reg_lambda"": 11.030856972075563, ""subsample"": 0.6513278045934275}"
1,4,180,1,0.35489902,0.37685447277343675,0.15617571288382462,"{""colsample_bytree"": 0.700239597574104, ""learning_rate"": 0.05170978928730366, ""max_depth"": 3, ""min_child_weight"": 3, ""reg_lambda"": 11.030856972075563, ""subsample"": 0.6513278045934275}"
1,4,183,0,0.8698266,0.9061848258052226,0.03950617005649355,"{""colsample_bytree"": 0.700239597574104, ""learning_rate"": 0.05170978928730366, ""max_depth"": 3, ""min_child_weight"": 3, ""reg_lambda"": 11.030856972075563, ""subsample"": 0.6513278045934275}"
1,4,197,1,0.9203501,0.8938953690469728,0.031102260081617476,"{""colsample_bytree"": 0.700239597574104, ""learning_rate"": 0.05170978928730366, ""max_depth"": 3, ""min_child_weight"": 3, ""reg_lambda"": 11.030856972075563, ""subsample"": 0.6513278045934275}"
1,4,203,0,0.5327159,0.46331774706681655,0.062329074862208254,"{""colsample_bytree"": 0.700239597574104, ""learning_rate"": 0.05170978928730366, ""max_depth"": 3, ""min_child_weight"": 3, ""reg_lambda"": 11.030856972075563, ""subsample"": 0.6513278045934275}"
1,4,207,1,0.91411823,0.9000247423087506,0.02673939402368221,"{""colsample_bytree"": 0.700239597574104, ""learning_rate"": 0.05170978928730366, ""max_depth"": 3, ""min_child_weight"": 3, ""reg_lambda"": 11.030856972075563, ""subsample"": 0.6513278045934275}"
1,4,216,0,0.53907466,0.6713872410785962,0.05738292127287789,"{""colsample_bytree"": 0.700239597574104, ""learning_rate"": 0.05170978928730366, ""max_depth"": 3, ""min_child_weight"": 3, ""reg_lambda"": 11.030856972075563, ""subsample"": 0.6513278045934275}"
1,4,222,1,0.9376622,0.9047829397502987,0.03213121118921928,"{""colsample_bytree"": 0.700239597574104, ""learning_rate"": 0.05170978928730366, ""max_depth"": 3, ""min_child_weight"": 3, ""reg_lambda"": 11.030856972075563, ""subsample"": 0.6513278045934275}"
1,4,224,1,0.96952516,0.9328397400308676,0.029118125337253168,"{""colsample_bytree"": 0.700239597574104, ""learning_rate"": 0.05170978928730366, ""max_depth"": 3, ""min_child_weight"": 3, ""reg_lambda"": 11.030856972075563, ""subsample"": 0.6513278045934275}"
1,4,236,1,0.6436461,0.6248482371976689,0.10656932369539601,"{""colsample_bytree"": 0.700239597574104, ""learning_rate"": 0.05170978928730366, ""max_depth"": 3, ""min_child_weight"": 3, ""reg_lambda"": 11.030856972075563, ""subsample"": 0.6513278045934275}"
1,4,238,1,0.23566331,0.2019687089858231,0.058209053466537646,"{""colsample_bytree"": 0.700239597574104, ""learning_rate"": 0.05170978928730366, ""max_depth"": 3, ""min_child_weight"": 3, ""reg_lambda"": 11.030856972075563, ""subsample"": 0.6513278045934275}"
1,4,248,1,0.98241603,0.9405837934602547,0.028906243087424496,"{""colsample_bytree"": 0.700239597574104, ""learning_rate"": 0.05170978928730366, ""max_depth"": 3, ""min_child_weight"": 3, ""reg_lambda"": 11.030856972075563, ""subsample"": 0.6513278045934275}"
1,4,252,1,0.91102916,0.9090631535708779,0.05084963117172232,"{""colsample_bytree"": 0.700239597574104, ""learning_rate"": 0.05170978928730366, ""max_depth"": 3, ""min_child_weight"": 3, ""reg_lambda"": 11.030856972075563, ""subsample"": 0.6513278045934275}"
1,4,256,0,0.37175077,0.35451919565436985,0.07829654220828605,"{""colsample_bytree"": 0.700239597574104, ""learning_rate"": 0.05170978928730366, ""max_depth"": 3, ""min_child_weight"": 3, ""reg_lambda"": 11.030856972075563, ""subsample"": 0.6513278045934275}"
1,4,257,0,0.20697212,0.20615963959531453,0.04553512578723089,"{""colsample_bytree"": 0.700239597574104, ""learning_rate"": 0.05170978928730366, ""max_depth"": 3, ""min_child_weight"": 3, ""reg_lambda"": 11.030856972075563, ""subsample"": 0.6513278045934275}"
1,4,263,0,0.058984607,0.07249068738991328,0.01868305856971431,"{""colsample_bytree"": 0.700239597574104, ""learning_rate"": 0.05170978928730366, ""max_depth"": 3, ""min_child_weight"": 3, ""reg_lambda"": 11.030856972075563, ""subsample"": 0.6513278045934275}"
1,4,266,1,0.8210622,0.8645614117043612,0.06514599980562097,"{""colsample_bytree"": 0.700239597574104, ""learning_rate"": 0.05170978928730366, ""max_depth"": 3, ""min_child_weight"": 3, ""reg_lambda"": 11.030856972075563, ""subsample"": 0.6513278045934275}"
1,4,267,1,0.9042128,0.91465160500154,0.04175423847964122,"{""colsample_bytree"": 0.700239597574104, ""learning_rate"": 0.05170978928730366, ""max_depth"": 3, ""min_child_weight"": 3, ""reg_lambda"": 11.030856972075563, ""subsample"": 0.6513278045934275}"
1,4,277,1,0.96483177,0.9342561731272591,0.029070081624124895,"{""colsample_bytree"": 0.700239597574104, ""learning_rate"": 0.05170978928730366, ""max_depth"": 3, ""min_child_weight"": 3, ""reg_lambda"": 11.030856972075563, ""subsample"": 0.6513278045934275}"
1,4,281,1,0.82273537,0.826865336806968,0.06342084246283924,"{""colsample_bytree"": 0.700239597574104, ""learning_rate"": 0.05170978928730366, ""max_depth"": 3, ""min_child_weight"": 3, ""reg_lambda"": 11.030856972075563, ""subsample"": 0.6513278045934275}"
1,4,284,0,0.91031855,0.9109109571458964,0.03589052141315129,"{""colsample_bytree"": 0.700239597574104, ""learning_rate"": 0.05170978928730366, ""max_depth"": 3, ""min_child_weight"": 3, ""reg_lambda"": 11.030856972075563, ""subsample"": 0.6513278045934275}"
1,4,285,0,0.31879383,0.31318916336908337,0.09012980438739362,"{""colsample_bytree"": 0.700239597574104, ""learning_rate"": 0.05170978928730366, ""max_depth"": 3, ""min_child_weight"": 3, ""reg_lambda"": 11.030856972075563, ""subsample"": 0.6513278045934275}"
1,4,290,0,0.12962857,0.13142660973272546,0.04334843418205691,"{""colsample_bytree"": 0.700239597574104, ""learning_rate"": 0.05170978928730366, ""max_depth"": 3, ""min_child_weight"": 3, ""reg_lambda"": 11.030856972075563, ""subsample"": 0.6513278045934275}"
1,4,292,0,0.6328801,0.6101707420124237,0.11980179325562547,"{""colsample_bytree"": 0.700239597574104, ""learning_rate"": 0.05170978928730366, ""max_depth"": 3, ""min_child_weight"": 3, ""reg_lambda"": 11.030856972075563, ""subsample"": 0.6513278045934275}"
1,4,297,0,0.34390464,0.2437130772577118,0.05830189446660764,"{""colsample_bytree"": 0.700239597574104, ""learning_rate"": 0.05170978928730366, ""max_depth"": 3, ""min_child_weight"": 3, ""reg_lambda"": 11.030856972075563, ""subsample"": 0.6513278045934275}"
2,0,14,1,0.5744823,0.5561523856262911,0.18766101875414254,"{""colsample_bytree"": 0.4030097279432449, ""learning_rate"": 0.027847910823752778, ""max_depth"": 4, ""min_child_weight"": 2, ""reg_lambda"": 0.5458789104573885, ""subsample"": 0.8760105394320372}"
2,0,15,1,0.94193476,0.9162400716901138,0.02507883985400918,"{""colsample_bytree"": 0.4030097279432449, ""learning_rate"": 0.027847910823752778, ""max_depth"": 4, ""min_child_weight"": 2, ""reg_lambda"": 0.5458789104573885, ""subsample"": 0.8760105394320372}"
2,0,19,1,0.9864633,0.9333931692008974,0.019431876218643996,"{""colsample_bytree"": 0.4030097279432449, ""learning_rate"": 0.027847910823752778, ""max_depth"": 4, ""min_child_weight"": 2, ""reg_lambda"": 0.5458789104573885, ""subsample"": 0.8760105394320372}"
2,0,21,1,0.9451912,0.919672741023075,0.02127506496272738,"{""colsample_bytree"": 0.4030097279432449, ""learning_rate"": 0.027847910823752778, ""max_depth"": 4, ""min_child_weight"": 2, ""reg_lambda"": 0.5458789104573885, ""subsample"": 0.8760105394320372}"
2,0,23,1,0.9863755,0.934640181999869,0.018659724175414394,"{""colsample_bytree"": 0.4030097279432449, ""learning_rate"": 0.027847910823752778, ""max_depth"": 4, ""min_child_weight"": 2, ""reg_lambda"": 0.5458789104573885, ""subsample"": 0.8760105394320372}"
2,0,24,1,0.95780635,0.9232524914143017,0.021285804943749428,"{""colsample_bytree"": 0.4030097279432449, ""learning_rate"": 0.027847910823752778, ""max_depth"": 4, ""min_child_weight"": 2, ""reg_lambda"": 0.5458789104573885, ""subsample"": 0.8760105394320372}"
2,0,30,1,0.9690092,0.9284693752534251,0.01962688914084548,"{""colsample_bytree"": 0.4030097279432449, ""learning_rate"": 0.027847910823752778, ""max_depth"": 4, ""min_child_weight"": 2, ""reg_lambda"": 0.5458789104573885, ""subsample"": 0.8760105394320372}"
2,0,31,1,0.9332383,0.9184413338602297,0.022720861656676427,"{""colsample_bytree"": 0.4030097279432449, ""learning_rate"": 0.027847910823752778, ""max_depth"": 4, ""min_child_weight"": 2, ""reg_lambda"": 0.5458789104573885, ""subsample"": 0.8760105394320372}"
2,0,37,1,0.69370466,0.6105901679920805,0.13919331055564238,"{""colsample_bytree"": 0.4030097279432449, ""learning_rate"": 0.027847910823752778, ""max_depth"": 4, ""min_child_weight"": 2, ""reg_lambda"": 0.5458789104573885, ""subsample"": 0.8760105394320372}"
2,0,40,1,0.96437156,0.926683549178372,0.01856156874238148,"{""colsample_bytree"": 0.4030097279432449, ""learning_rate"": 0.027847910823752778, ""max_depth"": 4, ""min_child_weight"": 2, ""reg_lambda"": 0.5458789104573885, ""subsample"": 0.8760105394320372}"
2,0,44,1,0.8146723,0.8306665736270874,0.04339503671715237,"{""colsample_bytree"": 0.4030097279432449, ""learning_rate"": 0.027847910823752778, ""max_depth"": 4, ""min_child_weight"": 2, ""reg_lambda"": 0.5458789104573885, ""subsample"": 0.8760105394320372}"
2,0,48,0,0.12529898,0.1281673839156024,0.027725588322429797,"{""colsample_bytree"": 0.4030097279432449, ""learning_rate"": 0.027847910823752778, ""max_depth"": 4, ""min_child_weight"": 2, ""reg_lambda"": 0.5458789104573885, ""subsample"": 0.8760105394320372}"
2,0,57,1,0.98250854,0.9326160806796511,0.01961046489176283,"{""colsample_bytree"": 0.4030097279432449, ""learning_rate"": 0.027847910823752778, ""max_depth"": 4, ""min_child_weight"": 2, ""reg_lambda"": 0.5458789104573885, ""subsample"": 0.8760105394320372}"
2,0,60,0,0.10417648,0.1424729840626253,0.05592216352707395,"{""colsample_bytree"": 0.4030097279432449, ""learning_rate"": 0.027847910823752778, ""max_depth"": 4, ""min_child_weight"": 2, ""reg_lambda"": 0.5458789104573885, ""subsample"": 0.8760105394320372}"
2,0,61,1,0.73552144,0.7695461551083655,0.04714488216987751,"{""colsample_bytree"": 0.4030097279432449, ""learning_rate"": 0.027847910823752778, ""max_depth"": 4, ""min_child_weight"": 2, ""reg_lambda"": 0.5458789104573885, ""subsample"": 0.8760105394320372}"
2,0,64,0,0.26856828,0.32027697692722246,0.12946128751715721,"{""colsample_bytree"": 0.4030097279432449, ""learning_rate"": 0.027847910823752778, ""max_depth"": 4, ""min_child_weight"": 2, ""reg_lambda"": 0.5458789104573885, ""subsample"": 0.8760105394320372}"
2,0,66,1,0.97158945,0.923135651561369,0.02393944622727049,"{""colsample_bytree"": 0.4030097279432449, ""learning_rate"": 0.027847910823752778, ""max_depth"": 4, ""min_child_weight"": 2, ""reg_lambda"": 0.5458789104573885, ""subsample"": 0.8760105394320372}"
2,0,91,0,0.33800036,0.3025114808571633,0.10773981728114623,"{""colsample_bytree"": 0.4030097279432449, ""learning_rate"": 0.027847910823752778, ""max_depth"": 4, ""min_child_weight"": 2, ""reg_lambda"": 0.5458789104573885, ""subsample"": 0.8760105394320372}"
2,0,92,1,0.9704927,0.9256342305618552,0.0213330322826309,"{""colsample_bytree"": 0.4030097279432449, ""learning_rate"": 0.027847910823752778, ""max_depth"": 4, ""min_child_weight"": 2, ""reg_lambda"": 0.5458789104573885, ""subsample"": 0.8760105394320372}"
2,0,94,1,0.97939324,0.9315560338874747,0.019719556048747786,"{""colsample_bytree"": 0.4030097279432449, ""learning_rate"": 0.027847910823752778, ""max_depth"": 4, ""min_child_weight"": 2, ""reg_lambda"": 0.5458789104573885, ""subsample"": 0.8760105394320372}"
2,0,97,1,0.93601257,0.9143991362769958,0.02445187691390156,"{""colsample_bytree"": 0.4030097279432449, ""learning_rate"": 0.027847910823752778, ""max_depth"": 4, ""min_child_weight"": 2, ""reg_lambda"": 0.5458789104573885, ""subsample"": 0.8760105394320372}"
2,0,106,1,0.9680171,0.9242402731374251,0.021113674406990655,"{""colsample_bytree"": 0.4030097279432449, ""learning_rate"": 0.027847910823752778, ""max_depth"": 4, ""min_child_weight"": 2, ""reg_lambda"": 0.5458789104573885, ""subsample"": 0.8760105394320372}"
2,0,108,0,0.26439822,0.2616030301317217,0.14092819145821342,"{""colsample_bytree"": 0.4030097279432449, ""learning_rate"": 0.027847910823752778, ""max_depth"": 4, ""min_child_weight"": 2, ""reg_lambda"": 0.5458789104573885, ""subsample"": 0.8760105394320372}"
2,0,111,1,0.9217728,0.9097640104374058,0.014764030900261823,"{""colsample_bytree"": 0.4030097279432449, ""learning_rate"": 0.027847910823752778, ""max_depth"": 4, ""min_child_weight"": 2, ""reg_lambda"": 0.5458789104573885, ""subsample"": 0.8760105394320372}"
2,0,114,1,0.9870661,0.9345755673942759,0.01841709033066334,"{""colsample_bytree"": 0.4030097279432449, ""learning_rate"": 0.027847910823752778, ""max_depth"": 4, ""min_child_weight"": 2, ""reg_lambda"": 0.5458789104573885, ""subsample"": 0.8760105394320372}"
2,0,122,1,0.9770712,0.9285311084124512,0.019748440448047407,"{""colsample_bytree"": 0.4030097279432449, ""learning_rate"": 0.027847910823752778, ""max_depth"": 4, ""min_child_weight"": 2, ""reg_lambda"": 0.5458789104573885, ""subsample"": 0.8760105394320372}"
2,0,124,1,0.78688604,0.8332659857838722,0.057849808519546866,"{""colsample_bytree"": 0.4030097279432449, ""learning_rate"": 0.027847910823752778, ""max_depth"": 4, ""min_child_weight"": 2, ""reg_lambda"": 0.5458789104573885, ""subsample"": 0.8760105394320372}"
2,0,129,0,0.13194194,0.20122977736345365,0.16619422727605596,"{""colsample_bytree"": 0.4030097279432449, ""learning_rate"": 0.027847910823752778, ""max_depth"": 4, ""min_child_weight"": 2, ""reg_lambda"": 0.5458789104573885, ""subsample"": 0.8760105394320372}"
2,0,135,1,0.80440944,0.8551122993197374,0.031741597515303546,"{""colsample_bytree"": 0.4030097279432449, ""learning_rate"": 0.027847910823752778, ""max_depth"": 4, ""min_child_weight"": 2, ""reg_lambda"": 0.5458789104573885, ""subsample"": 0.8760105394320372}"
2,0,142,1,0.40740103,0.4138843716718862,0.15132323484611473,"{""colsample_bytree"": 0.4030097279432449, ""learning_rate"": 0.027847910823752778, ""max_depth"": 4, ""min_child_weight"": 2, ""reg_lambda"": 0.5458789104573885, ""subsample"": 0.8760105394320372}"
2,0,145,1,0.93484706,0.9137517611107857,0.023570054867692362,"{""colsample_bytree"": 0.4030097279432449, ""learning_rate"": 0.027847910823752778, ""max_depth"": 4, ""min_child_weight"": 2, ""reg_lambda"": 0.5458789104573885, ""subsample"": 0.8760105394320372}"
2,0,149,1,0.95183206,0.9203920518171976,0.021891234188314318,"{""colsample_bytree"": 0.4030097279432449, ""learning_rate"": 0.027847910823752778, ""max_depth"": 4, ""min_child_weight"": 2, ""reg_lambda"": 0.5458789104573885, ""subsample"": 0.8760105394320372}"
2,0,155,1,0.9639717,0.9262814642379824,0.022080880989793526,"{""colsample_bytree"": 0.4030097279432449, ""learning_rate"": 0.027847910823752778, ""max_depth"": 4, ""min_child_weight"": 2, ""reg_lambda"": 0.5458789104573885, ""subsample"": 0.8760105394320372}"
2,0,158,1,0.45959973,0.4420660650698768,0.09466446007508764,"{""colsample_bytree"": 0.4030097279432449, ""learning_rate"": 0.027847910823752778, ""max_depth"": 4, ""min_child_weight"": 2, ""reg_lambda"": 0.5458789104573885, ""subsample"": 0.8760105394320372}"
2,0,160,1,0.9049829,0.907194863145351,0.020369489322119513,"{""colsample_bytree"": 0.4030097279432449, ""learning_rate"": 0.027847910823752778, ""max_depth"": 4, ""min_child_weight"": 2, ""reg_lambda"": 0.5458789104573885, ""subsample"": 0.8760105394320372}"
2,0,162,1,0.9495969,0.9178073460847601,0.02056439696800494,"{""colsample_bytree"": 0.4030097279432449, ""learning_rate"": 0.027847910823752778, ""max_depth"": 4, ""min_child_weight"": 2, ""reg_lambda"": 0.5458789104573885, ""subsample"": 0.8760105394320372}"
2,0,166,0,0.40514985,0.3358023612989347,0.07880746382010621,"{""colsample_bytree"": 0.4030097279432449, ""learning_rate"": 0.027847910823752778, ""max_depth"": 4, ""min_child_weight"": 2, ""reg_lambda"": 0.5458789104573885, ""subsample"": 0.8760105394320372}"
2,0,171,1,0.95888567,0.9247467441060369,0.021631177145088346,"{""colsample_bytree"": 0.4030097279432449, ""learning_rate"": 0.027847910823752778, ""max_depth"": 4, ""min_child_weight"": 2, ""reg_lambda"": 0.5458789104573885, ""subsample"": 0.8760105394320372}"
2,0,173,1,0.97761476,0.9311403205451712,0.018697732710552376,"{""colsample_bytree"": 0.4030097279432449, ""learning_rate"": 0.027847910823752778, ""max_depth"": 4, ""min_child_weight"": 2, ""reg_lambda"": 0.5458789104573885, ""subsample"": 0.8760105394320372}"
2,0,176,1,0.51178104,0.4885430646003221,0.030011473078561588,"{""colsample_bytree"": 0.4030097279432449, ""learning_rate"": 0.027847910823752778, ""max_depth"": 4, ""min_child_weight"": 2, ""reg_lambda"": 0.5458789104573885, ""subsample"": 0.8760105394320372}"
2,0,184,1,0.86456573,0.8773566656271499,0.02142969394829506,"{""colsample_bytree"": 0.4030097279432449, ""learning_rate"": 0.027847910823752778, ""max_depth"": 4, ""min_child_weight"": 2, ""reg_lambda"": 0.5458789104573885, ""subsample"": 0.8760105394320372}"
2,0,185,0,0.88152325,0.8460173898779377,0.06502954867112996,"{""colsample_bytree"": 0.4030097279432449, ""learning_rate"": 0.027847910823752778, ""max_depth"": 4, ""min_child_weight"": 2, ""reg_lambda"": 0.5458789104573885, ""subsample"": 0.8760105394320372}"
2,0,186,0,0.80914336,0.744386809400843,0.14878801574629263,"{""colsample_bytree"": 0.4030097279432449, ""learning_rate"": 0.027847910823752778, ""max_depth"": 4, ""min_child_weight"": 2, ""reg_lambda"": 0.5458789104573885, ""subsample"": 0.8760105394320372}"
2,0,189,1,0.93958074,0.9096594608392199,0.01978157374722094,"{""colsample_bytree"": 0.4030097279432449, ""learning_rate"": 0.027847910823752778, ""max_depth"": 4, ""min_child_weight"": 2, ""reg_lambda"": 0.5458789104573885, ""subsample"": 0.8760105394320372}"
2,0,193,0,0.56598026,0.5353460690709293,0.08562844993844734,"{""colsample_bytree"": 0.4030097279432449, ""learning_rate"": 0.027847910823752778, ""max_depth"": 4, ""min_child_weight"": 2, ""reg_lambda"": 0.5458789104573885, ""subsample"": 0.8760105394320372}"
2,0,195,1,0.9859357,0.9334529183277397,0.017856607642919495,"{""colsample_bytree"": 0.4030097279432449, ""learning_rate"": 0.027847910823752778, ""max_depth"": 4, ""min_child_weight"": 2, ""reg_lambda"": 0.5458789104573885, ""subsample"": 0.8760105394320372}"
2,0,198,1,0.9175153,0.9089577663748173,0.025729161630296423,"{""colsample_bytree"": 0.4030097279432449, ""learning_rate"": 0.027847910823752778, ""max_depth"": 4, ""min_child_weight"": 2, ""reg_lambda"": 0.5458789104573885, ""subsample"": 0.8760105394320372}"
2,0,204,0,0.46827987,0.40538982791462097,0.09546795484009767,"{""colsample_bytree"": 0.4030097279432449, ""learning_rate"": 0.027847910823752778, ""max_depth"": 4, ""min_child_weight"": 2, ""reg_lambda"": 0.5458789104573885, ""subsample"": 0.8760105394320372}"
2,0,209,1,0.96407175,0.9296459544441296,0.020359876802847385,"{""colsample_bytree"": 0.4030097279432449, ""learning_rate"": 0.027847910823752778, ""max_depth"": 4, ""min_child_weight"": 2, ""reg_lambda"": 0.5458789104573885, ""subsample"": 0.8760105394320372}"
2,0,213,0,0.9659511,0.9246921259776482,0.017199063998321797,"{""colsample_bytree"": 0.4030097279432449, ""learning_rate"": 0.027847910823752778, ""max_depth"": 4, ""min_child_weight"": 2, ""reg_lambda"": 0.5458789104573885, ""subsample"": 0.8760105394320372}"
2,0,218,0,0.20654365,0.25975850952056256,0.10478598615787899,"{""colsample_bytree"": 0.4030097279432449, ""learning_rate"": 0.027847910823752778, ""max_depth"": 4, ""min_child_weight"": 2, ""reg_lambda"": 0.5458789104573885, ""subsample"": 0.8760105394320372}"
2,0,220,1,0.8830523,0.889388724855101,0.02415387880867632,"{""colsample_bytree"": 0.4030097279432449, ""learning_rate"": 0.027847910823752778, ""max_depth"": 4, ""min_child_weight"": 2, ""reg_lambda"": 0.5458789104573885, ""subsample"": 0.8760105394320372}"
2,0,231,1,0.98691547,0.9341332541258449,0.01883293469539784,"{""colsample_bytree"": 0.4030097279432449, ""learning_rate"": 0.027847910823752778, ""max_depth"": 4, ""min_child_weight"": 2, ""reg_lambda"": 0.5458789104573885, ""subsample"": 0.8760105394320372}"
2,0,244,1,0.57679945,0.6406270721475014,0.07908277650570394,"{""colsample_bytree"": 0.4030097279432449, ""learning_rate"": 0.027847910823752778, ""max_depth"": 4, ""min_child_weight"": 2, ""reg_lambda"": 0.5458789104573885, ""subsample"": 0.8760105394320372}"
2,0,254,0,0.72072256,0.7639917350215674,0.04673922737582726,"{""colsample_bytree"": 0.4030097279432449, ""learning_rate"": 0.027847910823752778, ""max_depth"": 4, ""min_child_weight"": 2, ""reg_lambda"": 0.5458789104573885, ""subsample"": 0.8760105394320372}"
2,0,265,1,0.9502786,0.9162314519345939,0.02513123211044663,"{""colsample_bytree"": 0.4030097279432449, ""learning_rate"": 0.027847910823752778, ""max_depth"": 4, ""min_child_weight"": 2, ""reg_lambda"": 0.5458789104573885, ""subsample"": 0.8760105394320372}"
2,0,278,1,0.9486094,0.9272412359463742,0.019323686915226197,"{""colsample_bytree"": 0.4030097279432449, ""learning_rate"": 0.027847910823752778, ""max_depth"": 4, ""min_child_weight"": 2, ""reg_lambda"": 0.5458789104573885, ""subsample"": 0.8760105394320372}"
2,0,282,1,0.923951,0.9105104685875751,0.02824868204539092,"{""colsample_bytree"": 0.4030097279432449, ""learning_rate"": 0.027847910823752778, ""max_depth"": 4, ""min_child_weight"": 2, ""reg_lambda"": 0.5458789104573885, ""subsample"": 0.8760105394320372}"
2,0,284,0,0.9157706,0.9044199787938269,0.016558913700843766,"{""colsample_bytree"": 0.4030097279432449, ""learning_rate"": 0.027847910823752778, ""max_depth"": 4, ""min_child_weight"": 2, ""reg_lambda"": 0.5458789104573885, ""subsample"": 0.8760105394320372}"
2,0,286,0,0.35493976,0.3284032523290766,0.12345350432738825,"{""colsample_bytree"": 0.4030097279432449, ""learning_rate"": 0.027847910823752778, ""max_depth"": 4, ""min_child_weight"": 2, ""reg_lambda"": 0.5458789104573885, ""subsample"": 0.8760105394320372}"
2,0,293,0,0.40801758,0.3969519875196519,0.15804464044611363,"{""colsample_bytree"": 0.4030097279432449, ""learning_rate"": 0.027847910823752778, ""max_depth"": 4, ""min_child_weight"": 2, ""reg_lambda"": 0.5458789104573885, ""subsample"": 0.8760105394320372}"
2,1,4,0,0.5140433,0.5057855059571,0.13554443146050404,"{""colsample_bytree"": 0.5557038697321103, ""learning_rate"": 0.017093200234878557, ""max_depth"": 3, ""min_child_weight"": 2, ""reg_lambda"": 2.664933741568674, ""subsample"": 0.8253965167436094}"
2,1,12,1,0.8964684,0.9156558832128656,0.04656906780783564,"{""colsample_bytree"": 0.5557038697321103, ""learning_rate"": 0.017093200234878557, ""max_depth"": 3, ""min_child_weight"": 2, ""reg_lambda"": 2.664933741568674, ""subsample"": 0.8253965167436094}"
2,1,13,1,0.79249126,0.840434410756871,0.08814271585923528,"{""colsample_bytree"": 0.5557038697321103, ""learning_rate"": 0.017093200234878557, ""max_depth"": 3, ""min_child_weight"": 2, ""reg_lambda"": 2.664933741568674, ""subsample"": 0.8253965167436094}"
2,1,27,1,0.33535454,0.22780780981813412,0.10300048764162435,"{""colsample_bytree"": 0.5557038697321103, ""learning_rate"": 0.017093200234878557, ""max_depth"": 3, ""min_child_weight"": 2, ""reg_lambda"": 2.664933741568674, ""subsample"": 0.8253965167436094}"
2,1,28,1,0.9467679,0.9424293316145942,0.037886130644646125,"{""colsample_bytree"": 0.5557038697321103, ""learning_rate"": 0.017093200234878557, ""max_depth"": 3, ""min_child_weight"": 2, ""reg_lambda"": 2.664933741568674, ""subsample"": 0.8253965167436094}"
2,1,36,1,0.87865096,0.9223567037389173,0.05181091139264396,"{""colsample_bytree"": 0.5557038697321103, ""learning_rate"": 0.017093200234878557, ""max_depth"": 3, ""min_child_weight"": 2, ""reg_lambda"": 2.664933741568674, ""subsample"": 0.8253965167436094}"
2,1,47,1,0.9418934,0.9389010454335226,0.03633956467774733,"{""colsample_bytree"": 0.5557038697321103, ""learning_rate"": 0.017093200234878557, ""max_depth"": 3, ""min_child_weight"": 2, ""reg_lambda"": 2.664933741568674, ""subsample"": 0.8253965167436094}"
2,1,50,1,0.6677771,0.7580558105641707,0.054792033174567434,"{""colsample_bytree"": 0.5557038697321103, ""learning_rate"": 0.017093200234878557, ""max_depth"": 3, ""min_child_weight"": 2, ""reg_lambda"": 2.664933741568674, ""subsample"": 0.8253965167436094}"
2,1,58,1,0.24630281,0.14037913542127212,0.04806746101463081,"{""colsample_bytree"": 0.5557038697321103, ""learning_rate"": 0.017093200234878557, ""max_depth"": 3, ""min_child_weight"": 2, ""reg_lambda"": 2.664933741568674, ""subsample"": 0.8253965167436094}"
2,1,72,1,0.8880566,0.9191101720014828,0.041977337961097656,"{""colsample_bytree"": 0.5557038697321103, ""learning_rate"": 0.017093200234878557, ""max_depth"": 3, ""min_child_weight"": 2, ""reg_lambda"": 2.664933741568674, ""subsample"": 0.8253965167436094}"
2,1,73,1,0.6909117,0.7645976336164857,0.14044601884948132,"{""colsample_bytree"": 0.5557038697321103, ""learning_rate"": 0.017093200234878557, ""max_depth"": 3, ""min_child_weight"": 2, ""reg_lambda"": 2.664933741568674, ""subsample"": 0.8253965167436094}"
2,1,74,1,0.9639224,0.9463079434443241,0.03498339870846196,"{""colsample_bytree"": 0.5557038697321103, ""learning_rate"": 0.017093200234878557, ""max_depth"": 3, ""min_child_weight"": 2, ""reg_lambda"": 2.664933741568674, ""subsample"": 0.8253965167436094}"
2,1,84,1,0.9139704,0.9325356536152007,0.04122328876909685,"{""colsample_bytree"": 0.5557038697321103, ""learning_rate"": 0.017093200234878557, ""max_depth"": 3, ""min_child_weight"": 2, ""reg_lambda"": 2.664933741568674, ""subsample"": 0.8253965167436094}"
2,1,87,1,0.89173263,0.9090364728943555,0.06415717301485674,"{""colsample_bytree"": 0.5557038697321103, ""learning_rate"": 0.017093200234878557, ""max_depth"": 3, ""min_child_weight"": 2, ""reg_lambda"": 2.664933741568674, ""subsample"": 0.8253965167436094}"
2,1,90,1,0.7150828,0.7183899738819756,0.18724734295960027,"{""colsample_bytree"": 0.5557038697321103, ""learning_rate"": 0.017093200234878557, ""max_depth"": 3, ""min_child_weight"": 2, ""reg_lambda"": 2.664933741568674, ""subsample"": 0.8253965167436094}"
2,1,96,1,0.9163303,0.9276208784893981,0.04160633652327496,"{""colsample_bytree"": 0.5557038697321103, ""learning_rate"": 0.017093200234878557, ""max_depth"": 3, ""min_child_weight"": 2, ""reg_lambda"": 2.664933741568674, ""subsample"": 0.8253965167436094}"
2,1,100,1,0.89526385,0.916405991707261,0.040687920913162375,"{""colsample_bytree"": 0.5557038697321103, ""learning_rate"": 0.017093200234878557, ""max_depth"": 3, ""min_child_weight"": 2, ""reg_lambda"": 2.664933741568674, ""subsample"": 0.8253965167436094}"
2,1,103,1,0.9420911,0.9387806209534639,0.04050410667592958,"{""colsample_bytree"": 0.5557038697321103, ""learning_rate"": 0.017093200234878557, ""max_depth"": 3, ""min_child_weight"": 2, ""reg_lambda"": 2.664933741568674, ""subsample"": 0.8253965167436094}"
2,1,104,1,0.79996544,0.8145860942062285,0.08785311172672723,"{""colsample_bytree"": 0.5557038697321103, ""learning_rate"": 0.017093200234878557, ""max_depth"": 3, ""min_child_weight"": 2, ""reg_lambda"": 2.664933741568674, ""subsample"": 0.8253965167436094}"
2,1,107,1,0.64139706,0.7087437643715744,0.08285469326461523,"{""colsample_bytree"": 0.5557038697321103, ""learning_rate"": 0.017093200234878557, ""max_depth"": 3, ""min_child_weight"": 2, ""reg_lambda"": 2.664933741568674, ""subsample"": 0.8253965167436094}"
2,1,113,0,0.13379955,0.05958183167213973,0.02958136382752222,"{""colsample_bytree"": 0.5557038697321103, ""learning_rate"": 0.017093200234878557, ""max_depth"": 3, ""min_child_weight"": 2, ""reg_lambda"": 2.664933741568674, ""subsample"": 0.8253965167436094}"
2,1,115,1,0.8962697,0.9094416683920199,0.052479640188200005,"{""colsample_bytree"": 0.5557038697321103, ""learning_rate"": 0.017093200234878557, ""max_depth"": 3, ""min_child_weight"": 2, ""reg_lambda"": 2.664933741568674, ""subsample"": 0.8253965167436094}"
2,1,119,1,0.82962686,0.8816078415210082,0.05491088702258932,"{""colsample_bytree"": 0.5557038697321103, ""learning_rate"": 0.017093200234878557, ""max_depth"": 3, ""min_child_weight"": 2, ""reg_lambda"": 2.664933741568674, ""subsample"": 0.8253965167436094}"
2,1,120,1,0.8871853,0.890693557163187,0.06201854167735597,"{""colsample_bytree"": 0.5557038697321103, ""learning_rate"": 0.017093200234878557, ""max_depth"": 3, ""min_child_weight"": 2, ""reg_lambda"": 2.664933741568674, ""subsample"": 0.8253965167436094}"
2,1,123,1,0.6032024,0.5345291299856717,0.16692214799802374,"{""colsample_bytree"": 0.5557038697321103, ""learning_rate"": 0.017093200234878557, ""max_depth"": 3, ""min_child_weight"": 2, ""reg_lambda"": 2.664933741568674, ""subsample"": 0.8253965167436094}"
2,1,130,0,0.538029,0.531530671572543,0.15061166892574326,"{""colsample_bytree"": 0.5557038697321103, ""learning_rate"": 0.017093200234878557, ""max_depth"": 3, ""min_child_weight"": 2, ""reg_lambda"": 2.664933741568674, ""subsample"": 0.8253965167436094}"
2,1,132,1,0.937256,0.9397962510090231,0.036590427605485275,"{""colsample_bytree"": 0.5557038697321103, ""learning_rate"": 0.017093200234878557, ""max_depth"": 3, ""min_child_weight"": 2, ""reg_lambda"": 2.664933741568674, ""subsample"": 0.8253965167436094}"
2,1,138,1,0.9039076,0.923776080139978,0.04019271864333394,"{""colsample_bytree"": 0.5557038697321103, ""learning_rate"": 0.017093200234878557, ""max_depth"": 3, ""min_child_weight"": 2, ""reg_lambda"": 2.664933741568674, ""subsample"": 0.8253965167436094}"
2,1,141,1,0.93663085,0.937968396229925,0.03962524136705479,"{""colsample_bytree"": 0.5557038697321103, ""learning_rate"": 0.017093200234878557, ""max_depth"": 3, ""min_child_weight"": 2, ""reg_lambda"": 2.664933741568674, ""subsample"": 0.8253965167436094}"
2,1,143,0,0.13239238,0.06110445398903125,0.028461528959776442,"{""colsample_bytree"": 0.5557038697321103, ""learning_rate"": 0.017093200234878557, ""max_depth"": 3, ""min_child_weight"": 2, ""reg_lambda"": 2.664933741568674, ""subsample"": 0.8253965167436094}"
2,1,144,1,0.90441847,0.9303720170701834,0.041422044598436236,"{""colsample_bytree"": 0.5557038697321103, ""learning_rate"": 0.017093200234878557, ""max_depth"": 3, ""min_child_weight"": 2, ""reg_lambda"": 2.664933741568674, ""subsample"": 0.8253965167436094}"
2,1,152,1,0.68622756,0.77300691664437,0.11199351738902445,"{""colsample_bytree"": 0.5557038697321103, ""learning_rate"": 0.017093200234878557, ""max_depth"": 3, ""min_child_weight"": 2, ""reg_lambda"": 2.664933741568674, ""subsample"": 0.8253965167436094}"
2,1,165,1,0.8635968,0.8739802086958024,0.07684558067888872,"{""colsample_bytree"": 0.5557038697321103, ""learning_rate"": 0.017093200234878557, ""max_depth"": 3, ""min_child_weight"": 2, ""reg_lambda"": 2.664933741568674, ""subsample"": 0.8253965167436094}"
2,1,169,0,0.36840025,0.2444484242531922,0.11222625157519409,"{""colsample_bytree"": 0.5557038697321103, ""learning_rate"": 0.017093200234878557, ""max_depth"": 3, ""min_child_weight"": 2, ""reg_lambda"": 2.664933741568674, ""subsample"": 0.8253965167436094}"
2,1,172,1,0.88539577,0.9180905051137103,0.040392022502838375,"{""colsample_bytree"": 0.5557038697321103, ""learning_rate"": 0.017093200234878557, ""max_depth"": 3, ""min_child_weight"": 2, ""reg_lambda"": 2.664933741568674, ""subsample"": 0.8253965167436094}"
2,1,177,1,0.9272055,0.9314739282604517,0.035978958502229576,"{""colsample_bytree"": 0.5557038697321103, ""learning_rate"": 0.017093200234878557, ""max_depth"": 3, ""min_child_weight"": 2, ""reg_lambda"": 2.664933741568674, ""subsample"": 0.8253965167436094}"
2,1,179,0,0.20658395,0.1360014284707327,0.05243028373305057,"{""colsample_bytree"": 0.5557038697321103, ""learning_rate"": 0.017093200234878557, ""max_depth"": 3, ""min_child_weight"": 2, ""reg_lambda"": 2.664933741568674, ""subsample"": 0.8253965167436094}"
2,1,191,1,0.9019818,0.926161849552973,0.04179558917872849,"{""colsample_bytree"": 0.5557038697321103, ""learning_rate"": 0.017093200234878557, ""max_depth"": 3, ""min_child_weight"": 2, ""reg_lambda"": 2.664933741568674, ""subsample"": 0.8253965167436094}"
2,1,194,0,0.33042213,0.2133732954960173,0.12549193922054733,"{""colsample_bytree"": 0.5557038697321103, ""learning_rate"": 0.017093200234878557, ""max_depth"": 3, ""min_child_weight"": 2, ""reg_lambda"": 2.664933741568674, ""subsample"": 0.8253965167436094}"
2,1,199,0,0.454422,0.4273130354714564,0.15713417721781978,"{""colsample_bytree"": 0.5557038697321103, ""learning_rate"": 0.017093200234878557, ""max_depth"": 3, ""min_child_weight"": 2, ""reg_lambda"": 2.664933741568674, ""subsample"": 0.8253965167436094}"
2,1,201,0,0.4514349,0.444648557296187,0.18130951481791746,"{""colsample_bytree"": 0.5557038697321103, ""learning_rate"": 0.017093200234878557, ""max_depth"": 3, ""min_child_weight"": 2, ""reg_lambda"": 2.664933741568674, ""subsample"": 0.8253965167436094}"
2,1,202,1,0.9276586,0.9318854204748245,0.03797217975537283,"{""colsample_bytree"": 0.5557038697321103, ""learning_rate"": 0.017093200234878557, ""max_depth"": 3, ""min_child_weight"": 2, ""reg_lambda"": 2.664933741568674, ""subsample"": 0.8253965167436094}"
2,1,211,1,0.72693795,0.7659464708262416,0.13303869414609001,"{""colsample_bytree"": 0.5557038697321103, ""learning_rate"": 0.017093200234878557, ""max_depth"": 3, ""min_child_weight"": 2, ""reg_lambda"": 2.664933741568674, ""subsample"": 0.8253965167436094}"
2,1,216,0,0.6002137,0.6511466182180948,0.118879455798354,"{""colsample_bytree"": 0.5557038697321103, ""learning_rate"": 0.017093200234878557, ""max_depth"": 3, ""min_child_weight"": 2, ""reg_lambda"": 2.664933741568674, ""subsample"": 0.8253965167436094}"
2,1,224,1,0.9586045,0.9445699290505576,0.03614484839292535,"{""colsample_bytree"": 0.5557038697321103, ""learning_rate"": 0.017093200234878557, ""max_depth"": 3, ""min_child_weight"": 2, ""reg_lambda"": 2.664933741568674, ""subsample"": 0.8253965167436094}"
2,1,226,1,0.924993,0.9348132566560073,0.04010284603802597,"{""colsample_bytree"": 0.5557038697321103, ""learning_rate"": 0.017093200234878557, ""max_depth"": 3, ""min_child_weight"": 2, ""reg_lambda"": 2.664933741568674, ""subsample"": 0.8253965167436094}"
2,1,239,1,0.9232184,0.9315167800762916,0.037740513128068476,"{""colsample_bytree"": 0.5557038697321103, ""learning_rate"": 0.017093200234878557, ""max_depth"": 3, ""min_child_weight"": 2, ""reg_lambda"": 2.664933741568674, ""subsample"": 0.8253965167436094}"
2,1,249,1,0.8762311,0.9126728555643601,0.038429544366634226,"{""colsample_bytree"": 0.5557038697321103, ""learning_rate"": 0.017093200234878557, ""max_depth"": 3, ""min_child_weight"": 2, ""reg_lambda"": 2.664933741568674, ""subsample"": 0.8253965167436094}"
2,1,251,1,0.4870034,0.47701295000310484,0.10348435335198759,"{""colsample_bytree"": 0.5557038697321103, ""learning_rate"": 0.017093200234878557, ""max_depth"": 3, ""min_child_weight"": 2, ""reg_lambda"": 2.664933741568674, ""subsample"": 0.8253965167436094}"
2,1,258,0,0.23310588,0.13439834840195278,0.06637472222645846,"{""colsample_bytree"": 0.5557038697321103, ""learning_rate"": 0.017093200234878557, ""max_depth"": 3, ""min_child_weight"": 2, ""reg_lambda"": 2.664933741568674, ""subsample"": 0.8253965167436094}"
2,1,264,0,0.34068656,0.17634194629136773,0.07460172700469506,"{""colsample_bytree"": 0.5557038697321103, ""learning_rate"": 0.017093200234878557, ""max_depth"": 3, ""min_child_weight"": 2, ""reg_lambda"": 2.664933741568674, ""subsample"": 0.8253965167436094}"
2,1,268,0,0.6093545,0.5921808612331202,0.19109314274711892,"{""colsample_bytree"": 0.5557038697321103, ""learning_rate"": 0.017093200234878557, ""max_depth"": 3, ""min_child_weight"": 2, ""reg_lambda"": 2.664933741568674, ""subsample"": 0.8253965167436094}"
2,1,276,0,0.43952823,0.29427293191864157,0.11679362391099417,"{""colsample_bytree"": 0.5557038697321103, ""learning_rate"": 0.017093200234878557, ""max_depth"": 3, ""min_child_weight"": 2, ""reg_lambda"": 2.664933741568674, ""subsample"": 0.8253965167436094}"
2,1,281,1,0.6363145,0.614040810718623,0.12853290920128874,"{""colsample_bytree"": 0.5557038697321103, ""learning_rate"": 0.017093200234878557, ""max_depth"": 3, ""min_child_weight"": 2, ""reg_lambda"": 2.664933741568674, ""subsample"": 0.8253965167436094}"
2,1,288,1,0.6611676,0.7023942495588826,0.10461522559620594,"{""colsample_bytree"": 0.5557038697321103, ""learning_rate"": 0.017093200234878557, ""max_depth"": 3, ""min_child_weight"": 2, ""reg_lambda"": 2.664933741568674, ""subsample"": 0.8253965167436094}"
2,1,290,0,0.1803092,0.0766133286565206,0.03130877998625428,"{""colsample_bytree"": 0.5557038697321103, ""learning_rate"": 0.017093200234878557, ""max_depth"": 3, ""min_child_weight"": 2, ""reg_lambda"": 2.664933741568674, ""subsample"": 0.8253965167436094}"
2,1,294,1,0.6521498,0.696005008727016,0.07175935751436954,"{""colsample_bytree"": 0.5557038697321103, ""learning_rate"": 0.017093200234878557, ""max_depth"": 3, ""min_child_weight"": 2, ""reg_lambda"": 2.664933741568674, ""subsample"": 0.8253965167436094}"
2,1,295,0,0.72854674,0.7548488579668526,0.08026598484988748,"{""colsample_bytree"": 0.5557038697321103, ""learning_rate"": 0.017093200234878557, ""max_depth"": 3, ""min_child_weight"": 2, ""reg_lambda"": 2.664933741568674, ""subsample"": 0.8253965167436094}"
2,1,296,0,0.48305875,0.3963131997876767,0.10467000318095432,"{""colsample_bytree"": 0.5557038697321103, ""learning_rate"": 0.017093200234878557, ""max_depth"": 3, ""min_child_weight"": 2, ""reg_lambda"": 2.664933741568674, ""subsample"": 0.8253965167436094}"
2,1,301,0,0.36026123,0.21376937120036937,0.10815528069953194,"{""colsample_bytree"": 0.5557038697321103, ""learning_rate"": 0.017093200234878557, ""max_depth"": 3, ""min_child_weight"": 2, ""reg_lambda"": 2.664933741568674, ""subsample"": 0.8253965167436094}"
2,1,302,1,0.7628449,0.8338450854335852,0.10490220517321797,"{""colsample_bytree"": 0.5557038697321103, ""learning_rate"": 0.017093200234878557, ""max_depth"": 3, ""min_child_weight"": 2, ""reg_lambda"": 2.664933741568674, ""subsample"": 0.8253965167436094}"
2,2,1,1,0.9943137,0.926302396273211,0.009406744340672171,"{""colsample_bytree"": 0.6574068789009668, ""learning_rate"": 0.06385506169343608, ""max_depth"": 3, ""min_child_weight"": 1, ""reg_lambda"": 3.1913275066920774, ""subsample"": 0.6166910902423345}"
2,2,7,1,0.9844965,0.9199425743630261,0.008416149188144942,"{""colsample_bytree"": 0.6574068789009668, ""learning_rate"": 0.06385506169343608, ""max_depth"": 3, ""min_child_weight"": 1, ""reg_lambda"": 3.1913275066920774, ""subsample"": 0.6166910902423345}"
2,2,8,0,0.066403486,0.12895394704549046,0.04004963699240604,"{""colsample_bytree"": 0.6574068789009668, ""learning_rate"": 0.06385506169343608, ""max_depth"": 3, ""min_child_weight"": 1, ""reg_lambda"": 3.1913275066920774, ""subsample"": 0.6166910902423345}"
2,2,17,0,0.44656494,0.3903604736349801,0.1709025422084928,"{""colsample_bytree"": 0.6574068789009668, ""learning_rate"": 0.06385506169343608, ""max_depth"": 3, ""min_child_weight"": 1, ""reg_lambda"": 3.1913275066920774, ""subsample"": 0.6166910902423345}"
2,2,18,1,0.8459572,0.8789302518239939,0.04332889858636334,"{""colsample_bytree"": 0.6574068789009668, ""learning_rate"": 0.06385506169343608, ""max_depth"": 3, ""min_child_weight"": 1, ""reg_lambda"": 3.1913275066920774, ""subsample"": 0.6166910902423345}"
2,2,22,1,0.99104846,0.9218005579453378,0.008600189752579122,"{""colsample_bytree"": 0.6574068789009668, ""learning_rate"": 0.06385506169343608, ""max_depth"": 3, ""min_child_weight"": 1, ""reg_lambda"": 3.1913275066920774, ""subsample"": 0.6166910902423345}"
2,2,32,1,0.9690717,0.9127724997244304,0.016900747819988002,"{""colsample_bytree"": 0.6574068789009668, ""learning_rate"": 0.06385506169343608, ""max_depth"": 3, ""min_child_weight"": 1, ""reg_lambda"": 3.1913275066920774, ""subsample"": 0.6166910902423345}"
2,2,41,0,0.434872,0.4365370118051965,0.1113303004881474,"{""colsample_bytree"": 0.6574068789009668, ""learning_rate"": 0.06385506169343608, ""max_depth"": 3, ""min_child_weight"": 1, ""reg_lambda"": 3.1913275066920774, ""subsample"": 0.6166910902423345}"
2,2,46,1,0.9358893,0.904851906332695,0.014729293117016597,"{""colsample_bytree"": 0.6574068789009668, ""learning_rate"": 0.06385506169343608, ""max_depth"": 3, ""min_child_weight"": 1, ""reg_lambda"": 3.1913275066920774, ""subsample"": 0.6166910902423345}"
2,2,59,1,0.9941508,0.9258358158779615,0.009639841377244565,"{""colsample_bytree"": 0.6574068789009668, ""learning_rate"": 0.06385506169343608, ""max_depth"": 3, ""min_child_weight"": 1, ""reg_lambda"": 3.1913275066920774, ""subsample"": 0.6166910902423345}"
2,2,63,1,0.9674055,0.9092305224344523,0.017508809098705735,"{""colsample_bytree"": 0.6574068789009668, ""learning_rate"": 0.06385506169343608, ""max_depth"": 3, ""min_child_weight"": 1, ""reg_lambda"": 3.1913275066920774, ""subsample"": 0.6166910902423345}"
2,2,69,1,0.96212894,0.9129792343200294,0.012311470039578202,"{""colsample_bytree"": 0.6574068789009668, ""learning_rate"": 0.06385506169343608, ""max_depth"": 3, ""min_child_weight"": 1, ""reg_lambda"": 3.1913275066920774, ""subsample"": 0.6166910902423345}"
2,2,75,1,0.5851409,0.5202600414387348,0.1449570820273067,"{""colsample_bytree"": 0.6574068789009668, ""learning_rate"": 0.06385506169343608, ""max_depth"": 3, ""min_child_weight"": 1, ""reg_lambda"": 3.1913275066920774, ""subsample"": 0.6166910902423345}"
2,2,77,1,0.9674076,0.9123279505016632,0.013405761966573006,"{""colsample_bytree"": 0.6574068789009668, ""learning_rate"": 0.06385506169343608, ""max_depth"": 3, ""min_child_weight"": 1, ""reg_lambda"": 3.1913275066920774, ""subsample"": 0.6166910902423345}"
2,2,78,1,0.8982165,0.8897937152432128,0.016948279236767127,"{""colsample_bytree"": 0.6574068789009668, ""learning_rate"": 0.06385506169343608, ""max_depth"": 3, ""min_child_weight"": 1, ""reg_lambda"": 3.1913275066920774, ""subsample"": 0.6166910902423345}"
2,2,79,0,0.136654,0.19067716526972972,0.08402645507454842,"{""colsample_bytree"": 0.6574068789009668, ""learning_rate"": 0.06385506169343608, ""max_depth"": 3, ""min_child_weight"": 1, ""reg_lambda"": 3.1913275066920774, ""subsample"": 0.6166910902423345}"
2,2,85,1,0.7514525,0.7876633431545028,0.05972141006597199,"{""colsample_bytree"": 0.6574068789009668, ""learning_rate"": 0.06385506169343608, ""max_depth"": 3, ""min_child_weight"": 1, ""reg_lambda"": 3.1913275066920774, ""subsample"": 0.6166910902423345}"
2,2,88,1,0.97699445,0.9175747197294954,0.00985678598008632,"{""colsample_bytree"": 0.6574068789009668, ""learning_rate"": 0.06385506169343608, ""max_depth"": 3, ""min_child_weight"": 1, ""reg_lambda"": 3.1913275066920774, ""subsample"": 0.6166910902423345}"
2,2,93,0,0.9937309,0.9250791460328314,0.009233705208589545,"{""colsample_bytree"": 0.6574068789009668, ""learning_rate"": 0.06385506169343608, ""max_depth"": 3, ""min_child_weight"": 1, ""reg_lambda"": 3.1913275066920774, ""subsample"": 0.6166910902423345}"
2,2,95,1,0.9912087,0.9231016542712343,0.008912417302958206,"{""colsample_bytree"": 0.6574068789009668, ""learning_rate"": 0.06385506169343608, ""max_depth"": 3, ""min_child_weight"": 1, ""reg_lambda"": 3.1913275066920774, ""subsample"": 0.6166910902423345}"
2,2,98,1,0.98975104,0.9236367610366718,0.009680070501582322,"{""colsample_bytree"": 0.6574068789009668, ""learning_rate"": 0.06385506169343608, ""max_depth"": 3, ""min_child_weight"": 1, ""reg_lambda"": 3.1913275066920774, ""subsample"": 0.6166910902423345}"
2,2,101,1,0.9931965,0.9242651791234204,0.008986519332643715,"{""colsample_bytree"": 0.6574068789009668, ""learning_rate"": 0.06385506169343608, ""max_depth"": 3, ""min_child_weight"": 1, ""reg_lambda"": 3.1913275066920774, ""subsample"": 0.6166910902423345}"
2,2,112,1,0.9669103,0.9165615399000921,0.008681723273339902,"{""colsample_bytree"": 0.6574068789009668, ""learning_rate"": 0.06385506169343608, ""max_depth"": 3, ""min_child_weight"": 1, ""reg_lambda"": 3.1913275066920774, ""subsample"": 0.6166910902423345}"
2,2,117,1,0.9919681,0.9240105407647518,0.009334758691017134,"{""colsample_bytree"": 0.6574068789009668, ""learning_rate"": 0.06385506169343608, ""max_depth"": 3, ""min_child_weight"": 1, ""reg_lambda"": 3.1913275066920774, ""subsample"": 0.6166910902423345}"
2,2,118,1,0.99114335,0.9245140480444751,0.010025213953934435,"{""colsample_bytree"": 0.6574068789009668, ""learning_rate"": 0.06385506169343608, ""max_depth"": 3, ""min_child_weight"": 1, ""reg_lambda"": 3.1913275066920774, ""subsample"": 0.6166910902423345}"
2,2,126,1,0.952837,0.9120644528858535,0.008109225710760955,"{""colsample_bytree"": 0.6574068789009668, ""learning_rate"": 0.06385506169343608, ""max_depth"": 3, ""min_child_weight"": 1, ""reg_lambda"": 3.1913275066920774, ""subsample"": 0.6166910902423345}"
2,2,128,1,0.7837866,0.7446786934666283,0.04492458504342528,"{""colsample_bytree"": 0.6574068789009668, ""learning_rate"": 0.06385506169343608, ""max_depth"": 3, ""min_child_weight"": 1, ""reg_lambda"": 3.1913275066920774, ""subsample"": 0.6166910902423345}"
2,2,131,1,0.99543107,0.9261951414027931,0.009251861430388735,"{""colsample_bytree"": 0.6574068789009668, ""learning_rate"": 0.06385506169343608, ""max_depth"": 3, ""min_child_weight"": 1, ""reg_lambda"": 3.1913275066920774, ""subsample"": 0.6166910902423345}"
2,2,140,1,0.9429843,0.895602991698593,0.006558539941896239,"{""colsample_bytree"": 0.6574068789009668, ""learning_rate"": 0.06385506169343608, ""max_depth"": 3, ""min_child_weight"": 1, ""reg_lambda"": 3.1913275066920774, ""subsample"": 0.6166910902423345}"
2,2,147,1,0.7969847,0.8524887847202463,0.029078407226468286,"{""colsample_bytree"": 0.6574068789009668, ""learning_rate"": 0.06385506169343608, ""max_depth"": 3, ""min_child_weight"": 1, ""reg_lambda"": 3.1913275066920774, ""subsample"": 0.6166910902423345}"
2,2,148,1,0.9621547,0.9020658962002726,0.020378058386387347,"{""colsample_bytree"": 0.6574068789009668, ""learning_rate"": 0.06385506169343608, ""max_depth"": 3, ""min_child_weight"": 1, ""reg_lambda"": 3.1913275066920774, ""subsample"": 0.6166910902423345}"
2,2,153,0,0.717998,0.7542779401620054,0.10084638617174124,"{""colsample_bytree"": 0.6574068789009668, ""learning_rate"": 0.06385506169343608, ""max_depth"": 3, ""min_child_weight"": 1, ""reg_lambda"": 3.1913275066920774, ""subsample"": 0.6166910902423345}"
2,2,156,1,0.9816807,0.9146379117081571,0.015648959600943316,"{""colsample_bytree"": 0.6574068789009668, ""learning_rate"": 0.06385506169343608, ""max_depth"": 3, ""min_child_weight"": 1, ""reg_lambda"": 3.1913275066920774, ""subsample"": 0.6166910902423345}"
2,2,157,1,0.88372225,0.875961709889512,0.03571117926331736,"{""colsample_bytree"": 0.6574068789009668, ""learning_rate"": 0.06385506169343608, ""max_depth"": 3, ""min_child_weight"": 1, ""reg_lambda"": 3.1913275066920774, ""subsample"": 0.6166910902423345}"
2,2,159,1,0.99258727,0.9255510495784055,0.009093936134562884,"{""colsample_bytree"": 0.6574068789009668, ""learning_rate"": 0.06385506169343608, ""max_depth"": 3, ""min_child_weight"": 1, ""reg_lambda"": 3.1913275066920774, ""subsample"": 0.6166910902423345}"
2,2,164,1,0.9939063,0.9261025428427395,0.008977588598667376,"{""colsample_bytree"": 0.6574068789009668, ""learning_rate"": 0.06385506169343608, ""max_depth"": 3, ""min_child_weight"": 1, ""reg_lambda"": 3.1913275066920774, ""subsample"": 0.6166910902423345}"
2,2,170,0,0.15886441,0.20082546852509836,0.09863385549349192,"{""colsample_bytree"": 0.6574068789009668, ""learning_rate"": 0.06385506169343608, ""max_depth"": 3, ""min_child_weight"": 1, ""reg_lambda"": 3.1913275066920774, ""subsample"": 0.6166910902423345}"
2,2,174,1,0.9977068,0.9273998912606463,0.009298617455383055,"{""colsample_bytree"": 0.6574068789009668, ""learning_rate"": 0.06385506169343608, ""max_depth"": 3, ""min_child_weight"": 1, ""reg_lambda"": 3.1913275066920774, ""subsample"": 0.6166910902423345}"
2,2,182,1,0.80721337,0.8118765632790079,0.0520211526589064,"{""colsample_bytree"": 0.6574068789009668, ""learning_rate"": 0.06385506169343608, ""max_depth"": 3, ""min_child_weight"": 1, ""reg_lambda"": 3.1913275066920774, ""subsample"": 0.6166910902423345}"
2,2,188,1,0.5574225,0.5149947471155076,0.15516839097136742,"{""colsample_bytree"": 0.6574068789009668, ""learning_rate"": 0.06385506169343608, ""max_depth"": 3, ""min_child_weight"": 1, ""reg_lambda"": 3.1913275066920774, ""subsample"": 0.6166910902423345}"
2,2,214,0,0.9487752,0.9125037602388026,0.009863335822422005,"{""colsample_bytree"": 0.6574068789009668, ""learning_rate"": 0.06385506169343608, ""max_depth"": 3, ""min_child_weight"": 1, ""reg_lambda"": 3.1913275066920774, ""subsample"": 0.6166910902423345}"
2,2,223,1,0.8517234,0.7616579934457314,0.05639285091904565,"{""colsample_bytree"": 0.6574068789009668, ""learning_rate"": 0.06385506169343608, ""max_depth"": 3, ""min_child_weight"": 1, ""reg_lambda"": 3.1913275066920774, ""subsample"": 0.6166910902423345}"
2,2,234,0,0.29200873,0.3236301572258947,0.21768411226192444,"{""colsample_bytree"": 0.6574068789009668, ""learning_rate"": 0.06385506169343608, ""max_depth"": 3, ""min_child_weight"": 1, ""reg_lambda"": 3.1913275066920774, ""subsample"": 0.6166910902423345}"
2,2,236,1,0.86929804,0.8414096926380367,0.05993429374354365,"{""colsample_bytree"": 0.6574068789009668, ""learning_rate"": 0.06385506169343608, ""max_depth"": 3, ""min_child_weight"": 1, ""reg_lambda"": 3.1913275066920774, ""subsample"": 0.6166910902423345}"
2,2,241,1,0.50849515,0.5032987400176714,0.21005589960476453,"{""colsample_bytree"": 0.6574068789009668, ""learning_rate"": 0.06385506169343608, ""max_depth"": 3, ""min_child_weight"": 1, ""reg_lambda"": 3.1913275066920774, ""subsample"": 0.6166910902423345}"
2,2,242,1,0.96882063,0.9067214516801034,0.019436575298006683,"{""colsample_bytree"": 0.6574068789009668, ""learning_rate"": 0.06385506169343608, ""max_depth"": 3, ""min_child_weight"": 1, ""reg_lambda"": 3.1913275066920774, ""subsample"": 0.6166910902423345}"
2,2,246,1,0.9936288,0.9264420349100775,0.009443411473751486,"{""colsample_bytree"": 0.6574068789009668, ""learning_rate"": 0.06385506169343608, ""max_depth"": 3, ""min_child_weight"": 1, ""reg_lambda"": 3.1913275066920774, ""subsample"": 0.6166910902423345}"
2,2,248,1,0.9939627,0.9257534368431003,0.009748535526314368,"{""colsample_bytree"": 0.6574068789009668, ""learning_rate"": 0.06385506169343608, ""max_depth"": 3, ""min_child_weight"": 1, ""reg_lambda"": 3.1913275066920774, ""subsample"": 0.6166910902423345}"
2,2,256,0,0.3291999,0.2454363354468337,0.028732225081444105,"{""colsample_bytree"": 0.6574068789009668, ""learning_rate"": 0.06385506169343608, ""max_depth"": 3, ""min_child_weight"": 1, ""reg_lambda"": 3.1913275066920774, ""subsample"": 0.6166910902423345}"
2,2,257,0,0.08613772,0.12533148227657145,0.04354803749801237,"{""colsample_bytree"": 0.6574068789009668, ""learning_rate"": 0.06385506169343608, ""max_depth"": 3, ""min_child_weight"": 1, ""reg_lambda"": 3.1913275066920774, ""subsample"": 0.6166910902423345}"
2,2,262,1,0.7912563,0.805685676804661,0.05978229654063767,"{""colsample_bytree"": 0.6574068789009668, ""learning_rate"": 0.06385506169343608, ""max_depth"": 3, ""min_child_weight"": 1, ""reg_lambda"": 3.1913275066920774, ""subsample"": 0.6166910902423345}"
2,2,263,0,0.034119025,0.08918430684097554,0.03774975997665456,"{""colsample_bytree"": 0.6574068789009668, ""learning_rate"": 0.06385506169343608, ""max_depth"": 3, ""min_child_weight"": 1, ""reg_lambda"": 3.1913275066920774, ""subsample"": 0.6166910902423345}"
2,2,267,1,0.96401435,0.9081094629001552,0.004072180873930762,"{""colsample_bytree"": 0.6574068789009668, ""learning_rate"": 0.06385506169343608, ""max_depth"": 3, ""min_child_weight"": 1, ""reg_lambda"": 3.1913275066920774, ""subsample"": 0.6166910902423345}"
2,2,270,0,0.05680036,0.09550689063215828,0.037483754548261077,"{""colsample_bytree"": 0.6574068789009668, ""learning_rate"": 0.06385506169343608, ""max_depth"": 3, ""min_child_weight"": 1, ""reg_lambda"": 3.1913275066920774, ""subsample"": 0.6166910902423345}"
2,2,271,1,0.97012836,0.9170089783373385,0.011699874540564087,"{""colsample_bytree"": 0.6574068789009668, ""learning_rate"": 0.06385506169343608, ""max_depth"": 3, ""min_child_weight"": 1, ""reg_lambda"": 3.1913275066920774, ""subsample"": 0.6166910902423345}"
2,2,272,0,0.8702959,0.8289961038625832,0.03393251101575878,"{""colsample_bytree"": 0.6574068789009668, ""learning_rate"": 0.06385506169343608, ""max_depth"": 3, ""min_child_weight"": 1, ""reg_lambda"": 3.1913275066920774, ""subsample"": 0.6166910902423345}"
2,2,275,1,0.9892191,0.9233172499935611,0.011479863355869141,"{""colsample_bytree"": 0.6574068789009668, ""learning_rate"": 0.06385506169343608, ""max_depth"": 3, ""min_child_weight"": 1, ""reg_lambda"": 3.1913275066920774, ""subsample"": 0.6166910902423345}"
2,2,280,0,0.56460816,0.4894385190390512,0.1973487224784817,"{""colsample_bytree"": 0.6574068789009668, ""learning_rate"": 0.06385506169343608, ""max_depth"": 3, ""min_child_weight"": 1, ""reg_lambda"": 3.1913275066920774, ""subsample"": 0.6166910902423345}"
2,2,292,0,0.6484328,0.6643179800554719,0.1708704614692074,"{""colsample_bytree"": 0.6574068789009668, ""learning_rate"": 0.06385506169343608, ""max_depth"": 3, ""min_child_weight"": 1, ""reg_lambda"": 3.1913275066920774, ""subsample"": 0.6166910902423345}"
2,2,297,0,0.1720563,0.32057176130863224,0.20473293314944127,"{""colsample_bytree"": 0.6574068789009668, ""learning_rate"": 0.06385506169343608, ""max_depth"": 3, ""min_child_weight"": 1, ""reg_lambda"": 3.1913275066920774, ""subsample"": 0.6166910902423345}"
2,2,300,0,0.075448684,0.11161657448254089,0.036921052432776186,"{""colsample_bytree"": 0.6574068789009668, ""learning_rate"": 0.06385506169343608, ""max_depth"": 3, ""min_child_weight"": 1, ""reg_lambda"": 3.1913275066920774, ""subsample"": 0.6166910902423345}"
2,3,2,1,0.97111243,0.9342448767735678,0.027528807158789626,"{""colsample_bytree"": 0.6868154165271709, ""learning_rate"": 0.025981832799013064, ""max_depth"": 3, ""min_child_weight"": 1, ""reg_lambda"": 0.13975664201916413, ""subsample"": 0.6668390445619913}"
2,3,3,0,0.3766871,0.43989924998074714,0.1565422586204766,"{""colsample_bytree"": 0.6868154165271709, ""learning_rate"": 0.025981832799013064, ""max_depth"": 3, ""min_child_weight"": 1, ""reg_lambda"": 0.13975664201916413, ""subsample"": 0.6668390445619913}"
2,3,5,1,0.7443906,0.6575320061638468,0.2544270863720569,"{""colsample_bytree"": 0.6868154165271709, ""learning_rate"": 0.025981832799013064, ""max_depth"": 3, ""min_child_weight"": 1, ""reg_lambda"": 0.13975664201916413, ""subsample"": 0.6668390445619913}"
2,3,6,1,0.96775657,0.9318139666564547,0.02961521231972572,"{""colsample_bytree"": 0.6868154165271709, ""learning_rate"": 0.025981832799013064, ""max_depth"": 3, ""min_child_weight"": 1, ""reg_lambda"": 0.13975664201916413, ""subsample"": 0.6668390445619913}"
2,3,10,1,0.93474704,0.9224652617550466,0.027499884878019073,"{""colsample_bytree"": 0.6868154165271709, ""learning_rate"": 0.025981832799013064, ""max_depth"": 3, ""min_child_weight"": 1, ""reg_lambda"": 0.13975664201916413, ""subsample"": 0.6668390445619913}"
2,3,20,1,0.08733577,0.10118661447882357,0.07124674447177107,"{""colsample_bytree"": 0.6868154165271709, ""learning_rate"": 0.025981832799013064, ""max_depth"": 3, ""min_child_weight"": 1, ""reg_lambda"": 0.13975664201916413, ""subsample"": 0.6668390445619913}"
2,3,25,1,0.98750687,0.9400449067927206,0.025226669917538178,"{""colsample_bytree"": 0.6868154165271709, ""learning_rate"": 0.025981832799013064, ""max_depth"": 3, ""min_child_weight"": 1, ""reg_lambda"": 0.13975664201916413, ""subsample"": 0.6668390445619913}"
2,3,26,0,0.19031475,0.2099804358320351,0.14084098185108374,"{""colsample_bytree"": 0.6868154165271709, ""learning_rate"": 0.025981832799013064, ""max_depth"": 3, ""min_child_weight"": 1, ""reg_lambda"": 0.13975664201916413, ""subsample"": 0.6668390445619913}"
2,3,29,1,0.97388667,0.9368595702551431,0.025763481103405032,"{""colsample_bytree"": 0.6868154165271709, ""learning_rate"": 0.025981832799013064, ""max_depth"": 3, ""min_child_weight"": 1, ""reg_lambda"": 0.13975664201916413, ""subsample"": 0.6668390445619913}"
2,3,42,0,0.102370806,0.13565292860740566,0.10850421992685405,"{""colsample_bytree"": 0.6868154165271709, ""learning_rate"": 0.025981832799013064, ""max_depth"": 3, ""min_child_weight"": 1, ""reg_lambda"": 0.13975664201916413, ""subsample"": 0.6668390445619913}"
2,3,43,1,0.8520669,0.8140585298831429,0.08475579832131383,"{""colsample_bytree"": 0.6868154165271709, ""learning_rate"": 0.025981832799013064, ""max_depth"": 3, ""min_child_weight"": 1, ""reg_lambda"": 0.13975664201916413, ""subsample"": 0.6668390445619913}"
2,3,51,1,0.95991623,0.9319004457715439,0.025236722745367632,"{""colsample_bytree"": 0.6868154165271709, ""learning_rate"": 0.025981832799013064, ""max_depth"": 3, ""min_child_weight"": 1, ""reg_lambda"": 0.13975664201916413, ""subsample"": 0.6668390445619913}"
2,3,53,1,0.60653526,0.5541670962500694,0.2377214548337299,"{""colsample_bytree"": 0.6868154165271709, ""learning_rate"": 0.025981832799013064, ""max_depth"": 3, ""min_child_weight"": 1, ""reg_lambda"": 0.13975664201916413, ""subsample"": 0.6668390445619913}"
2,3,54,0,0.17353745,0.1586023535202531,0.10145086264243869,"{""colsample_bytree"": 0.6868154165271709, ""learning_rate"": 0.025981832799013064, ""max_depth"": 3, ""min_child_weight"": 1, ""reg_lambda"": 0.13975664201916413, ""subsample"": 0.6668390445619913}"
2,3,68,0,0.29178706,0.21586181043970734,0.12905019689696293,"{""colsample_bytree"": 0.6868154165271709, ""learning_rate"": 0.025981832799013064, ""max_depth"": 3, ""min_child_weight"": 1, ""reg_lambda"": 0.13975664201916413, ""subsample"": 0.6668390445619913}"
2,3,70,0,0.25297084,0.20517918562039889,0.13253742000707328,"{""colsample_bytree"": 0.6868154165271709, ""learning_rate"": 0.025981832799013064, ""max_depth"": 3, ""min_child_weight"": 1, ""reg_lambda"": 0.13975664201916413, ""subsample"": 0.6668390445619913}"
2,3,71,1,0.9498301,0.9274788427023057,0.0285350677860431,"{""colsample_bytree"": 0.6868154165271709, ""learning_rate"": 0.025981832799013064, ""max_depth"": 3, ""min_child_weight"": 1, ""reg_lambda"": 0.13975664201916413, ""subsample"": 0.6668390445619913}"
2,3,82,1,0.8024285,0.8005117211641363,0.1194433638200746,"{""colsample_bytree"": 0.6868154165271709, ""learning_rate"": 0.025981832799013064, ""max_depth"": 3, ""min_child_weight"": 1, ""reg_lambda"": 0.13975664201916413, ""subsample"": 0.6668390445619913}"
2,3,83,1,0.8963592,0.8530965462363614,0.09371224309391515,"{""colsample_bytree"": 0.6868154165271709, ""learning_rate"": 0.025981832799013064, ""max_depth"": 3, ""min_child_weight"": 1, ""reg_lambda"": 0.13975664201916413, ""subsample"": 0.6668390445619913}"
2,3,86,1,0.97251016,0.9345526795601764,0.028154069601194463,"{""colsample_bytree"": 0.6868154165271709, ""learning_rate"": 0.025981832799013064, ""max_depth"": 3, ""min_child_weight"": 1, ""reg_lambda"": 0.13975664201916413, ""subsample"": 0.6668390445619913}"
2,3,110,1,0.45737466,0.34115531682776495,0.17109422966983076,"{""colsample_bytree"": 0.6868154165271709, ""learning_rate"": 0.025981832799013064, ""max_depth"": 3, ""min_child_weight"": 1, ""reg_lambda"": 0.13975664201916413, ""subsample"": 0.6668390445619913}"
2,3,116,1,0.95913005,0.9318093506916331,0.024175907474779847,"{""colsample_bytree"": 0.6868154165271709, ""learning_rate"": 0.025981832799013064, ""max_depth"": 3, ""min_child_weight"": 1, ""reg_lambda"": 0.13975664201916413, ""subsample"": 0.6668390445619913}"
2,3,125,1,0.9246421,0.9018674239894711,0.026951604973452836,"{""colsample_bytree"": 0.6868154165271709, ""learning_rate"": 0.025981832799013064, ""max_depth"": 3, ""min_child_weight"": 1, ""reg_lambda"": 0.13975664201916413, ""subsample"": 0.6668390445619913}"
2,3,146,1,0.99406517,0.9424913489813941,0.024376927334622343,"{""colsample_bytree"": 0.6868154165271709, ""learning_rate"": 0.025981832799013064, ""max_depth"": 3, ""min_child_weight"": 1, ""reg_lambda"": 0.13975664201916413, ""subsample"": 0.6668390445619913}"
2,3,150,0,0.5992119,0.5384492152207073,0.2553665968438965,"{""colsample_bytree"": 0.6868154165271709, ""learning_rate"": 0.025981832799013064, ""max_depth"": 3, ""min_child_weight"": 1, ""reg_lambda"": 0.13975664201916413, ""subsample"": 0.6668390445619913}"
2,3,154,1,0.9014997,0.9009321534910274,0.034075142708384125,"{""colsample_bytree"": 0.6868154165271709, ""learning_rate"": 0.025981832799013064, ""max_depth"": 3, ""min_child_weight"": 1, ""reg_lambda"": 0.13975664201916413, ""subsample"": 0.6668390445619913}"
2,3,163,1,0.7490859,0.7687846476279564,0.08388833027664848,"{""colsample_bytree"": 0.6868154165271709, ""learning_rate"": 0.025981832799013064, ""max_depth"": 3, ""min_child_weight"": 1, ""reg_lambda"": 0.13975664201916413, ""subsample"": 0.6668390445619913}"
2,3,175,0,0.8598225,0.8541034571162458,0.0700762884049507,"{""colsample_bytree"": 0.6868154165271709, ""learning_rate"": 0.025981832799013064, ""max_depth"": 3, ""min_child_weight"": 1, ""reg_lambda"": 0.13975664201916413, ""subsample"": 0.6668390445619913}"
2,3,178,1,0.7802815,0.8279796596986767,0.042022082625042194,"{""colsample_bytree"": 0.6868154165271709, ""learning_rate"": 0.025981832799013064, ""max_depth"": 3, ""min_child_weight"": 1, ""reg_lambda"": 0.13975664201916413, ""subsample"": 0.6668390445619913}"
2,3,187,1,0.9593782,0.9300316593102511,0.023551264885253602,"{""colsample_bytree"": 0.6868154165271709, ""learning_rate"": 0.025981832799013064, ""max_depth"": 3, ""min_child_weight"": 1, ""reg_lambda"": 0.13975664201916413, ""subsample"": 0.6668390445619913}"
2,3,190,0,0.878192,0.8902319110170474,0.03730495963157249,"{""colsample_bytree"": 0.6868154165271709, ""learning_rate"": 0.025981832799013064, ""max_depth"": 3, ""min_child_weight"": 1, ""reg_lambda"": 0.13975664201916413, ""subsample"": 0.6668390445619913}"
2,3,192,0,0.048030328,0.08888522093176665,0.07099752373582623,"{""colsample_bytree"": 0.6868154165271709, ""learning_rate"": 0.025981832799013064, ""max_depth"": 3, ""min_child_weight"": 1, ""reg_lambda"": 0.13975664201916413, ""subsample"": 0.6668390445619913}"
2,3,196,0,0.07958904,0.10210832848522697,0.0790146164658636,"{""colsample_bytree"": 0.6868154165271709, ""learning_rate"": 0.025981832799013064, ""max_depth"": 3, ""min_child_weight"": 1, ""reg_lambda"": 0.13975664201916413, ""subsample"": 0.6668390445619913}"
2,3,197,1,0.96705264,0.9325298299130749,0.023634291691745756,"{""colsample_bytree"": 0.6868154165271709, ""learning_rate"": 0.025981832799013064, ""max_depth"": 3, ""min_child_weight"": 1, ""reg_lambda"": 0.13975664201916413, ""subsample"": 0.6668390445619913}"
2,3,200,1,0.93269277,0.925493335392628,0.021618243974431326,"{""colsample_bytree"": 0.6868154165271709, ""learning_rate"": 0.025981832799013064, ""max_depth"": 3, ""min_child_weight"": 1, ""reg_lambda"": 0.13975664201916413, ""subsample"": 0.6668390445619913}"
2,3,203,0,0.17695539,0.2534129528940773,0.15466132696855223,"{""colsample_bytree"": 0.6868154165271709, ""learning_rate"": 0.025981832799013064, ""max_depth"": 3, ""min_child_weight"": 1, ""reg_lambda"": 0.13975664201916413, ""subsample"": 0.6668390445619913}"
2,3,208,1,0.9341507,0.910745846807969,0.03939532544379644,"{""colsample_bytree"": 0.6868154165271709, ""learning_rate"": 0.025981832799013064, ""max_depth"": 3, ""min_child_weight"": 1, ""reg_lambda"": 0.13975664201916413, ""subsample"": 0.6668390445619913}"
2,3,212,0,0.07704839,0.08406077538669769,0.07161877831565255,"{""colsample_bytree"": 0.6868154165271709, ""learning_rate"": 0.025981832799013064, ""max_depth"": 3, ""min_child_weight"": 1, ""reg_lambda"": 0.13975664201916413, ""subsample"": 0.6668390445619913}"
2,3,215,1,0.98411393,0.9397391717199592,0.025824387128034,"{""colsample_bytree"": 0.6868154165271709, ""learning_rate"": 0.025981832799013064, ""max_depth"": 3, ""min_child_weight"": 1, ""reg_lambda"": 0.13975664201916413, ""subsample"": 0.6668390445619913}"
2,3,219,1,0.06234851,0.09645562591512583,0.08272692484122088,"{""colsample_bytree"": 0.6868154165271709, ""learning_rate"": 0.025981832799013064, ""max_depth"": 3, ""min_child_weight"": 1, ""reg_lambda"": 0.13975664201916413, ""subsample"": 0.6668390445619913}"
2,3,221,1,0.63544583,0.6179253336029586,0.25525817139072643,"{""colsample_bytree"": 0.6868154165271709, ""learning_rate"": 0.025981832799013064, ""max_depth"": 3, ""min_child_weight"": 1, ""reg_lambda"": 0.13975664201916413, ""subsample"": 0.6668390445619913}"
2,3,222,1,0.9707343,0.9262455727845988,0.026315510932352428,"{""colsample_bytree"": 0.6868154165271709, ""learning_rate"": 0.025981832799013064, ""max_depth"": 3, ""min_child_weight"": 1, ""reg_lambda"": 0.13975664201916413, ""subsample"": 0.6668390445619913}"
2,3,225,1,0.86880916,0.8955068625164312,0.045374758593632006,"{""colsample_bytree"": 0.6868154165271709, ""learning_rate"": 0.025981832799013064, ""max_depth"": 3, ""min_child_weight"": 1, ""reg_lambda"": 0.13975664201916413, ""subsample"": 0.6668390445619913}"
2,3,229,1,0.97131395,0.9342304334826416,0.02811275004203657,"{""colsample_bytree"": 0.6868154165271709, ""learning_rate"": 0.025981832799013064, ""max_depth"": 3, ""min_child_weight"": 1, ""reg_lambda"": 0.13975664201916413, ""subsample"": 0.6668390445619913}"
2,3,235,1,0.96781445,0.9330499101053171,0.02680488839059524,"{""colsample_bytree"": 0.6868154165271709, ""learning_rate"": 0.025981832799013064, ""max_depth"": 3, ""min_child_weight"": 1, ""reg_lambda"": 0.13975664201916413, ""subsample"": 0.6668390445619913}"
2,3,237,1,0.7679645,0.818143459396223,0.08865337303351953,"{""colsample_bytree"": 0.6868154165271709, ""learning_rate"": 0.025981832799013064, ""max_depth"": 3, ""min_child_weight"": 1, ""reg_lambda"": 0.13975664201916413, ""subsample"": 0.6668390445619913}"
2,3,238,1,0.14772739,0.12691919326931714,0.08938566980428969,"{""colsample_bytree"": 0.6868154165271709, ""learning_rate"": 0.025981832799013064, ""max_depth"": 3, ""min_child_weight"": 1, ""reg_lambda"": 0.13975664201916413, ""subsample"": 0.6668390445619913}"
2,3,240,1,0.98680174,0.9413209550617513,0.024169407213505446,"{""colsample_bytree"": 0.6868154165271709, ""learning_rate"": 0.025981832799013064, ""max_depth"": 3, ""min_child_weight"": 1, ""reg_lambda"": 0.13975664201916413, ""subsample"": 0.6668390445619913}"
2,3,243,1,0.8917363,0.9091263161578091,0.028253640179515302,"{""colsample_bytree"": 0.6868154165271709, ""learning_rate"": 0.025981832799013064, ""max_depth"": 3, ""min_child_weight"": 1, ""reg_lambda"": 0.13975664201916413, ""subsample"": 0.6668390445619913}"
2,3,247,0,0.06325261,0.09408508712512811,0.07734744768154155,"{""colsample_bytree"": 0.6868154165271709, ""learning_rate"": 0.025981832799013064, ""max_depth"": 3, ""min_child_weight"": 1, ""reg_lambda"": 0.13975664201916413, ""subsample"": 0.6668390445619913}"
2,3,250,1,0.9632536,0.9368284897120402,0.024602440416524915,"{""colsample_bytree"": 0.6868154165271709, ""learning_rate"": 0.025981832799013064, ""max_depth"": 3, ""min_child_weight"": 1, ""reg_lambda"": 0.13975664201916413, ""subsample"": 0.6668390445619913}"
2,3,253,1,0.824563,0.7699573446174925,0.13004856008390786,"{""colsample_bytree"": 0.6868154165271709, ""learning_rate"": 0.025981832799013064, ""max_depth"": 3, ""min_child_weight"": 1, ""reg_lambda"": 0.13975664201916413, ""subsample"": 0.6668390445619913}"
2,3,259,1,0.9287069,0.9212655760545564,0.028383310127557685,"{""colsample_bytree"": 0.6868154165271709, ""learning_rate"": 0.025981832799013064, ""max_depth"": 3, ""min_child_weight"": 1, ""reg_lambda"": 0.13975664201916413, ""subsample"": 0.6668390445619913}"
2,3,261,0,0.03296684,0.07960139639919414,0.06820039865916348,"{""colsample_bytree"": 0.6868154165271709, ""learning_rate"": 0.025981832799013064, ""max_depth"": 3, ""min_child_weight"": 1, ""reg_lambda"": 0.13975664201916413, ""subsample"": 0.6668390445619913}"
2,3,273,1,0.9832719,0.9372991100492453,0.02474030035543248,"{""colsample_bytree"": 0.6868154165271709, ""learning_rate"": 0.025981832799013064, ""max_depth"": 3, ""min_child_weight"": 1, ""reg_lambda"": 0.13975664201916413, ""subsample"": 0.6668390445619913}"
2,3,279,1,0.9314324,0.9106328911771246,0.032777281790222906,"{""colsample_bytree"": 0.6868154165271709, ""learning_rate"": 0.025981832799013064, ""max_depth"": 3, ""min_child_weight"": 1, ""reg_lambda"": 0.13975664201916413, ""subsample"": 0.6668390445619913}"
2,3,283,1,0.5984119,0.6884092449579393,0.13638651422105333,"{""colsample_bytree"": 0.6868154165271709, ""learning_rate"": 0.025981832799013064, ""max_depth"": 3, ""min_child_weight"": 1, ""reg_lambda"": 0.13975664201916413, ""subsample"": 0.6668390445619913}"
2,3,287,0,0.52334726,0.5176544349215113,0.17172081593729235,"{""colsample_bytree"": 0.6868154165271709, ""learning_rate"": 0.025981832799013064, ""max_depth"": 3, ""min_child_weight"": 1, ""reg_lambda"": 0.13975664201916413, ""subsample"": 0.6668390445619913}"
2,3,298,1,0.93441176,0.913058338589568,0.038582537440150264,"{""colsample_bytree"": 0.6868154165271709, ""learning_rate"": 0.025981832799013064, ""max_depth"": 3, ""min_child_weight"": 1, ""reg_lambda"": 0.13975664201916413, ""subsample"": 0.6668390445619913}"
2,3,299,0,0.12210154,0.11868091348682178,0.0861821584414484,"{""colsample_bytree"": 0.6868154165271709, ""learning_rate"": 0.025981832799013064, ""max_depth"": 3, ""min_child_weight"": 1, ""reg_lambda"": 0.13975664201916413, ""subsample"": 0.6668390445619913}"
2,4,0,1,0.6862678,0.6389065495493261,0.060123002557681944,"{""colsample_bytree"": 0.45771646146760026, ""learning_rate"": 0.06821014087179948, ""max_depth"": 2, ""min_child_weight"": 3, ""reg_lambda"": 4.17433069464385, ""subsample"": 0.6003314043111138}"
2,4,9,1,0.94628024,0.9216840042517542,0.017725762721671617,"{""colsample_bytree"": 0.45771646146760026, ""learning_rate"": 0.06821014087179948, ""max_depth"": 2, ""min_child_weight"": 3, ""reg_lambda"": 4.17433069464385, ""subsample"": 0.6003314043111138}"
2,4,11,1,0.9908145,0.9367829496612055,0.01845319703164798,"{""colsample_bytree"": 0.45771646146760026, ""learning_rate"": 0.06821014087179948, ""max_depth"": 2, ""min_child_weight"": 3, ""reg_lambda"": 4.17433069464385, ""subsample"": 0.6003314043111138}"
2,4,16,0,0.19440883,0.2554297535172275,0.07092228251530919,"{""colsample_bytree"": 0.45771646146760026, ""learning_rate"": 0.06821014087179948, ""max_depth"": 2, ""min_child_weight"": 3, ""reg_lambda"": 4.17433069464385, ""subsample"": 0.6003314043111138}"
2,4,33,1,0.96316946,0.9292875224101677,0.016504739566827825,"{""colsample_bytree"": 0.45771646146760026, ""learning_rate"": 0.06821014087179948, ""max_depth"": 2, ""min_child_weight"": 3, ""reg_lambda"": 4.17433069464385, ""subsample"": 0.6003314043111138}"
2,4,34,1,0.7134277,0.6541979147298921,0.11487168105600166,"{""colsample_bytree"": 0.45771646146760026, ""learning_rate"": 0.06821014087179948, ""max_depth"": 2, ""min_child_weight"": 3, ""reg_lambda"": 4.17433069464385, ""subsample"": 0.6003314043111138}"
2,4,35,0,0.1315893,0.19168237045431766,0.09132422845278228,"{""colsample_bytree"": 0.45771646146760026, ""learning_rate"": 0.06821014087179948, ""max_depth"": 2, ""min_child_weight"": 3, ""reg_lambda"": 4.17433069464385, ""subsample"": 0.6003314043111138}"
2,4,38,1,0.67623794,0.7282547496230254,0.09659090544204983,"{""colsample_bytree"": 0.45771646146760026, ""learning_rate"": 0.06821014087179948, ""max_depth"": 2, ""min_child_weight"": 3, ""reg_lambda"": 4.17433069464385, ""subsample"": 0.6003314043111138}"
2,4,39,1,0.9887186,0.9357178763514445,0.01799952296593215,"{""colsample_bytree"": 0.45771646146760026, ""learning_rate"": 0.06821014087179948, ""max_depth"": 2, ""min_child_weight"": 3, ""reg_lambda"": 4.17433069464385, ""subsample"": 0.6003314043111138}"
2,4,45,1,0.95314723,0.9103053494516036,0.02198297405445371,"{""colsample_bytree"": 0.45771646146760026, ""learning_rate"": 0.06821014087179948, ""max_depth"": 2, ""min_child_weight"": 3, ""reg_lambda"": 4.17433069464385, ""subsample"": 0.6003314043111138}"
2,4,49,1,0.73300594,0.7582066361898647,0.05204317971053117,"{""colsample_bytree"": 0.45771646146760026, ""learning_rate"": 0.06821014087179948, ""max_depth"": 2, ""min_child_weight"": 3, ""reg_lambda"": 4.17433069464385, ""subsample"": 0.6003314043111138}"
2,4,52,1,0.9772663,0.9281407062770487,0.02063367332575596,"{""colsample_bytree"": 0.45771646146760026, ""learning_rate"": 0.06821014087179948, ""max_depth"": 2, ""min_child_weight"": 3, ""reg_lambda"": 4.17433069464385, ""subsample"": 0.6003314043111138}"
2,4,55,1,0.9765203,0.9322958272013524,0.0175145813553744,"{""colsample_bytree"": 0.45771646146760026, ""learning_rate"": 0.06821014087179948, ""max_depth"": 2, ""min_child_weight"": 3, ""reg_lambda"": 4.17433069464385, ""subsample"": 0.6003314043111138}"
2,4,56,1,0.9546181,0.918090058905895,0.02194290814517332,"{""colsample_bytree"": 0.45771646146760026, ""learning_rate"": 0.06821014087179948, ""max_depth"": 2, ""min_child_weight"": 3, ""reg_lambda"": 4.17433069464385, ""subsample"": 0.6003314043111138}"
2,4,62,1,0.32349345,0.33343334507536115,0.08606691936687069,"{""colsample_bytree"": 0.45771646146760026, ""learning_rate"": 0.06821014087179948, ""max_depth"": 2, ""min_child_weight"": 3, ""reg_lambda"": 4.17433069464385, ""subsample"": 0.6003314043111138}"
2,4,65,1,0.9532466,0.9223510158420419,0.017009999852930655,"{""colsample_bytree"": 0.45771646146760026, ""learning_rate"": 0.06821014087179948, ""max_depth"": 2, ""min_child_weight"": 3, ""reg_lambda"": 4.17433069464385, ""subsample"": 0.6003314043111138}"
2,4,67,0,0.8224765,0.8784439364081132,0.03432885562701332,"{""colsample_bytree"": 0.45771646146760026, ""learning_rate"": 0.06821014087179948, ""max_depth"": 2, ""min_child_weight"": 3, ""reg_lambda"": 4.17433069464385, ""subsample"": 0.6003314043111138}"
2,4,76,1,0.9687065,0.9313485987127373,0.0168097258511254,"{""colsample_bytree"": 0.45771646146760026, ""learning_rate"": 0.06821014087179948, ""max_depth"": 2, ""min_child_weight"": 3, ""reg_lambda"": 4.17433069464385, ""subsample"": 0.6003314043111138}"
2,4,80,1,0.9635301,0.928911769949573,0.02060876760532568,"{""colsample_bytree"": 0.45771646146760026, ""learning_rate"": 0.06821014087179948, ""max_depth"": 2, ""min_child_weight"": 3, ""reg_lambda"": 4.17433069464385, ""subsample"": 0.6003314043111138}"
2,4,81,1,0.9883034,0.9344633743039704,0.017663446131354146,"{""colsample_bytree"": 0.45771646146760026, ""learning_rate"": 0.06821014087179948, ""max_depth"": 2, ""min_child_weight"": 3, ""reg_lambda"": 4.17433069464385, ""subsample"": 0.6003314043111138}"
2,4,89,1,0.97429717,0.9305097596649603,0.020149178835987186,"{""colsample_bytree"": 0.45771646146760026, ""learning_rate"": 0.06821014087179948, ""max_depth"": 2, ""min_child_weight"": 3, ""reg_lambda"": 4.17433069464385, ""subsample"": 0.6003314043111138}"
2,4,99,1,0.7067725,0.8000197086849639,0.08394793726774889,"{""colsample_bytree"": 0.45771646146760026, ""learning_rate"": 0.06821014087179948, ""max_depth"": 2, ""min_child_weight"": 3, ""reg_lambda"": 4.17433069464385, ""subsample"": 0.6003314043111138}"
2,4,102,0,0.10780718,0.14639534851531055,0.04990859636818781,"{""colsample_bytree"": 0.45771646146760026, ""learning_rate"": 0.06821014087179948, ""max_depth"": 2, ""min_child_weight"": 3, ""reg_lambda"": 4.17433069464385, ""subsample"": 0.6003314043111138}"
2,4,105,1,0.7545868,0.7627824988052888,0.06387985660515452,"{""colsample_bytree"": 0.45771646146760026, ""learning_rate"": 0.06821014087179948, ""max_depth"": 2, ""min_child_weight"": 3, ""reg_lambda"": 4.17433069464385, ""subsample"": 0.6003314043111138}"
2,4,109,1,0.97695094,0.9350988540489265,0.01704746227338891,"{""colsample_bytree"": 0.45771646146760026, ""learning_rate"": 0.06821014087179948, ""max_depth"": 2, ""min_child_weight"": 3, ""reg_lambda"": 4.17433069464385, ""subsample"": 0.6003314043111138}"
2,4,121,1,0.8445811,0.84968136140614,0.04101574140931137,"{""colsample_bytree"": 0.45771646146760026, ""learning_rate"": 0.06821014087179948, ""max_depth"": 2, ""min_child_weight"": 3, ""reg_lambda"": 4.17433069464385, ""subsample"": 0.6003314043111138}"
2,4,127,1,0.97645706,0.9319451057273896,0.01956141643615704,"{""colsample_bytree"": 0.45771646146760026, ""learning_rate"": 0.06821014087179948, ""max_depth"": 2, ""min_child_weight"": 3, ""reg_lambda"": 4.17433069464385, ""subsample"": 0.6003314043111138}"
2,4,133,0,0.5676415,0.6934673917617464,0.03698984368011879,"{""colsample_bytree"": 0.45771646146760026, ""learning_rate"": 0.06821014087179948, ""max_depth"": 2, ""min_child_weight"": 3, ""reg_lambda"": 4.17433069464385, ""subsample"": 0.6003314043111138}"
2,4,134,1,0.9564403,0.9138668169231368,0.02097199691491328,"{""colsample_bytree"": 0.45771646146760026, ""learning_rate"": 0.06821014087179948, ""max_depth"": 2, ""min_child_weight"": 3, ""reg_lambda"": 4.17433069464385, ""subsample"": 0.6003314043111138}"
2,4,136,0,0.40468544,0.36372294057671095,0.06541238590478275,"{""colsample_bytree"": 0.45771646146760026, ""learning_rate"": 0.06821014087179948, ""max_depth"": 2, ""min_child_weight"": 3, ""reg_lambda"": 4.17433069464385, ""subsample"": 0.6003314043111138}"
2,4,137,0,0.09680189,0.1356029513497911,0.03590062563001881,"{""colsample_bytree"": 0.45771646146760026, ""learning_rate"": 0.06821014087179948, ""max_depth"": 2, ""min_child_weight"": 3, ""reg_lambda"": 4.17433069464385, ""subsample"": 0.6003314043111138}"
2,4,139,1,0.97945946,0.9337877036163377,0.019885250424539282,"{""colsample_bytree"": 0.45771646146760026, ""learning_rate"": 0.06821014087179948, ""max_depth"": 2, ""min_child_weight"": 3, ""reg_lambda"": 4.17433069464385, ""subsample"": 0.6003314043111138}"
2,4,151,0,0.6603832,0.6573421998144231,0.09572013037400494,"{""colsample_bytree"": 0.45771646146760026, ""learning_rate"": 0.06821014087179948, ""max_depth"": 2, ""min_child_weight"": 3, ""reg_lambda"": 4.17433069464385, ""subsample"": 0.6003314043111138}"
2,4,161,1,0.9889424,0.9371363717937766,0.0168094759975432,"{""colsample_bytree"": 0.45771646146760026, ""learning_rate"": 0.06821014087179948, ""max_depth"": 2, ""min_child_weight"": 3, ""reg_lambda"": 4.17433069464385, ""subsample"": 0.6003314043111138}"
2,4,167,1,0.9589942,0.9285061818245325,0.017971060876999706,"{""colsample_bytree"": 0.45771646146760026, ""learning_rate"": 0.06821014087179948, ""max_depth"": 2, ""min_child_weight"": 3, ""reg_lambda"": 4.17433069464385, ""subsample"": 0.6003314043111138}"
2,4,168,0,0.12713265,0.1421651895845673,0.06384518553188641,"{""colsample_bytree"": 0.45771646146760026, ""learning_rate"": 0.06821014087179948, ""max_depth"": 2, ""min_child_weight"": 3, ""reg_lambda"": 4.17433069464385, ""subsample"": 0.6003314043111138}"
2,4,180,1,0.28916085,0.3474158357667299,0.0633288110627449,"{""colsample_bytree"": 0.45771646146760026, ""learning_rate"": 0.06821014087179948, ""max_depth"": 2, ""min_child_weight"": 3, ""reg_lambda"": 4.17433069464385, ""subsample"": 0.6003314043111138}"
2,4,181,1,0.9684563,0.9273111226493798,0.0209540494047481,"{""colsample_bytree"": 0.45771646146760026, ""learning_rate"": 0.06821014087179948, ""max_depth"": 2, ""min_child_weight"": 3, ""reg_lambda"": 4.17433069464385, ""subsample"": 0.6003314043111138}"
2,4,183,0,0.76558554,0.8617267081555309,0.03702717438597046,"{""colsample_bytree"": 0.45771646146760026, ""learning_rate"": 0.06821014087179948, ""max_depth"": 2, ""min_child_weight"": 3, ""reg_lambda"": 4.17433069464385, ""subsample"": 0.6003314043111138}"
2,4,205,1,0.43969402,0.5010592214516814,0.10902472725926397,"{""colsample_bytree"": 0.45771646146760026, ""learning_rate"": 0.06821014087179948, ""max_depth"": 2, ""min_child_weight"": 3, ""reg_lambda"": 4.17433069464385, ""subsample"": 0.6003314043111138}"
2,4,206,1,0.96841854,0.9242616413919469,0.014664897797438466,"{""colsample_bytree"": 0.45771646146760026, ""learning_rate"": 0.06821014087179948, ""max_depth"": 2, ""min_child_weight"": 3, ""reg_lambda"": 4.17433069464385, ""subsample"": 0.6003314043111138}"
2,4,207,1,0.8517489,0.894560313025573,0.015294210224168428,"{""colsample_bytree"": 0.45771646146760026, ""learning_rate"": 0.06821014087179948, ""max_depth"": 2, ""min_child_weight"": 3, ""reg_lambda"": 4.17433069464385, ""subsample"": 0.6003314043111138}"
2,4,210,0,0.17210713,0.17246821821717023,0.07595757385228635,"{""colsample_bytree"": 0.45771646146760026, ""learning_rate"": 0.06821014087179948, ""max_depth"": 2, ""min_child_weight"": 3, ""reg_lambda"": 4.17433069464385, ""subsample"": 0.6003314043111138}"
2,4,217,0,0.4185171,0.4599994246981021,0.09851045786380852,"{""colsample_bytree"": 0.45771646146760026, ""learning_rate"": 0.06821014087179948, ""max_depth"": 2, ""min_child_weight"": 3, ""reg_lambda"": 4.17433069464385, ""subsample"": 0.6003314043111138}"
2,4,227,1,0.9274624,0.8988698368810141,0.01781411530945056,"{""colsample_bytree"": 0.45771646146760026, ""learning_rate"": 0.06821014087179948, ""max_depth"": 2, ""min_child_weight"": 3, ""reg_lambda"": 4.17433069464385, ""subsample"": 0.6003314043111138}"
2,4,228,1,0.8465477,0.8633943479832957,0.0575048695211415,"{""colsample_bytree"": 0.45771646146760026, ""learning_rate"": 0.06821014087179948, ""max_depth"": 2, ""min_child_weight"": 3, ""reg_lambda"": 4.17433069464385, ""subsample"": 0.6003314043111138}"
2,4,230,1,0.99416465,0.9383924702976756,0.01762020195259804,"{""colsample_bytree"": 0.45771646146760026, ""learning_rate"": 0.06821014087179948, ""max_depth"": 2, ""min_child_weight"": 3, ""reg_lambda"": 4.17433069464385, ""subsample"": 0.6003314043111138}"
2,4,232,1,0.9308357,0.9085149502642546,0.020057367618178425,"{""colsample_bytree"": 0.45771646146760026, ""learning_rate"": 0.06821014087179948, ""max_depth"": 2, ""min_child_weight"": 3, ""reg_lambda"": 4.17433069464385, ""subsample"": 0.6003314043111138}"
2,4,233,0,0.4158471,0.4961434314687227,0.12388792390606505,"{""colsample_bytree"": 0.45771646146760026, ""learning_rate"": 0.06821014087179948, ""max_depth"": 2, ""min_child_weight"": 3, ""reg_lambda"": 4.17433069464385, ""subsample"": 0.6003314043111138}"
2,4,245,1,0.65626884,0.7182831714381479,0.07039332689788214,"{""colsample_bytree"": 0.45771646146760026, ""learning_rate"": 0.06821014087179948, ""max_depth"": 2, ""min_child_weight"": 3, ""reg_lambda"": 4.17433069464385, ""subsample"": 0.6003314043111138}"
2,4,252,1,0.9145496,0.9049069360997202,0.0204789337039752,"{""colsample_bytree"": 0.45771646146760026, ""learning_rate"": 0.06821014087179948, ""max_depth"": 2, ""min_child_weight"": 3, ""reg_lambda"": 4.17433069464385, ""subsample"": 0.6003314043111138}"
2,4,255,0,0.24338199,0.23692168765641233,0.06406132944061411,"{""colsample_bytree"": 0.45771646146760026, ""learning_rate"": 0.06821014087179948, ""max_depth"": 2, ""min_child_weight"": 3, ""reg_lambda"": 4.17433069464385, ""subsample"": 0.6003314043111138}"
2,4,260,1,0.9815716,0.9309821414619657,0.019697042997233162,"{""colsample_bytree"": 0.45771646146760026, ""learning_rate"": 0.06821014087179948, ""max_depth"": 2, ""min_child_weight"": 3, ""reg_lambda"": 4.17433069464385, ""subsample"": 0.6003314043111138}"
2,4,266,1,0.8987427,0.9075058342681915,0.020143656131146177,"{""colsample_bytree"": 0.45771646146760026, ""learning_rate"": 0.06821014087179948, ""max_depth"": 2, ""min_child_weight"": 3, ""reg_lambda"": 4.17433069464385, ""subsample"": 0.6003314043111138}"
2,4,269,1,0.9682312,0.9333803144297574,0.01871868988549759,"{""colsample_bytree"": 0.45771646146760026, ""learning_rate"": 0.06821014087179948, ""max_depth"": 2, ""min_child_weight"": 3, ""reg_lambda"": 4.17433069464385, ""subsample"": 0.6003314043111138}"
2,4,274,1,0.9905537,0.9379511070259525,0.017498360887120635,"{""colsample_bytree"": 0.45771646146760026, ""learning_rate"": 0.06821014087179948, ""max_depth"": 2, ""min_child_weight"": 3, ""reg_lambda"": 4.17433069464385, ""subsample"": 0.6003314043111138}"
2,4,277,1,0.9826066,0.9345981193164101,0.019281163810010157,"{""colsample_bytree"": 0.45771646146760026, ""learning_rate"": 0.06821014087179948, ""max_depth"": 2, ""min_child_weight"": 3, ""reg_lambda"": 4.17433069464385, ""subsample"": 0.6003314043111138}"
2,4,285,0,0.4114818,0.378220424743726,0.16014695896721431,"{""colsample_bytree"": 0.45771646146760026, ""learning_rate"": 0.06821014087179948, ""max_depth"": 2, ""min_child_weight"": 3, ""reg_lambda"": 4.17433069464385, ""subsample"": 0.6003314043111138}"
2,4,289,0,0.22215235,0.21775601105514997,0.1152669229866388,"{""colsample_bytree"": 0.45771646146760026, ""learning_rate"": 0.06821014087179948, ""max_depth"": 2, ""min_child_weight"": 3, ""reg_lambda"": 4.17433069464385, ""subsample"": 0.6003314043111138}"
2,4,291,0,0.3667451,0.45602889710185135,0.08543918324829713,"{""colsample_bytree"": 0.45771646146760026, ""learning_rate"": 0.06821014087179948, ""max_depth"": 2, ""min_child_weight"": 3, ""reg_lambda"": 4.17433069464385, ""subsample"": 0.6003314043111138}"
3,0,3,0,0.55109674,0.5508156565397904,0.10675557733506477,"{""colsample_bytree"": 0.4524097857413051, ""learning_rate"": 0.02189992474515965, ""max_depth"": 2, ""min_child_weight"": 3, ""reg_lambda"": 4.133749571478125, ""subsample"": 0.9224901871236076}"
3,0,5,1,0.8027096,0.8733566538082022,0.04174359876219763,"{""colsample_bytree"": 0.4524097857413051, ""learning_rate"": 0.02189992474515965, ""max_depth"": 2, ""min_child_weight"": 3, ""reg_lambda"": 4.133749571478125, ""subsample"": 0.9224901871236076}"
3,0,24,1,0.892915,0.9081342128505169,0.04340557495976471,"{""colsample_bytree"": 0.4524097857413051, ""learning_rate"": 0.02189992474515965, ""max_depth"": 2, ""min_child_weight"": 3, ""reg_lambda"": 4.133749571478125, ""subsample"": 0.9224901871236076}"
3,0,26,0,0.44990286,0.39599465024020297,0.15757448888588138,"{""colsample_bytree"": 0.4524097857413051, ""learning_rate"": 0.02189992474515965, ""max_depth"": 2, ""min_child_weight"": 3, ""reg_lambda"": 4.133749571478125, ""subsample"": 0.9224901871236076}"
3,0,27,1,0.3706348,0.2560270399209124,0.09200186166917843,"{""colsample_bytree"": 0.4524097857413051, ""learning_rate"": 0.02189992474515965, ""max_depth"": 2, ""min_child_weight"": 3, ""reg_lambda"": 4.133749571478125, ""subsample"": 0.9224901871236076}"
3,0,31,1,0.8686187,0.9133709261132626,0.03461189879440735,"{""colsample_bytree"": 0.4524097857413051, ""learning_rate"": 0.02189992474515965, ""max_depth"": 2, ""min_child_weight"": 3, ""reg_lambda"": 4.133749571478125, ""subsample"": 0.9224901871236076}"
3,0,42,0,0.26696178,0.13236444025797695,0.07734300128598892,"{""colsample_bytree"": 0.4524097857413051, ""learning_rate"": 0.02189992474515965, ""max_depth"": 2, ""min_child_weight"": 3, ""reg_lambda"": 4.133749571478125, ""subsample"": 0.9224901871236076}"
3,0,45,1,0.8871247,0.9260805868291822,0.040326955123727345,"{""colsample_bytree"": 0.4524097857413051, ""learning_rate"": 0.02189992474515965, ""max_depth"": 2, ""min_child_weight"": 3, ""reg_lambda"": 4.133749571478125, ""subsample"": 0.9224901871236076}"
3,0,48,0,0.25508487,0.17215048589498497,0.10236512976672937,"{""colsample_bytree"": 0.4524097857413051, ""learning_rate"": 0.02189992474515965, ""max_depth"": 2, ""min_child_weight"": 3, ""reg_lambda"": 4.133749571478125, ""subsample"": 0.9224901871236076}"
3,0,50,1,0.70184076,0.7933041281987016,0.043771716857168,"{""colsample_bytree"": 0.4524097857413051, ""learning_rate"": 0.02189992474515965, ""max_depth"": 2, ""min_child_weight"": 3, ""reg_lambda"": 4.133749571478125, ""subsample"": 0.9224901871236076}"
3,0,53,1,0.5356836,0.5390980887809197,0.16805915550288406,"{""colsample_bytree"": 0.4524097857413051, ""learning_rate"": 0.02189992474515965, ""max_depth"": 2, ""min_child_weight"": 3, ""reg_lambda"": 4.133749571478125, ""subsample"": 0.9224901871236076}"
3,0,64,0,0.38447395,0.3217984316809184,0.11600021485943027,"{""colsample_bytree"": 0.4524097857413051, ""learning_rate"": 0.02189992474515965, ""max_depth"": 2, ""min_child_weight"": 3, ""reg_lambda"": 4.133749571478125, ""subsample"": 0.9224901871236076}"
3,0,66,1,0.9648273,0.9488294550556586,0.036872563557695935,"{""colsample_bytree"": 0.4524097857413051, ""learning_rate"": 0.02189992474515965, ""max_depth"": 2, ""min_child_weight"": 3, ""reg_lambda"": 4.133749571478125, ""subsample"": 0.9224901871236076}"
3,0,68,0,0.39416578,0.3335808527911318,0.05186560927133669,"{""colsample_bytree"": 0.4524097857413051, ""learning_rate"": 0.02189992474515965, ""max_depth"": 2, ""min_child_weight"": 3, ""reg_lambda"": 4.133749571478125, ""subsample"": 0.9224901871236076}"
3,0,82,1,0.7877672,0.8659583736221161,0.06037504599610878,"{""colsample_bytree"": 0.4524097857413051, ""learning_rate"": 0.02189992474515965, ""max_depth"": 2, ""min_child_weight"": 3, ""reg_lambda"": 4.133749571478125, ""subsample"": 0.9224901871236076}"
3,0,84,1,0.91955376,0.92566699990695,0.045653827261689706,"{""colsample_bytree"": 0.4524097857413051, ""learning_rate"": 0.02189992474515965, ""max_depth"": 2, ""min_child_weight"": 3, ""reg_lambda"": 4.133749571478125, ""subsample"": 0.9224901871236076}"
3,0,89,1,0.9530162,0.9476270851084909,0.03479526453484975,"{""colsample_bytree"": 0.4524097857413051, ""learning_rate"": 0.02189992474515965, ""max_depth"": 2, ""min_child_weight"": 3, ""reg_lambda"": 4.133749571478125, ""subsample"": 0.9224901871236076}"
3,0,93,0,0.93428993,0.9437673702977992,0.03320094655204271,"{""colsample_bytree"": 0.4524097857413051, ""learning_rate"": 0.02189992474515965, ""max_depth"": 2, ""min_child_weight"": 3, ""reg_lambda"": 4.133749571478125, ""subsample"": 0.9224901871236076}"
3,0,103,1,0.9516155,0.9499598286817349,0.03583314199291858,"{""colsample_bytree"": 0.4524097857413051, ""learning_rate"": 0.02189992474515965, ""max_depth"": 2, ""min_child_weight"": 3, ""reg_lambda"": 4.133749571478125, ""subsample"": 0.9224901871236076}"
3,0,104,1,0.7169383,0.7625724987567504,0.06939478559691967,"{""colsample_bytree"": 0.4524097857413051, ""learning_rate"": 0.02189992474515965, ""max_depth"": 2, ""min_child_weight"": 3, ""reg_lambda"": 4.133749571478125, ""subsample"": 0.9224901871236076}"
3,0,106,1,0.84535897,0.9047747915146054,0.027247190646544173,"{""colsample_bytree"": 0.4524097857413051, ""learning_rate"": 0.02189992474515965, ""max_depth"": 2, ""min_child_weight"": 3, ""reg_lambda"": 4.133749571478125, ""subsample"": 0.9224901871236076}"
3,0,110,1,0.39310664,0.23175036659329998,0.06994887638271856,"{""colsample_bytree"": 0.4524097857413051, ""learning_rate"": 0.02189992474515965, ""max_depth"": 2, ""min_child_weight"": 3, ""reg_lambda"": 4.133749571478125, ""subsample"": 0.9224901871236076}"
3,0,112,1,0.88891697,0.9240802028756198,0.02881510730610723,"{""colsample_bytree"": 0.4524097857413051, ""learning_rate"": 0.02189992474515965, ""max_depth"": 2, ""min_child_weight"": 3, ""reg_lambda"": 4.133749571478125, ""subsample"": 0.9224901871236076}"
3,0,116,1,0.949097,0.9480469880705706,0.03796374210105779,"{""colsample_bytree"": 0.4524097857413051, ""learning_rate"": 0.02189992474515965, ""max_depth"": 2, ""min_child_weight"": 3, ""reg_lambda"": 4.133749571478125, ""subsample"": 0.9224901871236076}"
3,0,118,1,0.91207904,0.9263476209204569,0.04757082591910542,"{""colsample_bytree"": 0.4524097857413051, ""learning_rate"": 0.02189992474515965, ""max_depth"": 2, ""min_child_weight"": 3, ""reg_lambda"": 4.133749571478125, ""subsample"": 0.9224901871236076}"
3,0,129,0,0.4829786,0.45654177000084645,0.16623025002736025,"{""colsample_bytree"": 0.4524097857413051, ""learning_rate"": 0.02189992474515965, ""max_depth"": 2, ""min_child_weight"": 3, ""reg_lambda"": 4.133749571478125, ""subsample"": 0.9224901871236076}"
3,0,131,1,0.9601312,0.9507458297480573,0.03476182105178983,"{""colsample_bytree"": 0.4524097857413051, ""learning_rate"": 0.02189992474515965, ""max_depth"": 2, ""min_child_weight"": 3, ""reg_lambda"": 4.133749571478125, ""subsample"": 0.9224901871236076}"
3,0,134,1,0.82130164,0.8847343848679656,0.03432518808761966,"{""colsample_bytree"": 0.4524097857413051, ""learning_rate"": 0.02189992474515965, ""max_depth"": 2, ""min_child_weight"": 3, ""reg_lambda"": 4.133749571478125, ""subsample"": 0.9224901871236076}"
3,0,139,1,0.93029255,0.9451136697318457,0.033431743203449445,"{""colsample_bytree"": 0.4524097857413051, ""learning_rate"": 0.02189992474515965, ""max_depth"": 2, ""min_child_weight"": 3, ""reg_lambda"": 4.133749571478125, ""subsample"": 0.9224901871236076}"
3,0,145,1,0.80526066,0.8773912377335717,0.03982947406108934,"{""colsample_bytree"": 0.4524097857413051, ""learning_rate"": 0.02189992474515965, ""max_depth"": 2, ""min_child_weight"": 3, ""reg_lambda"": 4.133749571478125, ""subsample"": 0.9224901871236076}"
3,0,149,1,0.8781276,0.9215692609796617,0.03217297995219647,"{""colsample_bytree"": 0.4524097857413051, ""learning_rate"": 0.02189992474515965, ""max_depth"": 2, ""min_child_weight"": 3, ""reg_lambda"": 4.133749571478125, ""subsample"": 0.9224901871236076}"
3,0,155,1,0.9429629,0.9450840339694961,0.034108125617950395,"{""colsample_bytree"": 0.4524097857413051, ""learning_rate"": 0.02189992474515965, ""max_depth"": 2, ""min_child_weight"": 3, ""reg_lambda"": 4.133749571478125, ""subsample"": 0.9224901871236076}"
3,0,171,1,0.832128,0.883772079614767,0.03963098844612013,"{""colsample_bytree"": 0.4524097857413051, ""learning_rate"": 0.02189992474515965, ""max_depth"": 2, ""min_child_weight"": 3, ""reg_lambda"": 4.133749571478125, ""subsample"": 0.9224901871236076}"
3,0,172,1,0.91232675,0.931780643932796,0.040726056395850044,"{""colsample_bytree"": 0.4524097857413051, ""learning_rate"": 0.02189992474515965, ""max_depth"": 2, ""min_child_weight"": 3, ""reg_lambda"": 4.133749571478125, ""subsample"": 0.9224901871236076}"
3,0,181,1,0.9406918,0.9440830670840172,0.03827301495147958,"{""colsample_bytree"": 0.4524097857413051, ""learning_rate"": 0.02189992474515965, ""max_depth"": 2, ""min_child_weight"": 3, ""reg_lambda"": 4.133749571478125, ""subsample"": 0.9224901871236076}"
3,0,186,0,0.6525853,0.7540847386101946,0.03288747307689047,"{""colsample_bytree"": 0.4524097857413051, ""learning_rate"": 0.02189992474515965, ""max_depth"": 2, ""min_child_weight"": 3, ""reg_lambda"": 4.133749571478125, ""subsample"": 0.9224901871236076}"
3,0,187,1,0.9279494,0.9412044461652258,0.03631185573265674,"{""colsample_bytree"": 0.4524097857413051, ""learning_rate"": 0.02189992474515965, ""max_depth"": 2, ""min_child_weight"": 3, ""reg_lambda"": 4.133749571478125, ""subsample"": 0.9224901871236076}"
3,0,188,1,0.65229744,0.6457749726957962,0.06815489400924726,"{""colsample_bytree"": 0.4524097857413051, ""learning_rate"": 0.02189992474515965, ""max_depth"": 2, ""min_child_weight"": 3, ""reg_lambda"": 4.133749571478125, ""subsample"": 0.9224901871236076}"
3,0,191,1,0.8993909,0.9260189216623731,0.04142976737438656,"{""colsample_bytree"": 0.4524097857413051, ""learning_rate"": 0.02189992474515965, ""max_depth"": 2, ""min_child_weight"": 3, ""reg_lambda"": 4.133749571478125, ""subsample"": 0.9224901871236076}"
3,0,196,0,0.22372772,0.1287321063113904,0.07162222181792557,"{""colsample_bytree"": 0.4524097857413051, ""learning_rate"": 0.02189992474515965, ""max_depth"": 2, ""min_child_weight"": 3, ""reg_lambda"": 4.133749571478125, ""subsample"": 0.9224901871236076}"
3,0,202,1,0.95277125,0.94962836234081,0.03438339805770966,"{""colsample_bytree"": 0.4524097857413051, ""learning_rate"": 0.02189992474515965, ""max_depth"": 2, ""min_child_weight"": 3, ""reg_lambda"": 4.133749571478125, ""subsample"": 0.9224901871236076}"
3,0,205,1,0.3811279,0.3384883219696618,0.18158997422294024,"{""colsample_bytree"": 0.4524097857413051, ""learning_rate"": 0.02189992474515965, ""max_depth"": 2, ""min_child_weight"": 3, ""reg_lambda"": 4.133749571478125, ""subsample"": 0.9224901871236076}"
3,0,209,1,0.9098463,0.9330700933122792,0.0317576570593236,"{""colsample_bytree"": 0.4524097857413051, ""learning_rate"": 0.02189992474515965, ""max_depth"": 2, ""min_child_weight"": 3, ""reg_lambda"": 4.133749571478125, ""subsample"": 0.9224901871236076}"
3,0,210,0,0.1913652,0.10631030040507009,0.06333461508273497,"{""colsample_bytree"": 0.4524097857413051, ""learning_rate"": 0.02189992474515965, ""max_depth"": 2, ""min_child_weight"": 3, ""reg_lambda"": 4.133749571478125, ""subsample"": 0.9224901871236076}"
3,0,212,0,0.14127907,0.07750068819550104,0.05540234582185047,"{""colsample_bytree"": 0.4524097857413051, ""learning_rate"": 0.02189992474515965, ""max_depth"": 2, ""min_child_weight"": 3, ""reg_lambda"": 4.133749571478125, ""subsample"": 0.9224901871236076}"
3,0,220,1,0.7601716,0.8403418866243856,0.03027804373737967,"{""colsample_bytree"": 0.4524097857413051, ""learning_rate"": 0.02189992474515965, ""max_depth"": 2, ""min_child_weight"": 3, ""reg_lambda"": 4.133749571478125, ""subsample"": 0.9224901871236076}"
3,0,221,1,0.65646774,0.7368916439139375,0.0987747872977772,"{""colsample_bytree"": 0.4524097857413051, ""learning_rate"": 0.02189992474515965, ""max_depth"": 2, ""min_child_weight"": 3, ""reg_lambda"": 4.133749571478125, ""subsample"": 0.9224901871236076}"
3,0,227,1,0.78747404,0.8553532422994289,0.032787342404676525,"{""colsample_bytree"": 0.4524097857413051, ""learning_rate"": 0.02189992474515965, ""max_depth"": 2, ""min_child_weight"": 3, ""reg_lambda"": 4.133749571478125, ""subsample"": 0.9224901871236076}"
3,0,243,1,0.9063184,0.9297950586591479,0.037165811582288856,"{""colsample_bytree"": 0.4524097857413051, ""learning_rate"": 0.02189992474515965, ""max_depth"": 2, ""min_child_weight"": 3, ""reg_lambda"": 4.133749571478125, ""subsample"": 0.9224901871236076}"
3,0,245,1,0.5599849,0.572476129684224,0.11512916543245641,"{""colsample_bytree"": 0.4524097857413051, ""learning_rate"": 0.02189992474515965, ""max_depth"": 2, ""min_child_weight"": 3, ""reg_lambda"": 4.133749571478125, ""subsample"": 0.9224901871236076}"
3,0,246,1,0.95161283,0.9473074208919922,0.03857546867504605,"{""colsample_bytree"": 0.4524097857413051, ""learning_rate"": 0.02189992474515965, ""max_depth"": 2, ""min_child_weight"": 3, ""reg_lambda"": 4.133749571478125, ""subsample"": 0.9224901871236076}"
3,0,248,1,0.9614492,0.9514151520077394,0.03411887620851881,"{""colsample_bytree"": 0.4524097857413051, ""learning_rate"": 0.02189992474515965, ""max_depth"": 2, ""min_child_weight"": 3, ""reg_lambda"": 4.133749571478125, ""subsample"": 0.9224901871236076}"
3,0,257,0,0.3493341,0.22455787249439854,0.1132076174374607,"{""colsample_bytree"": 0.4524097857413051, ""learning_rate"": 0.02189992474515965, ""max_depth"": 2, ""min_child_weight"": 3, ""reg_lambda"": 4.133749571478125, ""subsample"": 0.9224901871236076}"
3,0,267,1,0.90500814,0.9316824286932203,0.03815066043752631,"{""colsample_bytree"": 0.4524097857413051, ""learning_rate"": 0.02189992474515965, ""max_depth"": 2, ""min_child_weight"": 3, ""reg_lambda"": 4.133749571478125, ""subsample"": 0.9224901871236076}"
3,0,268,0,0.66590035,0.6316664198764851,0.16267336170184812,"{""colsample_bytree"": 0.4524097857413051, ""learning_rate"": 0.02189992474515965, ""max_depth"": 2, ""min_child_weight"": 3, ""reg_lambda"": 4.133749571478125, ""subsample"": 0.9224901871236076}"
3,0,274,1,0.96343917,0.950265840120512,0.037510923644649,"{""colsample_bytree"": 0.4524097857413051, ""learning_rate"": 0.02189992474515965, ""max_depth"": 2, ""min_child_weight"": 3, ""reg_lambda"": 4.133749571478125, ""subsample"": 0.9224901871236076}"
3,0,278,1,0.935611,0.9433709119694139,0.03652711185694801,"{""colsample_bytree"": 0.4524097857413051, ""learning_rate"": 0.02189992474515965, ""max_depth"": 2, ""min_child_weight"": 3, ""reg_lambda"": 4.133749571478125, ""subsample"": 0.9224901871236076}"
3,0,291,0,0.47088885,0.4201378308953987,0.13985899831530266,"{""colsample_bytree"": 0.4524097857413051, ""learning_rate"": 0.02189992474515965, ""max_depth"": 2, ""min_child_weight"": 3, ""reg_lambda"": 4.133749571478125, ""subsample"": 0.9224901871236076}"
3,0,293,0,0.3829927,0.32236224506111616,0.08935664618846495,"{""colsample_bytree"": 0.4524097857413051, ""learning_rate"": 0.02189992474515965, ""max_depth"": 2, ""min_child_weight"": 3, ""reg_lambda"": 4.133749571478125, ""subsample"": 0.9224901871236076}"
3,0,301,0,0.27454755,0.16454388503536302,0.0939279794987146,"{""colsample_bytree"": 0.4524097857413051, ""learning_rate"": 0.02189992474515965, ""max_depth"": 2, ""min_child_weight"": 3, ""reg_lambda"": 4.133749571478125, ""subsample"": 0.9224901871236076}"
3,0,302,1,0.7848936,0.8445388877355127,0.06183309074834189,"{""colsample_bytree"": 0.4524097857413051, ""learning_rate"": 0.02189992474515965, ""max_depth"": 2, ""min_child_weight"": 3, ""reg_lambda"": 4.133749571478125, ""subsample"": 0.9224901871236076}"
3,1,7,1,0.9401061,0.9444307905475992,0.021739086644241186,"{""colsample_bytree"": 0.5737804034643752, ""learning_rate"": 0.028585225964028956, ""max_depth"": 2, ""min_child_weight"": 5, ""reg_lambda"": 7.538946824064846, ""subsample"": 0.9875338774829252}"
3,1,13,1,0.8804818,0.9059644160385012,0.0446201801682355,"{""colsample_bytree"": 0.5737804034643752, ""learning_rate"": 0.028585225964028956, ""max_depth"": 2, ""min_child_weight"": 5, ""reg_lambda"": 7.538946824064846, ""subsample"": 0.9875338774829252}"
3,1,19,1,0.974481,0.952254177744609,0.022397069599239112,"{""colsample_bytree"": 0.5737804034643752, ""learning_rate"": 0.028585225964028956, ""max_depth"": 2, ""min_child_weight"": 5, ""reg_lambda"": 7.538946824064846, ""subsample"": 0.9875338774829252}"
3,1,21,1,0.8589643,0.9189274350133806,0.024630723093054113,"{""colsample_bytree"": 0.5737804034643752, ""learning_rate"": 0.028585225964028956, ""max_depth"": 2, ""min_child_weight"": 5, ""reg_lambda"": 7.538946824064846, ""subsample"": 0.9875338774829252}"
3,1,22,1,0.9454229,0.942906094002271,0.020084638278430628,"{""colsample_bytree"": 0.5737804034643752, ""learning_rate"": 0.028585225964028956, ""max_depth"": 2, ""min_child_weight"": 5, ""reg_lambda"": 7.538946824064846, ""subsample"": 0.9875338774829252}"
3,1,28,1,0.94273436,0.9465229381084097,0.023404003115894363,"{""colsample_bytree"": 0.5737804034643752, ""learning_rate"": 0.028585225964028956, ""max_depth"": 2, ""min_child_weight"": 5, ""reg_lambda"": 7.538946824064846, ""subsample"": 0.9875338774829252}"
3,1,44,1,0.7561157,0.803594660785968,0.050199945097114756,"{""colsample_bytree"": 0.5737804034643752, ""learning_rate"": 0.028585225964028956, ""max_depth"": 2, ""min_child_weight"": 5, ""reg_lambda"": 7.538946824064846, ""subsample"": 0.9875338774829252}"
3,1,46,1,0.93978065,0.9383881742432699,0.02367093577295756,"{""colsample_bytree"": 0.5737804034643752, ""learning_rate"": 0.028585225964028956, ""max_depth"": 2, ""min_child_weight"": 5, ""reg_lambda"": 7.538946824064846, ""subsample"": 0.9875338774829252}"
3,1,47,1,0.9402558,0.9398215740568364,0.026355967283037653,"{""colsample_bytree"": 0.5737804034643752, ""learning_rate"": 0.028585225964028956, ""max_depth"": 2, ""min_child_weight"": 5, ""reg_lambda"": 7.538946824064846, ""subsample"": 0.9875338774829252}"
3,1,49,1,0.776229,0.8353125269425146,0.0872453527087567,"{""colsample_bytree"": 0.5737804034643752, ""learning_rate"": 0.028585225964028956, ""max_depth"": 2, ""min_child_weight"": 5, ""reg_lambda"": 7.538946824064846, ""subsample"": 0.9875338774829252}"
3,1,55,1,0.95385367,0.9484320930922235,0.02022145605897751,"{""colsample_bytree"": 0.5737804034643752, ""learning_rate"": 0.028585225964028956, ""max_depth"": 2, ""min_child_weight"": 5, ""reg_lambda"": 7.538946824064846, ""subsample"": 0.9875338774829252}"
3,1,59,1,0.94588536,0.9477937020699738,0.02251727624993095,"{""colsample_bytree"": 0.5737804034643752, ""learning_rate"": 0.028585225964028956, ""max_depth"": 2, ""min_child_weight"": 5, ""reg_lambda"": 7.538946824064846, ""subsample"": 0.9875338774829252}"
3,1,62,1,0.31080645,0.30553362153496594,0.10209793853798378,"{""colsample_bytree"": 0.5737804034643752, ""learning_rate"": 0.028585225964028956, ""max_depth"": 2, ""min_child_weight"": 5, ""reg_lambda"": 7.538946824064846, ""subsample"": 0.9875338774829252}"
3,1,72,1,0.91560847,0.9377215206900218,0.01924102093254499,"{""colsample_bytree"": 0.5737804034643752, ""learning_rate"": 0.028585225964028956, ""max_depth"": 2, ""min_child_weight"": 5, ""reg_lambda"": 7.538946824064846, ""subsample"": 0.9875338774829252}"
3,1,74,1,0.9706693,0.951577836644644,0.022453835743138306,"{""colsample_bytree"": 0.5737804034643752, ""learning_rate"": 0.028585225964028956, ""max_depth"": 2, ""min_child_weight"": 5, ""reg_lambda"": 7.538946824064846, ""subsample"": 0.9875338774829252}"
3,1,76,1,0.958539,0.9471529678041544,0.023754416623538655,"{""colsample_bytree"": 0.5737804034643752, ""learning_rate"": 0.028585225964028956, ""max_depth"": 2, ""min_child_weight"": 5, ""reg_lambda"": 7.538946824064846, ""subsample"": 0.9875338774829252}"
3,1,77,1,0.797088,0.8814025386283243,0.05967407395577254,"{""colsample_bytree"": 0.5737804034643752, ""learning_rate"": 0.028585225964028956, ""max_depth"": 2, ""min_child_weight"": 5, ""reg_lambda"": 7.538946824064846, ""subsample"": 0.9875338774829252}"
3,1,79,0,0.25998765,0.2345533626115488,0.12509514922555293,"{""colsample_bytree"": 0.5737804034643752, ""learning_rate"": 0.028585225964028956, ""max_depth"": 2, ""min_child_weight"": 5, ""reg_lambda"": 7.538946824064846, ""subsample"": 0.9875338774829252}"
3,1,90,1,0.8416254,0.8991505443807132,0.019740511255191936,"{""colsample_bytree"": 0.5737804034643752, ""learning_rate"": 0.028585225964028956, ""max_depth"": 2, ""min_child_weight"": 5, ""reg_lambda"": 7.538946824064846, ""subsample"": 0.9875338774829252}"
3,1,98,1,0.9543359,0.9464634978076637,0.023371376819185444,"{""colsample_bytree"": 0.5737804034643752, ""learning_rate"": 0.028585225964028956, ""max_depth"": 2, ""min_child_weight"": 5, ""reg_lambda"": 7.538946824064846, ""subsample"": 0.9875338774829252}"
3,1,108,0,0.40021893,0.3464566122783678,0.13618709436471063,"{""colsample_bytree"": 0.5737804034643752, ""learning_rate"": 0.028585225964028956, ""max_depth"": 2, ""min_child_weight"": 5, ""reg_lambda"": 7.538946824064846, ""subsample"": 0.9875338774829252}"
3,1,109,1,0.9565496,0.9467443724152403,0.023860323371780186,"{""colsample_bytree"": 0.5737804034643752, ""learning_rate"": 0.028585225964028956, ""max_depth"": 2, ""min_child_weight"": 5, ""reg_lambda"": 7.538946824064846, ""subsample"": 0.9875338774829252}"
3,1,124,1,0.6245104,0.6314457109984921,0.10537905957119241,"{""colsample_bytree"": 0.5737804034643752, ""learning_rate"": 0.028585225964028956, ""max_depth"": 2, ""min_child_weight"": 5, ""reg_lambda"": 7.538946824064846, ""subsample"": 0.9875338774829252}"
3,1,127,1,0.9546636,0.9449123011517884,0.02489502961161761,"{""colsample_bytree"": 0.5737804034643752, ""learning_rate"": 0.028585225964028956, ""max_depth"": 2, ""min_child_weight"": 5, ""reg_lambda"": 7.538946824064846, ""subsample"": 0.9875338774829252}"
3,1,137,0,0.2434194,0.17441839295336092,0.09100532771199087,"{""colsample_bytree"": 0.5737804034643752, ""learning_rate"": 0.028585225964028956, ""max_depth"": 2, ""min_child_weight"": 5, ""reg_lambda"": 7.538946824064846, ""subsample"": 0.9875338774829252}"
3,1,140,1,0.9227046,0.9355849158730001,0.026670284266150215,"{""colsample_bytree"": 0.5737804034643752, ""learning_rate"": 0.028585225964028956, ""max_depth"": 2, ""min_child_weight"": 5, ""reg_lambda"": 7.538946824064846, ""subsample"": 0.9875338774829252}"
3,1,144,1,0.9176373,0.9266417249124776,0.027685776498102242,"{""colsample_bytree"": 0.5737804034643752, ""learning_rate"": 0.028585225964028956, ""max_depth"": 2, ""min_child_weight"": 5, ""reg_lambda"": 7.538946824064846, ""subsample"": 0.9875338774829252}"
3,1,150,0,0.72963226,0.8069295006332154,0.054847811075504536,"{""colsample_bytree"": 0.5737804034643752, ""learning_rate"": 0.028585225964028956, ""max_depth"": 2, ""min_child_weight"": 5, ""reg_lambda"": 7.538946824064846, ""subsample"": 0.9875338774829252}"
3,1,151,0,0.771678,0.8404175608386488,0.08023136631060881,"{""colsample_bytree"": 0.5737804034643752, ""learning_rate"": 0.028585225964028956, ""max_depth"": 2, ""min_child_weight"": 5, ""reg_lambda"": 7.538946824064846, ""subsample"": 0.9875338774829252}"
3,1,154,1,0.88360935,0.9137451376324117,0.021315139755902292,"{""colsample_bytree"": 0.5737804034643752, ""learning_rate"": 0.028585225964028956, ""max_depth"": 2, ""min_child_weight"": 5, ""reg_lambda"": 7.538946824064846, ""subsample"": 0.9875338774829252}"
3,1,160,1,0.91560405,0.9303550034028116,0.022527680680189024,"{""colsample_bytree"": 0.5737804034643752, ""learning_rate"": 0.028585225964028956, ""max_depth"": 2, ""min_child_weight"": 5, ""reg_lambda"": 7.538946824064846, ""subsample"": 0.9875338774829252}"
3,1,162,1,0.93374103,0.9439831715246709,0.02278743471955266,"{""colsample_bytree"": 0.5737804034643752, ""learning_rate"": 0.028585225964028956, ""max_depth"": 2, ""min_child_weight"": 5, ""reg_lambda"": 7.538946824064846, ""subsample"": 0.9875338774829252}"
3,1,163,1,0.6092205,0.7132811631982874,0.05798252683241362,"{""colsample_bytree"": 0.5737804034643752, ""learning_rate"": 0.028585225964028956, ""max_depth"": 2, ""min_child_weight"": 5, ""reg_lambda"": 7.538946824064846, ""subsample"": 0.9875338774829252}"
3,1,169,0,0.28311232,0.22851441456901272,0.1547874327952076,"{""colsample_bytree"": 0.5737804034643752, ""learning_rate"": 0.028585225964028956, ""max_depth"": 2, ""min_child_weight"": 5, ""reg_lambda"": 7.538946824064846, ""subsample"": 0.9875338774829252}"
3,1,173,1,0.93557245,0.9395632147788276,0.0253730648991301,"{""colsample_bytree"": 0.5737804034643752, ""learning_rate"": 0.028585225964028956, ""max_depth"": 2, ""min_child_weight"": 5, ""reg_lambda"": 7.538946824064846, ""subsample"": 0.9875338774829252}"
3,1,175,0,0.81052166,0.8950827338759728,0.009726758108442899,"{""colsample_bytree"": 0.5737804034643752, ""learning_rate"": 0.028585225964028956, ""max_depth"": 2, ""min_child_weight"": 5, ""reg_lambda"": 7.538946824064846, ""subsample"": 0.9875338774829252}"
3,1,176,1,0.27669182,0.2559241895397679,0.15237877082644458,"{""colsample_bytree"": 0.5737804034643752, ""learning_rate"": 0.028585225964028956, ""max_depth"": 2, ""min_child_weight"": 5, ""reg_lambda"": 7.538946824064846, ""subsample"": 0.9875338774829252}"
3,1,177,1,0.9294216,0.9356572133413501,0.0259391259895118,"{""colsample_bytree"": 0.5737804034643752, ""learning_rate"": 0.028585225964028956, ""max_depth"": 2, ""min_child_weight"": 5, ""reg_lambda"": 7.538946824064846, ""subsample"": 0.9875338774829252}"
3,1,178,1,0.8445675,0.9038362037777208,0.021990167216651927,"{""colsample_bytree"": 0.5737804034643752, ""learning_rate"": 0.028585225964028956, ""max_depth"": 2, ""min_child_weight"": 5, ""reg_lambda"": 7.538946824064846, ""subsample"": 0.9875338774829252}"
3,1,183,0,0.8467046,0.9104784473218756,0.030122040320120048,"{""colsample_bytree"": 0.5737804034643752, ""learning_rate"": 0.028585225964028956, ""max_depth"": 2, ""min_child_weight"": 5, ""reg_lambda"": 7.538946824064846, ""subsample"": 0.9875338774829252}"
3,1,193,0,0.70890504,0.7333632804475078,0.15637165453031487,"{""colsample_bytree"": 0.5737804034643752, ""learning_rate"": 0.028585225964028956, ""max_depth"": 2, ""min_child_weight"": 5, ""reg_lambda"": 7.538946824064846, ""subsample"": 0.9875338774829252}"
3,1,195,1,0.93037766,0.9400779911742809,0.021672876218238987,"{""colsample_bytree"": 0.5737804034643752, ""learning_rate"": 0.028585225964028956, ""max_depth"": 2, ""min_child_weight"": 5, ""reg_lambda"": 7.538946824064846, ""subsample"": 0.9875338774829252}"
3,1,201,0,0.32342428,0.29919106638748244,0.15144048833282844,"{""colsample_bytree"": 0.5737804034643752, ""learning_rate"": 0.028585225964028956, ""max_depth"": 2, ""min_child_weight"": 5, ""reg_lambda"": 7.538946824064846, ""subsample"": 0.9875338774829252}"
3,1,203,0,0.33087993,0.29198309136461253,0.14045277749566187,"{""colsample_bytree"": 0.5737804034643752, ""learning_rate"": 0.028585225964028956, ""max_depth"": 2, ""min_child_weight"": 5, ""reg_lambda"": 7.538946824064846, ""subsample"": 0.9875338774829252}"
3,1,204,0,0.71258885,0.77665445723701,0.06443623985106474,"{""colsample_bytree"": 0.5737804034643752, ""learning_rate"": 0.028585225964028956, ""max_depth"": 2, ""min_child_weight"": 5, ""reg_lambda"": 7.538946824064846, ""subsample"": 0.9875338774829252}"
3,1,211,1,0.6891791,0.7741442910905741,0.09129211075092203,"{""colsample_bytree"": 0.5737804034643752, ""learning_rate"": 0.028585225964028956, ""max_depth"": 2, ""min_child_weight"": 5, ""reg_lambda"": 7.538946824064846, ""subsample"": 0.9875338774829252}"
3,1,217,0,0.489499,0.44751278938413996,0.19245326428739376,"{""colsample_bytree"": 0.5737804034643752, ""learning_rate"": 0.028585225964028956, ""max_depth"": 2, ""min_child_weight"": 5, ""reg_lambda"": 7.538946824064846, ""subsample"": 0.9875338774829252}"
3,1,222,1,0.92313623,0.9300045699432399,0.03305450196618422,"{""colsample_bytree"": 0.5737804034643752, ""learning_rate"": 0.028585225964028956, ""max_depth"": 2, ""min_child_weight"": 5, ""reg_lambda"": 7.538946824064846, ""subsample"": 0.9875338774829252}"
3,1,233,0,0.60371524,0.6024929688921686,0.1611126045643368,"{""colsample_bytree"": 0.5737804034643752, ""learning_rate"": 0.028585225964028956, ""max_depth"": 2, ""min_child_weight"": 5, ""reg_lambda"": 7.538946824064846, ""subsample"": 0.9875338774829252}"
3,1,239,1,0.9421991,0.940268754965963,0.02658861322185629,"{""colsample_bytree"": 0.5737804034643752, ""learning_rate"": 0.028585225964028956, ""max_depth"": 2, ""min_child_weight"": 5, ""reg_lambda"": 7.538946824064846, ""subsample"": 0.9875338774829252}"
3,1,242,1,0.9167211,0.9245747324895683,0.020642865589654443,"{""colsample_bytree"": 0.5737804034643752, ""learning_rate"": 0.028585225964028956, ""max_depth"": 2, ""min_child_weight"": 5, ""reg_lambda"": 7.538946824064846, ""subsample"": 0.9875338774829252}"
3,1,247,0,0.15236907,0.1132716349914025,0.06594648106285032,"{""colsample_bytree"": 0.5737804034643752, ""learning_rate"": 0.028585225964028956, ""max_depth"": 2, ""min_child_weight"": 5, ""reg_lambda"": 7.538946824064846, ""subsample"": 0.9875338774829252}"
3,1,251,1,0.37914675,0.3289556465216222,0.16473660424114153,"{""colsample_bytree"": 0.5737804034643752, ""learning_rate"": 0.028585225964028956, ""max_depth"": 2, ""min_child_weight"": 5, ""reg_lambda"": 7.538946824064846, ""subsample"": 0.9875338774829252}"
3,1,260,1,0.92420566,0.9391686016238042,0.023013430090612946,"{""colsample_bytree"": 0.5737804034643752, ""learning_rate"": 0.028585225964028956, ""max_depth"": 2, ""min_child_weight"": 5, ""reg_lambda"": 7.538946824064846, ""subsample"": 0.9875338774829252}"
3,1,265,1,0.8901095,0.916100079646456,0.025731737474731942,"{""colsample_bytree"": 0.5737804034643752, ""learning_rate"": 0.028585225964028956, ""max_depth"": 2, ""min_child_weight"": 5, ""reg_lambda"": 7.538946824064846, ""subsample"": 0.9875338774829252}"
3,1,271,1,0.9084977,0.9375419697558518,0.02378778895800226,"{""colsample_bytree"": 0.5737804034643752, ""learning_rate"": 0.028585225964028956, ""max_depth"": 2, ""min_child_weight"": 5, ""reg_lambda"": 7.538946824064846, ""subsample"": 0.9875338774829252}"
3,1,283,1,0.54385436,0.5257647711384178,0.07760872361912886,"{""colsample_bytree"": 0.5737804034643752, ""learning_rate"": 0.028585225964028956, ""max_depth"": 2, ""min_child_weight"": 5, ""reg_lambda"": 7.538946824064846, ""subsample"": 0.9875338774829252}"
3,1,289,0,0.5024883,0.4224501369785216,0.09180078951593938,"{""colsample_bytree"": 0.5737804034643752, ""learning_rate"": 0.028585225964028956, ""max_depth"": 2, ""min_child_weight"": 5, ""reg_lambda"": 7.538946824064846, ""subsample"": 0.9875338774829252}"
3,1,292,0,0.5088209,0.5860327373241161,0.16116495203043166,"{""colsample_bytree"": 0.5737804034643752, ""learning_rate"": 0.028585225964028956, ""max_depth"": 2, ""min_child_weight"": 5, ""reg_lambda"": 7.538946824064846, ""subsample"": 0.9875338774829252}"
3,1,298,1,0.872079,0.9071808858258835,0.03237774066032536,"{""colsample_bytree"": 0.5737804034643752, ""learning_rate"": 0.028585225964028956, ""max_depth"": 2, ""min_child_weight"": 5, ""reg_lambda"": 7.538946824064846, ""subsample"": 0.9875338774829252}"
3,1,299,0,0.18614598,0.1276651384859651,0.07677581115335609,"{""colsample_bytree"": 0.5737804034643752, ""learning_rate"": 0.028585225964028956, ""max_depth"": 2, ""min_child_weight"": 5, ""reg_lambda"": 7.538946824064846, ""subsample"": 0.9875338774829252}"
3,2,10,1,0.94613594,0.9304501256095197,0.022372207871123567,"{""colsample_bytree"": 0.5198989610253888, ""learning_rate"": 0.06056307135196118, ""max_depth"": 2, ""min_child_weight"": 5, ""reg_lambda"": 2.78276632773182, ""subsample"": 0.7643897641445209}"
3,2,11,1,0.98213273,0.9402474038708324,0.021368090469235303,"{""colsample_bytree"": 0.5198989610253888, ""learning_rate"": 0.06056307135196118, ""max_depth"": 2, ""min_child_weight"": 5, ""reg_lambda"": 2.78276632773182, ""subsample"": 0.7643897641445209}"
3,2,14,1,0.6744223,0.7163516262183137,0.080096877720522,"{""colsample_bytree"": 0.5198989610253888, ""learning_rate"": 0.06056307135196118, ""max_depth"": 2, ""min_child_weight"": 5, ""reg_lambda"": 2.78276632773182, ""subsample"": 0.7643897641445209}"
3,2,25,1,0.96299165,0.9337602916378531,0.024259135095155548,"{""colsample_bytree"": 0.5198989610253888, ""learning_rate"": 0.06056307135196118, ""max_depth"": 2, ""min_child_weight"": 5, ""reg_lambda"": 2.78276632773182, ""subsample"": 0.7643897641445209}"
3,2,30,1,0.97903425,0.9384425330812212,0.020622011481942235,"{""colsample_bytree"": 0.5198989610253888, ""learning_rate"": 0.06056307135196118, ""max_depth"": 2, ""min_child_weight"": 5, ""reg_lambda"": 2.78276632773182, ""subsample"": 0.7643897641445209}"
3,2,32,1,0.9578264,0.9333250488898857,0.020160397632673098,"{""colsample_bytree"": 0.5198989610253888, ""learning_rate"": 0.06056307135196118, ""max_depth"": 2, ""min_child_weight"": 5, ""reg_lambda"": 2.78276632773182, ""subsample"": 0.7643897641445209}"
3,2,37,1,0.31925422,0.2248734423005844,0.08776276026677707,"{""colsample_bytree"": 0.5198989610253888, ""learning_rate"": 0.06056307135196118, ""max_depth"": 2, ""min_child_weight"": 5, ""reg_lambda"": 2.78276632773182, ""subsample"": 0.7643897641445209}"
3,2,39,1,0.9923844,0.9444212141880854,0.021002051436959344,"{""colsample_bytree"": 0.5198989610253888, ""learning_rate"": 0.06056307135196118, ""max_depth"": 2, ""min_child_weight"": 5, ""reg_lambda"": 2.78276632773182, ""subsample"": 0.7643897641445209}"
3,2,51,1,0.98348546,0.9406921757483954,0.020930417216006216,"{""colsample_bytree"": 0.5198989610253888, ""learning_rate"": 0.06056307135196118, ""max_depth"": 2, ""min_child_weight"": 5, ""reg_lambda"": 2.78276632773182, ""subsample"": 0.7643897641445209}"
3,2,63,1,0.89348996,0.8728774958535457,0.036827897563331505,"{""colsample_bytree"": 0.5198989610253888, ""learning_rate"": 0.06056307135196118, ""max_depth"": 2, ""min_child_weight"": 5, ""reg_lambda"": 2.78276632773182, ""subsample"": 0.7643897641445209}"
3,2,70,0,0.30056465,0.24253082897428985,0.13248088240240458,"{""colsample_bytree"": 0.5198989610253888, ""learning_rate"": 0.06056307135196118, ""max_depth"": 2, ""min_child_weight"": 5, ""reg_lambda"": 2.78276632773182, ""subsample"": 0.7643897641445209}"
3,2,71,1,0.9570376,0.9357634699696284,0.020955001343886073,"{""colsample_bytree"": 0.5198989610253888, ""learning_rate"": 0.06056307135196118, ""max_depth"": 2, ""min_child_weight"": 5, ""reg_lambda"": 2.78276632773182, ""subsample"": 0.7643897641445209}"
3,2,78,1,0.8392492,0.871220168925215,0.05787097624730406,"{""colsample_bytree"": 0.5198989610253888, ""learning_rate"": 0.06056307135196118, ""max_depth"": 2, ""min_child_weight"": 5, ""reg_lambda"": 2.78276632773182, ""subsample"": 0.7643897641445209}"
3,2,85,1,0.73090476,0.7782997826524813,0.08327938562933804,"{""colsample_bytree"": 0.5198989610253888, ""learning_rate"": 0.06056307135196118, ""max_depth"": 2, ""min_child_weight"": 5, ""reg_lambda"": 2.78276632773182, ""subsample"": 0.7643897641445209}"
3,2,86,1,0.8769791,0.912766114782082,0.02662180630581292,"{""colsample_bytree"": 0.5198989610253888, ""learning_rate"": 0.06056307135196118, ""max_depth"": 2, ""min_child_weight"": 5, ""reg_lambda"": 2.78276632773182, ""subsample"": 0.7643897641445209}"
3,2,87,1,0.95606565,0.9254548313980347,0.027480448395125905,"{""colsample_bytree"": 0.5198989610253888, ""learning_rate"": 0.06056307135196118, ""max_depth"": 2, ""min_child_weight"": 5, ""reg_lambda"": 2.78276632773182, ""subsample"": 0.7643897641445209}"
3,2,91,0,0.43057823,0.42336643259257256,0.11272011663426094,"{""colsample_bytree"": 0.5198989610253888, ""learning_rate"": 0.06056307135196118, ""max_depth"": 2, ""min_child_weight"": 5, ""reg_lambda"": 2.78276632773182, ""subsample"": 0.7643897641445209}"
3,2,96,1,0.7643337,0.8473434013463331,0.032519702782758536,"{""colsample_bytree"": 0.5198989610253888, ""learning_rate"": 0.06056307135196118, ""max_depth"": 2, ""min_child_weight"": 5, ""reg_lambda"": 2.78276632773182, ""subsample"": 0.7643897641445209}"
3,2,97,1,0.8692654,0.8625996785826547,0.07449939653757412,"{""colsample_bytree"": 0.5198989610253888, ""learning_rate"": 0.06056307135196118, ""max_depth"": 2, ""min_child_weight"": 5, ""reg_lambda"": 2.78276632773182, ""subsample"": 0.7643897641445209}"
3,2,99,1,0.7580921,0.8239414733335874,0.08094423826024125,"{""colsample_bytree"": 0.5198989610253888, ""learning_rate"": 0.06056307135196118, ""max_depth"": 2, ""min_child_weight"": 5, ""reg_lambda"": 2.78276632773182, ""subsample"": 0.7643897641445209}"
3,2,111,1,0.953063,0.9332662133890632,0.024988661963494353,"{""colsample_bytree"": 0.5198989610253888, ""learning_rate"": 0.06056307135196118, ""max_depth"": 2, ""min_child_weight"": 5, ""reg_lambda"": 2.78276632773182, ""subsample"": 0.7643897641445209}"
3,2,114,1,0.99225944,0.9442481860995292,0.02144614680397907,"{""colsample_bytree"": 0.5198989610253888, ""learning_rate"": 0.06056307135196118, ""max_depth"": 2, ""min_child_weight"": 5, ""reg_lambda"": 2.78276632773182, ""subsample"": 0.7643897641445209}"
3,2,115,1,0.94016004,0.9268209223341739,0.021610025971848846,"{""colsample_bytree"": 0.5198989610253888, ""learning_rate"": 0.06056307135196118, ""max_depth"": 2, ""min_child_weight"": 5, ""reg_lambda"": 2.78276632773182, ""subsample"": 0.7643897641445209}"
3,2,117,1,0.9916397,0.9434455292177486,0.021682698570488816,"{""colsample_bytree"": 0.5198989610253888, ""learning_rate"": 0.06056307135196118, ""max_depth"": 2, ""min_child_weight"": 5, ""reg_lambda"": 2.78276632773182, ""subsample"": 0.7643897641445209}"
3,2,119,1,0.824034,0.879766767530308,0.05701123569417649,"{""colsample_bytree"": 0.5198989610253888, ""learning_rate"": 0.06056307135196118, ""max_depth"": 2, ""min_child_weight"": 5, ""reg_lambda"": 2.78276632773182, ""subsample"": 0.7643897641445209}"
3,2,128,1,0.7637009,0.811837809555103,0.035930040248958545,"{""colsample_bytree"": 0.5198989610253888, ""learning_rate"": 0.06056307135196118, ""max_depth"": 2, ""min_child_weight"": 5, ""reg_lambda"": 2.78276632773182, ""subsample"": 0.7643897641445209}"
3,2,130,0,0.7520045,0.7030460301912551,0.051995565116882664,"{""colsample_bytree"": 0.5198989610253888, ""learning_rate"": 0.06056307135196118, ""max_depth"": 2, ""min_child_weight"": 5, ""reg_lambda"": 2.78276632773182, ""subsample"": 0.7643897641445209}"
3,2,132,1,0.9801696,0.9375038127707406,0.021283722338943278,"{""colsample_bytree"": 0.5198989610253888, ""learning_rate"": 0.06056307135196118, ""max_depth"": 2, ""min_child_weight"": 5, ""reg_lambda"": 2.78276632773182, ""subsample"": 0.7643897641445209}"
3,2,136,0,0.6326128,0.676231843886001,0.17125142449227276,"{""colsample_bytree"": 0.5198989610253888, ""learning_rate"": 0.06056307135196118, ""max_depth"": 2, ""min_child_weight"": 5, ""reg_lambda"": 2.78276632773182, ""subsample"": 0.7643897641445209}"
3,2,138,1,0.9603096,0.9351612132055707,0.02012097085471411,"{""colsample_bytree"": 0.5198989610253888, ""learning_rate"": 0.06056307135196118, ""max_depth"": 2, ""min_child_weight"": 5, ""reg_lambda"": 2.78276632773182, ""subsample"": 0.7643897641445209}"
3,2,141,1,0.9896243,0.9442593889913029,0.019978454024121,"{""colsample_bytree"": 0.5198989610253888, ""learning_rate"": 0.06056307135196118, ""max_depth"": 2, ""min_child_weight"": 5, ""reg_lambda"": 2.78276632773182, ""subsample"": 0.7643897641445209}"
3,2,142,1,0.3417192,0.33024843131226894,0.12301122684079746,"{""colsample_bytree"": 0.5198989610253888, ""learning_rate"": 0.06056307135196118, ""max_depth"": 2, ""min_child_weight"": 5, ""reg_lambda"": 2.78276632773182, ""subsample"": 0.7643897641445209}"
3,2,152,1,0.76507163,0.7766943444457485,0.10936044638552948,"{""colsample_bytree"": 0.5198989610253888, ""learning_rate"": 0.06056307135196118, ""max_depth"": 2, ""min_child_weight"": 5, ""reg_lambda"": 2.78276632773182, ""subsample"": 0.7643897641445209}"
3,2,158,1,0.24163103,0.2035323391404651,0.0952480578028163,"{""colsample_bytree"": 0.5198989610253888, ""learning_rate"": 0.06056307135196118, ""max_depth"": 2, ""min_child_weight"": 5, ""reg_lambda"": 2.78276632773182, ""subsample"": 0.7643897641445209}"
3,2,159,1,0.98693895,0.9434908516535143,0.02184493682970481,"{""colsample_bytree"": 0.5198989610253888, ""learning_rate"": 0.06056307135196118, ""max_depth"": 2, ""min_child_weight"": 5, ""reg_lambda"": 2.78276632773182, ""subsample"": 0.7643897641445209}"
3,2,166,0,0.22055812,0.22020918354821029,0.16615632419325888,"{""colsample_bytree"": 0.5198989610253888, ""learning_rate"": 0.06056307135196118, ""max_depth"": 2, ""min_child_weight"": 5, ""reg_lambda"": 2.78276632773182, ""subsample"": 0.7643897641445209}"
3,2,174,1,0.9986078,0.9467135033410896,0.020710065689418945,"{""colsample_bytree"": 0.5198989610253888, ""learning_rate"": 0.06056307135196118, ""max_depth"": 2, ""min_child_weight"": 5, ""reg_lambda"": 2.78276632773182, ""subsample"": 0.7643897641445209}"
3,2,182,1,0.5975319,0.7046284801646029,0.09782500717349354,"{""colsample_bytree"": 0.5198989610253888, ""learning_rate"": 0.06056307135196118, ""max_depth"": 2, ""min_child_weight"": 5, ""reg_lambda"": 2.78276632773182, ""subsample"": 0.7643897641445209}"
3,2,185,0,0.8096309,0.7574949422643762,0.06739965427834814,"{""colsample_bytree"": 0.5198989610253888, ""learning_rate"": 0.06056307135196118, ""max_depth"": 2, ""min_child_weight"": 5, ""reg_lambda"": 2.78276632773182, ""subsample"": 0.7643897641445209}"
3,2,190,0,0.9049439,0.8840707316566713,0.035913341156137264,"{""colsample_bytree"": 0.5198989610253888, ""learning_rate"": 0.06056307135196118, ""max_depth"": 2, ""min_child_weight"": 5, ""reg_lambda"": 2.78276632773182, ""subsample"": 0.7643897641445209}"
3,2,194,0,0.35907963,0.3628694609959181,0.16311920401766203,"{""colsample_bytree"": 0.5198989610253888, ""learning_rate"": 0.06056307135196118, ""max_depth"": 2, ""min_child_weight"": 5, ""reg_lambda"": 2.78276632773182, ""subsample"": 0.7643897641445209}"
3,2,197,1,0.93456805,0.922017763741032,0.02389008504401855,"{""colsample_bytree"": 0.5198989610253888, ""learning_rate"": 0.06056307135196118, ""max_depth"": 2, ""min_child_weight"": 5, ""reg_lambda"": 2.78276632773182, ""subsample"": 0.7643897641445209}"
3,2,199,0,0.72926694,0.8188716134736227,0.029492819049856143,"{""colsample_bytree"": 0.5198989610253888, ""learning_rate"": 0.06056307135196118, ""max_depth"": 2, ""min_child_weight"": 5, ""reg_lambda"": 2.78276632773182, ""subsample"": 0.7643897641445209}"
3,2,200,1,0.88212776,0.9146964243292887,0.019091774879785126,"{""colsample_bytree"": 0.5198989610253888, ""learning_rate"": 0.06056307135196118, ""max_depth"": 2, ""min_child_weight"": 5, ""reg_lambda"": 2.78276632773182, ""subsample"": 0.7643897641445209}"
3,2,208,1,0.8566126,0.8834685928569908,0.021127815354707744,"{""colsample_bytree"": 0.5198989610253888, ""learning_rate"": 0.06056307135196118, ""max_depth"": 2, ""min_child_weight"": 5, ""reg_lambda"": 2.78276632773182, ""subsample"": 0.7643897641445209}"
3,2,213,0,0.9759923,0.9354214256527993,0.022662868366036197,"{""colsample_bytree"": 0.5198989610253888, ""learning_rate"": 0.06056307135196118, ""max_depth"": 2, ""min_child_weight"": 5, ""reg_lambda"": 2.78276632773182, ""subsample"": 0.7643897641445209}"
3,2,236,1,0.8356905,0.817283345478742,0.05291054693513831,"{""colsample_bytree"": 0.5198989610253888, ""learning_rate"": 0.06056307135196118, ""max_depth"": 2, ""min_child_weight"": 5, ""reg_lambda"": 2.78276632773182, ""subsample"": 0.7643897641445209}"
3,2,237,1,0.52650374,0.6854752534348321,0.082171189952902,"{""colsample_bytree"": 0.5198989610253888, ""learning_rate"": 0.06056307135196118, ""max_depth"": 2, ""min_child_weight"": 5, ""reg_lambda"": 2.78276632773182, ""subsample"": 0.7643897641445209}"
3,2,253,1,0.8732066,0.9181115376592939,0.010276495387763162,"{""colsample_bytree"": 0.5198989610253888, ""learning_rate"": 0.06056307135196118, ""max_depth"": 2, ""min_child_weight"": 5, ""reg_lambda"": 2.78276632773182, ""subsample"": 0.7643897641445209}"
3,2,256,0,0.37488687,0.3383560582045407,0.1272741975542241,"{""colsample_bytree"": 0.5198989610253888, ""learning_rate"": 0.06056307135196118, ""max_depth"": 2, ""min_child_weight"": 5, ""reg_lambda"": 2.78276632773182, ""subsample"": 0.7643897641445209}"
3,2,261,0,0.059932552,0.08547337476160385,0.06557952741113604,"{""colsample_bytree"": 0.5198989610253888, ""learning_rate"": 0.06056307135196118, ""max_depth"": 2, ""min_child_weight"": 5, ""reg_lambda"": 2.78276632773182, ""subsample"": 0.7643897641445209}"
3,2,263,0,0.05315736,0.07794873034806946,0.06928452114150385,"{""colsample_bytree"": 0.5198989610253888, ""learning_rate"": 0.06056307135196118, ""max_depth"": 2, ""min_child_weight"": 5, ""reg_lambda"": 2.78276632773182, ""subsample"": 0.7643897641445209}"
3,2,266,1,0.89855945,0.9068479612259065,0.02442027768457156,"{""colsample_bytree"": 0.5198989610253888, ""learning_rate"": 0.06056307135196118, ""max_depth"": 2, ""min_child_weight"": 5, ""reg_lambda"": 2.78276632773182, ""subsample"": 0.7643897641445209}"
3,2,269,1,0.9850994,0.9421574817915925,0.020853563617098437,"{""colsample_bytree"": 0.5198989610253888, ""learning_rate"": 0.06056307135196118, ""max_depth"": 2, ""min_child_weight"": 5, ""reg_lambda"": 2.78276632773182, ""subsample"": 0.7643897641445209}"
3,2,279,1,0.96404004,0.9293139759712649,0.020252105954111407,"{""colsample_bytree"": 0.5198989610253888, ""learning_rate"": 0.06056307135196118, ""max_depth"": 2, ""min_child_weight"": 5, ""reg_lambda"": 2.78276632773182, ""subsample"": 0.7643897641445209}"
3,2,282,1,0.93047583,0.9203372494696691,0.015155808750448524,"{""colsample_bytree"": 0.5198989610253888, ""learning_rate"": 0.06056307135196118, ""max_depth"": 2, ""min_child_weight"": 5, ""reg_lambda"": 2.78276632773182, ""subsample"": 0.7643897641445209}"
3,2,287,0,0.86744034,0.8674795869972158,0.0531590966059277,"{""colsample_bytree"": 0.5198989610253888, ""learning_rate"": 0.06056307135196118, ""max_depth"": 2, ""min_child_weight"": 5, ""reg_lambda"": 2.78276632773182, ""subsample"": 0.7643897641445209}"
3,2,290,0,0.07895061,0.10139513416638346,0.06575853732132998,"{""colsample_bytree"": 0.5198989610253888, ""learning_rate"": 0.06056307135196118, ""max_depth"": 2, ""min_child_weight"": 5, ""reg_lambda"": 2.78276632773182, ""subsample"": 0.7643897641445209}"
3,2,295,0,0.8270157,0.843661891652469,0.07666163731377501,"{""colsample_bytree"": 0.5198989610253888, ""learning_rate"": 0.06056307135196118, ""max_depth"": 2, ""min_child_weight"": 5, ""reg_lambda"": 2.78276632773182, ""subsample"": 0.7643897641445209}"
3,2,296,0,0.3939729,0.30653745124245335,0.17162123828771172,"{""colsample_bytree"": 0.5198989610253888, ""learning_rate"": 0.06056307135196118, ""max_depth"": 2, ""min_child_weight"": 5, ""reg_lambda"": 2.78276632773182, ""subsample"": 0.7643897641445209}"
3,2,300,0,0.10714012,0.14788952598907293,0.11666364118848194,"{""colsample_bytree"": 0.5198989610253888, ""learning_rate"": 0.06056307135196118, ""max_depth"": 2, ""min_child_weight"": 5, ""reg_lambda"": 2.78276632773182, ""subsample"": 0.7643897641445209}"
3,3,0,1,0.766346,0.7735035487963183,0.09367713206207826,"{""colsample_bytree"": 0.45835942141595337, ""learning_rate"": 0.08445974683570155, ""max_depth"": 2, ""min_child_weight"": 1, ""reg_lambda"": 8.828445407408585, ""subsample"": 0.7964571306871866}"
3,3,1,1,0.99433666,0.9398971732741408,0.008741791098789496,"{""colsample_bytree"": 0.45835942141595337, ""learning_rate"": 0.08445974683570155, ""max_depth"": 2, ""min_child_weight"": 1, ""reg_lambda"": 8.828445407408585, ""subsample"": 0.7964571306871866}"
3,3,2,1,0.884825,0.8882110831103202,0.050738156285095995,"{""colsample_bytree"": 0.45835942141595337, ""learning_rate"": 0.08445974683570155, ""max_depth"": 2, ""min_child_weight"": 1, ""reg_lambda"": 8.828445407408585, ""subsample"": 0.7964571306871866}"
3,3,8,0,0.1129792,0.10264553004782924,0.09463520459215077,"{""colsample_bytree"": 0.45835942141595337, ""learning_rate"": 0.08445974683570155, ""max_depth"": 2, ""min_child_weight"": 1, ""reg_lambda"": 8.828445407408585, ""subsample"": 0.7964571306871866}"
3,3,9,1,0.9620953,0.928440103554333,0.013201441064915855,"{""colsample_bytree"": 0.45835942141595337, ""learning_rate"": 0.08445974683570155, ""max_depth"": 2, ""min_child_weight"": 1, ""reg_lambda"": 8.828445407408585, ""subsample"": 0.7964571306871866}"
3,3,12,1,0.97837013,0.9336848727116529,0.008822510569186945,"{""colsample_bytree"": 0.45835942141595337, ""learning_rate"": 0.08445974683570155, ""max_depth"": 2, ""min_child_weight"": 1, ""reg_lambda"": 8.828445407408585, ""subsample"": 0.7964571306871866}"
3,3,16,0,0.31843498,0.26598919043799596,0.09437622711049494,"{""colsample_bytree"": 0.45835942141595337, ""learning_rate"": 0.08445974683570155, ""max_depth"": 2, ""min_child_weight"": 1, ""reg_lambda"": 8.828445407408585, ""subsample"": 0.7964571306871866}"
3,3,17,0,0.24540468,0.20729877969272276,0.1408682610522323,"{""colsample_bytree"": 0.45835942141595337, ""learning_rate"": 0.08445974683570155, ""max_depth"": 2, ""min_child_weight"": 1, ""reg_lambda"": 8.828445407408585, ""subsample"": 0.7964571306871866}"
3,3,18,1,0.8133504,0.8707443272313231,0.0283343193812245,"{""colsample_bytree"": 0.45835942141595337, ""learning_rate"": 0.08445974683570155, ""max_depth"": 2, ""min_child_weight"": 1, ""reg_lambda"": 8.828445407408585, ""subsample"": 0.7964571306871866}"
3,3,29,1,0.98424363,0.9353647475501212,0.007250925438327655,"{""colsample_bytree"": 0.45835942141595337, ""learning_rate"": 0.08445974683570155, ""max_depth"": 2, ""min_child_weight"": 1, ""reg_lambda"": 8.828445407408585, ""subsample"": 0.7964571306871866}"
3,3,33,1,0.97301346,0.9272541730485747,0.012190699987049223,"{""colsample_bytree"": 0.45835942141595337, ""learning_rate"": 0.08445974683570155, ""max_depth"": 2, ""min_child_weight"": 1, ""reg_lambda"": 8.828445407408585, ""subsample"": 0.7964571306871866}"
3,3,34,1,0.8033641,0.8016613246285778,0.06700863501677404,"{""colsample_bytree"": 0.45835942141595337, ""learning_rate"": 0.08445974683570155, ""max_depth"": 2, ""min_child_weight"": 1, ""reg_lambda"": 8.828445407408585, ""subsample"": 0.7964571306871866}"
3,3,35,0,0.15014966,0.10746848060539646,0.07536185693330429,"{""colsample_bytree"": 0.45835942141595337, ""learning_rate"": 0.08445974683570155, ""max_depth"": 2, ""min_child_weight"": 1, ""reg_lambda"": 8.828445407408585, ""subsample"": 0.7964571306871866}"
3,3,36,1,0.9616828,0.9271197446069188,0.012137885388927868,"{""colsample_bytree"": 0.45835942141595337, ""learning_rate"": 0.08445974683570155, ""max_depth"": 2, ""min_child_weight"": 1, ""reg_lambda"": 8.828445407408585, ""subsample"": 0.7964571306871866}"
3,3,38,1,0.84864205,0.8007762533291313,0.1402366693442979,"{""colsample_bytree"": 0.45835942141595337, ""learning_rate"": 0.08445974683570155, ""max_depth"": 2, ""min_child_weight"": 1, ""reg_lambda"": 8.828445407408585, ""subsample"": 0.7964571306871866}"
3,3,40,1,0.9429639,0.920755210016833,0.014152589008692828,"{""colsample_bytree"": 0.45835942141595337, ""learning_rate"": 0.08445974683570155, ""max_depth"": 2, ""min_child_weight"": 1, ""reg_lambda"": 8.828445407408585, ""subsample"": 0.7964571306871866}"
3,3,41,0,0.23424742,0.19288687664357318,0.08198844264221261,"{""colsample_bytree"": 0.45835942141595337, ""learning_rate"": 0.08445974683570155, ""max_depth"": 2, ""min_child_weight"": 1, ""reg_lambda"": 8.828445407408585, ""subsample"": 0.7964571306871866}"
3,3,52,1,0.9853661,0.9344514064956855,0.009717489469759295,"{""colsample_bytree"": 0.45835942141595337, ""learning_rate"": 0.08445974683570155, ""max_depth"": 2, ""min_child_weight"": 1, ""reg_lambda"": 8.828445407408585, ""subsample"": 0.7964571306871866}"
3,3,54,0,0.14315027,0.15246328742001625,0.08514301003954511,"{""colsample_bytree"": 0.45835942141595337, ""learning_rate"": 0.08445974683570155, ""max_depth"": 2, ""min_child_weight"": 1, ""reg_lambda"": 8.828445407408585, ""subsample"": 0.7964571306871866}"
3,3,56,1,0.95096654,0.9255974030481113,0.012863267261211214,"{""colsample_bytree"": 0.45835942141595337, ""learning_rate"": 0.08445974683570155, ""max_depth"": 2, ""min_child_weight"": 1, ""reg_lambda"": 8.828445407408585, ""subsample"": 0.7964571306871866}"
3,3,58,1,0.107746355,0.135613966653136,0.10846606085980044,"{""colsample_bytree"": 0.45835942141595337, ""learning_rate"": 0.08445974683570155, ""max_depth"": 2, ""min_child_weight"": 1, ""reg_lambda"": 8.828445407408585, ""subsample"": 0.7964571306871866}"
3,3,61,1,0.55892694,0.6019095277115152,0.130455245994962,"{""colsample_bytree"": 0.45835942141595337, ""learning_rate"": 0.08445974683570155, ""max_depth"": 2, ""min_child_weight"": 1, ""reg_lambda"": 8.828445407408585, ""subsample"": 0.7964571306871866}"
3,3,65,1,0.87375873,0.8976169825104803,0.01404840402736445,"{""colsample_bytree"": 0.45835942141595337, ""learning_rate"": 0.08445974683570155, ""max_depth"": 2, ""min_child_weight"": 1, ""reg_lambda"": 8.828445407408585, ""subsample"": 0.7964571306871866}"
3,3,69,1,0.94814354,0.9213967989426987,0.010891196782551274,"{""colsample_bytree"": 0.45835942141595337, ""learning_rate"": 0.08445974683570155, ""max_depth"": 2, ""min_child_weight"": 1, ""reg_lambda"": 8.828445407408585, ""subsample"": 0.7964571306871866}"
3,3,80,1,0.97657806,0.9339850354665925,0.008634023022540313,"{""colsample_bytree"": 0.45835942141595337, ""learning_rate"": 0.08445974683570155, ""max_depth"": 2, ""min_child_weight"": 1, ""reg_lambda"": 8.828445407408585, ""subsample"": 0.7964571306871866}"
3,3,94,1,0.981244,0.9313182988811007,0.009821584769884713,"{""colsample_bytree"": 0.45835942141595337, ""learning_rate"": 0.08445974683570155, ""max_depth"": 2, ""min_child_weight"": 1, ""reg_lambda"": 8.828445407408585, ""subsample"": 0.7964571306871866}"
3,3,101,1,0.9721904,0.9302685041322827,0.0074729721176929895,"{""colsample_bytree"": 0.45835942141595337, ""learning_rate"": 0.08445974683570155, ""max_depth"": 2, ""min_child_weight"": 1, ""reg_lambda"": 8.828445407408585, ""subsample"": 0.7964571306871866}"
3,3,105,1,0.7767543,0.7616035456553566,0.1330134049955473,"{""colsample_bytree"": 0.45835942141595337, ""learning_rate"": 0.08445974683570155, ""max_depth"": 2, ""min_child_weight"": 1, ""reg_lambda"": 8.828445407408585, ""subsample"": 0.7964571306871866}"
3,3,123,1,0.8022669,0.7911954623800551,0.05837872707652181,"{""colsample_bytree"": 0.45835942141595337, ""learning_rate"": 0.08445974683570155, ""max_depth"": 2, ""min_child_weight"": 1, ""reg_lambda"": 8.828445407408585, ""subsample"": 0.7964571306871866}"
3,3,125,1,0.80903584,0.8289430661327453,0.04335233010164407,"{""colsample_bytree"": 0.45835942141595337, ""learning_rate"": 0.08445974683570155, ""max_depth"": 2, ""min_child_weight"": 1, ""reg_lambda"": 8.828445407408585, ""subsample"": 0.7964571306871866}"
3,3,126,1,0.8272867,0.8733244909437241,0.031326984374683606,"{""colsample_bytree"": 0.45835942141595337, ""learning_rate"": 0.08445974683570155, ""max_depth"": 2, ""min_child_weight"": 1, ""reg_lambda"": 8.828445407408585, ""subsample"": 0.7964571306871866}"
3,3,135,1,0.77160436,0.8060811192146808,0.04815419201916266,"{""colsample_bytree"": 0.45835942141595337, ""learning_rate"": 0.08445974683570155, ""max_depth"": 2, ""min_child_weight"": 1, ""reg_lambda"": 8.828445407408585, ""subsample"": 0.7964571306871866}"
3,3,143,0,0.019626992,0.07318021770211577,0.07819286894824896,"{""colsample_bytree"": 0.45835942141595337, ""learning_rate"": 0.08445974683570155, ""max_depth"": 2, ""min_child_weight"": 1, ""reg_lambda"": 8.828445407408585, ""subsample"": 0.7964571306871866}"
3,3,146,1,0.99679726,0.9404061954991562,0.008749712248328856,"{""colsample_bytree"": 0.45835942141595337, ""learning_rate"": 0.08445974683570155, ""max_depth"": 2, ""min_child_weight"": 1, ""reg_lambda"": 8.828445407408585, ""subsample"": 0.7964571306871866}"
3,3,148,1,0.9214346,0.8946698513321815,0.0417441111240758,"{""colsample_bytree"": 0.45835942141595337, ""learning_rate"": 0.08445974683570155, ""max_depth"": 2, ""min_child_weight"": 1, ""reg_lambda"": 8.828445407408585, ""subsample"": 0.7964571306871866}"
3,3,153,0,0.67687094,0.6783350660361309,0.12704403045586596,"{""colsample_bytree"": 0.45835942141595337, ""learning_rate"": 0.08445974683570155, ""max_depth"": 2, ""min_child_weight"": 1, ""reg_lambda"": 8.828445407408585, ""subsample"": 0.7964571306871866}"
3,3,167,1,0.9447697,0.9067565995891167,0.012640556096645387,"{""colsample_bytree"": 0.45835942141595337, ""learning_rate"": 0.08445974683570155, ""max_depth"": 2, ""min_child_weight"": 1, ""reg_lambda"": 8.828445407408585, ""subsample"": 0.7964571306871866}"
3,3,168,0,0.14616624,0.13668378747059612,0.09416449376973658,"{""colsample_bytree"": 0.45835942141595337, ""learning_rate"": 0.08445974683570155, ""max_depth"": 2, ""min_child_weight"": 1, ""reg_lambda"": 8.828445407408585, ""subsample"": 0.7964571306871866}"
3,3,180,1,0.2881156,0.2546764575838039,0.1525325850045486,"{""colsample_bytree"": 0.45835942141595337, ""learning_rate"": 0.08445974683570155, ""max_depth"": 2, ""min_child_weight"": 1, ""reg_lambda"": 8.828445407408585, ""subsample"": 0.7964571306871866}"
3,3,184,1,0.7685713,0.7443355903895299,0.1538670145324421,"{""colsample_bytree"": 0.45835942141595337, ""learning_rate"": 0.08445974683570155, ""max_depth"": 2, ""min_child_weight"": 1, ""reg_lambda"": 8.828445407408585, ""subsample"": 0.7964571306871866}"
3,3,192,0,0.047381636,0.08230598336785654,0.08535602069453148,"{""colsample_bytree"": 0.45835942141595337, ""learning_rate"": 0.08445974683570155, ""max_depth"": 2, ""min_child_weight"": 1, ""reg_lambda"": 8.828445407408585, ""subsample"": 0.7964571306871866}"
3,3,198,1,0.9556187,0.9268777636048474,0.00916031640744289,"{""colsample_bytree"": 0.45835942141595337, ""learning_rate"": 0.08445974683570155, ""max_depth"": 2, ""min_child_weight"": 1, ""reg_lambda"": 8.828445407408585, ""subsample"": 0.7964571306871866}"
3,3,207,1,0.9010969,0.8937365851718925,0.026834089309748777,"{""colsample_bytree"": 0.45835942141595337, ""learning_rate"": 0.08445974683570155, ""max_depth"": 2, ""min_child_weight"": 1, ""reg_lambda"": 8.828445407408585, ""subsample"": 0.7964571306871866}"
3,3,215,1,0.9861622,0.9376044576097391,0.007772587855185993,"{""colsample_bytree"": 0.45835942141595337, ""learning_rate"": 0.08445974683570155, ""max_depth"": 2, ""min_child_weight"": 1, ""reg_lambda"": 8.828445407408585, ""subsample"": 0.7964571306871866}"
3,3,216,0,0.5412952,0.4587658525906728,0.18533873757654698,"{""colsample_bytree"": 0.45835942141595337, ""learning_rate"": 0.08445974683570155, ""max_depth"": 2, ""min_child_weight"": 1, ""reg_lambda"": 8.828445407408585, ""subsample"": 0.7964571306871866}"
3,3,218,0,0.4666509,0.34411962290910775,0.13276896675146055,"{""colsample_bytree"": 0.45835942141595337, ""learning_rate"": 0.08445974683570155, ""max_depth"": 2, ""min_child_weight"": 1, ""reg_lambda"": 8.828445407408585, ""subsample"": 0.7964571306871866}"
3,3,224,1,0.98041224,0.9355648674820725,0.009205807475139103,"{""colsample_bytree"": 0.45835942141595337, ""learning_rate"": 0.08445974683570155, ""max_depth"": 2, ""min_child_weight"": 1, ""reg_lambda"": 8.828445407408585, ""subsample"": 0.7964571306871866}"
3,3,226,1,0.9760656,0.9291134254734048,0.007879633056343796,"{""colsample_bytree"": 0.45835942141595337, ""learning_rate"": 0.08445974683570155, ""max_depth"": 2, ""min_child_weight"": 1, ""reg_lambda"": 8.828445407408585, ""subsample"": 0.7964571306871866}"
3,3,228,1,0.7407314,0.7360083181190309,0.0952548147646449,"{""colsample_bytree"": 0.45835942141595337, ""learning_rate"": 0.08445974683570155, ""max_depth"": 2, ""min_child_weight"": 1, ""reg_lambda"": 8.828445407408585, ""subsample"": 0.7964571306871866}"
3,3,230,1,0.99555224,0.9400431108702992,0.0085407230801428,"{""colsample_bytree"": 0.45835942141595337, ""learning_rate"": 0.08445974683570155, ""max_depth"": 2, ""min_child_weight"": 1, ""reg_lambda"": 8.828445407408585, ""subsample"": 0.7964571306871866}"
3,3,238,1,0.17481518,0.14846544417347524,0.10788422704195769,"{""colsample_bytree"": 0.45835942141595337, ""learning_rate"": 0.08445974683570155, ""max_depth"": 2, ""min_child_weight"": 1, ""reg_lambda"": 8.828445407408585, ""subsample"": 0.7964571306871866}"
3,3,249,1,0.9470687,0.9174862502370059,0.015858235316870004,"{""colsample_bytree"": 0.45835942141595337, ""learning_rate"": 0.08445974683570155, ""max_depth"": 2, ""min_child_weight"": 1, ""reg_lambda"": 8.828445407408585, ""subsample"": 0.7964571306871866}"
3,3,250,1,0.9760485,0.9331633620762221,0.009023831903248763,"{""colsample_bytree"": 0.45835942141595337, ""learning_rate"": 0.08445974683570155, ""max_depth"": 2, ""min_child_weight"": 1, ""reg_lambda"": 8.828445407408585, ""subsample"": 0.7964571306871866}"
3,3,252,1,0.90497065,0.8876777761339071,0.030204159451877242,"{""colsample_bytree"": 0.45835942141595337, ""learning_rate"": 0.08445974683570155, ""max_depth"": 2, ""min_child_weight"": 1, ""reg_lambda"": 8.828445407408585, ""subsample"": 0.7964571306871866}"
3,3,254,0,0.53530496,0.5938648835089181,0.1605654875652663,"{""colsample_bytree"": 0.45835942141595337, ""learning_rate"": 0.08445974683570155, ""max_depth"": 2, ""min_child_weight"": 1, ""reg_lambda"": 8.828445407408585, ""subsample"": 0.7964571306871866}"
3,3,272,0,0.62417364,0.7443158172833446,0.06669609780942275,"{""colsample_bytree"": 0.45835942141595337, ""learning_rate"": 0.08445974683570155, ""max_depth"": 2, ""min_child_weight"": 1, ""reg_lambda"": 8.828445407408585, ""subsample"": 0.7964571306871866}"
3,3,275,1,0.98485106,0.9354060261708973,0.008846977085394222,"{""colsample_bytree"": 0.45835942141595337, ""learning_rate"": 0.08445974683570155, ""max_depth"": 2, ""min_child_weight"": 1, ""reg_lambda"": 8.828445407408585, ""subsample"": 0.7964571306871866}"
3,3,280,0,0.30859062,0.337152818908825,0.058439273492206886,"{""colsample_bytree"": 0.45835942141595337, ""learning_rate"": 0.08445974683570155, ""max_depth"": 2, ""min_child_weight"": 1, ""reg_lambda"": 8.828445407408585, ""subsample"": 0.7964571306871866}"
3,3,285,0,0.18014374,0.2013506681471679,0.07106394093018932,"{""colsample_bytree"": 0.45835942141595337, ""learning_rate"": 0.08445974683570155, ""max_depth"": 2, ""min_child_weight"": 1, ""reg_lambda"": 8.828445407408585, ""subsample"": 0.7964571306871866}"
3,3,286,0,0.3368078,0.20628316986089262,0.07525335634094762,"{""colsample_bytree"": 0.45835942141595337, ""learning_rate"": 0.08445974683570155, ""max_depth"": 2, ""min_child_weight"": 1, ""reg_lambda"": 8.828445407408585, ""subsample"": 0.7964571306871866}"
3,4,4,0,0.46038446,0.3879876044329638,0.07083272292427793,"{""colsample_bytree"": 0.6842266159925621, ""learning_rate"": 0.03195358944980374, ""max_depth"": 4, ""min_child_weight"": 1, ""reg_lambda"": 9.927096156966787, ""subsample"": 0.6843472600291528}"
3,4,6,1,0.92489773,0.9345288527409448,0.01778746560494471,"{""colsample_bytree"": 0.6842266159925621, ""learning_rate"": 0.03195358944980374, ""max_depth"": 4, ""min_child_weight"": 1, ""reg_lambda"": 9.927096156966787, ""subsample"": 0.6843472600291528}"
3,4,15,1,0.9402856,0.9378333255335949,0.016080419399904424,"{""colsample_bytree"": 0.6842266159925621, ""learning_rate"": 0.03195358944980374, ""max_depth"": 4, ""min_child_weight"": 1, ""reg_lambda"": 9.927096156966787, ""subsample"": 0.6843472600291528}"
3,4,20,1,0.13015799,0.09621313721161369,0.05876161208304176,"{""colsample_bytree"": 0.6842266159925621, ""learning_rate"": 0.03195358944980374, ""max_depth"": 4, ""min_child_weight"": 1, ""reg_lambda"": 9.927096156966787, ""subsample"": 0.6843472600291528}"
3,4,23,1,0.9695134,0.9507190612329189,0.01497143548439075,"{""colsample_bytree"": 0.6842266159925621, ""learning_rate"": 0.03195358944980374, ""max_depth"": 4, ""min_child_weight"": 1, ""reg_lambda"": 9.927096156966787, ""subsample"": 0.6843472600291528}"
3,4,43,1,0.8061991,0.8236197529599613,0.02735325976087396,"{""colsample_bytree"": 0.6842266159925621, ""learning_rate"": 0.03195358944980374, ""max_depth"": 4, ""min_child_weight"": 1, ""reg_lambda"": 9.927096156966787, ""subsample"": 0.6843472600291528}"
3,4,57,1,0.9642434,0.9497491888443108,0.014609166823705975,"{""colsample_bytree"": 0.6842266159925621, ""learning_rate"": 0.03195358944980374, ""max_depth"": 4, ""min_child_weight"": 1, ""reg_lambda"": 9.927096156966787, ""subsample"": 0.6843472600291528}"
3,4,60,0,0.23103413,0.1537668968528878,0.07408415612767956,"{""colsample_bytree"": 0.6842266159925621, ""learning_rate"": 0.03195358944980374, ""max_depth"": 4, ""min_child_weight"": 1, ""reg_lambda"": 9.927096156966787, ""subsample"": 0.6843472600291528}"
3,4,67,0,0.8781204,0.912244754419808,0.025225182718002025,"{""colsample_bytree"": 0.6842266159925621, ""learning_rate"": 0.03195358944980374, ""max_depth"": 4, ""min_child_weight"": 1, ""reg_lambda"": 9.927096156966787, ""subsample"": 0.6843472600291528}"
3,4,73,1,0.7521349,0.8302899771064626,0.06605988858182103,"{""colsample_bytree"": 0.6842266159925621, ""learning_rate"": 0.03195358944980374, ""max_depth"": 4, ""min_child_weight"": 1, ""reg_lambda"": 9.927096156966787, ""subsample"": 0.6843472600291528}"
3,4,75,1,0.7826522,0.838435086950646,0.06093899322183348,"{""colsample_bytree"": 0.6842266159925621, ""learning_rate"": 0.03195358944980374, ""max_depth"": 4, ""min_child_weight"": 1, ""reg_lambda"": 9.927096156966787, ""subsample"": 0.6843472600291528}"
3,4,81,1,0.9562993,0.9451794504628019,0.01670358807251014,"{""colsample_bytree"": 0.6842266159925621, ""learning_rate"": 0.03195358944980374, ""max_depth"": 4, ""min_child_weight"": 1, ""reg_lambda"": 9.927096156966787, ""subsample"": 0.6843472600291528}"
3,4,83,1,0.7341306,0.7573597649574854,0.06000852217461523,"{""colsample_bytree"": 0.6842266159925621, ""learning_rate"": 0.03195358944980374, ""max_depth"": 4, ""min_child_weight"": 1, ""reg_lambda"": 9.927096156966787, ""subsample"": 0.6843472600291528}"
3,4,88,1,0.91167057,0.939114810755228,0.013724864371700854,"{""colsample_bytree"": 0.6842266159925621, ""learning_rate"": 0.03195358944980374, ""max_depth"": 4, ""min_child_weight"": 1, ""reg_lambda"": 9.927096156966787, ""subsample"": 0.6843472600291528}"
3,4,92,1,0.93485725,0.9398522195356962,0.012774852001251885,"{""colsample_bytree"": 0.6842266159925621, ""learning_rate"": 0.03195358944980374, ""max_depth"": 4, ""min_child_weight"": 1, ""reg_lambda"": 9.927096156966787, ""subsample"": 0.6843472600291528}"
3,4,95,1,0.93753463,0.943114563480702,0.015553831188425897,"{""colsample_bytree"": 0.6842266159925621, ""learning_rate"": 0.03195358944980374, ""max_depth"": 4, ""min_child_weight"": 1, ""reg_lambda"": 9.927096156966787, ""subsample"": 0.6843472600291528}"
3,4,100,1,0.881011,0.9055211234302201,0.023466535679801066,"{""colsample_bytree"": 0.6842266159925621, ""learning_rate"": 0.03195358944980374, ""max_depth"": 4, ""min_child_weight"": 1, ""reg_lambda"": 9.927096156966787, ""subsample"": 0.6843472600291528}"
3,4,102,0,0.10381302,0.07246330707968798,0.04419737639533885,"{""colsample_bytree"": 0.6842266159925621, ""learning_rate"": 0.03195358944980374, ""max_depth"": 4, ""min_child_weight"": 1, ""reg_lambda"": 9.927096156966787, ""subsample"": 0.6843472600291528}"
3,4,107,1,0.7672342,0.8224569471825139,0.04026831276948607,"{""colsample_bytree"": 0.6842266159925621, ""learning_rate"": 0.03195358944980374, ""max_depth"": 4, ""min_child_weight"": 1, ""reg_lambda"": 9.927096156966787, ""subsample"": 0.6843472600291528}"
3,4,113,0,0.12040405,0.07665562047127042,0.04705150139191162,"{""colsample_bytree"": 0.6842266159925621, ""learning_rate"": 0.03195358944980374, ""max_depth"": 4, ""min_child_weight"": 1, ""reg_lambda"": 9.927096156966787, ""subsample"": 0.6843472600291528}"
3,4,120,1,0.8677176,0.8890153145241241,0.027338950703453237,"{""colsample_bytree"": 0.6842266159925621, ""learning_rate"": 0.03195358944980374, ""max_depth"": 4, ""min_child_weight"": 1, ""reg_lambda"": 9.927096156966787, ""subsample"": 0.6843472600291528}"
3,4,121,1,0.7642614,0.7915827946020988,0.04734469006951499,"{""colsample_bytree"": 0.6842266159925621, ""learning_rate"": 0.03195358944980374, ""max_depth"": 4, ""min_child_weight"": 1, ""reg_lambda"": 9.927096156966787, ""subsample"": 0.6843472600291528}"
3,4,122,1,0.8937473,0.9093437365694875,0.028109418652393466,"{""colsample_bytree"": 0.6842266159925621, ""learning_rate"": 0.03195358944980374, ""max_depth"": 4, ""min_child_weight"": 1, ""reg_lambda"": 9.927096156966787, ""subsample"": 0.6843472600291528}"
3,4,133,0,0.75911874,0.8021125959793508,0.09223892602838572,"{""colsample_bytree"": 0.6842266159925621, ""learning_rate"": 0.03195358944980374, ""max_depth"": 4, ""min_child_weight"": 1, ""reg_lambda"": 9.927096156966787, ""subsample"": 0.6843472600291528}"
3,4,147,1,0.88168436,0.9225799984675414,0.018069761646973662,"{""colsample_bytree"": 0.6842266159925621, ""learning_rate"": 0.03195358944980374, ""max_depth"": 4, ""min_child_weight"": 1, ""reg_lambda"": 9.927096156966787, ""subsample"": 0.6843472600291528}"
3,4,156,1,0.7136967,0.7573750123410641,0.08786222106669424,"{""colsample_bytree"": 0.6842266159925621, ""learning_rate"": 0.03195358944980374, ""max_depth"": 4, ""min_child_weight"": 1, ""reg_lambda"": 9.927096156966787, ""subsample"": 0.6843472600291528}"
3,4,157,1,0.58872575,0.7101577392296288,0.12899723210166003,"{""colsample_bytree"": 0.6842266159925621, ""learning_rate"": 0.03195358944980374, ""max_depth"": 4, ""min_child_weight"": 1, ""reg_lambda"": 9.927096156966787, ""subsample"": 0.6843472600291528}"
3,4,161,1,0.9588897,0.9476094322309994,0.015494834736875162,"{""colsample_bytree"": 0.6842266159925621, ""learning_rate"": 0.03195358944980374, ""max_depth"": 4, ""min_child_weight"": 1, ""reg_lambda"": 9.927096156966787, ""subsample"": 0.6843472600291528}"
3,4,164,1,0.9673908,0.9508992177511516,0.015585776729120626,"{""colsample_bytree"": 0.6842266159925621, ""learning_rate"": 0.03195358944980374, ""max_depth"": 4, ""min_child_weight"": 1, ""reg_lambda"": 9.927096156966787, ""subsample"": 0.6843472600291528}"
3,4,165,1,0.8226805,0.8728367981467784,0.05311830154149229,"{""colsample_bytree"": 0.6842266159925621, ""learning_rate"": 0.03195358944980374, ""max_depth"": 4, ""min_child_weight"": 1, ""reg_lambda"": 9.927096156966787, ""subsample"": 0.6843472600291528}"
3,4,170,0,0.28084794,0.16683629839483682,0.04696336294048173,"{""colsample_bytree"": 0.6842266159925621, ""learning_rate"": 0.03195358944980374, ""max_depth"": 4, ""min_child_weight"": 1, ""reg_lambda"": 9.927096156966787, ""subsample"": 0.6843472600291528}"
3,4,179,0,0.17618197,0.14269432277257646,0.067369105672172,"{""colsample_bytree"": 0.6842266159925621, ""learning_rate"": 0.03195358944980374, ""max_depth"": 4, ""min_child_weight"": 1, ""reg_lambda"": 9.927096156966787, ""subsample"": 0.6843472600291528}"
3,4,189,1,0.90194917,0.9279243126560317,0.014276423090193547,"{""colsample_bytree"": 0.6842266159925621, ""learning_rate"": 0.03195358944980374, ""max_depth"": 4, ""min_child_weight"": 1, ""reg_lambda"": 9.927096156966787, ""subsample"": 0.6843472600291528}"
3,4,206,1,0.8838325,0.9211589697697103,0.015927636509665315,"{""colsample_bytree"": 0.6842266159925621, ""learning_rate"": 0.03195358944980374, ""max_depth"": 4, ""min_child_weight"": 1, ""reg_lambda"": 9.927096156966787, ""subsample"": 0.6843472600291528}"
3,4,214,0,0.89742035,0.9265530061348979,0.01603286966224974,"{""colsample_bytree"": 0.6842266159925621, ""learning_rate"": 0.03195358944980374, ""max_depth"": 4, ""min_child_weight"": 1, ""reg_lambda"": 9.927096156966787, ""subsample"": 0.6843472600291528}"
3,4,219,1,0.22720675,0.1368084265504687,0.051928298889334125,"{""colsample_bytree"": 0.6842266159925621, ""learning_rate"": 0.03195358944980374, ""max_depth"": 4, ""min_child_weight"": 1, ""reg_lambda"": 9.927096156966787, ""subsample"": 0.6843472600291528}"
3,4,223,1,0.55005366,0.5563347266499913,0.1180716594401329,"{""colsample_bytree"": 0.6842266159925621, ""learning_rate"": 0.03195358944980374, ""max_depth"": 4, ""min_child_weight"": 1, ""reg_lambda"": 9.927096156966787, ""subsample"": 0.6843472600291528}"
3,4,225,1,0.84374756,0.9048653531596724,0.025944914239939238,"{""colsample_bytree"": 0.6842266159925621, ""learning_rate"": 0.03195358944980374, ""max_depth"": 4, ""min_child_weight"": 1, ""reg_lambda"": 9.927096156966787, ""subsample"": 0.6843472600291528}"
3,4,229,1,0.9069531,0.9259432288956653,0.014802317246966564,"{""colsample_bytree"": 0.6842266159925621, ""learning_rate"": 0.03195358944980374, ""max_depth"": 4, ""min_child_weight"": 1, ""reg_lambda"": 9.927096156966787, ""subsample"": 0.6843472600291528}"
3,4,231,1,0.9662597,0.9508974019757576,0.015063221337624803,"{""colsample_bytree"": 0.6842266159925621, ""learning_rate"": 0.03195358944980374, ""max_depth"": 4, ""min_child_weight"": 1, ""reg_lambda"": 9.927096156966787, ""subsample"": 0.6843472600291528}"
3,4,232,1,0.8939752,0.9276782857793288,0.01636729237768195,"{""colsample_bytree"": 0.6842266159925621, ""learning_rate"": 0.03195358944980374, ""max_depth"": 4, ""min_child_weight"": 1, ""reg_lambda"": 9.927096156966787, ""subsample"": 0.6843472600291528}"
3,4,234,0,0.3615994,0.3002986399916071,0.1579001263909642,"{""colsample_bytree"": 0.6842266159925621, ""learning_rate"": 0.03195358944980374, ""max_depth"": 4, ""min_child_weight"": 1, ""reg_lambda"": 9.927096156966787, ""subsample"": 0.6843472600291528}"
3,4,235,1,0.9463492,0.9407570902965834,0.014476031097778739,"{""colsample_bytree"": 0.6842266159925621, ""learning_rate"": 0.03195358944980374, ""max_depth"": 4, ""min_child_weight"": 1, ""reg_lambda"": 9.927096156966787, ""subsample"": 0.6843472600291528}"
3,4,240,1,0.96255654,0.9496345663143371,0.014965832830923766,"{""colsample_bytree"": 0.6842266159925621, ""learning_rate"": 0.03195358944980374, ""max_depth"": 4, ""min_child_weight"": 1, ""reg_lambda"": 9.927096156966787, ""subsample"": 0.6843472600291528}"
3,4,241,1,0.46712133,0.4379004570887582,0.04545641499385734,"{""colsample_bytree"": 0.6842266159925621, ""learning_rate"": 0.03195358944980374, ""max_depth"": 4, ""min_child_weight"": 1, ""reg_lambda"": 9.927096156966787, ""subsample"": 0.6843472600291528}"
3,4,244,1,0.4778262,0.4691267337780391,0.15050602437353278,"{""colsample_bytree"": 0.6842266159925621, ""learning_rate"": 0.03195358944980374, ""max_depth"": 4, ""min_child_weight"": 1, ""reg_lambda"": 9.927096156966787, ""subsample"": 0.6843472600291528}"
3,4,255,0,0.26255503,0.18931266828186794,0.04752957705039161,"{""colsample_bytree"": 0.6842266159925621, ""learning_rate"": 0.03195358944980374, ""max_depth"": 4, ""min_child_weight"": 1, ""reg_lambda"": 9.927096156966787, ""subsample"": 0.6843472600291528}"
3,4,258,0,0.16127035,0.11357938131328187,0.05426846055285323,"{""colsample_bytree"": 0.6842266159925621, ""learning_rate"": 0.03195358944980374, ""max_depth"": 4, ""min_child_weight"": 1, ""reg_lambda"": 9.927096156966787, ""subsample"": 0.6843472600291528}"
3,4,259,1,0.8982487,0.9242587203375917,0.020022187044610028,"{""colsample_bytree"": 0.6842266159925621, ""learning_rate"": 0.03195358944980374, ""max_depth"": 4, ""min_child_weight"": 1, ""reg_lambda"": 9.927096156966787, ""subsample"": 0.6843472600291528}"
3,4,262,1,0.86197853,0.8826914194451023,0.02356424185804935,"{""colsample_bytree"": 0.6842266159925621, ""learning_rate"": 0.03195358944980374, ""max_depth"": 4, ""min_child_weight"": 1, ""reg_lambda"": 9.927096156966787, ""subsample"": 0.6843472600291528}"
3,4,264,0,0.2650242,0.2150732066174199,0.05590966798512814,"{""colsample_bytree"": 0.6842266159925621, ""learning_rate"": 0.03195358944980374, ""max_depth"": 4, ""min_child_weight"": 1, ""reg_lambda"": 9.927096156966787, ""subsample"": 0.6843472600291528}"
3,4,270,0,0.08901861,0.07381038480493082,0.051099465239540315,"{""colsample_bytree"": 0.6842266159925621, ""learning_rate"": 0.03195358944980374, ""max_depth"": 4, ""min_child_weight"": 1, ""reg_lambda"": 9.927096156966787, ""subsample"": 0.6843472600291528}"
3,4,273,1,0.9654407,0.9481432117385049,0.015288876097026505,"{""colsample_bytree"": 0.6842266159925621, ""learning_rate"": 0.03195358944980374, ""max_depth"": 4, ""min_child_weight"": 1, ""reg_lambda"": 9.927096156966787, ""subsample"": 0.6843472600291528}"
3,4,276,0,0.4776013,0.4608087722324816,0.0776105880856293,"{""colsample_bytree"": 0.6842266159925621, ""learning_rate"": 0.03195358944980374, ""max_depth"": 4, ""min_child_weight"": 1, ""reg_lambda"": 9.927096156966787, ""subsample"": 0.6843472600291528}"
3,4,277,1,0.96311873,0.9493086865365512,0.013957910434011046,"{""colsample_bytree"": 0.6842266159925621, ""learning_rate"": 0.03195358944980374, ""max_depth"": 4, ""min_child_weight"": 1, ""reg_lambda"": 9.927096156966787, ""subsample"": 0.6843472600291528}"
3,4,281,1,0.8125792,0.8564666594697053,0.04182449677799587,"{""colsample_bytree"": 0.6842266159925621, ""learning_rate"": 0.03195358944980374, ""max_depth"": 4, ""min_child_weight"": 1, ""reg_lambda"": 9.927096156966787, ""subsample"": 0.6843472600291528}"
3,4,284,0,0.84570765,0.8581849056368658,0.053717101492171626,"{""colsample_bytree"": 0.6842266159925621, ""learning_rate"": 0.03195358944980374, ""max_depth"": 4, ""min_child_weight"": 1, ""reg_lambda"": 9.927096156966787, ""subsample"": 0.6843472600291528}"
3,4,288,1,0.63623047,0.6118907075025609,0.10037745924651745,"{""colsample_bytree"": 0.6842266159925621, ""learning_rate"": 0.03195358944980374, ""max_depth"": 4, ""min_child_weight"": 1, ""reg_lambda"": 9.927096156966787, ""subsample"": 0.6843472600291528}"
3,4,294,1,0.54665524,0.5936167554034406,0.1259674599230536,"{""colsample_bytree"": 0.6842266159925621, ""learning_rate"": 0.03195358944980374, ""max_depth"": 4, ""min_child_weight"": 1, ""reg_lambda"": 9.927096156966787, ""subsample"": 0.6843472600291528}"
3,4,297,0,0.4465362,0.38036044973937905,0.09700529925773396,"{""colsample_bytree"": 0.6842266159925621, ""learning_rate"": 0.03195358944980374, ""max_depth"": 4, ""min_child_weight"": 1, ""reg_lambda"": 9.927096156966787, ""subsample"": 0.6843472600291528}"
4,0,7,1,0.96937436,0.9180040891697594,0.022639354093005062,"{""colsample_bytree"": 0.420252826253925, ""learning_rate"": 0.05278020781441327, ""max_depth"": 4, ""min_child_weight"": 6, ""reg_lambda"": 2.8373029831592613, ""subsample"": 0.7163772949064536}"
4,0,8,0,0.29618406,0.3283137130741121,0.10208137562109043,"{""colsample_bytree"": 0.420252826253925, ""learning_rate"": 0.05278020781441327, ""max_depth"": 4, ""min_child_weight"": 6, ""reg_lambda"": 2.8373029831592613, ""subsample"": 0.7163772949064536}"
4,0,9,1,0.94546926,0.9114867566330698,0.024697391629104,"{""colsample_bytree"": 0.420252826253925, ""learning_rate"": 0.05278020781441327, ""max_depth"": 4, ""min_child_weight"": 6, ""reg_lambda"": 2.8373029831592613, ""subsample"": 0.7163772949064536}"
4,0,17,0,0.28369743,0.3209759621061016,0.09327434683444757,"{""colsample_bytree"": 0.420252826253925, ""learning_rate"": 0.05278020781441327, ""max_depth"": 4, ""min_child_weight"": 6, ""reg_lambda"": 2.8373029831592613, ""subsample"": 0.7163772949064536}"
4,0,31,1,0.8629298,0.8420650869995375,0.03323868496099839,"{""colsample_bytree"": 0.420252826253925, ""learning_rate"": 0.05278020781441327, ""max_depth"": 4, ""min_child_weight"": 6, ""reg_lambda"": 2.8373029831592613, ""subsample"": 0.7163772949064536}"
4,0,32,1,0.96809256,0.9186784200977953,0.02295577621129087,"{""colsample_bytree"": 0.420252826253925, ""learning_rate"": 0.05278020781441327, ""max_depth"": 4, ""min_child_weight"": 6, ""reg_lambda"": 2.8373029831592613, ""subsample"": 0.7163772949064536}"
4,0,33,1,0.93356955,0.9006824736380101,0.01709252249200303,"{""colsample_bytree"": 0.420252826253925, ""learning_rate"": 0.05278020781441327, ""max_depth"": 4, ""min_child_weight"": 6, ""reg_lambda"": 2.8373029831592613, ""subsample"": 0.7163772949064536}"
4,0,35,0,0.22828107,0.2322474478815318,0.0922908959631229,"{""colsample_bytree"": 0.420252826253925, ""learning_rate"": 0.05278020781441327, ""max_depth"": 4, ""min_child_weight"": 6, ""reg_lambda"": 2.8373029831592613, ""subsample"": 0.7163772949064536}"
4,0,36,1,0.9087072,0.8952642537839541,0.021490450872081783,"{""colsample_bytree"": 0.420252826253925, ""learning_rate"": 0.05278020781441327, ""max_depth"": 4, ""min_child_weight"": 6, ""reg_lambda"": 2.8373029831592613, ""subsample"": 0.7163772949064536}"
4,0,45,1,0.89002967,0.8738622793934857,0.03306329931246715,"{""colsample_bytree"": 0.420252826253925, ""learning_rate"": 0.05278020781441327, ""max_depth"": 4, ""min_child_weight"": 6, ""reg_lambda"": 2.8373029831592613, ""subsample"": 0.7163772949064536}"
4,0,47,1,0.9792548,0.926982655313658,0.01888086210811055,"{""colsample_bytree"": 0.420252826253925, ""learning_rate"": 0.05278020781441327, ""max_depth"": 4, ""min_child_weight"": 6, ""reg_lambda"": 2.8373029831592613, ""subsample"": 0.7163772949064536}"
4,0,57,1,0.9636997,0.9213851573504478,0.019954897823464504,"{""colsample_bytree"": 0.420252826253925, ""learning_rate"": 0.05278020781441327, ""max_depth"": 4, ""min_child_weight"": 6, ""reg_lambda"": 2.8373029831592613, ""subsample"": 0.7163772949064536}"
4,0,60,0,0.42223883,0.45432678400865945,0.05189656998740897,"{""colsample_bytree"": 0.420252826253925, ""learning_rate"": 0.05278020781441327, ""max_depth"": 4, ""min_child_weight"": 6, ""reg_lambda"": 2.8373029831592613, ""subsample"": 0.7163772949064536}"
4,0,74,1,0.98453367,0.9285466227824536,0.01884471506075256,"{""colsample_bytree"": 0.420252826253925, ""learning_rate"": 0.05278020781441327, ""max_depth"": 4, ""min_child_weight"": 6, ""reg_lambda"": 2.8373029831592613, ""subsample"": 0.7163772949064536}"
4,0,77,1,0.8698819,0.875591051386499,0.024025694926770258,"{""colsample_bytree"": 0.420252826253925, ""learning_rate"": 0.05278020781441327, ""max_depth"": 4, ""min_child_weight"": 6, ""reg_lambda"": 2.8373029831592613, ""subsample"": 0.7163772949064536}"
4,0,82,1,0.6970412,0.7611528617728114,0.035517838180149384,"{""colsample_bytree"": 0.420252826253925, ""learning_rate"": 0.05278020781441327, ""max_depth"": 4, ""min_child_weight"": 6, ""reg_lambda"": 2.8373029831592613, ""subsample"": 0.7163772949064536}"
4,0,88,1,0.9437401,0.9152359338189479,0.01889124244488198,"{""colsample_bytree"": 0.420252826253925, ""learning_rate"": 0.05278020781441327, ""max_depth"": 4, ""min_child_weight"": 6, ""reg_lambda"": 2.8373029831592613, ""subsample"": 0.7163772949064536}"
4,0,96,1,0.91062814,0.8977810300305684,0.028878102505706636,"{""colsample_bytree"": 0.420252826253925, ""learning_rate"": 0.05278020781441327, ""max_depth"": 4, ""min_child_weight"": 6, ""reg_lambda"": 2.8373029831592613, ""subsample"": 0.7163772949064536}"
4,0,118,1,0.9804412,0.9230185062864267,0.02135897023591064,"{""colsample_bytree"": 0.420252826253925, ""learning_rate"": 0.05278020781441327, ""max_depth"": 4, ""min_child_weight"": 6, ""reg_lambda"": 2.8373029831592613, ""subsample"": 0.7163772949064536}"
4,0,121,1,0.7180907,0.7587187404083029,0.06203232321306804,"{""colsample_bytree"": 0.420252826253925, ""learning_rate"": 0.05278020781441327, ""max_depth"": 4, ""min_child_weight"": 6, ""reg_lambda"": 2.8373029831592613, ""subsample"": 0.7163772949064536}"
4,0,122,1,0.864846,0.842104383591256,0.05944843714148582,"{""colsample_bytree"": 0.420252826253925, ""learning_rate"": 0.05278020781441327, ""max_depth"": 4, ""min_child_weight"": 6, ""reg_lambda"": 2.8373029831592613, ""subsample"": 0.7163772949064536}"
4,0,124,1,0.5367841,0.49931014974957766,0.16163347352592905,"{""colsample_bytree"": 0.420252826253925, ""learning_rate"": 0.05278020781441327, ""max_depth"": 4, ""min_child_weight"": 6, ""reg_lambda"": 2.8373029831592613, ""subsample"": 0.7163772949064536}"
4,0,138,1,0.9256322,0.8994645529666598,0.027822334144239017,"{""colsample_bytree"": 0.420252826253925, ""learning_rate"": 0.05278020781441327, ""max_depth"": 4, ""min_child_weight"": 6, ""reg_lambda"": 2.8373029831592613, ""subsample"": 0.7163772949064536}"
4,0,139,1,0.96758336,0.9208968021637137,0.019963884451282065,"{""colsample_bytree"": 0.420252826253925, ""learning_rate"": 0.05278020781441327, ""max_depth"": 4, ""min_child_weight"": 6, ""reg_lambda"": 2.8373029831592613, ""subsample"": 0.7163772949064536}"
4,0,140,1,0.8899298,0.8622821619209141,0.04126368006162547,"{""colsample_bytree"": 0.420252826253925, ""learning_rate"": 0.05278020781441327, ""max_depth"": 4, ""min_child_weight"": 6, ""reg_lambda"": 2.8373029831592613, ""subsample"": 0.7163772949064536}"
4,0,141,1,0.9769935,0.9217024948556283,0.020709337952698793,"{""colsample_bytree"": 0.420252826253925, ""learning_rate"": 0.05278020781441327, ""max_depth"": 4, ""min_child_weight"": 6, ""reg_lambda"": 2.8373029831592613, ""subsample"": 0.7163772949064536}"
4,0,144,1,0.9334399,0.9019607153524628,0.024029261638840137,"{""colsample_bytree"": 0.420252826253925, ""learning_rate"": 0.05278020781441327, ""max_depth"": 4, ""min_child_weight"": 6, ""reg_lambda"": 2.8373029831592613, ""subsample"": 0.7163772949064536}"
4,0,146,1,0.99149126,0.9307559941389396,0.019030837364898193,"{""colsample_bytree"": 0.420252826253925, ""learning_rate"": 0.05278020781441327, ""max_depth"": 4, ""min_child_weight"": 6, ""reg_lambda"": 2.8373029831592613, ""subsample"": 0.7163772949064536}"
4,0,153,0,0.57885087,0.6015979258337137,0.12800070288219334,"{""colsample_bytree"": 0.420252826253925, ""learning_rate"": 0.05278020781441327, ""max_depth"": 4, ""min_child_weight"": 6, ""reg_lambda"": 2.8373029831592613, ""subsample"": 0.7163772949064536}"
4,0,158,1,0.39285734,0.31442530485974485,0.09009022710951864,"{""colsample_bytree"": 0.420252826253925, ""learning_rate"": 0.05278020781441327, ""max_depth"": 4, ""min_child_weight"": 6, ""reg_lambda"": 2.8373029831592613, ""subsample"": 0.7163772949064536}"
4,0,159,1,0.9796139,0.9271379612141338,0.01840329596054734,"{""colsample_bytree"": 0.420252826253925, ""learning_rate"": 0.05278020781441327, ""max_depth"": 4, ""min_child_weight"": 6, ""reg_lambda"": 2.8373029831592613, ""subsample"": 0.7163772949064536}"
4,0,160,1,0.93775076,0.9086062036869752,0.026649172814251047,"{""colsample_bytree"": 0.420252826253925, ""learning_rate"": 0.05278020781441327, ""max_depth"": 4, ""min_child_weight"": 6, ""reg_lambda"": 2.8373029831592613, ""subsample"": 0.7163772949064536}"
4,0,162,1,0.94384855,0.9054384916236365,0.024145242722961553,"{""colsample_bytree"": 0.420252826253925, ""learning_rate"": 0.05278020781441327, ""max_depth"": 4, ""min_child_weight"": 6, ""reg_lambda"": 2.8373029831592613, ""subsample"": 0.7163772949064536}"
4,0,163,1,0.67470646,0.6933819982699223,0.07146761064072964,"{""colsample_bytree"": 0.420252826253925, ""learning_rate"": 0.05278020781441327, ""max_depth"": 4, ""min_child_weight"": 6, ""reg_lambda"": 2.8373029831592613, ""subsample"": 0.7163772949064536}"
4,0,164,1,0.9777084,0.9299593756444624,0.01805548937648032,"{""colsample_bytree"": 0.420252826253925, ""learning_rate"": 0.05278020781441327, ""max_depth"": 4, ""min_child_weight"": 6, ""reg_lambda"": 2.8373029831592613, ""subsample"": 0.7163772949064536}"
4,0,165,1,0.8459061,0.8493944875447352,0.05387554551740658,"{""colsample_bytree"": 0.420252826253925, ""learning_rate"": 0.05278020781441327, ""max_depth"": 4, ""min_child_weight"": 6, ""reg_lambda"": 2.8373029831592613, ""subsample"": 0.7163772949064536}"
4,0,166,0,0.1969016,0.2419979714857968,0.05789340802568396,"{""colsample_bytree"": 0.420252826253925, ""learning_rate"": 0.05278020781441327, ""max_depth"": 4, ""min_child_weight"": 6, ""reg_lambda"": 2.8373029831592613, ""subsample"": 0.7163772949064536}"
4,0,175,0,0.8262131,0.8203634768270074,0.04375733687844059,"{""colsample_bytree"": 0.420252826253925, ""learning_rate"": 0.05278020781441327, ""max_depth"": 4, ""min_child_weight"": 6, ""reg_lambda"": 2.8373029831592613, ""subsample"": 0.7163772949064536}"
4,0,177,1,0.9336298,0.9147913215694988,0.017600635314373596,"{""colsample_bytree"": 0.420252826253925, ""learning_rate"": 0.05278020781441327, ""max_depth"": 4, ""min_child_weight"": 6, ""reg_lambda"": 2.8373029831592613, ""subsample"": 0.7163772949064536}"
4,0,187,1,0.95251876,0.9202070390348087,0.01903956801689593,"{""colsample_bytree"": 0.420252826253925, ""learning_rate"": 0.05278020781441327, ""max_depth"": 4, ""min_child_weight"": 6, ""reg_lambda"": 2.8373029831592613, ""subsample"": 0.7163772949064536}"
4,0,188,1,0.6565758,0.6098295896139239,0.1598458510616536,"{""colsample_bytree"": 0.420252826253925, ""learning_rate"": 0.05278020781441327, ""max_depth"": 4, ""min_child_weight"": 6, ""reg_lambda"": 2.8373029831592613, ""subsample"": 0.7163772949064536}"
4,0,189,1,0.9258772,0.9173163808506691,0.018561651113671588,"{""colsample_bytree"": 0.420252826253925, ""learning_rate"": 0.05278020781441327, ""max_depth"": 4, ""min_child_weight"": 6, ""reg_lambda"": 2.8373029831592613, ""subsample"": 0.7163772949064536}"
4,0,198,1,0.9084599,0.9078758390458613,0.01609621604384133,"{""colsample_bytree"": 0.420252826253925, ""learning_rate"": 0.05278020781441327, ""max_depth"": 4, ""min_child_weight"": 6, ""reg_lambda"": 2.8373029831592613, ""subsample"": 0.7163772949064536}"
4,0,206,1,0.94846505,0.9138558495324117,0.01974981101836277,"{""colsample_bytree"": 0.420252826253925, ""learning_rate"": 0.05278020781441327, ""max_depth"": 4, ""min_child_weight"": 6, ""reg_lambda"": 2.8373029831592613, ""subsample"": 0.7163772949064536}"
4,0,208,1,0.86491233,0.8439177319488878,0.014784573104460979,"{""colsample_bytree"": 0.420252826253925, ""learning_rate"": 0.05278020781441327, ""max_depth"": 4, ""min_child_weight"": 6, ""reg_lambda"": 2.8373029831592613, ""subsample"": 0.7163772949064536}"
4,0,209,1,0.9563779,0.916580604079754,0.01652587466526123,"{""colsample_bytree"": 0.420252826253925, ""learning_rate"": 0.05278020781441327, ""max_depth"": 4, ""min_child_weight"": 6, ""reg_lambda"": 2.8373029831592613, ""subsample"": 0.7163772949064536}"
4,0,212,0,0.052576862,0.09682984951801486,0.03742880259918844,"{""colsample_bytree"": 0.420252826253925, ""learning_rate"": 0.05278020781441327, ""max_depth"": 4, ""min_child_weight"": 6, ""reg_lambda"": 2.8373029831592613, ""subsample"": 0.7163772949064536}"
4,0,217,0,0.5124257,0.5362481685110885,0.11556735645912426,"{""colsample_bytree"": 0.420252826253925, ""learning_rate"": 0.05278020781441327, ""max_depth"": 4, ""min_child_weight"": 6, ""reg_lambda"": 2.8373029831592613, ""subsample"": 0.7163772949064536}"
4,0,226,1,0.97594005,0.9195138768885505,0.021794554421425923,"{""colsample_bytree"": 0.420252826253925, ""learning_rate"": 0.05278020781441327, ""max_depth"": 4, ""min_child_weight"": 6, ""reg_lambda"": 2.8373029831592613, ""subsample"": 0.7163772949064536}"
4,0,234,0,0.3147394,0.2745885024918485,0.056281171761502824,"{""colsample_bytree"": 0.420252826253925, ""learning_rate"": 0.05278020781441327, ""max_depth"": 4, ""min_child_weight"": 6, ""reg_lambda"": 2.8373029831592613, ""subsample"": 0.7163772949064536}"
4,0,239,1,0.9259399,0.8885181558146314,0.034972419067302585,"{""colsample_bytree"": 0.420252826253925, ""learning_rate"": 0.05278020781441327, ""max_depth"": 4, ""min_child_weight"": 6, ""reg_lambda"": 2.8373029831592613, ""subsample"": 0.7163772949064536}"
4,0,256,0,0.3754803,0.2629409656459012,0.07781182309057572,"{""colsample_bytree"": 0.420252826253925, ""learning_rate"": 0.05278020781441327, ""max_depth"": 4, ""min_child_weight"": 6, ""reg_lambda"": 2.8373029831592613, ""subsample"": 0.7163772949064536}"
4,0,261,0,0.08849895,0.11778599218570604,0.03722091577155278,"{""colsample_bytree"": 0.420252826253925, ""learning_rate"": 0.05278020781441327, ""max_depth"": 4, ""min_child_weight"": 6, ""reg_lambda"": 2.8373029831592613, ""subsample"": 0.7163772949064536}"
4,0,275,1,0.9781648,0.9242846428789895,0.021198032082736434,"{""colsample_bytree"": 0.420252826253925, ""learning_rate"": 0.05278020781441327, ""max_depth"": 4, ""min_child_weight"": 6, ""reg_lambda"": 2.8373029831592613, ""subsample"": 0.7163772949064536}"
4,0,276,0,0.35202873,0.33269053782789443,0.0737314255328888,"{""colsample_bytree"": 0.420252826253925, ""learning_rate"": 0.05278020781441327, ""max_depth"": 4, ""min_child_weight"": 6, ""reg_lambda"": 2.8373029831592613, ""subsample"": 0.7163772949064536}"
4,0,277,1,0.9796586,0.9258380980111085,0.020285012700860187,"{""colsample_bytree"": 0.420252826253925, ""learning_rate"": 0.05278020781441327, ""max_depth"": 4, ""min_child_weight"": 6, ""reg_lambda"": 2.8373029831592613, ""subsample"": 0.7163772949064536}"
4,0,283,1,0.8069428,0.7772197938936884,0.05026063749555735,"{""colsample_bytree"": 0.420252826253925, ""learning_rate"": 0.05278020781441327, ""max_depth"": 4, ""min_child_weight"": 6, ""reg_lambda"": 2.8373029831592613, ""subsample"": 0.7163772949064536}"
4,0,289,0,0.19908537,0.21776078043672661,0.05397954114967883,"{""colsample_bytree"": 0.420252826253925, ""learning_rate"": 0.05278020781441327, ""max_depth"": 4, ""min_child_weight"": 6, ""reg_lambda"": 2.8373029831592613, ""subsample"": 0.7163772949064536}"
4,0,297,0,0.27893475,0.2003348887825338,0.04402234161507286,"{""colsample_bytree"": 0.420252826253925, ""learning_rate"": 0.05278020781441327, ""max_depth"": 4, ""min_child_weight"": 6, ""reg_lambda"": 2.8373029831592613, ""subsample"": 0.7163772949064536}"
4,0,299,0,0.19188428,0.25033019834215814,0.0663690527686333,"{""colsample_bytree"": 0.420252826253925, ""learning_rate"": 0.05278020781441327, ""max_depth"": 4, ""min_child_weight"": 6, ""reg_lambda"": 2.8373029831592613, ""subsample"": 0.7163772949064536}"
4,0,301,0,0.1939816,0.21369704371902812,0.08597650061606157,"{""colsample_bytree"": 0.420252826253925, ""learning_rate"": 0.05278020781441327, ""max_depth"": 4, ""min_child_weight"": 6, ""reg_lambda"": 2.8373029831592613, ""subsample"": 0.7163772949064536}"
4,1,1,1,0.9760094,0.9396787252684818,0.0202193264637095,"{""colsample_bytree"": 0.6398961977890478, ""learning_rate"": 0.029158627532850003, ""max_depth"": 4, ""min_child_weight"": 2, ""reg_lambda"": 3.884128659230708, ""subsample"": 0.6705232986601967}"
4,1,19,1,0.96908724,0.9351918265787473,0.018964837321221825,"{""colsample_bytree"": 0.6398961977890478, ""learning_rate"": 0.029158627532850003, ""max_depth"": 4, ""min_child_weight"": 2, ""reg_lambda"": 3.884128659230708, ""subsample"": 0.6705232986601967}"
4,1,20,1,0.104618706,0.09712936373787744,0.061425586267709144,"{""colsample_bytree"": 0.6398961977890478, ""learning_rate"": 0.029158627532850003, ""max_depth"": 4, ""min_child_weight"": 2, ""reg_lambda"": 3.884128659230708, ""subsample"": 0.6705232986601967}"
4,1,25,1,0.9572965,0.9304316653877691,0.02040289210212699,"{""colsample_bytree"": 0.6398961977890478, ""learning_rate"": 0.029158627532850003, ""max_depth"": 4, ""min_child_weight"": 2, ""reg_lambda"": 3.884128659230708, ""subsample"": 0.6705232986601967}"
4,1,26,0,0.21001817,0.18068950607859063,0.07829421217697656,"{""colsample_bytree"": 0.6398961977890478, ""learning_rate"": 0.029158627532850003, ""max_depth"": 4, ""min_child_weight"": 2, ""reg_lambda"": 3.884128659230708, ""subsample"": 0.6705232986601967}"
4,1,29,1,0.9737848,0.937880465876008,0.01949635202601496,"{""colsample_bytree"": 0.6398961977890478, ""learning_rate"": 0.029158627532850003, ""max_depth"": 4, ""min_child_weight"": 2, ""reg_lambda"": 3.884128659230708, ""subsample"": 0.6705232986601967}"
4,1,30,1,0.93344146,0.9240365235141474,0.020878328025525715,"{""colsample_bytree"": 0.6398961977890478, ""learning_rate"": 0.029158627532850003, ""max_depth"": 4, ""min_child_weight"": 2, ""reg_lambda"": 3.884128659230708, ""subsample"": 0.6705232986601967}"
4,1,34,1,0.75322294,0.7835406802916811,0.049452702613109474,"{""colsample_bytree"": 0.6398961977890478, ""learning_rate"": 0.029158627532850003, ""max_depth"": 4, ""min_child_weight"": 2, ""reg_lambda"": 3.884128659230708, ""subsample"": 0.6705232986601967}"
4,1,39,1,0.97370183,0.9386864500327106,0.01829435467071866,"{""colsample_bytree"": 0.6398961977890478, ""learning_rate"": 0.029158627532850003, ""max_depth"": 4, ""min_child_weight"": 2, ""reg_lambda"": 3.884128659230708, ""subsample"": 0.6705232986601967}"
4,1,41,0,0.26141495,0.22705484147096935,0.14525437737364688,"{""colsample_bytree"": 0.6398961977890478, ""learning_rate"": 0.029158627532850003, ""max_depth"": 4, ""min_child_weight"": 2, ""reg_lambda"": 3.884128659230708, ""subsample"": 0.6705232986601967}"
4,1,42,0,0.27799243,0.2183566878806109,0.1277896232904378,"{""colsample_bytree"": 0.6398961977890478, ""learning_rate"": 0.029158627532850003, ""max_depth"": 4, ""min_child_weight"": 2, ""reg_lambda"": 3.884128659230708, ""subsample"": 0.6705232986601967}"
4,1,49,1,0.55697215,0.5678574131643102,0.054976954634177094,"{""colsample_bytree"": 0.6398961977890478, ""learning_rate"": 0.029158627532850003, ""max_depth"": 4, ""min_child_weight"": 2, ""reg_lambda"": 3.884128659230708, ""subsample"": 0.6705232986601967}"
4,1,53,1,0.6460316,0.6167295015060705,0.1193071900902343,"{""colsample_bytree"": 0.6398961977890478, ""learning_rate"": 0.029158627532850003, ""max_depth"": 4, ""min_child_weight"": 2, ""reg_lambda"": 3.884128659230708, ""subsample"": 0.6705232986601967}"
4,1,54,0,0.20246553,0.15461002371101762,0.09262663072197277,"{""colsample_bytree"": 0.6398961977890478, ""learning_rate"": 0.029158627532850003, ""max_depth"": 4, ""min_child_weight"": 2, ""reg_lambda"": 3.884128659230708, ""subsample"": 0.6705232986601967}"
4,1,61,1,0.6849371,0.7155830416209217,0.07410643001463997,"{""colsample_bytree"": 0.6398961977890478, ""learning_rate"": 0.029158627532850003, ""max_depth"": 4, ""min_child_weight"": 2, ""reg_lambda"": 3.884128659230708, ""subsample"": 0.6705232986601967}"
4,1,65,1,0.92134917,0.9158775852360744,0.017902720938816962,"{""colsample_bytree"": 0.6398961977890478, ""learning_rate"": 0.029158627532850003, ""max_depth"": 4, ""min_child_weight"": 2, ""reg_lambda"": 3.884128659230708, ""subsample"": 0.6705232986601967}"
4,1,67,0,0.9022551,0.8901515330889632,0.02801831866303055,"{""colsample_bytree"": 0.6398961977890478, ""learning_rate"": 0.029158627532850003, ""max_depth"": 4, ""min_child_weight"": 2, ""reg_lambda"": 3.884128659230708, ""subsample"": 0.6705232986601967}"
4,1,71,1,0.934989,0.9169198156185742,0.02483587431382111,"{""colsample_bytree"": 0.6398961977890478, ""learning_rate"": 0.029158627532850003, ""max_depth"": 4, ""min_child_weight"": 2, ""reg_lambda"": 3.884128659230708, ""subsample"": 0.6705232986601967}"
4,1,75,1,0.74525905,0.7819271837722112,0.10764406905694546,"{""colsample_bytree"": 0.6398961977890478, ""learning_rate"": 0.029158627532850003, ""max_depth"": 4, ""min_child_weight"": 2, ""reg_lambda"": 3.884128659230708, ""subsample"": 0.6705232986601967}"
4,1,83,1,0.6202555,0.5781060862721641,0.09084376554045717,"{""colsample_bytree"": 0.6398961977890478, ""learning_rate"": 0.029158627532850003, ""max_depth"": 4, ""min_child_weight"": 2, ""reg_lambda"": 3.884128659230708, ""subsample"": 0.6705232986601967}"
4,1,91,0,0.33667135,0.2852869340612415,0.15447859629301963,"{""colsample_bytree"": 0.6398961977890478, ""learning_rate"": 0.029158627532850003, ""max_depth"": 4, ""min_child_weight"": 2, ""reg_lambda"": 3.884128659230708, ""subsample"": 0.6705232986601967}"
4,1,92,1,0.93820006,0.9265187771581015,0.02226494923042981,"{""colsample_bytree"": 0.6398961977890478, ""learning_rate"": 0.029158627532850003, ""max_depth"": 4, ""min_child_weight"": 2, ""reg_lambda"": 3.884128659230708, ""subsample"": 0.6705232986601967}"
4,1,106,1,0.9346929,0.9181344982905968,0.014989585034781037,"{""colsample_bytree"": 0.6398961977890478, ""learning_rate"": 0.029158627532850003, ""max_depth"": 4, ""min_child_weight"": 2, ""reg_lambda"": 3.884128659230708, ""subsample"": 0.6705232986601967}"
4,1,109,1,0.9449579,0.9279349154413499,0.020387383306016808,"{""colsample_bytree"": 0.6398961977890478, ""learning_rate"": 0.029158627532850003, ""max_depth"": 4, ""min_child_weight"": 2, ""reg_lambda"": 3.884128659230708, ""subsample"": 0.6705232986601967}"
4,1,114,1,0.9781854,0.9388304215755191,0.020595015700275898,"{""colsample_bytree"": 0.6398961977890478, ""learning_rate"": 0.029158627532850003, ""max_depth"": 4, ""min_child_weight"": 2, ""reg_lambda"": 3.884128659230708, ""subsample"": 0.6705232986601967}"
4,1,116,1,0.95163834,0.9239963528251571,0.023089651342774693,"{""colsample_bytree"": 0.6398961977890478, ""learning_rate"": 0.029158627532850003, ""max_depth"": 4, ""min_child_weight"": 2, ""reg_lambda"": 3.884128659230708, ""subsample"": 0.6705232986601967}"
4,1,131,1,0.97576284,0.9401713990612087,0.01962184472226507,"{""colsample_bytree"": 0.6398961977890478, ""learning_rate"": 0.029158627532850003, ""max_depth"": 4, ""min_child_weight"": 2, ""reg_lambda"": 3.884128659230708, ""subsample"": 0.6705232986601967}"
4,1,147,1,0.8819483,0.894952767334041,0.025358937797964522,"{""colsample_bytree"": 0.6398961977890478, ""learning_rate"": 0.029158627532850003, ""max_depth"": 4, ""min_child_weight"": 2, ""reg_lambda"": 3.884128659230708, ""subsample"": 0.6705232986601967}"
4,1,148,1,0.81155896,0.8464070284152928,0.07035131947363807,"{""colsample_bytree"": 0.6398961977890478, ""learning_rate"": 0.029158627532850003, ""max_depth"": 4, ""min_child_weight"": 2, ""reg_lambda"": 3.884128659230708, ""subsample"": 0.6705232986601967}"
4,1,157,1,0.5253692,0.646650209186759,0.07969131123340704,"{""colsample_bytree"": 0.6398961977890478, ""learning_rate"": 0.029158627532850003, ""max_depth"": 4, ""min_child_weight"": 2, ""reg_lambda"": 3.884128659230708, ""subsample"": 0.6705232986601967}"
4,1,168,0,0.2533482,0.15177346436153014,0.10602838325677327,"{""colsample_bytree"": 0.6398961977890478, ""learning_rate"": 0.029158627532850003, ""max_depth"": 4, ""min_child_weight"": 2, ""reg_lambda"": 3.884128659230708, ""subsample"": 0.6705232986601967}"
4,1,173,1,0.96919394,0.935718218410021,0.019022985369366526,"{""colsample_bytree"": 0.6398961977890478, ""learning_rate"": 0.029158627532850003, ""max_depth"": 4, ""min_child_weight"": 2, ""reg_lambda"": 3.884128659230708, ""subsample"": 0.6705232986601967}"
4,1,176,1,0.2861768,0.24275768319807497,0.13278695141933292,"{""colsample_bytree"": 0.6398961977890478, ""learning_rate"": 0.029158627532850003, ""max_depth"": 4, ""min_child_weight"": 2, ""reg_lambda"": 3.884128659230708, ""subsample"": 0.6705232986601967}"
4,1,180,1,0.2950433,0.22988611723325292,0.10387479745778998,"{""colsample_bytree"": 0.6398961977890478, ""learning_rate"": 0.029158627532850003, ""max_depth"": 4, ""min_child_weight"": 2, ""reg_lambda"": 3.884128659230708, ""subsample"": 0.6705232986601967}"
4,1,182,1,0.69573593,0.6894761334401458,0.08586266438327966,"{""colsample_bytree"": 0.6398961977890478, ""learning_rate"": 0.029158627532850003, ""max_depth"": 4, ""min_child_weight"": 2, ""reg_lambda"": 3.884128659230708, ""subsample"": 0.6705232986601967}"
4,1,193,0,0.53024936,0.572714656889231,0.09891533087862323,"{""colsample_bytree"": 0.6398961977890478, ""learning_rate"": 0.029158627532850003, ""max_depth"": 4, ""min_child_weight"": 2, ""reg_lambda"": 3.884128659230708, ""subsample"": 0.6705232986601967}"
4,1,201,0,0.4136624,0.33388921737289623,0.10398038281119865,"{""colsample_bytree"": 0.6398961977890478, ""learning_rate"": 0.029158627532850003, ""max_depth"": 4, ""min_child_weight"": 2, ""reg_lambda"": 3.884128659230708, ""subsample"": 0.6705232986601967}"
4,1,202,1,0.9408425,0.9240037707221498,0.02915122427256423,"{""colsample_bytree"": 0.6398961977890478, ""learning_rate"": 0.029158627532850003, ""max_depth"": 4, ""min_child_weight"": 2, ""reg_lambda"": 3.884128659230708, ""subsample"": 0.6705232986601967}"
4,1,203,0,0.41321805,0.3541139220390139,0.17722749902069393,"{""colsample_bytree"": 0.6398961977890478, ""learning_rate"": 0.029158627532850003, ""max_depth"": 4, ""min_child_weight"": 2, ""reg_lambda"": 3.884128659230708, ""subsample"": 0.6705232986601967}"
4,1,207,1,0.8743208,0.8751402025615121,0.042135670992761894,"{""colsample_bytree"": 0.6398961977890478, ""learning_rate"": 0.029158627532850003, ""max_depth"": 4, ""min_child_weight"": 2, ""reg_lambda"": 3.884128659230708, ""subsample"": 0.6705232986601967}"
4,1,210,0,0.27738768,0.18514837121149058,0.12387350250629796,"{""colsample_bytree"": 0.6398961977890478, ""learning_rate"": 0.029158627532850003, ""max_depth"": 4, ""min_child_weight"": 2, ""reg_lambda"": 3.884128659230708, ""subsample"": 0.6705232986601967}"
4,1,218,0,0.3480578,0.2878392085525437,0.11487722163313127,"{""colsample_bytree"": 0.6398961977890478, ""learning_rate"": 0.029158627532850003, ""max_depth"": 4, ""min_child_weight"": 2, ""reg_lambda"": 3.884128659230708, ""subsample"": 0.6705232986601967}"
4,1,221,1,0.7488744,0.7620047218040692,0.06871817186019775,"{""colsample_bytree"": 0.6398961977890478, ""learning_rate"": 0.029158627532850003, ""max_depth"": 4, ""min_child_weight"": 2, ""reg_lambda"": 3.884128659230708, ""subsample"": 0.6705232986601967}"
4,1,225,1,0.8633496,0.8822334731658964,0.014359294590472336,"{""colsample_bytree"": 0.6398961977890478, ""learning_rate"": 0.029158627532850003, ""max_depth"": 4, ""min_child_weight"": 2, ""reg_lambda"": 3.884128659230708, ""subsample"": 0.6705232986601967}"
4,1,231,1,0.97935176,0.941168281481424,0.01880679169422577,"{""colsample_bytree"": 0.6398961977890478, ""learning_rate"": 0.029158627532850003, ""max_depth"": 4, ""min_child_weight"": 2, ""reg_lambda"": 3.884128659230708, ""subsample"": 0.6705232986601967}"
4,1,236,1,0.76046616,0.7619778404338122,0.02680353505517862,"{""colsample_bytree"": 0.6398961977890478, ""learning_rate"": 0.029158627532850003, ""max_depth"": 4, ""min_child_weight"": 2, ""reg_lambda"": 3.884128659230708, ""subsample"": 0.6705232986601967}"
4,1,244,1,0.5248559,0.6220075432866178,0.071838966392896,"{""colsample_bytree"": 0.6398961977890478, ""learning_rate"": 0.029158627532850003, ""max_depth"": 4, ""min_child_weight"": 2, ""reg_lambda"": 3.884128659230708, ""subsample"": 0.6705232986601967}"
4,1,246,1,0.9721459,0.9380752022817864,0.019163570718685637,"{""colsample_bytree"": 0.6398961977890478, ""learning_rate"": 0.029158627532850003, ""max_depth"": 4, ""min_child_weight"": 2, ""reg_lambda"": 3.884128659230708, ""subsample"": 0.6705232986601967}"
4,1,247,0,0.114392936,0.11048753432396115,0.08330353098873666,"{""colsample_bytree"": 0.6398961977890478, ""learning_rate"": 0.029158627532850003, ""max_depth"": 4, ""min_child_weight"": 2, ""reg_lambda"": 3.884128659230708, ""subsample"": 0.6705232986601967}"
4,1,248,1,0.9716664,0.9381038933239113,0.02038986464600649,"{""colsample_bytree"": 0.6398961977890478, ""learning_rate"": 0.029158627532850003, ""max_depth"": 4, ""min_child_weight"": 2, ""reg_lambda"": 3.884128659230708, ""subsample"": 0.6705232986601967}"
4,1,250,1,0.9637845,0.9336960019610089,0.01876171661277562,"{""colsample_bytree"": 0.6398961977890478, ""learning_rate"": 0.029158627532850003, ""max_depth"": 4, ""min_child_weight"": 2, ""reg_lambda"": 3.884128659230708, ""subsample"": 0.6705232986601967}"
4,1,251,1,0.46688923,0.3449738505220597,0.11402265993241695,"{""colsample_bytree"": 0.6398961977890478, ""learning_rate"": 0.029158627532850003, ""max_depth"": 4, ""min_child_weight"": 2, ""reg_lambda"": 3.884128659230708, ""subsample"": 0.6705232986601967}"
4,1,252,1,0.8924861,0.8951631249677099,0.031078416515515107,"{""colsample_bytree"": 0.6398961977890478, ""learning_rate"": 0.029158627532850003, ""max_depth"": 4, ""min_child_weight"": 2, ""reg_lambda"": 3.884128659230708, ""subsample"": 0.6705232986601967}"
4,1,254,0,0.6391932,0.6643778296672996,0.18800781327840058,"{""colsample_bytree"": 0.6398961977890478, ""learning_rate"": 0.029158627532850003, ""max_depth"": 4, ""min_child_weight"": 2, ""reg_lambda"": 3.884128659230708, ""subsample"": 0.6705232986601967}"
4,1,255,0,0.28807855,0.22024701292504054,0.10942429327019455,"{""colsample_bytree"": 0.6398961977890478, ""learning_rate"": 0.029158627532850003, ""max_depth"": 4, ""min_child_weight"": 2, ""reg_lambda"": 3.884128659230708, ""subsample"": 0.6705232986601967}"
4,1,267,1,0.8952053,0.9020105848864398,0.03552662165910119,"{""colsample_bytree"": 0.6398961977890478, ""learning_rate"": 0.029158627532850003, ""max_depth"": 4, ""min_child_weight"": 2, ""reg_lambda"": 3.884128659230708, ""subsample"": 0.6705232986601967}"
4,1,281,1,0.82674915,0.8574115406565135,0.04388697221240916,"{""colsample_bytree"": 0.6398961977890478, ""learning_rate"": 0.029158627532850003, ""max_depth"": 4, ""min_child_weight"": 2, ""reg_lambda"": 3.884128659230708, ""subsample"": 0.6705232986601967}"
4,1,285,0,0.25773814,0.20289036388045883,0.11250992298691681,"{""colsample_bytree"": 0.6398961977890478, ""learning_rate"": 0.029158627532850003, ""max_depth"": 4, ""min_child_weight"": 2, ""reg_lambda"": 3.884128659230708, ""subsample"": 0.6705232986601967}"
4,1,286,0,0.28836593,0.2404431618530265,0.09439990798488584,"{""colsample_bytree"": 0.6398961977890478, ""learning_rate"": 0.029158627532850003, ""max_depth"": 4, ""min_child_weight"": 2, ""reg_lambda"": 3.884128659230708, ""subsample"": 0.6705232986601967}"
4,1,291,0,0.37572852,0.2909138005960716,0.1165782915064687,"{""colsample_bytree"": 0.6398961977890478, ""learning_rate"": 0.029158627532850003, ""max_depth"": 4, ""min_child_weight"": 2, ""reg_lambda"": 3.884128659230708, ""subsample"": 0.6705232986601967}"
4,1,298,1,0.8616201,0.8786317504600009,0.03018455051728642,"{""colsample_bytree"": 0.6398961977890478, ""learning_rate"": 0.029158627532850003, ""max_depth"": 4, ""min_child_weight"": 2, ""reg_lambda"": 3.884128659230708, ""subsample"": 0.6705232986601967}"
4,2,10,1,0.9878473,0.928421081524484,0.029764166332045452,"{""colsample_bytree"": 0.6274591152602621, ""learning_rate"": 0.06881335877626567, ""max_depth"": 4, ""min_child_weight"": 2, ""reg_lambda"": 1.0842734412771946, ""subsample"": 0.7828079301578874}"
4,2,14,1,0.57793397,0.5904530076508626,0.25476961924020525,"{""colsample_bytree"": 0.6274591152602621, ""learning_rate"": 0.06881335877626567, ""max_depth"": 4, ""min_child_weight"": 2, ""reg_lambda"": 1.0842734412771946, ""subsample"": 0.7828079301578874}"
4,2,16,0,0.43138635,0.4416060928738153,0.2598798019801589,"{""colsample_bytree"": 0.6274591152602621, ""learning_rate"": 0.06881335877626567, ""max_depth"": 4, ""min_child_weight"": 2, ""reg_lambda"": 1.0842734412771946, ""subsample"": 0.7828079301578874}"
4,2,18,1,0.9546462,0.914511192904407,0.029430043798922573,"{""colsample_bytree"": 0.6274591152602621, ""learning_rate"": 0.06881335877626567, ""max_depth"": 4, ""min_child_weight"": 2, ""reg_lambda"": 1.0842734412771946, ""subsample"": 0.7828079301578874}"
4,2,22,1,0.99856454,0.9310095380527654,0.03031450847357832,"{""colsample_bytree"": 0.6274591152602621, ""learning_rate"": 0.06881335877626567, ""max_depth"": 4, ""min_child_weight"": 2, ""reg_lambda"": 1.0842734412771946, ""subsample"": 0.7828079301578874}"
4,2,38,1,0.9052511,0.8690586993130157,0.06096628252339887,"{""colsample_bytree"": 0.6274591152602621, ""learning_rate"": 0.06881335877626567, ""max_depth"": 4, ""min_child_weight"": 2, ""reg_lambda"": 1.0842734412771946, ""subsample"": 0.7828079301578874}"
4,2,40,1,0.9671742,0.908858445946333,0.029893613139157182,"{""colsample_bytree"": 0.6274591152602621, ""learning_rate"": 0.06881335877626567, ""max_depth"": 4, ""min_child_weight"": 2, ""reg_lambda"": 1.0842734412771946, ""subsample"": 0.7828079301578874}"
4,2,46,1,0.9767543,0.9253769454825165,0.028143912913048283,"{""colsample_bytree"": 0.6274591152602621, ""learning_rate"": 0.06881335877626567, ""max_depth"": 4, ""min_child_weight"": 2, ""reg_lambda"": 1.0842734412771946, ""subsample"": 0.7828079301578874}"
4,2,48,0,0.028624216,0.10235118770261545,0.08810452811874159,"{""colsample_bytree"": 0.6274591152602621, ""learning_rate"": 0.06881335877626567, ""max_depth"": 4, ""min_child_weight"": 2, ""reg_lambda"": 1.0842734412771946, ""subsample"": 0.7828079301578874}"
4,2,52,1,0.9968881,0.9306596424328154,0.030208161746332004,"{""colsample_bytree"": 0.6274591152602621, ""learning_rate"": 0.06881335877626567, ""max_depth"": 4, ""min_child_weight"": 2, ""reg_lambda"": 1.0842734412771946, ""subsample"": 0.7828079301578874}"
4,2,58,1,0.16751187,0.13518617265746968,0.12042463279211527,"{""colsample_bytree"": 0.6274591152602621, ""learning_rate"": 0.06881335877626567, ""max_depth"": 4, ""min_child_weight"": 2, ""reg_lambda"": 1.0842734412771946, ""subsample"": 0.7828079301578874}"
4,2,62,1,0.19881499,0.2403441780682128,0.1294539069908841,"{""colsample_bytree"": 0.6274591152602621, ""learning_rate"": 0.06881335877626567, ""max_depth"": 4, ""min_child_weight"": 2, ""reg_lambda"": 1.0842734412771946, ""subsample"": 0.7828079301578874}"
4,2,63,1,0.9125851,0.8994849165835463,0.021396955174150425,"{""colsample_bytree"": 0.6274591152602621, ""learning_rate"": 0.06881335877626567, ""max_depth"": 4, ""min_child_weight"": 2, ""reg_lambda"": 1.0842734412771946, ""subsample"": 0.7828079301578874}"
4,2,68,0,0.05772803,0.10869989841669603,0.09955212791837362,"{""colsample_bytree"": 0.6274591152602621, ""learning_rate"": 0.06881335877626567, ""max_depth"": 4, ""min_child_weight"": 2, ""reg_lambda"": 1.0842734412771946, ""subsample"": 0.7828079301578874}"
4,2,69,1,0.970154,0.916062273325769,0.03700396358940626,"{""colsample_bytree"": 0.6274591152602621, ""learning_rate"": 0.06881335877626567, ""max_depth"": 4, ""min_child_weight"": 2, ""reg_lambda"": 1.0842734412771946, ""subsample"": 0.7828079301578874}"
4,2,87,1,0.9915774,0.9246455274209975,0.03409650978751106,"{""colsample_bytree"": 0.6274591152602621, ""learning_rate"": 0.06881335877626567, ""max_depth"": 4, ""min_child_weight"": 2, ""reg_lambda"": 1.0842734412771946, ""subsample"": 0.7828079301578874}"
4,2,97,1,0.97660077,0.8923743557486971,0.041731215210205244,"{""colsample_bytree"": 0.6274591152602621, ""learning_rate"": 0.06881335877626567, ""max_depth"": 4, ""min_child_weight"": 2, ""reg_lambda"": 1.0842734412771946, ""subsample"": 0.7828079301578874}"
4,2,110,1,0.6700729,0.49407017628522143,0.11189718243931791,"{""colsample_bytree"": 0.6274591152602621, ""learning_rate"": 0.06881335877626567, ""max_depth"": 4, ""min_child_weight"": 2, ""reg_lambda"": 1.0842734412771946, ""subsample"": 0.7828079301578874}"
4,2,120,1,0.9934453,0.9255753811548203,0.028738751132899157,"{""colsample_bytree"": 0.6274591152602621, ""learning_rate"": 0.06881335877626567, ""max_depth"": 4, ""min_child_weight"": 2, ""reg_lambda"": 1.0842734412771946, ""subsample"": 0.7828079301578874}"
4,2,125,1,0.9294396,0.8928712180691674,0.053639486093930974,"{""colsample_bytree"": 0.6274591152602621, ""learning_rate"": 0.06881335877626567, ""max_depth"": 4, ""min_child_weight"": 2, ""reg_lambda"": 1.0842734412771946, ""subsample"": 0.7828079301578874}"
4,2,127,1,0.9940461,0.9301753957741138,0.03032695885744302,"{""colsample_bytree"": 0.6274591152602621, ""learning_rate"": 0.06881335877626567, ""max_depth"": 4, ""min_child_weight"": 2, ""reg_lambda"": 1.0842734412771946, ""subsample"": 0.7828079301578874}"
4,2,128,1,0.94050765,0.8668546968510638,0.04998093069847586,"{""colsample_bytree"": 0.6274591152602621, ""learning_rate"": 0.06881335877626567, ""max_depth"": 4, ""min_child_weight"": 2, ""reg_lambda"": 1.0842734412771946, ""subsample"": 0.7828079301578874}"
4,2,130,0,0.54812473,0.35104616996328825,0.1810907634647464,"{""colsample_bytree"": 0.6274591152602621, ""learning_rate"": 0.06881335877626567, ""max_depth"": 4, ""min_child_weight"": 2, ""reg_lambda"": 1.0842734412771946, ""subsample"": 0.7828079301578874}"
4,2,132,1,0.9956014,0.9297210752888077,0.029724148324367355,"{""colsample_bytree"": 0.6274591152602621, ""learning_rate"": 0.06881335877626567, ""max_depth"": 4, ""min_child_weight"": 2, ""reg_lambda"": 1.0842734412771946, ""subsample"": 0.7828079301578874}"
4,2,135,1,0.73337585,0.7815900711354911,0.15188308527740946,"{""colsample_bytree"": 0.6274591152602621, ""learning_rate"": 0.06881335877626567, ""max_depth"": 4, ""min_child_weight"": 2, ""reg_lambda"": 1.0842734412771946, ""subsample"": 0.7828079301578874}"
4,2,142,1,0.26545602,0.25449263254552507,0.21226420999497667,"{""colsample_bytree"": 0.6274591152602621, ""learning_rate"": 0.06881335877626567, ""max_depth"": 4, ""min_child_weight"": 2, ""reg_lambda"": 1.0842734412771946, ""subsample"": 0.7828079301578874}"
4,2,151,0,0.7650154,0.783480307160478,0.09604582110677767,"{""colsample_bytree"": 0.6274591152602621, ""learning_rate"": 0.06881335877626567, ""max_depth"": 4, ""min_child_weight"": 2, ""reg_lambda"": 1.0842734412771946, ""subsample"": 0.7828079301578874}"
4,2,154,1,0.9445726,0.9034867715725767,0.04271024569436469,"{""colsample_bytree"": 0.6274591152602621, ""learning_rate"": 0.06881335877626567, ""max_depth"": 4, ""min_child_weight"": 2, ""reg_lambda"": 1.0842734412771946, ""subsample"": 0.7828079301578874}"
4,2,155,1,0.99247324,0.9293223563650669,0.031508756307434424,"{""colsample_bytree"": 0.6274591152602621, ""learning_rate"": 0.06881335877626567, ""max_depth"": 4, ""min_child_weight"": 2, ""reg_lambda"": 1.0842734412771946, ""subsample"": 0.7828079301578874}"
4,2,167,1,0.98337156,0.9237326958149155,0.03363051147204459,"{""colsample_bytree"": 0.6274591152602621, ""learning_rate"": 0.06881335877626567, ""max_depth"": 4, ""min_child_weight"": 2, ""reg_lambda"": 1.0842734412771946, ""subsample"": 0.7828079301578874}"
4,2,170,0,0.031039974,0.11363125897830839,0.09642041829045331,"{""colsample_bytree"": 0.6274591152602621, ""learning_rate"": 0.06881335877626567, ""max_depth"": 4, ""min_child_weight"": 2, ""reg_lambda"": 1.0842734412771946, ""subsample"": 0.7828079301578874}"
4,2,171,1,0.9757902,0.9234089479248773,0.03350923465646368,"{""colsample_bytree"": 0.6274591152602621, ""learning_rate"": 0.06881335877626567, ""max_depth"": 4, ""min_child_weight"": 2, ""reg_lambda"": 1.0842734412771946, ""subsample"": 0.7828079301578874}"
4,2,172,1,0.9509495,0.9011073390639481,0.03129725896384351,"{""colsample_bytree"": 0.6274591152602621, ""learning_rate"": 0.06881335877626567, ""max_depth"": 4, ""min_child_weight"": 2, ""reg_lambda"": 1.0842734412771946, ""subsample"": 0.7828079301578874}"
4,2,178,1,0.6574784,0.740355216397334,0.1252644646741679,"{""colsample_bytree"": 0.6274591152602621, ""learning_rate"": 0.06881335877626567, ""max_depth"": 4, ""min_child_weight"": 2, ""reg_lambda"": 1.0842734412771946, ""subsample"": 0.7828079301578874}"
4,2,181,1,0.98808414,0.930465643527967,0.03001104352327571,"{""colsample_bytree"": 0.6274591152602621, ""learning_rate"": 0.06881335877626567, ""max_depth"": 4, ""min_child_weight"": 2, ""reg_lambda"": 1.0842734412771946, ""subsample"": 0.7828079301578874}"
4,2,190,0,0.9720052,0.8990483168999651,0.04911365347476738,"{""colsample_bytree"": 0.6274591152602621, ""learning_rate"": 0.06881335877626567, ""max_depth"": 4, ""min_child_weight"": 2, ""reg_lambda"": 1.0842734412771946, ""subsample"": 0.7828079301578874}"
4,2,195,1,0.9912509,0.9284519821325172,0.030614959692245185,"{""colsample_bytree"": 0.6274591152602621, ""learning_rate"": 0.06881335877626567, ""max_depth"": 4, ""min_child_weight"": 2, ""reg_lambda"": 1.0842734412771946, ""subsample"": 0.7828079301578874}"
4,2,196,0,0.2840999,0.2393103604916297,0.1557997632877892,"{""colsample_bytree"": 0.6274591152602621, ""learning_rate"": 0.06881335877626567, ""max_depth"": 4, ""min_child_weight"": 2, ""reg_lambda"": 1.0842734412771946, ""subsample"": 0.7828079301578874}"
4,2,197,1,0.9861103,0.9225932914723158,0.03346887884985684,"{""colsample_bytree"": 0.6274591152602621, ""learning_rate"": 0.06881335877626567, ""max_depth"": 4, ""min_child_weight"": 2, ""reg_lambda"": 1.0842734412771946, ""subsample"": 0.7828079301578874}"
4,2,204,0,0.08570386,0.2040986657051472,0.21365006152536545,"{""colsample_bytree"": 0.6274591152602621, ""learning_rate"": 0.06881335877626567, ""max_depth"": 4, ""min_child_weight"": 2, ""reg_lambda"": 1.0842734412771946, ""subsample"": 0.7828079301578874}"
4,2,213,0,0.9851767,0.9223925997325269,0.03468684632393484,"{""colsample_bytree"": 0.6274591152602621, ""learning_rate"": 0.06881335877626567, ""max_depth"": 4, ""min_child_weight"": 2, ""reg_lambda"": 1.0842734412771946, ""subsample"": 0.7828079301578874}"
4,2,214,0,0.97792643,0.9220659103942819,0.030089078775250692,"{""colsample_bytree"": 0.6274591152602621, ""learning_rate"": 0.06881335877626567, ""max_depth"": 4, ""min_child_weight"": 2, ""reg_lambda"": 1.0842734412771946, ""subsample"": 0.7828079301578874}"
4,2,215,1,0.9906791,0.9292801172512186,0.030658159124275615,"{""colsample_bytree"": 0.6274591152602621, ""learning_rate"": 0.06881335877626567, ""max_depth"": 4, ""min_child_weight"": 2, ""reg_lambda"": 1.0842734412771946, ""subsample"": 0.7828079301578874}"
4,2,219,1,0.029509285,0.11641207334735586,0.09292695652611842,"{""colsample_bytree"": 0.6274591152602621, ""learning_rate"": 0.06881335877626567, ""max_depth"": 4, ""min_child_weight"": 2, ""reg_lambda"": 1.0842734412771946, ""subsample"": 0.7828079301578874}"
4,2,232,1,0.94678414,0.9162294748481727,0.03090253800570751,"{""colsample_bytree"": 0.6274591152602621, ""learning_rate"": 0.06881335877626567, ""max_depth"": 4, ""min_child_weight"": 2, ""reg_lambda"": 1.0842734412771946, ""subsample"": 0.7828079301578874}"
4,2,237,1,0.8247523,0.8499175113001822,0.060803513237463115,"{""colsample_bytree"": 0.6274591152602621, ""learning_rate"": 0.06881335877626567, ""max_depth"": 4, ""min_child_weight"": 2, ""reg_lambda"": 1.0842734412771946, ""subsample"": 0.7828079301578874}"
4,2,238,1,0.12405539,0.1252312000378631,0.08327136901158642,"{""colsample_bytree"": 0.6274591152602621, ""learning_rate"": 0.06881335877626567, ""max_depth"": 4, ""min_child_weight"": 2, ""reg_lambda"": 1.0842734412771946, ""subsample"": 0.7828079301578874}"
4,2,242,1,0.9916265,0.9236496719687622,0.034535196945431425,"{""colsample_bytree"": 0.6274591152602621, ""learning_rate"": 0.06881335877626567, ""max_depth"": 4, ""min_child_weight"": 2, ""reg_lambda"": 1.0842734412771946, ""subsample"": 0.7828079301578874}"
4,2,243,1,0.96250916,0.9109153193445518,0.03090562686239046,"{""colsample_bytree"": 0.6274591152602621, ""learning_rate"": 0.06881335877626567, ""max_depth"": 4, ""min_child_weight"": 2, ""reg_lambda"": 1.0842734412771946, ""subsample"": 0.7828079301578874}"
4,2,257,0,0.04543452,0.09626515560618455,0.08451879693939211,"{""colsample_bytree"": 0.6274591152602621, ""learning_rate"": 0.06881335877626567, ""max_depth"": 4, ""min_child_weight"": 2, ""reg_lambda"": 1.0842734412771946, ""subsample"": 0.7828079301578874}"
4,2,259,1,0.93875796,0.9043987074484907,0.04573778615669362,"{""colsample_bytree"": 0.6274591152602621, ""learning_rate"": 0.06881335877626567, ""max_depth"": 4, ""min_child_weight"": 2, ""reg_lambda"": 1.0842734412771946, ""subsample"": 0.7828079301578874}"
4,2,268,0,0.39546382,0.264977913844924,0.1788870014974432,"{""colsample_bytree"": 0.6274591152602621, ""learning_rate"": 0.06881335877626567, ""max_depth"": 4, ""min_child_weight"": 2, ""reg_lambda"": 1.0842734412771946, ""subsample"": 0.7828079301578874}"
4,2,269,1,0.9944548,0.9308810349955883,0.030161193664921995,"{""colsample_bytree"": 0.6274591152602621, ""learning_rate"": 0.06881335877626567, ""max_depth"": 4, ""min_child_weight"": 2, ""reg_lambda"": 1.0842734412771946, ""subsample"": 0.7828079301578874}"
4,2,270,0,0.04697498,0.10267167219414582,0.08754482934054203,"{""colsample_bytree"": 0.6274591152602621, ""learning_rate"": 0.06881335877626567, ""max_depth"": 4, ""min_child_weight"": 2, ""reg_lambda"": 1.0842734412771946, ""subsample"": 0.7828079301578874}"
4,2,272,0,0.79966444,0.6869132289971873,0.19891088642492372,"{""colsample_bytree"": 0.6274591152602621, ""learning_rate"": 0.06881335877626567, ""max_depth"": 4, ""min_child_weight"": 2, ""reg_lambda"": 1.0842734412771946, ""subsample"": 0.7828079301578874}"
4,2,273,1,0.9962842,0.9311047879217798,0.02978426738587569,"{""colsample_bytree"": 0.6274591152602621, ""learning_rate"": 0.06881335877626567, ""max_depth"": 4, ""min_child_weight"": 2, ""reg_lambda"": 1.0842734412771946, ""subsample"": 0.7828079301578874}"
4,2,279,1,0.973917,0.9195663528379052,0.037644264760432984,"{""colsample_bytree"": 0.6274591152602621, ""learning_rate"": 0.06881335877626567, ""max_depth"": 4, ""min_child_weight"": 2, ""reg_lambda"": 1.0842734412771946, ""subsample"": 0.7828079301578874}"
4,2,280,0,0.2645112,0.33707248321066313,0.10496610446146244,"{""colsample_bytree"": 0.6274591152602621, ""learning_rate"": 0.06881335877626567, ""max_depth"": 4, ""min_child_weight"": 2, ""reg_lambda"": 1.0842734412771946, ""subsample"": 0.7828079301578874}"
4,2,288,1,0.6812382,0.6215584191758778,0.13684082782204512,"{""colsample_bytree"": 0.6274591152602621, ""learning_rate"": 0.06881335877626567, ""max_depth"": 4, ""min_child_weight"": 2, ""reg_lambda"": 1.0842734412771946, ""subsample"": 0.7828079301578874}"
4,2,292,0,0.8211953,0.8051054362998252,0.05992826675112088,"{""colsample_bytree"": 0.6274591152602621, ""learning_rate"": 0.06881335877626567, ""max_depth"": 4, ""min_child_weight"": 2, ""reg_lambda"": 1.0842734412771946, ""subsample"": 0.7828079301578874}"
4,2,296,0,0.3478229,0.43024819379142293,0.2192371570452448,"{""colsample_bytree"": 0.6274591152602621, ""learning_rate"": 0.06881335877626567, ""max_depth"": 4, ""min_child_weight"": 2, ""reg_lambda"": 1.0842734412771946, ""subsample"": 0.7828079301578874}"
4,3,0,1,0.85106266,0.7641091876272486,0.17441386485002008,"{""colsample_bytree"": 0.8643429452074332, ""learning_rate"": 0.021803570708606872, ""max_depth"": 4, ""min_child_weight"": 2, ""reg_lambda"": 0.19963821907169427, ""subsample"": 0.9267025341794336}"
4,3,5,1,0.8483038,0.8389191994484891,0.05472490689425322,"{""colsample_bytree"": 0.8643429452074332, ""learning_rate"": 0.021803570708606872, ""max_depth"": 4, ""min_child_weight"": 2, ""reg_lambda"": 0.19963821907169427, ""subsample"": 0.9267025341794336}"
4,3,11,1,0.98594207,0.9187324265118898,0.028592712022607672,"{""colsample_bytree"": 0.8643429452074332, ""learning_rate"": 0.021803570708606872, ""max_depth"": 4, ""min_child_weight"": 2, ""reg_lambda"": 0.19963821907169427, ""subsample"": 0.9267025341794336}"
4,3,23,1,0.9877637,0.919472612573192,0.02935063492377245,"{""colsample_bytree"": 0.8643429452074332, ""learning_rate"": 0.021803570708606872, ""max_depth"": 4, ""min_child_weight"": 2, ""reg_lambda"": 0.19963821907169427, ""subsample"": 0.9267025341794336}"
4,3,24,1,0.9386455,0.8870781320971493,0.04752988731214793,"{""colsample_bytree"": 0.8643429452074332, ""learning_rate"": 0.021803570708606872, ""max_depth"": 4, ""min_child_weight"": 2, ""reg_lambda"": 0.19963821907169427, ""subsample"": 0.9267025341794336}"
4,3,37,1,0.8340314,0.7925966514839272,0.09924169503804767,"{""colsample_bytree"": 0.8643429452074332, ""learning_rate"": 0.021803570708606872, ""max_depth"": 4, ""min_child_weight"": 2, ""reg_lambda"": 0.19963821907169427, ""subsample"": 0.9267025341794336}"
4,3,44,1,0.90947706,0.8460834351613821,0.08624552792649182,"{""colsample_bytree"": 0.8643429452074332, ""learning_rate"": 0.021803570708606872, ""max_depth"": 4, ""min_child_weight"": 2, ""reg_lambda"": 0.19963821907169427, ""subsample"": 0.9267025341794336}"
4,3,59,1,0.9792341,0.9176699259861939,0.029167377562631203,"{""colsample_bytree"": 0.8643429452074332, ""learning_rate"": 0.021803570708606872, ""max_depth"": 4, ""min_child_weight"": 2, ""reg_lambda"": 0.19963821907169427, ""subsample"": 0.9267025341794336}"
4,3,64,0,0.23544542,0.26499470165941086,0.0516800750267874,"{""colsample_bytree"": 0.8643429452074332, ""learning_rate"": 0.021803570708606872, ""max_depth"": 4, ""min_child_weight"": 2, ""reg_lambda"": 0.19963821907169427, ""subsample"": 0.9267025341794336}"
4,3,66,1,0.9743128,0.9126148209332678,0.03110393415507103,"{""colsample_bytree"": 0.8643429452074332, ""learning_rate"": 0.021803570708606872, ""max_depth"": 4, ""min_child_weight"": 2, ""reg_lambda"": 0.19963821907169427, ""subsample"": 0.9267025341794336}"
4,3,78,1,0.87171185,0.8744291357910556,0.03917368282639619,"{""colsample_bytree"": 0.8643429452074332, ""learning_rate"": 0.021803570708606872, ""max_depth"": 4, ""min_child_weight"": 2, ""reg_lambda"": 0.19963821907169427, ""subsample"": 0.9267025341794336}"
4,3,79,0,0.14157574,0.22468519983004603,0.09797617983135838,"{""colsample_bytree"": 0.8643429452074332, ""learning_rate"": 0.021803570708606872, ""max_depth"": 4, ""min_child_weight"": 2, ""reg_lambda"": 0.19963821907169427, ""subsample"": 0.9267025341794336}"
4,3,80,1,0.97418505,0.9130171072997882,0.029009789184499087,"{""colsample_bytree"": 0.8643429452074332, ""learning_rate"": 0.021803570708606872, ""max_depth"": 4, ""min_child_weight"": 2, ""reg_lambda"": 0.19963821907169427, ""subsample"": 0.9267025341794336}"
4,3,81,1,0.9885378,0.9193485926951211,0.029530703481791997,"{""colsample_bytree"": 0.8643429452074332, ""learning_rate"": 0.021803570708606872, ""max_depth"": 4, ""min_child_weight"": 2, ""reg_lambda"": 0.19963821907169427, ""subsample"": 0.9267025341794336}"
4,3,84,1,0.9714522,0.9123174298055916,0.030477493986407672,"{""colsample_bytree"": 0.8643429452074332, ""learning_rate"": 0.021803570708606872, ""max_depth"": 4, ""min_child_weight"": 2, ""reg_lambda"": 0.19963821907169427, ""subsample"": 0.9267025341794336}"
4,3,85,1,0.86044973,0.8456941511525254,0.028637842418915736,"{""colsample_bytree"": 0.8643429452074332, ""learning_rate"": 0.021803570708606872, ""max_depth"": 4, ""min_child_weight"": 2, ""reg_lambda"": 0.19963821907169427, ""subsample"": 0.9267025341794336}"
4,3,86,1,0.96605796,0.911167105145568,0.03260756877048079,"{""colsample_bytree"": 0.8643429452074332, ""learning_rate"": 0.021803570708606872, ""max_depth"": 4, ""min_child_weight"": 2, ""reg_lambda"": 0.19963821907169427, ""subsample"": 0.9267025341794336}"
4,3,89,1,0.980584,0.9159639781110599,0.028648060474701913,"{""colsample_bytree"": 0.8643429452074332, ""learning_rate"": 0.021803570708606872, ""max_depth"": 4, ""min_child_weight"": 2, ""reg_lambda"": 0.19963821907169427, ""subsample"": 0.9267025341794336}"
4,3,90,1,0.6834983,0.718195135463106,0.1318981570199877,"{""colsample_bytree"": 0.8643429452074332, ""learning_rate"": 0.021803570708606872, ""max_depth"": 4, ""min_child_weight"": 2, ""reg_lambda"": 0.19963821907169427, ""subsample"": 0.9267025341794336}"
4,3,95,1,0.9631029,0.9073497351301938,0.03465165365959176,"{""colsample_bytree"": 0.8643429452074332, ""learning_rate"": 0.021803570708606872, ""max_depth"": 4, ""min_child_weight"": 2, ""reg_lambda"": 0.19963821907169427, ""subsample"": 0.9267025341794336}"
4,3,98,1,0.97903275,0.9119594495281091,0.031186715410947394,"{""colsample_bytree"": 0.8643429452074332, ""learning_rate"": 0.021803570708606872, ""max_depth"": 4, ""min_child_weight"": 2, ""reg_lambda"": 0.19963821907169427, ""subsample"": 0.9267025341794336}"
4,3,99,1,0.8308184,0.8275569356656124,0.059011065627932145,"{""colsample_bytree"": 0.8643429452074332, ""learning_rate"": 0.021803570708606872, ""max_depth"": 4, ""min_child_weight"": 2, ""reg_lambda"": 0.19963821907169427, ""subsample"": 0.9267025341794336}"
4,3,102,0,0.24393505,0.27263648416844694,0.09295162425690852,"{""colsample_bytree"": 0.8643429452074332, ""learning_rate"": 0.021803570708606872, ""max_depth"": 4, ""min_child_weight"": 2, ""reg_lambda"": 0.19963821907169427, ""subsample"": 0.9267025341794336}"
4,3,105,1,0.8230623,0.8074915853912452,0.08314433408827182,"{""colsample_bytree"": 0.8643429452074332, ""learning_rate"": 0.021803570708606872, ""max_depth"": 4, ""min_child_weight"": 2, ""reg_lambda"": 0.19963821907169427, ""subsample"": 0.9267025341794336}"
4,3,108,0,0.1941917,0.3038714242800869,0.1257791601346894,"{""colsample_bytree"": 0.8643429452074332, ""learning_rate"": 0.021803570708606872, ""max_depth"": 4, ""min_child_weight"": 2, ""reg_lambda"": 0.19963821907169427, ""subsample"": 0.9267025341794336}"
4,3,111,1,0.9481814,0.9092350700360627,0.03310509779635594,"{""colsample_bytree"": 0.8643429452074332, ""learning_rate"": 0.021803570708606872, ""max_depth"": 4, ""min_child_weight"": 2, ""reg_lambda"": 0.19963821907169427, ""subsample"": 0.9267025341794336}"
4,3,112,1,0.9600649,0.9081848080778574,0.032631194911455746,"{""colsample_bytree"": 0.8643429452074332, ""learning_rate"": 0.021803570708606872, ""max_depth"": 4, ""min_child_weight"": 2, ""reg_lambda"": 0.19963821907169427, ""subsample"": 0.9267025341794336}"
4,3,117,1,0.9634978,0.9106315268157484,0.03474460904612009,"{""colsample_bytree"": 0.8643429452074332, ""learning_rate"": 0.021803570708606872, ""max_depth"": 4, ""min_child_weight"": 2, ""reg_lambda"": 0.19963821907169427, ""subsample"": 0.9267025341794336}"
4,3,119,1,0.88740844,0.8832833635832747,0.03105372773969705,"{""colsample_bytree"": 0.8643429452074332, ""learning_rate"": 0.021803570708606872, ""max_depth"": 4, ""min_child_weight"": 2, ""reg_lambda"": 0.19963821907169427, ""subsample"": 0.9267025341794336}"
4,3,129,0,0.15104677,0.17469192513155235,0.04188230006299642,"{""colsample_bytree"": 0.8643429452074332, ""learning_rate"": 0.021803570708606872, ""max_depth"": 4, ""min_child_weight"": 2, ""reg_lambda"": 0.19963821907169427, ""subsample"": 0.9267025341794336}"
4,3,137,0,0.17221642,0.2022699084143119,0.042598215800589055,"{""colsample_bytree"": 0.8643429452074332, ""learning_rate"": 0.021803570708606872, ""max_depth"": 4, ""min_child_weight"": 2, ""reg_lambda"": 0.19963821907169427, ""subsample"": 0.9267025341794336}"
4,3,145,1,0.96008956,0.9017669989439436,0.026956561104042428,"{""colsample_bytree"": 0.8643429452074332, ""learning_rate"": 0.021803570708606872, ""max_depth"": 4, ""min_child_weight"": 2, ""reg_lambda"": 0.19963821907169427, ""subsample"": 0.9267025341794336}"
4,3,149,1,0.95548433,0.9022207403291438,0.030567201440776445,"{""colsample_bytree"": 0.8643429452074332, ""learning_rate"": 0.021803570708606872, ""max_depth"": 4, ""min_child_weight"": 2, ""reg_lambda"": 0.19963821907169427, ""subsample"": 0.9267025341794336}"
4,3,156,1,0.8932109,0.874805289902687,0.029003577273163893,"{""colsample_bytree"": 0.8643429452074332, ""learning_rate"": 0.021803570708606872, ""max_depth"": 4, ""min_child_weight"": 2, ""reg_lambda"": 0.19963821907169427, ""subsample"": 0.9267025341794336}"
4,3,179,0,0.13304614,0.2347465394696492,0.09545828462404653,"{""colsample_bytree"": 0.8643429452074332, ""learning_rate"": 0.021803570708606872, ""max_depth"": 4, ""min_child_weight"": 2, ""reg_lambda"": 0.19963821907169427, ""subsample"": 0.9267025341794336}"
4,3,183,0,0.8600761,0.8778027118403475,0.03048527886380769,"{""colsample_bytree"": 0.8643429452074332, ""learning_rate"": 0.021803570708606872, ""max_depth"": 4, ""min_child_weight"": 2, ""reg_lambda"": 0.19963821907169427, ""subsample"": 0.9267025341794336}"
4,3,184,1,0.9179048,0.8941564341299811,0.03286562824949324,"{""colsample_bytree"": 0.8643429452074332, ""learning_rate"": 0.021803570708606872, ""max_depth"": 4, ""min_child_weight"": 2, ""reg_lambda"": 0.19963821907169427, ""subsample"": 0.9267025341794336}"
4,3,185,0,0.9507149,0.8907298878055666,0.031062181578736633,"{""colsample_bytree"": 0.8643429452074332, ""learning_rate"": 0.021803570708606872, ""max_depth"": 4, ""min_child_weight"": 2, ""reg_lambda"": 0.19963821907169427, ""subsample"": 0.9267025341794336}"
4,3,186,0,0.8076436,0.7943868562947454,0.04257345620073892,"{""colsample_bytree"": 0.8643429452074332, ""learning_rate"": 0.021803570708606872, ""max_depth"": 4, ""min_child_weight"": 2, ""reg_lambda"": 0.19963821907169427, ""subsample"": 0.9267025341794336}"
4,3,191,1,0.9163323,0.8990754492911679,0.03557645555033405,"{""colsample_bytree"": 0.8643429452074332, ""learning_rate"": 0.021803570708606872, ""max_depth"": 4, ""min_child_weight"": 2, ""reg_lambda"": 0.19963821907169427, ""subsample"": 0.9267025341794336}"
4,3,192,0,0.14600745,0.1923511165127183,0.059245468559851897,"{""colsample_bytree"": 0.8643429452074332, ""learning_rate"": 0.021803570708606872, ""max_depth"": 4, ""min_child_weight"": 2, ""reg_lambda"": 0.19963821907169427, ""subsample"": 0.9267025341794336}"
4,3,194,0,0.27328882,0.29339481837788944,0.09982087844781296,"{""colsample_bytree"": 0.8643429452074332, ""learning_rate"": 0.021803570708606872, ""max_depth"": 4, ""min_child_weight"": 2, ""reg_lambda"": 0.19963821907169427, ""subsample"": 0.9267025341794336}"
4,3,199,0,0.3430455,0.40129083868453036,0.17525088772413439,"{""colsample_bytree"": 0.8643429452074332, ""learning_rate"": 0.021803570708606872, ""max_depth"": 4, ""min_child_weight"": 2, ""reg_lambda"": 0.19963821907169427, ""subsample"": 0.9267025341794336}"
4,3,200,1,0.9270381,0.8961522949690337,0.03263091207803715,"{""colsample_bytree"": 0.8643429452074332, ""learning_rate"": 0.021803570708606872, ""max_depth"": 4, ""min_child_weight"": 2, ""reg_lambda"": 0.19963821907169427, ""subsample"": 0.9267025341794336}"
4,3,220,1,0.7760149,0.862254477100849,0.02055109107467872,"{""colsample_bytree"": 0.8643429452074332, ""learning_rate"": 0.021803570708606872, ""max_depth"": 4, ""min_child_weight"": 2, ""reg_lambda"": 0.19963821907169427, ""subsample"": 0.9267025341794336}"
4,3,222,1,0.9467418,0.9018365160948019,0.025361164385120635,"{""colsample_bytree"": 0.8643429452074332, ""learning_rate"": 0.021803570708606872, ""max_depth"": 4, ""min_child_weight"": 2, ""reg_lambda"": 0.19963821907169427, ""subsample"": 0.9267025341794336}"
4,3,223,1,0.7813732,0.7962218235427925,0.06304332031618848,"{""colsample_bytree"": 0.8643429452074332, ""learning_rate"": 0.021803570708606872, ""max_depth"": 4, ""min_child_weight"": 2, ""reg_lambda"": 0.19963821907169427, ""subsample"": 0.9267025341794336}"
4,3,224,1,0.98080784,0.9175920007398114,0.027835039342939596,"{""colsample_bytree"": 0.8643429452074332, ""learning_rate"": 0.021803570708606872, ""max_depth"": 4, ""min_child_weight"": 2, ""reg_lambda"": 0.19963821907169427, ""subsample"": 0.9267025341794336}"
4,3,228,1,0.8826608,0.8685387418202172,0.03208457789863631,"{""colsample_bytree"": 0.8643429452074332, ""learning_rate"": 0.021803570708606872, ""max_depth"": 4, ""min_child_weight"": 2, ""reg_lambda"": 0.19963821907169427, ""subsample"": 0.9267025341794336}"
4,3,229,1,0.95774853,0.8984135810235525,0.032361806068296854,"{""colsample_bytree"": 0.8643429452074332, ""learning_rate"": 0.021803570708606872, ""max_depth"": 4, ""min_child_weight"": 2, ""reg_lambda"": 0.19963821907169427, ""subsample"": 0.9267025341794336}"
4,3,230,1,0.98874974,0.9191850987761618,0.029280333227364095,"{""colsample_bytree"": 0.8643429452074332, ""learning_rate"": 0.021803570708606872, ""max_depth"": 4, ""min_child_weight"": 2, ""reg_lambda"": 0.19963821907169427, ""subsample"": 0.9267025341794336}"
4,3,258,0,0.24533333,0.24181508442734242,0.10300760113678686,"{""colsample_bytree"": 0.8643429452074332, ""learning_rate"": 0.021803570708606872, ""max_depth"": 4, ""min_child_weight"": 2, ""reg_lambda"": 0.19963821907169427, ""subsample"": 0.9267025341794336}"
4,3,260,1,0.97697324,0.9119047876478985,0.034750771082071294,"{""colsample_bytree"": 0.8643429452074332, ""learning_rate"": 0.021803570708606872, ""max_depth"": 4, ""min_child_weight"": 2, ""reg_lambda"": 0.19963821907169427, ""subsample"": 0.9267025341794336}"
4,3,264,0,0.2744124,0.3083944615496221,0.16388993110819405,"{""colsample_bytree"": 0.8643429452074332, ""learning_rate"": 0.021803570708606872, ""max_depth"": 4, ""min_child_weight"": 2, ""reg_lambda"": 0.19963821907169427, ""subsample"": 0.9267025341794336}"
4,3,271,1,0.91554594,0.8944946878126874,0.028561984310547867,"{""colsample_bytree"": 0.8643429452074332, ""learning_rate"": 0.021803570708606872, ""max_depth"": 4, ""min_child_weight"": 2, ""reg_lambda"": 0.19963821907169427, ""subsample"": 0.9267025341794336}"
4,3,278,1,0.9681922,0.9100279707035079,0.031809641305991655,"{""colsample_bytree"": 0.8643429452074332, ""learning_rate"": 0.021803570708606872, ""max_depth"": 4, ""min_child_weight"": 2, ""reg_lambda"": 0.19963821907169427, ""subsample"": 0.9267025341794336}"
4,3,282,1,0.9632682,0.9068591624499819,0.034989576005969254,"{""colsample_bytree"": 0.8643429452074332, ""learning_rate"": 0.021803570708606872, ""max_depth"": 4, ""min_child_weight"": 2, ""reg_lambda"": 0.19963821907169427, ""subsample"": 0.9267025341794336}"
4,3,284,0,0.95729125,0.9016091705433512,0.03606470058473641,"{""colsample_bytree"": 0.8643429452074332, ""learning_rate"": 0.021803570708606872, ""max_depth"": 4, ""min_child_weight"": 2, ""reg_lambda"": 0.19963821907169427, ""subsample"": 0.9267025341794336}"
4,3,293,0,0.5021783,0.4954768379794987,0.15319645701496593,"{""colsample_bytree"": 0.8643429452074332, ""learning_rate"": 0.021803570708606872, ""max_depth"": 4, ""min_child_weight"": 2, ""reg_lambda"": 0.19963821907169427, ""subsample"": 0.9267025341794336}"
4,3,294,1,0.56461316,0.6179760397741532,0.15467958590708616,"{""colsample_bytree"": 0.8643429452074332, ""learning_rate"": 0.021803570708606872, ""max_depth"": 4, ""min_child_weight"": 2, ""reg_lambda"": 0.19963821907169427, ""subsample"": 0.9267025341794336}"
4,4,2,1,0.97180724,0.9278372171824621,0.03452027128192601,"{""colsample_bytree"": 0.9699205348981258, ""learning_rate"": 0.01854726828892521, ""max_depth"": 4, ""min_child_weight"": 1, ""reg_lambda"": 0.5427413728171646, ""subsample"": 0.6246531029880218}"
4,4,3,0,0.49986622,0.4722461486922331,0.20988831848958328,"{""colsample_bytree"": 0.9699205348981258, ""learning_rate"": 0.01854726828892521, ""max_depth"": 4, ""min_child_weight"": 1, ""reg_lambda"": 0.5427413728171646, ""subsample"": 0.6246531029880218}"
4,4,4,0,0.43578354,0.45426602966212626,0.1079349852199882,"{""colsample_bytree"": 0.9699205348981258, ""learning_rate"": 0.01854726828892521, ""max_depth"": 4, ""min_child_weight"": 1, ""reg_lambda"": 0.5427413728171646, ""subsample"": 0.6246531029880218}"
4,4,6,1,0.95329714,0.9190401105301185,0.04038360856712787,"{""colsample_bytree"": 0.9699205348981258, ""learning_rate"": 0.01854726828892521, ""max_depth"": 4, ""min_child_weight"": 1, ""reg_lambda"": 0.5427413728171646, ""subsample"": 0.6246531029880218}"
4,4,12,1,0.9675981,0.9240366197815624,0.03603362562101124,"{""colsample_bytree"": 0.9699205348981258, ""learning_rate"": 0.01854726828892521, ""max_depth"": 4, ""min_child_weight"": 1, ""reg_lambda"": 0.5427413728171646, ""subsample"": 0.6246531029880218}"
4,4,13,1,0.91080165,0.899800783767482,0.03871745310073384,"{""colsample_bytree"": 0.9699205348981258, ""learning_rate"": 0.01854726828892521, ""max_depth"": 4, ""min_child_weight"": 1, ""reg_lambda"": 0.5427413728171646, ""subsample"": 0.6246531029880218}"
4,4,15,1,0.9638826,0.9270311250545978,0.03484357306828288,"{""colsample_bytree"": 0.9699205348981258, ""learning_rate"": 0.01854726828892521, ""max_depth"": 4, ""min_child_weight"": 1, ""reg_lambda"": 0.5427413728171646, ""subsample"": 0.6246531029880218}"
4,4,21,1,0.7752119,0.8397439452906463,0.03036205742220669,"{""colsample_bytree"": 0.9699205348981258, ""learning_rate"": 0.01854726828892521, ""max_depth"": 4, ""min_child_weight"": 1, ""reg_lambda"": 0.5427413728171646, ""subsample"": 0.6246531029880218}"
4,4,27,1,0.43850237,0.47569994757583867,0.1347000602002407,"{""colsample_bytree"": 0.9699205348981258, ""learning_rate"": 0.01854726828892521, ""max_depth"": 4, ""min_child_weight"": 1, ""reg_lambda"": 0.5427413728171646, ""subsample"": 0.6246531029880218}"
4,4,28,1,0.97897035,0.9318834233038832,0.033643621199585604,"{""colsample_bytree"": 0.9699205348981258, ""learning_rate"": 0.01854726828892521, ""max_depth"": 4, ""min_child_weight"": 1, ""reg_lambda"": 0.5427413728171646, ""subsample"": 0.6246531029880218}"
4,4,43,1,0.8287322,0.8685162520673749,0.05857162510685592,"{""colsample_bytree"": 0.9699205348981258, ""learning_rate"": 0.01854726828892521, ""max_depth"": 4, ""min_child_weight"": 1, ""reg_lambda"": 0.5427413728171646, ""subsample"": 0.6246531029880218}"
4,4,50,1,0.72448593,0.7494652346783071,0.13200461252258314,"{""colsample_bytree"": 0.9699205348981258, ""learning_rate"": 0.01854726828892521, ""max_depth"": 4, ""min_child_weight"": 1, ""reg_lambda"": 0.5427413728171646, ""subsample"": 0.6246531029880218}"
4,4,51,1,0.9708952,0.9245298584795527,0.03598247825948117,"{""colsample_bytree"": 0.9699205348981258, ""learning_rate"": 0.01854726828892521, ""max_depth"": 4, ""min_child_weight"": 1, ""reg_lambda"": 0.5427413728171646, ""subsample"": 0.6246531029880218}"
4,4,55,1,0.97577965,0.9298119430540831,0.032476811661729506,"{""colsample_bytree"": 0.9699205348981258, ""learning_rate"": 0.01854726828892521, ""max_depth"": 4, ""min_child_weight"": 1, ""reg_lambda"": 0.5427413728171646, ""subsample"": 0.6246531029880218}"
4,4,56,1,0.9521747,0.9212806893343604,0.034212445585929376,"{""colsample_bytree"": 0.9699205348981258, ""learning_rate"": 0.01854726828892521, ""max_depth"": 4, ""min_child_weight"": 1, ""reg_lambda"": 0.5427413728171646, ""subsample"": 0.6246531029880218}"
4,4,70,0,0.25770664,0.19241502423150067,0.06183709712083934,"{""colsample_bytree"": 0.9699205348981258, ""learning_rate"": 0.01854726828892521, ""max_depth"": 4, ""min_child_weight"": 1, ""reg_lambda"": 0.5427413728171646, ""subsample"": 0.6246531029880218}"
4,4,72,1,0.89107203,0.8935360259298104,0.03610275924474949,"{""colsample_bytree"": 0.9699205348981258, ""learning_rate"": 0.01854726828892521, ""max_depth"": 4, ""min_child_weight"": 1, ""reg_lambda"": 0.5427413728171646, ""subsample"": 0.6246531029880218}"
4,4,73,1,0.8731619,0.8860546108127576,0.03168976104854037,"{""colsample_bytree"": 0.9699205348981258, ""learning_rate"": 0.01854726828892521, ""max_depth"": 4, ""min_child_weight"": 1, ""reg_lambda"": 0.5427413728171646, ""subsample"": 0.6246531029880218}"
4,4,76,1,0.90972006,0.9047109758120015,0.045579013375612994,"{""colsample_bytree"": 0.9699205348981258, ""learning_rate"": 0.01854726828892521, ""max_depth"": 4, ""min_child_weight"": 1, ""reg_lambda"": 0.5427413728171646, ""subsample"": 0.6246531029880218}"
4,4,93,0,0.95920575,0.9250531486732319,0.034064484030477404,"{""colsample_bytree"": 0.9699205348981258, ""learning_rate"": 0.01854726828892521, ""max_depth"": 4, ""min_child_weight"": 1, ""reg_lambda"": 0.5427413728171646, ""subsample"": 0.6246531029880218}"
4,4,94,1,0.9608123,0.925664738656471,0.03315975998319325,"{""colsample_bytree"": 0.9699205348981258, ""learning_rate"": 0.01854726828892521, ""max_depth"": 4, ""min_child_weight"": 1, ""reg_lambda"": 0.5427413728171646, ""subsample"": 0.6246531029880218}"
4,4,100,1,0.96870786,0.9230452440546433,0.039397289600082756,"{""colsample_bytree"": 0.9699205348981258, ""learning_rate"": 0.01854726828892521, ""max_depth"": 4, ""min_child_weight"": 1, ""reg_lambda"": 0.5427413728171646, ""subsample"": 0.6246531029880218}"
4,4,101,1,0.9682824,0.9291156049162381,0.03277898910945036,"{""colsample_bytree"": 0.9699205348981258, ""learning_rate"": 0.01854726828892521, ""max_depth"": 4, ""min_child_weight"": 1, ""reg_lambda"": 0.5427413728171646, ""subsample"": 0.6246531029880218}"
4,4,103,1,0.96988434,0.928355609082686,0.0354785047789864,"{""colsample_bytree"": 0.9699205348981258, ""learning_rate"": 0.01854726828892521, ""max_depth"": 4, ""min_child_weight"": 1, ""reg_lambda"": 0.5427413728171646, ""subsample"": 0.6246531029880218}"
4,4,104,1,0.8899469,0.9063678204211024,0.04259686244431531,"{""colsample_bytree"": 0.9699205348981258, ""learning_rate"": 0.01854726828892521, ""max_depth"": 4, ""min_child_weight"": 1, ""reg_lambda"": 0.5427413728171646, ""subsample"": 0.6246531029880218}"
4,4,107,1,0.810962,0.81429199470426,0.08704607099443461,"{""colsample_bytree"": 0.9699205348981258, ""learning_rate"": 0.01854726828892521, ""max_depth"": 4, ""min_child_weight"": 1, ""reg_lambda"": 0.5427413728171646, ""subsample"": 0.6246531029880218}"
4,4,113,0,0.05922875,0.08148599101677806,0.037779064812129344,"{""colsample_bytree"": 0.9699205348981258, ""learning_rate"": 0.01854726828892521, ""max_depth"": 4, ""min_child_weight"": 1, ""reg_lambda"": 0.5427413728171646, ""subsample"": 0.6246531029880218}"
4,4,115,1,0.9206714,0.9134540126027189,0.03507510529134212,"{""colsample_bytree"": 0.9699205348981258, ""learning_rate"": 0.01854726828892521, ""max_depth"": 4, ""min_child_weight"": 1, ""reg_lambda"": 0.5427413728171646, ""subsample"": 0.6246531029880218}"
4,4,123,1,0.6560487,0.635332076363556,0.16085710794542057,"{""colsample_bytree"": 0.9699205348981258, ""learning_rate"": 0.01854726828892521, ""max_depth"": 4, ""min_child_weight"": 1, ""reg_lambda"": 0.5427413728171646, ""subsample"": 0.6246531029880218}"
4,4,126,1,0.8957522,0.9009340534678287,0.04194263192751139,"{""colsample_bytree"": 0.9699205348981258, ""learning_rate"": 0.01854726828892521, ""max_depth"": 4, ""min_child_weight"": 1, ""reg_lambda"": 0.5427413728171646, ""subsample"": 0.6246531029880218}"
4,4,133,0,0.82671183,0.8414785472785157,0.06507306426786674,"{""colsample_bytree"": 0.9699205348981258, ""learning_rate"": 0.01854726828892521, ""max_depth"": 4, ""min_child_weight"": 1, ""reg_lambda"": 0.5427413728171646, ""subsample"": 0.6246531029880218}"
4,4,134,1,0.9542102,0.9206477147650765,0.0334545033095764,"{""colsample_bytree"": 0.9699205348981258, ""learning_rate"": 0.01854726828892521, ""max_depth"": 4, ""min_child_weight"": 1, ""reg_lambda"": 0.5427413728171646, ""subsample"": 0.6246531029880218}"
4,4,136,0,0.36065006,0.34075418892415604,0.09059018662165445,"{""colsample_bytree"": 0.9699205348981258, ""learning_rate"": 0.01854726828892521, ""max_depth"": 4, ""min_child_weight"": 1, ""reg_lambda"": 0.5427413728171646, ""subsample"": 0.6246531029880218}"
4,4,143,0,0.034259815,0.07384660369764907,0.032378575993047,"{""colsample_bytree"": 0.9699205348981258, ""learning_rate"": 0.01854726828892521, ""max_depth"": 4, ""min_child_weight"": 1, ""reg_lambda"": 0.5427413728171646, ""subsample"": 0.6246531029880218}"
4,4,150,0,0.7569962,0.8311706114195566,0.0712017405068768,"{""colsample_bytree"": 0.9699205348981258, ""learning_rate"": 0.01854726828892521, ""max_depth"": 4, ""min_child_weight"": 1, ""reg_lambda"": 0.5427413728171646, ""subsample"": 0.6246531029880218}"
4,4,152,1,0.7190757,0.7936283095598992,0.044581153282372075,"{""colsample_bytree"": 0.9699205348981258, ""learning_rate"": 0.01854726828892521, ""max_depth"": 4, ""min_child_weight"": 1, ""reg_lambda"": 0.5427413728171646, ""subsample"": 0.6246531029880218}"
4,4,161,1,0.97907156,0.9308535224354928,0.032898203463284634,"{""colsample_bytree"": 0.9699205348981258, ""learning_rate"": 0.01854726828892521, ""max_depth"": 4, ""min_child_weight"": 1, ""reg_lambda"": 0.5427413728171646, ""subsample"": 0.6246531029880218}"
4,4,169,0,0.32598093,0.2736570465410629,0.13287261542925485,"{""colsample_bytree"": 0.9699205348981258, ""learning_rate"": 0.01854726828892521, ""max_depth"": 4, ""min_child_weight"": 1, ""reg_lambda"": 0.5427413728171646, ""subsample"": 0.6246531029880218}"
4,4,174,1,0.98762274,0.9354907724894425,0.03256815260004714,"{""colsample_bytree"": 0.9699205348981258, ""learning_rate"": 0.01854726828892521, ""max_depth"": 4, ""min_child_weight"": 1, ""reg_lambda"": 0.5427413728171646, ""subsample"": 0.6246531029880218}"
4,4,205,1,0.20717762,0.23662690195853645,0.08852485968707453,"{""colsample_bytree"": 0.9699205348981258, ""learning_rate"": 0.01854726828892521, ""max_depth"": 4, ""min_child_weight"": 1, ""reg_lambda"": 0.5427413728171646, ""subsample"": 0.6246531029880218}"
4,4,211,1,0.883199,0.861319951913542,0.0731342339054175,"{""colsample_bytree"": 0.9699205348981258, ""learning_rate"": 0.01854726828892521, ""max_depth"": 4, ""min_child_weight"": 1, ""reg_lambda"": 0.5427413728171646, ""subsample"": 0.6246531029880218}"
4,4,216,0,0.52752995,0.6061205922702404,0.12332129499369106,"{""colsample_bytree"": 0.9699205348981258, ""learning_rate"": 0.01854726828892521, ""max_depth"": 4, ""min_child_weight"": 1, ""reg_lambda"": 0.5427413728171646, ""subsample"": 0.6246531029880218}"
4,4,227,1,0.91152334,0.91091371889071,0.03404855729031201,"{""colsample_bytree"": 0.9699205348981258, ""learning_rate"": 0.01854726828892521, ""max_depth"": 4, ""min_child_weight"": 1, ""reg_lambda"": 0.5427413728171646, ""subsample"": 0.6246531029880218}"
4,4,233,0,0.4377915,0.3371329222687929,0.11027643607738451,"{""colsample_bytree"": 0.9699205348981258, ""learning_rate"": 0.01854726828892521, ""max_depth"": 4, ""min_child_weight"": 1, ""reg_lambda"": 0.5427413728171646, ""subsample"": 0.6246531029880218}"
4,4,235,1,0.96857965,0.9294599608178267,0.034415921665270924,"{""colsample_bytree"": 0.9699205348981258, ""learning_rate"": 0.01854726828892521, ""max_depth"": 4, ""min_child_weight"": 1, ""reg_lambda"": 0.5427413728171646, ""subsample"": 0.6246531029880218}"
4,4,240,1,0.9744975,0.9307971727704611,0.032881490276036596,"{""colsample_bytree"": 0.9699205348981258, ""learning_rate"": 0.01854726828892521, ""max_depth"": 4, ""min_child_weight"": 1, ""reg_lambda"": 0.5427413728171646, ""subsample"": 0.6246531029880218}"
4,4,241,1,0.3793942,0.38022044836197694,0.16138300793506885,"{""colsample_bytree"": 0.9699205348981258, ""learning_rate"": 0.01854726828892521, ""max_depth"": 4, ""min_child_weight"": 1, ""reg_lambda"": 0.5427413728171646, ""subsample"": 0.6246531029880218}"
4,4,245,1,0.55868924,0.6498770109121951,0.12800451932022727,"{""colsample_bytree"": 0.9699205348981258, ""learning_rate"": 0.01854726828892521, ""max_depth"": 4, ""min_child_weight"": 1, ""reg_lambda"": 0.5427413728171646, ""subsample"": 0.6246531029880218}"
4,4,249,1,0.9492345,0.9220180815549812,0.035976377080916805,"{""colsample_bytree"": 0.9699205348981258, ""learning_rate"": 0.01854726828892521, ""max_depth"": 4, ""min_child_weight"": 1, ""reg_lambda"": 0.5427413728171646, ""subsample"": 0.6246531029880218}"
4,4,253,1,0.8859901,0.9026499878293244,0.04102419416716919,"{""colsample_bytree"": 0.9699205348981258, ""learning_rate"": 0.01854726828892521, ""max_depth"": 4, ""min_child_weight"": 1, ""reg_lambda"": 0.5427413728171646, ""subsample"": 0.6246531029880218}"
4,4,262,1,0.6565625,0.7030081665376968,0.13220910732559404,"{""colsample_bytree"": 0.9699205348981258, ""learning_rate"": 0.01854726828892521, ""max_depth"": 4, ""min_child_weight"": 1, ""reg_lambda"": 0.5427413728171646, ""subsample"": 0.6246531029880218}"
4,4,263,0,0.078380406,0.08566054010837063,0.032250993790821116,"{""colsample_bytree"": 0.9699205348981258, ""learning_rate"": 0.01854726828892521, ""max_depth"": 4, ""min_child_weight"": 1, ""reg_lambda"": 0.5427413728171646, ""subsample"": 0.6246531029880218}"
4,4,265,1,0.92935073,0.9206576449724541,0.03389948029856271,"{""colsample_bytree"": 0.9699205348981258, ""learning_rate"": 0.01854726828892521, ""max_depth"": 4, ""min_child_weight"": 1, ""reg_lambda"": 0.5427413728171646, ""subsample"": 0.6246531029880218}"
4,4,266,1,0.8897467,0.9076125286933296,0.03742683336576955,"{""colsample_bytree"": 0.9699205348981258, ""learning_rate"": 0.01854726828892521, ""max_depth"": 4, ""min_child_weight"": 1, ""reg_lambda"": 0.5427413728171646, ""subsample"": 0.6246531029880218}"
4,4,274,1,0.9850172,0.9339305062488865,0.03336617690265371,"{""colsample_bytree"": 0.9699205348981258, ""learning_rate"": 0.01854726828892521, ""max_depth"": 4, ""min_child_weight"": 1, ""reg_lambda"": 0.5427413728171646, ""subsample"": 0.6246531029880218}"
4,4,287,0,0.54046583,0.5324234186681258,0.1519659557708943,"{""colsample_bytree"": 0.9699205348981258, ""learning_rate"": 0.01854726828892521, ""max_depth"": 4, ""min_child_weight"": 1, ""reg_lambda"": 0.5427413728171646, ""subsample"": 0.6246531029880218}"
4,4,290,0,0.2604887,0.1466919162228478,0.04481585564762048,"{""colsample_bytree"": 0.9699205348981258, ""learning_rate"": 0.01854726828892521, ""max_depth"": 4, ""min_child_weight"": 1, ""reg_lambda"": 0.5427413728171646, ""subsample"": 0.6246531029880218}"
4,4,295,0,0.7953489,0.8468780817591203,0.06476742359224087,"{""colsample_bytree"": 0.9699205348981258, ""learning_rate"": 0.01854726828892521, ""max_depth"": 4, ""min_child_weight"": 1, ""reg_lambda"": 0.5427413728171646, ""subsample"": 0.6246531029880218}"
4,4,300,0,0.11319495,0.12078646007520615,0.039037162695499686,"{""colsample_bytree"": 0.9699205348981258, ""learning_rate"": 0.01854726828892521, ""max_depth"": 4, ""min_child_weight"": 1, ""reg_lambda"": 0.5427413728171646, ""subsample"": 0.6246531029880218}"
4,4,302,1,0.8066072,0.8336931582350303,0.05150747169492883,"{""colsample_bytree"": 0.9699205348981258, ""learning_rate"": 0.01854726828892521, ""max_depth"": 4, ""min_child_weight"": 1, ""reg_lambda"": 0.5427413728171646, ""subsample"": 0.6246531029880218}"
