repeat,fold,idx,y,p_base,p,spread,params
0,0,0,1,0.24111030541284711,0.3173818356596766,0.04963872543252302,"{""C"": 0.2801635158716261, ""class_weight"": ""balanced"", ""l1_ratio"": 1.0}"
0,0,4,0,0.09650138588827689,0.1776536606240125,0.04189879310449095,"{""C"": 0.2801635158716261, ""class_weight"": ""balanced"", ""l1_ratio"": 1.0}"
0,0,5,1,0.5164745871959645,0.5753156690785393,0.05313771966436306,"{""C"": 0.2801635158716261, ""class_weight"": ""balanced"", ""l1_ratio"": 1.0}"
0,0,7,1,0.983004116373455,0.9737003661925769,0.021840163899081045,"{""C"": 0.2801635158716261, ""class_weight"": ""balanced"", ""l1_ratio"": 1.0}"
0,0,8,0,0.04810887387955395,0.10826619265189075,0.06841452326312439,"{""C"": 0.2801635158716261, ""class_weight"": ""balanced"", ""l1_ratio"": 1.0}"
0,0,14,1,0.13902195207535203,0.23594282716500045,0.01788239290080621,"{""C"": 0.2801635158716261, ""class_weight"": ""balanced"", ""l1_ratio"": 1.0}"
0,0,17,0,0.16596701830220462,0.25038376858002365,0.05080598572467316,"{""C"": 0.2801635158716261, ""class_weight"": ""balanced"", ""l1_ratio"": 1.0}"
0,0,22,1,0.8815507773855817,0.8732870850052121,0.03583034377760104,"{""C"": 0.2801635158716261, ""class_weight"": ""balanced"", ""l1_ratio"": 1.0}"
0,0,28,1,0.9904322340824029,0.9822089166202834,0.01797670912884689,"{""C"": 0.2801635158716261, ""class_weight"": ""balanced"", ""l1_ratio"": 1.0}"
0,0,29,0,0.802623121607704,0.78698727909271,0.04098630550904859,"{""C"": 0.2801635158716261, ""class_weight"": ""balanced"", ""l1_ratio"": 1.0}"
0,0,32,1,0.5358868983484423,0.6028905097005002,0.0659520700992803,"{""C"": 0.2801635158716261, ""class_weight"": ""balanced"", ""l1_ratio"": 1.0}"
0,0,41,0,0.08920836148989796,0.14785158927194308,0.032054155939398726,"{""C"": 0.2801635158716261, ""class_weight"": ""balanced"", ""l1_ratio"": 1.0}"
0,0,46,1,0.4345524418162301,0.5199894289701856,0.06273929845134602,"{""C"": 0.2801635158716261, ""class_weight"": ""balanced"", ""l1_ratio"": 1.0}"
0,0,48,0,0.33818763620041026,0.42659239961096435,0.044715458171662274,"{""C"": 0.2801635158716261, ""class_weight"": ""balanced"", ""l1_ratio"": 1.0}"
0,0,49,0,0.19566334173880978,0.2991177465904638,0.052392021126249425,"{""C"": 0.2801635158716261, ""class_weight"": ""balanced"", ""l1_ratio"": 1.0}"
0,0,50,0,0.39361564930048426,0.4966817124637954,0.07804274310128226,"{""C"": 0.2801635158716261, ""class_weight"": ""balanced"", ""l1_ratio"": 1.0}"
0,0,52,1,0.9939690013841871,0.9886627876146866,0.011446014090253703,"{""C"": 0.2801635158716261, ""class_weight"": ""balanced"", ""l1_ratio"": 1.0}"
0,0,55,1,0.8049362874910315,0.8262304260986184,0.024812420796261784,"{""C"": 0.2801635158716261, ""class_weight"": ""balanced"", ""l1_ratio"": 1.0}"
0,0,65,0,0.5069803273276926,0.581228541467111,0.07305327924744265,"{""C"": 0.2801635158716261, ""class_weight"": ""balanced"", ""l1_ratio"": 1.0}"
0,0,72,1,0.4813496325518776,0.5604893521801999,0.03444029752247561,"{""C"": 0.2801635158716261, ""class_weight"": ""balanced"", ""l1_ratio"": 1.0}"
0,0,82,1,0.4573196716335504,0.5299907556406366,0.16376060541587312,"{""C"": 0.2801635158716261, ""class_weight"": ""balanced"", ""l1_ratio"": 1.0}"
0,0,91,0,0.4015928264654656,0.47909839440325525,0.0819951623549086,"{""C"": 0.2801635158716261, ""class_weight"": ""balanced"", ""l1_ratio"": 1.0}"
0,0,94,1,0.9786995449864268,0.9695236243711844,0.01535854807523441,"{""C"": 0.2801635158716261, ""class_weight"": ""balanced"", ""l1_ratio"": 1.0}"
0,0,99,1,0.47504862158096883,0.5677690584887444,0.10904871989678251,"{""C"": 0.2801635158716261, ""class_weight"": ""balanced"", ""l1_ratio"": 1.0}"
0,0,100,1,0.8175311659344383,0.7959432637795228,0.07753869669959262,"{""C"": 0.2801635158716261, ""class_weight"": ""balanced"", ""l1_ratio"": 1.0}"
0,0,101,1,0.8144161469731399,0.8123012376554206,0.0784618653238924,"{""C"": 0.2801635158716261, ""class_weight"": ""balanced"", ""l1_ratio"": 1.0}"
0,0,105,1,0.680005067444227,0.7401141535772537,0.030769866893974044,"{""C"": 0.2801635158716261, ""class_weight"": ""balanced"", ""l1_ratio"": 1.0}"
0,0,106,1,0.6539305315695375,0.6791170085970214,0.06190414725464077,"{""C"": 0.2801635158716261, ""class_weight"": ""balanced"", ""l1_ratio"": 1.0}"
0,0,116,1,0.7857137670701091,0.7912845140283628,0.03412654958833363,"{""C"": 0.2801635158716261, ""class_weight"": ""balanced"", ""l1_ratio"": 1.0}"
0,0,119,1,0.8298107922973404,0.8195064899044043,0.06069706595170715,"{""C"": 0.2801635158716261, ""class_weight"": ""balanced"", ""l1_ratio"": 1.0}"
0,0,127,1,0.8610968091858019,0.8685749268314362,0.05994563954047602,"{""C"": 0.2801635158716261, ""class_weight"": ""balanced"", ""l1_ratio"": 1.0}"
0,0,129,0,0.3545959750138561,0.4433539074968742,0.06740329424902967,"{""C"": 0.2801635158716261, ""class_weight"": ""balanced"", ""l1_ratio"": 1.0}"
0,0,130,0,0.08942851357530138,0.16176729918436333,0.052733357462142236,"{""C"": 0.2801635158716261, ""class_weight"": ""balanced"", ""l1_ratio"": 1.0}"
0,0,132,1,0.8315160261248973,0.8405203182057701,0.023920003262758525,"{""C"": 0.2801635158716261, ""class_weight"": ""balanced"", ""l1_ratio"": 1.0}"
0,0,134,1,0.6308473153072949,0.6465637509078821,0.013642057140913872,"{""C"": 0.2801635158716261, ""class_weight"": ""balanced"", ""l1_ratio"": 1.0}"
0,0,145,0,0.6119353916569228,0.63095422460634,0.08499334736382688,"{""C"": 0.2801635158716261, ""class_weight"": ""balanced"", ""l1_ratio"": 1.0}"
0,0,160,0,0.5851892908730824,0.6533450640134373,0.03490964729589331,"{""C"": 0.2801635158716261, ""class_weight"": ""balanced"", ""l1_ratio"": 1.0}"
0,0,161,1,0.8985568703699435,0.8773651494535043,0.05090505027693228,"{""C"": 0.2801635158716261, ""class_weight"": ""balanced"", ""l1_ratio"": 1.0}"
0,0,176,1,0.12260274433493705,0.19762441254818264,0.028385344049914538,"{""C"": 0.2801635158716261, ""class_weight"": ""balanced"", ""l1_ratio"": 1.0}"
0,0,178,1,0.4319764703013201,0.4990957780122268,0.033806236143929955,"{""C"": 0.2801635158716261, ""class_weight"": ""balanced"", ""l1_ratio"": 1.0}"
0,0,182,1,0.6772835769638362,0.7212027374522582,0.06773275607597662,"{""C"": 0.2801635158716261, ""class_weight"": ""balanced"", ""l1_ratio"": 1.0}"
0,0,186,0,0.8485542756917676,0.8531360740281141,0.05326471716173357,"{""C"": 0.2801635158716261, ""class_weight"": ""balanced"", ""l1_ratio"": 1.0}"
0,0,188,1,0.19699844613507755,0.2834629917386785,0.06508756797463051,"{""C"": 0.2801635158716261, ""class_weight"": ""balanced"", ""l1_ratio"": 1.0}"
0,0,191,1,0.5863125790628559,0.6591580083343813,0.08209803519915071,"{""C"": 0.2801635158716261, ""class_weight"": ""balanced"", ""l1_ratio"": 1.0}"
0,0,193,0,0.3000321643405696,0.3915792979381308,0.051069010797490766,"{""C"": 0.2801635158716261, ""class_weight"": ""balanced"", ""l1_ratio"": 1.0}"
0,0,194,0,0.1447460367585462,0.21152386473062784,0.03525256294902346,"{""C"": 0.2801635158716261, ""class_weight"": ""balanced"", ""l1_ratio"": 1.0}"
0,0,203,0,0.04514263739346756,0.09251002535399455,0.032055001241460865,"{""C"": 0.2801635158716261, ""class_weight"": ""balanced"", ""l1_ratio"": 1.0}"
0,0,215,1,0.56533154916194,0.6040872179010893,0.046683049658081774,"{""C"": 0.2801635158716261, ""class_weight"": ""balanced"", ""l1_ratio"": 1.0}"
0,0,219,1,0.06993431977488013,0.11107458144769171,0.02604449983020636,"{""C"": 0.2801635158716261, ""class_weight"": ""balanced"", ""l1_ratio"": 1.0}"
0,0,223,1,0.16438556747960972,0.24711773511557555,0.04987370397330173,"{""C"": 0.2801635158716261, ""class_weight"": ""balanced"", ""l1_ratio"": 1.0}"
0,0,231,0,0.8707986309289211,0.8626882231827562,0.04196809050206796,"{""C"": 0.2801635158716261, ""class_weight"": ""balanced"", ""l1_ratio"": 1.0}"
0,0,233,0,0.243978489602086,0.3157464575065604,0.03717184586459988,"{""C"": 0.2801635158716261, ""class_weight"": ""balanced"", ""l1_ratio"": 1.0}"
0,0,241,1,0.20908991931832627,0.29765540775733224,0.032144358984119464,"{""C"": 0.2801635158716261, ""class_weight"": ""balanced"", ""l1_ratio"": 1.0}"
0,0,250,1,0.5606095497852189,0.6056355372987088,0.062086842386920235,"{""C"": 0.2801635158716261, ""class_weight"": ""balanced"", ""l1_ratio"": 1.0}"
0,0,261,0,0.0979227684951902,0.1571869292583566,0.027329949911823446,"{""C"": 0.2801635158716261, ""class_weight"": ""balanced"", ""l1_ratio"": 1.0}"
0,0,264,0,0.09201211417075016,0.1398360790442889,0.052056848863272685,"{""C"": 0.2801635158716261, ""class_weight"": ""balanced"", ""l1_ratio"": 1.0}"
0,0,275,1,0.46230378385769966,0.5658618775104689,0.07116675640987269,"{""C"": 0.2801635158716261, ""class_weight"": ""balanced"", ""l1_ratio"": 1.0}"
0,0,282,0,0.7461964643232497,0.7560301776598882,0.030159139307399677,"{""C"": 0.2801635158716261, ""class_weight"": ""balanced"", ""l1_ratio"": 1.0}"
0,0,289,0,0.1997151561773716,0.2938700131539786,0.06371584386034643,"{""C"": 0.2801635158716261, ""class_weight"": ""balanced"", ""l1_ratio"": 1.0}"
0,0,294,1,0.4016249890413273,0.5221108523393448,0.07018448984731986,"{""C"": 0.2801635158716261, ""class_weight"": ""balanced"", ""l1_ratio"": 1.0}"
0,0,295,0,0.4094518709992198,0.48192755972105694,0.08484046072528398,"{""C"": 0.2801635158716261, ""class_weight"": ""balanced"", ""l1_ratio"": 1.0}"
0,1,1,1,0.9570203959351244,0.9699072616975828,0.021973162349357245,"{""C"": 0.0416828871122416, ""class_weight"": null, ""l1_ratio"": 0.0}"
0,1,3,0,0.5647902302056939,0.5943121759713769,0.0943986187626949,"{""C"": 0.0416828871122416, ""class_weight"": null, ""l1_ratio"": 0.0}"
0,1,6,1,0.8883579537422677,0.9094560184976634,0.0573669563476594,"{""C"": 0.0416828871122416, ""class_weight"": null, ""l1_ratio"": 0.0}"
0,1,9,0,0.814326029413431,0.846049103587627,0.044584421594402644,"{""C"": 0.0416828871122416, ""class_weight"": null, ""l1_ratio"": 0.0}"
0,1,18,1,0.5997702713481212,0.5858222711273745,0.0601991228181606,"{""C"": 0.0416828871122416, ""class_weight"": null, ""l1_ratio"": 0.0}"
0,1,19,0,0.8024992617812542,0.8307038251294581,0.04888419006045766,"{""C"": 0.0416828871122416, ""class_weight"": null, ""l1_ratio"": 0.0}"
0,1,20,0,0.2194601874187079,0.15990860147729016,0.06431871560291286,"{""C"": 0.0416828871122416, ""class_weight"": null, ""l1_ratio"": 0.0}"
0,1,31,0,0.7277503244588717,0.7481730567930076,0.07292211092251037,"{""C"": 0.0416828871122416, ""class_weight"": null, ""l1_ratio"": 0.0}"
0,1,33,1,0.7771902407101948,0.801083736757094,0.08846453048905578,"{""C"": 0.0416828871122416, ""class_weight"": null, ""l1_ratio"": 0.0}"
0,1,34,1,0.9400625482469095,0.9602973769930154,0.04047192908106041,"{""C"": 0.0416828871122416, ""class_weight"": null, ""l1_ratio"": 0.0}"
0,1,40,1,0.966460155051018,0.9783624269272975,0.02046586544695576,"{""C"": 0.0416828871122416, ""class_weight"": null, ""l1_ratio"": 0.0}"
0,1,45,1,0.9111876584143623,0.9348600784211578,0.04526499074834322,"{""C"": 0.0416828871122416, ""class_weight"": null, ""l1_ratio"": 0.0}"
0,1,54,0,0.3879427050940273,0.3862055622359294,0.06448571749196085,"{""C"": 0.0416828871122416, ""class_weight"": null, ""l1_ratio"": 0.0}"
0,1,56,1,0.8025073056778553,0.8501365471310172,0.05901107209164134,"{""C"": 0.0416828871122416, ""class_weight"": null, ""l1_ratio"": 0.0}"
0,1,62,1,0.19365181385184116,0.14140809712873345,0.0842191813207632,"{""C"": 0.0416828871122416, ""class_weight"": null, ""l1_ratio"": 0.0}"
0,1,69,1,0.7444606620955525,0.7784639365860275,0.08475763325355556,"{""C"": 0.0416828871122416, ""class_weight"": null, ""l1_ratio"": 0.0}"
0,1,70,0,0.21101546667655255,0.15104546204937516,0.07923724985342276,"{""C"": 0.0416828871122416, ""class_weight"": null, ""l1_ratio"": 0.0}"
0,1,73,0,0.6497015201717847,0.6955283007822521,0.04627066656648229,"{""C"": 0.0416828871122416, ""class_weight"": null, ""l1_ratio"": 0.0}"
0,1,78,1,0.7783573212480303,0.8126678734206472,0.07689054290557809,"{""C"": 0.0416828871122416, ""class_weight"": null, ""l1_ratio"": 0.0}"
0,1,81,1,0.9536275936488001,0.9658497304459275,0.030959850703028487,"{""C"": 0.0416828871122416, ""class_weight"": null, ""l1_ratio"": 0.0}"
0,1,92,1,0.8479587145576638,0.8870443911070627,0.044001200596899506,"{""C"": 0.0416828871122416, ""class_weight"": null, ""l1_ratio"": 0.0}"
0,1,97,1,0.8541422923109028,0.8941462590902424,0.05764888066637768,"{""C"": 0.0416828871122416, ""class_weight"": null, ""l1_ratio"": 0.0}"
0,1,104,0,0.429328657554883,0.37905216749467885,0.0773506172734453,"{""C"": 0.0416828871122416, ""class_weight"": null, ""l1_ratio"": 0.0}"
0,1,113,0,0.2066323571351514,0.14532811947804847,0.06229052771932376,"{""C"": 0.0416828871122416, ""class_weight"": null, ""l1_ratio"": 0.0}"
0,1,115,0,0.6715977908113985,0.6852530397342445,0.09939124076424426,"{""C"": 0.0416828871122416, ""class_weight"": null, ""l1_ratio"": 0.0}"
0,1,121,0,0.6377921993844132,0.6677604383752904,0.07277624327353664,"{""C"": 0.0416828871122416, ""class_weight"": null, ""l1_ratio"": 0.0}"
0,1,122,0,0.7044367736996587,0.7373985670721381,0.07301265698575508,"{""C"": 0.0416828871122416, ""class_weight"": null, ""l1_ratio"": 0.0}"
0,1,124,1,0.6471131823408507,0.6389745687379624,0.11129915852042901,"{""C"": 0.0416828871122416, ""class_weight"": null, ""l1_ratio"": 0.0}"
0,1,125,1,0.615419199165277,0.6193737146736927,0.11379485785142433,"{""C"": 0.0416828871122416, ""class_weight"": null, ""l1_ratio"": 0.0}"
0,1,128,1,0.7654545930425884,0.8100974991057568,0.05656508727445125,"{""C"": 0.0416828871122416, ""class_weight"": null, ""l1_ratio"": 0.0}"
0,1,133,0,0.3451403385483912,0.2844560161811395,0.0659980328966395,"{""C"": 0.0416828871122416, ""class_weight"": null, ""l1_ratio"": 0.0}"
0,1,141,1,0.8087359102493771,0.8458921391719144,0.049836094501463736,"{""C"": 0.0416828871122416, ""class_weight"": null, ""l1_ratio"": 0.0}"
0,1,149,1,0.8490527244735471,0.893437240250566,0.04263416420100373,"{""C"": 0.0416828871122416, ""class_weight"": null, ""l1_ratio"": 0.0}"
0,1,151,0,0.4044898930111446,0.3710932606908419,0.0407608027875097,"{""C"": 0.0416828871122416, ""class_weight"": null, ""l1_ratio"": 0.0}"
0,1,153,0,0.40663459539213526,0.37646187381531954,0.07954818958163294,"{""C"": 0.0416828871122416, ""class_weight"": null, ""l1_ratio"": 0.0}"
0,1,154,0,0.6233177647592432,0.6327582804922334,0.029461567855462747,"{""C"": 0.0416828871122416, ""class_weight"": null, ""l1_ratio"": 0.0}"
0,1,157,1,0.5033285705132824,0.493572536056656,0.06401980285484242,"{""C"": 0.0416828871122416, ""class_weight"": null, ""l1_ratio"": 0.0}"
0,1,165,1,0.5451658123095449,0.5520331099665665,0.062490310877817846,"{""C"": 0.0416828871122416, ""class_weight"": null, ""l1_ratio"": 0.0}"
0,1,174,1,0.9746594044209843,0.9827381853797235,0.01714971375113451,"{""C"": 0.0416828871122416, ""class_weight"": null, ""l1_ratio"": 0.0}"
0,1,175,0,0.4186288779330913,0.3688584319173739,0.07859356461208063,"{""C"": 0.0416828871122416, ""class_weight"": null, ""l1_ratio"": 0.0}"
0,1,181,1,0.8499201180080382,0.8910220224594785,0.03380520911034421,"{""C"": 0.0416828871122416, ""class_weight"": null, ""l1_ratio"": 0.0}"
0,1,183,0,0.4502432384099407,0.4125346573301014,0.05347395773652536,"{""C"": 0.0416828871122416, ""class_weight"": null, ""l1_ratio"": 0.0}"
0,1,189,1,0.7068515888289404,0.7452256977500424,0.06194616461785498,"{""C"": 0.0416828871122416, ""class_weight"": null, ""l1_ratio"": 0.0}"
0,1,197,1,0.9239179364746143,0.9513583662560571,0.03624765249808413,"{""C"": 0.0416828871122416, ""class_weight"": null, ""l1_ratio"": 0.0}"
0,1,198,1,0.6559119152627801,0.6917354950063037,0.07814722860053043,"{""C"": 0.0416828871122416, ""class_weight"": null, ""l1_ratio"": 0.0}"
0,1,201,0,0.6134189614107388,0.6713916999335153,0.08678726383865387,"{""C"": 0.0416828871122416, ""class_weight"": null, ""l1_ratio"": 0.0}"
0,1,220,1,0.7910443887220527,0.8364478856092592,0.03731000055323957,"{""C"": 0.0416828871122416, ""class_weight"": null, ""l1_ratio"": 0.0}"
0,1,230,1,0.958335871933873,0.9707699292985218,0.02665828765009495,"{""C"": 0.0416828871122416, ""class_weight"": null, ""l1_ratio"": 0.0}"
0,1,232,1,0.6626986538940137,0.6641142577343193,0.10252601203943257,"{""C"": 0.0416828871122416, ""class_weight"": null, ""l1_ratio"": 0.0}"
0,1,236,1,0.5177074131977953,0.5056101996567397,0.04478437319730017,"{""C"": 0.0416828871122416, ""class_weight"": null, ""l1_ratio"": 0.0}"
0,1,238,1,0.2775518738308053,0.2084715168165537,0.0668175904684056,"{""C"": 0.0416828871122416, ""class_weight"": null, ""l1_ratio"": 0.0}"
0,1,239,1,0.8412640720992173,0.871641776410377,0.06555957192734915,"{""C"": 0.0416828871122416, ""class_weight"": null, ""l1_ratio"": 0.0}"
0,1,242,1,0.5417831676555395,0.5316838257454923,0.07110745838889777,"{""C"": 0.0416828871122416, ""class_weight"": null, ""l1_ratio"": 0.0}"
0,1,246,1,0.9377615932656642,0.9605200545085989,0.01993789067957016,"{""C"": 0.0416828871122416, ""class_weight"": null, ""l1_ratio"": 0.0}"
0,1,251,1,0.35514388527324436,0.3062456640373653,0.06850647298443975,"{""C"": 0.0416828871122416, ""class_weight"": null, ""l1_ratio"": 0.0}"
0,1,263,0,0.17266965752323093,0.12461515304329258,0.07541662706069142,"{""C"": 0.0416828871122416, ""class_weight"": null, ""l1_ratio"": 0.0}"
0,1,277,1,0.9058208605342283,0.9320664804048129,0.04949061957348042,"{""C"": 0.0416828871122416, ""class_weight"": null, ""l1_ratio"": 0.0}"
0,1,278,0,0.664582660082211,0.6867792119171362,0.051977899356398495,"{""C"": 0.0416828871122416, ""class_weight"": null, ""l1_ratio"": 0.0}"
0,1,283,0,0.6415843021909292,0.6793506152061984,0.048705316859219035,"{""C"": 0.0416828871122416, ""class_weight"": null, ""l1_ratio"": 0.0}"
0,1,287,0,0.36290617058158936,0.328435934543242,0.08073286037853124,"{""C"": 0.0416828871122416, ""class_weight"": null, ""l1_ratio"": 0.0}"
0,1,290,0,0.2436063216908136,0.17876725138828709,0.06940614215929529,"{""C"": 0.0416828871122416, ""class_weight"": null, ""l1_ratio"": 0.0}"
0,2,25,1,0.9400452113092841,0.9027985274354174,0.05248387457395686,"{""C"": 0.17856643681849566, ""class_weight"": ""balanced"", ""l1_ratio"": 0.0}"
0,2,27,0,0.25596346179245283,0.36934430278519215,0.04965294855748143,"{""C"": 0.17856643681849566, ""class_weight"": ""balanced"", ""l1_ratio"": 0.0}"
0,2,42,0,0.13423859228081506,0.25526485061725407,0.030269752797946022,"{""C"": 0.17856643681849566, ""class_weight"": ""balanced"", ""l1_ratio"": 0.0}"
0,2,43,1,0.5209634593540482,0.57846199710487,0.08499233692055111,"{""C"": 0.17856643681849566, ""class_weight"": ""balanced"", ""l1_ratio"": 0.0}"
0,2,53,0,0.8249831291080979,0.7969740180662528,0.07291509379079843,"{""C"": 0.17856643681849566, ""class_weight"": ""balanced"", ""l1_ratio"": 0.0}"
0,2,59,1,0.9297049302571616,0.8921259490335686,0.05852136808697816,"{""C"": 0.17856643681849566, ""class_weight"": ""balanced"", ""l1_ratio"": 0.0}"
0,2,66,1,0.8923861083287867,0.8600628877367775,0.055480114730280444,"{""C"": 0.17856643681849566, ""class_weight"": ""balanced"", ""l1_ratio"": 0.0}"
0,2,67,0,0.2687638411395192,0.3735712843361091,0.03162414303123886,"{""C"": 0.17856643681849566, ""class_weight"": ""balanced"", ""l1_ratio"": 0.0}"
0,2,68,0,0.08296608788353584,0.18540837328100998,0.04062523509052096,"{""C"": 0.17856643681849566, ""class_weight"": ""balanced"", ""l1_ratio"": 0.0}"
0,2,74,1,0.9686624904601713,0.9416339892055555,0.01838333996049119,"{""C"": 0.17856643681849566, ""class_weight"": ""balanced"", ""l1_ratio"": 0.0}"
0,2,79,0,0.1580406943622799,0.27326995119743797,0.09175667241286774,"{""C"": 0.17856643681849566, ""class_weight"": ""balanced"", ""l1_ratio"": 0.0}"
0,2,80,1,0.9060123896189687,0.8725806586355945,0.030336529269381754,"{""C"": 0.17856643681849566, ""class_weight"": ""balanced"", ""l1_ratio"": 0.0}"
0,2,87,1,0.7862594533068017,0.7806712002877985,0.07519523793192313,"{""C"": 0.17856643681849566, ""class_weight"": ""balanced"", ""l1_ratio"": 0.0}"
0,2,89,1,0.8543514414485096,0.8292450633655243,0.06322042883362634,"{""C"": 0.17856643681849566, ""class_weight"": ""balanced"", ""l1_ratio"": 0.0}"
0,2,90,0,0.6097112729712577,0.6434601462091678,0.06805664297925747,"{""C"": 0.17856643681849566, ""class_weight"": ""balanced"", ""l1_ratio"": 0.0}"
0,2,93,1,0.7948230348458535,0.7751754868281313,0.06571889457665146,"{""C"": 0.17856643681849566, ""class_weight"": ""balanced"", ""l1_ratio"": 0.0}"
0,2,96,1,0.8673539063539024,0.8332183410983719,0.052762900308326345,"{""C"": 0.17856643681849566, ""class_weight"": ""balanced"", ""l1_ratio"": 0.0}"
0,2,107,1,0.3613207584896353,0.4440750313878093,0.0662217928102019,"{""C"": 0.17856643681849566, ""class_weight"": ""balanced"", ""l1_ratio"": 0.0}"
0,2,109,0,0.5827104058956091,0.6412920029049377,0.06198868973433228,"{""C"": 0.17856643681849566, ""class_weight"": ""balanced"", ""l1_ratio"": 0.0}"
0,2,114,1,0.996240499807452,0.9779987398114253,0.023246651898016002,"{""C"": 0.17856643681849566, ""class_weight"": ""balanced"", ""l1_ratio"": 0.0}"
0,2,126,1,0.7091897146469085,0.7154495194910667,0.07661556251147461,"{""C"": 0.17856643681849566, ""class_weight"": ""balanced"", ""l1_ratio"": 0.0}"
0,2,136,0,0.1185556473778016,0.22448000839174362,0.050786267052393703,"{""C"": 0.17856643681849566, ""class_weight"": ""balanced"", ""l1_ratio"": 0.0}"
0,2,138,1,0.7241483290581769,0.7281709026874352,0.03825837390160649,"{""C"": 0.17856643681849566, ""class_weight"": ""balanced"", ""l1_ratio"": 0.0}"
0,2,139,1,0.8133538577489583,0.8030021102570813,0.05071880142745938,"{""C"": 0.17856643681849566, ""class_weight"": ""balanced"", ""l1_ratio"": 0.0}"
0,2,140,1,0.916617779200895,0.8754636338043209,0.060812576316940065,"{""C"": 0.17856643681849566, ""class_weight"": ""balanced"", ""l1_ratio"": 0.0}"
0,2,142,1,0.13227489666103504,0.25624142099804914,0.06446004277650652,"{""C"": 0.17856643681849566, ""class_weight"": ""balanced"", ""l1_ratio"": 0.0}"
0,2,144,1,0.9914702400635652,0.9644288286195156,0.03740163825009058,"{""C"": 0.17856643681849566, ""class_weight"": ""balanced"", ""l1_ratio"": 0.0}"
0,2,152,1,0.4017475839321128,0.4824098802479841,0.05948332447962538,"{""C"": 0.17856643681849566, ""class_weight"": ""balanced"", ""l1_ratio"": 0.0}"
0,2,159,1,0.9193748805272288,0.8893875059672854,0.038113360809234824,"{""C"": 0.17856643681849566, ""class_weight"": ""balanced"", ""l1_ratio"": 0.0}"
0,2,168,0,0.32227043678289036,0.4287402459900817,0.04789244212139366,"{""C"": 0.17856643681849566, ""class_weight"": ""balanced"", ""l1_ratio"": 0.0}"
0,2,169,0,0.2728289631262455,0.3720159015546819,0.04421313618576229,"{""C"": 0.17856643681849566, ""class_weight"": ""balanced"", ""l1_ratio"": 0.0}"
0,2,173,1,0.8125324457536579,0.7941273427580142,0.0448743902952341,"{""C"": 0.17856643681849566, ""class_weight"": ""balanced"", ""l1_ratio"": 0.0}"
0,2,184,1,0.5739434085775439,0.6108498458413993,0.04906574493242616,"{""C"": 0.17856643681849566, ""class_weight"": ""balanced"", ""l1_ratio"": 0.0}"
0,2,185,0,0.4991756488115266,0.586232300137144,0.11174793164717325,"{""C"": 0.17856643681849566, ""class_weight"": ""balanced"", ""l1_ratio"": 0.0}"
0,2,187,1,0.7440802035046307,0.7329757819634726,0.08442429903464115,"{""C"": 0.17856643681849566, ""class_weight"": ""balanced"", ""l1_ratio"": 0.0}"
0,2,196,0,0.16593366763392897,0.27945385611692225,0.04085239256258423,"{""C"": 0.17856643681849566, ""class_weight"": ""balanced"", ""l1_ratio"": 0.0}"
0,2,205,0,0.5770600679662653,0.6254048233285945,0.08184274911424119,"{""C"": 0.17856643681849566, ""class_weight"": ""balanced"", ""l1_ratio"": 0.0}"
0,2,206,1,0.40466653033208616,0.49656123207283986,0.08617241896292895,"{""C"": 0.17856643681849566, ""class_weight"": ""balanced"", ""l1_ratio"": 0.0}"
0,2,207,1,0.468906827275203,0.5507510879785931,0.03702427773692013,"{""C"": 0.17856643681849566, ""class_weight"": ""balanced"", ""l1_ratio"": 0.0}"
0,2,210,0,0.11355756913333737,0.22386955476044634,0.025297895908085313,"{""C"": 0.17856643681849566, ""class_weight"": ""balanced"", ""l1_ratio"": 0.0}"
0,2,211,1,0.7973045879492802,0.782702932193808,0.05085460543375348,"{""C"": 0.17856643681849566, ""class_weight"": ""balanced"", ""l1_ratio"": 0.0}"
0,2,212,0,0.1027332615726416,0.1958357280695076,0.034889926283978315,"{""C"": 0.17856643681849566, ""class_weight"": ""balanced"", ""l1_ratio"": 0.0}"
0,2,218,0,0.371124406626749,0.4658024129061806,0.06230409961282365,"{""C"": 0.17856643681849566, ""class_weight"": ""balanced"", ""l1_ratio"": 0.0}"
0,2,224,1,0.7186593182046944,0.7247096264388765,0.04682873565520518,"{""C"": 0.17856643681849566, ""class_weight"": ""balanced"", ""l1_ratio"": 0.0}"
0,2,240,1,0.9318358345481162,0.8981680785601096,0.05336984961970327,"{""C"": 0.17856643681849566, ""class_weight"": ""balanced"", ""l1_ratio"": 0.0}"
0,2,243,0,0.503947722350499,0.5694333740092828,0.05366838639432024,"{""C"": 0.17856643681849566, ""class_weight"": ""balanced"", ""l1_ratio"": 0.0}"
0,2,257,0,0.10181751037377534,0.20510935010795986,0.047461520968330784,"{""C"": 0.17856643681849566, ""class_weight"": ""balanced"", ""l1_ratio"": 0.0}"
0,2,260,1,0.740416430913049,0.7364130160339013,0.09952474126913115,"{""C"": 0.17856643681849566, ""class_weight"": ""balanced"", ""l1_ratio"": 0.0}"
0,2,262,1,0.3233524849961915,0.42752894749695275,0.06563649319289273,"{""C"": 0.17856643681849566, ""class_weight"": ""balanced"", ""l1_ratio"": 0.0}"
0,2,266,0,0.7484354145627453,0.7466150070291514,0.05826430909117534,"{""C"": 0.17856643681849566, ""class_weight"": ""balanced"", ""l1_ratio"": 0.0}"
0,2,269,1,0.7978890411852397,0.7716159453959774,0.10512764100505237,"{""C"": 0.17856643681849566, ""class_weight"": ""balanced"", ""l1_ratio"": 0.0}"
0,2,270,0,0.1344055763705015,0.24851420962514661,0.031784959368089796,"{""C"": 0.17856643681849566, ""class_weight"": ""balanced"", ""l1_ratio"": 0.0}"
0,2,271,1,0.966983899596522,0.9378739351282169,0.030788132762421098,"{""C"": 0.17856643681849566, ""class_weight"": ""balanced"", ""l1_ratio"": 0.0}"
0,2,279,0,0.6619075775734896,0.6721910471016004,0.10132454790668878,"{""C"": 0.17856643681849566, ""class_weight"": ""balanced"", ""l1_ratio"": 0.0}"
0,2,281,1,0.418445345239761,0.52673054654949,0.07235336976736548,"{""C"": 0.17856643681849566, ""class_weight"": ""balanced"", ""l1_ratio"": 0.0}"
0,2,285,0,0.1691727910429099,0.2875604482749395,0.04429155300409182,"{""C"": 0.17856643681849566, ""class_weight"": ""balanced"", ""l1_ratio"": 0.0}"
0,2,291,0,0.5340348437332237,0.5890870782263633,0.05708977192770305,"{""C"": 0.17856643681849566, ""class_weight"": ""balanced"", ""l1_ratio"": 0.0}"
0,2,292,0,0.33342213643114993,0.4374076815620592,0.0723391588313262,"{""C"": 0.17856643681849566, ""class_weight"": ""balanced"", ""l1_ratio"": 0.0}"
0,2,298,1,0.5194727992036876,0.5849057362912843,0.08952039338387266,"{""C"": 0.17856643681849566, ""class_weight"": ""balanced"", ""l1_ratio"": 0.0}"
0,2,301,0,0.049180399597649596,0.12853812776699905,0.024946290376733897,"{""C"": 0.17856643681849566, ""class_weight"": ""balanced"", ""l1_ratio"": 0.0}"
0,2,302,1,0.5369551107755838,0.5902129551102324,0.04145114943943551,"{""C"": 0.17856643681849566, ""class_weight"": ""balanced"", ""l1_ratio"": 0.0}"
0,3,2,1,0.9154268792725208,0.8323532817331545,0.052933225711015365,"{""C"": 0.2972883798898907, ""class_weight"": null, ""l1_ratio"": 0.0}"
0,3,10,1,0.4520128507700218,0.48247750367843417,0.054512648536054316,"{""C"": 0.2972883798898907, ""class_weight"": null, ""l1_ratio"": 0.0}"
0,3,12,1,0.99877098355434,0.9868718135900358,0.013776021665278526,"{""C"": 0.2972883798898907, ""class_weight"": null, ""l1_ratio"": 0.0}"
0,3,13,1,0.7651525223844711,0.7065952888622254,0.10899510501382331,"{""C"": 0.2972883798898907, ""class_weight"": null, ""l1_ratio"": 0.0}"
0,3,21,1,0.7331575472929796,0.6790524584168524,0.047311746746819684,"{""C"": 0.2972883798898907, ""class_weight"": null, ""l1_ratio"": 0.0}"
0,3,23,1,0.7483091669348,0.7043483494551502,0.06002262133696313,"{""C"": 0.2972883798898907, ""class_weight"": null, ""l1_ratio"": 0.0}"
0,3,24,1,0.6650490203953536,0.6298951203448139,0.04215403401721702,"{""C"": 0.2972883798898907, ""class_weight"": null, ""l1_ratio"": 0.0}"
0,3,26,0,0.18486801154431381,0.26395097860501143,0.0742080680014244,"{""C"": 0.2972883798898907, ""class_weight"": null, ""l1_ratio"": 0.0}"
0,3,30,1,0.7615048561002759,0.6829283772865559,0.10921770522830095,"{""C"": 0.2972883798898907, ""class_weight"": null, ""l1_ratio"": 0.0}"
0,3,39,1,0.9975449556265336,0.981740369503046,0.01116035238477328,"{""C"": 0.2972883798898907, ""class_weight"": null, ""l1_ratio"": 0.0}"
0,3,44,0,0.9328539024747737,0.870807841232024,0.03633744710214317,"{""C"": 0.2972883798898907, ""class_weight"": null, ""l1_ratio"": 0.0}"
0,3,47,1,0.9279115892805838,0.8603351736691952,0.056664832285695244,"{""C"": 0.2972883798898907, ""class_weight"": null, ""l1_ratio"": 0.0}"
0,3,58,1,0.4403384726752717,0.45953394536573844,0.06562676174131434,"{""C"": 0.2972883798898907, ""class_weight"": null, ""l1_ratio"": 0.0}"
0,3,60,0,0.1152770978483085,0.1988663972625638,0.037272605522233805,"{""C"": 0.2972883798898907, ""class_weight"": null, ""l1_ratio"": 0.0}"
0,3,63,1,0.42669780624930653,0.506780261145548,0.08074085281211271,"{""C"": 0.2972883798898907, ""class_weight"": null, ""l1_ratio"": 0.0}"
0,3,75,1,0.08192816031594723,0.15005720449531984,0.020255313738444348,"{""C"": 0.2972883798898907, ""class_weight"": null, ""l1_ratio"": 0.0}"
0,3,86,1,0.6726236724267434,0.6353108862161951,0.06179044971459437,"{""C"": 0.2972883798898907, ""class_weight"": null, ""l1_ratio"": 0.0}"
0,3,102,0,0.15597020792948382,0.22897496613243046,0.06826554127974757,"{""C"": 0.2972883798898907, ""class_weight"": null, ""l1_ratio"": 0.0}"
0,3,108,0,0.14148493734724263,0.22878460277498278,0.04933586343429355,"{""C"": 0.2972883798898907, ""class_weight"": null, ""l1_ratio"": 0.0}"
0,3,112,0,0.5955127937387176,0.5662218051123549,0.04425102949327268,"{""C"": 0.2972883798898907, ""class_weight"": null, ""l1_ratio"": 0.0}"
0,3,118,1,0.7706980110854188,0.6927606426165629,0.09795446564846136,"{""C"": 0.2972883798898907, ""class_weight"": null, ""l1_ratio"": 0.0}"
0,3,120,1,0.9363384492897389,0.8600168223274869,0.07604069152986098,"{""C"": 0.2972883798898907, ""class_weight"": null, ""l1_ratio"": 0.0}"
0,3,123,1,0.6053311654261845,0.5881206641902768,0.1305147321888586,"{""C"": 0.2972883798898907, ""class_weight"": null, ""l1_ratio"": 0.0}"
0,3,131,1,0.9453277787655467,0.8801354052332803,0.033004815591191686,"{""C"": 0.2972883798898907, ""class_weight"": null, ""l1_ratio"": 0.0}"
0,3,135,1,0.41092885636463433,0.439526414845823,0.058054427445051,"{""C"": 0.2972883798898907, ""class_weight"": null, ""l1_ratio"": 0.0}"
0,3,143,0,0.030280915205215236,0.08148379468985528,0.02776474397070229,"{""C"": 0.2972883798898907, ""class_weight"": null, ""l1_ratio"": 0.0}"
0,3,146,1,0.9948214817069856,0.972685768543214,0.01781012322424064,"{""C"": 0.2972883798898907, ""class_weight"": null, ""l1_ratio"": 0.0}"
0,3,150,0,0.15727220015166235,0.22941743413294793,0.06413494932851206,"{""C"": 0.2972883798898907, ""class_weight"": null, ""l1_ratio"": 0.0}"
0,3,155,1,0.8484995560344492,0.7603331177880738,0.08576290524321196,"{""C"": 0.2972883798898907, ""class_weight"": null, ""l1_ratio"": 0.0}"
0,3,158,0,0.7374378610786688,0.6714276452903716,0.12245710907579041,"{""C"": 0.2972883798898907, ""class_weight"": null, ""l1_ratio"": 0.0}"
0,3,162,1,0.8987268367837838,0.8264425414690464,0.04300375348196875,"{""C"": 0.2972883798898907, ""class_weight"": null, ""l1_ratio"": 0.0}"
0,3,163,1,0.8345745878021612,0.748946515603431,0.0999634690349382,"{""C"": 0.2972883798898907, ""class_weight"": null, ""l1_ratio"": 0.0}"
0,3,164,1,0.9439582811683112,0.8765957571686448,0.032784279742799335,"{""C"": 0.2972883798898907, ""class_weight"": null, ""l1_ratio"": 0.0}"
0,3,166,0,0.04052346431768927,0.10898135957987302,0.03102142559727097,"{""C"": 0.2972883798898907, ""class_weight"": null, ""l1_ratio"": 0.0}"
0,3,170,0,0.07168207419436617,0.14709602515562337,0.031943820375027625,"{""C"": 0.2972883798898907, ""class_weight"": null, ""l1_ratio"": 0.0}"
0,3,171,1,0.9234883106581041,0.8500785482193447,0.016265477300855,"{""C"": 0.2972883798898907, ""class_weight"": null, ""l1_ratio"": 0.0}"
0,3,172,1,0.2060204125542246,0.29609655436545074,0.07847604322659504,"{""C"": 0.2972883798898907, ""class_weight"": null, ""l1_ratio"": 0.0}"
0,3,179,0,0.30225292639721246,0.34915113316044555,0.0846355287317887,"{""C"": 0.2972883798898907, ""class_weight"": null, ""l1_ratio"": 0.0}"
0,3,192,0,0.03224072799461544,0.08868261329256598,0.027690348324866883,"{""C"": 0.2972883798898907, ""class_weight"": null, ""l1_ratio"": 0.0}"
0,3,195,0,0.2426815336111994,0.3341284692554597,0.09730973025046866,"{""C"": 0.2972883798898907, ""class_weight"": null, ""l1_ratio"": 0.0}"
0,3,200,1,0.4358554836356611,0.45412830528117043,0.10489779051215793,"{""C"": 0.2972883798898907, ""class_weight"": null, ""l1_ratio"": 0.0}"
0,3,202,1,0.9149027342240136,0.8386865634486764,0.10544171834478787,"{""C"": 0.2972883798898907, ""class_weight"": null, ""l1_ratio"": 0.0}"
0,3,204,0,0.2830055804474904,0.34479955848363747,0.05328905992168703,"{""C"": 0.2972883798898907, ""class_weight"": null, ""l1_ratio"": 0.0}"
0,3,213,0,0.696217429879847,0.6296726851957002,0.10758152070268144,"{""C"": 0.2972883798898907, ""class_weight"": null, ""l1_ratio"": 0.0}"
0,3,222,1,0.8410067976017089,0.7681138930231416,0.12242938029327732,"{""C"": 0.2972883798898907, ""class_weight"": null, ""l1_ratio"": 0.0}"
0,3,225,0,0.48471319304891336,0.48981937304365264,0.09385657817698144,"{""C"": 0.2972883798898907, ""class_weight"": null, ""l1_ratio"": 0.0}"
0,3,227,1,0.593557933844378,0.5572506677405424,0.04115547089879205,"{""C"": 0.2972883798898907, ""class_weight"": null, ""l1_ratio"": 0.0}"
0,3,234,0,0.6302113531489943,0.5842877636711888,0.12957772172045695,"{""C"": 0.2972883798898907, ""class_weight"": null, ""l1_ratio"": 0.0}"
0,3,235,1,0.9775529372890778,0.9181962948316489,0.06831861587242849,"{""C"": 0.2972883798898907, ""class_weight"": null, ""l1_ratio"": 0.0}"
0,3,245,1,0.7764561227388278,0.6814363191666686,0.14167780661802157,"{""C"": 0.2972883798898907, ""class_weight"": null, ""l1_ratio"": 0.0}"
0,3,247,0,0.08056151067029717,0.15082348693895017,0.032425303192077856,"{""C"": 0.2972883798898907, ""class_weight"": null, ""l1_ratio"": 0.0}"
0,3,253,1,0.4375055028825977,0.45944465153775316,0.09357358723388987,"{""C"": 0.2972883798898907, ""class_weight"": null, ""l1_ratio"": 0.0}"
0,3,256,0,0.20459846046843444,0.2769911358809388,0.05777771379783613,"{""C"": 0.2972883798898907, ""class_weight"": null, ""l1_ratio"": 0.0}"
0,3,267,1,0.6316586555814171,0.5951110131851012,0.03777075761018422,"{""C"": 0.2972883798898907, ""class_weight"": null, ""l1_ratio"": 0.0}"
0,3,272,0,0.7257294918793324,0.6798864319743615,0.05754323669427538,"{""C"": 0.2972883798898907, ""class_weight"": null, ""l1_ratio"": 0.0}"
0,3,273,1,0.8968100358474386,0.8121915392908615,0.11112233239449991,"{""C"": 0.2972883798898907, ""class_weight"": null, ""l1_ratio"": 0.0}"
0,3,276,0,0.36586473278338344,0.41239221109184987,0.09713626574134729,"{""C"": 0.2972883798898907, ""class_weight"": null, ""l1_ratio"": 0.0}"
0,3,280,0,0.6302734626442724,0.5662016405991336,0.13380741803704002,"{""C"": 0.2972883798898907, ""class_weight"": null, ""l1_ratio"": 0.0}"
0,3,286,0,0.2254656738286429,0.30610074801889153,0.10877599602894006,"{""C"": 0.2972883798898907, ""class_weight"": null, ""l1_ratio"": 0.0}"
0,3,297,0,0.0970913221933075,0.1742023923232178,0.0742822084615627,"{""C"": 0.2972883798898907, ""class_weight"": null, ""l1_ratio"": 0.0}"
0,4,11,1,0.9690377671374218,0.9806402063581647,0.005326156930460944,"{""C"": 0.037960139235180344, ""class_weight"": null, ""l1_ratio"": 0.0}"
0,4,15,1,0.6700593570120082,0.7061531305881102,0.07302413956797771,"{""C"": 0.037960139235180344, ""class_weight"": null, ""l1_ratio"": 0.0}"
0,4,16,0,0.33071951474000294,0.30976321250923056,0.0398515211205686,"{""C"": 0.037960139235180344, ""class_weight"": null, ""l1_ratio"": 0.0}"
0,4,35,0,0.2746240569014032,0.24140361708270489,0.08501885840538044,"{""C"": 0.037960139235180344, ""class_weight"": null, ""l1_ratio"": 0.0}"
0,4,36,1,0.7483768957096156,0.7818329798988135,0.043851964181217264,"{""C"": 0.037960139235180344, ""class_weight"": null, ""l1_ratio"": 0.0}"
0,4,37,1,0.9136280341225896,0.9327296843337413,0.01947645114140177,"{""C"": 0.037960139235180344, ""class_weight"": null, ""l1_ratio"": 0.0}"
0,4,38,1,0.9181528421699784,0.9433527012151519,0.005840111642947966,"{""C"": 0.037960139235180344, ""class_weight"": null, ""l1_ratio"": 0.0}"
0,4,51,1,0.4487007809761562,0.42940229460113316,0.05292626047240466,"{""C"": 0.037960139235180344, ""class_weight"": null, ""l1_ratio"": 0.0}"
0,4,57,1,0.8847295304199221,0.9056039592327954,0.028060309418478223,"{""C"": 0.037960139235180344, ""class_weight"": null, ""l1_ratio"": 0.0}"
0,4,61,1,0.31728424465531424,0.28772182859791373,0.04302301818408944,"{""C"": 0.037960139235180344, ""class_weight"": null, ""l1_ratio"": 0.0}"
0,4,64,0,0.30369772944232315,0.2843069585420507,0.04334184046050389,"{""C"": 0.037960139235180344, ""class_weight"": null, ""l1_ratio"": 0.0}"
0,4,71,1,0.8041832083587102,0.8405000446911173,0.03183000396517781,"{""C"": 0.037960139235180344, ""class_weight"": null, ""l1_ratio"": 0.0}"
0,4,76,1,0.7392947713626735,0.7666962989222219,0.03560171379579312,"{""C"": 0.037960139235180344, ""class_weight"": null, ""l1_ratio"": 0.0}"
0,4,77,0,0.7321239459011298,0.7699015793905188,0.05697885688266488,"{""C"": 0.037960139235180344, ""class_weight"": null, ""l1_ratio"": 0.0}"
0,4,83,1,0.8899628466543378,0.9172984182139048,0.023742429271706975,"{""C"": 0.037960139235180344, ""class_weight"": null, ""l1_ratio"": 0.0}"
0,4,84,0,0.7692539874455603,0.7868359668165901,0.0357709545752834,"{""C"": 0.037960139235180344, ""class_weight"": null, ""l1_ratio"": 0.0}"
0,4,85,0,0.37626742035561395,0.35275134843777883,0.049955895566394196,"{""C"": 0.037960139235180344, ""class_weight"": null, ""l1_ratio"": 0.0}"
0,4,88,0,0.8719731919881619,0.8983040331520632,0.030440996563700792,"{""C"": 0.037960139235180344, ""class_weight"": null, ""l1_ratio"": 0.0}"
0,4,95,1,0.7563673550658827,0.7869210257450813,0.04732440773368221,"{""C"": 0.037960139235180344, ""class_weight"": null, ""l1_ratio"": 0.0}"
0,4,98,1,0.7702922970816097,0.7957426750333721,0.04240755770673709,"{""C"": 0.037960139235180344, ""class_weight"": null, ""l1_ratio"": 0.0}"
0,4,103,1,0.8157320575694742,0.8389191053458138,0.06460217862010126,"{""C"": 0.037960139235180344, ""class_weight"": null, ""l1_ratio"": 0.0}"
0,4,110,0,0.31860917624430696,0.29134373316608053,0.05151040548303688,"{""C"": 0.037960139235180344, ""class_weight"": null, ""l1_ratio"": 0.0}"
0,4,111,1,0.6639174227745942,0.6823189192940134,0.027434584746256357,"{""C"": 0.037960139235180344, ""class_weight"": null, ""l1_ratio"": 0.0}"
0,4,117,1,0.7252854979707027,0.7419544161309496,0.06048743378043257,"{""C"": 0.037960139235180344, ""class_weight"": null, ""l1_ratio"": 0.0}"
0,4,137,0,0.19128418673955264,0.16376502274465618,0.024244993496953637,"{""C"": 0.037960139235180344, ""class_weight"": null, ""l1_ratio"": 0.0}"
0,4,147,1,0.7410948532288093,0.7645981868387521,0.1311576909915831,"{""C"": 0.037960139235180344, ""class_weight"": null, ""l1_ratio"": 0.0}"
0,4,148,1,0.5948585534755118,0.6143097210813413,0.03556416736643835,"{""C"": 0.037960139235180344, ""class_weight"": null, ""l1_ratio"": 0.0}"
0,4,156,1,0.7820369128575065,0.8240609459773724,0.0221439718419293,"{""C"": 0.037960139235180344, ""class_weight"": null, ""l1_ratio"": 0.0}"
0,4,167,1,0.5128396615786787,0.5025363124259462,0.07844507186303998,"{""C"": 0.037960139235180344, ""class_weight"": null, ""l1_ratio"": 0.0}"
0,4,177,1,0.7678433121874839,0.7911903807885946,0.03957397910748883,"{""C"": 0.037960139235180344, ""class_weight"": null, ""l1_ratio"": 0.0}"
0,4,180,1,0.4914758234264641,0.49082450435901237,0.05159940133046793,"{""C"": 0.037960139235180344, ""class_weight"": null, ""l1_ratio"": 0.0}"
0,4,190,0,0.609575664203361,0.6225099222954329,0.04382413987604032,"{""C"": 0.037960139235180344, ""class_weight"": null, ""l1_ratio"": 0.0}"
0,4,199,0,0.40722932762064973,0.40012665025377014,0.020428413292202196,"{""C"": 0.037960139235180344, ""class_weight"": null, ""l1_ratio"": 0.0}"
0,4,208,1,0.48873612436587294,0.4824953165498928,0.03961720715591198,"{""C"": 0.037960139235180344, ""class_weight"": null, ""l1_ratio"": 0.0}"
0,4,209,1,0.669399045752251,0.6951905844944752,0.045178815435482196,"{""C"": 0.037960139235180344, ""class_weight"": null, ""l1_ratio"": 0.0}"
0,4,214,0,0.6856612353617102,0.7263981958772614,0.040466484600497774,"{""C"": 0.037960139235180344, ""class_weight"": null, ""l1_ratio"": 0.0}"
0,4,216,0,0.6274263991454323,0.6395721518357596,0.049215255605008466,"{""C"": 0.037960139235180344, ""class_weight"": null, ""l1_ratio"": 0.0}"
0,4,217,0,0.3529750899673523,0.3267367336626105,0.05617570374325408,"{""C"": 0.037960139235180344, ""class_weight"": null, ""l1_ratio"": 0.0}"
0,4,221,1,0.6071067985524292,0.6199383392812962,0.07345454215476882,"{""C"": 0.037960139235180344, ""class_weight"": null, ""l1_ratio"": 0.0}"
0,4,226,1,0.7255848304356979,0.7347732362581577,0.028874755749290222,"{""C"": 0.037960139235180344, ""class_weight"": null, ""l1_ratio"": 0.0}"
0,4,228,1,0.4874704837840798,0.47518675544047895,0.08536452830515742,"{""C"": 0.037960139235180344, ""class_weight"": null, ""l1_ratio"": 0.0}"
0,4,229,1,0.52331035023996,0.527022718952783,0.03973614238775645,"{""C"": 0.037960139235180344, ""class_weight"": null, ""l1_ratio"": 0.0}"
0,4,237,1,0.4761195567818555,0.47531476835120784,0.06190935642944641,"{""C"": 0.037960139235180344, ""class_weight"": null, ""l1_ratio"": 0.0}"
0,4,244,1,0.470906233460104,0.4651333681775469,0.03671699884449067,"{""C"": 0.037960139235180344, ""class_weight"": null, ""l1_ratio"": 0.0}"
0,4,248,1,0.9046132174782535,0.9206057587172403,0.04448771280991975,"{""C"": 0.037960139235180344, ""class_weight"": null, ""l1_ratio"": 0.0}"
0,4,249,1,0.7523192210271633,0.7910995321127539,0.038796223092295606,"{""C"": 0.037960139235180344, ""class_weight"": null, ""l1_ratio"": 0.0}"
0,4,252,1,0.4191187881445166,0.41850319057439406,0.047162315128290846,"{""C"": 0.037960139235180344, ""class_weight"": null, ""l1_ratio"": 0.0}"
0,4,254,0,0.46199622429681164,0.4656374507372984,0.07738688570943467,"{""C"": 0.037960139235180344, ""class_weight"": null, ""l1_ratio"": 0.0}"
0,4,255,0,0.19165044819506,0.16549360752480563,0.04049864496783553,"{""C"": 0.037960139235180344, ""class_weight"": null, ""l1_ratio"": 0.0}"
0,4,258,0,0.24341824723565672,0.2224151156562381,0.04558004650171344,"{""C"": 0.037960139235180344, ""class_weight"": null, ""l1_ratio"": 0.0}"
0,4,259,1,0.4055607735123656,0.38066865441881914,0.06641335374321579,"{""C"": 0.037960139235180344, ""class_weight"": null, ""l1_ratio"": 0.0}"
0,4,265,0,0.5230669590785172,0.5376385238669205,0.04648579796560333,"{""C"": 0.037960139235180344, ""class_weight"": null, ""l1_ratio"": 0.0}"
0,4,268,0,0.3504396493998402,0.3248364328742052,0.03300383719980893,"{""C"": 0.037960139235180344, ""class_weight"": null, ""l1_ratio"": 0.0}"
0,4,274,1,0.9561899779631158,0.9669626701675285,0.026386295640332503,"{""C"": 0.037960139235180344, ""class_weight"": null, ""l1_ratio"": 0.0}"
0,4,284,0,0.5606069273885463,0.5666523879729026,0.052623587289111616,"{""C"": 0.037960139235180344, ""class_weight"": null, ""l1_ratio"": 0.0}"
0,4,288,0,0.3936229706253897,0.38109781174562657,0.03825862095095037,"{""C"": 0.037960139235180344, ""class_weight"": null, ""l1_ratio"": 0.0}"
0,4,293,0,0.30242685725959506,0.2737020483452157,0.0838090079568795,"{""C"": 0.037960139235180344, ""class_weight"": null, ""l1_ratio"": 0.0}"
0,4,296,0,0.18794388630044162,0.15509980905743342,0.0396079032591509,"{""C"": 0.037960139235180344, ""class_weight"": null, ""l1_ratio"": 0.0}"
0,4,299,0,0.24461243395311486,0.22317125760501488,0.07961319020516845,"{""C"": 0.037960139235180344, ""class_weight"": null, ""l1_ratio"": 0.0}"
0,4,300,0,0.269208049201185,0.2311576134896829,0.05781662552621779,"{""C"": 0.037960139235180344, ""class_weight"": null, ""l1_ratio"": 0.0}"
1,0,4,0,0.36982045755288406,0.2386405631384842,0.08166867173995034,"{""C"": 0.01056743840692617, ""class_weight"": null, ""l1_ratio"": 0.0}"
1,0,8,0,0.2051518840428038,0.05912268630716927,0.039975610942663914,"{""C"": 0.01056743840692617, ""class_weight"": null, ""l1_ratio"": 0.0}"
1,0,13,1,0.7226460784194414,0.8616807783242171,0.04215868322352121,"{""C"": 0.01056743840692617, ""class_weight"": null, ""l1_ratio"": 0.0}"
1,0,14,1,0.4905135591619564,0.44925541694163573,0.05934193869817215,"{""C"": 0.01056743840692617, ""class_weight"": null, ""l1_ratio"": 0.0}"
1,0,21,1,0.5482248688384085,0.560575142459667,0.06347673466760316,"{""C"": 0.01056743840692617, ""class_weight"": null, ""l1_ratio"": 0.0}"
1,0,25,1,0.7455826556638339,0.8820568664864405,0.04990319738202627,"{""C"": 0.01056743840692617, ""class_weight"": null, ""l1_ratio"": 0.0}"
1,0,32,1,0.5312923115496027,0.5236131048119358,0.07446824631272785,"{""C"": 0.01056743840692617, ""class_weight"": null, ""l1_ratio"": 0.0}"
1,0,37,1,0.7963338685220706,0.9215313433664019,0.06620097005685407,"{""C"": 0.01056743840692617, ""class_weight"": null, ""l1_ratio"": 0.0}"
1,0,55,1,0.6512950026545541,0.7563527847242296,0.06430114024102966,"{""C"": 0.01056743840692617, ""class_weight"": null, ""l1_ratio"": 0.0}"
1,0,56,1,0.654919292889607,0.765442434147012,0.02090705327421052,"{""C"": 0.01056743840692617, ""class_weight"": null, ""l1_ratio"": 0.0}"
1,0,70,0,0.32903731451523727,0.17383865637990298,0.06514372293055311,"{""C"": 0.01056743840692617, ""class_weight"": null, ""l1_ratio"": 0.0}"
1,0,71,1,0.7315473261727518,0.8704191911333734,0.06174150324924217,"{""C"": 0.01056743840692617, ""class_weight"": null, ""l1_ratio"": 0.0}"
1,0,73,0,0.5959820105859651,0.6657655120645554,0.028583599695871296,"{""C"": 0.01056743840692617, ""class_weight"": null, ""l1_ratio"": 0.0}"
1,0,84,0,0.6354218710253352,0.7277673512869345,0.06635812500855426,"{""C"": 0.01056743840692617, ""class_weight"": null, ""l1_ratio"": 0.0}"
1,0,91,0,0.4567500685721361,0.372911326758544,0.08879455137445916,"{""C"": 0.01056743840692617, ""class_weight"": null, ""l1_ratio"": 0.0}"
1,0,94,1,0.7360237587936825,0.8731322748861057,0.05791069984826063,"{""C"": 0.01056743840692617, ""class_weight"": null, ""l1_ratio"": 0.0}"
1,0,108,0,0.35462242753958817,0.20596895493506368,0.05368368258130992,"{""C"": 0.01056743840692617, ""class_weight"": null, ""l1_ratio"": 0.0}"
1,0,122,0,0.6201446660880069,0.7117853157386593,0.04048133372421058,"{""C"": 0.01056743840692617, ""class_weight"": null, ""l1_ratio"": 0.0}"
1,0,127,1,0.6718073103273849,0.7855430316889997,0.053179944388346216,"{""C"": 0.01056743840692617, ""class_weight"": null, ""l1_ratio"": 0.0}"
1,0,130,0,0.37330707180646616,0.23243747111221746,0.06512144915765662,"{""C"": 0.01056743840692617, ""class_weight"": null, ""l1_ratio"": 0.0}"
1,0,131,1,0.6867069961438549,0.8105247419309058,0.03792311549444918,"{""C"": 0.01056743840692617, ""class_weight"": null, ""l1_ratio"": 0.0}"
1,0,132,1,0.6889257593281554,0.8096349913413384,0.06422165587972502,"{""C"": 0.01056743840692617, ""class_weight"": null, ""l1_ratio"": 0.0}"
1,0,133,0,0.43779918063670015,0.34193086539821044,0.05233829079962283,"{""C"": 0.01056743840692617, ""class_weight"": null, ""l1_ratio"": 0.0}"
1,0,138,1,0.6750161424934972,0.7947333542310764,0.04328127123154123,"{""C"": 0.01056743840692617, ""class_weight"": null, ""l1_ratio"": 0.0}"
1,0,140,1,0.6442493731566162,0.7514341112998475,0.05758284845552771,"{""C"": 0.01056743840692617, ""class_weight"": null, ""l1_ratio"": 0.0}"
1,0,142,1,0.42062466811619514,0.3238908456856172,0.07246577936932197,"{""C"": 0.01056743840692617, ""class_weight"": null, ""l1_ratio"": 0.0}"
1,0,145,0,0.6531960866407817,0.7719473316039083,0.06631845679760319,"{""C"": 0.01056743840692617, ""class_weight"": null, ""l1_ratio"": 0.0}"
1,0,146,1,0.8703768077213724,0.9712564351486692,0.024995494785759985,"{""C"": 0.01056743840692617, ""class_weight"": null, ""l1_ratio"": 0.0}"
1,0,152,1,0.506953215089271,0.47610219389577535,0.04960401466076068,"{""C"": 0.01056743840692617, ""class_weight"": null, ""l1_ratio"": 0.0}"
1,0,162,1,0.6599914617037783,0.7776717394478333,0.08126748069924933,"{""C"": 0.01056743840692617, ""class_weight"": null, ""l1_ratio"": 0.0}"
1,0,166,0,0.3574352610785257,0.21926442023724393,0.08803037701915173,"{""C"": 0.01056743840692617, ""class_weight"": null, ""l1_ratio"": 0.0}"
1,0,171,1,0.6487794831183668,0.7371109670011897,0.07505269976127611,"{""C"": 0.01056743840692617, ""class_weight"": null, ""l1_ratio"": 0.0}"
1,0,176,1,0.4169555520848519,0.30564017558396533,0.061845972028857034,"{""C"": 0.01056743840692617, ""class_weight"": null, ""l1_ratio"": 0.0}"
1,0,179,0,0.4563447180106261,0.3834188315870647,0.031173766085788417,"{""C"": 0.01056743840692617, ""class_weight"": null, ""l1_ratio"": 0.0}"
1,0,180,1,0.45995241397087694,0.39582425988491077,0.03817043410702776,"{""C"": 0.01056743840692617, ""class_weight"": null, ""l1_ratio"": 0.0}"
1,0,194,0,0.355513510301144,0.21961319082046926,0.06247456521117034,"{""C"": 0.01056743840692617, ""class_weight"": null, ""l1_ratio"": 0.0}"
1,0,200,1,0.5288520021671289,0.5327698288418079,0.02748642186754874,"{""C"": 0.01056743840692617, ""class_weight"": null, ""l1_ratio"": 0.0}"
1,0,202,1,0.7596070293358611,0.8942699141947787,0.046976064329814916,"{""C"": 0.01056743840692617, ""class_weight"": null, ""l1_ratio"": 0.0}"
1,0,203,0,0.3605035759497926,0.22010039145449495,0.04937758400841972,"{""C"": 0.01056743840692617, ""class_weight"": null, ""l1_ratio"": 0.0}"
1,0,212,0,0.2632476490626559,0.10231968286241946,0.04715559266346651,"{""C"": 0.01056743840692617, ""class_weight"": null, ""l1_ratio"": 0.0}"
1,0,220,1,0.7026939422508505,0.8382350403553097,0.07868918051265356,"{""C"": 0.01056743840692617, ""class_weight"": null, ""l1_ratio"": 0.0}"
1,0,224,1,0.6605328471594853,0.7737847111349209,0.03881686692820913,"{""C"": 0.01056743840692617, ""class_weight"": null, ""l1_ratio"": 0.0}"
1,0,225,0,0.5341266986691258,0.5242365213570712,0.04808864919099252,"{""C"": 0.01056743840692617, ""class_weight"": null, ""l1_ratio"": 0.0}"
1,0,228,1,0.5123860561170007,0.48334384873604136,0.05596351892603653,"{""C"": 0.01056743840692617, ""class_weight"": null, ""l1_ratio"": 0.0}"
1,0,230,1,0.817633414415572,0.9373462869265902,0.05692173133092394,"{""C"": 0.01056743840692617, ""class_weight"": null, ""l1_ratio"": 0.0}"
1,0,232,1,0.601289947692926,0.675640471366499,0.03889551424343011,"{""C"": 0.01056743840692617, ""class_weight"": null, ""l1_ratio"": 0.0}"
1,0,238,1,0.3460384980607003,0.19076976106493132,0.048785563168905775,"{""C"": 0.01056743840692617, ""class_weight"": null, ""l1_ratio"": 0.0}"
1,0,240,1,0.7647455940851252,0.9026103556179439,0.04773382328594307,"{""C"": 0.01056743840692617, ""class_weight"": null, ""l1_ratio"": 0.0}"
1,0,244,1,0.46518059224309494,0.3973361560742287,0.057687777001907393,"{""C"": 0.01056743840692617, ""class_weight"": null, ""l1_ratio"": 0.0}"
1,0,245,1,0.5543872669950816,0.5697241770710189,0.054118056515105546,"{""C"": 0.01056743840692617, ""class_weight"": null, ""l1_ratio"": 0.0}"
1,0,251,1,0.45873567907267593,0.3988744377993589,0.052577824998071565,"{""C"": 0.01056743840692617, ""class_weight"": null, ""l1_ratio"": 0.0}"
1,0,270,0,0.31957202105410343,0.16759680333730384,0.04637943696120869,"{""C"": 0.01056743840692617, ""class_weight"": null, ""l1_ratio"": 0.0}"
1,0,275,1,0.5927161174370826,0.6623991632621811,0.06973133781863754,"{""C"": 0.01056743840692617, ""class_weight"": null, ""l1_ratio"": 0.0}"
1,0,281,1,0.6095965726387793,0.6856193576758718,0.06996986914610387,"{""C"": 0.01056743840692617, ""class_weight"": null, ""l1_ratio"": 0.0}"
1,0,282,0,0.5603333348096319,0.5859016690745421,0.04163977449855617,"{""C"": 0.01056743840692617, ""class_weight"": null, ""l1_ratio"": 0.0}"
1,0,284,0,0.5209374684387885,0.505452005339383,0.05306978248282774,"{""C"": 0.01056743840692617, ""class_weight"": null, ""l1_ratio"": 0.0}"
1,0,285,0,0.4020592414497993,0.28651211242653096,0.06907061698114328,"{""C"": 0.01056743840692617, ""class_weight"": null, ""l1_ratio"": 0.0}"
1,0,286,0,0.41734374640730415,0.30107989301650695,0.07178018891921607,"{""C"": 0.01056743840692617, ""class_weight"": null, ""l1_ratio"": 0.0}"
1,0,289,0,0.4143504661942384,0.30182407571624215,0.05108760344828001,"{""C"": 0.01056743840692617, ""class_weight"": null, ""l1_ratio"": 0.0}"
1,0,292,0,0.4469546244760724,0.3559990536266703,0.08364368161825415,"{""C"": 0.01056743840692617, ""class_weight"": null, ""l1_ratio"": 0.0}"
1,0,293,0,0.4096194445937134,0.28662880680414043,0.05876843663016022,"{""C"": 0.01056743840692617, ""class_weight"": null, ""l1_ratio"": 0.0}"
1,1,5,1,0.544983340370601,0.5456364435717719,0.059751928584926756,"{""C"": 0.1559263904157457, ""class_weight"": null, ""l1_ratio"": 1.0}"
1,1,16,0,0.22817781108966578,0.16436800277372338,0.06421200040109955,"{""C"": 0.1559263904157457, ""class_weight"": null, ""l1_ratio"": 1.0}"
1,1,18,1,0.7172667129040011,0.7382849760326294,0.01741912855779243,"{""C"": 0.1559263904157457, ""class_weight"": null, ""l1_ratio"": 1.0}"
1,1,19,0,0.8755420689212796,0.9050130739251214,0.044990316758738956,"{""C"": 0.1559263904157457, ""class_weight"": null, ""l1_ratio"": 1.0}"
1,1,29,0,0.8039493540649973,0.8303380110111384,0.06160621085442897,"{""C"": 0.1559263904157457, ""class_weight"": null, ""l1_ratio"": 1.0}"
1,1,31,0,0.8836497266483888,0.8976654888459923,0.06146748965893397,"{""C"": 0.1559263904157457, ""class_weight"": null, ""l1_ratio"": 1.0}"
1,1,44,0,0.5374008740550378,0.5209659640370918,0.07760476794908726,"{""C"": 0.1559263904157457, ""class_weight"": null, ""l1_ratio"": 1.0}"
1,1,45,1,0.9701067810587857,0.9694495129105503,0.035355245103538234,"{""C"": 0.1559263904157457, ""class_weight"": null, ""l1_ratio"": 1.0}"
1,1,51,1,0.6699653890622495,0.675474557316117,0.06280966908836273,"{""C"": 0.1559263904157457, ""class_weight"": null, ""l1_ratio"": 1.0}"
1,1,59,1,0.8782358077763252,0.8859082911335886,0.09813140757115364,"{""C"": 0.1559263904157457, ""class_weight"": null, ""l1_ratio"": 1.0}"
1,1,65,0,0.5801337113760261,0.6049229835724317,0.06253854161578269,"{""C"": 0.1559263904157457, ""class_weight"": null, ""l1_ratio"": 1.0}"
1,1,66,1,0.9330179665650691,0.9429093383087347,0.054633017911120935,"{""C"": 0.1559263904157457, ""class_weight"": null, ""l1_ratio"": 1.0}"
1,1,72,1,0.620406105191675,0.6471384346318445,0.06158760518464172,"{""C"": 0.1559263904157457, ""class_weight"": null, ""l1_ratio"": 1.0}"
1,1,74,1,0.9744360775864572,0.9774589988352675,0.02240957334506381,"{""C"": 0.1559263904157457, ""class_weight"": null, ""l1_ratio"": 1.0}"
1,1,78,1,0.9199145407608353,0.9338476081539631,0.05495133470499889,"{""C"": 0.1559263904157457, ""class_weight"": null, ""l1_ratio"": 1.0}"
1,1,83,1,0.8659701597335306,0.8830230823930061,0.07139857450570258,"{""C"": 0.1559263904157457, ""class_weight"": null, ""l1_ratio"": 1.0}"
1,1,90,0,0.6135733021861934,0.6272506038445783,0.04795786544568453,"{""C"": 0.1559263904157457, ""class_weight"": null, ""l1_ratio"": 1.0}"
1,1,96,1,0.8633622251689801,0.8861570604381956,0.06934840490356459,"{""C"": 0.1559263904157457, ""class_weight"": null, ""l1_ratio"": 1.0}"
1,1,98,1,0.9140309893378902,0.9312881938282775,0.054902384997263534,"{""C"": 0.1559263904157457, ""class_weight"": null, ""l1_ratio"": 1.0}"
1,1,102,0,0.2598552780176248,0.1978184702868127,0.09431673931555132,"{""C"": 0.1559263904157457, ""class_weight"": null, ""l1_ratio"": 1.0}"
1,1,106,1,0.7491386292778832,0.7836183212863329,0.08281033602236214,"{""C"": 0.1559263904157457, ""class_weight"": null, ""l1_ratio"": 1.0}"
1,1,117,1,0.7137883433028055,0.7612420389144818,0.06585363930206219,"{""C"": 0.1559263904157457, ""class_weight"": null, ""l1_ratio"": 1.0}"
1,1,124,1,0.7312627960381007,0.6829468770102911,0.13536762315533754,"{""C"": 0.1559263904157457, ""class_weight"": null, ""l1_ratio"": 1.0}"
1,1,135,1,0.6338238467905556,0.6679339235941866,0.0773912945152397,"{""C"": 0.1559263904157457, ""class_weight"": null, ""l1_ratio"": 1.0}"
1,1,136,0,0.2505228267660402,0.19636105857699732,0.06592440527020874,"{""C"": 0.1559263904157457, ""class_weight"": null, ""l1_ratio"": 1.0}"
1,1,137,0,0.23023595719272774,0.1695557654841478,0.08128574798970305,"{""C"": 0.1559263904157457, ""class_weight"": null, ""l1_ratio"": 1.0}"
1,1,139,1,0.8837634053805724,0.9093117509641317,0.06150722436205097,"{""C"": 0.1559263904157457, ""class_weight"": null, ""l1_ratio"": 1.0}"
1,1,141,1,0.891231141798917,0.9053604957450313,0.07466408638570993,"{""C"": 0.1559263904157457, ""class_weight"": null, ""l1_ratio"": 1.0}"
1,1,144,1,0.69613789761955,0.7042620483700193,0.10415613265478375,"{""C"": 0.1559263904157457, ""class_weight"": null, ""l1_ratio"": 1.0}"
1,1,149,1,0.7449761412280633,0.7913853089767362,0.07447522316036961,"{""C"": 0.1559263904157457, ""class_weight"": null, ""l1_ratio"": 1.0}"
1,1,155,1,0.7788170851900874,0.8237670406129679,0.0765668276913556,"{""C"": 0.1559263904157457, ""class_weight"": null, ""l1_ratio"": 1.0}"
1,1,157,1,0.5376725225707712,0.525490872544291,0.06357879031207164,"{""C"": 0.1559263904157457, ""class_weight"": null, ""l1_ratio"": 1.0}"
1,1,158,0,0.726613404540726,0.7370451707629442,0.10235418888920347,"{""C"": 0.1559263904157457, ""class_weight"": null, ""l1_ratio"": 1.0}"
1,1,161,1,0.8359254349415177,0.8769855769807513,0.05903749374377061,"{""C"": 0.1559263904157457, ""class_weight"": null, ""l1_ratio"": 1.0}"
1,1,170,0,0.2373009482729309,0.1810714649422614,0.10524055178968382,"{""C"": 0.1559263904157457, ""class_weight"": null, ""l1_ratio"": 1.0}"
1,1,174,1,0.978788167266353,0.9810406134510373,0.01900662641905525,"{""C"": 0.1559263904157457, ""class_weight"": null, ""l1_ratio"": 1.0}"
1,1,178,1,0.6621108825025913,0.683881450469833,0.07286794533991138,"{""C"": 0.1559263904157457, ""class_weight"": null, ""l1_ratio"": 1.0}"
1,1,185,0,0.6010467995520441,0.5976780081964339,0.11043327096811376,"{""C"": 0.1559263904157457, ""class_weight"": null, ""l1_ratio"": 1.0}"
1,1,189,1,0.7310788619982496,0.7670224818643683,0.07099691187236448,"{""C"": 0.1559263904157457, ""class_weight"": null, ""l1_ratio"": 1.0}"
1,1,191,1,0.781991072852814,0.8136544038275169,0.10010348686073146,"{""C"": 0.1559263904157457, ""class_weight"": null, ""l1_ratio"": 1.0}"
1,1,195,0,0.6983940263534525,0.7320718344347734,0.0602328131326905,"{""C"": 0.1559263904157457, ""class_weight"": null, ""l1_ratio"": 1.0}"
1,1,207,1,0.6046614887647523,0.6098127980795848,0.055318627492063246,"{""C"": 0.1559263904157457, ""class_weight"": null, ""l1_ratio"": 1.0}"
1,1,210,0,0.21527426686453305,0.14512352774903614,0.06580199818524686,"{""C"": 0.1559263904157457, ""class_weight"": null, ""l1_ratio"": 1.0}"
1,1,217,0,0.24173716180000498,0.1989422127825365,0.07962422508749749,"{""C"": 0.1559263904157457, ""class_weight"": null, ""l1_ratio"": 1.0}"
1,1,221,1,0.3672020171149425,0.3362337203271921,0.1032752815241644,"{""C"": 0.1559263904157457, ""class_weight"": null, ""l1_ratio"": 1.0}"
1,1,227,1,0.6109239954942478,0.6167201865448234,0.053707653368440404,"{""C"": 0.1559263904157457, ""class_weight"": null, ""l1_ratio"": 1.0}"
1,1,229,1,0.820275361218035,0.8391478372386285,0.056333697221855966,"{""C"": 0.1559263904157457, ""class_weight"": null, ""l1_ratio"": 1.0}"
1,1,231,0,0.8926415124186443,0.9143341946286595,0.048296037220161674,"{""C"": 0.1559263904157457, ""class_weight"": null, ""l1_ratio"": 1.0}"
1,1,233,0,0.3996535558076912,0.3404590290673509,0.0541090901518995,"{""C"": 0.1559263904157457, ""class_weight"": null, ""l1_ratio"": 1.0}"
1,1,236,1,0.41530293528701184,0.3604769519080829,0.09043792750686147,"{""C"": 0.1559263904157457, ""class_weight"": null, ""l1_ratio"": 1.0}"
1,1,246,1,0.904747905880577,0.9209095866742963,0.030284594455552698,"{""C"": 0.1559263904157457, ""class_weight"": null, ""l1_ratio"": 1.0}"
1,1,247,0,0.20924194459025167,0.17006435622265406,0.07563130438233942,"{""C"": 0.1559263904157457, ""class_weight"": null, ""l1_ratio"": 1.0}"
1,1,249,1,0.70357030450198,0.7271380026426433,0.09597121535692309,"{""C"": 0.1559263904157457, ""class_weight"": null, ""l1_ratio"": 1.0}"
1,1,258,0,0.2862928471846732,0.22361349300100586,0.07363852435239246,"{""C"": 0.1559263904157457, ""class_weight"": null, ""l1_ratio"": 1.0}"
1,1,265,0,0.6414424562117691,0.6508298106256785,0.047709721136936854,"{""C"": 0.1559263904157457, ""class_weight"": null, ""l1_ratio"": 1.0}"
1,1,266,0,0.6607233541731706,0.676025625581182,0.052450045578804144,"{""C"": 0.1559263904157457, ""class_weight"": null, ""l1_ratio"": 1.0}"
1,1,268,0,0.4459797911087954,0.42187018339724636,0.07294096348994096,"{""C"": 0.1559263904157457, ""class_weight"": null, ""l1_ratio"": 1.0}"
1,1,274,1,0.9620019185554961,0.9679432267673436,0.028375281003624752,"{""C"": 0.1559263904157457, ""class_weight"": null, ""l1_ratio"": 1.0}"
1,1,279,0,0.5809091770586416,0.5708491589794036,0.06746936531696832,"{""C"": 0.1559263904157457, ""class_weight"": null, ""l1_ratio"": 1.0}"
1,1,294,1,0.49461474553672885,0.44733993375624104,0.07488693048210576,"{""C"": 0.1559263904157457, ""class_weight"": null, ""l1_ratio"": 1.0}"
1,1,297,0,0.17791395909829763,0.1328179323344668,0.07217542708945533,"{""C"": 0.1559263904157457, ""class_weight"": null, ""l1_ratio"": 1.0}"
1,2,0,1,0.4105548167347078,0.2649420477779006,0.08405591424210464,"{""C"": 0.058728800614086495, ""class_weight"": null, ""l1_ratio"": 1.0}"
1,2,6,1,0.8173506115053567,0.9383592289798134,0.0543957995940354,"{""C"": 0.058728800614086495, ""class_weight"": null, ""l1_ratio"": 1.0}"
1,2,12,1,0.8564427703719681,0.954188415951989,0.05490028873809132,"{""C"": 0.058728800614086495, ""class_weight"": null, ""l1_ratio"": 1.0}"
1,2,23,1,0.6911427294882295,0.8258178375856999,0.07312119161257917,"{""C"": 0.058728800614086495, ""class_weight"": null, ""l1_ratio"": 1.0}"
1,2,24,1,0.5317838221767275,0.5403982049049775,0.04526380918615345,"{""C"": 0.058728800614086495, ""class_weight"": null, ""l1_ratio"": 1.0}"
1,2,28,1,0.9022303995384554,0.9792526017687754,0.02501071025023585,"{""C"": 0.058728800614086495, ""class_weight"": null, ""l1_ratio"": 1.0}"
1,2,30,1,0.6146339065712269,0.707040255609496,0.058934686595224973,"{""C"": 0.058728800614086495, ""class_weight"": null, ""l1_ratio"": 1.0}"
1,2,33,1,0.6855553527574771,0.8085539252172499,0.08401088561572151,"{""C"": 0.058728800614086495, ""class_weight"": null, ""l1_ratio"": 1.0}"
1,2,34,1,0.8217995004381435,0.9288994707757714,0.08002579999497991,"{""C"": 0.058728800614086495, ""class_weight"": null, ""l1_ratio"": 1.0}"
1,2,35,0,0.3315049165755472,0.1621465524413594,0.1054950078167192,"{""C"": 0.058728800614086495, ""class_weight"": null, ""l1_ratio"": 1.0}"
1,2,39,1,0.8481395560021335,0.9502582715163767,0.06225489680816103,"{""C"": 0.058728800614086495, ""class_weight"": null, ""l1_ratio"": 1.0}"
1,2,40,1,0.8726355378198403,0.962757961477456,0.04611034620206011,"{""C"": 0.058728800614086495, ""class_weight"": null, ""l1_ratio"": 1.0}"
1,2,43,1,0.5806834726843759,0.6326995338731005,0.11270517587775424,"{""C"": 0.058728800614086495, ""class_weight"": null, ""l1_ratio"": 1.0}"
1,2,46,1,0.6106309553275435,0.704878361131348,0.08217124367714174,"{""C"": 0.058728800614086495, ""class_weight"": null, ""l1_ratio"": 1.0}"
1,2,50,0,0.5712477051243026,0.6101485690795754,0.11219102869528398,"{""C"": 0.058728800614086495, ""class_weight"": null, ""l1_ratio"": 1.0}"
1,2,52,1,0.8958004350450754,0.9768723301747944,0.031333004006849983,"{""C"": 0.058728800614086495, ""class_weight"": null, ""l1_ratio"": 1.0}"
1,2,53,0,0.4857481511884103,0.3969234371932254,0.12775005147060858,"{""C"": 0.058728800614086495, ""class_weight"": null, ""l1_ratio"": 1.0}"
1,2,54,0,0.5440286241028202,0.5508239255072797,0.1365309059787291,"{""C"": 0.058728800614086495, ""class_weight"": null, ""l1_ratio"": 1.0}"
1,2,57,1,0.7932117196944856,0.9259497316771084,0.05581521377360008,"{""C"": 0.058728800614086495, ""class_weight"": null, ""l1_ratio"": 1.0}"
1,2,64,0,0.43425788274895394,0.30240900345828275,0.0780433057374469,"{""C"": 0.058728800614086495, ""class_weight"": null, ""l1_ratio"": 1.0}"
1,2,68,0,0.3607961214283557,0.19668720381399846,0.09400242436055557,"{""C"": 0.058728800614086495, ""class_weight"": null, ""l1_ratio"": 1.0}"
1,2,77,0,0.5594511585539008,0.5803687881731896,0.11064756036073595,"{""C"": 0.058728800614086495, ""class_weight"": null, ""l1_ratio"": 1.0}"
1,2,86,1,0.6978293855738954,0.8313126667175716,0.07884720444062873,"{""C"": 0.058728800614086495, ""class_weight"": null, ""l1_ratio"": 1.0}"
1,2,93,1,0.6644384459716685,0.7964691707634997,0.07980557545126117,"{""C"": 0.058728800614086495, ""class_weight"": null, ""l1_ratio"": 1.0}"
1,2,95,1,0.6881647223299417,0.8236569736076484,0.07065375046476471,"{""C"": 0.058728800614086495, ""class_weight"": null, ""l1_ratio"": 1.0}"
1,2,97,1,0.7525578117751616,0.8869747704095297,0.07197081820488078,"{""C"": 0.058728800614086495, ""class_weight"": null, ""l1_ratio"": 1.0}"
1,2,99,1,0.6902553936301729,0.8349186624927611,0.10685751580157671,"{""C"": 0.058728800614086495, ""class_weight"": null, ""l1_ratio"": 1.0}"
1,2,100,1,0.6359618358222031,0.7340559566376401,0.13340231481243092,"{""C"": 0.058728800614086495, ""class_weight"": null, ""l1_ratio"": 1.0}"
1,2,103,1,0.7704855276846353,0.9085094931373845,0.07047517665925167,"{""C"": 0.058728800614086495, ""class_weight"": null, ""l1_ratio"": 1.0}"
1,2,104,0,0.4823679776819438,0.4014921067050864,0.12088214737483385,"{""C"": 0.058728800614086495, ""class_weight"": null, ""l1_ratio"": 1.0}"
1,2,105,1,0.5698912910395422,0.6195221856344816,0.04232384979049882,"{""C"": 0.058728800614086495, ""class_weight"": null, ""l1_ratio"": 1.0}"
1,2,111,1,0.7464980547611626,0.8856050107418294,0.07308672836070994,"{""C"": 0.058728800614086495, ""class_weight"": null, ""l1_ratio"": 1.0}"
1,2,112,0,0.61451141920714,0.7002588829480554,0.05812534418414126,"{""C"": 0.058728800614086495, ""class_weight"": null, ""l1_ratio"": 1.0}"
1,2,114,1,0.9224283213506739,0.974753072073017,0.04231578156000703,"{""C"": 0.058728800614086495, ""class_weight"": null, ""l1_ratio"": 1.0}"
1,2,118,1,0.5789245359740955,0.632717565181688,0.06183165182139225,"{""C"": 0.058728800614086495, ""class_weight"": null, ""l1_ratio"": 1.0}"
1,2,121,0,0.5438855779276861,0.5328390472551885,0.09550008285541046,"{""C"": 0.058728800614086495, ""class_weight"": null, ""l1_ratio"": 1.0}"
1,2,128,1,0.6910160130485437,0.817727848004081,0.0930911824768531,"{""C"": 0.058728800614086495, ""class_weight"": null, ""l1_ratio"": 1.0}"
1,2,150,0,0.435586750054155,0.33254079885176296,0.10585966876074739,"{""C"": 0.058728800614086495, ""class_weight"": null, ""l1_ratio"": 1.0}"
1,2,153,0,0.44943960351184875,0.334721780689745,0.09736041773191657,"{""C"": 0.058728800614086495, ""class_weight"": null, ""l1_ratio"": 1.0}"
1,2,167,1,0.5527030204751999,0.5668033214625201,0.04756361839978251,"{""C"": 0.058728800614086495, ""class_weight"": null, ""l1_ratio"": 1.0}"
1,2,168,0,0.37216803478378363,0.21260982229012199,0.11543756473053228,"{""C"": 0.058728800614086495, ""class_weight"": null, ""l1_ratio"": 1.0}"
1,2,175,0,0.5361031321656833,0.5271832819484104,0.039469121551066216,"{""C"": 0.058728800614086495, ""class_weight"": null, ""l1_ratio"": 1.0}"
1,2,177,1,0.7154351981005658,0.8570202243932832,0.0790428568206814,"{""C"": 0.058728800614086495, ""class_weight"": null, ""l1_ratio"": 1.0}"
1,2,183,0,0.6141181763538036,0.6992088524884893,0.06906060773730599,"{""C"": 0.058728800614086495, ""class_weight"": null, ""l1_ratio"": 1.0}"
1,2,186,0,0.7522494138423708,0.8598474562303927,0.11463102171852649,"{""C"": 0.058728800614086495, ""class_weight"": null, ""l1_ratio"": 1.0}"
1,2,187,1,0.693417549123503,0.8277262538305805,0.08836239774618872,"{""C"": 0.058728800614086495, ""class_weight"": null, ""l1_ratio"": 1.0}"
1,2,193,0,0.48197379485460173,0.41298445693341135,0.06974188552934571,"{""C"": 0.058728800614086495, ""class_weight"": null, ""l1_ratio"": 1.0}"
1,2,198,1,0.6671452640927031,0.7937898565118948,0.0854169539246845,"{""C"": 0.058728800614086495, ""class_weight"": null, ""l1_ratio"": 1.0}"
1,2,201,0,0.5141074655190785,0.5201269316073123,0.1844670665378066,"{""C"": 0.058728800614086495, ""class_weight"": null, ""l1_ratio"": 1.0}"
1,2,211,1,0.6038790423847574,0.6683804493104939,0.1369675934022395,"{""C"": 0.058728800614086495, ""class_weight"": null, ""l1_ratio"": 1.0}"
1,2,219,1,0.34040438955868196,0.17290724983191236,0.10809880257508973,"{""C"": 0.058728800614086495, ""class_weight"": null, ""l1_ratio"": 1.0}"
1,2,223,1,0.4666195328196775,0.3845832257657008,0.07812596678310575,"{""C"": 0.058728800614086495, ""class_weight"": null, ""l1_ratio"": 1.0}"
1,2,239,1,0.7616050488573437,0.8986185516405347,0.08658681906592504,"{""C"": 0.058728800614086495, ""class_weight"": null, ""l1_ratio"": 1.0}"
1,2,243,0,0.6789065640868284,0.8121539741728544,0.07419623276365178,"{""C"": 0.058728800614086495, ""class_weight"": null, ""l1_ratio"": 1.0}"
1,2,255,0,0.2973445856683366,0.1264403415392656,0.09621486900152484,"{""C"": 0.058728800614086495, ""class_weight"": null, ""l1_ratio"": 1.0}"
1,2,256,0,0.41740365408692065,0.29196649767157556,0.06909189752661826,"{""C"": 0.058728800614086495, ""class_weight"": null, ""l1_ratio"": 1.0}"
1,2,261,0,0.3587708842954944,0.19342129112315343,0.11129187108128882,"{""C"": 0.058728800614086495, ""class_weight"": null, ""l1_ratio"": 1.0}"
1,2,263,0,0.39605125855189416,0.23870857991014605,0.12560216414839487,"{""C"": 0.058728800614086495, ""class_weight"": null, ""l1_ratio"": 1.0}"
1,2,291,0,0.46154090911458395,0.35987736384896063,0.08738358372151232,"{""C"": 0.058728800614086495, ""class_weight"": null, ""l1_ratio"": 1.0}"
1,2,296,0,0.3246490489126747,0.15390641764953145,0.09340719707673986,"{""C"": 0.058728800614086495, ""class_weight"": null, ""l1_ratio"": 1.0}"
1,2,300,0,0.3490807270707411,0.18199294996100623,0.10875537377542076,"{""C"": 0.058728800614086495, ""class_weight"": null, ""l1_ratio"": 1.0}"
1,3,1,1,0.9974481530480569,0.9792400937619871,0.02877772875616782,"{""C"": 0.4992203303016879, ""class_weight"": null, ""l1_ratio"": 1.0}"
1,3,2,1,0.9469613786134213,0.8947304796172795,0.059844775555975414,"{""C"": 0.4992203303016879, ""class_weight"": null, ""l1_ratio"": 1.0}"
1,3,9,0,0.9523080404505422,0.8972606524741895,0.061064399566579906,"{""C"": 0.4992203303016879, ""class_weight"": null, ""l1_ratio"": 1.0}"
1,3,10,1,0.5492008425502624,0.5568458839986618,0.056891740704089165,"{""C"": 0.4992203303016879, ""class_weight"": null, ""l1_ratio"": 1.0}"
1,3,20,0,0.164720703209346,0.23185025491179126,0.06854376133537328,"{""C"": 0.4992203303016879, ""class_weight"": null, ""l1_ratio"": 1.0}"
1,3,22,1,0.9764055613995969,0.9277494481543149,0.07647684226998819,"{""C"": 0.4992203303016879, ""class_weight"": null, ""l1_ratio"": 1.0}"
1,3,26,0,0.28731350449076287,0.3486297730699467,0.0763281866609829,"{""C"": 0.4992203303016879, ""class_weight"": null, ""l1_ratio"": 1.0}"
1,3,27,0,0.25580380738290887,0.31427539847154684,0.04034915230048749,"{""C"": 0.4992203303016879, ""class_weight"": null, ""l1_ratio"": 1.0}"
1,3,41,0,0.155709102192726,0.21838301321546005,0.06041776778850693,"{""C"": 0.4992203303016879, ""class_weight"": null, ""l1_ratio"": 1.0}"
1,3,47,1,0.9412894301861012,0.8861780833377942,0.0633445179851422,"{""C"": 0.4992203303016879, ""class_weight"": null, ""l1_ratio"": 1.0}"
1,3,49,0,0.29461612917794383,0.335318522482245,0.07016812020473318,"{""C"": 0.4992203303016879, ""class_weight"": null, ""l1_ratio"": 1.0}"
1,3,58,1,0.36566455693121486,0.39984479594395295,0.049199182464158255,"{""C"": 0.4992203303016879, ""class_weight"": null, ""l1_ratio"": 1.0}"
1,3,61,1,0.3688155047706966,0.3908385199913941,0.1071299986100757,"{""C"": 0.4992203303016879, ""class_weight"": null, ""l1_ratio"": 1.0}"
1,3,62,1,0.05421382415368725,0.10996744614073059,0.05854974128608332,"{""C"": 0.4992203303016879, ""class_weight"": null, ""l1_ratio"": 1.0}"
1,3,69,1,0.8356208263503437,0.7778471726994175,0.07653403224825109,"{""C"": 0.4992203303016879, ""class_weight"": null, ""l1_ratio"": 1.0}"
1,3,75,1,0.12781356090121596,0.2034906197123941,0.10611592899085424,"{""C"": 0.4992203303016879, ""class_weight"": null, ""l1_ratio"": 1.0}"
1,3,81,1,0.9981627989636409,0.980137495078278,0.029902588924974095,"{""C"": 0.4992203303016879, ""class_weight"": null, ""l1_ratio"": 1.0}"
1,3,85,0,0.5610291103098948,0.5338329551827546,0.06594471821689725,"{""C"": 0.4992203303016879, ""class_weight"": null, ""l1_ratio"": 1.0}"
1,3,89,1,0.9214277434276552,0.8672510021801341,0.05917458360782357,"{""C"": 0.4992203303016879, ""class_weight"": null, ""l1_ratio"": 1.0}"
1,3,101,1,0.9607292489432355,0.9132803807835416,0.06776432638424484,"{""C"": 0.4992203303016879, ""class_weight"": null, ""l1_ratio"": 1.0}"
1,3,110,0,0.15740277089394963,0.2251327834994256,0.06754801086756695,"{""C"": 0.4992203303016879, ""class_weight"": null, ""l1_ratio"": 1.0}"
1,3,113,0,0.13423392690658137,0.19437165465110065,0.07790872721086718,"{""C"": 0.4992203303016879, ""class_weight"": null, ""l1_ratio"": 1.0}"
1,3,119,1,0.7797690730442283,0.7506027459772954,0.07579568643589249,"{""C"": 0.4992203303016879, ""class_weight"": null, ""l1_ratio"": 1.0}"
1,3,125,1,0.730771318508184,0.6784093582270632,0.03767266408548629,"{""C"": 0.4992203303016879, ""class_weight"": null, ""l1_ratio"": 1.0}"
1,3,126,1,0.8563386867288485,0.8073310111122431,0.08433423858624726,"{""C"": 0.4992203303016879, ""class_weight"": null, ""l1_ratio"": 1.0}"
1,3,143,0,0.04620400566191803,0.10381021719736819,0.07854758137657586,"{""C"": 0.4992203303016879, ""class_weight"": null, ""l1_ratio"": 1.0}"
1,3,148,1,0.5879839486368414,0.5625077338613267,0.054688784447992835,"{""C"": 0.4992203303016879, ""class_weight"": null, ""l1_ratio"": 1.0}"
1,3,151,0,0.33490367631411455,0.3750158852580633,0.07406749338067792,"{""C"": 0.4992203303016879, ""class_weight"": null, ""l1_ratio"": 1.0}"
1,3,154,0,0.771652971859336,0.7288127118894436,0.08717890670837945,"{""C"": 0.4992203303016879, ""class_weight"": null, ""l1_ratio"": 1.0}"
1,3,160,0,0.6994764196435761,0.6668991936781656,0.03173829579288097,"{""C"": 0.4992203303016879, ""class_weight"": null, ""l1_ratio"": 1.0}"
1,3,164,1,0.9544837126496848,0.909989917686336,0.07298636630109631,"{""C"": 0.4992203303016879, ""class_weight"": null, ""l1_ratio"": 1.0}"
1,3,172,1,0.4013818610608708,0.4670543207655725,0.06787128802271877,"{""C"": 0.4992203303016879, ""class_weight"": null, ""l1_ratio"": 1.0}"
1,3,181,1,0.9375362586442221,0.8771918772257182,0.07692379302361109,"{""C"": 0.4992203303016879, ""class_weight"": null, ""l1_ratio"": 1.0}"
1,3,184,1,0.7461042722671869,0.7280413158410299,0.1122641283974897,"{""C"": 0.4992203303016879, ""class_weight"": null, ""l1_ratio"": 1.0}"
1,3,188,1,0.3639826808775689,0.407632418877104,0.08376547720509382,"{""C"": 0.4992203303016879, ""class_weight"": null, ""l1_ratio"": 1.0}"
1,3,196,0,0.11381874036290311,0.1865932132981549,0.08024685075829752,"{""C"": 0.4992203303016879, ""class_weight"": null, ""l1_ratio"": 1.0}"
1,3,197,1,0.9606301675946236,0.9150629577462766,0.07279610546257319,"{""C"": 0.4992203303016879, ""class_weight"": null, ""l1_ratio"": 1.0}"
1,3,205,0,0.39117077045628745,0.40097384041429,0.0769368448595206,"{""C"": 0.4992203303016879, ""class_weight"": null, ""l1_ratio"": 1.0}"
1,3,208,1,0.5163994314240532,0.49136408863371345,0.05697353825102043,"{""C"": 0.4992203303016879, ""class_weight"": null, ""l1_ratio"": 1.0}"
1,3,209,1,0.7828785861247213,0.7108456966136961,0.03459964345567901,"{""C"": 0.4992203303016879, ""class_weight"": null, ""l1_ratio"": 1.0}"
1,3,213,0,0.5972237081788994,0.5852752528046443,0.022462150696164047,"{""C"": 0.4992203303016879, ""class_weight"": null, ""l1_ratio"": 1.0}"
1,3,214,0,0.8444651336587441,0.7891623901148062,0.03723537413615346,"{""C"": 0.4992203303016879, ""class_weight"": null, ""l1_ratio"": 1.0}"
1,3,222,1,0.7296414277459005,0.6984915430230765,0.06981921304835957,"{""C"": 0.4992203303016879, ""class_weight"": null, ""l1_ratio"": 1.0}"
1,3,226,1,0.8908150306511651,0.8253403460541312,0.09737204377704041,"{""C"": 0.4992203303016879, ""class_weight"": null, ""l1_ratio"": 1.0}"
1,3,237,1,0.4228891712732526,0.4561159631499767,0.03513998217684908,"{""C"": 0.4992203303016879, ""class_weight"": null, ""l1_ratio"": 1.0}"
1,3,248,1,0.9863884670586955,0.959181326709851,0.034207995959465415,"{""C"": 0.4992203303016879, ""class_weight"": null, ""l1_ratio"": 1.0}"
1,3,252,1,0.3215886131292841,0.4001332073468373,0.1801908129222181,"{""C"": 0.4992203303016879, ""class_weight"": null, ""l1_ratio"": 1.0}"
1,3,253,1,0.4990557118996179,0.5210599013725744,0.03803636182300427,"{""C"": 0.4992203303016879, ""class_weight"": null, ""l1_ratio"": 1.0}"
1,3,254,0,0.4192832872220624,0.45709736407847945,0.15122116870686503,"{""C"": 0.4992203303016879, ""class_weight"": null, ""l1_ratio"": 1.0}"
1,3,267,1,0.6306194054930199,0.6374049389729527,0.05510492361519743,"{""C"": 0.4992203303016879, ""class_weight"": null, ""l1_ratio"": 1.0}"
1,3,269,1,0.902520026164668,0.8423370290763238,0.07540279805184276,"{""C"": 0.4992203303016879, ""class_weight"": null, ""l1_ratio"": 1.0}"
1,3,271,1,0.9960553366868686,0.9770803029701314,0.028040207388076253,"{""C"": 0.4992203303016879, ""class_weight"": null, ""l1_ratio"": 1.0}"
1,3,276,0,0.3831737467406613,0.3846118882474965,0.06144138076316637,"{""C"": 0.4992203303016879, ""class_weight"": null, ""l1_ratio"": 1.0}"
1,3,277,1,0.9843184400918316,0.9491924557958965,0.05080089648370671,"{""C"": 0.4992203303016879, ""class_weight"": null, ""l1_ratio"": 1.0}"
1,3,278,0,0.7786056209660468,0.7398425319128228,0.06532299414394943,"{""C"": 0.4992203303016879, ""class_weight"": null, ""l1_ratio"": 1.0}"
1,3,280,0,0.3339218789709063,0.3954692966601848,0.05255047143501618,"{""C"": 0.4992203303016879, ""class_weight"": null, ""l1_ratio"": 1.0}"
1,3,283,0,0.42368700698419026,0.4620343155725948,0.06540463126892203,"{""C"": 0.4992203303016879, ""class_weight"": null, ""l1_ratio"": 1.0}"
1,3,290,0,0.19207654747122946,0.25230307987610484,0.0772917940518832,"{""C"": 0.4992203303016879, ""class_weight"": null, ""l1_ratio"": 1.0}"
1,3,295,0,0.46327292632978867,0.45866725390074237,0.05639379709022472,"{""C"": 0.4992203303016879, ""class_weight"": null, ""l1_ratio"": 1.0}"
1,3,299,0,0.15547517930132837,0.24190499573865534,0.06875028061934883,"{""C"": 0.4992203303016879, ""class_weight"": null, ""l1_ratio"": 1.0}"
1,4,3,0,0.20268270426767973,0.26066003942499794,0.08550688023654796,"{""C"": 0.06048420988107409, ""class_weight"": null, ""l1_ratio"": 0.0}"
1,4,7,1,0.9234416693013253,0.9009096899075214,0.043068183402389146,"{""C"": 0.06048420988107409, ""class_weight"": null, ""l1_ratio"": 0.0}"
1,4,11,1,0.9868772337647335,0.9774417406293796,0.017252230610271306,"{""C"": 0.06048420988107409, ""class_weight"": null, ""l1_ratio"": 0.0}"
1,4,15,1,0.5790894351948711,0.5995566696803657,0.04412177228550582,"{""C"": 0.06048420988107409, ""class_weight"": null, ""l1_ratio"": 0.0}"
1,4,17,0,0.27506767813045935,0.2918518999835632,0.05903234190167006,"{""C"": 0.06048420988107409, ""class_weight"": null, ""l1_ratio"": 0.0}"
1,4,36,1,0.7885453177438957,0.7794454757359413,0.05974772987912298,"{""C"": 0.06048420988107409, ""class_weight"": null, ""l1_ratio"": 0.0}"
1,4,38,1,0.958755079476257,0.9431780580725586,0.031362754597603654,"{""C"": 0.06048420988107409, ""class_weight"": null, ""l1_ratio"": 0.0}"
1,4,42,0,0.2812427375458899,0.29875186936572645,0.07408910250943825,"{""C"": 0.06048420988107409, ""class_weight"": null, ""l1_ratio"": 0.0}"
1,4,48,0,0.36565257579014687,0.3822514489537542,0.09388857504989495,"{""C"": 0.06048420988107409, ""class_weight"": null, ""l1_ratio"": 0.0}"
1,4,60,0,0.3445850513422441,0.36149196557384344,0.07960839129217105,"{""C"": 0.06048420988107409, ""class_weight"": null, ""l1_ratio"": 0.0}"
1,4,63,1,0.5992072088953888,0.6268247801453536,0.11984372749376125,"{""C"": 0.06048420988107409, ""class_weight"": null, ""l1_ratio"": 0.0}"
1,4,67,0,0.22886782782059792,0.2529248885014547,0.08617884575360446,"{""C"": 0.06048420988107409, ""class_weight"": null, ""l1_ratio"": 0.0}"
1,4,76,1,0.7451406658442635,0.7365164044007162,0.04828021346132284,"{""C"": 0.06048420988107409, ""class_weight"": null, ""l1_ratio"": 0.0}"
1,4,79,0,0.26781234175937174,0.28623566588036553,0.06640455053985975,"{""C"": 0.06048420988107409, ""class_weight"": null, ""l1_ratio"": 0.0}"
1,4,80,1,0.9178148987360304,0.8956198552384105,0.031762619069430585,"{""C"": 0.06048420988107409, ""class_weight"": null, ""l1_ratio"": 0.0}"
1,4,82,1,0.6094060724594396,0.6358664349713601,0.0505118602987143,"{""C"": 0.06048420988107409, ""class_weight"": null, ""l1_ratio"": 0.0}"
1,4,87,1,0.8165219863851271,0.7920812543344061,0.07906244058052228,"{""C"": 0.06048420988107409, ""class_weight"": null, ""l1_ratio"": 0.0}"
1,4,88,0,0.8474650808375213,0.8218727248303788,0.05721666937214015,"{""C"": 0.06048420988107409, ""class_weight"": null, ""l1_ratio"": 0.0}"
1,4,92,1,0.8659506213355906,0.8427880670490987,0.07884722925680596,"{""C"": 0.06048420988107409, ""class_weight"": null, ""l1_ratio"": 0.0}"
1,4,107,1,0.5117087028316948,0.5129363669146604,0.10828087609489925,"{""C"": 0.06048420988107409, ""class_weight"": null, ""l1_ratio"": 0.0}"
1,4,109,0,0.7395710533548998,0.7186922543634704,0.042623433979851535,"{""C"": 0.06048420988107409, ""class_weight"": null, ""l1_ratio"": 0.0}"
1,4,115,0,0.578617471438799,0.5762157673601014,0.07564751350466273,"{""C"": 0.06048420988107409, ""class_weight"": null, ""l1_ratio"": 0.0}"
1,4,116,1,0.7369317693023997,0.7178572636285491,0.06164435389264076,"{""C"": 0.06048420988107409, ""class_weight"": null, ""l1_ratio"": 0.0}"
1,4,120,1,0.8118787801759897,0.7888412427837825,0.05379869938532058,"{""C"": 0.06048420988107409, ""class_weight"": null, ""l1_ratio"": 0.0}"
1,4,123,1,0.4798792685701235,0.4940590731614877,0.07680098582243093,"{""C"": 0.06048420988107409, ""class_weight"": null, ""l1_ratio"": 0.0}"
1,4,129,0,0.3540450040440538,0.3822338265613733,0.12409716658678122,"{""C"": 0.06048420988107409, ""class_weight"": null, ""l1_ratio"": 0.0}"
1,4,134,1,0.6665518524167279,0.6370461868557445,0.049765323074994997,"{""C"": 0.06048420988107409, ""class_weight"": null, ""l1_ratio"": 0.0}"
1,4,147,1,0.698977496593872,0.6602543508797113,0.14070003390843483,"{""C"": 0.06048420988107409, ""class_weight"": null, ""l1_ratio"": 0.0}"
1,4,156,1,0.7673374656921325,0.7659351047988567,0.03785568772021876,"{""C"": 0.06048420988107409, ""class_weight"": null, ""l1_ratio"": 0.0}"
1,4,159,1,0.9207631958048297,0.9066795264195597,0.022653682839058945,"{""C"": 0.06048420988107409, ""class_weight"": null, ""l1_ratio"": 0.0}"
1,4,163,1,0.8316403042635397,0.821986784136255,0.06798247783977046,"{""C"": 0.06048420988107409, ""class_weight"": null, ""l1_ratio"": 0.0}"
1,4,165,1,0.5644608345171809,0.5646521948930976,0.04126164635116458,"{""C"": 0.06048420988107409, ""class_weight"": null, ""l1_ratio"": 0.0}"
1,4,169,0,0.31587991544614086,0.33002392690513827,0.022252420806018955,"{""C"": 0.06048420988107409, ""class_weight"": null, ""l1_ratio"": 0.0}"
1,4,173,1,0.7430639143167502,0.7414288636256252,0.0710830122306336,"{""C"": 0.06048420988107409, ""class_weight"": null, ""l1_ratio"": 0.0}"
1,4,182,1,0.63683765552346,0.6290280844432694,0.06887281894066305,"{""C"": 0.06048420988107409, ""class_weight"": null, ""l1_ratio"": 0.0}"
1,4,190,0,0.5884591757814532,0.5795952461922873,0.03751902486286286,"{""C"": 0.06048420988107409, ""class_weight"": null, ""l1_ratio"": 0.0}"
1,4,192,0,0.09905789174902815,0.12325477418150273,0.04137983843553674,"{""C"": 0.06048420988107409, ""class_weight"": null, ""l1_ratio"": 0.0}"
1,4,199,0,0.3530924617912763,0.36824653728898865,0.06694518501816886,"{""C"": 0.06048420988107409, ""class_weight"": null, ""l1_ratio"": 0.0}"
1,4,204,0,0.36176358415512394,0.3671095322892961,0.0349637268647785,"{""C"": 0.06048420988107409, ""class_weight"": null, ""l1_ratio"": 0.0}"
1,4,206,1,0.4787262015955525,0.48727834880076937,0.04985307365448571,"{""C"": 0.06048420988107409, ""class_weight"": null, ""l1_ratio"": 0.0}"
1,4,215,1,0.6167062719872322,0.6233684615579068,0.06595589141618666,"{""C"": 0.06048420988107409, ""class_weight"": null, ""l1_ratio"": 0.0}"
1,4,216,0,0.539543031950047,0.542171209279865,0.07128256169174206,"{""C"": 0.06048420988107409, ""class_weight"": null, ""l1_ratio"": 0.0}"
1,4,218,0,0.3785169248165877,0.3894598645407251,0.05841915078349996,"{""C"": 0.06048420988107409, ""class_weight"": null, ""l1_ratio"": 0.0}"
1,4,234,0,0.444961101215276,0.4441302959055918,0.0649258878473269,"{""C"": 0.06048420988107409, ""class_weight"": null, ""l1_ratio"": 0.0}"
1,4,235,1,0.8617964557699379,0.8224492615298018,0.11171854674018672,"{""C"": 0.06048420988107409, ""class_weight"": null, ""l1_ratio"": 0.0}"
1,4,241,1,0.48555904494857927,0.49120285787245965,0.0650547371557477,"{""C"": 0.06048420988107409, ""class_weight"": null, ""l1_ratio"": 0.0}"
1,4,242,1,0.5459023511048906,0.5341650157989237,0.05106615381083272,"{""C"": 0.06048420988107409, ""class_weight"": null, ""l1_ratio"": 0.0}"
1,4,250,1,0.558382189443739,0.5552456929010383,0.044952324377870195,"{""C"": 0.06048420988107409, ""class_weight"": null, ""l1_ratio"": 0.0}"
1,4,257,0,0.22230824384744843,0.24617324915315048,0.03631989252807696,"{""C"": 0.06048420988107409, ""class_weight"": null, ""l1_ratio"": 0.0}"
1,4,259,1,0.4383688091273688,0.44067014526936815,0.03721504193387228,"{""C"": 0.06048420988107409, ""class_weight"": null, ""l1_ratio"": 0.0}"
1,4,260,1,0.8128079460272885,0.7965347940820406,0.05003791862349109,"{""C"": 0.06048420988107409, ""class_weight"": null, ""l1_ratio"": 0.0}"
1,4,262,1,0.4031500169767043,0.4068543730427539,0.10431817514924217,"{""C"": 0.06048420988107409, ""class_weight"": null, ""l1_ratio"": 0.0}"
1,4,264,0,0.2182368439229551,0.24479273322762757,0.07222492244374135,"{""C"": 0.06048420988107409, ""class_weight"": null, ""l1_ratio"": 0.0}"
1,4,272,0,0.7422376496236017,0.7228800439348032,0.03324416007058849,"{""C"": 0.06048420988107409, ""class_weight"": null, ""l1_ratio"": 0.0}"
1,4,273,1,0.8608457468048683,0.8467338862396051,0.061375673329627733,"{""C"": 0.06048420988107409, ""class_weight"": null, ""l1_ratio"": 0.0}"
1,4,287,0,0.29435994835928664,0.32148745709079307,0.05700083182369396,"{""C"": 0.06048420988107409, ""class_weight"": null, ""l1_ratio"": 0.0}"
1,4,288,0,0.33732880931656656,0.35724865590043126,0.05617790575532645,"{""C"": 0.06048420988107409, ""class_weight"": null, ""l1_ratio"": 0.0}"
1,4,298,1,0.4892851816305852,0.4932108818017838,0.0870105519261719,"{""C"": 0.06048420988107409, ""class_weight"": null, ""l1_ratio"": 0.0}"
1,4,301,0,0.1476404750201233,0.16949920456849488,0.037905064347478985,"{""C"": 0.06048420988107409, ""class_weight"": null, ""l1_ratio"": 0.0}"
1,4,302,1,0.47595740573232853,0.4660614791514683,0.1012586532771512,"{""C"": 0.06048420988107409, ""class_weight"": null, ""l1_ratio"": 0.0}"
2,0,30,1,0.5576285254997531,0.5553888930775545,0.05764683005465793,"{""C"": 0.019932549649823883, ""class_weight"": null, ""l1_ratio"": 0.0}"
2,0,36,1,0.7261672674881309,0.7873114879000974,0.04768889439832272,"{""C"": 0.019932549649823883, ""class_weight"": null, ""l1_ratio"": 0.0}"
2,0,45,1,0.880136658574708,0.9293736959462529,0.03949239693621525,"{""C"": 0.019932549649823883, ""class_weight"": null, ""l1_ratio"": 0.0}"
2,0,48,0,0.4532640641187798,0.44446884471801,0.09772647719128007,"{""C"": 0.019932549649823883, ""class_weight"": null, ""l1_ratio"": 0.0}"
2,0,49,0,0.40586458580939666,0.34623902299744613,0.07685429115938967,"{""C"": 0.019932549649823883, ""class_weight"": null, ""l1_ratio"": 0.0}"
2,0,54,0,0.5287034068606413,0.5364759129223098,0.10421636088123265,"{""C"": 0.019932549649823883, ""class_weight"": null, ""l1_ratio"": 0.0}"
2,0,59,1,0.7998704903693523,0.8660529046005833,0.06409793552555809,"{""C"": 0.019932549649823883, ""class_weight"": null, ""l1_ratio"": 0.0}"
2,0,60,0,0.42998262988952934,0.3893171034605449,0.0765489281928775,"{""C"": 0.019932549649823883, ""class_weight"": null, ""l1_ratio"": 0.0}"
2,0,67,0,0.3394266859803128,0.26279534541474525,0.05804888151167741,"{""C"": 0.019932549649823883, ""class_weight"": null, ""l1_ratio"": 0.0}"
2,0,68,0,0.35413279900492467,0.28573203694112426,0.08403638993906651,"{""C"": 0.019932549649823883, ""class_weight"": null, ""l1_ratio"": 0.0}"
2,0,70,0,0.30598435640486094,0.22296067013316864,0.0500733774596952,"{""C"": 0.019932549649823883, ""class_weight"": null, ""l1_ratio"": 0.0}"
2,0,81,1,0.932067028959159,0.9676254924748818,0.024090358745940756,"{""C"": 0.019932549649823883, ""class_weight"": null, ""l1_ratio"": 0.0}"
2,0,89,1,0.7703738009679783,0.83594965852936,0.029132879353615315,"{""C"": 0.019932549649823883, ""class_weight"": null, ""l1_ratio"": 0.0}"
2,0,90,0,0.5117663732934763,0.49018176644658606,0.06476698372366842,"{""C"": 0.019932549649823883, ""class_weight"": null, ""l1_ratio"": 0.0}"
2,0,93,1,0.6764107858172053,0.7177442214557704,0.11083986866880026,"{""C"": 0.019932549649823883, ""class_weight"": null, ""l1_ratio"": 0.0}"
2,0,94,1,0.8202795634282707,0.8777026964058525,0.05892667983153734,"{""C"": 0.019932549649823883, ""class_weight"": null, ""l1_ratio"": 0.0}"
2,0,95,1,0.7111691797540105,0.7600539810333226,0.0737478140760444,"{""C"": 0.019932549649823883, ""class_weight"": null, ""l1_ratio"": 0.0}"
2,0,98,1,0.6779196893941514,0.718709620943528,0.053174391365369715,"{""C"": 0.019932549649823883, ""class_weight"": null, ""l1_ratio"": 0.0}"
2,0,105,1,0.724674249808724,0.7824021314299628,0.021735994774697343,"{""C"": 0.019932549649823883, ""class_weight"": null, ""l1_ratio"": 0.0}"
2,0,107,1,0.49916045844776813,0.49053138241936906,0.09335778700708847,"{""C"": 0.019932549649823883, ""class_weight"": null, ""l1_ratio"": 0.0}"
2,0,114,1,0.9562283679985851,0.9813804673113466,0.017124525110933177,"{""C"": 0.019932549649823883, ""class_weight"": null, ""l1_ratio"": 0.0}"
2,0,115,0,0.6146345197886764,0.6471630226114334,0.045457550188861856,"{""C"": 0.019932549649823883, ""class_weight"": null, ""l1_ratio"": 0.0}"
2,0,118,1,0.7705782990177374,0.8397373805132318,0.03305154202046136,"{""C"": 0.019932549649823883, ""class_weight"": null, ""l1_ratio"": 0.0}"
2,0,119,1,0.6169853861142791,0.6560587024910463,0.06814549147426693,"{""C"": 0.019932549649823883, ""class_weight"": null, ""l1_ratio"": 0.0}"
2,0,123,1,0.4673578752752015,0.4315405363278577,0.06222003133305301,"{""C"": 0.019932549649823883, ""class_weight"": null, ""l1_ratio"": 0.0}"
2,0,126,1,0.6485165504111556,0.6826582073448645,0.07146051515289999,"{""C"": 0.019932549649823883, ""class_weight"": null, ""l1_ratio"": 0.0}"
2,0,128,1,0.7133256655182677,0.7667485147334258,0.058168553975964946,"{""C"": 0.019932549649823883, ""class_weight"": null, ""l1_ratio"": 0.0}"
2,0,137,0,0.31307477984273524,0.23410441129717957,0.04813065717300569,"{""C"": 0.019932549649823883, ""class_weight"": null, ""l1_ratio"": 0.0}"
2,0,148,1,0.5658515114432997,0.578886774051347,0.03594884975362677,"{""C"": 0.019932549649823883, ""class_weight"": null, ""l1_ratio"": 0.0}"
2,0,149,1,0.743339102819363,0.8063205503445788,0.051292023522346145,"{""C"": 0.019932549649823883, ""class_weight"": null, ""l1_ratio"": 0.0}"
2,0,150,0,0.3433345675274413,0.2543181178285658,0.0671880171457308,"{""C"": 0.019932549649823883, ""class_weight"": null, ""l1_ratio"": 0.0}"
2,0,152,1,0.5231246065928691,0.5098254031341918,0.02780201875765799,"{""C"": 0.019932549649823883, ""class_weight"": null, ""l1_ratio"": 0.0}"
2,0,154,0,0.6151041262232979,0.6260127773304351,0.01890183800112322,"{""C"": 0.019932549649823883, ""class_weight"": null, ""l1_ratio"": 0.0}"
2,0,162,1,0.7156839930360372,0.765819150482388,0.05183621123254805,"{""C"": 0.019932549649823883, ""class_weight"": null, ""l1_ratio"": 0.0}"
2,0,166,0,0.32627423535987765,0.26218359633937716,0.08243107085307128,"{""C"": 0.019932549649823883, ""class_weight"": null, ""l1_ratio"": 0.0}"
2,0,167,1,0.5055369733001297,0.4829703484711204,0.06600214289642391,"{""C"": 0.019932549649823883, ""class_weight"": null, ""l1_ratio"": 0.0}"
2,0,169,0,0.41204815945855056,0.36556542865951636,0.06595814328102619,"{""C"": 0.019932549649823883, ""class_weight"": null, ""l1_ratio"": 0.0}"
2,0,170,0,0.35011598795158644,0.2778903579575676,0.04938727613358351,"{""C"": 0.019932549649823883, ""class_weight"": null, ""l1_ratio"": 0.0}"
2,0,171,1,0.7336191713754278,0.785185900887553,0.10841456774490527,"{""C"": 0.019932549649823883, ""class_weight"": null, ""l1_ratio"": 0.0}"
2,0,174,1,0.9394184986835914,0.9742323729658295,0.014507673536229768,"{""C"": 0.019932549649823883, ""class_weight"": null, ""l1_ratio"": 0.0}"
2,0,176,1,0.39962885652010305,0.3447690875317292,0.052142561878685115,"{""C"": 0.019932549649823883, ""class_weight"": null, ""l1_ratio"": 0.0}"
2,0,177,1,0.6928616620952999,0.7392786439631001,0.05394934622898599,"{""C"": 0.019932549649823883, ""class_weight"": null, ""l1_ratio"": 0.0}"
2,0,182,1,0.6307122448017158,0.6665465049633801,0.10688804896629357,"{""C"": 0.019932549649823883, ""class_weight"": null, ""l1_ratio"": 0.0}"
2,0,187,1,0.6249142400228925,0.6547260305415585,0.030543215933465474,"{""C"": 0.019932549649823883, ""class_weight"": null, ""l1_ratio"": 0.0}"
2,0,194,0,0.34798897647907595,0.2767303929793685,0.08727948154181683,"{""C"": 0.019932549649823883, ""class_weight"": null, ""l1_ratio"": 0.0}"
2,0,201,0,0.6795032899966589,0.7447283229723836,0.05275119567455815,"{""C"": 0.019932549649823883, ""class_weight"": null, ""l1_ratio"": 0.0}"
2,0,203,0,0.318844473697416,0.23550067902927968,0.06742313822971756,"{""C"": 0.019932549649823883, ""class_weight"": null, ""l1_ratio"": 0.0}"
2,0,218,0,0.45151112911058483,0.4149447583434208,0.030478123537197917,"{""C"": 0.019932549649823883, ""class_weight"": null, ""l1_ratio"": 0.0}"
2,0,226,1,0.6193194138106798,0.6248649294476291,0.04464683458482738,"{""C"": 0.019932549649823883, ""class_weight"": null, ""l1_ratio"": 0.0}"
2,0,242,1,0.5119553952349633,0.4856104210395934,0.04685019736238894,"{""C"": 0.019932549649823883, ""class_weight"": null, ""l1_ratio"": 0.0}"
2,0,245,1,0.5052705027267738,0.49540043982439974,0.06217468818902613,"{""C"": 0.019932549649823883, ""class_weight"": null, ""l1_ratio"": 0.0}"
2,0,247,0,0.28078757303336677,0.19604883649984245,0.07124575512028489,"{""C"": 0.019932549649823883, ""class_weight"": null, ""l1_ratio"": 0.0}"
2,0,255,0,0.290689727152248,0.21079614228344296,0.07075007440178997,"{""C"": 0.019932549649823883, ""class_weight"": null, ""l1_ratio"": 0.0}"
2,0,256,0,0.3466746082728924,0.26695353615352024,0.08275160357294044,"{""C"": 0.019932549649823883, ""class_weight"": null, ""l1_ratio"": 0.0}"
2,0,258,0,0.2961594107196835,0.2243533313470404,0.08214985048072106,"{""C"": 0.019932549649823883, ""class_weight"": null, ""l1_ratio"": 0.0}"
2,0,269,1,0.6106293602166011,0.6257435771218482,0.03642213550980798,"{""C"": 0.019932549649823883, ""class_weight"": null, ""l1_ratio"": 0.0}"
2,0,271,1,0.9019534061456231,0.9511560079076758,0.02490488320470828,"{""C"": 0.019932549649823883, ""class_weight"": null, ""l1_ratio"": 0.0}"
2,0,274,1,0.9082788903134451,0.9596697938970632,0.018536650828178566,"{""C"": 0.019932549649823883, ""class_weight"": null, ""l1_ratio"": 0.0}"
2,0,296,0,0.334805150191966,0.2598519753494008,0.04928679419284239,"{""C"": 0.019932549649823883, ""class_weight"": null, ""l1_ratio"": 0.0}"
2,0,301,0,0.22661616308475455,0.13711808925097574,0.0674384875538878,"{""C"": 0.019932549649823883, ""class_weight"": null, ""l1_ratio"": 0.0}"
2,0,302,1,0.4444255976239773,0.38880575767855624,0.08155126380130162,"{""C"": 0.019932549649823883, ""class_weight"": null, ""l1_ratio"": 0.0}"
2,1,3,0,0.47083981812304804,0.4082264691508158,0.10483503234085166,"{""C"": 0.08194382747707138, ""class_weight"": null, ""l1_ratio"": 1.0}"
2,1,8,0,0.3799979638011562,0.28041217284384123,0.027313485016626105,"{""C"": 0.08194382747707138, ""class_weight"": null, ""l1_ratio"": 1.0}"
2,1,9,0,0.8602554655189456,0.9398401515291518,0.027556815128003585,"{""C"": 0.08194382747707138, ""class_weight"": null, ""l1_ratio"": 1.0}"
2,1,12,1,0.957312762484803,0.9900379714217378,0.006915365663437752,"{""C"": 0.08194382747707138, ""class_weight"": null, ""l1_ratio"": 1.0}"
2,1,20,0,0.30687868498582394,0.19069591074119346,0.0170304511196094,"{""C"": 0.08194382747707138, ""class_weight"": null, ""l1_ratio"": 1.0}"
2,1,21,1,0.6326050448134664,0.6790452492620075,0.051750645570783425,"{""C"": 0.08194382747707138, ""class_weight"": null, ""l1_ratio"": 1.0}"
2,1,33,1,0.8025632125480623,0.8866170938406135,0.05597253580414472,"{""C"": 0.08194382747707138, ""class_weight"": null, ""l1_ratio"": 1.0}"
2,1,37,1,0.9244918849365988,0.9760780721447446,0.013151209839619217,"{""C"": 0.08194382747707138, ""class_weight"": null, ""l1_ratio"": 1.0}"
2,1,39,1,0.9576297774176596,0.9894734987200422,0.008301050853784669,"{""C"": 0.08194382747707138, ""class_weight"": null, ""l1_ratio"": 1.0}"
2,1,40,1,0.9573689923343093,0.9911149296407105,0.004954347675193399,"{""C"": 0.08194382747707138, ""class_weight"": null, ""l1_ratio"": 1.0}"
2,1,41,0,0.2627336068374154,0.14323946058092987,0.014357025060273988,"{""C"": 0.08194382747707138, ""class_weight"": null, ""l1_ratio"": 1.0}"
2,1,43,1,0.6963919970223974,0.7687523387392055,0.04696543801487679,"{""C"": 0.08194382747707138, ""class_weight"": null, ""l1_ratio"": 1.0}"
2,1,47,1,0.7176545811440823,0.7921562035318575,0.03176704703086407,"{""C"": 0.08194382747707138, ""class_weight"": null, ""l1_ratio"": 1.0}"
2,1,50,0,0.5405958328155485,0.5293215827542053,0.0733875967731812,"{""C"": 0.08194382747707138, ""class_weight"": null, ""l1_ratio"": 1.0}"
2,1,53,0,0.550967457980473,0.5509101658830351,0.08733990178919543,"{""C"": 0.08194382747707138, ""class_weight"": null, ""l1_ratio"": 1.0}"
2,1,57,1,0.886090010333194,0.9564369253547008,0.020418994803968336,"{""C"": 0.08194382747707138, ""class_weight"": null, ""l1_ratio"": 1.0}"
2,1,58,1,0.5390294061521507,0.5252664994853546,0.09438813064846557,"{""C"": 0.08194382747707138, ""class_weight"": null, ""l1_ratio"": 1.0}"
2,1,62,1,0.23385183770236484,0.11494748965739558,0.014455347305054551,"{""C"": 0.08194382747707138, ""class_weight"": null, ""l1_ratio"": 1.0}"
2,1,65,0,0.5241895134410227,0.5131303989873651,0.0500803988555489,"{""C"": 0.08194382747707138, ""class_weight"": null, ""l1_ratio"": 1.0}"
2,1,69,1,0.721169927568109,0.8051812960438308,0.04445589367963334,"{""C"": 0.08194382747707138, ""class_weight"": null, ""l1_ratio"": 1.0}"
2,1,82,1,0.6146926485915495,0.6426349513187143,0.09556934267951314,"{""C"": 0.08194382747707138, ""class_weight"": null, ""l1_ratio"": 1.0}"
2,1,85,0,0.568477443046976,0.5866912021302324,0.04689426716405349,"{""C"": 0.08194382747707138, ""class_weight"": null, ""l1_ratio"": 1.0}"
2,1,86,1,0.7175114250957503,0.8024642452285319,0.035327503464412276,"{""C"": 0.08194382747707138, ""class_weight"": null, ""l1_ratio"": 1.0}"
2,1,104,0,0.4440560887266562,0.38395836427713387,0.06542515707528909,"{""C"": 0.08194382747707138, ""class_weight"": null, ""l1_ratio"": 1.0}"
2,1,111,1,0.7897722960898597,0.8793657712773166,0.028329716937550608,"{""C"": 0.08194382747707138, ""class_weight"": null, ""l1_ratio"": 1.0}"
2,1,113,0,0.3092676754174407,0.19304535763787126,0.02053797422835077,"{""C"": 0.08194382747707138, ""class_weight"": null, ""l1_ratio"": 1.0}"
2,1,117,1,0.6957030438356244,0.770901050524442,0.02959623600126553,"{""C"": 0.08194382747707138, ""class_weight"": null, ""l1_ratio"": 1.0}"
2,1,120,1,0.7006930560271755,0.7692170125122344,0.053108398110216753,"{""C"": 0.08194382747707138, ""class_weight"": null, ""l1_ratio"": 1.0}"
2,1,122,0,0.751902483831142,0.8322391955484598,0.05194145052705712,"{""C"": 0.08194382747707138, ""class_weight"": null, ""l1_ratio"": 1.0}"
2,1,131,1,0.8547954106406449,0.9328526881402428,0.032611312574409496,"{""C"": 0.08194382747707138, ""class_weight"": null, ""l1_ratio"": 1.0}"
2,1,133,0,0.47595106321268893,0.4349579285877304,0.058234064427324504,"{""C"": 0.08194382747707138, ""class_weight"": null, ""l1_ratio"": 1.0}"
2,1,134,1,0.49586786637299934,0.46289186246137143,0.054375245162559274,"{""C"": 0.08194382747707138, ""class_weight"": null, ""l1_ratio"": 1.0}"
2,1,135,1,0.5771086615236443,0.5926162507962707,0.04397642138081052,"{""C"": 0.08194382747707138, ""class_weight"": null, ""l1_ratio"": 1.0}"
2,1,136,0,0.33950071573959956,0.2261168570074549,0.02446828212462161,"{""C"": 0.08194382747707138, ""class_weight"": null, ""l1_ratio"": 1.0}"
2,1,139,1,0.8122783328144337,0.897737828215955,0.025845947257045202,"{""C"": 0.08194382747707138, ""class_weight"": null, ""l1_ratio"": 1.0}"
2,1,140,1,0.867635085733331,0.9392928358572015,0.037355094893901604,"{""C"": 0.08194382747707138, ""class_weight"": null, ""l1_ratio"": 1.0}"
2,1,143,0,0.3115708965067583,0.19455986495113525,0.017055032609649537,"{""C"": 0.08194382747707138, ""class_weight"": null, ""l1_ratio"": 1.0}"
2,1,156,1,0.566786154193263,0.5665416910003358,0.09986035018396386,"{""C"": 0.08194382747707138, ""class_weight"": null, ""l1_ratio"": 1.0}"
2,1,158,0,0.65611365567345,0.7088917251228273,0.07317773819498372,"{""C"": 0.08194382747707138, ""class_weight"": null, ""l1_ratio"": 1.0}"
2,1,160,0,0.6658071665432276,0.7331716026622439,0.030018613528910405,"{""C"": 0.08194382747707138, ""class_weight"": null, ""l1_ratio"": 1.0}"
2,1,172,1,0.6339929001169528,0.673276642752001,0.029584713823095937,"{""C"": 0.08194382747707138, ""class_weight"": null, ""l1_ratio"": 1.0}"
2,1,178,1,0.6143702195405146,0.6675115884609886,0.05613801532743139,"{""C"": 0.08194382747707138, ""class_weight"": null, ""l1_ratio"": 1.0}"
2,1,184,1,0.8573803384811761,0.9337039192551023,0.027161787338054466,"{""C"": 0.08194382747707138, ""class_weight"": null, ""l1_ratio"": 1.0}"
2,1,186,0,0.7789960027535868,0.843648842598307,0.07827165834415296,"{""C"": 0.08194382747707138, ""class_weight"": null, ""l1_ratio"": 1.0}"
2,1,190,0,0.5842214136657038,0.5950389042725414,0.062481053412949,"{""C"": 0.08194382747707138, ""class_weight"": null, ""l1_ratio"": 1.0}"
2,1,208,1,0.45881507719076337,0.4020225346710703,0.05703860512798321,"{""C"": 0.08194382747707138, ""class_weight"": null, ""l1_ratio"": 1.0}"
2,1,211,1,0.5718633871019542,0.5658466684299854,0.09332664707582806,"{""C"": 0.08194382747707138, ""class_weight"": null, ""l1_ratio"": 1.0}"
2,1,213,0,0.6766029225592741,0.746959964085939,0.047027263779772045,"{""C"": 0.08194382747707138, ""class_weight"": null, ""l1_ratio"": 1.0}"
2,1,221,1,0.4332103317307184,0.3591132782814158,0.05073192233789372,"{""C"": 0.08194382747707138, ""class_weight"": null, ""l1_ratio"": 1.0}"
2,1,225,0,0.4714274282240178,0.4348959345860749,0.06028861875851994,"{""C"": 0.08194382747707138, ""class_weight"": null, ""l1_ratio"": 1.0}"
2,1,229,1,0.67820438407565,0.7420442900895162,0.08106602080020793,"{""C"": 0.08194382747707138, ""class_weight"": null, ""l1_ratio"": 1.0}"
2,1,230,1,0.9560290750178404,0.9905609769620976,0.0062998937167911455,"{""C"": 0.08194382747707138, ""class_weight"": null, ""l1_ratio"": 1.0}"
2,1,237,1,0.5149107778273471,0.49535183186865916,0.04860094820359232,"{""C"": 0.08194382747707138, ""class_weight"": null, ""l1_ratio"": 1.0}"
2,1,244,1,0.4563439854058732,0.397957968964023,0.058075382588845884,"{""C"": 0.08194382747707138, ""class_weight"": null, ""l1_ratio"": 1.0}"
2,1,248,1,0.9197223653592281,0.9724223036938151,0.021038163063361686,"{""C"": 0.08194382747707138, ""class_weight"": null, ""l1_ratio"": 1.0}"
2,1,249,1,0.7354894412987776,0.8027095139400405,0.0852138369524128,"{""C"": 0.08194382747707138, ""class_weight"": null, ""l1_ratio"": 1.0}"
2,1,252,1,0.5819383484273671,0.5730542964946986,0.09735391647122302,"{""C"": 0.08194382747707138, ""class_weight"": null, ""l1_ratio"": 1.0}"
2,1,257,0,0.4497456915562471,0.3840976420467318,0.08405647436387864,"{""C"": 0.08194382747707138, ""class_weight"": null, ""l1_ratio"": 1.0}"
2,1,283,0,0.37724139708702686,0.2707977463955017,0.0441430158952905,"{""C"": 0.08194382747707138, ""class_weight"": null, ""l1_ratio"": 1.0}"
2,1,286,0,0.3329370596934049,0.22159557979896527,0.02111371766262896,"{""C"": 0.08194382747707138, ""class_weight"": null, ""l1_ratio"": 1.0}"
2,1,290,0,0.35120699816341827,0.2518676141275007,0.0395622196652661,"{""C"": 0.08194382747707138, ""class_weight"": null, ""l1_ratio"": 1.0}"
2,2,4,0,0.2939609374250929,0.28096725713419907,0.03211033400164574,"{""C"": 0.21880513302154797, ""class_weight"": null, ""l1_ratio"": 1.0}"
2,2,5,1,0.5192607271134827,0.5221453679300758,0.043421829339671834,"{""C"": 0.21880513302154797, ""class_weight"": null, ""l1_ratio"": 1.0}"
2,2,6,1,0.9706965568596511,0.949159577094095,0.029227263872840265,"{""C"": 0.21880513302154797, ""class_weight"": null, ""l1_ratio"": 1.0}"
2,2,11,1,0.9954182547295306,0.9884206108812469,0.009343999421219319,"{""C"": 0.21880513302154797, ""class_weight"": null, ""l1_ratio"": 1.0}"
2,2,15,1,0.736970958209512,0.70576558386198,0.0819308445476336,"{""C"": 0.21880513302154797, ""class_weight"": null, ""l1_ratio"": 1.0}"
2,2,17,0,0.3900041160749856,0.40168399743205957,0.0735035747363447,"{""C"": 0.21880513302154797, ""class_weight"": null, ""l1_ratio"": 1.0}"
2,2,22,1,0.8272206581900419,0.811084925744216,0.0285162264312973,"{""C"": 0.21880513302154797, ""class_weight"": null, ""l1_ratio"": 1.0}"
2,2,27,0,0.3027081472095489,0.3013685749827412,0.07247990314531065,"{""C"": 0.21880513302154797, ""class_weight"": null, ""l1_ratio"": 1.0}"
2,2,31,0,0.8228884657681719,0.7970940754678135,0.049548215438676664,"{""C"": 0.21880513302154797, ""class_weight"": null, ""l1_ratio"": 1.0}"
2,2,32,1,0.6725826515303893,0.6310999532827,0.04610592086317579,"{""C"": 0.21880513302154797, ""class_weight"": null, ""l1_ratio"": 1.0}"
2,2,34,1,0.9654192913247344,0.9378392985119939,0.035020401076332315,"{""C"": 0.21880513302154797, ""class_weight"": null, ""l1_ratio"": 1.0}"
2,2,42,0,0.14187255702638382,0.15039081060960457,0.04399224097754629,"{""C"": 0.21880513302154797, ""class_weight"": null, ""l1_ratio"": 1.0}"
2,2,55,1,0.775920125167415,0.7593542726855682,0.05730815551642643,"{""C"": 0.21880513302154797, ""class_weight"": null, ""l1_ratio"": 1.0}"
2,2,64,0,0.3099393728011727,0.3127440369959267,0.028167798926296714,"{""C"": 0.21880513302154797, ""class_weight"": null, ""l1_ratio"": 1.0}"
2,2,71,1,0.8081574416141177,0.8025528449709691,0.06638445843486446,"{""C"": 0.21880513302154797, ""class_weight"": null, ""l1_ratio"": 1.0}"
2,2,72,1,0.6143924110717579,0.5922776261547036,0.030376169719869704,"{""C"": 0.21880513302154797, ""class_weight"": null, ""l1_ratio"": 1.0}"
2,2,74,1,0.970780185826722,0.9562446127481025,0.026827387314092933,"{""C"": 0.21880513302154797, ""class_weight"": null, ""l1_ratio"": 1.0}"
2,2,78,1,0.8848238104542183,0.8668369636048373,0.05391359813506925,"{""C"": 0.21880513302154797, ""class_weight"": null, ""l1_ratio"": 1.0}"
2,2,80,1,0.9657031428140445,0.9525936566719615,0.02557712482883516,"{""C"": 0.21880513302154797, ""class_weight"": null, ""l1_ratio"": 1.0}"
2,2,83,1,0.794881196639765,0.7489039521772446,0.09149970926046767,"{""C"": 0.21880513302154797, ""class_weight"": null, ""l1_ratio"": 1.0}"
2,2,97,1,0.8899485634814469,0.8692323163907864,0.061874555664207596,"{""C"": 0.21880513302154797, ""class_weight"": null, ""l1_ratio"": 1.0}"
2,2,101,1,0.8602219097941832,0.8491871760926756,0.04690254238548903,"{""C"": 0.21880513302154797, ""class_weight"": null, ""l1_ratio"": 1.0}"
2,2,108,0,0.28755616923557054,0.30786130581013865,0.09200959245012173,"{""C"": 0.21880513302154797, ""class_weight"": null, ""l1_ratio"": 1.0}"
2,2,112,0,0.6955890938310545,0.702947328264764,0.039139661840844275,"{""C"": 0.21880513302154797, ""class_weight"": null, ""l1_ratio"": 1.0}"
2,2,121,0,0.643396427773641,0.657039977011894,0.1024363327272017,"{""C"": 0.21880513302154797, ""class_weight"": null, ""l1_ratio"": 1.0}"
2,2,125,1,0.6865461296984143,0.6835447985431881,0.06366541503664343,"{""C"": 0.21880513302154797, ""class_weight"": null, ""l1_ratio"": 1.0}"
2,2,127,1,0.9072159568687698,0.8892780962087343,0.05359463847697345,"{""C"": 0.21880513302154797, ""class_weight"": null, ""l1_ratio"": 1.0}"
2,2,138,1,0.61534293170891,0.6281660550165602,0.07233029917025344,"{""C"": 0.21880513302154797, ""class_weight"": null, ""l1_ratio"": 1.0}"
2,2,142,1,0.2351831813201868,0.26434736846825835,0.08389300443448582,"{""C"": 0.21880513302154797, ""class_weight"": null, ""l1_ratio"": 1.0}"
2,2,145,0,0.7575055682531898,0.7573716548579454,0.08920913086928477,"{""C"": 0.21880513302154797, ""class_weight"": null, ""l1_ratio"": 1.0}"
2,2,153,0,0.3825616249017492,0.38662196514333075,0.03868193003819839,"{""C"": 0.21880513302154797, ""class_weight"": null, ""l1_ratio"": 1.0}"
2,2,155,1,0.8116066406528043,0.8023535968622394,0.08595717853715877,"{""C"": 0.21880513302154797, ""class_weight"": null, ""l1_ratio"": 1.0}"
2,2,159,1,0.958849694881399,0.9414157771915594,0.038583154117955605,"{""C"": 0.21880513302154797, ""class_weight"": null, ""l1_ratio"": 1.0}"
2,2,161,1,0.8764626723877105,0.8613035866408065,0.05066149877760515,"{""C"": 0.21880513302154797, ""class_weight"": null, ""l1_ratio"": 1.0}"
2,2,165,1,0.7143051268768488,0.6991424185720522,0.04071984221820936,"{""C"": 0.21880513302154797, ""class_weight"": null, ""l1_ratio"": 1.0}"
2,2,179,0,0.21595322533550243,0.2307463282186903,0.037510640948036085,"{""C"": 0.21880513302154797, ""class_weight"": null, ""l1_ratio"": 1.0}"
2,2,183,0,0.7284738704902158,0.7082151487524332,0.07694810213505848,"{""C"": 0.21880513302154797, ""class_weight"": null, ""l1_ratio"": 1.0}"
2,2,189,1,0.7052840608746862,0.6879391064903005,0.07322522611390583,"{""C"": 0.21880513302154797, ""class_weight"": null, ""l1_ratio"": 1.0}"
2,2,192,0,0.14368649777466047,0.16540957535582654,0.04813093079161996,"{""C"": 0.21880513302154797, ""class_weight"": null, ""l1_ratio"": 1.0}"
2,2,193,0,0.5614000220542292,0.5373549282152756,0.054577698397259004,"{""C"": 0.21880513302154797, ""class_weight"": null, ""l1_ratio"": 1.0}"
2,2,197,1,0.9578344040744096,0.9401359115673553,0.03339919345778002,"{""C"": 0.21880513302154797, ""class_weight"": null, ""l1_ratio"": 1.0}"
2,2,200,1,0.5887586661481664,0.6020586117344383,0.0499560305432784,"{""C"": 0.21880513302154797, ""class_weight"": null, ""l1_ratio"": 1.0}"
2,2,202,1,0.9673287589182306,0.9528423031836081,0.02566079558349263,"{""C"": 0.21880513302154797, ""class_weight"": null, ""l1_ratio"": 1.0}"
2,2,205,0,0.3529691473466334,0.37916852846530624,0.04474535524441533,"{""C"": 0.21880513302154797, ""class_weight"": null, ""l1_ratio"": 1.0}"
2,2,207,1,0.6225538715945156,0.6089277869257603,0.06953085426963558,"{""C"": 0.21880513302154797, ""class_weight"": null, ""l1_ratio"": 1.0}"
2,2,217,0,0.23751602410122444,0.2554732118231935,0.037290123758246245,"{""C"": 0.21880513302154797, ""class_weight"": null, ""l1_ratio"": 1.0}"
2,2,223,1,0.3765261640453844,0.38542073557591283,0.06764729546791777,"{""C"": 0.21880513302154797, ""class_weight"": null, ""l1_ratio"": 1.0}"
2,2,227,1,0.6256345962564023,0.6168972397596164,0.0440971989812749,"{""C"": 0.21880513302154797, ""class_weight"": null, ""l1_ratio"": 1.0}"
2,2,231,0,0.93155646046287,0.9147078765484935,0.04159173424214009,"{""C"": 0.21880513302154797, ""class_weight"": null, ""l1_ratio"": 1.0}"
2,2,239,1,0.8607976142341474,0.8402335851746863,0.044092192482044025,"{""C"": 0.21880513302154797, ""class_weight"": null, ""l1_ratio"": 1.0}"
2,2,240,1,0.8922405259206452,0.8708287713071952,0.06756532875120931,"{""C"": 0.21880513302154797, ""class_weight"": null, ""l1_ratio"": 1.0}"
2,2,243,0,0.780170457985955,0.7640216349222555,0.04570614121518823,"{""C"": 0.21880513302154797, ""class_weight"": null, ""l1_ratio"": 1.0}"
2,2,251,1,0.24626421324785422,0.25816601836563613,0.039381538315935515,"{""C"": 0.21880513302154797, ""class_weight"": null, ""l1_ratio"": 1.0}"
2,2,254,0,0.6180944396481625,0.5889310282071748,0.05575458710020105,"{""C"": 0.21880513302154797, ""class_weight"": null, ""l1_ratio"": 1.0}"
2,2,260,1,0.8444331651434362,0.8248574884197805,0.0598131781691185,"{""C"": 0.21880513302154797, ""class_weight"": null, ""l1_ratio"": 1.0}"
2,2,272,0,0.6674332474358456,0.6622870515564427,0.06858725694710208,"{""C"": 0.21880513302154797, ""class_weight"": null, ""l1_ratio"": 1.0}"
2,2,278,0,0.8149746903868215,0.8073297430278608,0.050351199608691645,"{""C"": 0.21880513302154797, ""class_weight"": null, ""l1_ratio"": 1.0}"
2,2,289,0,0.4277223770659868,0.4373246394178869,0.04278820660992286,"{""C"": 0.21880513302154797, ""class_weight"": null, ""l1_ratio"": 1.0}"
2,2,292,0,0.3572516496806374,0.3486647543672154,0.0233673926426938,"{""C"": 0.21880513302154797, ""class_weight"": null, ""l1_ratio"": 1.0}"
2,2,293,0,0.403337256619595,0.4100046126445268,0.06680235673059791,"{""C"": 0.21880513302154797, ""class_weight"": null, ""l1_ratio"": 1.0}"
2,2,295,0,0.46052216290923254,0.4667056088630382,0.0964752373102,"{""C"": 0.21880513302154797, ""class_weight"": null, ""l1_ratio"": 1.0}"
2,3,1,1,0.9705403994912366,0.9776571364343211,0.035138330261284156,"{""C"": 0.13319726864026818, ""class_weight"": ""balanced"", ""l1_ratio"": 1.0}"
2,3,2,1,0.8210597952369871,0.886079370800104,0.052067611822439006,"{""C"": 0.13319726864026818, ""class_weight"": ""balanced"", ""l1_ratio"": 1.0}"
2,3,7,1,0.9659467712430605,0.9774330622782197,0.033285024407781645,"{""C"": 0.13319726864026818, ""class_weight"": ""balanced"", ""l1_ratio"": 1.0}"
2,3,13,1,0.6915403421585208,0.794990815393156,0.09656839222294177,"{""C"": 0.13319726864026818, ""class_weight"": ""balanced"", ""l1_ratio"": 1.0}"
2,3,16,0,0.30608287075080176,0.32341081158896073,0.07499334282192358,"{""C"": 0.13319726864026818, ""class_weight"": ""balanced"", ""l1_ratio"": 1.0}"
2,3,23,1,0.7434724607040826,0.8230312189957255,0.07036470909040574,"{""C"": 0.13319726864026818, ""class_weight"": ""balanced"", ""l1_ratio"": 1.0}"
2,3,24,1,0.47488175315600323,0.49569008242670165,0.06318349291881799,"{""C"": 0.13319726864026818, ""class_weight"": ""balanced"", ""l1_ratio"": 1.0}"
2,3,29,0,0.6999240168803212,0.7649557404989343,0.048594417149311724,"{""C"": 0.13319726864026818, ""class_weight"": ""balanced"", ""l1_ratio"": 1.0}"
2,3,35,0,0.18734289712884516,0.16164118277024903,0.07323402363019915,"{""C"": 0.13319726864026818, ""class_weight"": ""balanced"", ""l1_ratio"": 1.0}"
2,3,38,1,0.9569632713121268,0.9759354776767181,0.03292835868241724,"{""C"": 0.13319726864026818, ""class_weight"": ""balanced"", ""l1_ratio"": 1.0}"
2,3,44,0,0.6339734003885439,0.7279275125728175,0.1086495486896654,"{""C"": 0.13319726864026818, ""class_weight"": ""balanced"", ""l1_ratio"": 1.0}"
2,3,46,1,0.5287473437219834,0.5789396819077519,0.014000543194374677,"{""C"": 0.13319726864026818, ""class_weight"": ""balanced"", ""l1_ratio"": 1.0}"
2,3,61,1,0.2787518043270629,0.24893018141060413,0.09048311203884263,"{""C"": 0.13319726864026818, ""class_weight"": ""balanced"", ""l1_ratio"": 1.0}"
2,3,63,1,0.6445717080893191,0.7496769694576868,0.09004737230063217,"{""C"": 0.13319726864026818, ""class_weight"": ""balanced"", ""l1_ratio"": 1.0}"
2,3,66,1,0.8609951729753201,0.9180593355845437,0.07069680444466243,"{""C"": 0.13319726864026818, ""class_weight"": ""balanced"", ""l1_ratio"": 1.0}"
2,3,73,0,0.510210441372825,0.5726181885139159,0.0328023837940834,"{""C"": 0.13319726864026818, ""class_weight"": ""balanced"", ""l1_ratio"": 1.0}"
2,3,76,1,0.7905741904452833,0.8622399514517006,0.08050858778589184,"{""C"": 0.13319726864026818, ""class_weight"": ""balanced"", ""l1_ratio"": 1.0}"
2,3,77,0,0.6718283112650982,0.7357531217691118,0.0889658691190658,"{""C"": 0.13319726864026818, ""class_weight"": ""balanced"", ""l1_ratio"": 1.0}"
2,3,96,1,0.7506961949741242,0.8311265658017278,0.07480153481338783,"{""C"": 0.13319726864026818, ""class_weight"": ""balanced"", ""l1_ratio"": 1.0}"
2,3,99,1,0.545561284487423,0.6311667549163276,0.11737589654243745,"{""C"": 0.13319726864026818, ""class_weight"": ""balanced"", ""l1_ratio"": 1.0}"
2,3,109,0,0.6229629348623749,0.6840585748398315,0.05660419393792018,"{""C"": 0.13319726864026818, ""class_weight"": ""balanced"", ""l1_ratio"": 1.0}"
2,3,110,0,0.20724377886001194,0.17943189087288713,0.07076079609128837,"{""C"": 0.13319726864026818, ""class_weight"": ""balanced"", ""l1_ratio"": 1.0}"
2,3,116,1,0.7383115775406222,0.8238421482334548,0.07340344649443381,"{""C"": 0.13319726864026818, ""class_weight"": ""balanced"", ""l1_ratio"": 1.0}"
2,3,130,0,0.24772469812950645,0.22377002865069856,0.08847495099451051,"{""C"": 0.13319726864026818, ""class_weight"": ""balanced"", ""l1_ratio"": 1.0}"
2,3,141,1,0.750762304785404,0.8070421792957075,0.06906267519936767,"{""C"": 0.13319726864026818, ""class_weight"": ""balanced"", ""l1_ratio"": 1.0}"
2,3,147,1,0.4379071165244173,0.45838026150575173,0.06145815707831012,"{""C"": 0.13319726864026818, ""class_weight"": ""balanced"", ""l1_ratio"": 1.0}"
2,3,164,1,0.8337415705747243,0.892660660179337,0.060049452150987594,"{""C"": 0.13319726864026818, ""class_weight"": ""balanced"", ""l1_ratio"": 1.0}"
2,3,168,0,0.2082955692241734,0.17777863517661516,0.08401884696630481,"{""C"": 0.13319726864026818, ""class_weight"": ""balanced"", ""l1_ratio"": 1.0}"
2,3,180,1,0.4289583936116302,0.476433652432992,0.07672922367291828,"{""C"": 0.13319726864026818, ""class_weight"": ""balanced"", ""l1_ratio"": 1.0}"
2,3,181,1,0.8022952068232749,0.8654791453908259,0.06152226610151113,"{""C"": 0.13319726864026818, ""class_weight"": ""balanced"", ""l1_ratio"": 1.0}"
2,3,195,0,0.5536007525842319,0.5951593173926434,0.02128280022058169,"{""C"": 0.13319726864026818, ""class_weight"": ""balanced"", ""l1_ratio"": 1.0}"
2,3,196,0,0.17338023584767356,0.15811923588273746,0.07420065724726346,"{""C"": 0.13319726864026818, ""class_weight"": ""balanced"", ""l1_ratio"": 1.0}"
2,3,198,1,0.6412169977412909,0.7266690885737435,0.052627236435058816,"{""C"": 0.13319726864026818, ""class_weight"": ""balanced"", ""l1_ratio"": 1.0}"
2,3,199,0,0.325835029030275,0.31164541773455784,0.09648595103934975,"{""C"": 0.13319726864026818, ""class_weight"": ""balanced"", ""l1_ratio"": 1.0}"
2,3,204,0,0.367588346396397,0.38459478940859115,0.09492837769185522,"{""C"": 0.13319726864026818, ""class_weight"": ""balanced"", ""l1_ratio"": 1.0}"
2,3,206,1,0.5182478398696206,0.5611532997553025,0.040967678426011636,"{""C"": 0.13319726864026818, ""class_weight"": ""balanced"", ""l1_ratio"": 1.0}"
2,3,214,0,0.6790000811584357,0.7667630591109377,0.07689008535544427,"{""C"": 0.13319726864026818, ""class_weight"": ""balanced"", ""l1_ratio"": 1.0}"
2,3,219,1,0.18882481576557109,0.15930281566277424,0.07284591863501888,"{""C"": 0.13319726864026818, ""class_weight"": ""balanced"", ""l1_ratio"": 1.0}"
2,3,220,1,0.5934267452870328,0.6436260788501714,0.06328869794834845,"{""C"": 0.13319726864026818, ""class_weight"": ""balanced"", ""l1_ratio"": 1.0}"
2,3,222,1,0.6417510091720287,0.7226769276836207,0.10360366943199745,"{""C"": 0.13319726864026818, ""class_weight"": ""balanced"", ""l1_ratio"": 1.0}"
2,3,224,1,0.8064987428023822,0.8820410256459841,0.0704379527161305,"{""C"": 0.13319726864026818, ""class_weight"": ""balanced"", ""l1_ratio"": 1.0}"
2,3,228,1,0.5130387184534602,0.5447898687834378,0.06863035896835856,"{""C"": 0.13319726864026818, ""class_weight"": ""balanced"", ""l1_ratio"": 1.0}"
2,3,233,0,0.33672199831718896,0.34332057827972046,0.06774619098181664,"{""C"": 0.13319726864026818, ""class_weight"": ""balanced"", ""l1_ratio"": 1.0}"
2,3,236,1,0.32832908708609987,0.360931504958934,0.08030773556451928,"{""C"": 0.13319726864026818, ""class_weight"": ""balanced"", ""l1_ratio"": 1.0}"
2,3,241,1,0.35043007405178334,0.33793467774000885,0.04638425525857836,"{""C"": 0.13319726864026818, ""class_weight"": ""balanced"", ""l1_ratio"": 1.0}"
2,3,246,1,0.8060254339275618,0.8534779856464969,0.0684395675853429,"{""C"": 0.13319726864026818, ""class_weight"": ""balanced"", ""l1_ratio"": 1.0}"
2,3,253,1,0.497217436198489,0.5007990085638392,0.05444979344370633,"{""C"": 0.13319726864026818, ""class_weight"": ""balanced"", ""l1_ratio"": 1.0}"
2,3,259,1,0.40967214930211077,0.4068730073468344,0.1030745081988325,"{""C"": 0.13319726864026818, ""class_weight"": ""balanced"", ""l1_ratio"": 1.0}"
2,3,261,0,0.2031110615551155,0.17090811525931976,0.07918156387580619,"{""C"": 0.13319726864026818, ""class_weight"": ""balanced"", ""l1_ratio"": 1.0}"
2,3,266,0,0.577152088441262,0.6193500108915565,0.07704001390658315,"{""C"": 0.13319726864026818, ""class_weight"": ""balanced"", ""l1_ratio"": 1.0}"
2,3,268,0,0.4209327144538924,0.4510401530483713,0.054812833672948834,"{""C"": 0.13319726864026818, ""class_weight"": ""balanced"", ""l1_ratio"": 1.0}"
2,3,273,1,0.7935751167953677,0.8641818655905624,0.07479282016833819,"{""C"": 0.13319726864026818, ""class_weight"": ""balanced"", ""l1_ratio"": 1.0}"
2,3,275,1,0.5918783255470159,0.6504105625821188,0.08077871699018108,"{""C"": 0.13319726864026818, ""class_weight"": ""balanced"", ""l1_ratio"": 1.0}"
2,3,280,0,0.33876484027483267,0.3140559911403067,0.12458325326723521,"{""C"": 0.13319726864026818, ""class_weight"": ""balanced"", ""l1_ratio"": 1.0}"
2,3,284,0,0.4698884831718227,0.5100197956814638,0.037989024465377344,"{""C"": 0.13319726864026818, ""class_weight"": ""balanced"", ""l1_ratio"": 1.0}"
2,3,288,0,0.4231564133604465,0.4403265148672707,0.06041006704139209,"{""C"": 0.13319726864026818, ""class_weight"": ""balanced"", ""l1_ratio"": 1.0}"
2,3,294,1,0.42812847454859376,0.471999147971946,0.09987848963566626,"{""C"": 0.13319726864026818, ""class_weight"": ""balanced"", ""l1_ratio"": 1.0}"
2,3,297,0,0.14455467581522527,0.12136700297063227,0.06809254177653272,"{""C"": 0.13319726864026818, ""class_weight"": ""balanced"", ""l1_ratio"": 1.0}"
2,3,299,0,0.28635962915991914,0.306863762964768,0.12495793115772887,"{""C"": 0.13319726864026818, ""class_weight"": ""balanced"", ""l1_ratio"": 1.0}"
2,3,300,0,0.22989746748078624,0.19487829191822664,0.07610676012774485,"{""C"": 0.13319726864026818, ""class_weight"": ""balanced"", ""l1_ratio"": 1.0}"
2,4,0,1,0.49045023490535705,0.435733470848613,0.06989984695197234,"{""C"": 0.3892067184296954, ""class_weight"": null, ""l1_ratio"": 1.0}"
2,4,10,1,0.4421103923058015,0.4540607458102814,0.12550077294745876,"{""C"": 0.3892067184296954, ""class_weight"": null, ""l1_ratio"": 1.0}"
2,4,14,1,0.16219864275846385,0.20371616769228754,0.10283756674049067,"{""C"": 0.3892067184296954, ""class_weight"": null, ""l1_ratio"": 1.0}"
2,4,18,1,0.5925481015035738,0.6076228245363946,0.07831719095126902,"{""C"": 0.3892067184296954, ""class_weight"": null, ""l1_ratio"": 1.0}"
2,4,19,0,0.770363670865697,0.7394705834723784,0.03112587234391275,"{""C"": 0.3892067184296954, ""class_weight"": null, ""l1_ratio"": 1.0}"
2,4,25,1,0.9873301324380575,0.9604469283408216,0.035111869995188644,"{""C"": 0.3892067184296954, ""class_weight"": null, ""l1_ratio"": 1.0}"
2,4,26,0,0.3185516834153529,0.341410973663006,0.15949026379155862,"{""C"": 0.3892067184296954, ""class_weight"": null, ""l1_ratio"": 1.0}"
2,4,28,1,0.9932055238322712,0.9778723590337861,0.01700640935122311,"{""C"": 0.3892067184296954, ""class_weight"": null, ""l1_ratio"": 1.0}"
2,4,51,1,0.4597435345436361,0.466474229335868,0.09357891548493821,"{""C"": 0.3892067184296954, ""class_weight"": null, ""l1_ratio"": 1.0}"
2,4,52,1,0.9940537884583858,0.9820956225954687,0.015444499440009172,"{""C"": 0.3892067184296954, ""class_weight"": null, ""l1_ratio"": 1.0}"
2,4,56,1,0.7400284640188429,0.7343132847639778,0.10861339554511837,"{""C"": 0.3892067184296954, ""class_weight"": null, ""l1_ratio"": 1.0}"
2,4,75,1,0.20606349773506072,0.24052728212952426,0.0777053126546366,"{""C"": 0.3892067184296954, ""class_weight"": null, ""l1_ratio"": 1.0}"
2,4,79,0,0.14931085080051207,0.18378716635499925,0.08547872826735313,"{""C"": 0.3892067184296954, ""class_weight"": null, ""l1_ratio"": 1.0}"
2,4,84,0,0.9273939548937972,0.8668124931939498,0.05810053188650311,"{""C"": 0.3892067184296954, ""class_weight"": null, ""l1_ratio"": 1.0}"
2,4,87,1,0.9065192696957972,0.8546298303933652,0.07000905089093802,"{""C"": 0.3892067184296954, ""class_weight"": null, ""l1_ratio"": 1.0}"
2,4,88,0,0.9542681490259157,0.9158517674974398,0.03957692485978953,"{""C"": 0.3892067184296954, ""class_weight"": null, ""l1_ratio"": 1.0}"
2,4,91,0,0.4855092489146429,0.46318448429102316,0.06349413492254673,"{""C"": 0.3892067184296954, ""class_weight"": null, ""l1_ratio"": 1.0}"
2,4,92,1,0.961006137860253,0.9111664856646986,0.048680715424704195,"{""C"": 0.3892067184296954, ""class_weight"": null, ""l1_ratio"": 1.0}"
2,4,100,1,0.8938067964342351,0.8310650304477194,0.06447524659252434,"{""C"": 0.3892067184296954, ""class_weight"": null, ""l1_ratio"": 1.0}"
2,4,102,0,0.11147203009796489,0.13907492260693954,0.07615318904823784,"{""C"": 0.3892067184296954, ""class_weight"": null, ""l1_ratio"": 1.0}"
2,4,103,1,0.9715928762302439,0.9371845565784345,0.04296585079839472,"{""C"": 0.3892067184296954, ""class_weight"": null, ""l1_ratio"": 1.0}"
2,4,106,1,0.6971204122665431,0.6606774045398722,0.08527907766668724,"{""C"": 0.3892067184296954, ""class_weight"": null, ""l1_ratio"": 1.0}"
2,4,124,1,0.36858402607992935,0.4536700339851724,0.12041768449861501,"{""C"": 0.3892067184296954, ""class_weight"": null, ""l1_ratio"": 1.0}"
2,4,129,0,0.24229814213488227,0.2873050372434455,0.15284904583316267,"{""C"": 0.3892067184296954, ""class_weight"": null, ""l1_ratio"": 1.0}"
2,4,132,1,0.9393055865105835,0.8930987832277625,0.07377982294131123,"{""C"": 0.3892067184296954, ""class_weight"": null, ""l1_ratio"": 1.0}"
2,4,144,1,0.9809812914978456,0.9320410231704855,0.05332519139028536,"{""C"": 0.3892067184296954, ""class_weight"": null, ""l1_ratio"": 1.0}"
2,4,146,1,0.9959543565867367,0.9809600207496437,0.020444545516356476,"{""C"": 0.3892067184296954, ""class_weight"": null, ""l1_ratio"": 1.0}"
2,4,151,0,0.4405016152905395,0.44662972574941184,0.08686409131915633,"{""C"": 0.3892067184296954, ""class_weight"": null, ""l1_ratio"": 1.0}"
2,4,157,1,0.5633668482511774,0.5213220985893992,0.06530205348864528,"{""C"": 0.3892067184296954, ""class_weight"": null, ""l1_ratio"": 1.0}"
2,4,163,1,0.8523041609592046,0.8091300069194377,0.0758141746023405,"{""C"": 0.3892067184296954, ""class_weight"": null, ""l1_ratio"": 1.0}"
2,4,173,1,0.7507320904751782,0.758516575695726,0.09023877721415598,"{""C"": 0.3892067184296954, ""class_weight"": null, ""l1_ratio"": 1.0}"
2,4,175,0,0.4691649798083193,0.4612940073045366,0.07586521807543664,"{""C"": 0.3892067184296954, ""class_weight"": null, ""l1_ratio"": 1.0}"
2,4,185,0,0.5346898741577315,0.5276339930838071,0.1031209556308173,"{""C"": 0.3892067184296954, ""class_weight"": null, ""l1_ratio"": 1.0}"
2,4,188,1,0.37434157342369695,0.37362026028132744,0.049933521819455776,"{""C"": 0.3892067184296954, ""class_weight"": null, ""l1_ratio"": 1.0}"
2,4,191,1,0.8017107857081288,0.7500732228907873,0.07873546497291083,"{""C"": 0.3892067184296954, ""class_weight"": null, ""l1_ratio"": 1.0}"
2,4,209,1,0.7391979125934709,0.7151837263969528,0.11602119033482892,"{""C"": 0.3892067184296954, ""class_weight"": null, ""l1_ratio"": 1.0}"
2,4,210,0,0.06021205899430372,0.09322876355053741,0.05796898175278091,"{""C"": 0.3892067184296954, ""class_weight"": null, ""l1_ratio"": 1.0}"
2,4,212,0,0.05825195882757339,0.10454142188965292,0.06566142145473604,"{""C"": 0.3892067184296954, ""class_weight"": null, ""l1_ratio"": 1.0}"
2,4,215,1,0.5972229681991391,0.5481822832229728,0.05986893202900996,"{""C"": 0.3892067184296954, ""class_weight"": null, ""l1_ratio"": 1.0}"
2,4,216,0,0.7144289916445329,0.6638191760313489,0.07046803495960804,"{""C"": 0.3892067184296954, ""class_weight"": null, ""l1_ratio"": 1.0}"
2,4,232,1,0.7565202897801705,0.7311382979204323,0.06518123197902284,"{""C"": 0.3892067184296954, ""class_weight"": null, ""l1_ratio"": 1.0}"
2,4,234,0,0.46126689319052433,0.46122512689242845,0.07835445317472979,"{""C"": 0.3892067184296954, ""class_weight"": null, ""l1_ratio"": 1.0}"
2,4,235,1,0.9899716695615485,0.9584045084931201,0.03990552600715681,"{""C"": 0.3892067184296954, ""class_weight"": null, ""l1_ratio"": 1.0}"
2,4,238,1,0.1891567253667745,0.21130800888870443,0.11027375929281216,"{""C"": 0.3892067184296954, ""class_weight"": null, ""l1_ratio"": 1.0}"
2,4,250,1,0.6356082720045357,0.6003912377415952,0.05477381287606541,"{""C"": 0.3892067184296954, ""class_weight"": null, ""l1_ratio"": 1.0}"
2,4,262,1,0.4449176518479509,0.41788834368695627,0.0956444986393603,"{""C"": 0.3892067184296954, ""class_weight"": null, ""l1_ratio"": 1.0}"
2,4,263,0,0.09439198478557081,0.14530236461335364,0.08031303218042024,"{""C"": 0.3892067184296954, ""class_weight"": null, ""l1_ratio"": 1.0}"
2,4,264,0,0.10726041226326637,0.15932960136214125,0.07162459788863579,"{""C"": 0.3892067184296954, ""class_weight"": null, ""l1_ratio"": 1.0}"
2,4,265,0,0.41668088464826597,0.4581762054275333,0.1230722897846785,"{""C"": 0.3892067184296954, ""class_weight"": null, ""l1_ratio"": 1.0}"
2,4,267,1,0.744439383848268,0.7053032252924336,0.08343597960481258,"{""C"": 0.3892067184296954, ""class_weight"": null, ""l1_ratio"": 1.0}"
2,4,270,0,0.1353841529314201,0.15985963904609754,0.06845369809362652,"{""C"": 0.3892067184296954, ""class_weight"": null, ""l1_ratio"": 1.0}"
2,4,276,0,0.29532397755046286,0.2866154323387941,0.0543976319542295,"{""C"": 0.3892067184296954, ""class_weight"": null, ""l1_ratio"": 1.0}"
2,4,277,1,0.9631565907066703,0.9225504493882788,0.04405666817203858,"{""C"": 0.3892067184296954, ""class_weight"": null, ""l1_ratio"": 1.0}"
2,4,279,0,0.6377805599441386,0.5917571128086246,0.07239145346492347,"{""C"": 0.3892067184296954, ""class_weight"": null, ""l1_ratio"": 1.0}"
2,4,281,1,0.5684346956008396,0.5560151347736058,0.07326994509826872,"{""C"": 0.3892067184296954, ""class_weight"": null, ""l1_ratio"": 1.0}"
2,4,282,0,0.7682091895145969,0.7259587273602303,0.09410348517202478,"{""C"": 0.3892067184296954, ""class_weight"": null, ""l1_ratio"": 1.0}"
2,4,285,0,0.27306202838936405,0.28981113842482414,0.090052957423057,"{""C"": 0.3892067184296954, ""class_weight"": null, ""l1_ratio"": 1.0}"
2,4,287,0,0.2747498989510525,0.3038844016844858,0.10653120855993424,"{""C"": 0.3892067184296954, ""class_weight"": null, ""l1_ratio"": 1.0}"
2,4,291,0,0.4498487572791609,0.42657175307539436,0.11186934696509496,"{""C"": 0.3892067184296954, ""class_weight"": null, ""l1_ratio"": 1.0}"
2,4,298,1,0.6934801320074527,0.6455218862830641,0.026886742408475557,"{""C"": 0.3892067184296954, ""class_weight"": null, ""l1_ratio"": 1.0}"
3,0,0,1,0.22972837357593387,0.27142289800157327,0.08538985740584475,"{""C"": 0.18357923807986784, ""class_weight"": ""balanced"", ""l1_ratio"": 1.0}"
3,0,9,0,0.9216679884973383,0.9289080622117358,0.038908423240059574,"{""C"": 0.18357923807986784, ""class_weight"": ""balanced"", ""l1_ratio"": 1.0}"
3,0,12,1,0.9874140259918672,0.9784788340329049,0.02874796869477383,"{""C"": 0.18357923807986784, ""class_weight"": ""balanced"", ""l1_ratio"": 1.0}"
3,0,19,0,0.8610550918125306,0.8716190030099451,0.0615153463222018,"{""C"": 0.18357923807986784, ""class_weight"": ""balanced"", ""l1_ratio"": 1.0}"
3,0,21,1,0.6388511253568138,0.6812297917831568,0.06642562081163757,"{""C"": 0.18357923807986784, ""class_weight"": ""balanced"", ""l1_ratio"": 1.0}"
3,0,29,0,0.7623061530131211,0.7783476314525783,0.060329325300826686,"{""C"": 0.18357923807986784, ""class_weight"": ""balanced"", ""l1_ratio"": 1.0}"
3,0,32,1,0.5497023712176787,0.6123370322447796,0.036484295296753635,"{""C"": 0.18357923807986784, ""class_weight"": ""balanced"", ""l1_ratio"": 1.0}"
3,0,41,0,0.15068345964750596,0.16648417822144185,0.06384996484189419,"{""C"": 0.18357923807986784, ""class_weight"": ""balanced"", ""l1_ratio"": 1.0}"
3,0,57,1,0.9170449114630322,0.9255909646145124,0.052921046613405555,"{""C"": 0.18357923807986784, ""class_weight"": ""balanced"", ""l1_ratio"": 1.0}"
3,0,63,1,0.4410337108167232,0.5961135728182062,0.03613593021669748,"{""C"": 0.18357923807986784, ""class_weight"": ""balanced"", ""l1_ratio"": 1.0}"
3,0,67,0,0.24203335588340277,0.27062826402391005,0.08292380679984315,"{""C"": 0.18357923807986784, ""class_weight"": ""balanced"", ""l1_ratio"": 1.0}"
3,0,68,0,0.18541279468428318,0.22058059517288,0.07343076336614641,"{""C"": 0.18357923807986784, ""class_weight"": ""balanced"", ""l1_ratio"": 1.0}"
3,0,70,0,0.1617360160914628,0.1949107565239523,0.06265784500459684,"{""C"": 0.18357923807986784, ""class_weight"": ""balanced"", ""l1_ratio"": 1.0}"
3,0,83,1,0.8333769758077242,0.8610733345926171,0.03406992363961515,"{""C"": 0.18357923807986784, ""class_weight"": ""balanced"", ""l1_ratio"": 1.0}"
3,0,85,0,0.5382693652647695,0.5772989603860392,0.04734495730820019,"{""C"": 0.18357923807986784, ""class_weight"": ""balanced"", ""l1_ratio"": 1.0}"
3,0,94,1,0.9565070956960239,0.9471191688912404,0.05109644903222407,"{""C"": 0.18357923807986784, ""class_weight"": ""balanced"", ""l1_ratio"": 1.0}"
3,0,96,1,0.8486184040569376,0.8538898798260721,0.0633138985138083,"{""C"": 0.18357923807986784, ""class_weight"": ""balanced"", ""l1_ratio"": 1.0}"
3,0,102,0,0.17678765835105165,0.2025607510458423,0.06463867348173956,"{""C"": 0.18357923807986784, ""class_weight"": ""balanced"", ""l1_ratio"": 1.0}"
3,0,104,0,0.32783787332464237,0.3691119451418411,0.047397193132868665,"{""C"": 0.18357923807986784, ""class_weight"": ""balanced"", ""l1_ratio"": 1.0}"
3,0,113,0,0.17280869929408713,0.19358474967803546,0.05712090135283745,"{""C"": 0.18357923807986784, ""class_weight"": ""balanced"", ""l1_ratio"": 1.0}"
3,0,114,1,0.9946512685058058,0.9898885070127867,0.014185317868566598,"{""C"": 0.18357923807986784, ""class_weight"": ""balanced"", ""l1_ratio"": 1.0}"
3,0,117,1,0.6705417408393113,0.7095846639647102,0.05401332728171562,"{""C"": 0.18357923807986784, ""class_weight"": ""balanced"", ""l1_ratio"": 1.0}"
3,0,118,1,0.7137188816868472,0.7121289851359072,0.054962603831106654,"{""C"": 0.18357923807986784, ""class_weight"": ""balanced"", ""l1_ratio"": 1.0}"
3,0,120,1,0.6981643257506934,0.7398467744919541,0.07728957823981378,"{""C"": 0.18357923807986784, ""class_weight"": ""balanced"", ""l1_ratio"": 1.0}"
3,0,123,1,0.3413243804738538,0.39506307565339405,0.0695957092984499,"{""C"": 0.18357923807986784, ""class_weight"": ""balanced"", ""l1_ratio"": 1.0}"
3,0,132,1,0.8099549093684848,0.8361560485509223,0.07994153005723467,"{""C"": 0.18357923807986784, ""class_weight"": ""balanced"", ""l1_ratio"": 1.0}"
3,0,138,1,0.597919194829706,0.6188947444101588,0.02759537352841429,"{""C"": 0.18357923807986784, ""class_weight"": ""balanced"", ""l1_ratio"": 1.0}"
3,0,140,1,0.9144880820805821,0.9071556763452187,0.07757322385257488,"{""C"": 0.18357923807986784, ""class_weight"": ""balanced"", ""l1_ratio"": 1.0}"
3,0,146,1,0.9667289950721423,0.9674758822125167,0.031211029284284812,"{""C"": 0.18357923807986784, ""class_weight"": ""balanced"", ""l1_ratio"": 1.0}"
3,0,148,1,0.35589973262114427,0.40133092691657823,0.08868978947684886,"{""C"": 0.18357923807986784, ""class_weight"": ""balanced"", ""l1_ratio"": 1.0}"
3,0,156,1,0.5433932595917688,0.5933647880612757,0.1041640074571655,"{""C"": 0.18357923807986784, ""class_weight"": ""balanced"", ""l1_ratio"": 1.0}"
3,0,159,1,0.9397290900506338,0.940411972347991,0.05200229752005762,"{""C"": 0.18357923807986784, ""class_weight"": ""balanced"", ""l1_ratio"": 1.0}"
3,0,162,1,0.831840290685308,0.8463506799358322,0.07323110463478341,"{""C"": 0.18357923807986784, ""class_weight"": ""balanced"", ""l1_ratio"": 1.0}"
3,0,163,1,0.6514662413599132,0.662643073096739,0.12767651080214276,"{""C"": 0.18357923807986784, ""class_weight"": ""balanced"", ""l1_ratio"": 1.0}"
3,0,167,1,0.5824814446384223,0.6052908548786602,0.08133541659412559,"{""C"": 0.18357923807986784, ""class_weight"": ""balanced"", ""l1_ratio"": 1.0}"
3,0,168,0,0.2302006448340408,0.24124853159330453,0.04824756354874708,"{""C"": 0.18357923807986784, ""class_weight"": ""balanced"", ""l1_ratio"": 1.0}"
3,0,174,1,0.9867133130621002,0.9829271888327865,0.018059568373094394,"{""C"": 0.18357923807986784, ""class_weight"": ""balanced"", ""l1_ratio"": 1.0}"
3,0,175,0,0.4315372278522489,0.4683871899739674,0.029350221974976692,"{""C"": 0.18357923807986784, ""class_weight"": ""balanced"", ""l1_ratio"": 1.0}"
3,0,193,0,0.37387883810172656,0.41478453707029733,0.09202373923837594,"{""C"": 0.18357923807986784, ""class_weight"": ""balanced"", ""l1_ratio"": 1.0}"
3,0,212,0,0.12347468929454408,0.13745830177660617,0.04539545926848807,"{""C"": 0.18357923807986784, ""class_weight"": ""balanced"", ""l1_ratio"": 1.0}"
3,0,216,0,0.4229940436215615,0.45745600287722626,0.08456958610715518,"{""C"": 0.18357923807986784, ""class_weight"": ""balanced"", ""l1_ratio"": 1.0}"
3,0,218,0,0.20579100011792203,0.23373726471398518,0.06939839526734737,"{""C"": 0.18357923807986784, ""class_weight"": ""balanced"", ""l1_ratio"": 1.0}"
3,0,219,1,0.1689897288941496,0.19181683097809207,0.06221082080484036,"{""C"": 0.18357923807986784, ""class_weight"": ""balanced"", ""l1_ratio"": 1.0}"
3,0,221,1,0.33555601832274723,0.420903886625851,0.07670815307471487,"{""C"": 0.18357923807986784, ""class_weight"": ""balanced"", ""l1_ratio"": 1.0}"
3,0,232,1,0.8410161531484053,0.8657940180059898,0.07510449758649886,"{""C"": 0.18357923807986784, ""class_weight"": ""balanced"", ""l1_ratio"": 1.0}"
3,0,233,0,0.30869680507254316,0.32526133519688694,0.05439526917478779,"{""C"": 0.18357923807986784, ""class_weight"": ""balanced"", ""l1_ratio"": 1.0}"
3,0,234,0,0.2873611944741136,0.312509232800455,0.05421772703797803,"{""C"": 0.18357923807986784, ""class_weight"": ""balanced"", ""l1_ratio"": 1.0}"
3,0,237,1,0.4346931832812558,0.45751715899767226,0.06618660298548038,"{""C"": 0.18357923807986784, ""class_weight"": ""balanced"", ""l1_ratio"": 1.0}"
3,0,238,1,0.22576326054455517,0.2499262707327452,0.07114633673486637,"{""C"": 0.18357923807986784, ""class_weight"": ""balanced"", ""l1_ratio"": 1.0}"
3,0,244,1,0.36095180476345184,0.38470671483338964,0.0720108300955875,"{""C"": 0.18357923807986784, ""class_weight"": ""balanced"", ""l1_ratio"": 1.0}"
3,0,245,1,0.3640342083979948,0.3746346404588706,0.05683152437384402,"{""C"": 0.18357923807986784, ""class_weight"": ""balanced"", ""l1_ratio"": 1.0}"
3,0,251,1,0.24074608473083364,0.24303041289427246,0.047385808435676316,"{""C"": 0.18357923807986784, ""class_weight"": ""balanced"", ""l1_ratio"": 1.0}"
3,0,253,1,0.4540647803454342,0.4799171361303622,0.04935676132512209,"{""C"": 0.18357923807986784, ""class_weight"": ""balanced"", ""l1_ratio"": 1.0}"
3,0,263,0,0.1351158264624435,0.1539043440972721,0.04534314642171652,"{""C"": 0.18357923807986784, ""class_weight"": ""balanced"", ""l1_ratio"": 1.0}"
3,0,275,1,0.6337761530452226,0.6866000264676189,0.10440659631676043,"{""C"": 0.18357923807986784, ""class_weight"": ""balanced"", ""l1_ratio"": 1.0}"
3,0,276,0,0.23754082943950847,0.2657173496557327,0.05128299155143296,"{""C"": 0.18357923807986784, ""class_weight"": ""balanced"", ""l1_ratio"": 1.0}"
3,0,279,0,0.47696860447160677,0.49427258971971,0.06871974825370361,"{""C"": 0.18357923807986784, ""class_weight"": ""balanced"", ""l1_ratio"": 1.0}"
3,0,281,1,0.40047230467978184,0.44698306362270024,0.06356282362808865,"{""C"": 0.18357923807986784, ""class_weight"": ""balanced"", ""l1_ratio"": 1.0}"
3,0,288,0,0.31071410187762816,0.368053085679419,0.08539554962024694,"{""C"": 0.18357923807986784, ""class_weight"": ""balanced"", ""l1_ratio"": 1.0}"
3,0,292,0,0.20893875589253058,0.25580525512770036,0.06560788489086589,"{""C"": 0.18357923807986784, ""class_weight"": ""balanced"", ""l1_ratio"": 1.0}"
3,0,293,0,0.2383456227808051,0.26292908218723643,0.06347078948333976,"{""C"": 0.18357923807986784, ""class_weight"": ""balanced"", ""l1_ratio"": 1.0}"
3,1,4,0,0.21891466673343293,0.23017843090995402,0.06420751051097483,"{""C"": 0.19366285470008457, ""class_weight"": null, ""l1_ratio"": 1.0}"
3,1,6,1,0.9371926731949716,0.9332204186396946,0.05291951186646561,"{""C"": 0.19366285470008457, ""class_weight"": null, ""l1_ratio"": 1.0}"
3,1,11,1,0.9779101648094902,0.9754977697029353,0.0228263921809862,"{""C"": 0.19366285470008457, ""class_weight"": null, ""l1_ratio"": 1.0}"
3,1,14,1,0.3010464615297052,0.3162892787185344,0.07516097260443001,"{""C"": 0.19366285470008457, ""class_weight"": null, ""l1_ratio"": 1.0}"
3,1,15,1,0.8294374018709241,0.8190601406093855,0.03286713717499874,"{""C"": 0.19366285470008457, ""class_weight"": null, ""l1_ratio"": 1.0}"
3,1,27,0,0.404451323300086,0.353623147585363,0.06265213158743407,"{""C"": 0.19366285470008457, ""class_weight"": null, ""l1_ratio"": 1.0}"
3,1,33,1,0.8122627116178822,0.8180483524199269,0.04800675120339417,"{""C"": 0.19366285470008457, ""class_weight"": null, ""l1_ratio"": 1.0}"
3,1,35,0,0.19270238734305287,0.1884624094607534,0.0597780243694063,"{""C"": 0.19366285470008457, ""class_weight"": null, ""l1_ratio"": 1.0}"
3,1,37,1,0.901631066584016,0.9012563427459153,0.04425367639478429,"{""C"": 0.19366285470008457, ""class_weight"": null, ""l1_ratio"": 1.0}"
3,1,40,1,0.9764968808417618,0.9713766796342064,0.016741870733226038,"{""C"": 0.19366285470008457, ""class_weight"": null, ""l1_ratio"": 1.0}"
3,1,44,0,0.6639300178275641,0.6316536405335424,0.08522352102758805,"{""C"": 0.19366285470008457, ""class_weight"": null, ""l1_ratio"": 1.0}"
3,1,47,1,0.869107620757158,0.850885661356006,0.025629774725560057,"{""C"": 0.19366285470008457, ""class_weight"": null, ""l1_ratio"": 1.0}"
3,1,48,0,0.37817150751001233,0.3760930677563585,0.0944880196685033,"{""C"": 0.19366285470008457, ""class_weight"": null, ""l1_ratio"": 1.0}"
3,1,50,0,0.4990309142300481,0.5003335115094533,0.052535824824938814,"{""C"": 0.19366285470008457, ""class_weight"": null, ""l1_ratio"": 1.0}"
3,1,54,0,0.5796821092746935,0.5782058086349243,0.05674381923597985,"{""C"": 0.19366285470008457, ""class_weight"": null, ""l1_ratio"": 1.0}"
3,1,58,1,0.5092437192314537,0.4919662427063322,0.05690951679976066,"{""C"": 0.19366285470008457, ""class_weight"": null, ""l1_ratio"": 1.0}"
3,1,59,1,0.8634137737737878,0.8560615673394627,0.07628052604373249,"{""C"": 0.19366285470008457, ""class_weight"": null, ""l1_ratio"": 1.0}"
3,1,73,0,0.5077935610217097,0.5434966318895575,0.03049054603879037,"{""C"": 0.19366285470008457, ""class_weight"": null, ""l1_ratio"": 1.0}"
3,1,80,1,0.9523804941061553,0.9468640386954525,0.026382483651455037,"{""C"": 0.19366285470008457, ""class_weight"": null, ""l1_ratio"": 1.0}"
3,1,89,1,0.8201979647636993,0.8168344033445918,0.02981628760137133,"{""C"": 0.19366285470008457, ""class_weight"": null, ""l1_ratio"": 1.0}"
3,1,90,0,0.6036209387272157,0.5829553101460565,0.02908117099800445,"{""C"": 0.19366285470008457, ""class_weight"": null, ""l1_ratio"": 1.0}"
3,1,95,1,0.8182159585787041,0.810954159619181,0.05027594249653275,"{""C"": 0.19366285470008457, ""class_weight"": null, ""l1_ratio"": 1.0}"
3,1,105,1,0.6775790894744048,0.66140968078408,0.12768469454641068,"{""C"": 0.19366285470008457, ""class_weight"": null, ""l1_ratio"": 1.0}"
3,1,107,1,0.5808774219587461,0.5830110791729197,0.07163446084734414,"{""C"": 0.19366285470008457, ""class_weight"": null, ""l1_ratio"": 1.0}"
3,1,111,1,0.8485739925283268,0.8444410435797478,0.01910494616157469,"{""C"": 0.19366285470008457, ""class_weight"": null, ""l1_ratio"": 1.0}"
3,1,115,0,0.5997211900095165,0.5942030311634803,0.04483629222159529,"{""C"": 0.19366285470008457, ""class_weight"": null, ""l1_ratio"": 1.0}"
3,1,125,1,0.6666703359882062,0.6526010060947399,0.0655197609501597,"{""C"": 0.19366285470008457, ""class_weight"": null, ""l1_ratio"": 1.0}"
3,1,126,1,0.8500181009514436,0.8490256096595183,0.02333839896855222,"{""C"": 0.19366285470008457, ""class_weight"": null, ""l1_ratio"": 1.0}"
3,1,130,0,0.22539320079497124,0.21844265550104888,0.06962227668668908,"{""C"": 0.19366285470008457, ""class_weight"": null, ""l1_ratio"": 1.0}"
3,1,141,1,0.8382261435569562,0.8272281802127676,0.09366425743959637,"{""C"": 0.19366285470008457, ""class_weight"": null, ""l1_ratio"": 1.0}"
3,1,149,1,0.7928815184610707,0.7855343738259358,0.05826738363806154,"{""C"": 0.19366285470008457, ""class_weight"": null, ""l1_ratio"": 1.0}"
3,1,152,1,0.6211359544272584,0.6407266754037796,0.06309310674233148,"{""C"": 0.19366285470008457, ""class_weight"": null, ""l1_ratio"": 1.0}"
3,1,161,1,0.881390875115047,0.8691473412595447,0.04455871559041938,"{""C"": 0.19366285470008457, ""class_weight"": null, ""l1_ratio"": 1.0}"
3,1,177,1,0.8304766110409139,0.8191596041734558,0.022939113544943164,"{""C"": 0.19366285470008457, ""class_weight"": null, ""l1_ratio"": 1.0}"
3,1,185,0,0.46517777707611113,0.44906778669538294,0.07507943409357631,"{""C"": 0.19366285470008457, ""class_weight"": null, ""l1_ratio"": 1.0}"
3,1,186,0,0.8540201916488754,0.8488635450055515,0.03582691230775864,"{""C"": 0.19366285470008457, ""class_weight"": null, ""l1_ratio"": 1.0}"
3,1,188,1,0.30360190646272256,0.2932982826369085,0.08248953920122183,"{""C"": 0.19366285470008457, ""class_weight"": null, ""l1_ratio"": 1.0}"
3,1,191,1,0.6746739876370856,0.6933372791761949,0.08561015122494114,"{""C"": 0.19366285470008457, ""class_weight"": null, ""l1_ratio"": 1.0}"
3,1,196,0,0.1856964158901358,0.17648721502385245,0.05598178997150876,"{""C"": 0.19366285470008457, ""class_weight"": null, ""l1_ratio"": 1.0}"
3,1,211,1,0.7325038229378409,0.7129693904576476,0.029901001445393934,"{""C"": 0.19366285470008457, ""class_weight"": null, ""l1_ratio"": 1.0}"
3,1,213,0,0.6703988226530607,0.6859502603317378,0.038985792421486525,"{""C"": 0.19366285470008457, ""class_weight"": null, ""l1_ratio"": 1.0}"
3,1,220,1,0.6941485827208204,0.7011441697339723,0.05680700965754395,"{""C"": 0.19366285470008457, ""class_weight"": null, ""l1_ratio"": 1.0}"
3,1,224,1,0.85478681440092,0.8576191820831257,0.022026239259964275,"{""C"": 0.19366285470008457, ""class_weight"": null, ""l1_ratio"": 1.0}"
3,1,228,1,0.6010352510689141,0.5885355428950684,0.05556159324736793,"{""C"": 0.19366285470008457, ""class_weight"": null, ""l1_ratio"": 1.0}"
3,1,236,1,0.3010365651975912,0.31677032701330887,0.10079185255282667,"{""C"": 0.19366285470008457, ""class_weight"": null, ""l1_ratio"": 1.0}"
3,1,241,1,0.32580984140729646,0.3231000535157718,0.07120262586128617,"{""C"": 0.19366285470008457, ""class_weight"": null, ""l1_ratio"": 1.0}"
3,1,242,1,0.6665574347677292,0.6512966781355626,0.026952804669753486,"{""C"": 0.19366285470008457, ""class_weight"": null, ""l1_ratio"": 1.0}"
3,1,248,1,0.9217124499825969,0.920591601869944,0.044019972230311684,"{""C"": 0.19366285470008457, ""class_weight"": null, ""l1_ratio"": 1.0}"
3,1,254,0,0.6086543827153201,0.5664933732273945,0.02775106691798759,"{""C"": 0.19366285470008457, ""class_weight"": null, ""l1_ratio"": 1.0}"
3,1,255,0,0.15879293069057035,0.1394065456052234,0.03760004994146273,"{""C"": 0.19366285470008457, ""class_weight"": null, ""l1_ratio"": 1.0}"
3,1,257,0,0.30075121368389607,0.299652063486842,0.08417062730104752,"{""C"": 0.19366285470008457, ""class_weight"": null, ""l1_ratio"": 1.0}"
3,1,264,0,0.1691469205451919,0.16091259369811267,0.07475317575825645,"{""C"": 0.19366285470008457, ""class_weight"": null, ""l1_ratio"": 1.0}"
3,1,269,1,0.7462818357057338,0.7494937118697246,0.044439870052991166,"{""C"": 0.19366285470008457, ""class_weight"": null, ""l1_ratio"": 1.0}"
3,1,273,1,0.883287196645935,0.8808847244168835,0.028392129475871858,"{""C"": 0.19366285470008457, ""class_weight"": null, ""l1_ratio"": 1.0}"
3,1,278,0,0.7302261845892966,0.7388840355645797,0.023474175527816707,"{""C"": 0.19366285470008457, ""class_weight"": null, ""l1_ratio"": 1.0}"
3,1,286,0,0.3037481460495994,0.2634239248417291,0.061785989819450576,"{""C"": 0.19366285470008457, ""class_weight"": null, ""l1_ratio"": 1.0}"
3,1,287,0,0.28753798248810897,0.3043016807956965,0.09938615702693995,"{""C"": 0.19366285470008457, ""class_weight"": null, ""l1_ratio"": 1.0}"
3,1,289,0,0.37857671093051765,0.353957492824601,0.07391594203087264,"{""C"": 0.19366285470008457, ""class_weight"": null, ""l1_ratio"": 1.0}"
3,1,294,1,0.440411182976284,0.4508211699063054,0.0884370190383555,"{""C"": 0.19366285470008457, ""class_weight"": null, ""l1_ratio"": 1.0}"
3,1,299,0,0.3150168718693539,0.3130638107230149,0.10779209869983927,"{""C"": 0.19366285470008457, ""class_weight"": null, ""l1_ratio"": 1.0}"
3,1,301,0,0.20209504888794297,0.19720905824893079,0.08957731378083854,"{""C"": 0.19366285470008457, ""class_weight"": null, ""l1_ratio"": 1.0}"
3,2,1,1,0.9979802093227728,0.9641961858159196,0.01686271370836006,"{""C"": 2.9353528047078568, ""class_weight"": ""balanced"", ""l1_ratio"": 1.0}"
3,2,5,1,0.7789985634565916,0.7240716570627485,0.03559319943581489,"{""C"": 2.9353528047078568, ""class_weight"": ""balanced"", ""l1_ratio"": 1.0}"
3,2,10,1,0.37385597141630195,0.4998959465627008,0.11941148175308364,"{""C"": 2.9353528047078568, ""class_weight"": ""balanced"", ""l1_ratio"": 1.0}"
3,2,13,1,0.8349755110497542,0.735244588547243,0.10714363785095914,"{""C"": 2.9353528047078568, ""class_weight"": ""balanced"", ""l1_ratio"": 1.0}"
3,2,16,0,0.11337963171474491,0.32945345638177814,0.07575951440540886,"{""C"": 2.9353528047078568, ""class_weight"": ""balanced"", ""l1_ratio"": 1.0}"
3,2,18,1,0.6772579233772809,0.6659743058206844,0.048804159070825665,"{""C"": 2.9353528047078568, ""class_weight"": ""balanced"", ""l1_ratio"": 1.0}"
3,2,20,0,0.02023641882230972,0.17875513065160434,0.04771088688933205,"{""C"": 2.9353528047078568, ""class_weight"": ""balanced"", ""l1_ratio"": 1.0}"
3,2,25,1,0.9994721697907615,0.9778692036639637,0.005282441105836005,"{""C"": 2.9353528047078568, ""class_weight"": ""balanced"", ""l1_ratio"": 1.0}"
3,2,26,0,0.013616085432094803,0.16668689404403136,0.05616202057032126,"{""C"": 2.9353528047078568, ""class_weight"": ""balanced"", ""l1_ratio"": 1.0}"
3,2,28,1,0.9968230019672342,0.9447200515995526,0.043634010837009955,"{""C"": 2.9353528047078568, ""class_weight"": ""balanced"", ""l1_ratio"": 1.0}"
3,2,31,0,0.3586461466014499,0.4734431024076736,0.11969122910875836,"{""C"": 2.9353528047078568, ""class_weight"": ""balanced"", ""l1_ratio"": 1.0}"
3,2,34,1,0.9932630329251,0.9373115955403216,0.027966758207028528,"{""C"": 2.9353528047078568, ""class_weight"": ""balanced"", ""l1_ratio"": 1.0}"
3,2,38,1,0.9948996927577338,0.9385011607394599,0.041606450394492143,"{""C"": 2.9353528047078568, ""class_weight"": ""balanced"", ""l1_ratio"": 1.0}"
3,2,45,1,0.9995455809259828,0.982487418064809,0.008120446866522735,"{""C"": 2.9353528047078568, ""class_weight"": ""balanced"", ""l1_ratio"": 1.0}"
3,2,49,0,0.041833374810958224,0.22451705986261686,0.09564367376455933,"{""C"": 2.9353528047078568, ""class_weight"": ""balanced"", ""l1_ratio"": 1.0}"
3,2,52,1,0.9988572980885468,0.972332484387769,0.01591216641783945,"{""C"": 2.9353528047078568, ""class_weight"": ""balanced"", ""l1_ratio"": 1.0}"
3,2,55,1,0.9799987057022567,0.8889500434862427,0.04675361689822535,"{""C"": 2.9353528047078568, ""class_weight"": ""balanced"", ""l1_ratio"": 1.0}"
3,2,62,1,0.011989967042140571,0.1343579139995675,0.048469336461476296,"{""C"": 2.9353528047078568, ""class_weight"": ""balanced"", ""l1_ratio"": 1.0}"
3,2,65,0,0.8640487371864296,0.7557372344195917,0.09192723268089872,"{""C"": 2.9353528047078568, ""class_weight"": ""balanced"", ""l1_ratio"": 1.0}"
3,2,82,1,0.1609736747445343,0.3585959010404363,0.10528416458070218,"{""C"": 2.9353528047078568, ""class_weight"": ""balanced"", ""l1_ratio"": 1.0}"
3,2,87,1,0.9936921840990445,0.9356202648662295,0.024566676885734516,"{""C"": 2.9353528047078568, ""class_weight"": ""balanced"", ""l1_ratio"": 1.0}"
3,2,92,1,0.9568725030498587,0.8281753693350528,0.06983743401400318,"{""C"": 2.9353528047078568, ""class_weight"": ""balanced"", ""l1_ratio"": 1.0}"
3,2,98,1,0.875354109349126,0.7899512203569867,0.058184607475658144,"{""C"": 2.9353528047078568, ""class_weight"": ""balanced"", ""l1_ratio"": 1.0}"
3,2,99,1,0.46249631949845127,0.5533822753938918,0.12396051571294983,"{""C"": 2.9353528047078568, ""class_weight"": ""balanced"", ""l1_ratio"": 1.0}"
3,2,101,1,0.9645782287019279,0.8801860822084926,0.0467739756753725,"{""C"": 2.9353528047078568, ""class_weight"": ""balanced"", ""l1_ratio"": 1.0}"
3,2,103,1,0.9992866638709811,0.9655508632549561,0.02171095808852348,"{""C"": 2.9353528047078568, ""class_weight"": ""balanced"", ""l1_ratio"": 1.0}"
3,2,110,0,0.04823090078931733,0.22788332868421074,0.06628524614727076,"{""C"": 2.9353528047078568, ""class_weight"": ""balanced"", ""l1_ratio"": 1.0}"
3,2,116,1,0.9783498050364141,0.8532010954723281,0.0969485861413854,"{""C"": 2.9353528047078568, ""class_weight"": ""balanced"", ""l1_ratio"": 1.0}"
3,2,122,0,0.6981926368533382,0.6596814597045697,0.08800363235710407,"{""C"": 2.9353528047078568, ""class_weight"": ""balanced"", ""l1_ratio"": 1.0}"
3,2,124,1,0.5267422237334601,0.5895675361536483,0.08025823636307093,"{""C"": 2.9353528047078568, ""class_weight"": ""balanced"", ""l1_ratio"": 1.0}"
3,2,133,0,0.0820669312269211,0.29566787630190894,0.07543305101007301,"{""C"": 2.9353528047078568, ""class_weight"": ""balanced"", ""l1_ratio"": 1.0}"
3,2,135,1,0.14793938127487563,0.39633336749930054,0.07158196839969952,"{""C"": 2.9353528047078568, ""class_weight"": ""balanced"", ""l1_ratio"": 1.0}"
3,2,145,0,0.5764320762180363,0.5969109799788518,0.09403623624280302,"{""C"": 2.9353528047078568, ""class_weight"": ""balanced"", ""l1_ratio"": 1.0}"
3,2,147,1,0.3620788707710325,0.5180291500982734,0.17129268995859084,"{""C"": 2.9353528047078568, ""class_weight"": ""balanced"", ""l1_ratio"": 1.0}"
3,2,151,0,0.41396686389688664,0.506105739968702,0.12457975078698058,"{""C"": 2.9353528047078568, ""class_weight"": ""balanced"", ""l1_ratio"": 1.0}"
3,2,153,0,0.21868167601099417,0.3936338870887864,0.10142143878919303,"{""C"": 2.9353528047078568, ""class_weight"": ""balanced"", ""l1_ratio"": 1.0}"
3,2,154,0,0.932334175050759,0.7973066652205248,0.12135910420152837,"{""C"": 2.9353528047078568, ""class_weight"": ""balanced"", ""l1_ratio"": 1.0}"
3,2,157,1,0.05590348038086343,0.26281235369178463,0.09048909437856788,"{""C"": 2.9353528047078568, ""class_weight"": ""balanced"", ""l1_ratio"": 1.0}"
3,2,164,1,0.9217947418185729,0.8199262410831984,0.08239159365204012,"{""C"": 2.9353528047078568, ""class_weight"": ""balanced"", ""l1_ratio"": 1.0}"
3,2,165,1,0.5861651100160304,0.6149309424538166,0.11256739179876321,"{""C"": 2.9353528047078568, ""class_weight"": ""balanced"", ""l1_ratio"": 1.0}"
3,2,169,0,0.6061082007420947,0.6054496213214895,0.07556170860160212,"{""C"": 2.9353528047078568, ""class_weight"": ""balanced"", ""l1_ratio"": 1.0}"
3,2,192,0,0.0077867193085599615,0.10629710402099635,0.02507092504848993,"{""C"": 2.9353528047078568, ""class_weight"": ""balanced"", ""l1_ratio"": 1.0}"
3,2,197,1,0.9754871706649993,0.9068075472966175,0.04225555194511927,"{""C"": 2.9353528047078568, ""class_weight"": ""balanced"", ""l1_ratio"": 1.0}"
3,2,204,0,0.3048495217673142,0.4797770238268601,0.07577955976958599,"{""C"": 2.9353528047078568, ""class_weight"": ""balanced"", ""l1_ratio"": 1.0}"
3,2,205,0,0.6307392846012175,0.628269019758698,0.11333622056206044,"{""C"": 2.9353528047078568, ""class_weight"": ""balanced"", ""l1_ratio"": 1.0}"
3,2,207,1,0.3821514075818335,0.5285794417921089,0.1220416320540727,"{""C"": 2.9353528047078568, ""class_weight"": ""balanced"", ""l1_ratio"": 1.0}"
3,2,217,0,0.4677852228760634,0.5465328034296689,0.04839881955854315,"{""C"": 2.9353528047078568, ""class_weight"": ""balanced"", ""l1_ratio"": 1.0}"
3,2,226,1,0.9931110717040122,0.9212571923167919,0.05671266165870281,"{""C"": 2.9353528047078568, ""class_weight"": ""balanced"", ""l1_ratio"": 1.0}"
3,2,229,1,0.12043269349226048,0.360680030029839,0.036930667159551345,"{""C"": 2.9353528047078568, ""class_weight"": ""balanced"", ""l1_ratio"": 1.0}"
3,2,230,1,0.9984149284359987,0.9689272023846645,0.016044610537858044,"{""C"": 2.9353528047078568, ""class_weight"": ""balanced"", ""l1_ratio"": 1.0}"
3,2,243,0,0.8319455865791987,0.7337444901273351,0.08635960627470415,"{""C"": 2.9353528047078568, ""class_weight"": ""balanced"", ""l1_ratio"": 1.0}"
3,2,246,1,0.9818210304985409,0.8992584407869895,0.03082774248232877,"{""C"": 2.9353528047078568, ""class_weight"": ""balanced"", ""l1_ratio"": 1.0}"
3,2,249,1,0.9169314358174554,0.7488144724283939,0.13888149101725067,"{""C"": 2.9353528047078568, ""class_weight"": ""balanced"", ""l1_ratio"": 1.0}"
3,2,265,0,0.7286322413885925,0.6627703505536905,0.0887417059706143,"{""C"": 2.9353528047078568, ""class_weight"": ""balanced"", ""l1_ratio"": 1.0}"
3,2,280,0,0.725397580570868,0.6732902083017488,0.043975572581738426,"{""C"": 2.9353528047078568, ""class_weight"": ""balanced"", ""l1_ratio"": 1.0}"
3,2,282,0,0.8854105389760254,0.7813679284046808,0.041339545076030174,"{""C"": 2.9353528047078568, ""class_weight"": ""balanced"", ""l1_ratio"": 1.0}"
3,2,291,0,0.8629497547026326,0.7567803755558051,0.055944594913829616,"{""C"": 2.9353528047078568, ""class_weight"": ""balanced"", ""l1_ratio"": 1.0}"
3,2,295,0,0.06045591014904711,0.2731824433504898,0.051173565516049756,"{""C"": 2.9353528047078568, ""class_weight"": ""balanced"", ""l1_ratio"": 1.0}"
3,2,297,0,0.005690117913383233,0.10630370727332623,0.04688169894673753,"{""C"": 2.9353528047078568, ""class_weight"": ""balanced"", ""l1_ratio"": 1.0}"
3,2,300,0,0.0632782594806758,0.2799578815675931,0.10866905070468881,"{""C"": 2.9353528047078568, ""class_weight"": ""balanced"", ""l1_ratio"": 1.0}"
3,2,302,1,0.8301005366202542,0.7234850345334264,0.09424587969725387,"{""C"": 2.9353528047078568, ""class_weight"": ""balanced"", ""l1_ratio"": 1.0}"
3,3,7,1,0.9589013432891602,0.9576255132338728,0.04114843290440196,"{""C"": 0.15444155368658727, ""class_weight"": null, ""l1_ratio"": 1.0}"
3,3,8,0,0.1686998185303977,0.15602595758352694,0.08851955213531797,"{""C"": 0.15444155368658727, ""class_weight"": null, ""l1_ratio"": 1.0}"
3,3,17,0,0.30026956429084967,0.2842001419358017,0.1020311978472981,"{""C"": 0.15444155368658727, ""class_weight"": null, ""l1_ratio"": 1.0}"
3,3,22,1,0.8064140951242329,0.8279672947898945,0.06183704249040176,"{""C"": 0.15444155368658727, ""class_weight"": null, ""l1_ratio"": 1.0}"
3,3,23,1,0.7360464997061076,0.7633173991001015,0.06686726155219694,"{""C"": 0.15444155368658727, ""class_weight"": null, ""l1_ratio"": 1.0}"
3,3,24,1,0.46556593648299893,0.4609826135843411,0.07631583982492254,"{""C"": 0.15444155368658727, ""class_weight"": null, ""l1_ratio"": 1.0}"
3,3,36,1,0.8585796058152008,0.8706633446512482,0.08583997912234126,"{""C"": 0.15444155368658727, ""class_weight"": null, ""l1_ratio"": 1.0}"
3,3,51,1,0.5556870949173806,0.558760191714967,0.058091508912581344,"{""C"": 0.15444155368658727, ""class_weight"": null, ""l1_ratio"": 1.0}"
3,3,56,1,0.7900216108000547,0.8113508309186482,0.06850182510784895,"{""C"": 0.15444155368658727, ""class_weight"": null, ""l1_ratio"": 1.0}"
3,3,60,0,0.24860638490630618,0.23738643815231592,0.08576945205604315,"{""C"": 0.15444155368658727, ""class_weight"": null, ""l1_ratio"": 1.0}"
3,3,64,0,0.379956474989784,0.34345090829372726,0.06455636241578697,"{""C"": 0.15444155368658727, ""class_weight"": null, ""l1_ratio"": 1.0}"
3,3,66,1,0.8987653039370865,0.8995288176677578,0.07686444594251118,"{""C"": 0.15444155368658727, ""class_weight"": null, ""l1_ratio"": 1.0}"
3,3,75,1,0.35091871570096084,0.33362184297770814,0.08029142223855047,"{""C"": 0.15444155368658727, ""class_weight"": null, ""l1_ratio"": 1.0}"
3,3,77,0,0.6197282100388122,0.6235287007056772,0.08989014755855444,"{""C"": 0.15444155368658727, ""class_weight"": null, ""l1_ratio"": 1.0}"
3,3,78,1,0.8734775907423981,0.8893319025161384,0.058853741706740924,"{""C"": 0.15444155368658727, ""class_weight"": null, ""l1_ratio"": 1.0}"
3,3,91,0,0.5538188657613924,0.5226106330982162,0.13930214046449288,"{""C"": 0.15444155368658727, ""class_weight"": null, ""l1_ratio"": 1.0}"
3,3,93,1,0.7115868052173075,0.7158569220591798,0.07136111543933861,"{""C"": 0.15444155368658727, ""class_weight"": null, ""l1_ratio"": 1.0}"
3,3,97,1,0.834527520926782,0.849668004672249,0.07622195885034956,"{""C"": 0.15444155368658727, ""class_weight"": null, ""l1_ratio"": 1.0}"
3,3,106,1,0.7266164503836423,0.7457088315646899,0.07583529147508807,"{""C"": 0.15444155368658727, ""class_weight"": null, ""l1_ratio"": 1.0}"
3,3,108,0,0.27085314667962945,0.2538778525505664,0.0808313159731181,"{""C"": 0.15444155368658727, ""class_weight"": null, ""l1_ratio"": 1.0}"
3,3,112,0,0.5821902640119447,0.5864995818938351,0.06397100018375565,"{""C"": 0.15444155368658727, ""class_weight"": null, ""l1_ratio"": 1.0}"
3,3,119,1,0.7832598972672378,0.7866690232398721,0.07583539989052773,"{""C"": 0.15444155368658727, ""class_weight"": null, ""l1_ratio"": 1.0}"
3,3,128,1,0.7261684505914497,0.7554402192964275,0.03899075287859277,"{""C"": 0.15444155368658727, ""class_weight"": null, ""l1_ratio"": 1.0}"
3,3,134,1,0.6109232189813972,0.6021306979779253,0.10293942303518634,"{""C"": 0.15444155368658727, ""class_weight"": null, ""l1_ratio"": 1.0}"
3,3,136,0,0.2630652035524799,0.23771163016697558,0.08841048125920205,"{""C"": 0.15444155368658727, ""class_weight"": null, ""l1_ratio"": 1.0}"
3,3,137,0,0.19187590868990803,0.16670064623383588,0.08351449238402069,"{""C"": 0.15444155368658727, ""class_weight"": null, ""l1_ratio"": 1.0}"
3,3,139,1,0.8282764594612272,0.8521281759775536,0.0554633366762036,"{""C"": 0.15444155368658727, ""class_weight"": null, ""l1_ratio"": 1.0}"
3,3,142,1,0.2869096750711426,0.2604961605959285,0.09901624418978534,"{""C"": 0.15444155368658727, ""class_weight"": null, ""l1_ratio"": 1.0}"
3,3,150,0,0.2525072235916512,0.24438206117092443,0.08515776338416149,"{""C"": 0.15444155368658727, ""class_weight"": null, ""l1_ratio"": 1.0}"
3,3,158,0,0.6558534097247067,0.6578673805216324,0.13834696763443774,"{""C"": 0.15444155368658727, ""class_weight"": null, ""l1_ratio"": 1.0}"
3,3,160,0,0.5730587697476817,0.5909969525379514,0.06190884261477245,"{""C"": 0.15444155368658727, ""class_weight"": null, ""l1_ratio"": 1.0}"
3,3,166,0,0.23667798586904285,0.21173021178837956,0.0882639797492501,"{""C"": 0.15444155368658727, ""class_weight"": null, ""l1_ratio"": 1.0}"
3,3,170,0,0.20605803171252118,0.1790362618073415,0.11162519150306172,"{""C"": 0.15444155368658727, ""class_weight"": null, ""l1_ratio"": 1.0}"
3,3,172,1,0.5221299097573484,0.5255335683999854,0.053591065561621326,"{""C"": 0.15444155368658727, ""class_weight"": null, ""l1_ratio"": 1.0}"
3,3,178,1,0.5872796044475683,0.598605571873886,0.049798918000604264,"{""C"": 0.15444155368658727, ""class_weight"": null, ""l1_ratio"": 1.0}"
3,3,179,0,0.2395235428252576,0.2187037450211044,0.07927489877762064,"{""C"": 0.15444155368658727, ""class_weight"": null, ""l1_ratio"": 1.0}"
3,3,182,1,0.509063890324768,0.5057462098128542,0.11264857554223577,"{""C"": 0.15444155368658727, ""class_weight"": null, ""l1_ratio"": 1.0}"
3,3,184,1,0.7888504148328553,0.8073521718553914,0.06374354846698407,"{""C"": 0.15444155368658727, ""class_weight"": null, ""l1_ratio"": 1.0}"
3,3,187,1,0.7144720417807449,0.7399158663446828,0.0658968001908354,"{""C"": 0.15444155368658727, ""class_weight"": null, ""l1_ratio"": 1.0}"
3,3,195,0,0.5875873100756196,0.5937469548501471,0.06758903192679971,"{""C"": 0.15444155368658727, ""class_weight"": null, ""l1_ratio"": 1.0}"
3,3,198,1,0.7025146676869121,0.719217785617608,0.053984389904986975,"{""C"": 0.15444155368658727, ""class_weight"": null, ""l1_ratio"": 1.0}"
3,3,200,1,0.4990498942006471,0.5010547209874984,0.06767879444094808,"{""C"": 0.15444155368658727, ""class_weight"": null, ""l1_ratio"": 1.0}"
3,3,201,0,0.553452559291741,0.5525198979264538,0.1178976664143378,"{""C"": 0.15444155368658727, ""class_weight"": null, ""l1_ratio"": 1.0}"
3,3,203,0,0.2088819988211254,0.18820525665831506,0.10012131303192229,"{""C"": 0.15444155368658727, ""class_weight"": null, ""l1_ratio"": 1.0}"
3,3,206,1,0.534613275562139,0.5361478199386557,0.0618013547376006,"{""C"": 0.15444155368658727, ""class_weight"": null, ""l1_ratio"": 1.0}"
3,3,222,1,0.625149991509805,0.6257739493391553,0.1145294683149889,"{""C"": 0.15444155368658727, ""class_weight"": null, ""l1_ratio"": 1.0}"
3,3,223,1,0.329369543025793,0.3194991582182026,0.08863128190476208,"{""C"": 0.15444155368658727, ""class_weight"": null, ""l1_ratio"": 1.0}"
3,3,235,1,0.9307707890236256,0.9176396657902984,0.07880780102354905,"{""C"": 0.15444155368658727, ""class_weight"": null, ""l1_ratio"": 1.0}"
3,3,239,1,0.8778138529922942,0.894900104678489,0.05358567948875704,"{""C"": 0.15444155368658727, ""class_weight"": null, ""l1_ratio"": 1.0}"
3,3,250,1,0.5854210934211188,0.5940151957102134,0.06104895332026363,"{""C"": 0.15444155368658727, ""class_weight"": null, ""l1_ratio"": 1.0}"
3,3,256,0,0.31648697478504684,0.2790402826199586,0.08201336523567,"{""C"": 0.15444155368658727, ""class_weight"": null, ""l1_ratio"": 1.0}"
3,3,258,0,0.25381116522355296,0.2306555019563971,0.09784962002262053,"{""C"": 0.15444155368658727, ""class_weight"": null, ""l1_ratio"": 1.0}"
3,3,260,1,0.8281749447514025,0.8402115763085469,0.06918653806944389,"{""C"": 0.15444155368658727, ""class_weight"": null, ""l1_ratio"": 1.0}"
3,3,267,1,0.624597835765201,0.6316606131918385,0.03173734684337047,"{""C"": 0.15444155368658727, ""class_weight"": null, ""l1_ratio"": 1.0}"
3,3,271,1,0.9786757232435833,0.9787454283677318,0.01949750705796844,"{""C"": 0.15444155368658727, ""class_weight"": null, ""l1_ratio"": 1.0}"
3,3,283,0,0.40602468686661486,0.3863783179748668,0.0961382998113819,"{""C"": 0.15444155368658727, ""class_weight"": null, ""l1_ratio"": 1.0}"
3,3,285,0,0.3259764067920519,0.2944489631054101,0.10355553002384288,"{""C"": 0.15444155368658727, ""class_weight"": null, ""l1_ratio"": 1.0}"
3,3,290,0,0.23088460303072814,0.21268638420268227,0.09030076024464495,"{""C"": 0.15444155368658727, ""class_weight"": null, ""l1_ratio"": 1.0}"
3,3,296,0,0.23161092133874267,0.20401403134398607,0.07738629863688365,"{""C"": 0.15444155368658727, ""class_weight"": null, ""l1_ratio"": 1.0}"
3,3,298,1,0.6203123084953862,0.6139383940050072,0.04049041483457574,"{""C"": 0.15444155368658727, ""class_weight"": null, ""l1_ratio"": 1.0}"
3,4,2,1,0.8208549084199812,0.8264924218611667,0.07055137285504318,"{""C"": 0.07943149200791878, ""class_weight"": null, ""l1_ratio"": 0.0}"
3,4,3,0,0.2318224065948794,0.2699545918488173,0.15610240778852802,"{""C"": 0.07943149200791878, ""class_weight"": null, ""l1_ratio"": 0.0}"
3,4,30,1,0.5690979376657909,0.5708806108103525,0.13582915547845473,"{""C"": 0.07943149200791878, ""class_weight"": null, ""l1_ratio"": 0.0}"
3,4,39,1,0.9695752308972512,0.9648225060720756,0.028907950526039693,"{""C"": 0.07943149200791878, ""class_weight"": null, ""l1_ratio"": 0.0}"
3,4,42,0,0.20449903588428944,0.18734673192472262,0.07997901610415968,"{""C"": 0.07943149200791878, ""class_weight"": null, ""l1_ratio"": 0.0}"
3,4,43,1,0.5298732279318656,0.5239566417847569,0.11588275028299014,"{""C"": 0.07943149200791878, ""class_weight"": null, ""l1_ratio"": 0.0}"
3,4,46,1,0.38571703525280315,0.3644682859199072,0.09887501927593959,"{""C"": 0.07943149200791878, ""class_weight"": null, ""l1_ratio"": 0.0}"
3,4,53,0,0.7939739047709221,0.7824123331401248,0.08428213068563536,"{""C"": 0.07943149200791878, ""class_weight"": null, ""l1_ratio"": 0.0}"
3,4,61,1,0.3382752534924986,0.3135176598248978,0.07279442642888612,"{""C"": 0.07943149200791878, ""class_weight"": null, ""l1_ratio"": 0.0}"
3,4,69,1,0.7843524966552563,0.7752209539458594,0.08929425241502605,"{""C"": 0.07943149200791878, ""class_weight"": null, ""l1_ratio"": 0.0}"
3,4,71,1,0.843846680855353,0.8587359773087128,0.045774864610213836,"{""C"": 0.07943149200791878, ""class_weight"": null, ""l1_ratio"": 0.0}"
3,4,72,1,0.43007279632205797,0.42523178709544973,0.06043316274178562,"{""C"": 0.07943149200791878, ""class_weight"": null, ""l1_ratio"": 0.0}"
3,4,74,1,0.968181823331193,0.9642116303242902,0.02863330573855047,"{""C"": 0.07943149200791878, ""class_weight"": null, ""l1_ratio"": 0.0}"
3,4,76,1,0.761950661604334,0.7734511916079925,0.0734418407354035,"{""C"": 0.07943149200791878, ""class_weight"": null, ""l1_ratio"": 0.0}"
3,4,79,0,0.2297648406889565,0.21594423491981463,0.09045007167956227,"{""C"": 0.07943149200791878, ""class_weight"": null, ""l1_ratio"": 0.0}"
3,4,81,1,0.9911036164705864,0.9870492067590397,0.014115166972412408,"{""C"": 0.07943149200791878, ""class_weight"": null, ""l1_ratio"": 0.0}"
3,4,84,0,0.87814522851796,0.8731504343160307,0.06764245748219969,"{""C"": 0.07943149200791878, ""class_weight"": null, ""l1_ratio"": 0.0}"
3,4,86,1,0.7113815664213087,0.7288652911170364,0.05473391968333892,"{""C"": 0.07943149200791878, ""class_weight"": null, ""l1_ratio"": 0.0}"
3,4,88,0,0.9413276403990211,0.9342039845657435,0.04324793894704195,"{""C"": 0.07943149200791878, ""class_weight"": null, ""l1_ratio"": 0.0}"
3,4,100,1,0.9501220165729514,0.9496208362047968,0.04425785459722195,"{""C"": 0.07943149200791878, ""class_weight"": null, ""l1_ratio"": 0.0}"
3,4,109,0,0.7661984054226872,0.7640668396025843,0.06811616600224474,"{""C"": 0.07943149200791878, ""class_weight"": null, ""l1_ratio"": 0.0}"
3,4,121,0,0.6774463055568232,0.6884106789009995,0.07043936570032112,"{""C"": 0.07943149200791878, ""class_weight"": null, ""l1_ratio"": 0.0}"
3,4,127,1,0.8054903684879484,0.8094831789541749,0.07565657438629841,"{""C"": 0.07943149200791878, ""class_weight"": null, ""l1_ratio"": 0.0}"
3,4,129,0,0.3381464575132859,0.33362069420180696,0.10400585675448847,"{""C"": 0.07943149200791878, ""class_weight"": null, ""l1_ratio"": 0.0}"
3,4,131,1,0.856203370460669,0.8664436722461424,0.042412484368493784,"{""C"": 0.07943149200791878, ""class_weight"": null, ""l1_ratio"": 0.0}"
3,4,143,0,0.045947296372888594,0.05010438923863072,0.04353796164469987,"{""C"": 0.07943149200791878, ""class_weight"": null, ""l1_ratio"": 0.0}"
3,4,144,1,0.9464730120759606,0.9426120290550968,0.03697241196782609,"{""C"": 0.07943149200791878, ""class_weight"": null, ""l1_ratio"": 0.0}"
3,4,155,1,0.8103826262506485,0.8150100778870198,0.08077346331533122,"{""C"": 0.07943149200791878, ""class_weight"": null, ""l1_ratio"": 0.0}"
3,4,171,1,0.8940907908229173,0.8757783452857136,0.06843609281067595,"{""C"": 0.07943149200791878, ""class_weight"": null, ""l1_ratio"": 0.0}"
3,4,173,1,0.8765423481285318,0.8762360993239975,0.07004875020911937,"{""C"": 0.07943149200791878, ""class_weight"": null, ""l1_ratio"": 0.0}"
3,4,176,1,0.24570650196702434,0.22843104353565846,0.07536623218765957,"{""C"": 0.07943149200791878, ""class_weight"": null, ""l1_ratio"": 0.0}"
3,4,180,1,0.3992934024659888,0.38471538251555204,0.09184419502722208,"{""C"": 0.07943149200791878, ""class_weight"": null, ""l1_ratio"": 0.0}"
3,4,181,1,0.8050984694912869,0.8247451125721905,0.07579574612835194,"{""C"": 0.07943149200791878, ""class_weight"": null, ""l1_ratio"": 0.0}"
3,4,183,0,0.36381776400756866,0.34367282866747245,0.08648794431768496,"{""C"": 0.07943149200791878, ""class_weight"": null, ""l1_ratio"": 0.0}"
3,4,189,1,0.6693663845071669,0.6815888879340182,0.06355309565955597,"{""C"": 0.07943149200791878, ""class_weight"": null, ""l1_ratio"": 0.0}"
3,4,190,0,0.559641965816895,0.5488025469767874,0.08098107743447537,"{""C"": 0.07943149200791878, ""class_weight"": null, ""l1_ratio"": 0.0}"
3,4,194,0,0.2528785917033734,0.22801920581781632,0.10285271169506896,"{""C"": 0.07943149200791878, ""class_weight"": null, ""l1_ratio"": 0.0}"
3,4,199,0,0.3445217548507567,0.32950520964961627,0.10570235932449373,"{""C"": 0.07943149200791878, ""class_weight"": null, ""l1_ratio"": 0.0}"
3,4,202,1,0.9236929473949487,0.9194679019412609,0.07025653241402476,"{""C"": 0.07943149200791878, ""class_weight"": null, ""l1_ratio"": 0.0}"
3,4,208,1,0.5525854525165155,0.5321682464550076,0.10497009073528675,"{""C"": 0.07943149200791878, ""class_weight"": null, ""l1_ratio"": 0.0}"
3,4,209,1,0.7824087198509848,0.7816305040199096,0.08017687708984225,"{""C"": 0.07943149200791878, ""class_weight"": null, ""l1_ratio"": 0.0}"
3,4,210,0,0.08308664449582584,0.07531881548452755,0.04862814923566623,"{""C"": 0.07943149200791878, ""class_weight"": null, ""l1_ratio"": 0.0}"
3,4,214,0,0.7170208636383647,0.7258562129585391,0.0584737540222557,"{""C"": 0.07943149200791878, ""class_weight"": null, ""l1_ratio"": 0.0}"
3,4,215,1,0.6708719931527014,0.6851103293313343,0.061045209471060825,"{""C"": 0.07943149200791878, ""class_weight"": null, ""l1_ratio"": 0.0}"
3,4,225,0,0.5909361928422218,0.5811471278128699,0.09138983865932099,"{""C"": 0.07943149200791878, ""class_weight"": null, ""l1_ratio"": 0.0}"
3,4,227,1,0.5436929478334592,0.5261464840687351,0.06747719753678466,"{""C"": 0.07943149200791878, ""class_weight"": null, ""l1_ratio"": 0.0}"
3,4,231,0,0.8680399148276076,0.8754605642831688,0.0538155954637122,"{""C"": 0.07943149200791878, ""class_weight"": null, ""l1_ratio"": 0.0}"
3,4,240,1,0.9500559786948339,0.9500917942400313,0.029216570971097942,"{""C"": 0.07943149200791878, ""class_weight"": null, ""l1_ratio"": 0.0}"
3,4,247,0,0.16782198911156937,0.15661640855833978,0.08421591673382323,"{""C"": 0.07943149200791878, ""class_weight"": null, ""l1_ratio"": 0.0}"
3,4,252,1,0.3700336849749555,0.3665222477353467,0.06502330050531817,"{""C"": 0.07943149200791878, ""class_weight"": null, ""l1_ratio"": 0.0}"
3,4,259,1,0.46327895257037455,0.4361999136739391,0.0752159021516207,"{""C"": 0.07943149200791878, ""class_weight"": null, ""l1_ratio"": 0.0}"
3,4,261,0,0.13741710954124678,0.12595497019087118,0.0647291759148355,"{""C"": 0.07943149200791878, ""class_weight"": null, ""l1_ratio"": 0.0}"
3,4,262,1,0.3363278589854363,0.31051338017841595,0.10056250670910465,"{""C"": 0.07943149200791878, ""class_weight"": null, ""l1_ratio"": 0.0}"
3,4,266,0,0.72014990419849,0.7399878721281123,0.07956173198212152,"{""C"": 0.07943149200791878, ""class_weight"": null, ""l1_ratio"": 0.0}"
3,4,268,0,0.3136182625491716,0.28873047889731557,0.09116875306303672,"{""C"": 0.07943149200791878, ""class_weight"": null, ""l1_ratio"": 0.0}"
3,4,270,0,0.14447028918745308,0.136018384435328,0.06964318050925032,"{""C"": 0.07943149200791878, ""class_weight"": null, ""l1_ratio"": 0.0}"
3,4,272,0,0.7410301997899312,0.740168860012202,0.051014968094312343,"{""C"": 0.07943149200791878, ""class_weight"": null, ""l1_ratio"": 0.0}"
3,4,274,1,0.985620081605066,0.9830077570570716,0.013431225995616887,"{""C"": 0.07943149200791878, ""class_weight"": null, ""l1_ratio"": 0.0}"
3,4,277,1,0.9386425354696383,0.9396045843625309,0.036308043805907526,"{""C"": 0.07943149200791878, ""class_weight"": null, ""l1_ratio"": 0.0}"
3,4,284,0,0.5595182762336598,0.5396321302000889,0.11401147130614783,"{""C"": 0.07943149200791878, ""class_weight"": null, ""l1_ratio"": 0.0}"
4,0,2,1,0.9382155036972747,0.9083439311127579,0.059331955326999294,"{""C"": 0.33547602996748965, ""class_weight"": null, ""l1_ratio"": 1.0}"
4,0,19,0,0.9189650963741339,0.8549622985939782,0.10789479958263344,"{""C"": 0.33547602996748965, ""class_weight"": null, ""l1_ratio"": 1.0}"
4,0,26,0,0.44022652824954583,0.4491586940181369,0.04206486588199527,"{""C"": 0.33547602996748965, ""class_weight"": null, ""l1_ratio"": 1.0}"
4,0,31,0,0.8877997403243827,0.827596780924581,0.10077595387995304,"{""C"": 0.33547602996748965, ""class_weight"": null, ""l1_ratio"": 1.0}"
4,0,32,1,0.7543856036303939,0.7351013868096474,0.08338858010903347,"{""C"": 0.33547602996748965, ""class_weight"": null, ""l1_ratio"": 1.0}"
4,0,36,1,0.8964504083357351,0.8774175022230123,0.06410196051231748,"{""C"": 0.33547602996748965, ""class_weight"": null, ""l1_ratio"": 1.0}"
4,0,41,0,0.17096045506964913,0.17750595984050552,0.04817154003945524,"{""C"": 0.33547602996748965, ""class_weight"": null, ""l1_ratio"": 1.0}"
4,0,59,1,0.9102882632018775,0.879842590557357,0.0636970282725863,"{""C"": 0.33547602996748965, ""class_weight"": null, ""l1_ratio"": 1.0}"
4,0,68,0,0.19531017017241845,0.20269633101123086,0.032650302303030135,"{""C"": 0.33547602996748965, ""class_weight"": null, ""l1_ratio"": 1.0}"
4,0,78,1,0.9394403651979666,0.9056169262331085,0.05588087660236989,"{""C"": 0.33547602996748965, ""class_weight"": null, ""l1_ratio"": 1.0}"
4,0,80,1,0.9900407014876481,0.9686925663786484,0.028798443029425542,"{""C"": 0.33547602996748965, ""class_weight"": null, ""l1_ratio"": 1.0}"
4,0,81,1,0.9945025824240072,0.9866953541799213,0.011602479739508237,"{""C"": 0.33547602996748965, ""class_weight"": null, ""l1_ratio"": 1.0}"
4,0,82,1,0.5425323461065246,0.5777823845185559,0.145346569457761,"{""C"": 0.33547602996748965, ""class_weight"": null, ""l1_ratio"": 1.0}"
4,0,84,0,0.8923863196964387,0.8321129200719868,0.07538469365776954,"{""C"": 0.33547602996748965, ""class_weight"": null, ""l1_ratio"": 1.0}"
4,0,88,0,0.9185725061451312,0.8886276536570211,0.0554415922601119,"{""C"": 0.33547602996748965, ""class_weight"": null, ""l1_ratio"": 1.0}"
4,0,91,0,0.5617943734792822,0.5077198535167102,0.12835849693461013,"{""C"": 0.33547602996748965, ""class_weight"": null, ""l1_ratio"": 1.0}"
4,0,97,1,0.9117694855837669,0.8682306073185473,0.07647370387755123,"{""C"": 0.33547602996748965, ""class_weight"": null, ""l1_ratio"": 1.0}"
4,0,98,1,0.9513068988444137,0.9012196648860746,0.0731390558624879,"{""C"": 0.33547602996748965, ""class_weight"": null, ""l1_ratio"": 1.0}"
4,0,104,0,0.3054048092970016,0.3493581406516114,0.0559799453106636,"{""C"": 0.33547602996748965, ""class_weight"": null, ""l1_ratio"": 1.0}"
4,0,111,1,0.8072219963034251,0.7866557794958448,0.08667840463817493,"{""C"": 0.33547602996748965, ""class_weight"": null, ""l1_ratio"": 1.0}"
4,0,114,1,0.9996208166178964,0.9961353860696164,0.0062659483619700715,"{""C"": 0.33547602996748965, ""class_weight"": null, ""l1_ratio"": 1.0}"
4,0,116,1,0.812486209837508,0.8138768779495406,0.0593916984393918,"{""C"": 0.33547602996748965, ""class_weight"": null, ""l1_ratio"": 1.0}"
4,0,118,1,0.833852150192469,0.7891287553048721,0.09139452134209906,"{""C"": 0.33547602996748965, ""class_weight"": null, ""l1_ratio"": 1.0}"
4,0,131,1,0.954459503470915,0.9251856170951418,0.05427899866905839,"{""C"": 0.33547602996748965, ""class_weight"": null, ""l1_ratio"": 1.0}"
4,0,135,1,0.6367615203657799,0.5841103430475212,0.09619566335794834,"{""C"": 0.33547602996748965, ""class_weight"": null, ""l1_ratio"": 1.0}"
4,0,137,0,0.16207023335364049,0.15881582277679113,0.04307694791327436,"{""C"": 0.33547602996748965, ""class_weight"": null, ""l1_ratio"": 1.0}"
4,0,140,1,0.9623045660783486,0.9335952907346398,0.03981791424215128,"{""C"": 0.33547602996748965, ""class_weight"": null, ""l1_ratio"": 1.0}"
4,0,142,1,0.31568159973642423,0.3348769929780139,0.05295712172417324,"{""C"": 0.33547602996748965, ""class_weight"": null, ""l1_ratio"": 1.0}"
4,0,148,1,0.4437996645879114,0.45159146739293216,0.0628123135037131,"{""C"": 0.33547602996748965, ""class_weight"": null, ""l1_ratio"": 1.0}"
4,0,149,1,0.853313427170188,0.8258461845995262,0.10063481172890204,"{""C"": 0.33547602996748965, ""class_weight"": null, ""l1_ratio"": 1.0}"
4,0,157,1,0.5526440566127039,0.5298223247480347,0.0918926868542546,"{""C"": 0.33547602996748965, ""class_weight"": null, ""l1_ratio"": 1.0}"
4,0,163,1,0.8841311785805003,0.8603099377916118,0.07178141196593284,"{""C"": 0.33547602996748965, ""class_weight"": null, ""l1_ratio"": 1.0}"
4,0,170,0,0.1597346068466637,0.18802808177648886,0.052822523252957325,"{""C"": 0.33547602996748965, ""class_weight"": null, ""l1_ratio"": 1.0}"
4,0,171,1,0.8846230679990191,0.8085226883524357,0.10204029656857823,"{""C"": 0.33547602996748965, ""class_weight"": null, ""l1_ratio"": 1.0}"
4,0,172,1,0.5955112459169286,0.5743022656298576,0.07409918265833024,"{""C"": 0.33547602996748965, ""class_weight"": null, ""l1_ratio"": 1.0}"
4,0,176,1,0.2129756800634944,0.21948691914315493,0.04208895062889768,"{""C"": 0.33547602996748965, ""class_weight"": null, ""l1_ratio"": 1.0}"
4,0,182,1,0.4939743111691306,0.5109234962595304,0.10542411361793141,"{""C"": 0.33547602996748965, ""class_weight"": null, ""l1_ratio"": 1.0}"
4,0,186,0,0.8340771209942496,0.819463900271989,0.08815492487426341,"{""C"": 0.33547602996748965, ""class_weight"": null, ""l1_ratio"": 1.0}"
4,0,192,0,0.06544667212463745,0.0916942169719557,0.04278259968198599,"{""C"": 0.33547602996748965, ""class_weight"": null, ""l1_ratio"": 1.0}"
4,0,193,0,0.3194544679019376,0.35643902533962685,0.07932083002689982,"{""C"": 0.33547602996748965, ""class_weight"": null, ""l1_ratio"": 1.0}"
4,0,195,0,0.670285049715466,0.6357424247528367,0.0919262600606233,"{""C"": 0.33547602996748965, ""class_weight"": null, ""l1_ratio"": 1.0}"
4,0,197,1,0.9283595985539004,0.8947930837787501,0.06560982883126609,"{""C"": 0.33547602996748965, ""class_weight"": null, ""l1_ratio"": 1.0}"
4,0,201,0,0.6611090909320617,0.6237308722984113,0.1109757167928479,"{""C"": 0.33547602996748965, ""class_weight"": null, ""l1_ratio"": 1.0}"
4,0,203,0,0.18193911302360868,0.1980289350960873,0.03325609900422457,"{""C"": 0.33547602996748965, ""class_weight"": null, ""l1_ratio"": 1.0}"
4,0,211,1,0.7749673554837423,0.7388299122213458,0.1102691912436797,"{""C"": 0.33547602996748965, ""class_weight"": null, ""l1_ratio"": 1.0}"
4,0,214,0,0.8292525051069756,0.8077732724267503,0.09524957346779381,"{""C"": 0.33547602996748965, ""class_weight"": null, ""l1_ratio"": 1.0}"
4,0,240,1,0.9653822273671574,0.930951343709616,0.04905881656095126,"{""C"": 0.33547602996748965, ""class_weight"": null, ""l1_ratio"": 1.0}"
4,0,246,1,0.9758990853558664,0.94040962471505,0.061104633226059316,"{""C"": 0.33547602996748965, ""class_weight"": null, ""l1_ratio"": 1.0}"
4,0,247,0,0.10930401214386215,0.1487720736835117,0.06536756610525415,"{""C"": 0.33547602996748965, ""class_weight"": null, ""l1_ratio"": 1.0}"
4,0,254,0,0.7177208501254094,0.7085049102345209,0.07366882746086852,"{""C"": 0.33547602996748965, ""class_weight"": null, ""l1_ratio"": 1.0}"
4,0,260,1,0.9062487806905238,0.8797232681302519,0.06593128529680749,"{""C"": 0.33547602996748965, ""class_weight"": null, ""l1_ratio"": 1.0}"
4,0,262,1,0.4732437790141684,0.46025003932208197,0.04881338206987053,"{""C"": 0.33547602996748965, ""class_weight"": null, ""l1_ratio"": 1.0}"
4,0,267,1,0.7302317747679047,0.7084570237845973,0.08570872142829246,"{""C"": 0.33547602996748965, ""class_weight"": null, ""l1_ratio"": 1.0}"
4,0,268,0,0.44201692152108873,0.41244920871614543,0.06902645123547774,"{""C"": 0.33547602996748965, ""class_weight"": null, ""l1_ratio"": 1.0}"
4,0,273,1,0.9575205281468988,0.9188469197747798,0.06005520770618364,"{""C"": 0.33547602996748965, ""class_weight"": null, ""l1_ratio"": 1.0}"
4,0,275,1,0.660955253125516,0.6731862063851974,0.07101261737061729,"{""C"": 0.33547602996748965, ""class_weight"": null, ""l1_ratio"": 1.0}"
4,0,280,0,0.3875876112333943,0.3886816449232446,0.08777257488773343,"{""C"": 0.33547602996748965, ""class_weight"": null, ""l1_ratio"": 1.0}"
4,0,281,1,0.5953525528818767,0.5568151104378822,0.14315623776965608,"{""C"": 0.33547602996748965, ""class_weight"": null, ""l1_ratio"": 1.0}"
4,0,282,0,0.793522133192347,0.7327800109297262,0.09737759781227677,"{""C"": 0.33547602996748965, ""class_weight"": null, ""l1_ratio"": 1.0}"
4,0,291,0,0.42930788082395466,0.3825428842436813,0.10966768138664836,"{""C"": 0.33547602996748965, ""class_weight"": null, ""l1_ratio"": 1.0}"
4,0,295,0,0.3706162326345564,0.38705621863428835,0.08929087065608472,"{""C"": 0.33547602996748965, ""class_weight"": null, ""l1_ratio"": 1.0}"
4,1,4,0,0.2615239788392511,0.26557623458863466,0.05038145786161994,"{""C"": 0.16434787383763838, ""class_weight"": ""balanced"", ""l1_ratio"": 1.0}"
4,1,5,1,0.40025826408470916,0.4439363724753386,0.044578547350168064,"{""C"": 0.16434787383763838, ""class_weight"": ""balanced"", ""l1_ratio"": 1.0}"
4,1,8,0,0.17250709327815458,0.190551190793458,0.05350243512020964,"{""C"": 0.16434787383763838, ""class_weight"": ""balanced"", ""l1_ratio"": 1.0}"
4,1,10,1,0.42708939325858464,0.4849990149528899,0.031741750447099835,"{""C"": 0.16434787383763838, ""class_weight"": ""balanced"", ""l1_ratio"": 1.0}"
4,1,11,1,0.9717302523024739,0.9786342994435794,0.016144071429891688,"{""C"": 0.16434787383763838, ""class_weight"": ""balanced"", ""l1_ratio"": 1.0}"
4,1,16,0,0.28272620094652684,0.318061277124544,0.04296048324432915,"{""C"": 0.16434787383763838, ""class_weight"": ""balanced"", ""l1_ratio"": 1.0}"
4,1,21,1,0.5623030105803863,0.5918065061968882,0.032025869674417604,"{""C"": 0.16434787383763838, ""class_weight"": ""balanced"", ""l1_ratio"": 1.0}"
4,1,49,0,0.32418902459053084,0.3677230471412901,0.04497273088125364,"{""C"": 0.16434787383763838, ""class_weight"": ""balanced"", ""l1_ratio"": 1.0}"
4,1,52,1,0.9767946240324008,0.9857167010021511,0.011919088337376942,"{""C"": 0.16434787383763838, ""class_weight"": ""balanced"", ""l1_ratio"": 1.0}"
4,1,54,0,0.569122621678732,0.6286956494011239,0.041628852032222025,"{""C"": 0.16434787383763838, ""class_weight"": ""balanced"", ""l1_ratio"": 1.0}"
4,1,60,0,0.2413011694167915,0.2799118924765983,0.05624043632476956,"{""C"": 0.16434787383763838, ""class_weight"": ""balanced"", ""l1_ratio"": 1.0}"
4,1,61,1,0.237235049369769,0.2643085878990572,0.06901400049804153,"{""C"": 0.16434787383763838, ""class_weight"": ""balanced"", ""l1_ratio"": 1.0}"
4,1,64,0,0.3284117593353693,0.35381486990180194,0.04666054882917194,"{""C"": 0.16434787383763838, ""class_weight"": ""balanced"", ""l1_ratio"": 1.0}"
4,1,71,1,0.6850732368457303,0.7664447195707107,0.07416616467381192,"{""C"": 0.16434787383763838, ""class_weight"": ""balanced"", ""l1_ratio"": 1.0}"
4,1,74,1,0.9460459070182018,0.9638123163913545,0.020109464193569928,"{""C"": 0.16434787383763838, ""class_weight"": ""balanced"", ""l1_ratio"": 1.0}"
4,1,76,1,0.7113107970203154,0.7589914911763647,0.054982874616205095,"{""C"": 0.16434787383763838, ""class_weight"": ""balanced"", ""l1_ratio"": 1.0}"
4,1,77,0,0.5664799687134909,0.6255394269157286,0.02807974919656655,"{""C"": 0.16434787383763838, ""class_weight"": ""balanced"", ""l1_ratio"": 1.0}"
4,1,93,1,0.5944287026420495,0.6419123164625399,0.07013594932464978,"{""C"": 0.16434787383763838, ""class_weight"": ""balanced"", ""l1_ratio"": 1.0}"
4,1,100,1,0.658811057351467,0.7532804353667082,0.08302733230914579,"{""C"": 0.16434787383763838, ""class_weight"": ""balanced"", ""l1_ratio"": 1.0}"
4,1,101,1,0.6791405703071959,0.7445567618676978,0.05899235311302463,"{""C"": 0.16434787383763838, ""class_weight"": ""balanced"", ""l1_ratio"": 1.0}"
4,1,107,1,0.5156809102810248,0.548120688005849,0.11812979841877357,"{""C"": 0.16434787383763838, ""class_weight"": ""balanced"", ""l1_ratio"": 1.0}"
4,1,113,0,0.17251322769771157,0.18766027946030164,0.06851772115742784,"{""C"": 0.16434787383763838, ""class_weight"": ""balanced"", ""l1_ratio"": 1.0}"
4,1,119,1,0.6881366995622987,0.7329304566444981,0.05532041511804728,"{""C"": 0.16434787383763838, ""class_weight"": ""balanced"", ""l1_ratio"": 1.0}"
4,1,120,1,0.7457255231808874,0.7987295637610159,0.0340699217776107,"{""C"": 0.16434787383763838, ""class_weight"": ""balanced"", ""l1_ratio"": 1.0}"
4,1,121,0,0.43189368641585524,0.4955522582830717,0.09697521170912098,"{""C"": 0.16434787383763838, ""class_weight"": ""balanced"", ""l1_ratio"": 1.0}"
4,1,125,1,0.5480519020995257,0.604504286080212,0.02876843395219269,"{""C"": 0.16434787383763838, ""class_weight"": ""balanced"", ""l1_ratio"": 1.0}"
4,1,129,0,0.4158116031666057,0.48956559917900755,0.05300099565114314,"{""C"": 0.16434787383763838, ""class_weight"": ""balanced"", ""l1_ratio"": 1.0}"
4,1,130,0,0.23335896968892117,0.2638741421968146,0.05312529494524475,"{""C"": 0.16434787383763838, ""class_weight"": ""balanced"", ""l1_ratio"": 1.0}"
4,1,132,1,0.7664069266347265,0.82361226816124,0.04798673253688562,"{""C"": 0.16434787383763838, ""class_weight"": ""balanced"", ""l1_ratio"": 1.0}"
4,1,134,1,0.4712426286186038,0.46927504596914577,0.039767883596222596,"{""C"": 0.16434787383763838, ""class_weight"": ""balanced"", ""l1_ratio"": 1.0}"
4,1,138,1,0.6140360481944007,0.6734211986999872,0.05657490560536863,"{""C"": 0.16434787383763838, ""class_weight"": ""balanced"", ""l1_ratio"": 1.0}"
4,1,152,1,0.49857306745384816,0.545454648636095,0.05389389138664479,"{""C"": 0.16434787383763838, ""class_weight"": ""balanced"", ""l1_ratio"": 1.0}"
4,1,155,1,0.6539894957515207,0.7217825062117628,0.04412295063907214,"{""C"": 0.16434787383763838, ""class_weight"": ""balanced"", ""l1_ratio"": 1.0}"
4,1,161,1,0.7471191341790588,0.7883003921312417,0.055702493268741674,"{""C"": 0.16434787383763838, ""class_weight"": ""balanced"", ""l1_ratio"": 1.0}"
4,1,168,0,0.2034211277896341,0.23028300913471583,0.055703343946808384,"{""C"": 0.16434787383763838, ""class_weight"": ""balanced"", ""l1_ratio"": 1.0}"
4,1,169,0,0.23059343638089705,0.24624419677315795,0.07236157771455011,"{""C"": 0.16434787383763838, ""class_weight"": ""balanced"", ""l1_ratio"": 1.0}"
4,1,175,0,0.367934419122396,0.39596590563027123,0.026881995196654882,"{""C"": 0.16434787383763838, ""class_weight"": ""balanced"", ""l1_ratio"": 1.0}"
4,1,178,1,0.4376239751962633,0.4770044124537051,0.031139291095532116,"{""C"": 0.16434787383763838, ""class_weight"": ""balanced"", ""l1_ratio"": 1.0}"
4,1,185,0,0.49067646203626386,0.552735877338779,0.029664612068899494,"{""C"": 0.16434787383763838, ""class_weight"": ""balanced"", ""l1_ratio"": 1.0}"
4,1,188,1,0.3331217356541528,0.3775253865279381,0.05681692427218478,"{""C"": 0.16434787383763838, ""class_weight"": ""balanced"", ""l1_ratio"": 1.0}"
4,1,191,1,0.6547893485002282,0.746274394962912,0.06805540735023337,"{""C"": 0.16434787383763838, ""class_weight"": ""balanced"", ""l1_ratio"": 1.0}"
4,1,200,1,0.47209776642591,0.5198658541867547,0.056784999137060935,"{""C"": 0.16434787383763838, ""class_weight"": ""balanced"", ""l1_ratio"": 1.0}"
4,1,204,0,0.3097953237744023,0.32793434205835925,0.0686964040861154,"{""C"": 0.16434787383763838, ""class_weight"": ""balanced"", ""l1_ratio"": 1.0}"
4,1,212,0,0.10214683284756791,0.11298143672787472,0.05397112770744405,"{""C"": 0.16434787383763838, ""class_weight"": ""balanced"", ""l1_ratio"": 1.0}"
4,1,221,1,0.3907372574934005,0.420748206886588,0.041917193601800413,"{""C"": 0.16434787383763838, ""class_weight"": ""balanced"", ""l1_ratio"": 1.0}"
4,1,223,1,0.29348603261081246,0.33790295269577164,0.04983469022679194,"{""C"": 0.16434787383763838, ""class_weight"": ""balanced"", ""l1_ratio"": 1.0}"
4,1,224,1,0.7622039698240853,0.8326393139920972,0.05206800800076487,"{""C"": 0.16434787383763838, ""class_weight"": ""balanced"", ""l1_ratio"": 1.0}"
4,1,226,1,0.6076053281660898,0.6864472168699722,0.04586460449242629,"{""C"": 0.16434787383763838, ""class_weight"": ""balanced"", ""l1_ratio"": 1.0}"
4,1,227,1,0.41284883703236175,0.4566348882029244,0.0226459433414973,"{""C"": 0.16434787383763838, ""class_weight"": ""balanced"", ""l1_ratio"": 1.0}"
4,1,228,1,0.39620333886601,0.4249676223700118,0.023062999951383847,"{""C"": 0.16434787383763838, ""class_weight"": ""balanced"", ""l1_ratio"": 1.0}"
4,1,245,1,0.4630474020037503,0.4879855628053926,0.07935168778866863,"{""C"": 0.16434787383763838, ""class_weight"": ""balanced"", ""l1_ratio"": 1.0}"
4,1,250,1,0.48964192295126757,0.5309812931843563,0.03559257577694717,"{""C"": 0.16434787383763838, ""class_weight"": ""balanced"", ""l1_ratio"": 1.0}"
4,1,263,0,0.21173862299433555,0.23592169778056102,0.0822171696969119,"{""C"": 0.16434787383763838, ""class_weight"": ""balanced"", ""l1_ratio"": 1.0}"
4,1,272,0,0.4881246986080736,0.5542967483746283,0.07012751161921624,"{""C"": 0.16434787383763838, ""class_weight"": ""balanced"", ""l1_ratio"": 1.0}"
4,1,274,1,0.9390126987874579,0.9534974415356026,0.027910360896280698,"{""C"": 0.16434787383763838, ""class_weight"": ""balanced"", ""l1_ratio"": 1.0}"
4,1,287,0,0.3158741166551175,0.364840836923437,0.030570198091665744,"{""C"": 0.16434787383763838, ""class_weight"": ""balanced"", ""l1_ratio"": 1.0}"
4,1,292,0,0.26813933992166405,0.2705176834170714,0.05655216354703688,"{""C"": 0.16434787383763838, ""class_weight"": ""balanced"", ""l1_ratio"": 1.0}"
4,1,293,0,0.2971347177999717,0.31610634670254906,0.08975886545159935,"{""C"": 0.16434787383763838, ""class_weight"": ""balanced"", ""l1_ratio"": 1.0}"
4,1,294,1,0.4396635125525791,0.4924991660267334,0.06200431685679256,"{""C"": 0.16434787383763838, ""class_weight"": ""balanced"", ""l1_ratio"": 1.0}"
4,1,296,0,0.19876662022817818,0.20702467984382472,0.06117407970825094,"{""C"": 0.16434787383763838, ""class_weight"": ""balanced"", ""l1_ratio"": 1.0}"
4,1,299,0,0.3284603558622127,0.3884288792051448,0.09524444358762647,"{""C"": 0.16434787383763838, ""class_weight"": ""balanced"", ""l1_ratio"": 1.0}"
4,2,1,1,0.9615879240687925,0.9785773283214552,0.011300485651080173,"{""C"": 0.06730995521220086, ""class_weight"": ""balanced"", ""l1_ratio"": 0.0}"
4,2,9,0,0.8016106644074869,0.8393502777979315,0.05722219177782872,"{""C"": 0.06730995521220086, ""class_weight"": ""balanced"", ""l1_ratio"": 0.0}"
4,2,12,1,0.9809944292039049,0.9903860192404055,0.007674824782482146,"{""C"": 0.06730995521220086, ""class_weight"": ""balanced"", ""l1_ratio"": 0.0}"
4,2,17,0,0.179435720222594,0.19500672162005456,0.10248565836955076,"{""C"": 0.06730995521220086, ""class_weight"": ""balanced"", ""l1_ratio"": 0.0}"
4,2,25,1,0.8821057587087953,0.9253814582040967,0.013980551674574368,"{""C"": 0.06730995521220086, ""class_weight"": ""balanced"", ""l1_ratio"": 0.0}"
4,2,29,0,0.7449503327337166,0.7973715826649005,0.078806088936023,"{""C"": 0.06730995521220086, ""class_weight"": ""balanced"", ""l1_ratio"": 0.0}"
4,2,30,1,0.7051193334257311,0.7778256372217702,0.05354133203639048,"{""C"": 0.06730995521220086, ""class_weight"": ""balanced"", ""l1_ratio"": 0.0}"
4,2,33,1,0.6981467459433636,0.7505070959623946,0.06400769977879953,"{""C"": 0.06730995521220086, ""class_weight"": ""balanced"", ""l1_ratio"": 0.0}"
4,2,38,1,0.9520475581931712,0.9747628881247448,0.006101414121674014,"{""C"": 0.06730995521220086, ""class_weight"": ""balanced"", ""l1_ratio"": 0.0}"
4,2,42,0,0.22355795874218456,0.24215944580042453,0.09997153321797811,"{""C"": 0.06730995521220086, ""class_weight"": ""balanced"", ""l1_ratio"": 0.0}"
4,2,43,1,0.45304399704133985,0.4819081193822896,0.08511042800827213,"{""C"": 0.06730995521220086, ""class_weight"": ""balanced"", ""l1_ratio"": 0.0}"
4,2,44,0,0.7529495814089235,0.8251653408653578,0.03834934825314869,"{""C"": 0.06730995521220086, ""class_weight"": ""balanced"", ""l1_ratio"": 0.0}"
4,2,48,0,0.31427917991497073,0.34820376878681447,0.11596699584117279,"{""C"": 0.06730995521220086, ""class_weight"": ""balanced"", ""l1_ratio"": 0.0}"
4,2,55,1,0.8007947493047438,0.8612127735272288,0.02854636359401831,"{""C"": 0.06730995521220086, ""class_weight"": ""balanced"", ""l1_ratio"": 0.0}"
4,2,56,1,0.7694755157644767,0.8341750061547069,0.033948734349542445,"{""C"": 0.06730995521220086, ""class_weight"": ""balanced"", ""l1_ratio"": 0.0}"
4,2,57,1,0.8998893966742098,0.9392703779442717,0.010260297433009552,"{""C"": 0.06730995521220086, ""class_weight"": ""balanced"", ""l1_ratio"": 0.0}"
4,2,72,1,0.4893081370378168,0.5278009021631412,0.12293608443420799,"{""C"": 0.06730995521220086, ""class_weight"": ""balanced"", ""l1_ratio"": 0.0}"
4,2,73,0,0.44274218816039157,0.4995305228412774,0.17972393038914097,"{""C"": 0.06730995521220086, ""class_weight"": ""balanced"", ""l1_ratio"": 0.0}"
4,2,79,0,0.22457364289724413,0.24261911680597764,0.09524116395834718,"{""C"": 0.06730995521220086, ""class_weight"": ""balanced"", ""l1_ratio"": 0.0}"
4,2,83,1,0.8563916409181687,0.9121883125380231,0.016966146712815416,"{""C"": 0.06730995521220086, ""class_weight"": ""balanced"", ""l1_ratio"": 0.0}"
4,2,85,0,0.33530250787040516,0.35370855729767425,0.11828448210445504,"{""C"": 0.06730995521220086, ""class_weight"": ""balanced"", ""l1_ratio"": 0.0}"
4,2,87,1,0.8097147022120843,0.8769048105241353,0.028469475751456867,"{""C"": 0.06730995521220086, ""class_weight"": ""balanced"", ""l1_ratio"": 0.0}"
4,2,95,1,0.7473523018440043,0.8108388909630178,0.03448980159769731,"{""C"": 0.06730995521220086, ""class_weight"": ""balanced"", ""l1_ratio"": 0.0}"
4,2,96,1,0.7807013668622667,0.8456264734778159,0.02020356600562404,"{""C"": 0.06730995521220086, ""class_weight"": ""balanced"", ""l1_ratio"": 0.0}"
4,2,99,1,0.30154928535634706,0.316526385346992,0.09653707735061595,"{""C"": 0.06730995521220086, ""class_weight"": ""balanced"", ""l1_ratio"": 0.0}"
4,2,102,0,0.12950709995939366,0.1304324479486072,0.07739845276276246,"{""C"": 0.06730995521220086, ""class_weight"": ""balanced"", ""l1_ratio"": 0.0}"
4,2,105,1,0.8190393082054302,0.8685960187141566,0.045324268553372356,"{""C"": 0.06730995521220086, ""class_weight"": ""balanced"", ""l1_ratio"": 0.0}"
4,2,106,1,0.6825660088983826,0.7474530083834996,0.04969374190362438,"{""C"": 0.06730995521220086, ""class_weight"": ""balanced"", ""l1_ratio"": 0.0}"
4,2,109,0,0.6476199481702943,0.7119574362843356,0.07080487068116845,"{""C"": 0.06730995521220086, ""class_weight"": ""balanced"", ""l1_ratio"": 0.0}"
4,2,110,0,0.17577028348674298,0.1811601063789638,0.09692497764557242,"{""C"": 0.06730995521220086, ""class_weight"": ""balanced"", ""l1_ratio"": 0.0}"
4,2,117,1,0.6778217667272177,0.7480250036258447,0.02472769610837277,"{""C"": 0.06730995521220086, ""class_weight"": ""balanced"", ""l1_ratio"": 0.0}"
4,2,128,1,0.7244886560934867,0.797305822549951,0.05190094885327778,"{""C"": 0.06730995521220086, ""class_weight"": ""balanced"", ""l1_ratio"": 0.0}"
4,2,141,1,0.8045912819579815,0.8586291887682147,0.04553156933676378,"{""C"": 0.06730995521220086, ""class_weight"": ""balanced"", ""l1_ratio"": 0.0}"
4,2,145,0,0.7200130911606895,0.7999435779824549,0.03956111599679599,"{""C"": 0.06730995521220086, ""class_weight"": ""balanced"", ""l1_ratio"": 0.0}"
4,2,147,1,0.7388421586695324,0.7836522281434185,0.0890519810438417,"{""C"": 0.06730995521220086, ""class_weight"": ""balanced"", ""l1_ratio"": 0.0}"
4,2,150,0,0.18609633252655988,0.19217224220091605,0.10044985391337667,"{""C"": 0.06730995521220086, ""class_weight"": ""balanced"", ""l1_ratio"": 0.0}"
4,2,151,0,0.3432508770590575,0.36851508192708515,0.11012560773437856,"{""C"": 0.06730995521220086, ""class_weight"": ""balanced"", ""l1_ratio"": 0.0}"
4,2,166,0,0.1482795794057373,0.1717790368239178,0.09433891052487574,"{""C"": 0.06730995521220086, ""class_weight"": ""balanced"", ""l1_ratio"": 0.0}"
4,2,174,1,0.9805313043306741,0.9896045135205009,0.008126133859192726,"{""C"": 0.06730995521220086, ""class_weight"": ""balanced"", ""l1_ratio"": 0.0}"
4,2,177,1,0.8267644457898917,0.8833954290942343,0.01982821216159942,"{""C"": 0.06730995521220086, ""class_weight"": ""balanced"", ""l1_ratio"": 0.0}"
4,2,181,1,0.8474517320151719,0.8959994460532925,0.0335583364798181,"{""C"": 0.06730995521220086, ""class_weight"": ""balanced"", ""l1_ratio"": 0.0}"
4,2,184,1,0.4943936379641362,0.5220926818453164,0.14667041871489625,"{""C"": 0.06730995521220086, ""class_weight"": ""balanced"", ""l1_ratio"": 0.0}"
4,2,198,1,0.6282941981897292,0.7159435617312158,0.031234479268088228,"{""C"": 0.06730995521220086, ""class_weight"": ""balanced"", ""l1_ratio"": 0.0}"
4,2,199,0,0.2436915366281989,0.2673969845556611,0.09965805218255334,"{""C"": 0.06730995521220086, ""class_weight"": ""balanced"", ""l1_ratio"": 0.0}"
4,2,208,1,0.517271188782387,0.5587232816396331,0.12115478512834292,"{""C"": 0.06730995521220086, ""class_weight"": ""balanced"", ""l1_ratio"": 0.0}"
4,2,209,1,0.7764953084705762,0.8364719119942887,0.03944334182998947,"{""C"": 0.06730995521220086, ""class_weight"": ""balanced"", ""l1_ratio"": 0.0}"
4,2,219,1,0.19967474915226066,0.20460932365928466,0.10473256969744946,"{""C"": 0.06730995521220086, ""class_weight"": ""balanced"", ""l1_ratio"": 0.0}"
4,2,220,1,0.7124839539067453,0.7844520698217885,0.07080268748450047,"{""C"": 0.06730995521220086, ""class_weight"": ""balanced"", ""l1_ratio"": 0.0}"
4,2,225,0,0.4478216591943135,0.4827174469045551,0.13587616569791164,"{""C"": 0.06730995521220086, ""class_weight"": ""balanced"", ""l1_ratio"": 0.0}"
4,2,230,1,0.9533135161021873,0.9753021597045191,0.010984598861885075,"{""C"": 0.06730995521220086, ""class_weight"": ""balanced"", ""l1_ratio"": 0.0}"
4,2,231,0,0.8293719329270761,0.8845281418239835,0.03385394128753566,"{""C"": 0.06730995521220086, ""class_weight"": ""balanced"", ""l1_ratio"": 0.0}"
4,2,237,1,0.3545760006324798,0.3864325439280365,0.11849580992751597,"{""C"": 0.06730995521220086, ""class_weight"": ""balanced"", ""l1_ratio"": 0.0}"
4,2,244,1,0.36982043584016283,0.40078904418706846,0.08589267031924651,"{""C"": 0.06730995521220086, ""class_weight"": ""balanced"", ""l1_ratio"": 0.0}"
4,2,258,0,0.15946084363115848,0.17485086024951885,0.10089345361608767,"{""C"": 0.06730995521220086, ""class_weight"": ""balanced"", ""l1_ratio"": 0.0}"
4,2,259,1,0.38152565841649017,0.4048756057067962,0.11322281491611953,"{""C"": 0.06730995521220086, ""class_weight"": ""balanced"", ""l1_ratio"": 0.0}"
4,2,264,0,0.17923746534849205,0.18940952313861015,0.10238831497334774,"{""C"": 0.06730995521220086, ""class_weight"": ""balanced"", ""l1_ratio"": 0.0}"
4,2,265,0,0.5685125431647428,0.6350117071086879,0.07678403366832592,"{""C"": 0.06730995521220086, ""class_weight"": ""balanced"", ""l1_ratio"": 0.0}"
4,2,266,0,0.7408081485129284,0.8078747579346105,0.03622263909918678,"{""C"": 0.06730995521220086, ""class_weight"": ""balanced"", ""l1_ratio"": 0.0}"
4,2,276,0,0.20294128650887533,0.2026636911367165,0.09138678719980906,"{""C"": 0.06730995521220086, ""class_weight"": ""balanced"", ""l1_ratio"": 0.0}"
4,2,286,0,0.2560494111012722,0.2732137715916666,0.09289654047869626,"{""C"": 0.06730995521220086, ""class_weight"": ""balanced"", ""l1_ratio"": 0.0}"
4,2,300,0,0.23521103545617578,0.24558430623660232,0.10283187374621747,"{""C"": 0.06730995521220086, ""class_weight"": ""balanced"", ""l1_ratio"": 0.0}"
4,3,0,1,0.3900202522420327,0.42631267910474724,0.07284592462061512,"{""C"": 0.9012165690576541, ""class_weight"": null, ""l1_ratio"": 1.0}"
4,3,6,1,0.9967757417351533,0.9592076854850449,0.024458354970898922,"{""C"": 0.9012165690576541, ""class_weight"": null, ""l1_ratio"": 1.0}"
4,3,13,1,0.8618088783549882,0.7603934146464482,0.045976191934071924,"{""C"": 0.9012165690576541, ""class_weight"": null, ""l1_ratio"": 1.0}"
4,3,14,1,0.20114849442247665,0.2992441200430065,0.04601213663758168,"{""C"": 0.9012165690576541, ""class_weight"": null, ""l1_ratio"": 1.0}"
4,3,18,1,0.542755686911998,0.546187044327218,0.08746370685787827,"{""C"": 0.9012165690576541, ""class_weight"": null, ""l1_ratio"": 1.0}"
4,3,22,1,0.9682218422545549,0.8895634058114759,0.02328415847459236,"{""C"": 0.9012165690576541, ""class_weight"": null, ""l1_ratio"": 1.0}"
4,3,24,1,0.5409578164744521,0.5437297778122371,0.11926452628506368,"{""C"": 0.9012165690576541, ""class_weight"": null, ""l1_ratio"": 1.0}"
4,3,27,0,0.2665415770366706,0.3646703822369054,0.06637889560349641,"{""C"": 0.9012165690576541, ""class_weight"": null, ""l1_ratio"": 1.0}"
4,3,34,1,0.9898429628985066,0.9342679378244098,0.038662410152690015,"{""C"": 0.9012165690576541, ""class_weight"": null, ""l1_ratio"": 1.0}"
4,3,37,1,0.9901067610740277,0.9333620527256843,0.03572997146837778,"{""C"": 0.9012165690576541, ""class_weight"": null, ""l1_ratio"": 1.0}"
4,3,40,1,0.9923067373203293,0.9515383672886948,0.03933723315201019,"{""C"": 0.9012165690576541, ""class_weight"": null, ""l1_ratio"": 1.0}"
4,3,46,1,0.48655459877631674,0.49331493571424867,0.06910954315192971,"{""C"": 0.9012165690576541, ""class_weight"": null, ""l1_ratio"": 1.0}"
4,3,47,1,0.9140990358042191,0.8174394870726444,0.032970345356281405,"{""C"": 0.9012165690576541, ""class_weight"": null, ""l1_ratio"": 1.0}"
4,3,50,0,0.40849688637474224,0.4541147220367442,0.12062827266918572,"{""C"": 0.9012165690576541, ""class_weight"": null, ""l1_ratio"": 1.0}"
4,3,53,0,0.7500411198756732,0.6553450137509805,0.08776912030386778,"{""C"": 0.9012165690576541, ""class_weight"": null, ""l1_ratio"": 1.0}"
4,3,62,1,0.044990360971682845,0.14381764156858093,0.04676001025153965,"{""C"": 0.9012165690576541, ""class_weight"": null, ""l1_ratio"": 1.0}"
4,3,65,0,0.6333117165930731,0.5855567081208292,0.03690732729197141,"{""C"": 0.9012165690576541, ""class_weight"": null, ""l1_ratio"": 1.0}"
4,3,67,0,0.21045547682309662,0.3098188970217999,0.06321064631895441,"{""C"": 0.9012165690576541, ""class_weight"": null, ""l1_ratio"": 1.0}"
4,3,69,1,0.8879747763984349,0.7862738657942278,0.05218145856112168,"{""C"": 0.9012165690576541, ""class_weight"": null, ""l1_ratio"": 1.0}"
4,3,70,0,0.032089171664289325,0.10894426400101512,0.02305252249649269,"{""C"": 0.9012165690576541, ""class_weight"": null, ""l1_ratio"": 1.0}"
4,3,75,1,0.09275071770424087,0.2120247199912964,0.08012895584314399,"{""C"": 0.9012165690576541, ""class_weight"": null, ""l1_ratio"": 1.0}"
4,3,86,1,0.7505986045893049,0.6486791708445339,0.06789662286487418,"{""C"": 0.9012165690576541, ""class_weight"": null, ""l1_ratio"": 1.0}"
4,3,90,0,0.5431168517498607,0.5372964454235466,0.07548174155130369,"{""C"": 0.9012165690576541, ""class_weight"": null, ""l1_ratio"": 1.0}"
4,3,108,0,0.13198176669213665,0.2445950098447996,0.06606160859906501,"{""C"": 0.9012165690576541, ""class_weight"": null, ""l1_ratio"": 1.0}"
4,3,124,1,0.28110054035727866,0.4070783528358134,0.14451428012261594,"{""C"": 0.9012165690576541, ""class_weight"": null, ""l1_ratio"": 1.0}"
4,3,136,0,0.05480528830409149,0.21451048982041176,0.07972598167232663,"{""C"": 0.9012165690576541, ""class_weight"": null, ""l1_ratio"": 1.0}"
4,3,139,1,0.936499486461368,0.8507010150948554,0.03953860821183694,"{""C"": 0.9012165690576541, ""class_weight"": null, ""l1_ratio"": 1.0}"
4,3,146,1,0.9990368186643771,0.9832922158549309,0.006763266274556924,"{""C"": 0.9012165690576541, ""class_weight"": null, ""l1_ratio"": 1.0}"
4,3,154,0,0.8022171462104117,0.6816971340770959,0.10657303760310435,"{""C"": 0.9012165690576541, ""class_weight"": null, ""l1_ratio"": 1.0}"
4,3,164,1,0.949250311462166,0.8533830042451968,0.07814558565400595,"{""C"": 0.9012165690576541, ""class_weight"": null, ""l1_ratio"": 1.0}"
4,3,167,1,0.7184804912090585,0.6310974012488259,0.05375097748856953,"{""C"": 0.9012165690576541, ""class_weight"": null, ""l1_ratio"": 1.0}"
4,3,179,0,0.16462825756907692,0.2657204926575699,0.0637226852580718,"{""C"": 0.9012165690576541, ""class_weight"": null, ""l1_ratio"": 1.0}"
4,3,183,0,0.5540615544986148,0.5123000152942143,0.07110062026781751,"{""C"": 0.9012165690576541, ""class_weight"": null, ""l1_ratio"": 1.0}"
4,3,187,1,0.8761176434086182,0.7826014520546705,0.029871902992651567,"{""C"": 0.9012165690576541, ""class_weight"": null, ""l1_ratio"": 1.0}"
4,3,189,1,0.7855992852102746,0.7137273526451825,0.06998351336755465,"{""C"": 0.9012165690576541, ""class_weight"": null, ""l1_ratio"": 1.0}"
4,3,194,0,0.09946389749938289,0.21616831429526995,0.06786800691215304,"{""C"": 0.9012165690576541, ""class_weight"": null, ""l1_ratio"": 1.0}"
4,3,202,1,0.975588397788699,0.899589656908014,0.06327957366995449,"{""C"": 0.9012165690576541, ""class_weight"": null, ""l1_ratio"": 1.0}"
4,3,216,0,0.6548211473540717,0.5861527749924715,0.056472343952869576,"{""C"": 0.9012165690576541, ""class_weight"": null, ""l1_ratio"": 1.0}"
4,3,217,0,0.21010967874247732,0.3218545757123859,0.09316796126147554,"{""C"": 0.9012165690576541, ""class_weight"": null, ""l1_ratio"": 1.0}"
4,3,232,1,0.7554401311080293,0.6759759911045924,0.09210770882096725,"{""C"": 0.9012165690576541, ""class_weight"": null, ""l1_ratio"": 1.0}"
4,3,233,0,0.280190019854973,0.34910556562945294,0.10716030479374083,"{""C"": 0.9012165690576541, ""class_weight"": null, ""l1_ratio"": 1.0}"
4,3,234,0,0.4308565512648339,0.47870675459227846,0.07540832544256615,"{""C"": 0.9012165690576541, ""class_weight"": null, ""l1_ratio"": 1.0}"
4,3,238,1,0.17026934294900986,0.28353009299415555,0.09703748222360536,"{""C"": 0.9012165690576541, ""class_weight"": null, ""l1_ratio"": 1.0}"
4,3,239,1,0.981764562152357,0.9073656756541455,0.043211088525447874,"{""C"": 0.9012165690576541, ""class_weight"": null, ""l1_ratio"": 1.0}"
4,3,242,1,0.6501140109069171,0.6397522098064661,0.0596722618568379,"{""C"": 0.9012165690576541, ""class_weight"": null, ""l1_ratio"": 1.0}"
4,3,243,0,0.7180301639513047,0.6509114021613849,0.08931160312022496,"{""C"": 0.9012165690576541, ""class_weight"": null, ""l1_ratio"": 1.0}"
4,3,248,1,0.991600146075053,0.9437978159389034,0.038699857116607055,"{""C"": 0.9012165690576541, ""class_weight"": null, ""l1_ratio"": 1.0}"
4,3,249,1,0.8467374122288928,0.731630496096642,0.12147885228963981,"{""C"": 0.9012165690576541, ""class_weight"": null, ""l1_ratio"": 1.0}"
4,3,251,1,0.26795911160764985,0.4169493661452681,0.11612590873039154,"{""C"": 0.9012165690576541, ""class_weight"": null, ""l1_ratio"": 1.0}"
4,3,252,1,0.30706151423658534,0.41405121635351705,0.16340661608014678,"{""C"": 0.9012165690576541, ""class_weight"": null, ""l1_ratio"": 1.0}"
4,3,253,1,0.5960623799588656,0.5713164874529661,0.06887887892523357,"{""C"": 0.9012165690576541, ""class_weight"": null, ""l1_ratio"": 1.0}"
4,3,255,0,0.037327678115163174,0.13338431778110177,0.07643196965280358,"{""C"": 0.9012165690576541, ""class_weight"": null, ""l1_ratio"": 1.0}"
4,3,256,0,0.15435381635203071,0.2732830505591541,0.033916889074800935,"{""C"": 0.9012165690576541, ""class_weight"": null, ""l1_ratio"": 1.0}"
4,3,257,0,0.20604968260165293,0.327879074285361,0.059092285485854296,"{""C"": 0.9012165690576541, ""class_weight"": null, ""l1_ratio"": 1.0}"
4,3,283,0,0.5460722426053317,0.5715167784069363,0.10154675783205318,"{""C"": 0.9012165690576541, ""class_weight"": null, ""l1_ratio"": 1.0}"
4,3,285,0,0.17286077540225478,0.29386741150262574,0.04831491466194524,"{""C"": 0.9012165690576541, ""class_weight"": null, ""l1_ratio"": 1.0}"
4,3,289,0,0.2971601843671728,0.36570200898527333,0.06855731037876384,"{""C"": 0.9012165690576541, ""class_weight"": null, ""l1_ratio"": 1.0}"
4,3,298,1,0.6834577827661791,0.6204121119686159,0.0349961573339673,"{""C"": 0.9012165690576541, ""class_weight"": null, ""l1_ratio"": 1.0}"
4,3,301,0,0.07484794043482719,0.18500441919924415,0.05881218027181116,"{""C"": 0.9012165690576541, ""class_weight"": null, ""l1_ratio"": 1.0}"
4,3,302,1,0.6785511790357727,0.6140845049389488,0.06304639322519297,"{""C"": 0.9012165690576541, ""class_weight"": null, ""l1_ratio"": 1.0}"
4,4,3,0,0.47266100329106164,0.40503284525308025,0.08847013987787697,"{""C"": 0.11423646088572789, ""class_weight"": null, ""l1_ratio"": 1.0}"
4,4,7,1,0.9750289333393811,0.9855764345729924,0.013702920480110809,"{""C"": 0.11423646088572789, ""class_weight"": null, ""l1_ratio"": 1.0}"
4,4,15,1,0.7330791702904385,0.7313592425830275,0.07074085135319116,"{""C"": 0.11423646088572789, ""class_weight"": null, ""l1_ratio"": 1.0}"
4,4,20,0,0.28446221220100054,0.1975338638410952,0.0601696025658487,"{""C"": 0.11423646088572789, ""class_weight"": null, ""l1_ratio"": 1.0}"
4,4,23,1,0.7669757916663795,0.8081150283044964,0.0549770900347806,"{""C"": 0.11423646088572789, ""class_weight"": null, ""l1_ratio"": 1.0}"
4,4,28,1,0.9837743218115879,0.9904612486777197,0.008800459257835454,"{""C"": 0.11423646088572789, ""class_weight"": null, ""l1_ratio"": 1.0}"
4,4,35,0,0.2748440629463078,0.1820519930792413,0.046037389997414496,"{""C"": 0.11423646088572789, ""class_weight"": null, ""l1_ratio"": 1.0}"
4,4,39,1,0.9567372351623864,0.9732733335128441,0.020935427426639567,"{""C"": 0.11423646088572789, ""class_weight"": null, ""l1_ratio"": 1.0}"
4,4,45,1,0.9515485995620274,0.9723656210173892,0.025253911327001416,"{""C"": 0.11423646088572789, ""class_weight"": null, ""l1_ratio"": 1.0}"
4,4,51,1,0.5991720729581345,0.5901133507680525,0.05483157796763865,"{""C"": 0.11423646088572789, ""class_weight"": null, ""l1_ratio"": 1.0}"
4,4,58,1,0.5831331236612035,0.5764588980593245,0.118224874343177,"{""C"": 0.11423646088572789, ""class_weight"": null, ""l1_ratio"": 1.0}"
4,4,63,1,0.6378299526647754,0.6534741654918983,0.08633169756833274,"{""C"": 0.11423646088572789, ""class_weight"": null, ""l1_ratio"": 1.0}"
4,4,66,1,0.9109398621195351,0.9391181755176007,0.04528327573477704,"{""C"": 0.11423646088572789, ""class_weight"": null, ""l1_ratio"": 1.0}"
4,4,89,1,0.7091702236824564,0.7600333372162142,0.05983405196707909,"{""C"": 0.11423646088572789, ""class_weight"": null, ""l1_ratio"": 1.0}"
4,4,92,1,0.7310949377640058,0.7406571760602357,0.07132929643315694,"{""C"": 0.11423646088572789, ""class_weight"": null, ""l1_ratio"": 1.0}"
4,4,94,1,0.9219603362852421,0.9521230880473153,0.03222476996092291,"{""C"": 0.11423646088572789, ""class_weight"": null, ""l1_ratio"": 1.0}"
4,4,103,1,0.9015776978703733,0.9282840208170565,0.035648098412111064,"{""C"": 0.11423646088572789, ""class_weight"": null, ""l1_ratio"": 1.0}"
4,4,112,0,0.6614943198724532,0.6941917859677744,0.06383096395744266,"{""C"": 0.11423646088572789, ""class_weight"": null, ""l1_ratio"": 1.0}"
4,4,115,0,0.6354529785758966,0.6365345097000276,0.06780641747333452,"{""C"": 0.11423646088572789, ""class_weight"": null, ""l1_ratio"": 1.0}"
4,4,122,0,0.7582449860507542,0.7964698926536411,0.07429359997902808,"{""C"": 0.11423646088572789, ""class_weight"": null, ""l1_ratio"": 1.0}"
4,4,123,1,0.5173089738516502,0.4943430671318291,0.10551273156855467,"{""C"": 0.11423646088572789, ""class_weight"": null, ""l1_ratio"": 1.0}"
4,4,126,1,0.7884693727547554,0.8107139793331871,0.07878930946249678,"{""C"": 0.11423646088572789, ""class_weight"": null, ""l1_ratio"": 1.0}"
4,4,127,1,0.880998082569684,0.9154482726276386,0.05236822653976513,"{""C"": 0.11423646088572789, ""class_weight"": null, ""l1_ratio"": 1.0}"
4,4,133,0,0.5180161603001756,0.48332472377938707,0.06355838504630325,"{""C"": 0.11423646088572789, ""class_weight"": null, ""l1_ratio"": 1.0}"
4,4,143,0,0.2943338204290251,0.20476301685277454,0.04342013617045181,"{""C"": 0.11423646088572789, ""class_weight"": null, ""l1_ratio"": 1.0}"
4,4,144,1,0.6618124270268924,0.6236095686490608,0.07920654702117862,"{""C"": 0.11423646088572789, ""class_weight"": null, ""l1_ratio"": 1.0}"
4,4,153,0,0.39703566086220915,0.3399999489326748,0.06943657250616242,"{""C"": 0.11423646088572789, ""class_weight"": null, ""l1_ratio"": 1.0}"
4,4,156,1,0.5347377005743538,0.5099775293923716,0.09341570853655275,"{""C"": 0.11423646088572789, ""class_weight"": null, ""l1_ratio"": 1.0}"
4,4,158,0,0.7046244009191588,0.7096622845904805,0.09306757400098699,"{""C"": 0.11423646088572789, ""class_weight"": null, ""l1_ratio"": 1.0}"
4,4,159,1,0.9131645910301067,0.9530021575385852,0.024826113910963746,"{""C"": 0.11423646088572789, ""class_weight"": null, ""l1_ratio"": 1.0}"
4,4,160,0,0.6792269670428518,0.7151114412664015,0.059735525328930165,"{""C"": 0.11423646088572789, ""class_weight"": null, ""l1_ratio"": 1.0}"
4,4,162,1,0.8146948040774269,0.8706694666802391,0.04959246001940184,"{""C"": 0.11423646088572789, ""class_weight"": null, ""l1_ratio"": 1.0}"
4,4,165,1,0.6274922848373652,0.6528721619808554,0.08147917178053057,"{""C"": 0.11423646088572789, ""class_weight"": null, ""l1_ratio"": 1.0}"
4,4,173,1,0.7253090067938236,0.7438581207863618,0.06611649370909141,"{""C"": 0.11423646088572789, ""class_weight"": null, ""l1_ratio"": 1.0}"
4,4,180,1,0.4597107409914444,0.40199231924922696,0.08595008923449958,"{""C"": 0.11423646088572789, ""class_weight"": null, ""l1_ratio"": 1.0}"
4,4,190,0,0.5598496793024295,0.5107286282065104,0.0762403904106192,"{""C"": 0.11423646088572789, ""class_weight"": null, ""l1_ratio"": 1.0}"
4,4,196,0,0.2521533615746062,0.16782006931683302,0.0674721545088333,"{""C"": 0.11423646088572789, ""class_weight"": null, ""l1_ratio"": 1.0}"
4,4,205,0,0.3830310812786425,0.28787324422896593,0.06768444652146649,"{""C"": 0.11423646088572789, ""class_weight"": null, ""l1_ratio"": 1.0}"
4,4,206,1,0.6686882593362719,0.6897673969007885,0.07127427725504915,"{""C"": 0.11423646088572789, ""class_weight"": null, ""l1_ratio"": 1.0}"
4,4,207,1,0.6242174983224453,0.5992808061801629,0.07714414256248749,"{""C"": 0.11423646088572789, ""class_weight"": null, ""l1_ratio"": 1.0}"
4,4,210,0,0.2743163298391892,0.16634273914410688,0.04782795027045693,"{""C"": 0.11423646088572789, ""class_weight"": null, ""l1_ratio"": 1.0}"
4,4,213,0,0.7412048949306669,0.763885560527356,0.08820040985402444,"{""C"": 0.11423646088572789, ""class_weight"": null, ""l1_ratio"": 1.0}"
4,4,215,1,0.6331556712819988,0.6230695929651675,0.06953065391468115,"{""C"": 0.11423646088572789, ""class_weight"": null, ""l1_ratio"": 1.0}"
4,4,218,0,0.32535831619709527,0.23324464378809034,0.05306572224406306,"{""C"": 0.11423646088572789, ""class_weight"": null, ""l1_ratio"": 1.0}"
4,4,222,1,0.5889746538172468,0.5953381729137347,0.09185652857325324,"{""C"": 0.11423646088572789, ""class_weight"": null, ""l1_ratio"": 1.0}"
4,4,229,1,0.7066685230118935,0.7253418977619812,0.08716930279502165,"{""C"": 0.11423646088572789, ""class_weight"": null, ""l1_ratio"": 1.0}"
4,4,235,1,0.9266138528984765,0.9493514970424244,0.03437126072841066,"{""C"": 0.11423646088572789, ""class_weight"": null, ""l1_ratio"": 1.0}"
4,4,236,1,0.450436807714454,0.37558526823259497,0.06320858005036413,"{""C"": 0.11423646088572789, ""class_weight"": null, ""l1_ratio"": 1.0}"
4,4,241,1,0.4183992651033403,0.3564528658617022,0.06687846096614904,"{""C"": 0.11423646088572789, ""class_weight"": null, ""l1_ratio"": 1.0}"
4,4,261,0,0.28566162275940354,0.199818811451482,0.05843058517233042,"{""C"": 0.11423646088572789, ""class_weight"": null, ""l1_ratio"": 1.0}"
4,4,269,1,0.7411863881984638,0.749673343928787,0.09665737345267449,"{""C"": 0.11423646088572789, ""class_weight"": null, ""l1_ratio"": 1.0}"
4,4,270,0,0.29726400753087434,0.21176604962126602,0.07279799971989015,"{""C"": 0.11423646088572789, ""class_weight"": null, ""l1_ratio"": 1.0}"
4,4,271,1,0.9769231023831322,0.9890376612202806,0.008523551782904905,"{""C"": 0.11423646088572789, ""class_weight"": null, ""l1_ratio"": 1.0}"
4,4,277,1,0.891508979459432,0.924542390954176,0.04367277308369095,"{""C"": 0.11423646088572789, ""class_weight"": null, ""l1_ratio"": 1.0}"
4,4,278,0,0.7461365170727517,0.7785624714570625,0.08115211675707655,"{""C"": 0.11423646088572789, ""class_weight"": null, ""l1_ratio"": 1.0}"
4,4,279,0,0.5685416184489477,0.5047290166396223,0.05460024876155405,"{""C"": 0.11423646088572789, ""class_weight"": null, ""l1_ratio"": 1.0}"
4,4,284,0,0.48636844167711174,0.4594459961038462,0.09224004052828924,"{""C"": 0.11423646088572789, ""class_weight"": null, ""l1_ratio"": 1.0}"
4,4,288,0,0.45412717779173745,0.4068179224431373,0.08634905486381253,"{""C"": 0.11423646088572789, ""class_weight"": null, ""l1_ratio"": 1.0}"
4,4,290,0,0.3498943910601541,0.27376568685125985,0.05813842011834382,"{""C"": 0.11423646088572789, ""class_weight"": null, ""l1_ratio"": 1.0}"
4,4,297,0,0.24961516922802676,0.16793630594752632,0.09826508892383065,"{""C"": 0.11423646088572789, ""class_weight"": null, ""l1_ratio"": 1.0}"
