repeat,fold,idx,y,p_base,p,spread,params
0,0,0,1,0.28892756,0.20857797477349385,0.08341755046928652,"{""colsample_bytree"": 0.4530955012311517, ""learning_rate"": 0.01947558230629543, ""max_depth"": 2, ""min_child_weight"": 8, ""reg_lambda"": 8.77602230091612, ""subsample"": 0.8989280440549523}"
0,0,4,0,0.31775722,0.24018576800432817,0.10343237334218527,"{""colsample_bytree"": 0.4530955012311517, ""learning_rate"": 0.01947558230629543, ""max_depth"": 2, ""min_child_weight"": 8, ""reg_lambda"": 8.77602230091612, ""subsample"": 0.8989280440549523}"
0,0,5,1,0.6571425,0.6534902683091078,0.11667851370237074,"{""colsample_bytree"": 0.4530955012311517, ""learning_rate"": 0.01947558230629543, ""max_depth"": 2, ""min_child_weight"": 8, ""reg_lambda"": 8.77602230091612, ""subsample"": 0.8989280440549523}"
0,0,7,1,0.83254075,0.8963683875061182,0.04102538963514501,"{""colsample_bytree"": 0.4530955012311517, ""learning_rate"": 0.01947558230629543, ""max_depth"": 2, ""min_child_weight"": 8, ""reg_lambda"": 8.77602230091612, ""subsample"": 0.8989280440549523}"
0,0,8,0,0.34980232,0.254881487252239,0.08278631831312395,"{""colsample_bytree"": 0.4530955012311517, ""learning_rate"": 0.01947558230629543, ""max_depth"": 2, ""min_child_weight"": 8, ""reg_lambda"": 8.77602230091612, ""subsample"": 0.8989280440549523}"
0,0,14,1,0.40166888,0.3178528911313908,0.05379763120121207,"{""colsample_bytree"": 0.4530955012311517, ""learning_rate"": 0.01947558230629543, ""max_depth"": 2, ""min_child_weight"": 8, ""reg_lambda"": 8.77602230091612, ""subsample"": 0.8989280440549523}"
0,0,17,0,0.3484001,0.2361035115781141,0.043263524296711674,"{""colsample_bytree"": 0.4530955012311517, ""learning_rate"": 0.01947558230629543, ""max_depth"": 2, ""min_child_weight"": 8, ""reg_lambda"": 8.77602230091612, ""subsample"": 0.8989280440549523}"
0,0,22,1,0.7651451,0.8515210371449518,0.04027009059184022,"{""colsample_bytree"": 0.4530955012311517, ""learning_rate"": 0.01947558230629543, ""max_depth"": 2, ""min_child_weight"": 8, ""reg_lambda"": 8.77602230091612, ""subsample"": 0.8989280440549523}"
0,0,28,1,0.8283144,0.8817180653019333,0.051985688849177834,"{""colsample_bytree"": 0.4530955012311517, ""learning_rate"": 0.01947558230629543, ""max_depth"": 2, ""min_child_weight"": 8, ""reg_lambda"": 8.77602230091612, ""subsample"": 0.8989280440549523}"
0,0,29,0,0.8002312,0.8605955689085736,0.06344887993224163,"{""colsample_bytree"": 0.4530955012311517, ""learning_rate"": 0.01947558230629543, ""max_depth"": 2, ""min_child_weight"": 8, ""reg_lambda"": 8.77602230091612, ""subsample"": 0.8989280440549523}"
0,0,32,1,0.73417675,0.7701696030522878,0.08424154687464809,"{""colsample_bytree"": 0.4530955012311517, ""learning_rate"": 0.01947558230629543, ""max_depth"": 2, ""min_child_weight"": 8, ""reg_lambda"": 8.77602230091612, ""subsample"": 0.8989280440549523}"
0,0,41,0,0.24273573,0.15956225244176175,0.07472906765153951,"{""colsample_bytree"": 0.4530955012311517, ""learning_rate"": 0.01947558230629543, ""max_depth"": 2, ""min_child_weight"": 8, ""reg_lambda"": 8.77602230091612, ""subsample"": 0.8989280440549523}"
0,0,46,1,0.624497,0.7172572996914283,0.0484843623184538,"{""colsample_bytree"": 0.4530955012311517, ""learning_rate"": 0.01947558230629543, ""max_depth"": 2, ""min_child_weight"": 8, ""reg_lambda"": 8.77602230091612, ""subsample"": 0.8989280440549523}"
0,0,48,0,0.26557496,0.18805459804891003,0.05923911917015036,"{""colsample_bytree"": 0.4530955012311517, ""learning_rate"": 0.01947558230629543, ""max_depth"": 2, ""min_child_weight"": 8, ""reg_lambda"": 8.77602230091612, ""subsample"": 0.8989280440549523}"
0,0,49,0,0.4802046,0.4479367862934859,0.0947813871718918,"{""colsample_bytree"": 0.4530955012311517, ""learning_rate"": 0.01947558230629543, ""max_depth"": 2, ""min_child_weight"": 8, ""reg_lambda"": 8.77602230091612, ""subsample"": 0.8989280440549523}"
0,0,50,0,0.46972024,0.42531179880601994,0.09571707409841729,"{""colsample_bytree"": 0.4530955012311517, ""learning_rate"": 0.01947558230629543, ""max_depth"": 2, ""min_child_weight"": 8, ""reg_lambda"": 8.77602230091612, ""subsample"": 0.8989280440549523}"
0,0,52,1,0.89218336,0.9119841325809028,0.04558653768568135,"{""colsample_bytree"": 0.4530955012311517, ""learning_rate"": 0.01947558230629543, ""max_depth"": 2, ""min_child_weight"": 8, ""reg_lambda"": 8.77602230091612, ""subsample"": 0.8989280440549523}"
0,0,55,1,0.8687599,0.8963727199701392,0.05057285009642614,"{""colsample_bytree"": 0.4530955012311517, ""learning_rate"": 0.01947558230629543, ""max_depth"": 2, ""min_child_weight"": 8, ""reg_lambda"": 8.77602230091612, ""subsample"": 0.8989280440549523}"
0,0,65,0,0.6013662,0.6185360449344738,0.061740879221556376,"{""colsample_bytree"": 0.4530955012311517, ""learning_rate"": 0.01947558230629543, ""max_depth"": 2, ""min_child_weight"": 8, ""reg_lambda"": 8.77602230091612, ""subsample"": 0.8989280440549523}"
0,0,72,1,0.65572923,0.6915862905918043,0.10421168186404521,"{""colsample_bytree"": 0.4530955012311517, ""learning_rate"": 0.01947558230629543, ""max_depth"": 2, ""min_child_weight"": 8, ""reg_lambda"": 8.77602230091612, ""subsample"": 0.8989280440549523}"
0,0,82,1,0.40712053,0.32332148874557654,0.118645718675646,"{""colsample_bytree"": 0.4530955012311517, ""learning_rate"": 0.01947558230629543, ""max_depth"": 2, ""min_child_weight"": 8, ""reg_lambda"": 8.77602230091612, ""subsample"": 0.8989280440549523}"
0,0,91,0,0.33975947,0.23612408783867153,0.022301236751061944,"{""colsample_bytree"": 0.4530955012311517, ""learning_rate"": 0.01947558230629543, ""max_depth"": 2, ""min_child_weight"": 8, ""reg_lambda"": 8.77602230091612, ""subsample"": 0.8989280440549523}"
0,0,94,1,0.83726716,0.8783031474857775,0.04088446720484825,"{""colsample_bytree"": 0.4530955012311517, ""learning_rate"": 0.01947558230629543, ""max_depth"": 2, ""min_child_weight"": 8, ""reg_lambda"": 8.77602230091612, ""subsample"": 0.8989280440549523}"
0,0,99,1,0.67167914,0.7764341074367871,0.03575434721618915,"{""colsample_bytree"": 0.4530955012311517, ""learning_rate"": 0.01947558230629543, ""max_depth"": 2, ""min_child_weight"": 8, ""reg_lambda"": 8.77602230091612, ""subsample"": 0.8989280440549523}"
0,0,100,1,0.6892204,0.7285788464833709,0.0867921765171756,"{""colsample_bytree"": 0.4530955012311517, ""learning_rate"": 0.01947558230629543, ""max_depth"": 2, ""min_child_weight"": 8, ""reg_lambda"": 8.77602230091612, ""subsample"": 0.8989280440549523}"
0,0,101,1,0.8178338,0.8640934200384093,0.05043213037409225,"{""colsample_bytree"": 0.4530955012311517, ""learning_rate"": 0.01947558230629543, ""max_depth"": 2, ""min_child_weight"": 8, ""reg_lambda"": 8.77602230091612, ""subsample"": 0.8989280440549523}"
0,0,105,1,0.66087294,0.6873295226317622,0.042866057492480576,"{""colsample_bytree"": 0.4530955012311517, ""learning_rate"": 0.01947558230629543, ""max_depth"": 2, ""min_child_weight"": 8, ""reg_lambda"": 8.77602230091612, ""subsample"": 0.8989280440549523}"
0,0,106,1,0.6341562,0.6843563657270829,0.06678873966578094,"{""colsample_bytree"": 0.4530955012311517, ""learning_rate"": 0.01947558230629543, ""max_depth"": 2, ""min_child_weight"": 8, ""reg_lambda"": 8.77602230091612, ""subsample"": 0.8989280440549523}"
0,0,116,1,0.8003918,0.8572522138827423,0.05216000414792926,"{""colsample_bytree"": 0.4530955012311517, ""learning_rate"": 0.01947558230629543, ""max_depth"": 2, ""min_child_weight"": 8, ""reg_lambda"": 8.77602230091612, ""subsample"": 0.8989280440549523}"
0,0,119,1,0.668222,0.7493403418895634,0.0672246915233059,"{""colsample_bytree"": 0.4530955012311517, ""learning_rate"": 0.01947558230629543, ""max_depth"": 2, ""min_child_weight"": 8, ""reg_lambda"": 8.77602230091612, ""subsample"": 0.8989280440549523}"
0,0,127,1,0.8476744,0.887686050874823,0.05408809941236197,"{""colsample_bytree"": 0.4530955012311517, ""learning_rate"": 0.01947558230629543, ""max_depth"": 2, ""min_child_weight"": 8, ""reg_lambda"": 8.77602230091612, ""subsample"": 0.8989280440549523}"
0,0,129,0,0.40912843,0.3966926057457122,0.1297294224546303,"{""colsample_bytree"": 0.4530955012311517, ""learning_rate"": 0.01947558230629543, ""max_depth"": 2, ""min_child_weight"": 8, ""reg_lambda"": 8.77602230091612, ""subsample"": 0.8989280440549523}"
0,0,130,0,0.28337923,0.2242002803233202,0.06867063235297133,"{""colsample_bytree"": 0.4530955012311517, ""learning_rate"": 0.01947558230629543, ""max_depth"": 2, ""min_child_weight"": 8, ""reg_lambda"": 8.77602230091612, ""subsample"": 0.8989280440549523}"
0,0,132,1,0.8137267,0.839226361283564,0.0523883758174974,"{""colsample_bytree"": 0.4530955012311517, ""learning_rate"": 0.01947558230629543, ""max_depth"": 2, ""min_child_weight"": 8, ""reg_lambda"": 8.77602230091612, ""subsample"": 0.8989280440549523}"
0,0,134,1,0.5411975,0.5100571800450391,0.09421892171044179,"{""colsample_bytree"": 0.4530955012311517, ""learning_rate"": 0.01947558230629543, ""max_depth"": 2, ""min_child_weight"": 8, ""reg_lambda"": 8.77602230091612, ""subsample"": 0.8989280440549523}"
0,0,145,0,0.62820834,0.6200554296778955,0.12363730455347277,"{""colsample_bytree"": 0.4530955012311517, ""learning_rate"": 0.01947558230629543, ""max_depth"": 2, ""min_child_weight"": 8, ""reg_lambda"": 8.77602230091612, ""subsample"": 0.8989280440549523}"
0,0,160,0,0.73050284,0.8259605925764927,0.03768074269713128,"{""colsample_bytree"": 0.4530955012311517, ""learning_rate"": 0.01947558230629543, ""max_depth"": 2, ""min_child_weight"": 8, ""reg_lambda"": 8.77602230091612, ""subsample"": 0.8989280440549523}"
0,0,161,1,0.8489807,0.8889856019700731,0.04529128287120695,"{""colsample_bytree"": 0.4530955012311517, ""learning_rate"": 0.01947558230629543, ""max_depth"": 2, ""min_child_weight"": 8, ""reg_lambda"": 8.77602230091612, ""subsample"": 0.8989280440549523}"
0,0,176,1,0.2785207,0.21279328973895603,0.07697170518209086,"{""colsample_bytree"": 0.4530955012311517, ""learning_rate"": 0.01947558230629543, ""max_depth"": 2, ""min_child_weight"": 8, ""reg_lambda"": 8.77602230091612, ""subsample"": 0.8989280440549523}"
0,0,178,1,0.5493731,0.5666114290516531,0.061026100125573336,"{""colsample_bytree"": 0.4530955012311517, ""learning_rate"": 0.01947558230629543, ""max_depth"": 2, ""min_child_weight"": 8, ""reg_lambda"": 8.77602230091612, ""subsample"": 0.8989280440549523}"
0,0,182,1,0.55118203,0.5334541719147228,0.06992219352797735,"{""colsample_bytree"": 0.4530955012311517, ""learning_rate"": 0.01947558230629543, ""max_depth"": 2, ""min_child_weight"": 8, ""reg_lambda"": 8.77602230091612, ""subsample"": 0.8989280440549523}"
0,0,186,0,0.5571198,0.5557092691794503,0.09054597088057441,"{""colsample_bytree"": 0.4530955012311517, ""learning_rate"": 0.01947558230629543, ""max_depth"": 2, ""min_child_weight"": 8, ""reg_lambda"": 8.77602230091612, ""subsample"": 0.8989280440549523}"
0,0,188,1,0.39113867,0.32418189750159065,0.1594585595324188,"{""colsample_bytree"": 0.4530955012311517, ""learning_rate"": 0.01947558230629543, ""max_depth"": 2, ""min_child_weight"": 8, ""reg_lambda"": 8.77602230091612, ""subsample"": 0.8989280440549523}"
0,0,191,1,0.83028,0.8682814462046456,0.04399148728540872,"{""colsample_bytree"": 0.4530955012311517, ""learning_rate"": 0.01947558230629543, ""max_depth"": 2, ""min_child_weight"": 8, ""reg_lambda"": 8.77602230091612, ""subsample"": 0.8989280440549523}"
0,0,193,0,0.46030322,0.4334256208400837,0.10498346797053346,"{""colsample_bytree"": 0.4530955012311517, ""learning_rate"": 0.01947558230629543, ""max_depth"": 2, ""min_child_weight"": 8, ""reg_lambda"": 8.77602230091612, ""subsample"": 0.8989280440549523}"
0,0,194,0,0.27108663,0.19180424983170666,0.06767066987919208,"{""colsample_bytree"": 0.4530955012311517, ""learning_rate"": 0.01947558230629543, ""max_depth"": 2, ""min_child_weight"": 8, ""reg_lambda"": 8.77602230091612, ""subsample"": 0.8989280440549523}"
0,0,203,0,0.22637886,0.1609341361971043,0.07831172390101399,"{""colsample_bytree"": 0.4530955012311517, ""learning_rate"": 0.01947558230629543, ""max_depth"": 2, ""min_child_weight"": 8, ""reg_lambda"": 8.77602230091612, ""subsample"": 0.8989280440549523}"
0,0,215,1,0.6818889,0.7336318940226251,0.0910903344414002,"{""colsample_bytree"": 0.4530955012311517, ""learning_rate"": 0.01947558230629543, ""max_depth"": 2, ""min_child_weight"": 8, ""reg_lambda"": 8.77602230091612, ""subsample"": 0.8989280440549523}"
0,0,219,1,0.1939226,0.1132125724884101,0.05433247285853329,"{""colsample_bytree"": 0.4530955012311517, ""learning_rate"": 0.01947558230629543, ""max_depth"": 2, ""min_child_weight"": 8, ""reg_lambda"": 8.77602230091612, ""subsample"": 0.8989280440549523}"
0,0,223,1,0.37619364,0.3135847839443748,0.10278345755246858,"{""colsample_bytree"": 0.4530955012311517, ""learning_rate"": 0.01947558230629543, ""max_depth"": 2, ""min_child_weight"": 8, ""reg_lambda"": 8.77602230091612, ""subsample"": 0.8989280440549523}"
0,0,231,0,0.813525,0.8717374074803435,0.04763449676034984,"{""colsample_bytree"": 0.4530955012311517, ""learning_rate"": 0.01947558230629543, ""max_depth"": 2, ""min_child_weight"": 8, ""reg_lambda"": 8.77602230091612, ""subsample"": 0.8989280440549523}"
0,0,233,0,0.42920932,0.3410664744055413,0.0386139425854029,"{""colsample_bytree"": 0.4530955012311517, ""learning_rate"": 0.01947558230629543, ""max_depth"": 2, ""min_child_weight"": 8, ""reg_lambda"": 8.77602230091612, ""subsample"": 0.8989280440549523}"
0,0,241,1,0.37763116,0.2987942236242095,0.03128848863321224,"{""colsample_bytree"": 0.4530955012311517, ""learning_rate"": 0.01947558230629543, ""max_depth"": 2, ""min_child_weight"": 8, ""reg_lambda"": 8.77602230091612, ""subsample"": 0.8989280440549523}"
0,0,250,1,0.6709573,0.7307436993976919,0.06051721435446223,"{""colsample_bytree"": 0.4530955012311517, ""learning_rate"": 0.01947558230629543, ""max_depth"": 2, ""min_child_weight"": 8, ""reg_lambda"": 8.77602230091612, ""subsample"": 0.8989280440549523}"
0,0,261,0,0.17172432,0.10445161024166452,0.059291297171938796,"{""colsample_bytree"": 0.4530955012311517, ""learning_rate"": 0.01947558230629543, ""max_depth"": 2, ""min_child_weight"": 8, ""reg_lambda"": 8.77602230091612, ""subsample"": 0.8989280440549523}"
0,0,264,0,0.1986445,0.11581007315611294,0.06363060375536757,"{""colsample_bytree"": 0.4530955012311517, ""learning_rate"": 0.01947558230629543, ""max_depth"": 2, ""min_child_weight"": 8, ""reg_lambda"": 8.77602230091612, ""subsample"": 0.8989280440549523}"
0,0,275,1,0.7560634,0.7878012819365825,0.07943666929703158,"{""colsample_bytree"": 0.4530955012311517, ""learning_rate"": 0.01947558230629543, ""max_depth"": 2, ""min_child_weight"": 8, ""reg_lambda"": 8.77602230091612, ""subsample"": 0.8989280440549523}"
0,0,282,0,0.70520514,0.7508279981395016,0.04918037285446936,"{""colsample_bytree"": 0.4530955012311517, ""learning_rate"": 0.01947558230629543, ""max_depth"": 2, ""min_child_weight"": 8, ""reg_lambda"": 8.77602230091612, ""subsample"": 0.8989280440549523}"
0,0,289,0,0.3576169,0.25022960294006663,0.038084655278955416,"{""colsample_bytree"": 0.4530955012311517, ""learning_rate"": 0.01947558230629543, ""max_depth"": 2, ""min_child_weight"": 8, ""reg_lambda"": 8.77602230091612, ""subsample"": 0.8989280440549523}"
0,0,294,1,0.5711017,0.580590037365388,0.09422724984715734,"{""colsample_bytree"": 0.4530955012311517, ""learning_rate"": 0.01947558230629543, ""max_depth"": 2, ""min_child_weight"": 8, ""reg_lambda"": 8.77602230091612, ""subsample"": 0.8989280440549523}"
0,0,295,0,0.62554055,0.6347109225291725,0.09451250968513641,"{""colsample_bytree"": 0.4530955012311517, ""learning_rate"": 0.01947558230629543, ""max_depth"": 2, ""min_child_weight"": 8, ""reg_lambda"": 8.77602230091612, ""subsample"": 0.8989280440549523}"
0,1,1,1,0.8563896,0.9100126979465285,0.04943795167872992,"{""colsample_bytree"": 0.44484481215219296, ""learning_rate"": 0.01165597312574718, ""max_depth"": 2, ""min_child_weight"": 4, ""reg_lambda"": 2.3373211597085715, ""subsample"": 0.7002441745845974}"
0,1,3,0,0.5622539,0.5560997675422186,0.08165000848617852,"{""colsample_bytree"": 0.44484481215219296, ""learning_rate"": 0.01165597312574718, ""max_depth"": 2, ""min_child_weight"": 4, ""reg_lambda"": 2.3373211597085715, ""subsample"": 0.7002441745845974}"
0,1,6,1,0.8111965,0.8867710460595853,0.06123066246102285,"{""colsample_bytree"": 0.44484481215219296, ""learning_rate"": 0.01165597312574718, ""max_depth"": 2, ""min_child_weight"": 4, ""reg_lambda"": 2.3373211597085715, ""subsample"": 0.7002441745845974}"
0,1,9,0,0.77935576,0.8739114986508707,0.04721383680765353,"{""colsample_bytree"": 0.44484481215219296, ""learning_rate"": 0.01165597312574718, ""max_depth"": 2, ""min_child_weight"": 4, ""reg_lambda"": 2.3373211597085715, ""subsample"": 0.7002441745845974}"
0,1,18,1,0.60561675,0.6737110675074296,0.052235078959259794,"{""colsample_bytree"": 0.44484481215219296, ""learning_rate"": 0.01165597312574718, ""max_depth"": 2, ""min_child_weight"": 4, ""reg_lambda"": 2.3373211597085715, ""subsample"": 0.7002441745845974}"
0,1,19,0,0.78394264,0.8692005412436213,0.024584735892114164,"{""colsample_bytree"": 0.44484481215219296, ""learning_rate"": 0.01165597312574718, ""max_depth"": 2, ""min_child_weight"": 4, ""reg_lambda"": 2.3373211597085715, ""subsample"": 0.7002441745845974}"
0,1,20,0,0.25180635,0.12538891827322848,0.0473192303397424,"{""colsample_bytree"": 0.44484481215219296, ""learning_rate"": 0.01165597312574718, ""max_depth"": 2, ""min_child_weight"": 4, ""reg_lambda"": 2.3373211597085715, ""subsample"": 0.7002441745845974}"
0,1,31,0,0.66475105,0.7407361512011932,0.07051463027792278,"{""colsample_bytree"": 0.44484481215219296, ""learning_rate"": 0.01165597312574718, ""max_depth"": 2, ""min_child_weight"": 4, ""reg_lambda"": 2.3373211597085715, ""subsample"": 0.7002441745845974}"
0,1,33,1,0.7117711,0.8255404419657246,0.054010177581351716,"{""colsample_bytree"": 0.44484481215219296, ""learning_rate"": 0.01165597312574718, ""max_depth"": 2, ""min_child_weight"": 4, ""reg_lambda"": 2.3373211597085715, ""subsample"": 0.7002441745845974}"
0,1,34,1,0.540505,0.5479354296914215,0.042727932539586025,"{""colsample_bytree"": 0.44484481215219296, ""learning_rate"": 0.01165597312574718, ""max_depth"": 2, ""min_child_weight"": 4, ""reg_lambda"": 2.3373211597085715, ""subsample"": 0.7002441745845974}"
0,1,40,1,0.69192827,0.781578878214909,0.06706469392434437,"{""colsample_bytree"": 0.44484481215219296, ""learning_rate"": 0.01165597312574718, ""max_depth"": 2, ""min_child_weight"": 4, ""reg_lambda"": 2.3373211597085715, ""subsample"": 0.7002441745845974}"
0,1,45,1,0.80641085,0.8783405955774268,0.05752546165861237,"{""colsample_bytree"": 0.44484481215219296, ""learning_rate"": 0.01165597312574718, ""max_depth"": 2, ""min_child_weight"": 4, ""reg_lambda"": 2.3373211597085715, ""subsample"": 0.7002441745845974}"
0,1,54,0,0.37775394,0.2758535638949825,0.0489982539153968,"{""colsample_bytree"": 0.44484481215219296, ""learning_rate"": 0.01165597312574718, ""max_depth"": 2, ""min_child_weight"": 4, ""reg_lambda"": 2.3373211597085715, ""subsample"": 0.7002441745845974}"
0,1,56,1,0.7189797,0.8267013037880859,0.05033723849009554,"{""colsample_bytree"": 0.44484481215219296, ""learning_rate"": 0.01165597312574718, ""max_depth"": 2, ""min_child_weight"": 4, ""reg_lambda"": 2.3373211597085715, ""subsample"": 0.7002441745845974}"
0,1,62,1,0.2722121,0.15749232778569233,0.09199847523157263,"{""colsample_bytree"": 0.44484481215219296, ""learning_rate"": 0.01165597312574718, ""max_depth"": 2, ""min_child_weight"": 4, ""reg_lambda"": 2.3373211597085715, ""subsample"": 0.7002441745845974}"
0,1,69,1,0.6589846,0.7412342403629288,0.07932966744983198,"{""colsample_bytree"": 0.44484481215219296, ""learning_rate"": 0.01165597312574718, ""max_depth"": 2, ""min_child_weight"": 4, ""reg_lambda"": 2.3373211597085715, ""subsample"": 0.7002441745845974}"
0,1,70,0,0.25738373,0.1365920806914914,0.07713715630154114,"{""colsample_bytree"": 0.44484481215219296, ""learning_rate"": 0.01165597312574718, ""max_depth"": 2, ""min_child_weight"": 4, ""reg_lambda"": 2.3373211597085715, ""subsample"": 0.7002441745845974}"
0,1,73,0,0.6279029,0.709667264471592,0.08214984128139734,"{""colsample_bytree"": 0.44484481215219296, ""learning_rate"": 0.01165597312574718, ""max_depth"": 2, ""min_child_weight"": 4, ""reg_lambda"": 2.3373211597085715, ""subsample"": 0.7002441745845974}"
0,1,78,1,0.7901172,0.8667587560623996,0.05962669240359084,"{""colsample_bytree"": 0.44484481215219296, ""learning_rate"": 0.01165597312574718, ""max_depth"": 2, ""min_child_weight"": 4, ""reg_lambda"": 2.3373211597085715, ""subsample"": 0.7002441745845974}"
0,1,81,1,0.83138746,0.8964205055248058,0.04840849432850631,"{""colsample_bytree"": 0.44484481215219296, ""learning_rate"": 0.01165597312574718, ""max_depth"": 2, ""min_child_weight"": 4, ""reg_lambda"": 2.3373211597085715, ""subsample"": 0.7002441745845974}"
0,1,92,1,0.81523085,0.8816613774896851,0.05963467165979486,"{""colsample_bytree"": 0.44484481215219296, ""learning_rate"": 0.01165597312574718, ""max_depth"": 2, ""min_child_weight"": 4, ""reg_lambda"": 2.3373211597085715, ""subsample"": 0.7002441745845974}"
0,1,97,1,0.6597332,0.7366038402126442,0.061854968852819985,"{""colsample_bytree"": 0.44484481215219296, ""learning_rate"": 0.01165597312574718, ""max_depth"": 2, ""min_child_weight"": 4, ""reg_lambda"": 2.3373211597085715, ""subsample"": 0.7002441745845974}"
0,1,104,0,0.5803217,0.5955995367160432,0.04618945927603168,"{""colsample_bytree"": 0.44484481215219296, ""learning_rate"": 0.01165597312574718, ""max_depth"": 2, ""min_child_weight"": 4, ""reg_lambda"": 2.3373211597085715, ""subsample"": 0.7002441745845974}"
0,1,113,0,0.22221714,0.11956217801707276,0.05444198732730454,"{""colsample_bytree"": 0.44484481215219296, ""learning_rate"": 0.01165597312574718, ""max_depth"": 2, ""min_child_weight"": 4, ""reg_lambda"": 2.3373211597085715, ""subsample"": 0.7002441745845974}"
0,1,115,0,0.64914304,0.7382038037797499,0.08565476363236092,"{""colsample_bytree"": 0.44484481215219296, ""learning_rate"": 0.01165597312574718, ""max_depth"": 2, ""min_child_weight"": 4, ""reg_lambda"": 2.3373211597085715, ""subsample"": 0.7002441745845974}"
0,1,121,0,0.5755779,0.6049781312870142,0.07594424071419956,"{""colsample_bytree"": 0.44484481215219296, ""learning_rate"": 0.01165597312574718, ""max_depth"": 2, ""min_child_weight"": 4, ""reg_lambda"": 2.3373211597085715, ""subsample"": 0.7002441745845974}"
0,1,122,0,0.61143196,0.6445764472353103,0.07295163378560615,"{""colsample_bytree"": 0.44484481215219296, ""learning_rate"": 0.01165597312574718, ""max_depth"": 2, ""min_child_weight"": 4, ""reg_lambda"": 2.3373211597085715, ""subsample"": 0.7002441745845974}"
0,1,124,1,0.574704,0.5489386434206056,0.07033445263972724,"{""colsample_bytree"": 0.44484481215219296, ""learning_rate"": 0.01165597312574718, ""max_depth"": 2, ""min_child_weight"": 4, ""reg_lambda"": 2.3373211597085715, ""subsample"": 0.7002441745845974}"
0,1,125,1,0.69062275,0.7628947565607801,0.06925666902099922,"{""colsample_bytree"": 0.44484481215219296, ""learning_rate"": 0.01165597312574718, ""max_depth"": 2, ""min_child_weight"": 4, ""reg_lambda"": 2.3373211597085715, ""subsample"": 0.7002441745845974}"
0,1,128,1,0.6144278,0.6759624738773302,0.0402951678352366,"{""colsample_bytree"": 0.44484481215219296, ""learning_rate"": 0.01165597312574718, ""max_depth"": 2, ""min_child_weight"": 4, ""reg_lambda"": 2.3373211597085715, ""subsample"": 0.7002441745845974}"
0,1,133,0,0.4825489,0.4623997825904209,0.05502838010097141,"{""colsample_bytree"": 0.44484481215219296, ""learning_rate"": 0.01165597312574718, ""max_depth"": 2, ""min_child_weight"": 4, ""reg_lambda"": 2.3373211597085715, ""subsample"": 0.7002441745845974}"
0,1,141,1,0.7814966,0.8389408863965251,0.04286323090878031,"{""colsample_bytree"": 0.44484481215219296, ""learning_rate"": 0.01165597312574718, ""max_depth"": 2, ""min_child_weight"": 4, ""reg_lambda"": 2.3373211597085715, ""subsample"": 0.7002441745845974}"
0,1,149,1,0.7245618,0.8277555307075355,0.06990044681225815,"{""colsample_bytree"": 0.44484481215219296, ""learning_rate"": 0.01165597312574718, ""max_depth"": 2, ""min_child_weight"": 4, ""reg_lambda"": 2.3373211597085715, ""subsample"": 0.7002441745845974}"
0,1,151,0,0.44476765,0.38387989083843765,0.08543209752708135,"{""colsample_bytree"": 0.44484481215219296, ""learning_rate"": 0.01165597312574718, ""max_depth"": 2, ""min_child_weight"": 4, ""reg_lambda"": 2.3373211597085715, ""subsample"": 0.7002441745845974}"
0,1,153,0,0.49679816,0.4806958580517395,0.08961747377629613,"{""colsample_bytree"": 0.44484481215219296, ""learning_rate"": 0.01165597312574718, ""max_depth"": 2, ""min_child_weight"": 4, ""reg_lambda"": 2.3373211597085715, ""subsample"": 0.7002441745845974}"
0,1,154,0,0.6756814,0.7572018998220328,0.0941699103183519,"{""colsample_bytree"": 0.44484481215219296, ""learning_rate"": 0.01165597312574718, ""max_depth"": 2, ""min_child_weight"": 4, ""reg_lambda"": 2.3373211597085715, ""subsample"": 0.7002441745845974}"
0,1,157,1,0.5509177,0.586597481746735,0.036695246356960164,"{""colsample_bytree"": 0.44484481215219296, ""learning_rate"": 0.01165597312574718, ""max_depth"": 2, ""min_child_weight"": 4, ""reg_lambda"": 2.3373211597085715, ""subsample"": 0.7002441745845974}"
0,1,165,1,0.583695,0.6310514734499875,0.069201067229377,"{""colsample_bytree"": 0.44484481215219296, ""learning_rate"": 0.01165597312574718, ""max_depth"": 2, ""min_child_weight"": 4, ""reg_lambda"": 2.3373211597085715, ""subsample"": 0.7002441745845974}"
0,1,174,1,0.8504311,0.9083329331712224,0.040159344866205725,"{""colsample_bytree"": 0.44484481215219296, ""learning_rate"": 0.01165597312574718, ""max_depth"": 2, ""min_child_weight"": 4, ""reg_lambda"": 2.3373211597085715, ""subsample"": 0.7002441745845974}"
0,1,175,0,0.4940477,0.5026022895755049,0.09811687696325823,"{""colsample_bytree"": 0.44484481215219296, ""learning_rate"": 0.01165597312574718, ""max_depth"": 2, ""min_child_weight"": 4, ""reg_lambda"": 2.3373211597085715, ""subsample"": 0.7002441745845974}"
0,1,181,1,0.74499685,0.8423168576576883,0.0459129852721807,"{""colsample_bytree"": 0.44484481215219296, ""learning_rate"": 0.01165597312574718, ""max_depth"": 2, ""min_child_weight"": 4, ""reg_lambda"": 2.3373211597085715, ""subsample"": 0.7002441745845974}"
0,1,183,0,0.6113447,0.6586358297875976,0.05967932128227025,"{""colsample_bytree"": 0.44484481215219296, ""learning_rate"": 0.01165597312574718, ""max_depth"": 2, ""min_child_weight"": 4, ""reg_lambda"": 2.3373211597085715, ""subsample"": 0.7002441745845974}"
0,1,189,1,0.730497,0.818618111925202,0.06529265314162161,"{""colsample_bytree"": 0.44484481215219296, ""learning_rate"": 0.01165597312574718, ""max_depth"": 2, ""min_child_weight"": 4, ""reg_lambda"": 2.3373211597085715, ""subsample"": 0.7002441745845974}"
0,1,197,1,0.71950203,0.8234996513036743,0.07099765895973541,"{""colsample_bytree"": 0.44484481215219296, ""learning_rate"": 0.01165597312574718, ""max_depth"": 2, ""min_child_weight"": 4, ""reg_lambda"": 2.3373211597085715, ""subsample"": 0.7002441745845974}"
0,1,198,1,0.7725108,0.8468010422039697,0.06311695864379675,"{""colsample_bytree"": 0.44484481215219296, ""learning_rate"": 0.01165597312574718, ""max_depth"": 2, ""min_child_weight"": 4, ""reg_lambda"": 2.3373211597085715, ""subsample"": 0.7002441745845974}"
0,1,201,0,0.33031815,0.20301377619997302,0.0621792118298055,"{""colsample_bytree"": 0.44484481215219296, ""learning_rate"": 0.01165597312574718, ""max_depth"": 2, ""min_child_weight"": 4, ""reg_lambda"": 2.3373211597085715, ""subsample"": 0.7002441745845974}"
0,1,220,1,0.6709152,0.749921090739341,0.07180541043148274,"{""colsample_bytree"": 0.44484481215219296, ""learning_rate"": 0.01165597312574718, ""max_depth"": 2, ""min_child_weight"": 4, ""reg_lambda"": 2.3373211597085715, ""subsample"": 0.7002441745845974}"
0,1,230,1,0.850681,0.907381508790095,0.046422833887126674,"{""colsample_bytree"": 0.44484481215219296, ""learning_rate"": 0.01165597312574718, ""max_depth"": 2, ""min_child_weight"": 4, ""reg_lambda"": 2.3373211597085715, ""subsample"": 0.7002441745845974}"
0,1,232,1,0.7850655,0.8456647928624742,0.040098141176694475,"{""colsample_bytree"": 0.44484481215219296, ""learning_rate"": 0.01165597312574718, ""max_depth"": 2, ""min_child_weight"": 4, ""reg_lambda"": 2.3373211597085715, ""subsample"": 0.7002441745845974}"
0,1,236,1,0.57228667,0.5016011344679441,0.05814125606636261,"{""colsample_bytree"": 0.44484481215219296, ""learning_rate"": 0.01165597312574718, ""max_depth"": 2, ""min_child_weight"": 4, ""reg_lambda"": 2.3373211597085715, ""subsample"": 0.7002441745845974}"
0,1,238,1,0.26830935,0.13625763738558944,0.05170978342516358,"{""colsample_bytree"": 0.44484481215219296, ""learning_rate"": 0.01165597312574718, ""max_depth"": 2, ""min_child_weight"": 4, ""reg_lambda"": 2.3373211597085715, ""subsample"": 0.7002441745845974}"
0,1,239,1,0.79761064,0.8676930320196925,0.05367789627804224,"{""colsample_bytree"": 0.44484481215219296, ""learning_rate"": 0.01165597312574718, ""max_depth"": 2, ""min_child_weight"": 4, ""reg_lambda"": 2.3373211597085715, ""subsample"": 0.7002441745845974}"
0,1,242,1,0.7385919,0.8091397646262593,0.09125369749640568,"{""colsample_bytree"": 0.44484481215219296, ""learning_rate"": 0.01165597312574718, ""max_depth"": 2, ""min_child_weight"": 4, ""reg_lambda"": 2.3373211597085715, ""subsample"": 0.7002441745845974}"
0,1,246,1,0.794782,0.8718008852989956,0.036992950544215406,"{""colsample_bytree"": 0.44484481215219296, ""learning_rate"": 0.01165597312574718, ""max_depth"": 2, ""min_child_weight"": 4, ""reg_lambda"": 2.3373211597085715, ""subsample"": 0.7002441745845974}"
0,1,251,1,0.38925424,0.269288311966552,0.06529679215844486,"{""colsample_bytree"": 0.44484481215219296, ""learning_rate"": 0.01165597312574718, ""max_depth"": 2, ""min_child_weight"": 4, ""reg_lambda"": 2.3373211597085715, ""subsample"": 0.7002441745845974}"
0,1,263,0,0.21743266,0.10070782553380922,0.048777926723535266,"{""colsample_bytree"": 0.44484481215219296, ""learning_rate"": 0.01165597312574718, ""max_depth"": 2, ""min_child_weight"": 4, ""reg_lambda"": 2.3373211597085715, ""subsample"": 0.7002441745845974}"
0,1,277,1,0.83817834,0.9074669211701621,0.05339726666426444,"{""colsample_bytree"": 0.44484481215219296, ""learning_rate"": 0.01165597312574718, ""max_depth"": 2, ""min_child_weight"": 4, ""reg_lambda"": 2.3373211597085715, ""subsample"": 0.7002441745845974}"
0,1,278,0,0.7649823,0.8502551434321456,0.06347504636318141,"{""colsample_bytree"": 0.44484481215219296, ""learning_rate"": 0.01165597312574718, ""max_depth"": 2, ""min_child_weight"": 4, ""reg_lambda"": 2.3373211597085715, ""subsample"": 0.7002441745845974}"
0,1,283,0,0.45795828,0.3994672097147072,0.09724088936033333,"{""colsample_bytree"": 0.44484481215219296, ""learning_rate"": 0.01165597312574718, ""max_depth"": 2, ""min_child_weight"": 4, ""reg_lambda"": 2.3373211597085715, ""subsample"": 0.7002441745845974}"
0,1,287,0,0.35964113,0.25163649741088195,0.0851296425343327,"{""colsample_bytree"": 0.44484481215219296, ""learning_rate"": 0.01165597312574718, ""max_depth"": 2, ""min_child_weight"": 4, ""reg_lambda"": 2.3373211597085715, ""subsample"": 0.7002441745845974}"
0,1,290,0,0.2862928,0.1633246181313464,0.0629086106749557,"{""colsample_bytree"": 0.44484481215219296, ""learning_rate"": 0.01165597312574718, ""max_depth"": 2, ""min_child_weight"": 4, ""reg_lambda"": 2.3373211597085715, ""subsample"": 0.7002441745845974}"
0,2,25,1,0.8932355,0.8753984075484282,0.07767064382906788,"{""colsample_bytree"": 0.9009052891993896, ""learning_rate"": 0.01428224744719576, ""max_depth"": 2, ""min_child_weight"": 5, ""reg_lambda"": 0.6710965644944332, ""subsample"": 0.8436953522472607}"
0,2,27,0,0.33851197,0.31944436300667967,0.07481954628188246,"{""colsample_bytree"": 0.9009052891993896, ""learning_rate"": 0.01428224744719576, ""max_depth"": 2, ""min_child_weight"": 5, ""reg_lambda"": 0.6710965644944332, ""subsample"": 0.8436953522472607}"
0,2,42,0,0.20188856,0.16585783987030062,0.09088720501356568,"{""colsample_bytree"": 0.9009052891993896, ""learning_rate"": 0.01428224744719576, ""max_depth"": 2, ""min_child_weight"": 5, ""reg_lambda"": 0.6710965644944332, ""subsample"": 0.8436953522472607}"
0,2,43,1,0.61202675,0.6044482914835421,0.07037307039431076,"{""colsample_bytree"": 0.9009052891993896, ""learning_rate"": 0.01428224744719576, ""max_depth"": 2, ""min_child_weight"": 5, ""reg_lambda"": 0.6710965644944332, ""subsample"": 0.8436953522472607}"
0,2,53,0,0.62474316,0.6094958537662298,0.07015415011831662,"{""colsample_bytree"": 0.9009052891993896, ""learning_rate"": 0.01428224744719576, ""max_depth"": 2, ""min_child_weight"": 5, ""reg_lambda"": 0.6710965644944332, ""subsample"": 0.8436953522472607}"
0,2,59,1,0.8868516,0.8666512766908078,0.07679831284748001,"{""colsample_bytree"": 0.9009052891993896, ""learning_rate"": 0.01428224744719576, ""max_depth"": 2, ""min_child_weight"": 5, ""reg_lambda"": 0.6710965644944332, ""subsample"": 0.8436953522472607}"
0,2,66,1,0.85427266,0.8555053442283809,0.0859794167409757,"{""colsample_bytree"": 0.9009052891993896, ""learning_rate"": 0.01428224744719576, ""max_depth"": 2, ""min_child_weight"": 5, ""reg_lambda"": 0.6710965644944332, ""subsample"": 0.8436953522472607}"
0,2,67,0,0.5784972,0.58778635781407,0.057295000325028704,"{""colsample_bytree"": 0.9009052891993896, ""learning_rate"": 0.01428224744719576, ""max_depth"": 2, ""min_child_weight"": 5, ""reg_lambda"": 0.6710965644944332, ""subsample"": 0.8436953522472607}"
0,2,68,0,0.29465976,0.2111161935387374,0.10138535734761911,"{""colsample_bytree"": 0.9009052891993896, ""learning_rate"": 0.01428224744719576, ""max_depth"": 2, ""min_child_weight"": 5, ""reg_lambda"": 0.6710965644944332, ""subsample"": 0.8436953522472607}"
0,2,74,1,0.8550353,0.8601121291487782,0.08452869220569495,"{""colsample_bytree"": 0.9009052891993896, ""learning_rate"": 0.01428224744719576, ""max_depth"": 2, ""min_child_weight"": 5, ""reg_lambda"": 0.6710965644944332, ""subsample"": 0.8436953522472607}"
0,2,79,0,0.20551029,0.19364551163556548,0.10959977741781461,"{""colsample_bytree"": 0.9009052891993896, ""learning_rate"": 0.01428224744719576, ""max_depth"": 2, ""min_child_weight"": 5, ""reg_lambda"": 0.6710965644944332, ""subsample"": 0.8436953522472607}"
0,2,80,1,0.8598984,0.8587282883293048,0.07892681503602009,"{""colsample_bytree"": 0.9009052891993896, ""learning_rate"": 0.01428224744719576, ""max_depth"": 2, ""min_child_weight"": 5, ""reg_lambda"": 0.6710965644944332, ""subsample"": 0.8436953522472607}"
0,2,87,1,0.61751086,0.6734629511015217,0.05544502581516592,"{""colsample_bytree"": 0.9009052891993896, ""learning_rate"": 0.01428224744719576, ""max_depth"": 2, ""min_child_weight"": 5, ""reg_lambda"": 0.6710965644944332, ""subsample"": 0.8436953522472607}"
0,2,89,1,0.7184159,0.7608110057473452,0.07936598275321852,"{""colsample_bytree"": 0.9009052891993896, ""learning_rate"": 0.01428224744719576, ""max_depth"": 2, ""min_child_weight"": 5, ""reg_lambda"": 0.6710965644944332, ""subsample"": 0.8436953522472607}"
0,2,90,0,0.5658447,0.4806509390540169,0.10846719900171915,"{""colsample_bytree"": 0.9009052891993896, ""learning_rate"": 0.01428224744719576, ""max_depth"": 2, ""min_child_weight"": 5, ""reg_lambda"": 0.6710965644944332, ""subsample"": 0.8436953522472607}"
0,2,93,1,0.736438,0.7601693223762858,0.06290872755393052,"{""colsample_bytree"": 0.9009052891993896, ""learning_rate"": 0.01428224744719576, ""max_depth"": 2, ""min_child_weight"": 5, ""reg_lambda"": 0.6710965644944332, ""subsample"": 0.8436953522472607}"
0,2,96,1,0.8784085,0.862090714150433,0.0758327068333744,"{""colsample_bytree"": 0.9009052891993896, ""learning_rate"": 0.01428224744719576, ""max_depth"": 2, ""min_child_weight"": 5, ""reg_lambda"": 0.6710965644944332, ""subsample"": 0.8436953522472607}"
0,2,107,1,0.52472293,0.6002813531321116,0.04161104818070242,"{""colsample_bytree"": 0.9009052891993896, ""learning_rate"": 0.01428224744719576, ""max_depth"": 2, ""min_child_weight"": 5, ""reg_lambda"": 0.6710965644944332, ""subsample"": 0.8436953522472607}"
0,2,109,0,0.59918463,0.6687580165581326,0.10759594595010114,"{""colsample_bytree"": 0.9009052891993896, ""learning_rate"": 0.01428224744719576, ""max_depth"": 2, ""min_child_weight"": 5, ""reg_lambda"": 0.6710965644944332, ""subsample"": 0.8436953522472607}"
0,2,114,1,0.9044775,0.873929980112037,0.08244185133634604,"{""colsample_bytree"": 0.9009052891993896, ""learning_rate"": 0.01428224744719576, ""max_depth"": 2, ""min_child_weight"": 5, ""reg_lambda"": 0.6710965644944332, ""subsample"": 0.8436953522472607}"
0,2,126,1,0.7592624,0.7796526517956247,0.08880580179208632,"{""colsample_bytree"": 0.9009052891993896, ""learning_rate"": 0.01428224744719576, ""max_depth"": 2, ""min_child_weight"": 5, ""reg_lambda"": 0.6710965644944332, ""subsample"": 0.8436953522472607}"
0,2,136,0,0.33975187,0.29573844638263097,0.09276719676775015,"{""colsample_bytree"": 0.9009052891993896, ""learning_rate"": 0.01428224744719576, ""max_depth"": 2, ""min_child_weight"": 5, ""reg_lambda"": 0.6710965644944332, ""subsample"": 0.8436953522472607}"
0,2,138,1,0.7372568,0.7410272134924728,0.04151027675229902,"{""colsample_bytree"": 0.9009052891993896, ""learning_rate"": 0.01428224744719576, ""max_depth"": 2, ""min_child_weight"": 5, ""reg_lambda"": 0.6710965644944332, ""subsample"": 0.8436953522472607}"
0,2,139,1,0.78938824,0.8169948392051538,0.08598717479582113,"{""colsample_bytree"": 0.9009052891993896, ""learning_rate"": 0.01428224744719576, ""max_depth"": 2, ""min_child_weight"": 5, ""reg_lambda"": 0.6710965644944332, ""subsample"": 0.8436953522472607}"
0,2,140,1,0.8788233,0.8575525959064437,0.0882832013151799,"{""colsample_bytree"": 0.9009052891993896, ""learning_rate"": 0.01428224744719576, ""max_depth"": 2, ""min_child_weight"": 5, ""reg_lambda"": 0.6710965644944332, ""subsample"": 0.8436953522472607}"
0,2,142,1,0.31037742,0.25462615970888297,0.1214282867666126,"{""colsample_bytree"": 0.9009052891993896, ""learning_rate"": 0.01428224744719576, ""max_depth"": 2, ""min_child_weight"": 5, ""reg_lambda"": 0.6710965644944332, ""subsample"": 0.8436953522472607}"
0,2,144,1,0.8548234,0.8401927669446427,0.08874439120135617,"{""colsample_bytree"": 0.9009052891993896, ""learning_rate"": 0.01428224744719576, ""max_depth"": 2, ""min_child_weight"": 5, ""reg_lambda"": 0.6710965644944332, ""subsample"": 0.8436953522472607}"
0,2,152,1,0.41850278,0.3624201097483059,0.12220274889506673,"{""colsample_bytree"": 0.9009052891993896, ""learning_rate"": 0.01428224744719576, ""max_depth"": 2, ""min_child_weight"": 5, ""reg_lambda"": 0.6710965644944332, ""subsample"": 0.8436953522472607}"
0,2,159,1,0.8595965,0.8629477396466108,0.08128847237954563,"{""colsample_bytree"": 0.9009052891993896, ""learning_rate"": 0.01428224744719576, ""max_depth"": 2, ""min_child_weight"": 5, ""reg_lambda"": 0.6710965644944332, ""subsample"": 0.8436953522472607}"
0,2,168,0,0.27657467,0.21184511728598113,0.10565543480489079,"{""colsample_bytree"": 0.9009052891993896, ""learning_rate"": 0.01428224744719576, ""max_depth"": 2, ""min_child_weight"": 5, ""reg_lambda"": 0.6710965644944332, ""subsample"": 0.8436953522472607}"
0,2,169,0,0.34818044,0.3060929557191174,0.09334113498944487,"{""colsample_bytree"": 0.9009052891993896, ""learning_rate"": 0.01428224744719576, ""max_depth"": 2, ""min_child_weight"": 5, ""reg_lambda"": 0.6710965644944332, ""subsample"": 0.8436953522472607}"
0,2,173,1,0.718007,0.7653460078584404,0.09074218983192942,"{""colsample_bytree"": 0.9009052891993896, ""learning_rate"": 0.01428224744719576, ""max_depth"": 2, ""min_child_weight"": 5, ""reg_lambda"": 0.6710965644944332, ""subsample"": 0.8436953522472607}"
0,2,184,1,0.834287,0.84666756042533,0.07419697666374583,"{""colsample_bytree"": 0.9009052891993896, ""learning_rate"": 0.01428224744719576, ""max_depth"": 2, ""min_child_weight"": 5, ""reg_lambda"": 0.6710965644944332, ""subsample"": 0.8436953522472607}"
0,2,185,0,0.6443909,0.652776222046967,0.10940530260611415,"{""colsample_bytree"": 0.9009052891993896, ""learning_rate"": 0.01428224744719576, ""max_depth"": 2, ""min_child_weight"": 5, ""reg_lambda"": 0.6710965644944332, ""subsample"": 0.8436953522472607}"
0,2,187,1,0.7577794,0.8066293965688963,0.10253321934108318,"{""colsample_bytree"": 0.9009052891993896, ""learning_rate"": 0.01428224744719576, ""max_depth"": 2, ""min_child_weight"": 5, ""reg_lambda"": 0.6710965644944332, ""subsample"": 0.8436953522472607}"
0,2,196,0,0.32078418,0.2668443974985775,0.10703439497248675,"{""colsample_bytree"": 0.9009052891993896, ""learning_rate"": 0.01428224744719576, ""max_depth"": 2, ""min_child_weight"": 5, ""reg_lambda"": 0.6710965644944332, ""subsample"": 0.8436953522472607}"
0,2,205,0,0.31092584,0.2521026768873713,0.1033507884947833,"{""colsample_bytree"": 0.9009052891993896, ""learning_rate"": 0.01428224744719576, ""max_depth"": 2, ""min_child_weight"": 5, ""reg_lambda"": 0.6710965644944332, ""subsample"": 0.8436953522472607}"
0,2,206,1,0.61621135,0.6445122986096837,0.056757642384075664,"{""colsample_bytree"": 0.9009052891993896, ""learning_rate"": 0.01428224744719576, ""max_depth"": 2, ""min_child_weight"": 5, ""reg_lambda"": 0.6710965644944332, ""subsample"": 0.8436953522472607}"
0,2,207,1,0.7186988,0.7475891162211074,0.08166449917051284,"{""colsample_bytree"": 0.9009052891993896, ""learning_rate"": 0.01428224744719576, ""max_depth"": 2, ""min_child_weight"": 5, ""reg_lambda"": 0.6710965644944332, ""subsample"": 0.8436953522472607}"
0,2,210,0,0.18895036,0.17184005906045013,0.08988377531942225,"{""colsample_bytree"": 0.9009052891993896, ""learning_rate"": 0.01428224744719576, ""max_depth"": 2, ""min_child_weight"": 5, ""reg_lambda"": 0.6710965644944332, ""subsample"": 0.8436953522472607}"
0,2,211,1,0.51446253,0.5843186699243548,0.08518334213924315,"{""colsample_bytree"": 0.9009052891993896, ""learning_rate"": 0.01428224744719576, ""max_depth"": 2, ""min_child_weight"": 5, ""reg_lambda"": 0.6710965644944332, ""subsample"": 0.8436953522472607}"
0,2,212,0,0.16367967,0.1529318270789396,0.08968850699766436,"{""colsample_bytree"": 0.9009052891993896, ""learning_rate"": 0.01428224744719576, ""max_depth"": 2, ""min_child_weight"": 5, ""reg_lambda"": 0.6710965644944332, ""subsample"": 0.8436953522472607}"
0,2,218,0,0.29142153,0.2916975008262707,0.12516196429669504,"{""colsample_bytree"": 0.9009052891993896, ""learning_rate"": 0.01428224744719576, ""max_depth"": 2, ""min_child_weight"": 5, ""reg_lambda"": 0.6710965644944332, ""subsample"": 0.8436953522472607}"
0,2,224,1,0.84019834,0.8556349823395685,0.0801077253465907,"{""colsample_bytree"": 0.9009052891993896, ""learning_rate"": 0.01428224744719576, ""max_depth"": 2, ""min_child_weight"": 5, ""reg_lambda"": 0.6710965644944332, ""subsample"": 0.8436953522472607}"
0,2,240,1,0.92164123,0.8769248565671747,0.08055114787900909,"{""colsample_bytree"": 0.9009052891993896, ""learning_rate"": 0.01428224744719576, ""max_depth"": 2, ""min_child_weight"": 5, ""reg_lambda"": 0.6710965644944332, ""subsample"": 0.8436953522472607}"
0,2,243,0,0.74829036,0.7828313444600071,0.09058346948784568,"{""colsample_bytree"": 0.9009052891993896, ""learning_rate"": 0.01428224744719576, ""max_depth"": 2, ""min_child_weight"": 5, ""reg_lambda"": 0.6710965644944332, ""subsample"": 0.8436953522472607}"
0,2,257,0,0.28063077,0.2132389630753654,0.10545457755945224,"{""colsample_bytree"": 0.9009052891993896, ""learning_rate"": 0.01428224744719576, ""max_depth"": 2, ""min_child_weight"": 5, ""reg_lambda"": 0.6710965644944332, ""subsample"": 0.8436953522472607}"
0,2,260,1,0.69600075,0.7613958563486105,0.08901439136989638,"{""colsample_bytree"": 0.9009052891993896, ""learning_rate"": 0.01428224744719576, ""max_depth"": 2, ""min_child_weight"": 5, ""reg_lambda"": 0.6710965644944332, ""subsample"": 0.8436953522472607}"
0,2,262,1,0.56136644,0.5005997065289087,0.1051302781736248,"{""colsample_bytree"": 0.9009052891993896, ""learning_rate"": 0.01428224744719576, ""max_depth"": 2, ""min_child_weight"": 5, ""reg_lambda"": 0.6710965644944332, ""subsample"": 0.8436953522472607}"
0,2,266,0,0.7329396,0.7507769912672744,0.07311303262260148,"{""colsample_bytree"": 0.9009052891993896, ""learning_rate"": 0.01428224744719576, ""max_depth"": 2, ""min_child_weight"": 5, ""reg_lambda"": 0.6710965644944332, ""subsample"": 0.8436953522472607}"
0,2,269,1,0.7984347,0.8090111832995373,0.1052835536764762,"{""colsample_bytree"": 0.9009052891993896, ""learning_rate"": 0.01428224744719576, ""max_depth"": 2, ""min_child_weight"": 5, ""reg_lambda"": 0.6710965644944332, ""subsample"": 0.8436953522472607}"
0,2,270,0,0.2231831,0.1881655667217341,0.09118137028489812,"{""colsample_bytree"": 0.9009052891993896, ""learning_rate"": 0.01428224744719576, ""max_depth"": 2, ""min_child_weight"": 5, ""reg_lambda"": 0.6710965644944332, ""subsample"": 0.8436953522472607}"
0,2,271,1,0.88379943,0.865742897271824,0.08076913073527912,"{""colsample_bytree"": 0.9009052891993896, ""learning_rate"": 0.01428224744719576, ""max_depth"": 2, ""min_child_weight"": 5, ""reg_lambda"": 0.6710965644944332, ""subsample"": 0.8436953522472607}"
0,2,279,0,0.5951255,0.6610142889315548,0.037566164233438185,"{""colsample_bytree"": 0.9009052891993896, ""learning_rate"": 0.01428224744719576, ""max_depth"": 2, ""min_child_weight"": 5, ""reg_lambda"": 0.6710965644944332, ""subsample"": 0.8436953522472607}"
0,2,281,1,0.3365097,0.3392435022407963,0.18676457230292126,"{""colsample_bytree"": 0.9009052891993896, ""learning_rate"": 0.01428224744719576, ""max_depth"": 2, ""min_child_weight"": 5, ""reg_lambda"": 0.6710965644944332, ""subsample"": 0.8436953522472607}"
0,2,285,0,0.29718307,0.25572733501238226,0.11195001665281207,"{""colsample_bytree"": 0.9009052891993896, ""learning_rate"": 0.01428224744719576, ""max_depth"": 2, ""min_child_weight"": 5, ""reg_lambda"": 0.6710965644944332, ""subsample"": 0.8436953522472607}"
0,2,291,0,0.32191288,0.28868984503255773,0.10525235555084934,"{""colsample_bytree"": 0.9009052891993896, ""learning_rate"": 0.01428224744719576, ""max_depth"": 2, ""min_child_weight"": 5, ""reg_lambda"": 0.6710965644944332, ""subsample"": 0.8436953522472607}"
0,2,292,0,0.31448632,0.29557793835888135,0.11383737263637667,"{""colsample_bytree"": 0.9009052891993896, ""learning_rate"": 0.01428224744719576, ""max_depth"": 2, ""min_child_weight"": 5, ""reg_lambda"": 0.6710965644944332, ""subsample"": 0.8436953522472607}"
0,2,298,1,0.737936,0.7570956131993027,0.09400757796941278,"{""colsample_bytree"": 0.9009052891993896, ""learning_rate"": 0.01428224744719576, ""max_depth"": 2, ""min_child_weight"": 5, ""reg_lambda"": 0.6710965644944332, ""subsample"": 0.8436953522472607}"
0,2,301,0,0.20002002,0.1725844131031846,0.09795546026493474,"{""colsample_bytree"": 0.9009052891993896, ""learning_rate"": 0.01428224744719576, ""max_depth"": 2, ""min_child_weight"": 5, ""reg_lambda"": 0.6710965644944332, ""subsample"": 0.8436953522472607}"
0,2,302,1,0.58120954,0.6023964837547182,0.044301775214385615,"{""colsample_bytree"": 0.9009052891993896, ""learning_rate"": 0.01428224744719576, ""max_depth"": 2, ""min_child_weight"": 5, ""reg_lambda"": 0.6710965644944332, ""subsample"": 0.8436953522472607}"
0,3,2,1,0.8005753,0.8887606742118361,0.04833868594113916,"{""colsample_bytree"": 0.49597745858100595, ""learning_rate"": 0.012441670791787257, ""max_depth"": 2, ""min_child_weight"": 3, ""reg_lambda"": 8.55739713413297, ""subsample"": 0.8230141495290193}"
0,3,10,1,0.5632249,0.5955510786751994,0.11664645371215947,"{""colsample_bytree"": 0.49597745858100595, ""learning_rate"": 0.012441670791787257, ""max_depth"": 2, ""min_child_weight"": 3, ""reg_lambda"": 8.55739713413297, ""subsample"": 0.8230141495290193}"
0,3,12,1,0.6938832,0.7732522220452986,0.06681453406024297,"{""colsample_bytree"": 0.49597745858100595, ""learning_rate"": 0.012441670791787257, ""max_depth"": 2, ""min_child_weight"": 3, ""reg_lambda"": 8.55739713413297, ""subsample"": 0.8230141495290193}"
0,3,13,1,0.6078945,0.6173464378901528,0.08711965373970636,"{""colsample_bytree"": 0.49597745858100595, ""learning_rate"": 0.012441670791787257, ""max_depth"": 2, ""min_child_weight"": 3, ""reg_lambda"": 8.55739713413297, ""subsample"": 0.8230141495290193}"
0,3,21,1,0.6296786,0.6565411373504823,0.05764473661289992,"{""colsample_bytree"": 0.49597745858100595, ""learning_rate"": 0.012441670791787257, ""max_depth"": 2, ""min_child_weight"": 3, ""reg_lambda"": 8.55739713413297, ""subsample"": 0.8230141495290193}"
0,3,23,1,0.71352315,0.7986722638534419,0.06528335475777071,"{""colsample_bytree"": 0.49597745858100595, ""learning_rate"": 0.012441670791787257, ""max_depth"": 2, ""min_child_weight"": 3, ""reg_lambda"": 8.55739713413297, ""subsample"": 0.8230141495290193}"
0,3,24,1,0.6346885,0.684647447354524,0.10042337486888792,"{""colsample_bytree"": 0.49597745858100595, ""learning_rate"": 0.012441670791787257, ""max_depth"": 2, ""min_child_weight"": 3, ""reg_lambda"": 8.55739713413297, ""subsample"": 0.8230141495290193}"
0,3,26,0,0.43516782,0.35368654368810254,0.08693593222479158,"{""colsample_bytree"": 0.49597745858100595, ""learning_rate"": 0.012441670791787257, ""max_depth"": 2, ""min_child_weight"": 3, ""reg_lambda"": 8.55739713413297, ""subsample"": 0.8230141495290193}"
0,3,30,1,0.6762969,0.7041623719128818,0.1078807197978504,"{""colsample_bytree"": 0.49597745858100595, ""learning_rate"": 0.012441670791787257, ""max_depth"": 2, ""min_child_weight"": 3, ""reg_lambda"": 8.55739713413297, ""subsample"": 0.8230141495290193}"
0,3,39,1,0.7954555,0.8880780315666229,0.05316908561369622,"{""colsample_bytree"": 0.49597745858100595, ""learning_rate"": 0.012441670791787257, ""max_depth"": 2, ""min_child_weight"": 3, ""reg_lambda"": 8.55739713413297, ""subsample"": 0.8230141495290193}"
0,3,44,0,0.57952476,0.5984372748109611,0.07855098043503264,"{""colsample_bytree"": 0.49597745858100595, ""learning_rate"": 0.012441670791787257, ""max_depth"": 2, ""min_child_weight"": 3, ""reg_lambda"": 8.55739713413297, ""subsample"": 0.8230141495290193}"
0,3,47,1,0.7750972,0.8666225575421119,0.03271772386441948,"{""colsample_bytree"": 0.49597745858100595, ""learning_rate"": 0.012441670791787257, ""max_depth"": 2, ""min_child_weight"": 3, ""reg_lambda"": 8.55739713413297, ""subsample"": 0.8230141495290193}"
0,3,58,1,0.3635879,0.22651544459329465,0.056151601957582696,"{""colsample_bytree"": 0.49597745858100595, ""learning_rate"": 0.012441670791787257, ""max_depth"": 2, ""min_child_weight"": 3, ""reg_lambda"": 8.55739713413297, ""subsample"": 0.8230141495290193}"
0,3,60,0,0.43283227,0.3272818039187821,0.0982441983150181,"{""colsample_bytree"": 0.49597745858100595, ""learning_rate"": 0.012441670791787257, ""max_depth"": 2, ""min_child_weight"": 3, ""reg_lambda"": 8.55739713413297, ""subsample"": 0.8230141495290193}"
0,3,63,1,0.6384577,0.6282992522415275,0.07375120800503489,"{""colsample_bytree"": 0.49597745858100595, ""learning_rate"": 0.012441670791787257, ""max_depth"": 2, ""min_child_weight"": 3, ""reg_lambda"": 8.55739713413297, ""subsample"": 0.8230141495290193}"
0,3,75,1,0.521912,0.46233542243432063,0.07173710420089531,"{""colsample_bytree"": 0.49597745858100595, ""learning_rate"": 0.012441670791787257, ""max_depth"": 2, ""min_child_weight"": 3, ""reg_lambda"": 8.55739713413297, ""subsample"": 0.8230141495290193}"
0,3,86,1,0.6102335,0.6299684594407593,0.07906593426480299,"{""colsample_bytree"": 0.49597745858100595, ""learning_rate"": 0.012441670791787257, ""max_depth"": 2, ""min_child_weight"": 3, ""reg_lambda"": 8.55739713413297, ""subsample"": 0.8230141495290193}"
0,3,102,0,0.29975063,0.1553670006241212,0.04783339739750955,"{""colsample_bytree"": 0.49597745858100595, ""learning_rate"": 0.012441670791787257, ""max_depth"": 2, ""min_child_weight"": 3, ""reg_lambda"": 8.55739713413297, ""subsample"": 0.8230141495290193}"
0,3,108,0,0.3464988,0.20231673243374307,0.056930696519101556,"{""colsample_bytree"": 0.49597745858100595, ""learning_rate"": 0.012441670791787257, ""max_depth"": 2, ""min_child_weight"": 3, ""reg_lambda"": 8.55739713413297, ""subsample"": 0.8230141495290193}"
0,3,112,0,0.62897545,0.6628589858346554,0.06030255224840757,"{""colsample_bytree"": 0.49597745858100595, ""learning_rate"": 0.012441670791787257, ""max_depth"": 2, ""min_child_weight"": 3, ""reg_lambda"": 8.55739713413297, ""subsample"": 0.8230141495290193}"
0,3,118,1,0.70883924,0.7796760785080844,0.04220595942336523,"{""colsample_bytree"": 0.49597745858100595, ""learning_rate"": 0.012441670791787257, ""max_depth"": 2, ""min_child_weight"": 3, ""reg_lambda"": 8.55739713413297, ""subsample"": 0.8230141495290193}"
0,3,120,1,0.59855145,0.5752267513015092,0.09862777528033802,"{""colsample_bytree"": 0.49597745858100595, ""learning_rate"": 0.012441670791787257, ""max_depth"": 2, ""min_child_weight"": 3, ""reg_lambda"": 8.55739713413297, ""subsample"": 0.8230141495290193}"
0,3,123,1,0.43825778,0.3310425274103545,0.06393605565780866,"{""colsample_bytree"": 0.49597745858100595, ""learning_rate"": 0.012441670791787257, ""max_depth"": 2, ""min_child_weight"": 3, ""reg_lambda"": 8.55739713413297, ""subsample"": 0.8230141495290193}"
0,3,131,1,0.82861644,0.9031633575572267,0.04397752166214798,"{""colsample_bytree"": 0.49597745858100595, ""learning_rate"": 0.012441670791787257, ""max_depth"": 2, ""min_child_weight"": 3, ""reg_lambda"": 8.55739713413297, ""subsample"": 0.8230141495290193}"
0,3,135,1,0.56897515,0.5494594127073832,0.10214225747348019,"{""colsample_bytree"": 0.49597745858100595, ""learning_rate"": 0.012441670791787257, ""max_depth"": 2, ""min_child_weight"": 3, ""reg_lambda"": 8.55739713413297, ""subsample"": 0.8230141495290193}"
0,3,143,0,0.27209342,0.12519023118793368,0.050303246333326175,"{""colsample_bytree"": 0.49597745858100595, ""learning_rate"": 0.012441670791787257, ""max_depth"": 2, ""min_child_weight"": 3, ""reg_lambda"": 8.55739713413297, ""subsample"": 0.8230141495290193}"
0,3,146,1,0.8089424,0.8847055456313255,0.055235724892818173,"{""colsample_bytree"": 0.49597745858100595, ""learning_rate"": 0.012441670791787257, ""max_depth"": 2, ""min_child_weight"": 3, ""reg_lambda"": 8.55739713413297, ""subsample"": 0.8230141495290193}"
0,3,150,0,0.451219,0.4017716250076365,0.0819028807048419,"{""colsample_bytree"": 0.49597745858100595, ""learning_rate"": 0.012441670791787257, ""max_depth"": 2, ""min_child_weight"": 3, ""reg_lambda"": 8.55739713413297, ""subsample"": 0.8230141495290193}"
0,3,155,1,0.7503796,0.8182887775373576,0.1041672015456392,"{""colsample_bytree"": 0.49597745858100595, ""learning_rate"": 0.012441670791787257, ""max_depth"": 2, ""min_child_weight"": 3, ""reg_lambda"": 8.55739713413297, ""subsample"": 0.8230141495290193}"
0,3,158,0,0.5151324,0.44843706486553375,0.09594290086388518,"{""colsample_bytree"": 0.49597745858100595, ""learning_rate"": 0.012441670791787257, ""max_depth"": 2, ""min_child_weight"": 3, ""reg_lambda"": 8.55739713413297, ""subsample"": 0.8230141495290193}"
0,3,162,1,0.76528025,0.8512746003414182,0.0640545438634309,"{""colsample_bytree"": 0.49597745858100595, ""learning_rate"": 0.012441670791787257, ""max_depth"": 2, ""min_child_weight"": 3, ""reg_lambda"": 8.55739713413297, ""subsample"": 0.8230141495290193}"
0,3,163,1,0.5029567,0.48822043473843946,0.11634618383810072,"{""colsample_bytree"": 0.49597745858100595, ""learning_rate"": 0.012441670791787257, ""max_depth"": 2, ""min_child_weight"": 3, ""reg_lambda"": 8.55739713413297, ""subsample"": 0.8230141495290193}"
0,3,164,1,0.7501672,0.8335944144097936,0.040461933564243734,"{""colsample_bytree"": 0.49597745858100595, ""learning_rate"": 0.012441670791787257, ""max_depth"": 2, ""min_child_weight"": 3, ""reg_lambda"": 8.55739713413297, ""subsample"": 0.8230141495290193}"
0,3,166,0,0.31661656,0.1734974816660016,0.05701947993783879,"{""colsample_bytree"": 0.49597745858100595, ""learning_rate"": 0.012441670791787257, ""max_depth"": 2, ""min_child_weight"": 3, ""reg_lambda"": 8.55739713413297, ""subsample"": 0.8230141495290193}"
0,3,170,0,0.33302864,0.20731858931396446,0.0563810367894306,"{""colsample_bytree"": 0.49597745858100595, ""learning_rate"": 0.012441670791787257, ""max_depth"": 2, ""min_child_weight"": 3, ""reg_lambda"": 8.55739713413297, ""subsample"": 0.8230141495290193}"
0,3,171,1,0.59188104,0.5985998775908764,0.06845615277706012,"{""colsample_bytree"": 0.49597745858100595, ""learning_rate"": 0.012441670791787257, ""max_depth"": 2, ""min_child_weight"": 3, ""reg_lambda"": 8.55739713413297, ""subsample"": 0.8230141495290193}"
0,3,172,1,0.5958111,0.6091698711972263,0.047749544934597446,"{""colsample_bytree"": 0.49597745858100595, ""learning_rate"": 0.012441670791787257, ""max_depth"": 2, ""min_child_weight"": 3, ""reg_lambda"": 8.55739713413297, ""subsample"": 0.8230141495290193}"
0,3,179,0,0.294204,0.15474068304435443,0.057838668042756045,"{""colsample_bytree"": 0.49597745858100595, ""learning_rate"": 0.012441670791787257, ""max_depth"": 2, ""min_child_weight"": 3, ""reg_lambda"": 8.55739713413297, ""subsample"": 0.8230141495290193}"
0,3,192,0,0.28569138,0.15014875000549543,0.05275709061341464,"{""colsample_bytree"": 0.49597745858100595, ""learning_rate"": 0.012441670791787257, ""max_depth"": 2, ""min_child_weight"": 3, ""reg_lambda"": 8.55739713413297, ""subsample"": 0.8230141495290193}"
0,3,195,0,0.68613756,0.7497582058097414,0.08121468795644804,"{""colsample_bytree"": 0.49597745858100595, ""learning_rate"": 0.012441670791787257, ""max_depth"": 2, ""min_child_weight"": 3, ""reg_lambda"": 8.55739713413297, ""subsample"": 0.8230141495290193}"
0,3,200,1,0.6279372,0.6568246168169198,0.09611114872828541,"{""colsample_bytree"": 0.49597745858100595, ""learning_rate"": 0.012441670791787257, ""max_depth"": 2, ""min_child_weight"": 3, ""reg_lambda"": 8.55739713413297, ""subsample"": 0.8230141495290193}"
0,3,202,1,0.76574063,0.8525249743225386,0.06352953630924044,"{""colsample_bytree"": 0.49597745858100595, ""learning_rate"": 0.012441670791787257, ""max_depth"": 2, ""min_child_weight"": 3, ""reg_lambda"": 8.55739713413297, ""subsample"": 0.8230141495290193}"
0,3,204,0,0.5089386,0.45831001748086714,0.045048289264736946,"{""colsample_bytree"": 0.49597745858100595, ""learning_rate"": 0.012441670791787257, ""max_depth"": 2, ""min_child_weight"": 3, ""reg_lambda"": 8.55739713413297, ""subsample"": 0.8230141495290193}"
0,3,213,0,0.59444726,0.6466457999299404,0.0683674917755333,"{""colsample_bytree"": 0.49597745858100595, ""learning_rate"": 0.012441670791787257, ""max_depth"": 2, ""min_child_weight"": 3, ""reg_lambda"": 8.55739713413297, ""subsample"": 0.8230141495290193}"
0,3,222,1,0.6287294,0.6660922786768001,0.08558115396548245,"{""colsample_bytree"": 0.49597745858100595, ""learning_rate"": 0.012441670791787257, ""max_depth"": 2, ""min_child_weight"": 3, ""reg_lambda"": 8.55739713413297, ""subsample"": 0.8230141495290193}"
0,3,225,0,0.49732962,0.48847529354370856,0.10948060421308095,"{""colsample_bytree"": 0.49597745858100595, ""learning_rate"": 0.012441670791787257, ""max_depth"": 2, ""min_child_weight"": 3, ""reg_lambda"": 8.55739713413297, ""subsample"": 0.8230141495290193}"
0,3,227,1,0.6331496,0.6671803559588579,0.08591231156495743,"{""colsample_bytree"": 0.49597745858100595, ""learning_rate"": 0.012441670791787257, ""max_depth"": 2, ""min_child_weight"": 3, ""reg_lambda"": 8.55739713413297, ""subsample"": 0.8230141495290193}"
0,3,234,0,0.355035,0.21307068316449101,0.08875815617176462,"{""colsample_bytree"": 0.49597745858100595, ""learning_rate"": 0.012441670791787257, ""max_depth"": 2, ""min_child_weight"": 3, ""reg_lambda"": 8.55739713413297, ""subsample"": 0.8230141495290193}"
0,3,235,1,0.79487044,0.8755845069181232,0.06281802058691836,"{""colsample_bytree"": 0.49597745858100595, ""learning_rate"": 0.012441670791787257, ""max_depth"": 2, ""min_child_weight"": 3, ""reg_lambda"": 8.55739713413297, ""subsample"": 0.8230141495290193}"
0,3,245,1,0.45495313,0.4075121576490174,0.0950787596986084,"{""colsample_bytree"": 0.49597745858100595, ""learning_rate"": 0.012441670791787257, ""max_depth"": 2, ""min_child_weight"": 3, ""reg_lambda"": 8.55739713413297, ""subsample"": 0.8230141495290193}"
0,3,247,0,0.2793339,0.1352596457460385,0.05849084681679779,"{""colsample_bytree"": 0.49597745858100595, ""learning_rate"": 0.012441670791787257, ""max_depth"": 2, ""min_child_weight"": 3, ""reg_lambda"": 8.55739713413297, ""subsample"": 0.8230141495290193}"
0,3,253,1,0.5809205,0.6101360068156096,0.0935661176049441,"{""colsample_bytree"": 0.49597745858100595, ""learning_rate"": 0.012441670791787257, ""max_depth"": 2, ""min_child_weight"": 3, ""reg_lambda"": 8.55739713413297, ""subsample"": 0.8230141495290193}"
0,3,256,0,0.3302052,0.21486272007643686,0.08720859451017092,"{""colsample_bytree"": 0.49597745858100595, ""learning_rate"": 0.012441670791787257, ""max_depth"": 2, ""min_child_weight"": 3, ""reg_lambda"": 8.55739713413297, ""subsample"": 0.8230141495290193}"
0,3,267,1,0.68559974,0.7703740905959681,0.05388824693671202,"{""colsample_bytree"": 0.49597745858100595, ""learning_rate"": 0.012441670791787257, ""max_depth"": 2, ""min_child_weight"": 3, ""reg_lambda"": 8.55739713413297, ""subsample"": 0.8230141495290193}"
0,3,272,0,0.5027342,0.43526654129865444,0.10325955366066335,"{""colsample_bytree"": 0.49597745858100595, ""learning_rate"": 0.012441670791787257, ""max_depth"": 2, ""min_child_weight"": 3, ""reg_lambda"": 8.55739713413297, ""subsample"": 0.8230141495290193}"
0,3,273,1,0.69028693,0.7742385319326425,0.07656725681734766,"{""colsample_bytree"": 0.49597745858100595, ""learning_rate"": 0.012441670791787257, ""max_depth"": 2, ""min_child_weight"": 3, ""reg_lambda"": 8.55739713413297, ""subsample"": 0.8230141495290193}"
0,3,276,0,0.36316344,0.212259929627194,0.05582923287251953,"{""colsample_bytree"": 0.49597745858100595, ""learning_rate"": 0.012441670791787257, ""max_depth"": 2, ""min_child_weight"": 3, ""reg_lambda"": 8.55739713413297, ""subsample"": 0.8230141495290193}"
0,3,280,0,0.31775987,0.1782074042395121,0.06507165475592235,"{""colsample_bytree"": 0.49597745858100595, ""learning_rate"": 0.012441670791787257, ""max_depth"": 2, ""min_child_weight"": 3, ""reg_lambda"": 8.55739713413297, ""subsample"": 0.8230141495290193}"
0,3,286,0,0.35472926,0.19965996297873428,0.0547132412700837,"{""colsample_bytree"": 0.49597745858100595, ""learning_rate"": 0.012441670791787257, ""max_depth"": 2, ""min_child_weight"": 3, ""reg_lambda"": 8.55739713413297, ""subsample"": 0.8230141495290193}"
0,3,297,0,0.47698748,0.3508312529775631,0.13199496956093365,"{""colsample_bytree"": 0.49597745858100595, ""learning_rate"": 0.012441670791787257, ""max_depth"": 2, ""min_child_weight"": 3, ""reg_lambda"": 8.55739713413297, ""subsample"": 0.8230141495290193}"
0,4,11,1,0.97365415,0.8845617180933548,0.017748569578855653,"{""colsample_bytree"": 0.9780582489721773, ""learning_rate"": 0.08117549842204742, ""max_depth"": 4, ""min_child_weight"": 1, ""reg_lambda"": 9.899548246961599, ""subsample"": 0.8142084746926782}"
0,4,15,1,0.8849625,0.8353743467843181,0.04117812843000672,"{""colsample_bytree"": 0.9780582489721773, ""learning_rate"": 0.08117549842204742, ""max_depth"": 4, ""min_child_weight"": 1, ""reg_lambda"": 9.899548246961599, ""subsample"": 0.8142084746926782}"
0,4,16,0,0.16900758,0.2991779469186388,0.07803176810777356,"{""colsample_bytree"": 0.9780582489721773, ""learning_rate"": 0.08117549842204742, ""max_depth"": 4, ""min_child_weight"": 1, ""reg_lambda"": 9.899548246961599, ""subsample"": 0.8142084746926782}"
0,4,35,0,0.12710474,0.16657692697246068,0.046768215216482015,"{""colsample_bytree"": 0.9780582489721773, ""learning_rate"": 0.08117549842204742, ""max_depth"": 4, ""min_child_weight"": 1, ""reg_lambda"": 9.899548246961599, ""subsample"": 0.8142084746926782}"
0,4,36,1,0.7641465,0.7715124036491698,0.041123471207357716,"{""colsample_bytree"": 0.9780582489721773, ""learning_rate"": 0.08117549842204742, ""max_depth"": 4, ""min_child_weight"": 1, ""reg_lambda"": 9.899548246961599, ""subsample"": 0.8142084746926782}"
0,4,37,1,0.9213374,0.8472544911596721,0.02322727830303775,"{""colsample_bytree"": 0.9780582489721773, ""learning_rate"": 0.08117549842204742, ""max_depth"": 4, ""min_child_weight"": 1, ""reg_lambda"": 9.899548246961599, ""subsample"": 0.8142084746926782}"
0,4,38,1,0.65248203,0.6841207170950666,0.0677974553296414,"{""colsample_bytree"": 0.9780582489721773, ""learning_rate"": 0.08117549842204742, ""max_depth"": 4, ""min_child_weight"": 1, ""reg_lambda"": 9.899548246961599, ""subsample"": 0.8142084746926782}"
0,4,51,1,0.68035096,0.6894678726548815,0.13004728828393447,"{""colsample_bytree"": 0.9780582489721773, ""learning_rate"": 0.08117549842204742, ""max_depth"": 4, ""min_child_weight"": 1, ""reg_lambda"": 9.899548246961599, ""subsample"": 0.8142084746926782}"
0,4,57,1,0.97333544,0.8857447480161141,0.015576103396873523,"{""colsample_bytree"": 0.9780582489721773, ""learning_rate"": 0.08117549842204742, ""max_depth"": 4, ""min_child_weight"": 1, ""reg_lambda"": 9.899548246961599, ""subsample"": 0.8142084746926782}"
0,4,61,1,0.2565976,0.3191127421461939,0.1178315349355511,"{""colsample_bytree"": 0.9780582489721773, ""learning_rate"": 0.08117549842204742, ""max_depth"": 4, ""min_child_weight"": 1, ""reg_lambda"": 9.899548246961599, ""subsample"": 0.8142084746926782}"
0,4,64,0,0.09395955,0.20854471102984196,0.08282911951668645,"{""colsample_bytree"": 0.9780582489721773, ""learning_rate"": 0.08117549842204742, ""max_depth"": 4, ""min_child_weight"": 1, ""reg_lambda"": 9.899548246961599, ""subsample"": 0.8142084746926782}"
0,4,71,1,0.9748207,0.8870664776662261,0.013531615503613864,"{""colsample_bytree"": 0.9780582489721773, ""learning_rate"": 0.08117549842204742, ""max_depth"": 4, ""min_child_weight"": 1, ""reg_lambda"": 9.899548246961599, ""subsample"": 0.8142084746926782}"
0,4,76,1,0.83959043,0.7956561685234994,0.07389971964830316,"{""colsample_bytree"": 0.9780582489721773, ""learning_rate"": 0.08117549842204742, ""max_depth"": 4, ""min_child_weight"": 1, ""reg_lambda"": 9.899548246961599, ""subsample"": 0.8142084746926782}"
0,4,77,0,0.49869758,0.6115736755890225,0.15877074956776643,"{""colsample_bytree"": 0.9780582489721773, ""learning_rate"": 0.08117549842204742, ""max_depth"": 4, ""min_child_weight"": 1, ""reg_lambda"": 9.899548246961599, ""subsample"": 0.8142084746926782}"
0,4,83,1,0.8529984,0.8216121672436347,0.03338846206401972,"{""colsample_bytree"": 0.9780582489721773, ""learning_rate"": 0.08117549842204742, ""max_depth"": 4, ""min_child_weight"": 1, ""reg_lambda"": 9.899548246961599, ""subsample"": 0.8142084746926782}"
0,4,84,0,0.95079625,0.8644384047561597,0.019582021551383805,"{""colsample_bytree"": 0.9780582489721773, ""learning_rate"": 0.08117549842204742, ""max_depth"": 4, ""min_child_weight"": 1, ""reg_lambda"": 9.899548246961599, ""subsample"": 0.8142084746926782}"
0,4,85,0,0.38437864,0.3792099577441353,0.1812529970850268,"{""colsample_bytree"": 0.9780582489721773, ""learning_rate"": 0.08117549842204742, ""max_depth"": 4, ""min_child_weight"": 1, ""reg_lambda"": 9.899548246961599, ""subsample"": 0.8142084746926782}"
0,4,88,0,0.8792354,0.8369063354864089,0.04154577365469228,"{""colsample_bytree"": 0.9780582489721773, ""learning_rate"": 0.08117549842204742, ""max_depth"": 4, ""min_child_weight"": 1, ""reg_lambda"": 9.899548246961599, ""subsample"": 0.8142084746926782}"
0,4,95,1,0.96918005,0.8850707435143856,0.009983307871597683,"{""colsample_bytree"": 0.9780582489721773, ""learning_rate"": 0.08117549842204742, ""max_depth"": 4, ""min_child_weight"": 1, ""reg_lambda"": 9.899548246961599, ""subsample"": 0.8142084746926782}"
0,4,98,1,0.9587892,0.8692653099257479,0.009458549711874705,"{""colsample_bytree"": 0.9780582489721773, ""learning_rate"": 0.08117549842204742, ""max_depth"": 4, ""min_child_weight"": 1, ""reg_lambda"": 9.899548246961599, ""subsample"": 0.8142084746926782}"
0,4,103,1,0.97811073,0.8867440862661798,0.016035490708934345,"{""colsample_bytree"": 0.9780582489721773, ""learning_rate"": 0.08117549842204742, ""max_depth"": 4, ""min_child_weight"": 1, ""reg_lambda"": 9.899548246961599, ""subsample"": 0.8142084746926782}"
0,4,110,0,0.24248248,0.28447036216446603,0.15029910382197156,"{""colsample_bytree"": 0.9780582489721773, ""learning_rate"": 0.08117549842204742, ""max_depth"": 4, ""min_child_weight"": 1, ""reg_lambda"": 9.899548246961599, ""subsample"": 0.8142084746926782}"
0,4,111,1,0.8297484,0.8152237433420784,0.019094057162111752,"{""colsample_bytree"": 0.9780582489721773, ""learning_rate"": 0.08117549842204742, ""max_depth"": 4, ""min_child_weight"": 1, ""reg_lambda"": 9.899548246961599, ""subsample"": 0.8142084746926782}"
0,4,117,1,0.8470353,0.8314812668839057,0.017023680724129336,"{""colsample_bytree"": 0.9780582489721773, ""learning_rate"": 0.08117549842204742, ""max_depth"": 4, ""min_child_weight"": 1, ""reg_lambda"": 9.899548246961599, ""subsample"": 0.8142084746926782}"
0,4,137,0,0.046584375,0.14843747039066463,0.052432239341025394,"{""colsample_bytree"": 0.9780582489721773, ""learning_rate"": 0.08117549842204742, ""max_depth"": 4, ""min_child_weight"": 1, ""reg_lambda"": 9.899548246961599, ""subsample"": 0.8142084746926782}"
0,4,147,1,0.407675,0.462619949180693,0.12858070231543864,"{""colsample_bytree"": 0.9780582489721773, ""learning_rate"": 0.08117549842204742, ""max_depth"": 4, ""min_child_weight"": 1, ""reg_lambda"": 9.899548246961599, ""subsample"": 0.8142084746926782}"
0,4,148,1,0.52201146,0.6378429906747938,0.10158141666474096,"{""colsample_bytree"": 0.9780582489721773, ""learning_rate"": 0.08117549842204742, ""max_depth"": 4, ""min_child_weight"": 1, ""reg_lambda"": 9.899548246961599, ""subsample"": 0.8142084746926782}"
0,4,156,1,0.7545388,0.7803606797013873,0.030920114002222488,"{""colsample_bytree"": 0.9780582489721773, ""learning_rate"": 0.08117549842204742, ""max_depth"": 4, ""min_child_weight"": 1, ""reg_lambda"": 9.899548246961599, ""subsample"": 0.8142084746926782}"
0,4,167,1,0.7112999,0.6371199542514405,0.15963397291426415,"{""colsample_bytree"": 0.9780582489721773, ""learning_rate"": 0.08117549842204742, ""max_depth"": 4, ""min_child_weight"": 1, ""reg_lambda"": 9.899548246961599, ""subsample"": 0.8142084746926782}"
0,4,177,1,0.885065,0.8344936319718684,0.023295110353907012,"{""colsample_bytree"": 0.9780582489721773, ""learning_rate"": 0.08117549842204742, ""max_depth"": 4, ""min_child_weight"": 1, ""reg_lambda"": 9.899548246961599, ""subsample"": 0.8142084746926782}"
0,4,180,1,0.5860024,0.5766850998743743,0.11885892416942456,"{""colsample_bytree"": 0.9780582489721773, ""learning_rate"": 0.08117549842204742, ""max_depth"": 4, ""min_child_weight"": 1, ""reg_lambda"": 9.899548246961599, ""subsample"": 0.8142084746926782}"
0,4,190,0,0.9201083,0.8561930164516751,0.027923798059324018,"{""colsample_bytree"": 0.9780582489721773, ""learning_rate"": 0.08117549842204742, ""max_depth"": 4, ""min_child_weight"": 1, ""reg_lambda"": 9.899548246961599, ""subsample"": 0.8142084746926782}"
0,4,199,0,0.105070695,0.18141166686784865,0.059196082482784844,"{""colsample_bytree"": 0.9780582489721773, ""learning_rate"": 0.08117549842204742, ""max_depth"": 4, ""min_child_weight"": 1, ""reg_lambda"": 9.899548246961599, ""subsample"": 0.8142084746926782}"
0,4,208,1,0.6474039,0.6462359460984388,0.07661832219648872,"{""colsample_bytree"": 0.9780582489721773, ""learning_rate"": 0.08117549842204742, ""max_depth"": 4, ""min_child_weight"": 1, ""reg_lambda"": 9.899548246961599, ""subsample"": 0.8142084746926782}"
0,4,209,1,0.6660388,0.7404676199461158,0.059639756650944786,"{""colsample_bytree"": 0.9780582489721773, ""learning_rate"": 0.08117549842204742, ""max_depth"": 4, ""min_child_weight"": 1, ""reg_lambda"": 9.899548246961599, ""subsample"": 0.8142084746926782}"
0,4,214,0,0.9257447,0.8650858969707205,0.019929541281038708,"{""colsample_bytree"": 0.9780582489721773, ""learning_rate"": 0.08117549842204742, ""max_depth"": 4, ""min_child_weight"": 1, ""reg_lambda"": 9.899548246961599, ""subsample"": 0.8142084746926782}"
0,4,216,0,0.7150347,0.649396484529907,0.11949550956722764,"{""colsample_bytree"": 0.9780582489721773, ""learning_rate"": 0.08117549842204742, ""max_depth"": 4, ""min_child_weight"": 1, ""reg_lambda"": 9.899548246961599, ""subsample"": 0.8142084746926782}"
0,4,217,0,0.20781007,0.23302973910205332,0.0777228294432329,"{""colsample_bytree"": 0.9780582489721773, ""learning_rate"": 0.08117549842204742, ""max_depth"": 4, ""min_child_weight"": 1, ""reg_lambda"": 9.899548246961599, ""subsample"": 0.8142084746926782}"
0,4,221,1,0.591144,0.6601428091951561,0.09548641703487888,"{""colsample_bytree"": 0.9780582489721773, ""learning_rate"": 0.08117549842204742, ""max_depth"": 4, ""min_child_weight"": 1, ""reg_lambda"": 9.899548246961599, ""subsample"": 0.8142084746926782}"
0,4,226,1,0.6710506,0.706256483415004,0.09067326180723942,"{""colsample_bytree"": 0.9780582489721773, ""learning_rate"": 0.08117549842204742, ""max_depth"": 4, ""min_child_weight"": 1, ""reg_lambda"": 9.899548246961599, ""subsample"": 0.8142084746926782}"
0,4,228,1,0.8269232,0.7314936254789373,0.09904368599784268,"{""colsample_bytree"": 0.9780582489721773, ""learning_rate"": 0.08117549842204742, ""max_depth"": 4, ""min_child_weight"": 1, ""reg_lambda"": 9.899548246961599, ""subsample"": 0.8142084746926782}"
0,4,229,1,0.36051077,0.4272707577518616,0.03887454808210354,"{""colsample_bytree"": 0.9780582489721773, ""learning_rate"": 0.08117549842204742, ""max_depth"": 4, ""min_child_weight"": 1, ""reg_lambda"": 9.899548246961599, ""subsample"": 0.8142084746926782}"
0,4,237,1,0.5020838,0.5752997827980045,0.16932881856186976,"{""colsample_bytree"": 0.9780582489721773, ""learning_rate"": 0.08117549842204742, ""max_depth"": 4, ""min_child_weight"": 1, ""reg_lambda"": 9.899548246961599, ""subsample"": 0.8142084746926782}"
0,4,244,1,0.10870236,0.22655070915899822,0.05412679340461023,"{""colsample_bytree"": 0.9780582489721773, ""learning_rate"": 0.08117549842204742, ""max_depth"": 4, ""min_child_weight"": 1, ""reg_lambda"": 9.899548246961599, ""subsample"": 0.8142084746926782}"
0,4,248,1,0.96070874,0.8785639241939809,0.014051935739680992,"{""colsample_bytree"": 0.9780582489721773, ""learning_rate"": 0.08117549842204742, ""max_depth"": 4, ""min_child_weight"": 1, ""reg_lambda"": 9.899548246961599, ""subsample"": 0.8142084746926782}"
0,4,249,1,0.9579803,0.8823919997442065,0.009570418303733981,"{""colsample_bytree"": 0.9780582489721773, ""learning_rate"": 0.08117549842204742, ""max_depth"": 4, ""min_child_weight"": 1, ""reg_lambda"": 9.899548246961599, ""subsample"": 0.8142084746926782}"
0,4,252,1,0.8788671,0.8233614557265263,0.04488900149884251,"{""colsample_bytree"": 0.9780582489721773, ""learning_rate"": 0.08117549842204742, ""max_depth"": 4, ""min_child_weight"": 1, ""reg_lambda"": 9.899548246961599, ""subsample"": 0.8142084746926782}"
0,4,254,0,0.46778435,0.5570041840123368,0.11252241586687257,"{""colsample_bytree"": 0.9780582489721773, ""learning_rate"": 0.08117549842204742, ""max_depth"": 4, ""min_child_weight"": 1, ""reg_lambda"": 9.899548246961599, ""subsample"": 0.8142084746926782}"
0,4,255,0,0.023914823,0.13160493851838978,0.03951223907326939,"{""colsample_bytree"": 0.9780582489721773, ""learning_rate"": 0.08117549842204742, ""max_depth"": 4, ""min_child_weight"": 1, ""reg_lambda"": 9.899548246961599, ""subsample"": 0.8142084746926782}"
0,4,258,0,0.034741476,0.12751808169038056,0.03429785392345696,"{""colsample_bytree"": 0.9780582489721773, ""learning_rate"": 0.08117549842204742, ""max_depth"": 4, ""min_child_weight"": 1, ""reg_lambda"": 9.899548246961599, ""subsample"": 0.8142084746926782}"
0,4,259,1,0.67552364,0.6654976964786199,0.08144399959361978,"{""colsample_bytree"": 0.9780582489721773, ""learning_rate"": 0.08117549842204742, ""max_depth"": 4, ""min_child_weight"": 1, ""reg_lambda"": 9.899548246961599, ""subsample"": 0.8142084746926782}"
0,4,265,0,0.81272,0.7876104412182459,0.025975601862947117,"{""colsample_bytree"": 0.9780582489721773, ""learning_rate"": 0.08117549842204742, ""max_depth"": 4, ""min_child_weight"": 1, ""reg_lambda"": 9.899548246961599, ""subsample"": 0.8142084746926782}"
0,4,268,0,0.65701425,0.6574200612887153,0.1365176196608321,"{""colsample_bytree"": 0.9780582489721773, ""learning_rate"": 0.08117549842204742, ""max_depth"": 4, ""min_child_weight"": 1, ""reg_lambda"": 9.899548246961599, ""subsample"": 0.8142084746926782}"
0,4,274,1,0.981601,0.8916067831973647,0.012590305921425304,"{""colsample_bytree"": 0.9780582489721773, ""learning_rate"": 0.08117549842204742, ""max_depth"": 4, ""min_child_weight"": 1, ""reg_lambda"": 9.899548246961599, ""subsample"": 0.8142084746926782}"
0,4,284,0,0.35294706,0.36507050310995476,0.057817201248549624,"{""colsample_bytree"": 0.9780582489721773, ""learning_rate"": 0.08117549842204742, ""max_depth"": 4, ""min_child_weight"": 1, ""reg_lambda"": 9.899548246961599, ""subsample"": 0.8142084746926782}"
0,4,288,0,0.29341653,0.3423450592805998,0.13003155418758466,"{""colsample_bytree"": 0.9780582489721773, ""learning_rate"": 0.08117549842204742, ""max_depth"": 4, ""min_child_weight"": 1, ""reg_lambda"": 9.899548246961599, ""subsample"": 0.8142084746926782}"
0,4,293,0,0.11966582,0.198916828843251,0.06704363244732157,"{""colsample_bytree"": 0.9780582489721773, ""learning_rate"": 0.08117549842204742, ""max_depth"": 4, ""min_child_weight"": 1, ""reg_lambda"": 9.899548246961599, ""subsample"": 0.8142084746926782}"
0,4,296,0,0.13354154,0.1968204437006705,0.04435433103958629,"{""colsample_bytree"": 0.9780582489721773, ""learning_rate"": 0.08117549842204742, ""max_depth"": 4, ""min_child_weight"": 1, ""reg_lambda"": 9.899548246961599, ""subsample"": 0.8142084746926782}"
0,4,299,0,0.18888287,0.19589114400703928,0.04844239097518754,"{""colsample_bytree"": 0.9780582489721773, ""learning_rate"": 0.08117549842204742, ""max_depth"": 4, ""min_child_weight"": 1, ""reg_lambda"": 9.899548246961599, ""subsample"": 0.8142084746926782}"
0,4,300,0,0.019806806,0.12228729339317632,0.032888526163202716,"{""colsample_bytree"": 0.9780582489721773, ""learning_rate"": 0.08117549842204742, ""max_depth"": 4, ""min_child_weight"": 1, ""reg_lambda"": 9.899548246961599, ""subsample"": 0.8142084746926782}"
1,0,4,0,0.38082653,0.2596123575651683,0.08624364689842204,"{""colsample_bytree"": 0.41440681248721656, ""learning_rate"": 0.013990402406460137, ""max_depth"": 3, ""min_child_weight"": 2, ""reg_lambda"": 2.982827494122532, ""subsample"": 0.7288831792277916}"
1,0,8,0,0.25866798,0.15525905194006312,0.059494779724769326,"{""colsample_bytree"": 0.41440681248721656, ""learning_rate"": 0.013990402406460137, ""max_depth"": 3, ""min_child_weight"": 2, ""reg_lambda"": 2.982827494122532, ""subsample"": 0.7288831792277916}"
1,0,13,1,0.60599464,0.6885057160491337,0.06674337525441829,"{""colsample_bytree"": 0.41440681248721656, ""learning_rate"": 0.013990402406460137, ""max_depth"": 3, ""min_child_weight"": 2, ""reg_lambda"": 2.982827494122532, ""subsample"": 0.7288831792277916}"
1,0,14,1,0.39776474,0.33881408211127384,0.13014787335213984,"{""colsample_bytree"": 0.41440681248721656, ""learning_rate"": 0.013990402406460137, ""max_depth"": 3, ""min_child_weight"": 2, ""reg_lambda"": 2.982827494122532, ""subsample"": 0.7288831792277916}"
1,0,21,1,0.6307596,0.6612734022996264,0.0928053371447847,"{""colsample_bytree"": 0.41440681248721656, ""learning_rate"": 0.013990402406460137, ""max_depth"": 3, ""min_child_weight"": 2, ""reg_lambda"": 2.982827494122532, ""subsample"": 0.7288831792277916}"
1,0,25,1,0.87127393,0.9127782317026931,0.02448775209993196,"{""colsample_bytree"": 0.41440681248721656, ""learning_rate"": 0.013990402406460137, ""max_depth"": 3, ""min_child_weight"": 2, ""reg_lambda"": 2.982827494122532, ""subsample"": 0.7288831792277916}"
1,0,32,1,0.7125148,0.7646657449484531,0.06979463705768471,"{""colsample_bytree"": 0.41440681248721656, ""learning_rate"": 0.013990402406460137, ""max_depth"": 3, ""min_child_weight"": 2, ""reg_lambda"": 2.982827494122532, ""subsample"": 0.7288831792277916}"
1,0,37,1,0.5923354,0.551543087921585,0.09008634774679798,"{""colsample_bytree"": 0.41440681248721656, ""learning_rate"": 0.013990402406460137, ""max_depth"": 3, ""min_child_weight"": 2, ""reg_lambda"": 2.982827494122532, ""subsample"": 0.7288831792277916}"
1,0,55,1,0.84557295,0.8940559242264717,0.032835698915358306,"{""colsample_bytree"": 0.41440681248721656, ""learning_rate"": 0.013990402406460137, ""max_depth"": 3, ""min_child_weight"": 2, ""reg_lambda"": 2.982827494122532, ""subsample"": 0.7288831792277916}"
1,0,56,1,0.560554,0.6133097775187915,0.10028342035726462,"{""colsample_bytree"": 0.41440681248721656, ""learning_rate"": 0.013990402406460137, ""max_depth"": 3, ""min_child_weight"": 2, ""reg_lambda"": 2.982827494122532, ""subsample"": 0.7288831792277916}"
1,0,70,0,0.19335918,0.09528838373273946,0.0445657079283894,"{""colsample_bytree"": 0.41440681248721656, ""learning_rate"": 0.013990402406460137, ""max_depth"": 3, ""min_child_weight"": 2, ""reg_lambda"": 2.982827494122532, ""subsample"": 0.7288831792277916}"
1,0,71,1,0.8014483,0.8523444023091743,0.04055669622260264,"{""colsample_bytree"": 0.41440681248721656, ""learning_rate"": 0.013990402406460137, ""max_depth"": 3, ""min_child_weight"": 2, ""reg_lambda"": 2.982827494122532, ""subsample"": 0.7288831792277916}"
1,0,73,0,0.5572745,0.5619794507850413,0.05730469753707357,"{""colsample_bytree"": 0.41440681248721656, ""learning_rate"": 0.013990402406460137, ""max_depth"": 3, ""min_child_weight"": 2, ""reg_lambda"": 2.982827494122532, ""subsample"": 0.7288831792277916}"
1,0,84,0,0.7632223,0.8390909459462075,0.013575776948086048,"{""colsample_bytree"": 0.41440681248721656, ""learning_rate"": 0.013990402406460137, ""max_depth"": 3, ""min_child_weight"": 2, ""reg_lambda"": 2.982827494122532, ""subsample"": 0.7288831792277916}"
1,0,91,0,0.3010411,0.16736949898016867,0.06007992135328782,"{""colsample_bytree"": 0.41440681248721656, ""learning_rate"": 0.013990402406460137, ""max_depth"": 3, ""min_child_weight"": 2, ""reg_lambda"": 2.982827494122532, ""subsample"": 0.7288831792277916}"
1,0,94,1,0.8457508,0.8864740904432624,0.03681869277284972,"{""colsample_bytree"": 0.41440681248721656, ""learning_rate"": 0.013990402406460137, ""max_depth"": 3, ""min_child_weight"": 2, ""reg_lambda"": 2.982827494122532, ""subsample"": 0.7288831792277916}"
1,0,108,0,0.2712632,0.13874029585431602,0.03742942489690907,"{""colsample_bytree"": 0.41440681248721656, ""learning_rate"": 0.013990402406460137, ""max_depth"": 3, ""min_child_weight"": 2, ""reg_lambda"": 2.982827494122532, ""subsample"": 0.7288831792277916}"
1,0,122,0,0.65167874,0.6788928736133675,0.05502312015695028,"{""colsample_bytree"": 0.41440681248721656, ""learning_rate"": 0.013990402406460137, ""max_depth"": 3, ""min_child_weight"": 2, ""reg_lambda"": 2.982827494122532, ""subsample"": 0.7288831792277916}"
1,0,127,1,0.84729856,0.8957228766295813,0.02803054461243917,"{""colsample_bytree"": 0.41440681248721656, ""learning_rate"": 0.013990402406460137, ""max_depth"": 3, ""min_child_weight"": 2, ""reg_lambda"": 2.982827494122532, ""subsample"": 0.7288831792277916}"
1,0,130,0,0.3144961,0.23046129034474302,0.04637046489003789,"{""colsample_bytree"": 0.41440681248721656, ""learning_rate"": 0.013990402406460137, ""max_depth"": 3, ""min_child_weight"": 2, ""reg_lambda"": 2.982827494122532, ""subsample"": 0.7288831792277916}"
1,0,131,1,0.86837846,0.9115339023781294,0.015736264400882893,"{""colsample_bytree"": 0.41440681248721656, ""learning_rate"": 0.013990402406460137, ""max_depth"": 3, ""min_child_weight"": 2, ""reg_lambda"": 2.982827494122532, ""subsample"": 0.7288831792277916}"
1,0,132,1,0.8527687,0.8937274997459216,0.026514283562557143,"{""colsample_bytree"": 0.41440681248721656, ""learning_rate"": 0.013990402406460137, ""max_depth"": 3, ""min_child_weight"": 2, ""reg_lambda"": 2.982827494122532, ""subsample"": 0.7288831792277916}"
1,0,133,0,0.49286172,0.41733041710885654,0.06267443422724103,"{""colsample_bytree"": 0.41440681248721656, ""learning_rate"": 0.013990402406460137, ""max_depth"": 3, ""min_child_weight"": 2, ""reg_lambda"": 2.982827494122532, ""subsample"": 0.7288831792277916}"
1,0,138,1,0.7383009,0.7285416057539008,0.09289758344351956,"{""colsample_bytree"": 0.41440681248721656, ""learning_rate"": 0.013990402406460137, ""max_depth"": 3, ""min_child_weight"": 2, ""reg_lambda"": 2.982827494122532, ""subsample"": 0.7288831792277916}"
1,0,140,1,0.7960674,0.8549597849126792,0.03539271902054939,"{""colsample_bytree"": 0.41440681248721656, ""learning_rate"": 0.013990402406460137, ""max_depth"": 3, ""min_child_weight"": 2, ""reg_lambda"": 2.982827494122532, ""subsample"": 0.7288831792277916}"
1,0,142,1,0.36839172,0.2640803138141156,0.0630996708056906,"{""colsample_bytree"": 0.41440681248721656, ""learning_rate"": 0.013990402406460137, ""max_depth"": 3, ""min_child_weight"": 2, ""reg_lambda"": 2.982827494122532, ""subsample"": 0.7288831792277916}"
1,0,145,0,0.6558381,0.7239958353830243,0.03260967819342767,"{""colsample_bytree"": 0.41440681248721656, ""learning_rate"": 0.013990402406460137, ""max_depth"": 3, ""min_child_weight"": 2, ""reg_lambda"": 2.982827494122532, ""subsample"": 0.7288831792277916}"
1,0,146,1,0.8712524,0.9042996657485455,0.019351981923825465,"{""colsample_bytree"": 0.41440681248721656, ""learning_rate"": 0.013990402406460137, ""max_depth"": 3, ""min_child_weight"": 2, ""reg_lambda"": 2.982827494122532, ""subsample"": 0.7288831792277916}"
1,0,152,1,0.38628066,0.29313214790149367,0.09652921330769665,"{""colsample_bytree"": 0.41440681248721656, ""learning_rate"": 0.013990402406460137, ""max_depth"": 3, ""min_child_weight"": 2, ""reg_lambda"": 2.982827494122532, ""subsample"": 0.7288831792277916}"
1,0,162,1,0.79552114,0.8383910163590512,0.03366388779602033,"{""colsample_bytree"": 0.41440681248721656, ""learning_rate"": 0.013990402406460137, ""max_depth"": 3, ""min_child_weight"": 2, ""reg_lambda"": 2.982827494122532, ""subsample"": 0.7288831792277916}"
1,0,166,0,0.23376165,0.12928324865465773,0.05855132846228603,"{""colsample_bytree"": 0.41440681248721656, ""learning_rate"": 0.013990402406460137, ""max_depth"": 3, ""min_child_weight"": 2, ""reg_lambda"": 2.982827494122532, ""subsample"": 0.7288831792277916}"
1,0,171,1,0.63792413,0.6682405499418185,0.06805573435885494,"{""colsample_bytree"": 0.41440681248721656, ""learning_rate"": 0.013990402406460137, ""max_depth"": 3, ""min_child_weight"": 2, ""reg_lambda"": 2.982827494122532, ""subsample"": 0.7288831792277916}"
1,0,176,1,0.3011597,0.1991420069460989,0.03768761320472464,"{""colsample_bytree"": 0.41440681248721656, ""learning_rate"": 0.013990402406460137, ""max_depth"": 3, ""min_child_weight"": 2, ""reg_lambda"": 2.982827494122532, ""subsample"": 0.7288831792277916}"
1,0,179,0,0.25270697,0.13913823300304481,0.04694535396568542,"{""colsample_bytree"": 0.41440681248721656, ""learning_rate"": 0.013990402406460137, ""max_depth"": 3, ""min_child_weight"": 2, ""reg_lambda"": 2.982827494122532, ""subsample"": 0.7288831792277916}"
1,0,180,1,0.31883278,0.25784616625369583,0.045218410349378506,"{""colsample_bytree"": 0.41440681248721656, ""learning_rate"": 0.013990402406460137, ""max_depth"": 3, ""min_child_weight"": 2, ""reg_lambda"": 2.982827494122532, ""subsample"": 0.7288831792277916}"
1,0,194,0,0.22300427,0.13560249177183814,0.0429291698441724,"{""colsample_bytree"": 0.41440681248721656, ""learning_rate"": 0.013990402406460137, ""max_depth"": 3, ""min_child_weight"": 2, ""reg_lambda"": 2.982827494122532, ""subsample"": 0.7288831792277916}"
1,0,200,1,0.6771165,0.6958032837813368,0.07526424122385475,"{""colsample_bytree"": 0.41440681248721656, ""learning_rate"": 0.013990402406460137, ""max_depth"": 3, ""min_child_weight"": 2, ""reg_lambda"": 2.982827494122532, ""subsample"": 0.7288831792277916}"
1,0,202,1,0.8094941,0.8566006572535476,0.025066696891967444,"{""colsample_bytree"": 0.41440681248721656, ""learning_rate"": 0.013990402406460137, ""max_depth"": 3, ""min_child_weight"": 2, ""reg_lambda"": 2.982827494122532, ""subsample"": 0.7288831792277916}"
1,0,203,0,0.34153366,0.2178072696786201,0.0739808770941434,"{""colsample_bytree"": 0.41440681248721656, ""learning_rate"": 0.013990402406460137, ""max_depth"": 3, ""min_child_weight"": 2, ""reg_lambda"": 2.982827494122532, ""subsample"": 0.7288831792277916}"
1,0,212,0,0.18145521,0.09335826395683673,0.03824250757833402,"{""colsample_bytree"": 0.41440681248721656, ""learning_rate"": 0.013990402406460137, ""max_depth"": 3, ""min_child_weight"": 2, ""reg_lambda"": 2.982827494122532, ""subsample"": 0.7288831792277916}"
1,0,220,1,0.61657083,0.6775947074748243,0.08619661282977853,"{""colsample_bytree"": 0.41440681248721656, ""learning_rate"": 0.013990402406460137, ""max_depth"": 3, ""min_child_weight"": 2, ""reg_lambda"": 2.982827494122532, ""subsample"": 0.7288831792277916}"
1,0,224,1,0.829153,0.883256599624179,0.024578183900414424,"{""colsample_bytree"": 0.41440681248721656, ""learning_rate"": 0.013990402406460137, ""max_depth"": 3, ""min_child_weight"": 2, ""reg_lambda"": 2.982827494122532, ""subsample"": 0.7288831792277916}"
1,0,225,0,0.5234745,0.513354859075382,0.03110456867784262,"{""colsample_bytree"": 0.41440681248721656, ""learning_rate"": 0.013990402406460137, ""max_depth"": 3, ""min_child_weight"": 2, ""reg_lambda"": 2.982827494122532, ""subsample"": 0.7288831792277916}"
1,0,228,1,0.5704077,0.5588844934507539,0.11536527858521775,"{""colsample_bytree"": 0.41440681248721656, ""learning_rate"": 0.013990402406460137, ""max_depth"": 3, ""min_child_weight"": 2, ""reg_lambda"": 2.982827494122532, ""subsample"": 0.7288831792277916}"
1,0,230,1,0.842903,0.8968069221769343,0.025306710377565777,"{""colsample_bytree"": 0.41440681248721656, ""learning_rate"": 0.013990402406460137, ""max_depth"": 3, ""min_child_weight"": 2, ""reg_lambda"": 2.982827494122532, ""subsample"": 0.7288831792277916}"
1,0,232,1,0.7852702,0.8424301340728032,0.04359325381867406,"{""colsample_bytree"": 0.41440681248721656, ""learning_rate"": 0.013990402406460137, ""max_depth"": 3, ""min_child_weight"": 2, ""reg_lambda"": 2.982827494122532, ""subsample"": 0.7288831792277916}"
1,0,238,1,0.21029668,0.13502765895098887,0.04560928744919397,"{""colsample_bytree"": 0.41440681248721656, ""learning_rate"": 0.013990402406460137, ""max_depth"": 3, ""min_child_weight"": 2, ""reg_lambda"": 2.982827494122532, ""subsample"": 0.7288831792277916}"
1,0,240,1,0.8690431,0.9142959302467368,0.02179878817150369,"{""colsample_bytree"": 0.41440681248721656, ""learning_rate"": 0.013990402406460137, ""max_depth"": 3, ""min_child_weight"": 2, ""reg_lambda"": 2.982827494122532, ""subsample"": 0.7288831792277916}"
1,0,244,1,0.3397643,0.26265624070507093,0.09095386598201419,"{""colsample_bytree"": 0.41440681248721656, ""learning_rate"": 0.013990402406460137, ""max_depth"": 3, ""min_child_weight"": 2, ""reg_lambda"": 2.982827494122532, ""subsample"": 0.7288831792277916}"
1,0,245,1,0.5256118,0.5255577892361434,0.02893146198820701,"{""colsample_bytree"": 0.41440681248721656, ""learning_rate"": 0.013990402406460137, ""max_depth"": 3, ""min_child_weight"": 2, ""reg_lambda"": 2.982827494122532, ""subsample"": 0.7288831792277916}"
1,0,251,1,0.41946256,0.3353170705718465,0.03109652362724308,"{""colsample_bytree"": 0.41440681248721656, ""learning_rate"": 0.013990402406460137, ""max_depth"": 3, ""min_child_weight"": 2, ""reg_lambda"": 2.982827494122532, ""subsample"": 0.7288831792277916}"
1,0,270,0,0.14014246,0.08024790148717327,0.030840549623421743,"{""colsample_bytree"": 0.41440681248721656, ""learning_rate"": 0.013990402406460137, ""max_depth"": 3, ""min_child_weight"": 2, ""reg_lambda"": 2.982827494122532, ""subsample"": 0.7288831792277916}"
1,0,275,1,0.8091882,0.8378284817795946,0.056763177394989574,"{""colsample_bytree"": 0.41440681248721656, ""learning_rate"": 0.013990402406460137, ""max_depth"": 3, ""min_child_weight"": 2, ""reg_lambda"": 2.982827494122532, ""subsample"": 0.7288831792277916}"
1,0,281,1,0.40841225,0.40187589997079953,0.13919556488597923,"{""colsample_bytree"": 0.41440681248721656, ""learning_rate"": 0.013990402406460137, ""max_depth"": 3, ""min_child_weight"": 2, ""reg_lambda"": 2.982827494122532, ""subsample"": 0.7288831792277916}"
1,0,282,0,0.7334285,0.7969735044841066,0.0434804512158896,"{""colsample_bytree"": 0.41440681248721656, ""learning_rate"": 0.013990402406460137, ""max_depth"": 3, ""min_child_weight"": 2, ""reg_lambda"": 2.982827494122532, ""subsample"": 0.7288831792277916}"
1,0,284,0,0.5072934,0.5059029014684391,0.07991078288388137,"{""colsample_bytree"": 0.41440681248721656, ""learning_rate"": 0.013990402406460137, ""max_depth"": 3, ""min_child_weight"": 2, ""reg_lambda"": 2.982827494122532, ""subsample"": 0.7288831792277916}"
1,0,285,0,0.20848615,0.13425090311456814,0.04746318216667834,"{""colsample_bytree"": 0.41440681248721656, ""learning_rate"": 0.013990402406460137, ""max_depth"": 3, ""min_child_weight"": 2, ""reg_lambda"": 2.982827494122532, ""subsample"": 0.7288831792277916}"
1,0,286,0,0.34030786,0.2516119290209411,0.06568071845455732,"{""colsample_bytree"": 0.41440681248721656, ""learning_rate"": 0.013990402406460137, ""max_depth"": 3, ""min_child_weight"": 2, ""reg_lambda"": 2.982827494122532, ""subsample"": 0.7288831792277916}"
1,0,289,0,0.32064128,0.2208777396391614,0.0693323393796406,"{""colsample_bytree"": 0.41440681248721656, ""learning_rate"": 0.013990402406460137, ""max_depth"": 3, ""min_child_weight"": 2, ""reg_lambda"": 2.982827494122532, ""subsample"": 0.7288831792277916}"
1,0,292,0,0.4113383,0.35550811336533844,0.13257341057205482,"{""colsample_bytree"": 0.41440681248721656, ""learning_rate"": 0.013990402406460137, ""max_depth"": 3, ""min_child_weight"": 2, ""reg_lambda"": 2.982827494122532, ""subsample"": 0.7288831792277916}"
1,0,293,0,0.31626394,0.22204798293860462,0.051745798734524694,"{""colsample_bytree"": 0.41440681248721656, ""learning_rate"": 0.013990402406460137, ""max_depth"": 3, ""min_child_weight"": 2, ""reg_lambda"": 2.982827494122532, ""subsample"": 0.7288831792277916}"
1,1,5,1,0.69969255,0.7950008498891774,0.06754151686055948,"{""colsample_bytree"": 0.9506101246491987, ""learning_rate"": 0.0141109434667061, ""max_depth"": 3, ""min_child_weight"": 6, ""reg_lambda"": 5.441497025365741, ""subsample"": 0.734617441895}"
1,1,16,0,0.29996002,0.21550570356519,0.058528716791923,"{""colsample_bytree"": 0.9506101246491987, ""learning_rate"": 0.0141109434667061, ""max_depth"": 3, ""min_child_weight"": 6, ""reg_lambda"": 5.441497025365741, ""subsample"": 0.734617441895}"
1,1,18,1,0.6511654,0.7195229541527036,0.06955578820064694,"{""colsample_bytree"": 0.9506101246491987, ""learning_rate"": 0.0141109434667061, ""max_depth"": 3, ""min_child_weight"": 6, ""reg_lambda"": 5.441497025365741, ""subsample"": 0.734617441895}"
1,1,19,0,0.8163236,0.8699261786364673,0.05237990131452604,"{""colsample_bytree"": 0.9506101246491987, ""learning_rate"": 0.0141109434667061, ""max_depth"": 3, ""min_child_weight"": 6, ""reg_lambda"": 5.441497025365741, ""subsample"": 0.734617441895}"
1,1,29,0,0.8278253,0.8808253561150842,0.03943687652699513,"{""colsample_bytree"": 0.9506101246491987, ""learning_rate"": 0.0141109434667061, ""max_depth"": 3, ""min_child_weight"": 6, ""reg_lambda"": 5.441497025365741, ""subsample"": 0.734617441895}"
1,1,31,0,0.77458394,0.8228927654217998,0.08171284847459846,"{""colsample_bytree"": 0.9506101246491987, ""learning_rate"": 0.0141109434667061, ""max_depth"": 3, ""min_child_weight"": 6, ""reg_lambda"": 5.441497025365741, ""subsample"": 0.734617441895}"
1,1,44,0,0.5373431,0.5973631457150892,0.061405905417474,"{""colsample_bytree"": 0.9506101246491987, ""learning_rate"": 0.0141109434667061, ""max_depth"": 3, ""min_child_weight"": 6, ""reg_lambda"": 5.441497025365741, ""subsample"": 0.734617441895}"
1,1,45,1,0.86403954,0.897580280694297,0.0492909196303847,"{""colsample_bytree"": 0.9506101246491987, ""learning_rate"": 0.0141109434667061, ""max_depth"": 3, ""min_child_weight"": 6, ""reg_lambda"": 5.441497025365741, ""subsample"": 0.734617441895}"
1,1,51,1,0.7721457,0.8347645811814319,0.04677120205163056,"{""colsample_bytree"": 0.9506101246491987, ""learning_rate"": 0.0141109434667061, ""max_depth"": 3, ""min_child_weight"": 6, ""reg_lambda"": 5.441497025365741, ""subsample"": 0.734617441895}"
1,1,59,1,0.8782643,0.9099420999580812,0.043715309295989054,"{""colsample_bytree"": 0.9506101246491987, ""learning_rate"": 0.0141109434667061, ""max_depth"": 3, ""min_child_weight"": 6, ""reg_lambda"": 5.441497025365741, ""subsample"": 0.734617441895}"
1,1,65,0,0.62986314,0.7248953405738681,0.10623519169529676,"{""colsample_bytree"": 0.9506101246491987, ""learning_rate"": 0.0141109434667061, ""max_depth"": 3, ""min_child_weight"": 6, ""reg_lambda"": 5.441497025365741, ""subsample"": 0.734617441895}"
1,1,66,1,0.8560434,0.8890387807407414,0.06036399461944262,"{""colsample_bytree"": 0.9506101246491987, ""learning_rate"": 0.0141109434667061, ""max_depth"": 3, ""min_child_weight"": 6, ""reg_lambda"": 5.441497025365741, ""subsample"": 0.734617441895}"
1,1,72,1,0.7658232,0.8230030562107192,0.0361985401768309,"{""colsample_bytree"": 0.9506101246491987, ""learning_rate"": 0.0141109434667061, ""max_depth"": 3, ""min_child_weight"": 6, ""reg_lambda"": 5.441497025365741, ""subsample"": 0.734617441895}"
1,1,74,1,0.87287647,0.907375546942573,0.044396786593876345,"{""colsample_bytree"": 0.9506101246491987, ""learning_rate"": 0.0141109434667061, ""max_depth"": 3, ""min_child_weight"": 6, ""reg_lambda"": 5.441497025365741, ""subsample"": 0.734617441895}"
1,1,78,1,0.8327074,0.862413260149155,0.055554226723746346,"{""colsample_bytree"": 0.9506101246491987, ""learning_rate"": 0.0141109434667061, ""max_depth"": 3, ""min_child_weight"": 6, ""reg_lambda"": 5.441497025365741, ""subsample"": 0.734617441895}"
1,1,83,1,0.6302887,0.5826591573189278,0.09017962669637747,"{""colsample_bytree"": 0.9506101246491987, ""learning_rate"": 0.0141109434667061, ""max_depth"": 3, ""min_child_weight"": 6, ""reg_lambda"": 5.441497025365741, ""subsample"": 0.734617441895}"
1,1,90,0,0.5961962,0.6791300587151796,0.07617400816602474,"{""colsample_bytree"": 0.9506101246491987, ""learning_rate"": 0.0141109434667061, ""max_depth"": 3, ""min_child_weight"": 6, ""reg_lambda"": 5.441497025365741, ""subsample"": 0.734617441895}"
1,1,96,1,0.8363595,0.8844378781035138,0.050395587003670556,"{""colsample_bytree"": 0.9506101246491987, ""learning_rate"": 0.0141109434667061, ""max_depth"": 3, ""min_child_weight"": 6, ""reg_lambda"": 5.441497025365741, ""subsample"": 0.734617441895}"
1,1,98,1,0.8436401,0.8883078342076713,0.05245830638512328,"{""colsample_bytree"": 0.9506101246491987, ""learning_rate"": 0.0141109434667061, ""max_depth"": 3, ""min_child_weight"": 6, ""reg_lambda"": 5.441497025365741, ""subsample"": 0.734617441895}"
1,1,102,0,0.22315346,0.12004366700602875,0.04516655336630266,"{""colsample_bytree"": 0.9506101246491987, ""learning_rate"": 0.0141109434667061, ""max_depth"": 3, ""min_child_weight"": 6, ""reg_lambda"": 5.441497025365741, ""subsample"": 0.734617441895}"
1,1,106,1,0.6774115,0.7585497101256518,0.07732647920395935,"{""colsample_bytree"": 0.9506101246491987, ""learning_rate"": 0.0141109434667061, ""max_depth"": 3, ""min_child_weight"": 6, ""reg_lambda"": 5.441497025365741, ""subsample"": 0.734617441895}"
1,1,117,1,0.7154587,0.8164774835809714,0.041021793981458055,"{""colsample_bytree"": 0.9506101246491987, ""learning_rate"": 0.0141109434667061, ""max_depth"": 3, ""min_child_weight"": 6, ""reg_lambda"": 5.441497025365741, ""subsample"": 0.734617441895}"
1,1,124,1,0.5795616,0.5583336771444145,0.09434319073605002,"{""colsample_bytree"": 0.9506101246491987, ""learning_rate"": 0.0141109434667061, ""max_depth"": 3, ""min_child_weight"": 6, ""reg_lambda"": 5.441497025365741, ""subsample"": 0.734617441895}"
1,1,135,1,0.48641545,0.5547528658138303,0.05639669086978815,"{""colsample_bytree"": 0.9506101246491987, ""learning_rate"": 0.0141109434667061, ""max_depth"": 3, ""min_child_weight"": 6, ""reg_lambda"": 5.441497025365741, ""subsample"": 0.734617441895}"
1,1,136,0,0.2531462,0.19625054341397838,0.05124956354943517,"{""colsample_bytree"": 0.9506101246491987, ""learning_rate"": 0.0141109434667061, ""max_depth"": 3, ""min_child_weight"": 6, ""reg_lambda"": 5.441497025365741, ""subsample"": 0.734617441895}"
1,1,137,0,0.2641249,0.15026109259778866,0.038216196718081664,"{""colsample_bytree"": 0.9506101246491987, ""learning_rate"": 0.0141109434667061, ""max_depth"": 3, ""min_child_weight"": 6, ""reg_lambda"": 5.441497025365741, ""subsample"": 0.734617441895}"
1,1,139,1,0.82838845,0.884781289372703,0.04286115113226477,"{""colsample_bytree"": 0.9506101246491987, ""learning_rate"": 0.0141109434667061, ""max_depth"": 3, ""min_child_weight"": 6, ""reg_lambda"": 5.441497025365741, ""subsample"": 0.734617441895}"
1,1,141,1,0.8405087,0.8736344261487913,0.05173059265455135,"{""colsample_bytree"": 0.9506101246491987, ""learning_rate"": 0.0141109434667061, ""max_depth"": 3, ""min_child_weight"": 6, ""reg_lambda"": 5.441497025365741, ""subsample"": 0.734617441895}"
1,1,144,1,0.79388124,0.8599242225626822,0.06552164820239573,"{""colsample_bytree"": 0.9506101246491987, ""learning_rate"": 0.0141109434667061, ""max_depth"": 3, ""min_child_weight"": 6, ""reg_lambda"": 5.441497025365741, ""subsample"": 0.734617441895}"
1,1,149,1,0.705288,0.8017865351378998,0.10221749193579979,"{""colsample_bytree"": 0.9506101246491987, ""learning_rate"": 0.0141109434667061, ""max_depth"": 3, ""min_child_weight"": 6, ""reg_lambda"": 5.441497025365741, ""subsample"": 0.734617441895}"
1,1,155,1,0.8243477,0.8743391166121762,0.04925349924661287,"{""colsample_bytree"": 0.9506101246491987, ""learning_rate"": 0.0141109434667061, ""max_depth"": 3, ""min_child_weight"": 6, ""reg_lambda"": 5.441497025365741, ""subsample"": 0.734617441895}"
1,1,157,1,0.6412478,0.625423753852935,0.07746147606177636,"{""colsample_bytree"": 0.9506101246491987, ""learning_rate"": 0.0141109434667061, ""max_depth"": 3, ""min_child_weight"": 6, ""reg_lambda"": 5.441497025365741, ""subsample"": 0.734617441895}"
1,1,158,0,0.67195636,0.6373915735889971,0.08629268497749464,"{""colsample_bytree"": 0.9506101246491987, ""learning_rate"": 0.0141109434667061, ""max_depth"": 3, ""min_child_weight"": 6, ""reg_lambda"": 5.441497025365741, ""subsample"": 0.734617441895}"
1,1,161,1,0.8042773,0.8699140490493764,0.04170930338518062,"{""colsample_bytree"": 0.9506101246491987, ""learning_rate"": 0.0141109434667061, ""max_depth"": 3, ""min_child_weight"": 6, ""reg_lambda"": 5.441497025365741, ""subsample"": 0.734617441895}"
1,1,170,0,0.28145912,0.15954723764719542,0.034174030334403874,"{""colsample_bytree"": 0.9506101246491987, ""learning_rate"": 0.0141109434667061, ""max_depth"": 3, ""min_child_weight"": 6, ""reg_lambda"": 5.441497025365741, ""subsample"": 0.734617441895}"
1,1,174,1,0.857422,0.8969856589680985,0.04712136659739644,"{""colsample_bytree"": 0.9506101246491987, ""learning_rate"": 0.0141109434667061, ""max_depth"": 3, ""min_child_weight"": 6, ""reg_lambda"": 5.441497025365741, ""subsample"": 0.734617441895}"
1,1,178,1,0.6052089,0.6661199072478442,0.06529141099559818,"{""colsample_bytree"": 0.9506101246491987, ""learning_rate"": 0.0141109434667061, ""max_depth"": 3, ""min_child_weight"": 6, ""reg_lambda"": 5.441497025365741, ""subsample"": 0.734617441895}"
1,1,185,0,0.5559693,0.4794909753784583,0.1482907001106753,"{""colsample_bytree"": 0.9506101246491987, ""learning_rate"": 0.0141109434667061, ""max_depth"": 3, ""min_child_weight"": 6, ""reg_lambda"": 5.441497025365741, ""subsample"": 0.734617441895}"
1,1,189,1,0.6938178,0.7847443092849686,0.05867287111756343,"{""colsample_bytree"": 0.9506101246491987, ""learning_rate"": 0.0141109434667061, ""max_depth"": 3, ""min_child_weight"": 6, ""reg_lambda"": 5.441497025365741, ""subsample"": 0.734617441895}"
1,1,191,1,0.8731747,0.901809013696482,0.05107499672869148,"{""colsample_bytree"": 0.9506101246491987, ""learning_rate"": 0.0141109434667061, ""max_depth"": 3, ""min_child_weight"": 6, ""reg_lambda"": 5.441497025365741, ""subsample"": 0.734617441895}"
1,1,195,0,0.76318836,0.8300904503250036,0.04706884757886021,"{""colsample_bytree"": 0.9506101246491987, ""learning_rate"": 0.0141109434667061, ""max_depth"": 3, ""min_child_weight"": 6, ""reg_lambda"": 5.441497025365741, ""subsample"": 0.734617441895}"
1,1,207,1,0.78093594,0.8010203589690816,0.0690361215441268,"{""colsample_bytree"": 0.9506101246491987, ""learning_rate"": 0.0141109434667061, ""max_depth"": 3, ""min_child_weight"": 6, ""reg_lambda"": 5.441497025365741, ""subsample"": 0.734617441895}"
1,1,210,0,0.20608653,0.1211821884613981,0.0348124648290179,"{""colsample_bytree"": 0.9506101246491987, ""learning_rate"": 0.0141109434667061, ""max_depth"": 3, ""min_child_weight"": 6, ""reg_lambda"": 5.441497025365741, ""subsample"": 0.734617441895}"
1,1,217,0,0.33869296,0.23426909385172037,0.07979708951782383,"{""colsample_bytree"": 0.9506101246491987, ""learning_rate"": 0.0141109434667061, ""max_depth"": 3, ""min_child_weight"": 6, ""reg_lambda"": 5.441497025365741, ""subsample"": 0.734617441895}"
1,1,221,1,0.38071963,0.29436374844343427,0.07246411546971948,"{""colsample_bytree"": 0.9506101246491987, ""learning_rate"": 0.0141109434667061, ""max_depth"": 3, ""min_child_weight"": 6, ""reg_lambda"": 5.441497025365741, ""subsample"": 0.734617441895}"
1,1,227,1,0.6759865,0.7511457167136261,0.0952955518944314,"{""colsample_bytree"": 0.9506101246491987, ""learning_rate"": 0.0141109434667061, ""max_depth"": 3, ""min_child_weight"": 6, ""reg_lambda"": 5.441497025365741, ""subsample"": 0.734617441895}"
1,1,229,1,0.7863859,0.8429240224617924,0.06869881261315793,"{""colsample_bytree"": 0.9506101246491987, ""learning_rate"": 0.0141109434667061, ""max_depth"": 3, ""min_child_weight"": 6, ""reg_lambda"": 5.441497025365741, ""subsample"": 0.734617441895}"
1,1,231,0,0.84249425,0.8855467317415714,0.06014135868831575,"{""colsample_bytree"": 0.9506101246491987, ""learning_rate"": 0.0141109434667061, ""max_depth"": 3, ""min_child_weight"": 6, ""reg_lambda"": 5.441497025365741, ""subsample"": 0.734617441895}"
1,1,233,0,0.40583304,0.3473455837130592,0.07306192061040767,"{""colsample_bytree"": 0.9506101246491987, ""learning_rate"": 0.0141109434667061, ""max_depth"": 3, ""min_child_weight"": 6, ""reg_lambda"": 5.441497025365741, ""subsample"": 0.734617441895}"
1,1,236,1,0.6479581,0.6548101418259218,0.10394432633362705,"{""colsample_bytree"": 0.9506101246491987, ""learning_rate"": 0.0141109434667061, ""max_depth"": 3, ""min_child_weight"": 6, ""reg_lambda"": 5.441497025365741, ""subsample"": 0.734617441895}"
1,1,246,1,0.8171571,0.8765308482981871,0.04335924253451712,"{""colsample_bytree"": 0.9506101246491987, ""learning_rate"": 0.0141109434667061, ""max_depth"": 3, ""min_child_weight"": 6, ""reg_lambda"": 5.441497025365741, ""subsample"": 0.734617441895}"
1,1,247,0,0.19790709,0.12894274463402028,0.03943081664245273,"{""colsample_bytree"": 0.9506101246491987, ""learning_rate"": 0.0141109434667061, ""max_depth"": 3, ""min_child_weight"": 6, ""reg_lambda"": 5.441497025365741, ""subsample"": 0.734617441895}"
1,1,249,1,0.7785256,0.8431620228189743,0.058870435853627084,"{""colsample_bytree"": 0.9506101246491987, ""learning_rate"": 0.0141109434667061, ""max_depth"": 3, ""min_child_weight"": 6, ""reg_lambda"": 5.441497025365741, ""subsample"": 0.734617441895}"
1,1,258,0,0.23484944,0.13794545483991966,0.042536551142240094,"{""colsample_bytree"": 0.9506101246491987, ""learning_rate"": 0.0141109434667061, ""max_depth"": 3, ""min_child_weight"": 6, ""reg_lambda"": 5.441497025365741, ""subsample"": 0.734617441895}"
1,1,265,0,0.7210606,0.7888719999252044,0.0927580176795929,"{""colsample_bytree"": 0.9506101246491987, ""learning_rate"": 0.0141109434667061, ""max_depth"": 3, ""min_child_weight"": 6, ""reg_lambda"": 5.441497025365741, ""subsample"": 0.734617441895}"
1,1,266,0,0.72396547,0.8060888595805586,0.05235239845765038,"{""colsample_bytree"": 0.9506101246491987, ""learning_rate"": 0.0141109434667061, ""max_depth"": 3, ""min_child_weight"": 6, ""reg_lambda"": 5.441497025365741, ""subsample"": 0.734617441895}"
1,1,268,0,0.5617471,0.532062428937393,0.10966690379369891,"{""colsample_bytree"": 0.9506101246491987, ""learning_rate"": 0.0141109434667061, ""max_depth"": 3, ""min_child_weight"": 6, ""reg_lambda"": 5.441497025365741, ""subsample"": 0.734617441895}"
1,1,274,1,0.8817094,0.9125148036470238,0.044967318455437076,"{""colsample_bytree"": 0.9506101246491987, ""learning_rate"": 0.0141109434667061, ""max_depth"": 3, ""min_child_weight"": 6, ""reg_lambda"": 5.441497025365741, ""subsample"": 0.734617441895}"
1,1,279,0,0.68813974,0.7744996949423985,0.08934146414495078,"{""colsample_bytree"": 0.9506101246491987, ""learning_rate"": 0.0141109434667061, ""max_depth"": 3, ""min_child_weight"": 6, ""reg_lambda"": 5.441497025365741, ""subsample"": 0.734617441895}"
1,1,294,1,0.55679864,0.6093356285270884,0.07035060095800076,"{""colsample_bytree"": 0.9506101246491987, ""learning_rate"": 0.0141109434667061, ""max_depth"": 3, ""min_child_weight"": 6, ""reg_lambda"": 5.441497025365741, ""subsample"": 0.734617441895}"
1,1,297,0,0.50831133,0.386531857399614,0.1014222183410314,"{""colsample_bytree"": 0.9506101246491987, ""learning_rate"": 0.0141109434667061, ""max_depth"": 3, ""min_child_weight"": 6, ""reg_lambda"": 5.441497025365741, ""subsample"": 0.734617441895}"
1,2,0,1,0.29997772,0.2349565116508651,0.11702129209111353,"{""colsample_bytree"": 0.5805786735135487, ""learning_rate"": 0.02317076023238094, ""max_depth"": 4, ""min_child_weight"": 5, ""reg_lambda"": 11.261759685837932, ""subsample"": 0.8733107039899948}"
1,2,6,1,0.762387,0.8140482014813208,0.09421833582736101,"{""colsample_bytree"": 0.5805786735135487, ""learning_rate"": 0.02317076023238094, ""max_depth"": 4, ""min_child_weight"": 5, ""reg_lambda"": 11.261759685837932, ""subsample"": 0.8733107039899948}"
1,2,12,1,0.78266746,0.8147861218383893,0.0838972445599358,"{""colsample_bytree"": 0.5805786735135487, ""learning_rate"": 0.02317076023238094, ""max_depth"": 4, ""min_child_weight"": 5, ""reg_lambda"": 11.261759685837932, ""subsample"": 0.8733107039899948}"
1,2,23,1,0.8602782,0.8538675943917408,0.07313354337929485,"{""colsample_bytree"": 0.5805786735135487, ""learning_rate"": 0.02317076023238094, ""max_depth"": 4, ""min_child_weight"": 5, ""reg_lambda"": 11.261759685837932, ""subsample"": 0.8733107039899948}"
1,2,24,1,0.6372684,0.6646643990501759,0.09342719865581384,"{""colsample_bytree"": 0.5805786735135487, ""learning_rate"": 0.02317076023238094, ""max_depth"": 4, ""min_child_weight"": 5, ""reg_lambda"": 11.261759685837932, ""subsample"": 0.8733107039899948}"
1,2,28,1,0.85580856,0.8557346791233504,0.07240728985324432,"{""colsample_bytree"": 0.5805786735135487, ""learning_rate"": 0.02317076023238094, ""max_depth"": 4, ""min_child_weight"": 5, ""reg_lambda"": 11.261759685837932, ""subsample"": 0.8733107039899948}"
1,2,30,1,0.76413834,0.7929563837452085,0.09173849299722599,"{""colsample_bytree"": 0.5805786735135487, ""learning_rate"": 0.02317076023238094, ""max_depth"": 4, ""min_child_weight"": 5, ""reg_lambda"": 11.261759685837932, ""subsample"": 0.8733107039899948}"
1,2,33,1,0.66228026,0.7141836337775082,0.08576331491329996,"{""colsample_bytree"": 0.5805786735135487, ""learning_rate"": 0.02317076023238094, ""max_depth"": 4, ""min_child_weight"": 5, ""reg_lambda"": 11.261759685837932, ""subsample"": 0.8733107039899948}"
1,2,34,1,0.5614389,0.5445376512613747,0.08238875906253652,"{""colsample_bytree"": 0.5805786735135487, ""learning_rate"": 0.02317076023238094, ""max_depth"": 4, ""min_child_weight"": 5, ""reg_lambda"": 11.261759685837932, ""subsample"": 0.8733107039899948}"
1,2,35,0,0.17138197,0.1464910358581231,0.09761711798877196,"{""colsample_bytree"": 0.5805786735135487, ""learning_rate"": 0.02317076023238094, ""max_depth"": 4, ""min_child_weight"": 5, ""reg_lambda"": 11.261759685837932, ""subsample"": 0.8733107039899948}"
1,2,39,1,0.81345713,0.8343301699272594,0.0724931848523275,"{""colsample_bytree"": 0.5805786735135487, ""learning_rate"": 0.02317076023238094, ""max_depth"": 4, ""min_child_weight"": 5, ""reg_lambda"": 11.261759685837932, ""subsample"": 0.8733107039899948}"
1,2,40,1,0.69025546,0.749064044638657,0.07420630565251594,"{""colsample_bytree"": 0.5805786735135487, ""learning_rate"": 0.02317076023238094, ""max_depth"": 4, ""min_child_weight"": 5, ""reg_lambda"": 11.261759685837932, ""subsample"": 0.8733107039899948}"
1,2,43,1,0.43316752,0.45381698368878415,0.10395832654146693,"{""colsample_bytree"": 0.5805786735135487, ""learning_rate"": 0.02317076023238094, ""max_depth"": 4, ""min_child_weight"": 5, ""reg_lambda"": 11.261759685837932, ""subsample"": 0.8733107039899948}"
1,2,46,1,0.554548,0.5791641928553226,0.0823648273746377,"{""colsample_bytree"": 0.5805786735135487, ""learning_rate"": 0.02317076023238094, ""max_depth"": 4, ""min_child_weight"": 5, ""reg_lambda"": 11.261759685837932, ""subsample"": 0.8733107039899948}"
1,2,50,0,0.4853076,0.4619284376988785,0.07176710125546516,"{""colsample_bytree"": 0.5805786735135487, ""learning_rate"": 0.02317076023238094, ""max_depth"": 4, ""min_child_weight"": 5, ""reg_lambda"": 11.261759685837932, ""subsample"": 0.8733107039899948}"
1,2,52,1,0.9013885,0.8899546659242052,0.06480932580514778,"{""colsample_bytree"": 0.5805786735135487, ""learning_rate"": 0.02317076023238094, ""max_depth"": 4, ""min_child_weight"": 5, ""reg_lambda"": 11.261759685837932, ""subsample"": 0.8733107039899948}"
1,2,53,0,0.37151533,0.30770925839422986,0.1012855334237218,"{""colsample_bytree"": 0.5805786735135487, ""learning_rate"": 0.02317076023238094, ""max_depth"": 4, ""min_child_weight"": 5, ""reg_lambda"": 11.261759685837932, ""subsample"": 0.8733107039899948}"
1,2,54,0,0.3562584,0.2973513583717417,0.08418905799560952,"{""colsample_bytree"": 0.5805786735135487, ""learning_rate"": 0.02317076023238094, ""max_depth"": 4, ""min_child_weight"": 5, ""reg_lambda"": 11.261759685837932, ""subsample"": 0.8733107039899948}"
1,2,57,1,0.83681893,0.8536123378301974,0.06799416107498264,"{""colsample_bytree"": 0.5805786735135487, ""learning_rate"": 0.02317076023238094, ""max_depth"": 4, ""min_child_weight"": 5, ""reg_lambda"": 11.261759685837932, ""subsample"": 0.8733107039899948}"
1,2,64,0,0.28442675,0.20588113579531125,0.10431962267622198,"{""colsample_bytree"": 0.5805786735135487, ""learning_rate"": 0.02317076023238094, ""max_depth"": 4, ""min_child_weight"": 5, ""reg_lambda"": 11.261759685837932, ""subsample"": 0.8733107039899948}"
1,2,68,0,0.2378796,0.17030240813120617,0.10152809807932825,"{""colsample_bytree"": 0.5805786735135487, ""learning_rate"": 0.02317076023238094, ""max_depth"": 4, ""min_child_weight"": 5, ""reg_lambda"": 11.261759685837932, ""subsample"": 0.8733107039899948}"
1,2,77,0,0.5907191,0.627016642248279,0.10900247554056153,"{""colsample_bytree"": 0.5805786735135487, ""learning_rate"": 0.02317076023238094, ""max_depth"": 4, ""min_child_weight"": 5, ""reg_lambda"": 11.261759685837932, ""subsample"": 0.8733107039899948}"
1,2,86,1,0.64586097,0.6866022546655934,0.06145439545194558,"{""colsample_bytree"": 0.5805786735135487, ""learning_rate"": 0.02317076023238094, ""max_depth"": 4, ""min_child_weight"": 5, ""reg_lambda"": 11.261759685837932, ""subsample"": 0.8733107039899948}"
1,2,93,1,0.7702563,0.8167937689206279,0.07374872391014496,"{""colsample_bytree"": 0.5805786735135487, ""learning_rate"": 0.02317076023238094, ""max_depth"": 4, ""min_child_weight"": 5, ""reg_lambda"": 11.261759685837932, ""subsample"": 0.8733107039899948}"
1,2,95,1,0.8537547,0.8558312980836813,0.07877463620014037,"{""colsample_bytree"": 0.5805786735135487, ""learning_rate"": 0.02317076023238094, ""max_depth"": 4, ""min_child_weight"": 5, ""reg_lambda"": 11.261759685837932, ""subsample"": 0.8733107039899948}"
1,2,97,1,0.7393595,0.7602816734228413,0.08337206844117061,"{""colsample_bytree"": 0.5805786735135487, ""learning_rate"": 0.02317076023238094, ""max_depth"": 4, ""min_child_weight"": 5, ""reg_lambda"": 11.261759685837932, ""subsample"": 0.8733107039899948}"
1,2,99,1,0.63454396,0.7059637811066231,0.07480367266516018,"{""colsample_bytree"": 0.5805786735135487, ""learning_rate"": 0.02317076023238094, ""max_depth"": 4, ""min_child_weight"": 5, ""reg_lambda"": 11.261759685837932, ""subsample"": 0.8733107039899948}"
1,2,100,1,0.7243389,0.7755574787280388,0.08305098709463486,"{""colsample_bytree"": 0.5805786735135487, ""learning_rate"": 0.02317076023238094, ""max_depth"": 4, ""min_child_weight"": 5, ""reg_lambda"": 11.261759685837932, ""subsample"": 0.8733107039899948}"
1,2,103,1,0.87070066,0.8674029362317539,0.0654274624621156,"{""colsample_bytree"": 0.5805786735135487, ""learning_rate"": 0.02317076023238094, ""max_depth"": 4, ""min_child_weight"": 5, ""reg_lambda"": 11.261759685837932, ""subsample"": 0.8733107039899948}"
1,2,104,0,0.6206668,0.6277286822522875,0.1257325157701098,"{""colsample_bytree"": 0.5805786735135487, ""learning_rate"": 0.02317076023238094, ""max_depth"": 4, ""min_child_weight"": 5, ""reg_lambda"": 11.261759685837932, ""subsample"": 0.8733107039899948}"
1,2,105,1,0.63804275,0.6673392614271629,0.09329534752742276,"{""colsample_bytree"": 0.5805786735135487, ""learning_rate"": 0.02317076023238094, ""max_depth"": 4, ""min_child_weight"": 5, ""reg_lambda"": 11.261759685837932, ""subsample"": 0.8733107039899948}"
1,2,111,1,0.71983975,0.7793764941367154,0.08185802452958908,"{""colsample_bytree"": 0.5805786735135487, ""learning_rate"": 0.02317076023238094, ""max_depth"": 4, ""min_child_weight"": 5, ""reg_lambda"": 11.261759685837932, ""subsample"": 0.8733107039899948}"
1,2,112,0,0.73862535,0.7410221480562627,0.08179067671651351,"{""colsample_bytree"": 0.5805786735135487, ""learning_rate"": 0.02317076023238094, ""max_depth"": 4, ""min_child_weight"": 5, ""reg_lambda"": 11.261759685837932, ""subsample"": 0.8733107039899948}"
1,2,114,1,0.8925077,0.8838312025550559,0.06108520641528569,"{""colsample_bytree"": 0.5805786735135487, ""learning_rate"": 0.02317076023238094, ""max_depth"": 4, ""min_child_weight"": 5, ""reg_lambda"": 11.261759685837932, ""subsample"": 0.8733107039899948}"
1,2,118,1,0.7036383,0.7810435678184694,0.07953832496724195,"{""colsample_bytree"": 0.5805786735135487, ""learning_rate"": 0.02317076023238094, ""max_depth"": 4, ""min_child_weight"": 5, ""reg_lambda"": 11.261759685837932, ""subsample"": 0.8733107039899948}"
1,2,121,0,0.6235163,0.639984113214821,0.11460231012063082,"{""colsample_bytree"": 0.5805786735135487, ""learning_rate"": 0.02317076023238094, ""max_depth"": 4, ""min_child_weight"": 5, ""reg_lambda"": 11.261759685837932, ""subsample"": 0.8733107039899948}"
1,2,128,1,0.6819565,0.6568695434643588,0.04454606955087881,"{""colsample_bytree"": 0.5805786735135487, ""learning_rate"": 0.02317076023238094, ""max_depth"": 4, ""min_child_weight"": 5, ""reg_lambda"": 11.261759685837932, ""subsample"": 0.8733107039899948}"
1,2,150,0,0.4405675,0.41027897568436444,0.13133558540911777,"{""colsample_bytree"": 0.5805786735135487, ""learning_rate"": 0.02317076023238094, ""max_depth"": 4, ""min_child_weight"": 5, ""reg_lambda"": 11.261759685837932, ""subsample"": 0.8733107039899948}"
1,2,153,0,0.5054098,0.4309599904784158,0.055095932309245414,"{""colsample_bytree"": 0.5805786735135487, ""learning_rate"": 0.02317076023238094, ""max_depth"": 4, ""min_child_weight"": 5, ""reg_lambda"": 11.261759685837932, ""subsample"": 0.8733107039899948}"
1,2,167,1,0.72215116,0.7628649835825136,0.05209366538644119,"{""colsample_bytree"": 0.5805786735135487, ""learning_rate"": 0.02317076023238094, ""max_depth"": 4, ""min_child_weight"": 5, ""reg_lambda"": 11.261759685837932, ""subsample"": 0.8733107039899948}"
1,2,168,0,0.20982696,0.16576031860481633,0.09348930172246304,"{""colsample_bytree"": 0.5805786735135487, ""learning_rate"": 0.02317076023238094, ""max_depth"": 4, ""min_child_weight"": 5, ""reg_lambda"": 11.261759685837932, ""subsample"": 0.8733107039899948}"
1,2,175,0,0.44428545,0.39344377071057063,0.07070668926742629,"{""colsample_bytree"": 0.5805786735135487, ""learning_rate"": 0.02317076023238094, ""max_depth"": 4, ""min_child_weight"": 5, ""reg_lambda"": 11.261759685837932, ""subsample"": 0.8733107039899948}"
1,2,177,1,0.82738245,0.8450027539514096,0.06709687198868076,"{""colsample_bytree"": 0.5805786735135487, ""learning_rate"": 0.02317076023238094, ""max_depth"": 4, ""min_child_weight"": 5, ""reg_lambda"": 11.261759685837932, ""subsample"": 0.8733107039899948}"
1,2,183,0,0.532086,0.5997044049751368,0.07875601207153507,"{""colsample_bytree"": 0.5805786735135487, ""learning_rate"": 0.02317076023238094, ""max_depth"": 4, ""min_child_weight"": 5, ""reg_lambda"": 11.261759685837932, ""subsample"": 0.8733107039899948}"
1,2,186,0,0.5135645,0.5170874247086991,0.0713096558308815,"{""colsample_bytree"": 0.5805786735135487, ""learning_rate"": 0.02317076023238094, ""max_depth"": 4, ""min_child_weight"": 5, ""reg_lambda"": 11.261759685837932, ""subsample"": 0.8733107039899948}"
1,2,187,1,0.78708297,0.8122710034132916,0.0877231506588782,"{""colsample_bytree"": 0.5805786735135487, ""learning_rate"": 0.02317076023238094, ""max_depth"": 4, ""min_child_weight"": 5, ""reg_lambda"": 11.261759685837932, ""subsample"": 0.8733107039899948}"
1,2,193,0,0.5546851,0.5371007506939727,0.05227619748919736,"{""colsample_bytree"": 0.5805786735135487, ""learning_rate"": 0.02317076023238094, ""max_depth"": 4, ""min_child_weight"": 5, ""reg_lambda"": 11.261759685837932, ""subsample"": 0.8733107039899948}"
1,2,198,1,0.7938481,0.8156423220529774,0.0648912034231934,"{""colsample_bytree"": 0.5805786735135487, ""learning_rate"": 0.02317076023238094, ""max_depth"": 4, ""min_child_weight"": 5, ""reg_lambda"": 11.261759685837932, ""subsample"": 0.8733107039899948}"
1,2,201,0,0.3301523,0.24483005334155844,0.07750648733423987,"{""colsample_bytree"": 0.5805786735135487, ""learning_rate"": 0.02317076023238094, ""max_depth"": 4, ""min_child_weight"": 5, ""reg_lambda"": 11.261759685837932, ""subsample"": 0.8733107039899948}"
1,2,211,1,0.67296755,0.7250101402764355,0.08133748059044565,"{""colsample_bytree"": 0.5805786735135487, ""learning_rate"": 0.02317076023238094, ""max_depth"": 4, ""min_child_weight"": 5, ""reg_lambda"": 11.261759685837932, ""subsample"": 0.8733107039899948}"
1,2,219,1,0.19855693,0.15031217828490392,0.08477865729633634,"{""colsample_bytree"": 0.5805786735135487, ""learning_rate"": 0.02317076023238094, ""max_depth"": 4, ""min_child_weight"": 5, ""reg_lambda"": 11.261759685837932, ""subsample"": 0.8733107039899948}"
1,2,223,1,0.40163216,0.3722479183850643,0.0779905260120688,"{""colsample_bytree"": 0.5805786735135487, ""learning_rate"": 0.02317076023238094, ""max_depth"": 4, ""min_child_weight"": 5, ""reg_lambda"": 11.261759685837932, ""subsample"": 0.8733107039899948}"
1,2,239,1,0.7930441,0.8171045478958368,0.06785905426142816,"{""colsample_bytree"": 0.5805786735135487, ""learning_rate"": 0.02317076023238094, ""max_depth"": 4, ""min_child_weight"": 5, ""reg_lambda"": 11.261759685837932, ""subsample"": 0.8733107039899948}"
1,2,243,0,0.80997986,0.8189928224161644,0.08006747810563403,"{""colsample_bytree"": 0.5805786735135487, ""learning_rate"": 0.02317076023238094, ""max_depth"": 4, ""min_child_weight"": 5, ""reg_lambda"": 11.261759685837932, ""subsample"": 0.8733107039899948}"
1,2,255,0,0.20655645,0.17176092004315682,0.102825717659766,"{""colsample_bytree"": 0.5805786735135487, ""learning_rate"": 0.02317076023238094, ""max_depth"": 4, ""min_child_weight"": 5, ""reg_lambda"": 11.261759685837932, ""subsample"": 0.8733107039899948}"
1,2,256,0,0.23642844,0.1834687592501196,0.07807277685955882,"{""colsample_bytree"": 0.5805786735135487, ""learning_rate"": 0.02317076023238094, ""max_depth"": 4, ""min_child_weight"": 5, ""reg_lambda"": 11.261759685837932, ""subsample"": 0.8733107039899948}"
1,2,261,0,0.15367977,0.12919491339714909,0.09191110141403443,"{""colsample_bytree"": 0.5805786735135487, ""learning_rate"": 0.02317076023238094, ""max_depth"": 4, ""min_child_weight"": 5, ""reg_lambda"": 11.261759685837932, ""subsample"": 0.8733107039899948}"
1,2,263,0,0.16795814,0.13685667209876473,0.09118809653028537,"{""colsample_bytree"": 0.5805786735135487, ""learning_rate"": 0.02317076023238094, ""max_depth"": 4, ""min_child_weight"": 5, ""reg_lambda"": 11.261759685837932, ""subsample"": 0.8733107039899948}"
1,2,291,0,0.36057922,0.28626126714566646,0.0751243792865627,"{""colsample_bytree"": 0.5805786735135487, ""learning_rate"": 0.02317076023238094, ""max_depth"": 4, ""min_child_weight"": 5, ""reg_lambda"": 11.261759685837932, ""subsample"": 0.8733107039899948}"
1,2,296,0,0.29056048,0.2383808356498379,0.08865388890086501,"{""colsample_bytree"": 0.5805786735135487, ""learning_rate"": 0.02317076023238094, ""max_depth"": 4, ""min_child_weight"": 5, ""reg_lambda"": 11.261759685837932, ""subsample"": 0.8733107039899948}"
1,2,300,0,0.20970358,0.14461130084916687,0.09578792198492855,"{""colsample_bytree"": 0.5805786735135487, ""learning_rate"": 0.02317076023238094, ""max_depth"": 4, ""min_child_weight"": 5, ""reg_lambda"": 11.261759685837932, ""subsample"": 0.8733107039899948}"
1,3,1,1,0.86571735,0.9319002906881743,0.0506266697123022,"{""colsample_bytree"": 0.6529274840213376, ""learning_rate"": 0.010186742915067248, ""max_depth"": 2, ""min_child_weight"": 7, ""reg_lambda"": 2.265162768686484, ""subsample"": 0.7531972385094056}"
1,3,2,1,0.82125163,0.9089401696403498,0.05414579134553522,"{""colsample_bytree"": 0.6529274840213376, ""learning_rate"": 0.010186742915067248, ""max_depth"": 2, ""min_child_weight"": 7, ""reg_lambda"": 2.265162768686484, ""subsample"": 0.7531972385094056}"
1,3,9,0,0.8001185,0.8976645290676437,0.05163326125168594,"{""colsample_bytree"": 0.6529274840213376, ""learning_rate"": 0.010186742915067248, ""max_depth"": 2, ""min_child_weight"": 7, ""reg_lambda"": 2.265162768686484, ""subsample"": 0.7531972385094056}"
1,3,10,1,0.651257,0.7180419938717447,0.05115274276850261,"{""colsample_bytree"": 0.6529274840213376, ""learning_rate"": 0.010186742915067248, ""max_depth"": 2, ""min_child_weight"": 7, ""reg_lambda"": 2.265162768686484, ""subsample"": 0.7531972385094056}"
1,3,20,0,0.32422274,0.16031867325728738,0.06791168442867804,"{""colsample_bytree"": 0.6529274840213376, ""learning_rate"": 0.010186742915067248, ""max_depth"": 2, ""min_child_weight"": 7, ""reg_lambda"": 2.265162768686484, ""subsample"": 0.7531972385094056}"
1,3,22,1,0.7411119,0.8630277551231739,0.05697966245513856,"{""colsample_bytree"": 0.6529274840213376, ""learning_rate"": 0.010186742915067248, ""max_depth"": 2, ""min_child_weight"": 7, ""reg_lambda"": 2.265162768686484, ""subsample"": 0.7531972385094056}"
1,3,26,0,0.4580918,0.37366798635825343,0.08178764155528294,"{""colsample_bytree"": 0.6529274840213376, ""learning_rate"": 0.010186742915067248, ""max_depth"": 2, ""min_child_weight"": 7, ""reg_lambda"": 2.265162768686484, ""subsample"": 0.7531972385094056}"
1,3,27,0,0.3702124,0.22291047223853572,0.10129010992991874,"{""colsample_bytree"": 0.6529274840213376, ""learning_rate"": 0.010186742915067248, ""max_depth"": 2, ""min_child_weight"": 7, ""reg_lambda"": 2.265162768686484, ""subsample"": 0.7531972385094056}"
1,3,41,0,0.34746712,0.19169944346182236,0.07433321595928943,"{""colsample_bytree"": 0.6529274840213376, ""learning_rate"": 0.010186742915067248, ""max_depth"": 2, ""min_child_weight"": 7, ""reg_lambda"": 2.265162768686484, ""subsample"": 0.7531972385094056}"
1,3,47,1,0.80134547,0.9007004712410112,0.057448821678692114,"{""colsample_bytree"": 0.6529274840213376, ""learning_rate"": 0.010186742915067248, ""max_depth"": 2, ""min_child_weight"": 7, ""reg_lambda"": 2.265162768686484, ""subsample"": 0.7531972385094056}"
1,3,49,0,0.5283573,0.5430329956202362,0.054946412049430925,"{""colsample_bytree"": 0.6529274840213376, ""learning_rate"": 0.010186742915067248, ""max_depth"": 2, ""min_child_weight"": 7, ""reg_lambda"": 2.265162768686484, ""subsample"": 0.7531972385094056}"
1,3,58,1,0.35007367,0.19255901525920815,0.09088760206140388,"{""colsample_bytree"": 0.6529274840213376, ""learning_rate"": 0.010186742915067248, ""max_depth"": 2, ""min_child_weight"": 7, ""reg_lambda"": 2.265162768686484, ""subsample"": 0.7531972385094056}"
1,3,61,1,0.4952521,0.47288744835557894,0.09116236322296907,"{""colsample_bytree"": 0.6529274840213376, ""learning_rate"": 0.010186742915067248, ""max_depth"": 2, ""min_child_weight"": 7, ""reg_lambda"": 2.265162768686484, ""subsample"": 0.7531972385094056}"
1,3,62,1,0.24024545,0.11587791245188853,0.06252230669905862,"{""colsample_bytree"": 0.6529274840213376, ""learning_rate"": 0.010186742915067248, ""max_depth"": 2, ""min_child_weight"": 7, ""reg_lambda"": 2.265162768686484, ""subsample"": 0.7531972385094056}"
1,3,69,1,0.582386,0.6064959901359518,0.032386124208355155,"{""colsample_bytree"": 0.6529274840213376, ""learning_rate"": 0.010186742915067248, ""max_depth"": 2, ""min_child_weight"": 7, ""reg_lambda"": 2.265162768686484, ""subsample"": 0.7531972385094056}"
1,3,75,1,0.4474106,0.33221051398667856,0.08905827600334852,"{""colsample_bytree"": 0.6529274840213376, ""learning_rate"": 0.010186742915067248, ""max_depth"": 2, ""min_child_weight"": 7, ""reg_lambda"": 2.265162768686484, ""subsample"": 0.7531972385094056}"
1,3,81,1,0.8417601,0.9170446611680232,0.04659071851231141,"{""colsample_bytree"": 0.6529274840213376, ""learning_rate"": 0.010186742915067248, ""max_depth"": 2, ""min_child_weight"": 7, ""reg_lambda"": 2.265162768686484, ""subsample"": 0.7531972385094056}"
1,3,85,0,0.63031644,0.6700744006340903,0.05401846063388834,"{""colsample_bytree"": 0.6529274840213376, ""learning_rate"": 0.010186742915067248, ""max_depth"": 2, ""min_child_weight"": 7, ""reg_lambda"": 2.265162768686484, ""subsample"": 0.7531972385094056}"
1,3,89,1,0.7790387,0.8919066087902603,0.050902357258917966,"{""colsample_bytree"": 0.6529274840213376, ""learning_rate"": 0.010186742915067248, ""max_depth"": 2, ""min_child_weight"": 7, ""reg_lambda"": 2.265162768686484, ""subsample"": 0.7531972385094056}"
1,3,101,1,0.802064,0.9038678714589501,0.055823590881790564,"{""colsample_bytree"": 0.6529274840213376, ""learning_rate"": 0.010186742915067248, ""max_depth"": 2, ""min_child_weight"": 7, ""reg_lambda"": 2.265162768686484, ""subsample"": 0.7531972385094056}"
1,3,110,0,0.3356029,0.18347861751562308,0.08045564176812289,"{""colsample_bytree"": 0.6529274840213376, ""learning_rate"": 0.010186742915067248, ""max_depth"": 2, ""min_child_weight"": 7, ""reg_lambda"": 2.265162768686484, ""subsample"": 0.7531972385094056}"
1,3,113,0,0.22138779,0.11214312126447121,0.07261193468728605,"{""colsample_bytree"": 0.6529274840213376, ""learning_rate"": 0.010186742915067248, ""max_depth"": 2, ""min_child_weight"": 7, ""reg_lambda"": 2.265162768686484, ""subsample"": 0.7531972385094056}"
1,3,119,1,0.72138596,0.8388809022626542,0.06014575166994911,"{""colsample_bytree"": 0.6529274840213376, ""learning_rate"": 0.010186742915067248, ""max_depth"": 2, ""min_child_weight"": 7, ""reg_lambda"": 2.265162768686484, ""subsample"": 0.7531972385094056}"
1,3,125,1,0.55078566,0.5905882954629393,0.07909846483581129,"{""colsample_bytree"": 0.6529274840213376, ""learning_rate"": 0.010186742915067248, ""max_depth"": 2, ""min_child_weight"": 7, ""reg_lambda"": 2.265162768686484, ""subsample"": 0.7531972385094056}"
1,3,126,1,0.789936,0.8916284194092798,0.05984669888258097,"{""colsample_bytree"": 0.6529274840213376, ""learning_rate"": 0.010186742915067248, ""max_depth"": 2, ""min_child_weight"": 7, ""reg_lambda"": 2.265162768686484, ""subsample"": 0.7531972385094056}"
1,3,143,0,0.20455728,0.09048984464821215,0.06570851210591833,"{""colsample_bytree"": 0.6529274840213376, ""learning_rate"": 0.010186742915067248, ""max_depth"": 2, ""min_child_weight"": 7, ""reg_lambda"": 2.265162768686484, ""subsample"": 0.7531972385094056}"
1,3,148,1,0.511727,0.4866810243733656,0.06462149272917425,"{""colsample_bytree"": 0.6529274840213376, ""learning_rate"": 0.010186742915067248, ""max_depth"": 2, ""min_child_weight"": 7, ""reg_lambda"": 2.265162768686484, ""subsample"": 0.7531972385094056}"
1,3,151,0,0.44323272,0.31170757267092863,0.09054856226486743,"{""colsample_bytree"": 0.6529274840213376, ""learning_rate"": 0.010186742915067248, ""max_depth"": 2, ""min_child_weight"": 7, ""reg_lambda"": 2.265162768686484, ""subsample"": 0.7531972385094056}"
1,3,154,0,0.7021482,0.8087059760625254,0.06603263060626073,"{""colsample_bytree"": 0.6529274840213376, ""learning_rate"": 0.010186742915067248, ""max_depth"": 2, ""min_child_weight"": 7, ""reg_lambda"": 2.265162768686484, ""subsample"": 0.7531972385094056}"
1,3,160,0,0.72425187,0.8419158095876093,0.0632949745815705,"{""colsample_bytree"": 0.6529274840213376, ""learning_rate"": 0.010186742915067248, ""max_depth"": 2, ""min_child_weight"": 7, ""reg_lambda"": 2.265162768686484, ""subsample"": 0.7531972385094056}"
1,3,164,1,0.7804045,0.902211263810883,0.055646632775380594,"{""colsample_bytree"": 0.6529274840213376, ""learning_rate"": 0.010186742915067248, ""max_depth"": 2, ""min_child_weight"": 7, ""reg_lambda"": 2.265162768686484, ""subsample"": 0.7531972385094056}"
1,3,172,1,0.6772804,0.7393045950283977,0.06028091335921252,"{""colsample_bytree"": 0.6529274840213376, ""learning_rate"": 0.010186742915067248, ""max_depth"": 2, ""min_child_weight"": 7, ""reg_lambda"": 2.265162768686484, ""subsample"": 0.7531972385094056}"
1,3,181,1,0.77959526,0.878597934355758,0.06270401704597466,"{""colsample_bytree"": 0.6529274840213376, ""learning_rate"": 0.010186742915067248, ""max_depth"": 2, ""min_child_weight"": 7, ""reg_lambda"": 2.265162768686484, ""subsample"": 0.7531972385094056}"
1,3,184,1,0.7990404,0.9036286237648105,0.052357978789250775,"{""colsample_bytree"": 0.6529274840213376, ""learning_rate"": 0.010186742915067248, ""max_depth"": 2, ""min_child_weight"": 7, ""reg_lambda"": 2.265162768686484, ""subsample"": 0.7531972385094056}"
1,3,188,1,0.49162838,0.4232680001640328,0.16622065079116025,"{""colsample_bytree"": 0.6529274840213376, ""learning_rate"": 0.010186742915067248, ""max_depth"": 2, ""min_child_weight"": 7, ""reg_lambda"": 2.265162768686484, ""subsample"": 0.7531972385094056}"
1,3,196,0,0.24433981,0.11458082778914636,0.06878515919891068,"{""colsample_bytree"": 0.6529274840213376, ""learning_rate"": 0.010186742915067248, ""max_depth"": 2, ""min_child_weight"": 7, ""reg_lambda"": 2.265162768686484, ""subsample"": 0.7531972385094056}"
1,3,197,1,0.7446403,0.8504877304610308,0.06636822249328196,"{""colsample_bytree"": 0.6529274840213376, ""learning_rate"": 0.010186742915067248, ""max_depth"": 2, ""min_child_weight"": 7, ""reg_lambda"": 2.265162768686484, ""subsample"": 0.7531972385094056}"
1,3,205,0,0.36828756,0.232483096612718,0.09640189943333485,"{""colsample_bytree"": 0.6529274840213376, ""learning_rate"": 0.010186742915067248, ""max_depth"": 2, ""min_child_weight"": 7, ""reg_lambda"": 2.265162768686484, ""subsample"": 0.7531972385094056}"
1,3,208,1,0.53814936,0.5193137648260114,0.07370745485950622,"{""colsample_bytree"": 0.6529274840213376, ""learning_rate"": 0.010186742915067248, ""max_depth"": 2, ""min_child_weight"": 7, ""reg_lambda"": 2.265162768686484, ""subsample"": 0.7531972385094056}"
1,3,209,1,0.591006,0.6313342602554441,0.045066377640857205,"{""colsample_bytree"": 0.6529274840213376, ""learning_rate"": 0.010186742915067248, ""max_depth"": 2, ""min_child_weight"": 7, ""reg_lambda"": 2.265162768686484, ""subsample"": 0.7531972385094056}"
1,3,213,0,0.63223493,0.6710976607521273,0.058888758052594296,"{""colsample_bytree"": 0.6529274840213376, ""learning_rate"": 0.010186742915067248, ""max_depth"": 2, ""min_child_weight"": 7, ""reg_lambda"": 2.265162768686484, ""subsample"": 0.7531972385094056}"
1,3,214,0,0.80885285,0.9048752054643978,0.05420891307445037,"{""colsample_bytree"": 0.6529274840213376, ""learning_rate"": 0.010186742915067248, ""max_depth"": 2, ""min_child_weight"": 7, ""reg_lambda"": 2.265162768686484, ""subsample"": 0.7531972385094056}"
1,3,222,1,0.6793582,0.7843401381011788,0.05265640376569208,"{""colsample_bytree"": 0.6529274840213376, ""learning_rate"": 0.010186742915067248, ""max_depth"": 2, ""min_child_weight"": 7, ""reg_lambda"": 2.265162768686484, ""subsample"": 0.7531972385094056}"
1,3,226,1,0.7253761,0.813428081885089,0.06655838878313969,"{""colsample_bytree"": 0.6529274840213376, ""learning_rate"": 0.010186742915067248, ""max_depth"": 2, ""min_child_weight"": 7, ""reg_lambda"": 2.265162768686484, ""subsample"": 0.7531972385094056}"
1,3,237,1,0.65422153,0.7096477437577241,0.07389902768396492,"{""colsample_bytree"": 0.6529274840213376, ""learning_rate"": 0.010186742915067248, ""max_depth"": 2, ""min_child_weight"": 7, ""reg_lambda"": 2.265162768686484, ""subsample"": 0.7531972385094056}"
1,3,248,1,0.84458447,0.925429714461907,0.05539054882739291,"{""colsample_bytree"": 0.6529274840213376, ""learning_rate"": 0.010186742915067248, ""max_depth"": 2, ""min_child_weight"": 7, ""reg_lambda"": 2.265162768686484, ""subsample"": 0.7531972385094056}"
1,3,252,1,0.7223473,0.818979593884194,0.06608606370211441,"{""colsample_bytree"": 0.6529274840213376, ""learning_rate"": 0.010186742915067248, ""max_depth"": 2, ""min_child_weight"": 7, ""reg_lambda"": 2.265162768686484, ""subsample"": 0.7531972385094056}"
1,3,253,1,0.6111451,0.6327047028739312,0.078293753047102,"{""colsample_bytree"": 0.6529274840213376, ""learning_rate"": 0.010186742915067248, ""max_depth"": 2, ""min_child_weight"": 7, ""reg_lambda"": 2.265162768686484, ""subsample"": 0.7531972385094056}"
1,3,254,0,0.5003405,0.4934646196514573,0.07923992103796221,"{""colsample_bytree"": 0.6529274840213376, ""learning_rate"": 0.010186742915067248, ""max_depth"": 2, ""min_child_weight"": 7, ""reg_lambda"": 2.265162768686484, ""subsample"": 0.7531972385094056}"
1,3,267,1,0.6986922,0.8356787172906228,0.05271342695517847,"{""colsample_bytree"": 0.6529274840213376, ""learning_rate"": 0.010186742915067248, ""max_depth"": 2, ""min_child_weight"": 7, ""reg_lambda"": 2.265162768686484, ""subsample"": 0.7531972385094056}"
1,3,269,1,0.80451506,0.9004532181103369,0.06677338958718425,"{""colsample_bytree"": 0.6529274840213376, ""learning_rate"": 0.010186742915067248, ""max_depth"": 2, ""min_child_weight"": 7, ""reg_lambda"": 2.265162768686484, ""subsample"": 0.7531972385094056}"
1,3,271,1,0.8611519,0.9259647837327355,0.04892295947926235,"{""colsample_bytree"": 0.6529274840213376, ""learning_rate"": 0.010186742915067248, ""max_depth"": 2, ""min_child_weight"": 7, ""reg_lambda"": 2.265162768686484, ""subsample"": 0.7531972385094056}"
1,3,276,0,0.34800005,0.17577755649963575,0.0839665561203586,"{""colsample_bytree"": 0.6529274840213376, ""learning_rate"": 0.010186742915067248, ""max_depth"": 2, ""min_child_weight"": 7, ""reg_lambda"": 2.265162768686484, ""subsample"": 0.7531972385094056}"
1,3,277,1,0.858611,0.9333409406611924,0.04559471630250675,"{""colsample_bytree"": 0.6529274840213376, ""learning_rate"": 0.010186742915067248, ""max_depth"": 2, ""min_child_weight"": 7, ""reg_lambda"": 2.265162768686484, ""subsample"": 0.7531972385094056}"
1,3,278,0,0.7270717,0.821426885445149,0.07429773564943717,"{""colsample_bytree"": 0.6529274840213376, ""learning_rate"": 0.010186742915067248, ""max_depth"": 2, ""min_child_weight"": 7, ""reg_lambda"": 2.265162768686484, ""subsample"": 0.7531972385094056}"
1,3,280,0,0.23665264,0.11127612317240024,0.07074542199165379,"{""colsample_bytree"": 0.6529274840213376, ""learning_rate"": 0.010186742915067248, ""max_depth"": 2, ""min_child_weight"": 7, ""reg_lambda"": 2.265162768686484, ""subsample"": 0.7531972385094056}"
1,3,283,0,0.41811633,0.29400267116459394,0.11287382121924712,"{""colsample_bytree"": 0.6529274840213376, ""learning_rate"": 0.010186742915067248, ""max_depth"": 2, ""min_child_weight"": 7, ""reg_lambda"": 2.265162768686484, ""subsample"": 0.7531972385094056}"
1,3,290,0,0.28991538,0.15831287198681845,0.08401259783222663,"{""colsample_bytree"": 0.6529274840213376, ""learning_rate"": 0.010186742915067248, ""max_depth"": 2, ""min_child_weight"": 7, ""reg_lambda"": 2.265162768686484, ""subsample"": 0.7531972385094056}"
1,3,295,0,0.58013946,0.6413482800049459,0.06350563809763748,"{""colsample_bytree"": 0.6529274840213376, ""learning_rate"": 0.010186742915067248, ""max_depth"": 2, ""min_child_weight"": 7, ""reg_lambda"": 2.265162768686484, ""subsample"": 0.7531972385094056}"
1,3,299,0,0.44154313,0.3707693775208355,0.07324891793717338,"{""colsample_bytree"": 0.6529274840213376, ""learning_rate"": 0.010186742915067248, ""max_depth"": 2, ""min_child_weight"": 7, ""reg_lambda"": 2.265162768686484, ""subsample"": 0.7531972385094056}"
1,4,3,0,0.4818355,0.43496310349301215,0.08832055897169173,"{""colsample_bytree"": 0.9057248369165121, ""learning_rate"": 0.015269904516179725, ""max_depth"": 3, ""min_child_weight"": 2, ""reg_lambda"": 8.919806917301235, ""subsample"": 0.6697541627702207}"
1,4,7,1,0.78763896,0.830423996477875,0.052330993506538706,"{""colsample_bytree"": 0.9057248369165121, ""learning_rate"": 0.015269904516179725, ""max_depth"": 3, ""min_child_weight"": 2, ""reg_lambda"": 8.919806917301235, ""subsample"": 0.6697541627702207}"
1,4,11,1,0.8310705,0.8648283161089576,0.05337092058264477,"{""colsample_bytree"": 0.9057248369165121, ""learning_rate"": 0.015269904516179725, ""max_depth"": 3, ""min_child_weight"": 2, ""reg_lambda"": 8.919806917301235, ""subsample"": 0.6697541627702207}"
1,4,15,1,0.7885993,0.829106422991704,0.05067200529607424,"{""colsample_bytree"": 0.9057248369165121, ""learning_rate"": 0.015269904516179725, ""max_depth"": 3, ""min_child_weight"": 2, ""reg_lambda"": 8.919806917301235, ""subsample"": 0.6697541627702207}"
1,4,17,0,0.30477425,0.22494373450973865,0.040580120394896085,"{""colsample_bytree"": 0.9057248369165121, ""learning_rate"": 0.015269904516179725, ""max_depth"": 3, ""min_child_weight"": 2, ""reg_lambda"": 8.919806917301235, ""subsample"": 0.6697541627702207}"
1,4,36,1,0.7366526,0.7772731986629176,0.061064216703098285,"{""colsample_bytree"": 0.9057248369165121, ""learning_rate"": 0.015269904516179725, ""max_depth"": 3, ""min_child_weight"": 2, ""reg_lambda"": 8.919806917301235, ""subsample"": 0.6697541627702207}"
1,4,38,1,0.7176653,0.7736304484498044,0.04301336393775697,"{""colsample_bytree"": 0.9057248369165121, ""learning_rate"": 0.015269904516179725, ""max_depth"": 3, ""min_child_weight"": 2, ""reg_lambda"": 8.919806917301235, ""subsample"": 0.6697541627702207}"
1,4,42,0,0.34309512,0.2245260457059687,0.12502621182851448,"{""colsample_bytree"": 0.9057248369165121, ""learning_rate"": 0.015269904516179725, ""max_depth"": 3, ""min_child_weight"": 2, ""reg_lambda"": 8.919806917301235, ""subsample"": 0.6697541627702207}"
1,4,48,0,0.21410589,0.13053712846033,0.047737304847299086,"{""colsample_bytree"": 0.9057248369165121, ""learning_rate"": 0.015269904516179725, ""max_depth"": 3, ""min_child_weight"": 2, ""reg_lambda"": 8.919806917301235, ""subsample"": 0.6697541627702207}"
1,4,60,0,0.40223756,0.30091396109845436,0.0738407725150044,"{""colsample_bytree"": 0.9057248369165121, ""learning_rate"": 0.015269904516179725, ""max_depth"": 3, ""min_child_weight"": 2, ""reg_lambda"": 8.919806917301235, ""subsample"": 0.6697541627702207}"
1,4,63,1,0.65431476,0.61722966744967,0.13176268144733005,"{""colsample_bytree"": 0.9057248369165121, ""learning_rate"": 0.015269904516179725, ""max_depth"": 3, ""min_child_weight"": 2, ""reg_lambda"": 8.919806917301235, ""subsample"": 0.6697541627702207}"
1,4,67,0,0.53044754,0.5064143775437197,0.12506651394033755,"{""colsample_bytree"": 0.9057248369165121, ""learning_rate"": 0.015269904516179725, ""max_depth"": 3, ""min_child_weight"": 2, ""reg_lambda"": 8.919806917301235, ""subsample"": 0.6697541627702207}"
1,4,76,1,0.68404603,0.7849239228099651,0.06626888227080382,"{""colsample_bytree"": 0.9057248369165121, ""learning_rate"": 0.015269904516179725, ""max_depth"": 3, ""min_child_weight"": 2, ""reg_lambda"": 8.919806917301235, ""subsample"": 0.6697541627702207}"
1,4,79,0,0.20980956,0.13762801003537556,0.04912165091084796,"{""colsample_bytree"": 0.9057248369165121, ""learning_rate"": 0.015269904516179725, ""max_depth"": 3, ""min_child_weight"": 2, ""reg_lambda"": 8.919806917301235, ""subsample"": 0.6697541627702207}"
1,4,80,1,0.845808,0.8797758724163351,0.047955239518098915,"{""colsample_bytree"": 0.9057248369165121, ""learning_rate"": 0.015269904516179725, ""max_depth"": 3, ""min_child_weight"": 2, ""reg_lambda"": 8.919806917301235, ""subsample"": 0.6697541627702207}"
1,4,82,1,0.41417116,0.3821689553082887,0.06174506262965657,"{""colsample_bytree"": 0.9057248369165121, ""learning_rate"": 0.015269904516179725, ""max_depth"": 3, ""min_child_weight"": 2, ""reg_lambda"": 8.919806917301235, ""subsample"": 0.6697541627702207}"
1,4,87,1,0.6694775,0.7168599502400247,0.07971123494140787,"{""colsample_bytree"": 0.9057248369165121, ""learning_rate"": 0.015269904516179725, ""max_depth"": 3, ""min_child_weight"": 2, ""reg_lambda"": 8.919806917301235, ""subsample"": 0.6697541627702207}"
1,4,88,0,0.76788825,0.8357182771742183,0.062453317489568456,"{""colsample_bytree"": 0.9057248369165121, ""learning_rate"": 0.015269904516179725, ""max_depth"": 3, ""min_child_weight"": 2, ""reg_lambda"": 8.919806917301235, ""subsample"": 0.6697541627702207}"
1,4,92,1,0.8283188,0.8793701966059064,0.0521926346261031,"{""colsample_bytree"": 0.9057248369165121, ""learning_rate"": 0.015269904516179725, ""max_depth"": 3, ""min_child_weight"": 2, ""reg_lambda"": 8.919806917301235, ""subsample"": 0.6697541627702207}"
1,4,107,1,0.4710638,0.4221921752645034,0.06410842011438267,"{""colsample_bytree"": 0.9057248369165121, ""learning_rate"": 0.015269904516179725, ""max_depth"": 3, ""min_child_weight"": 2, ""reg_lambda"": 8.919806917301235, ""subsample"": 0.6697541627702207}"
1,4,109,0,0.584387,0.6341025119192881,0.07313145225235979,"{""colsample_bytree"": 0.9057248369165121, ""learning_rate"": 0.015269904516179725, ""max_depth"": 3, ""min_child_weight"": 2, ""reg_lambda"": 8.919806917301235, ""subsample"": 0.6697541627702207}"
1,4,115,0,0.47321007,0.45703406602997987,0.10219136548395347,"{""colsample_bytree"": 0.9057248369165121, ""learning_rate"": 0.015269904516179725, ""max_depth"": 3, ""min_child_weight"": 2, ""reg_lambda"": 8.919806917301235, ""subsample"": 0.6697541627702207}"
1,4,116,1,0.83332694,0.854235946727243,0.05572220509886909,"{""colsample_bytree"": 0.9057248369165121, ""learning_rate"": 0.015269904516179725, ""max_depth"": 3, ""min_child_weight"": 2, ""reg_lambda"": 8.919806917301235, ""subsample"": 0.6697541627702207}"
1,4,120,1,0.61187005,0.6108332206547293,0.11076614092580474,"{""colsample_bytree"": 0.9057248369165121, ""learning_rate"": 0.015269904516179725, ""max_depth"": 3, ""min_child_weight"": 2, ""reg_lambda"": 8.919806917301235, ""subsample"": 0.6697541627702207}"
1,4,123,1,0.52805805,0.42667545273844043,0.09916189043636685,"{""colsample_bytree"": 0.9057248369165121, ""learning_rate"": 0.015269904516179725, ""max_depth"": 3, ""min_child_weight"": 2, ""reg_lambda"": 8.919806917301235, ""subsample"": 0.6697541627702207}"
1,4,129,0,0.37753648,0.3393891055764323,0.14640896639155787,"{""colsample_bytree"": 0.9057248369165121, ""learning_rate"": 0.015269904516179725, ""max_depth"": 3, ""min_child_weight"": 2, ""reg_lambda"": 8.919806917301235, ""subsample"": 0.6697541627702207}"
1,4,134,1,0.5701732,0.5958555661090223,0.09789200360948318,"{""colsample_bytree"": 0.9057248369165121, ""learning_rate"": 0.015269904516179725, ""max_depth"": 3, ""min_child_weight"": 2, ""reg_lambda"": 8.919806917301235, ""subsample"": 0.6697541627702207}"
1,4,147,1,0.6858027,0.7404157791998037,0.07046271577118425,"{""colsample_bytree"": 0.9057248369165121, ""learning_rate"": 0.015269904516179725, ""max_depth"": 3, ""min_child_weight"": 2, ""reg_lambda"": 8.919806917301235, ""subsample"": 0.6697541627702207}"
1,4,156,1,0.5795732,0.6292090736411755,0.07002189938251561,"{""colsample_bytree"": 0.9057248369165121, ""learning_rate"": 0.015269904516179725, ""max_depth"": 3, ""min_child_weight"": 2, ""reg_lambda"": 8.919806917301235, ""subsample"": 0.6697541627702207}"
1,4,159,1,0.841321,0.880836272258761,0.05325783808689079,"{""colsample_bytree"": 0.9057248369165121, ""learning_rate"": 0.015269904516179725, ""max_depth"": 3, ""min_child_weight"": 2, ""reg_lambda"": 8.919806917301235, ""subsample"": 0.6697541627702207}"
1,4,163,1,0.45126173,0.47174614208187826,0.1250375272727709,"{""colsample_bytree"": 0.9057248369165121, ""learning_rate"": 0.015269904516179725, ""max_depth"": 3, ""min_child_weight"": 2, ""reg_lambda"": 8.919806917301235, ""subsample"": 0.6697541627702207}"
1,4,165,1,0.6291181,0.6172484310405506,0.09682653751381945,"{""colsample_bytree"": 0.9057248369165121, ""learning_rate"": 0.015269904516179725, ""max_depth"": 3, ""min_child_weight"": 2, ""reg_lambda"": 8.919806917301235, ""subsample"": 0.6697541627702207}"
1,4,169,0,0.31912714,0.24586792811914782,0.042734608544175684,"{""colsample_bytree"": 0.9057248369165121, ""learning_rate"": 0.015269904516179725, ""max_depth"": 3, ""min_child_weight"": 2, ""reg_lambda"": 8.919806917301235, ""subsample"": 0.6697541627702207}"
1,4,173,1,0.6839273,0.7260194316656304,0.0785855099065483,"{""colsample_bytree"": 0.9057248369165121, ""learning_rate"": 0.015269904516179725, ""max_depth"": 3, ""min_child_weight"": 2, ""reg_lambda"": 8.919806917301235, ""subsample"": 0.6697541627702207}"
1,4,182,1,0.33022988,0.3185631333198227,0.08942565014153453,"{""colsample_bytree"": 0.9057248369165121, ""learning_rate"": 0.015269904516179725, ""max_depth"": 3, ""min_child_weight"": 2, ""reg_lambda"": 8.919806917301235, ""subsample"": 0.6697541627702207}"
1,4,190,0,0.780921,0.8045499507364745,0.041292859824137156,"{""colsample_bytree"": 0.9057248369165121, ""learning_rate"": 0.015269904516179725, ""max_depth"": 3, ""min_child_weight"": 2, ""reg_lambda"": 8.919806917301235, ""subsample"": 0.6697541627702207}"
1,4,192,0,0.19402641,0.11674836672665187,0.0479400510076231,"{""colsample_bytree"": 0.9057248369165121, ""learning_rate"": 0.015269904516179725, ""max_depth"": 3, ""min_child_weight"": 2, ""reg_lambda"": 8.919806917301235, ""subsample"": 0.6697541627702207}"
1,4,199,0,0.3437019,0.280187093214716,0.06358203003725574,"{""colsample_bytree"": 0.9057248369165121, ""learning_rate"": 0.015269904516179725, ""max_depth"": 3, ""min_child_weight"": 2, ""reg_lambda"": 8.919806917301235, ""subsample"": 0.6697541627702207}"
1,4,204,0,0.5193067,0.5321985331756457,0.07066694377399824,"{""colsample_bytree"": 0.9057248369165121, ""learning_rate"": 0.015269904516179725, ""max_depth"": 3, ""min_child_weight"": 2, ""reg_lambda"": 8.919806917301235, ""subsample"": 0.6697541627702207}"
1,4,206,1,0.63680387,0.6819638689499139,0.09388966626069212,"{""colsample_bytree"": 0.9057248369165121, ""learning_rate"": 0.015269904516179725, ""max_depth"": 3, ""min_child_weight"": 2, ""reg_lambda"": 8.919806917301235, ""subsample"": 0.6697541627702207}"
1,4,215,1,0.73501617,0.7974736537891282,0.06633874963953632,"{""colsample_bytree"": 0.9057248369165121, ""learning_rate"": 0.015269904516179725, ""max_depth"": 3, ""min_child_weight"": 2, ""reg_lambda"": 8.919806917301235, ""subsample"": 0.6697541627702207}"
1,4,216,0,0.65502685,0.6733721087281997,0.07769066424615502,"{""colsample_bytree"": 0.9057248369165121, ""learning_rate"": 0.015269904516179725, ""max_depth"": 3, ""min_child_weight"": 2, ""reg_lambda"": 8.919806917301235, ""subsample"": 0.6697541627702207}"
1,4,218,0,0.2720143,0.16744304476482794,0.07502675354342192,"{""colsample_bytree"": 0.9057248369165121, ""learning_rate"": 0.015269904516179725, ""max_depth"": 3, ""min_child_weight"": 2, ""reg_lambda"": 8.919806917301235, ""subsample"": 0.6697541627702207}"
1,4,234,0,0.23353791,0.1482005607946601,0.03828275451430738,"{""colsample_bytree"": 0.9057248369165121, ""learning_rate"": 0.015269904516179725, ""max_depth"": 3, ""min_child_weight"": 2, ""reg_lambda"": 8.919806917301235, ""subsample"": 0.6697541627702207}"
1,4,235,1,0.83432937,0.8600395949134118,0.05161981204385154,"{""colsample_bytree"": 0.9057248369165121, ""learning_rate"": 0.015269904516179725, ""max_depth"": 3, ""min_child_weight"": 2, ""reg_lambda"": 8.919806917301235, ""subsample"": 0.6697541627702207}"
1,4,241,1,0.24637501,0.15602724816672936,0.04939938807751658,"{""colsample_bytree"": 0.9057248369165121, ""learning_rate"": 0.015269904516179725, ""max_depth"": 3, ""min_child_weight"": 2, ""reg_lambda"": 8.919806917301235, ""subsample"": 0.6697541627702207}"
1,4,242,1,0.73777944,0.8050781647049133,0.06893219808799222,"{""colsample_bytree"": 0.9057248369165121, ""learning_rate"": 0.015269904516179725, ""max_depth"": 3, ""min_child_weight"": 2, ""reg_lambda"": 8.919806917301235, ""subsample"": 0.6697541627702207}"
1,4,250,1,0.5992051,0.6305096439319577,0.07238655469602548,"{""colsample_bytree"": 0.9057248369165121, ""learning_rate"": 0.015269904516179725, ""max_depth"": 3, ""min_child_weight"": 2, ""reg_lambda"": 8.919806917301235, ""subsample"": 0.6697541627702207}"
1,4,257,0,0.28527924,0.1876011307323355,0.04838766401758924,"{""colsample_bytree"": 0.9057248369165121, ""learning_rate"": 0.015269904516179725, ""max_depth"": 3, ""min_child_weight"": 2, ""reg_lambda"": 8.919806917301235, ""subsample"": 0.6697541627702207}"
1,4,259,1,0.6300273,0.6749788507921688,0.03879889117231951,"{""colsample_bytree"": 0.9057248369165121, ""learning_rate"": 0.015269904516179725, ""max_depth"": 3, ""min_child_weight"": 2, ""reg_lambda"": 8.919806917301235, ""subsample"": 0.6697541627702207}"
1,4,260,1,0.7531956,0.819200111380556,0.05768554235986013,"{""colsample_bytree"": 0.9057248369165121, ""learning_rate"": 0.015269904516179725, ""max_depth"": 3, ""min_child_weight"": 2, ""reg_lambda"": 8.919806917301235, ""subsample"": 0.6697541627702207}"
1,4,262,1,0.57513165,0.5976978048892813,0.10286039551110959,"{""colsample_bytree"": 0.9057248369165121, ""learning_rate"": 0.015269904516179725, ""max_depth"": 3, ""min_child_weight"": 2, ""reg_lambda"": 8.919806917301235, ""subsample"": 0.6697541627702207}"
1,4,264,0,0.23869134,0.13217501399400008,0.04443470999506192,"{""colsample_bytree"": 0.9057248369165121, ""learning_rate"": 0.015269904516179725, ""max_depth"": 3, ""min_child_weight"": 2, ""reg_lambda"": 8.919806917301235, ""subsample"": 0.6697541627702207}"
1,4,272,0,0.60844755,0.5726255920195774,0.05020775686125107,"{""colsample_bytree"": 0.9057248369165121, ""learning_rate"": 0.015269904516179725, ""max_depth"": 3, ""min_child_weight"": 2, ""reg_lambda"": 8.919806917301235, ""subsample"": 0.6697541627702207}"
1,4,273,1,0.79385996,0.850557615611702,0.06490827616458228,"{""colsample_bytree"": 0.9057248369165121, ""learning_rate"": 0.015269904516179725, ""max_depth"": 3, ""min_child_weight"": 2, ""reg_lambda"": 8.919806917301235, ""subsample"": 0.6697541627702207}"
1,4,287,0,0.48728067,0.39907321146367236,0.05140288471627491,"{""colsample_bytree"": 0.9057248369165121, ""learning_rate"": 0.015269904516179725, ""max_depth"": 3, ""min_child_weight"": 2, ""reg_lambda"": 8.919806917301235, ""subsample"": 0.6697541627702207}"
1,4,288,0,0.3651313,0.29109127649995525,0.039823316533475574,"{""colsample_bytree"": 0.9057248369165121, ""learning_rate"": 0.015269904516179725, ""max_depth"": 3, ""min_child_weight"": 2, ""reg_lambda"": 8.919806917301235, ""subsample"": 0.6697541627702207}"
1,4,298,1,0.7729208,0.8319867325125188,0.05826352770732278,"{""colsample_bytree"": 0.9057248369165121, ""learning_rate"": 0.015269904516179725, ""max_depth"": 3, ""min_child_weight"": 2, ""reg_lambda"": 8.919806917301235, ""subsample"": 0.6697541627702207}"
1,4,301,0,0.24355581,0.14390871534113073,0.0406197373870701,"{""colsample_bytree"": 0.9057248369165121, ""learning_rate"": 0.015269904516179725, ""max_depth"": 3, ""min_child_weight"": 2, ""reg_lambda"": 8.919806917301235, ""subsample"": 0.6697541627702207}"
1,4,302,1,0.51197946,0.5254517278404345,0.12049119448853389,"{""colsample_bytree"": 0.9057248369165121, ""learning_rate"": 0.015269904516179725, ""max_depth"": 3, ""min_child_weight"": 2, ""reg_lambda"": 8.919806917301235, ""subsample"": 0.6697541627702207}"
2,0,30,1,0.8840578,0.8023853525638426,0.08081100285437495,"{""colsample_bytree"": 0.4030097279432449, ""learning_rate"": 0.027847910823752778, ""max_depth"": 4, ""min_child_weight"": 2, ""reg_lambda"": 0.5458789104573885, ""subsample"": 0.8760105394320372}"
2,0,36,1,0.83332926,0.7501038423831017,0.05400578146764641,"{""colsample_bytree"": 0.4030097279432449, ""learning_rate"": 0.027847910823752778, ""max_depth"": 4, ""min_child_weight"": 2, ""reg_lambda"": 0.5458789104573885, ""subsample"": 0.8760105394320372}"
2,0,45,1,0.9156405,0.8349193786925962,0.06620581472749544,"{""colsample_bytree"": 0.4030097279432449, ""learning_rate"": 0.027847910823752778, ""max_depth"": 4, ""min_child_weight"": 2, ""reg_lambda"": 0.5458789104573885, ""subsample"": 0.8760105394320372}"
2,0,48,0,0.16156483,0.2029655335723295,0.0688164899457591,"{""colsample_bytree"": 0.4030097279432449, ""learning_rate"": 0.027847910823752778, ""max_depth"": 4, ""min_child_weight"": 2, ""reg_lambda"": 0.5458789104573885, ""subsample"": 0.8760105394320372}"
2,0,49,0,0.4586103,0.41659204007629375,0.11831909283533441,"{""colsample_bytree"": 0.4030097279432449, ""learning_rate"": 0.027847910823752778, ""max_depth"": 4, ""min_child_weight"": 2, ""reg_lambda"": 0.5458789104573885, ""subsample"": 0.8760105394320372}"
2,0,54,0,0.31986767,0.41952354901402283,0.10116574722139297,"{""colsample_bytree"": 0.4030097279432449, ""learning_rate"": 0.027847910823752778, ""max_depth"": 4, ""min_child_weight"": 2, ""reg_lambda"": 0.5458789104573885, ""subsample"": 0.8760105394320372}"
2,0,59,1,0.92448777,0.8461508078464565,0.06613447866549357,"{""colsample_bytree"": 0.4030097279432449, ""learning_rate"": 0.027847910823752778, ""max_depth"": 4, ""min_child_weight"": 2, ""reg_lambda"": 0.5458789104573885, ""subsample"": 0.8760105394320372}"
2,0,60,0,0.20822787,0.26254904749037566,0.08956616500457552,"{""colsample_bytree"": 0.4030097279432449, ""learning_rate"": 0.027847910823752778, ""max_depth"": 4, ""min_child_weight"": 2, ""reg_lambda"": 0.5458789104573885, ""subsample"": 0.8760105394320372}"
2,0,67,0,0.6803096,0.7019978356433615,0.12822954671494863,"{""colsample_bytree"": 0.4030097279432449, ""learning_rate"": 0.027847910823752778, ""max_depth"": 4, ""min_child_weight"": 2, ""reg_lambda"": 0.5458789104573885, ""subsample"": 0.8760105394320372}"
2,0,68,0,0.378797,0.32470412268562693,0.06331237172067125,"{""colsample_bytree"": 0.4030097279432449, ""learning_rate"": 0.027847910823752778, ""max_depth"": 4, ""min_child_weight"": 2, ""reg_lambda"": 0.5458789104573885, ""subsample"": 0.8760105394320372}"
2,0,70,0,0.16564506,0.20936143615724778,0.09139526036878134,"{""colsample_bytree"": 0.4030097279432449, ""learning_rate"": 0.027847910823752778, ""max_depth"": 4, ""min_child_weight"": 2, ""reg_lambda"": 0.5458789104573885, ""subsample"": 0.8760105394320372}"
2,0,81,1,0.96268785,0.8564592029203266,0.059981167489798114,"{""colsample_bytree"": 0.4030097279432449, ""learning_rate"": 0.027847910823752778, ""max_depth"": 4, ""min_child_weight"": 2, ""reg_lambda"": 0.5458789104573885, ""subsample"": 0.8760105394320372}"
2,0,89,1,0.767092,0.684982580129246,0.06692511250240443,"{""colsample_bytree"": 0.4030097279432449, ""learning_rate"": 0.027847910823752778, ""max_depth"": 4, ""min_child_weight"": 2, ""reg_lambda"": 0.5458789104573885, ""subsample"": 0.8760105394320372}"
2,0,90,0,0.5240112,0.5699931942763883,0.08386465891395897,"{""colsample_bytree"": 0.4030097279432449, ""learning_rate"": 0.027847910823752778, ""max_depth"": 4, ""min_child_weight"": 2, ""reg_lambda"": 0.5458789104573885, ""subsample"": 0.8760105394320372}"
2,0,93,1,0.84507227,0.798577310558952,0.06555859881762408,"{""colsample_bytree"": 0.4030097279432449, ""learning_rate"": 0.027847910823752778, ""max_depth"": 4, ""min_child_weight"": 2, ""reg_lambda"": 0.5458789104573885, ""subsample"": 0.8760105394320372}"
2,0,94,1,0.95153326,0.8355564970671712,0.0574352365232252,"{""colsample_bytree"": 0.4030097279432449, ""learning_rate"": 0.027847910823752778, ""max_depth"": 4, ""min_child_weight"": 2, ""reg_lambda"": 0.5458789104573885, ""subsample"": 0.8760105394320372}"
2,0,95,1,0.9518172,0.8556602453311708,0.060683558183888216,"{""colsample_bytree"": 0.4030097279432449, ""learning_rate"": 0.027847910823752778, ""max_depth"": 4, ""min_child_weight"": 2, ""reg_lambda"": 0.5458789104573885, ""subsample"": 0.8760105394320372}"
2,0,98,1,0.88398767,0.8106157815878927,0.07234089759533548,"{""colsample_bytree"": 0.4030097279432449, ""learning_rate"": 0.027847910823752778, ""max_depth"": 4, ""min_child_weight"": 2, ""reg_lambda"": 0.5458789104573885, ""subsample"": 0.8760105394320372}"
2,0,105,1,0.7819375,0.7349202237761061,0.030033381353935802,"{""colsample_bytree"": 0.4030097279432449, ""learning_rate"": 0.027847910823752778, ""max_depth"": 4, ""min_child_weight"": 2, ""reg_lambda"": 0.5458789104573885, ""subsample"": 0.8760105394320372}"
2,0,107,1,0.5063292,0.46257008587573506,0.08238718399460196,"{""colsample_bytree"": 0.4030097279432449, ""learning_rate"": 0.027847910823752778, ""max_depth"": 4, ""min_child_weight"": 2, ""reg_lambda"": 0.5458789104573885, ""subsample"": 0.8760105394320372}"
2,0,114,1,0.9665904,0.8659887230354556,0.06026396727757541,"{""colsample_bytree"": 0.4030097279432449, ""learning_rate"": 0.027847910823752778, ""max_depth"": 4, ""min_child_weight"": 2, ""reg_lambda"": 0.5458789104573885, ""subsample"": 0.8760105394320372}"
2,0,115,0,0.56467587,0.6153130169191862,0.09481532027948675,"{""colsample_bytree"": 0.4030097279432449, ""learning_rate"": 0.027847910823752778, ""max_depth"": 4, ""min_child_weight"": 2, ""reg_lambda"": 0.5458789104573885, ""subsample"": 0.8760105394320372}"
2,0,118,1,0.7260606,0.7306946937462144,0.07073157114933608,"{""colsample_bytree"": 0.4030097279432449, ""learning_rate"": 0.027847910823752778, ""max_depth"": 4, ""min_child_weight"": 2, ""reg_lambda"": 0.5458789104573885, ""subsample"": 0.8760105394320372}"
2,0,119,1,0.8904532,0.8180308328485697,0.0778878426928248,"{""colsample_bytree"": 0.4030097279432449, ""learning_rate"": 0.027847910823752778, ""max_depth"": 4, ""min_child_weight"": 2, ""reg_lambda"": 0.5458789104573885, ""subsample"": 0.8760105394320372}"
2,0,123,1,0.35094514,0.33297070338375867,0.10660438179119792,"{""colsample_bytree"": 0.4030097279432449, ""learning_rate"": 0.027847910823752778, ""max_depth"": 4, ""min_child_weight"": 2, ""reg_lambda"": 0.5458789104573885, ""subsample"": 0.8760105394320372}"
2,0,126,1,0.71018624,0.6718013408187774,0.12397404911610028,"{""colsample_bytree"": 0.4030097279432449, ""learning_rate"": 0.027847910823752778, ""max_depth"": 4, ""min_child_weight"": 2, ""reg_lambda"": 0.5458789104573885, ""subsample"": 0.8760105394320372}"
2,0,128,1,0.82422227,0.766238602471099,0.12013096195599818,"{""colsample_bytree"": 0.4030097279432449, ""learning_rate"": 0.027847910823752778, ""max_depth"": 4, ""min_child_weight"": 2, ""reg_lambda"": 0.5458789104573885, ""subsample"": 0.8760105394320372}"
2,0,137,0,0.25057948,0.2571268976630141,0.0867074815190065,"{""colsample_bytree"": 0.4030097279432449, ""learning_rate"": 0.027847910823752778, ""max_depth"": 4, ""min_child_weight"": 2, ""reg_lambda"": 0.5458789104573885, ""subsample"": 0.8760105394320372}"
2,0,148,1,0.5216647,0.570967596319305,0.09126059487311966,"{""colsample_bytree"": 0.4030097279432449, ""learning_rate"": 0.027847910823752778, ""max_depth"": 4, ""min_child_weight"": 2, ""reg_lambda"": 0.5458789104573885, ""subsample"": 0.8760105394320372}"
2,0,149,1,0.66394746,0.631803792342846,0.10926597936327453,"{""colsample_bytree"": 0.4030097279432449, ""learning_rate"": 0.027847910823752778, ""max_depth"": 4, ""min_child_weight"": 2, ""reg_lambda"": 0.5458789104573885, ""subsample"": 0.8760105394320372}"
2,0,150,0,0.34438273,0.3114415243423914,0.045138103113211224,"{""colsample_bytree"": 0.4030097279432449, ""learning_rate"": 0.027847910823752778, ""max_depth"": 4, ""min_child_weight"": 2, ""reg_lambda"": 0.5458789104573885, ""subsample"": 0.8760105394320372}"
2,0,152,1,0.28269097,0.3074823530086316,0.0876037592961705,"{""colsample_bytree"": 0.4030097279432449, ""learning_rate"": 0.027847910823752778, ""max_depth"": 4, ""min_child_weight"": 2, ""reg_lambda"": 0.5458789104573885, ""subsample"": 0.8760105394320372}"
2,0,154,0,0.58198595,0.645071037532502,0.07050940712901894,"{""colsample_bytree"": 0.4030097279432449, ""learning_rate"": 0.027847910823752778, ""max_depth"": 4, ""min_child_weight"": 2, ""reg_lambda"": 0.5458789104573885, ""subsample"": 0.8760105394320372}"
2,0,162,1,0.83424443,0.7677472376448624,0.02820331207231896,"{""colsample_bytree"": 0.4030097279432449, ""learning_rate"": 0.027847910823752778, ""max_depth"": 4, ""min_child_weight"": 2, ""reg_lambda"": 0.5458789104573885, ""subsample"": 0.8760105394320372}"
2,0,166,0,0.10285675,0.18293030206636177,0.060730918149616626,"{""colsample_bytree"": 0.4030097279432449, ""learning_rate"": 0.027847910823752778, ""max_depth"": 4, ""min_child_weight"": 2, ""reg_lambda"": 0.5458789104573885, ""subsample"": 0.8760105394320372}"
2,0,167,1,0.74161494,0.739752466573864,0.11723489308058538,"{""colsample_bytree"": 0.4030097279432449, ""learning_rate"": 0.027847910823752778, ""max_depth"": 4, ""min_child_weight"": 2, ""reg_lambda"": 0.5458789104573885, ""subsample"": 0.8760105394320372}"
2,0,169,0,0.35685027,0.3333632250117141,0.10497884252697195,"{""colsample_bytree"": 0.4030097279432449, ""learning_rate"": 0.027847910823752778, ""max_depth"": 4, ""min_child_weight"": 2, ""reg_lambda"": 0.5458789104573885, ""subsample"": 0.8760105394320372}"
2,0,170,0,0.3010008,0.24357608382885285,0.11184223792791388,"{""colsample_bytree"": 0.4030097279432449, ""learning_rate"": 0.027847910823752778, ""max_depth"": 4, ""min_child_weight"": 2, ""reg_lambda"": 0.5458789104573885, ""subsample"": 0.8760105394320372}"
2,0,171,1,0.7389722,0.7186754716313393,0.13893295960720262,"{""colsample_bytree"": 0.4030097279432449, ""learning_rate"": 0.027847910823752778, ""max_depth"": 4, ""min_child_weight"": 2, ""reg_lambda"": 0.5458789104573885, ""subsample"": 0.8760105394320372}"
2,0,174,1,0.9287317,0.8517745081011825,0.05753591471706161,"{""colsample_bytree"": 0.4030097279432449, ""learning_rate"": 0.027847910823752778, ""max_depth"": 4, ""min_child_weight"": 2, ""reg_lambda"": 0.5458789104573885, ""subsample"": 0.8760105394320372}"
2,0,176,1,0.29612452,0.2683366254975172,0.06227492132194848,"{""colsample_bytree"": 0.4030097279432449, ""learning_rate"": 0.027847910823752778, ""max_depth"": 4, ""min_child_weight"": 2, ""reg_lambda"": 0.5458789104573885, ""subsample"": 0.8760105394320372}"
2,0,177,1,0.78881603,0.7640751141207145,0.0732052220228977,"{""colsample_bytree"": 0.4030097279432449, ""learning_rate"": 0.027847910823752778, ""max_depth"": 4, ""min_child_weight"": 2, ""reg_lambda"": 0.5458789104573885, ""subsample"": 0.8760105394320372}"
2,0,182,1,0.51487774,0.5472737047952307,0.12987353370173776,"{""colsample_bytree"": 0.4030097279432449, ""learning_rate"": 0.027847910823752778, ""max_depth"": 4, ""min_child_weight"": 2, ""reg_lambda"": 0.5458789104573885, ""subsample"": 0.8760105394320372}"
2,0,187,1,0.78798443,0.7882074099336236,0.0688127060159678,"{""colsample_bytree"": 0.4030097279432449, ""learning_rate"": 0.027847910823752778, ""max_depth"": 4, ""min_child_weight"": 2, ""reg_lambda"": 0.5458789104573885, ""subsample"": 0.8760105394320372}"
2,0,194,0,0.16914837,0.21313026503065888,0.053764472544306975,"{""colsample_bytree"": 0.4030097279432449, ""learning_rate"": 0.027847910823752778, ""max_depth"": 4, ""min_child_weight"": 2, ""reg_lambda"": 0.5458789104573885, ""subsample"": 0.8760105394320372}"
2,0,201,0,0.30403453,0.36647245514159954,0.11278465056496656,"{""colsample_bytree"": 0.4030097279432449, ""learning_rate"": 0.027847910823752778, ""max_depth"": 4, ""min_child_weight"": 2, ""reg_lambda"": 0.5458789104573885, ""subsample"": 0.8760105394320372}"
2,0,203,0,0.34691536,0.32541367600471593,0.034002173426918525,"{""colsample_bytree"": 0.4030097279432449, ""learning_rate"": 0.027847910823752778, ""max_depth"": 4, ""min_child_weight"": 2, ""reg_lambda"": 0.5458789104573885, ""subsample"": 0.8760105394320372}"
2,0,218,0,0.23610634,0.2879807427047452,0.0619873080155856,"{""colsample_bytree"": 0.4030097279432449, ""learning_rate"": 0.027847910823752778, ""max_depth"": 4, ""min_child_weight"": 2, ""reg_lambda"": 0.5458789104573885, ""subsample"": 0.8760105394320372}"
2,0,226,1,0.6751387,0.6360225381501703,0.14066069493112315,"{""colsample_bytree"": 0.4030097279432449, ""learning_rate"": 0.027847910823752778, ""max_depth"": 4, ""min_child_weight"": 2, ""reg_lambda"": 0.5458789104573885, ""subsample"": 0.8760105394320372}"
2,0,242,1,0.73954844,0.767055253387606,0.06827380637534554,"{""colsample_bytree"": 0.4030097279432449, ""learning_rate"": 0.027847910823752778, ""max_depth"": 4, ""min_child_weight"": 2, ""reg_lambda"": 0.5458789104573885, ""subsample"": 0.8760105394320372}"
2,0,245,1,0.5393855,0.57437911375895,0.10036552861078508,"{""colsample_bytree"": 0.4030097279432449, ""learning_rate"": 0.027847910823752778, ""max_depth"": 4, ""min_child_weight"": 2, ""reg_lambda"": 0.5458789104573885, ""subsample"": 0.8760105394320372}"
2,0,247,0,0.07412473,0.1729360585391362,0.061415521678655896,"{""colsample_bytree"": 0.4030097279432449, ""learning_rate"": 0.027847910823752778, ""max_depth"": 4, ""min_child_weight"": 2, ""reg_lambda"": 0.5458789104573885, ""subsample"": 0.8760105394320372}"
2,0,255,0,0.11339872,0.18766182873391393,0.07373297382275061,"{""colsample_bytree"": 0.4030097279432449, ""learning_rate"": 0.027847910823752778, ""max_depth"": 4, ""min_child_weight"": 2, ""reg_lambda"": 0.5458789104573885, ""subsample"": 0.8760105394320372}"
2,0,256,0,0.0857904,0.17344444322657745,0.07465587017304058,"{""colsample_bytree"": 0.4030097279432449, ""learning_rate"": 0.027847910823752778, ""max_depth"": 4, ""min_child_weight"": 2, ""reg_lambda"": 0.5458789104573885, ""subsample"": 0.8760105394320372}"
2,0,258,0,0.1120906,0.18585226503601143,0.05584970261534338,"{""colsample_bytree"": 0.4030097279432449, ""learning_rate"": 0.027847910823752778, ""max_depth"": 4, ""min_child_weight"": 2, ""reg_lambda"": 0.5458789104573885, ""subsample"": 0.8760105394320372}"
2,0,269,1,0.7508108,0.7154520870593056,0.020764048318275746,"{""colsample_bytree"": 0.4030097279432449, ""learning_rate"": 0.027847910823752778, ""max_depth"": 4, ""min_child_weight"": 2, ""reg_lambda"": 0.5458789104573885, ""subsample"": 0.8760105394320372}"
2,0,271,1,0.92933357,0.8495718864158069,0.06132346311860138,"{""colsample_bytree"": 0.4030097279432449, ""learning_rate"": 0.027847910823752778, ""max_depth"": 4, ""min_child_weight"": 2, ""reg_lambda"": 0.5458789104573885, ""subsample"": 0.8760105394320372}"
2,0,274,1,0.9288895,0.8521359916946848,0.04812126275069585,"{""colsample_bytree"": 0.4030097279432449, ""learning_rate"": 0.027847910823752778, ""max_depth"": 4, ""min_child_weight"": 2, ""reg_lambda"": 0.5458789104573885, ""subsample"": 0.8760105394320372}"
2,0,296,0,0.39650127,0.3857379574613946,0.13472635083711454,"{""colsample_bytree"": 0.4030097279432449, ""learning_rate"": 0.027847910823752778, ""max_depth"": 4, ""min_child_weight"": 2, ""reg_lambda"": 0.5458789104573885, ""subsample"": 0.8760105394320372}"
2,0,301,0,0.22141312,0.2690014803245702,0.09404096237085892,"{""colsample_bytree"": 0.4030097279432449, ""learning_rate"": 0.027847910823752778, ""max_depth"": 4, ""min_child_weight"": 2, ""reg_lambda"": 0.5458789104573885, ""subsample"": 0.8760105394320372}"
2,0,302,1,0.47674355,0.5071610559202911,0.08296728856634075,"{""colsample_bytree"": 0.4030097279432449, ""learning_rate"": 0.027847910823752778, ""max_depth"": 4, ""min_child_weight"": 2, ""reg_lambda"": 0.5458789104573885, ""subsample"": 0.8760105394320372}"
2,1,3,0,0.40637156,0.36432097766349525,0.15620437756304908,"{""colsample_bytree"": 0.7645480145686858, ""learning_rate"": 0.015467072390708297, ""max_depth"": 2, ""min_child_weight"": 6, ""reg_lambda"": 1.0355854651518681, ""subsample"": 0.9448136406422498}"
2,1,8,0,0.2281507,0.16843037493635804,0.04195311976682178,"{""colsample_bytree"": 0.7645480145686858, ""learning_rate"": 0.015467072390708297, ""max_depth"": 2, ""min_child_weight"": 6, ""reg_lambda"": 1.0355854651518681, ""subsample"": 0.9448136406422498}"
2,1,9,0,0.85184395,0.883472045133731,0.008741324179964097,"{""colsample_bytree"": 0.7645480145686858, ""learning_rate"": 0.015467072390708297, ""max_depth"": 2, ""min_child_weight"": 6, ""reg_lambda"": 1.0355854651518681, ""subsample"": 0.9448136406422498}"
2,1,12,1,0.8399397,0.8662596711838377,0.02745587873125339,"{""colsample_bytree"": 0.7645480145686858, ""learning_rate"": 0.015467072390708297, ""max_depth"": 2, ""min_child_weight"": 6, ""reg_lambda"": 1.0355854651518681, ""subsample"": 0.9448136406422498}"
2,1,20,0,0.20808676,0.15788899042165977,0.04697200072115775,"{""colsample_bytree"": 0.7645480145686858, ""learning_rate"": 0.015467072390708297, ""max_depth"": 2, ""min_child_weight"": 6, ""reg_lambda"": 1.0355854651518681, ""subsample"": 0.9448136406422498}"
2,1,21,1,0.597071,0.6406834082039641,0.03565181220816775,"{""colsample_bytree"": 0.7645480145686858, ""learning_rate"": 0.015467072390708297, ""max_depth"": 2, ""min_child_weight"": 6, ""reg_lambda"": 1.0355854651518681, ""subsample"": 0.9448136406422498}"
2,1,33,1,0.76761246,0.8131422539767097,0.044741313532035,"{""colsample_bytree"": 0.7645480145686858, ""learning_rate"": 0.015467072390708297, ""max_depth"": 2, ""min_child_weight"": 6, ""reg_lambda"": 1.0355854651518681, ""subsample"": 0.9448136406422498}"
2,1,37,1,0.6802463,0.7012648769559928,0.08515832519249918,"{""colsample_bytree"": 0.7645480145686858, ""learning_rate"": 0.015467072390708297, ""max_depth"": 2, ""min_child_weight"": 6, ""reg_lambda"": 1.0355854651518681, ""subsample"": 0.9448136406422498}"
2,1,39,1,0.90326804,0.9108521899755088,0.01614082877349175,"{""colsample_bytree"": 0.7645480145686858, ""learning_rate"": 0.015467072390708297, ""max_depth"": 2, ""min_child_weight"": 6, ""reg_lambda"": 1.0355854651518681, ""subsample"": 0.9448136406422498}"
2,1,40,1,0.79048204,0.839408789165638,0.021374351454468265,"{""colsample_bytree"": 0.7645480145686858, ""learning_rate"": 0.015467072390708297, ""max_depth"": 2, ""min_child_weight"": 6, ""reg_lambda"": 1.0355854651518681, ""subsample"": 0.9448136406422498}"
2,1,41,0,0.26485297,0.20003095617971586,0.047988103817879046,"{""colsample_bytree"": 0.7645480145686858, ""learning_rate"": 0.015467072390708297, ""max_depth"": 2, ""min_child_weight"": 6, ""reg_lambda"": 1.0355854651518681, ""subsample"": 0.9448136406422498}"
2,1,43,1,0.5895307,0.6636015341505296,0.08054594496236323,"{""colsample_bytree"": 0.7645480145686858, ""learning_rate"": 0.015467072390708297, ""max_depth"": 2, ""min_child_weight"": 6, ""reg_lambda"": 1.0355854651518681, ""subsample"": 0.9448136406422498}"
2,1,47,1,0.7919507,0.8392316354110114,0.03393753355026745,"{""colsample_bytree"": 0.7645480145686858, ""learning_rate"": 0.015467072390708297, ""max_depth"": 2, ""min_child_weight"": 6, ""reg_lambda"": 1.0355854651518681, ""subsample"": 0.9448136406422498}"
2,1,50,0,0.48877588,0.43600301648153017,0.115717223334381,"{""colsample_bytree"": 0.7645480145686858, ""learning_rate"": 0.015467072390708297, ""max_depth"": 2, ""min_child_weight"": 6, ""reg_lambda"": 1.0355854651518681, ""subsample"": 0.9448136406422498}"
2,1,53,0,0.43610597,0.43107664367578896,0.14412185573588543,"{""colsample_bytree"": 0.7645480145686858, ""learning_rate"": 0.015467072390708297, ""max_depth"": 2, ""min_child_weight"": 6, ""reg_lambda"": 1.0355854651518681, ""subsample"": 0.9448136406422498}"
2,1,57,1,0.9003301,0.9038087423888648,0.015528171556280276,"{""colsample_bytree"": 0.7645480145686858, ""learning_rate"": 0.015467072390708297, ""max_depth"": 2, ""min_child_weight"": 6, ""reg_lambda"": 1.0355854651518681, ""subsample"": 0.9448136406422498}"
2,1,58,1,0.30481583,0.18562144562448557,0.04914174826318714,"{""colsample_bytree"": 0.7645480145686858, ""learning_rate"": 0.015467072390708297, ""max_depth"": 2, ""min_child_weight"": 6, ""reg_lambda"": 1.0355854651518681, ""subsample"": 0.9448136406422498}"
2,1,62,1,0.11480037,0.09137733747549888,0.010864471089829651,"{""colsample_bytree"": 0.7645480145686858, ""learning_rate"": 0.015467072390708297, ""max_depth"": 2, ""min_child_weight"": 6, ""reg_lambda"": 1.0355854651518681, ""subsample"": 0.9448136406422498}"
2,1,65,0,0.6313726,0.6904503145833496,0.018979706733806275,"{""colsample_bytree"": 0.7645480145686858, ""learning_rate"": 0.015467072390708297, ""max_depth"": 2, ""min_child_weight"": 6, ""reg_lambda"": 1.0355854651518681, ""subsample"": 0.9448136406422498}"
2,1,69,1,0.684601,0.6891180421649203,0.013944887868819124,"{""colsample_bytree"": 0.7645480145686858, ""learning_rate"": 0.015467072390708297, ""max_depth"": 2, ""min_child_weight"": 6, ""reg_lambda"": 1.0355854651518681, ""subsample"": 0.9448136406422498}"
2,1,82,1,0.4462954,0.3959925953979709,0.05867317394574861,"{""colsample_bytree"": 0.7645480145686858, ""learning_rate"": 0.015467072390708297, ""max_depth"": 2, ""min_child_weight"": 6, ""reg_lambda"": 1.0355854651518681, ""subsample"": 0.9448136406422498}"
2,1,85,0,0.49534884,0.5054680123005204,0.07155234591242397,"{""colsample_bytree"": 0.7645480145686858, ""learning_rate"": 0.015467072390708297, ""max_depth"": 2, ""min_child_weight"": 6, ""reg_lambda"": 1.0355854651518681, ""subsample"": 0.9448136406422498}"
2,1,86,1,0.66423196,0.682594245195076,0.08438593351095917,"{""colsample_bytree"": 0.7645480145686858, ""learning_rate"": 0.015467072390708297, ""max_depth"": 2, ""min_child_weight"": 6, ""reg_lambda"": 1.0355854651518681, ""subsample"": 0.9448136406422498}"
2,1,104,0,0.62008715,0.6188389465447075,0.09886662633268191,"{""colsample_bytree"": 0.7645480145686858, ""learning_rate"": 0.015467072390708297, ""max_depth"": 2, ""min_child_weight"": 6, ""reg_lambda"": 1.0355854651518681, ""subsample"": 0.9448136406422498}"
2,1,111,1,0.70263326,0.7510890407048703,0.038411309342492435,"{""colsample_bytree"": 0.7645480145686858, ""learning_rate"": 0.015467072390708297, ""max_depth"": 2, ""min_child_weight"": 6, ""reg_lambda"": 1.0355854651518681, ""subsample"": 0.9448136406422498}"
2,1,113,0,0.14710608,0.10665565751303399,0.017883797736809676,"{""colsample_bytree"": 0.7645480145686858, ""learning_rate"": 0.015467072390708297, ""max_depth"": 2, ""min_child_weight"": 6, ""reg_lambda"": 1.0355854651518681, ""subsample"": 0.9448136406422498}"
2,1,117,1,0.7743861,0.8429140812171687,0.03063772718884952,"{""colsample_bytree"": 0.7645480145686858, ""learning_rate"": 0.015467072390708297, ""max_depth"": 2, ""min_child_weight"": 6, ""reg_lambda"": 1.0355854651518681, ""subsample"": 0.9448136406422498}"
2,1,120,1,0.8187962,0.8371803471840279,0.029526809481541568,"{""colsample_bytree"": 0.7645480145686858, ""learning_rate"": 0.015467072390708297, ""max_depth"": 2, ""min_child_weight"": 6, ""reg_lambda"": 1.0355854651518681, ""subsample"": 0.9448136406422498}"
2,1,122,0,0.7511332,0.8045341741634335,0.04515187294536044,"{""colsample_bytree"": 0.7645480145686858, ""learning_rate"": 0.015467072390708297, ""max_depth"": 2, ""min_child_weight"": 6, ""reg_lambda"": 1.0355854651518681, ""subsample"": 0.9448136406422498}"
2,1,131,1,0.907341,0.910327700538622,0.015958715985527182,"{""colsample_bytree"": 0.7645480145686858, ""learning_rate"": 0.015467072390708297, ""max_depth"": 2, ""min_child_weight"": 6, ""reg_lambda"": 1.0355854651518681, ""subsample"": 0.9448136406422498}"
2,1,133,0,0.41894835,0.39249975746904575,0.04664702580006524,"{""colsample_bytree"": 0.7645480145686858, ""learning_rate"": 0.015467072390708297, ""max_depth"": 2, ""min_child_weight"": 6, ""reg_lambda"": 1.0355854651518681, ""subsample"": 0.9448136406422498}"
2,1,134,1,0.48107308,0.41107106603861165,0.09364621020074812,"{""colsample_bytree"": 0.7645480145686858, ""learning_rate"": 0.015467072390708297, ""max_depth"": 2, ""min_child_weight"": 6, ""reg_lambda"": 1.0355854651518681, ""subsample"": 0.9448136406422498}"
2,1,135,1,0.519842,0.5003114728002949,0.06426747652320823,"{""colsample_bytree"": 0.7645480145686858, ""learning_rate"": 0.015467072390708297, ""max_depth"": 2, ""min_child_weight"": 6, ""reg_lambda"": 1.0355854651518681, ""subsample"": 0.9448136406422498}"
2,1,136,0,0.24856493,0.20507007344272216,0.04960190220582168,"{""colsample_bytree"": 0.7645480145686858, ""learning_rate"": 0.015467072390708297, ""max_depth"": 2, ""min_child_weight"": 6, ""reg_lambda"": 1.0355854651518681, ""subsample"": 0.9448136406422498}"
2,1,139,1,0.778579,0.8095480393758365,0.029894287344143095,"{""colsample_bytree"": 0.7645480145686858, ""learning_rate"": 0.015467072390708297, ""max_depth"": 2, ""min_child_weight"": 6, ""reg_lambda"": 1.0355854651518681, ""subsample"": 0.9448136406422498}"
2,1,140,1,0.89198434,0.8965221578759156,0.012426391026052428,"{""colsample_bytree"": 0.7645480145686858, ""learning_rate"": 0.015467072390708297, ""max_depth"": 2, ""min_child_weight"": 6, ""reg_lambda"": 1.0355854651518681, ""subsample"": 0.9448136406422498}"
2,1,143,0,0.117174454,0.08629025994988182,0.012718848685654937,"{""colsample_bytree"": 0.7645480145686858, ""learning_rate"": 0.015467072390708297, ""max_depth"": 2, ""min_child_weight"": 6, ""reg_lambda"": 1.0355854651518681, ""subsample"": 0.9448136406422498}"
2,1,156,1,0.48983178,0.527694326922447,0.12920980297259105,"{""colsample_bytree"": 0.7645480145686858, ""learning_rate"": 0.015467072390708297, ""max_depth"": 2, ""min_child_weight"": 6, ""reg_lambda"": 1.0355854651518681, ""subsample"": 0.9448136406422498}"
2,1,158,0,0.5723766,0.545931179907407,0.07591334346556847,"{""colsample_bytree"": 0.7645480145686858, ""learning_rate"": 0.015467072390708297, ""max_depth"": 2, ""min_child_weight"": 6, ""reg_lambda"": 1.0355854651518681, ""subsample"": 0.9448136406422498}"
2,1,160,0,0.7437741,0.7968678503227631,0.02358623090738014,"{""colsample_bytree"": 0.7645480145686858, ""learning_rate"": 0.015467072390708297, ""max_depth"": 2, ""min_child_weight"": 6, ""reg_lambda"": 1.0355854651518681, ""subsample"": 0.9448136406422498}"
2,1,172,1,0.68463856,0.7067723278947944,0.03143136730931298,"{""colsample_bytree"": 0.7645480145686858, ""learning_rate"": 0.015467072390708297, ""max_depth"": 2, ""min_child_weight"": 6, ""reg_lambda"": 1.0355854651518681, ""subsample"": 0.9448136406422498}"
2,1,178,1,0.6401941,0.6456121908648329,0.06359652172105479,"{""colsample_bytree"": 0.7645480145686858, ""learning_rate"": 0.015467072390708297, ""max_depth"": 2, ""min_child_weight"": 6, ""reg_lambda"": 1.0355854651518681, ""subsample"": 0.9448136406422498}"
2,1,184,1,0.87267905,0.8919862637513898,0.013857752760209266,"{""colsample_bytree"": 0.7645480145686858, ""learning_rate"": 0.015467072390708297, ""max_depth"": 2, ""min_child_weight"": 6, ""reg_lambda"": 1.0355854651518681, ""subsample"": 0.9448136406422498}"
2,1,186,0,0.5056494,0.49417817920019685,0.09051643255158556,"{""colsample_bytree"": 0.7645480145686858, ""learning_rate"": 0.015467072390708297, ""max_depth"": 2, ""min_child_weight"": 6, ""reg_lambda"": 1.0355854651518681, ""subsample"": 0.9448136406422498}"
2,1,190,0,0.67260593,0.7053360445419213,0.08053255847358994,"{""colsample_bytree"": 0.7645480145686858, ""learning_rate"": 0.015467072390708297, ""max_depth"": 2, ""min_child_weight"": 6, ""reg_lambda"": 1.0355854651518681, ""subsample"": 0.9448136406422498}"
2,1,208,1,0.4471422,0.4527425128268326,0.046584547758070194,"{""colsample_bytree"": 0.7645480145686858, ""learning_rate"": 0.015467072390708297, ""max_depth"": 2, ""min_child_weight"": 6, ""reg_lambda"": 1.0355854651518681, ""subsample"": 0.9448136406422498}"
2,1,211,1,0.5067487,0.4988120255372426,0.11904593779746163,"{""colsample_bytree"": 0.7645480145686858, ""learning_rate"": 0.015467072390708297, ""max_depth"": 2, ""min_child_weight"": 6, ""reg_lambda"": 1.0355854651518681, ""subsample"": 0.9448136406422498}"
2,1,213,0,0.55918854,0.5752809121732995,0.09695150645822785,"{""colsample_bytree"": 0.7645480145686858, ""learning_rate"": 0.015467072390708297, ""max_depth"": 2, ""min_child_weight"": 6, ""reg_lambda"": 1.0355854651518681, ""subsample"": 0.9448136406422498}"
2,1,221,1,0.38918605,0.41250886022834965,0.09318322682920985,"{""colsample_bytree"": 0.7645480145686858, ""learning_rate"": 0.015467072390708297, ""max_depth"": 2, ""min_child_weight"": 6, ""reg_lambda"": 1.0355854651518681, ""subsample"": 0.9448136406422498}"
2,1,225,0,0.5295414,0.6043948407588414,0.05584339407864408,"{""colsample_bytree"": 0.7645480145686858, ""learning_rate"": 0.015467072390708297, ""max_depth"": 2, ""min_child_weight"": 6, ""reg_lambda"": 1.0355854651518681, ""subsample"": 0.9448136406422498}"
2,1,229,1,0.6946308,0.7756482408780659,0.058727390193864755,"{""colsample_bytree"": 0.7645480145686858, ""learning_rate"": 0.015467072390708297, ""max_depth"": 2, ""min_child_weight"": 6, ""reg_lambda"": 1.0355854651518681, ""subsample"": 0.9448136406422498}"
2,1,230,1,0.91853994,0.9112633373231043,0.018344634974342387,"{""colsample_bytree"": 0.7645480145686858, ""learning_rate"": 0.015467072390708297, ""max_depth"": 2, ""min_child_weight"": 6, ""reg_lambda"": 1.0355854651518681, ""subsample"": 0.9448136406422498}"
2,1,237,1,0.72954696,0.7504804267276404,0.03750816252465238,"{""colsample_bytree"": 0.7645480145686858, ""learning_rate"": 0.015467072390708297, ""max_depth"": 2, ""min_child_weight"": 6, ""reg_lambda"": 1.0355854651518681, ""subsample"": 0.9448136406422498}"
2,1,244,1,0.34331018,0.2894024010001619,0.09567268627207842,"{""colsample_bytree"": 0.7645480145686858, ""learning_rate"": 0.015467072390708297, ""max_depth"": 2, ""min_child_weight"": 6, ""reg_lambda"": 1.0355854651518681, ""subsample"": 0.9448136406422498}"
2,1,248,1,0.8954374,0.9098126334038087,0.017266297546042128,"{""colsample_bytree"": 0.7645480145686858, ""learning_rate"": 0.015467072390708297, ""max_depth"": 2, ""min_child_weight"": 6, ""reg_lambda"": 1.0355854651518681, ""subsample"": 0.9448136406422498}"
2,1,249,1,0.76102006,0.8046669283833637,0.04919734377445208,"{""colsample_bytree"": 0.7645480145686858, ""learning_rate"": 0.015467072390708297, ""max_depth"": 2, ""min_child_weight"": 6, ""reg_lambda"": 1.0355854651518681, ""subsample"": 0.9448136406422498}"
2,1,252,1,0.70270157,0.7312845554376419,0.08061912056374762,"{""colsample_bytree"": 0.7645480145686858, ""learning_rate"": 0.015467072390708297, ""max_depth"": 2, ""min_child_weight"": 6, ""reg_lambda"": 1.0355854651518681, ""subsample"": 0.9448136406422498}"
2,1,257,0,0.2909594,0.2310491308490147,0.10078058430635688,"{""colsample_bytree"": 0.7645480145686858, ""learning_rate"": 0.015467072390708297, ""max_depth"": 2, ""min_child_weight"": 6, ""reg_lambda"": 1.0355854651518681, ""subsample"": 0.9448136406422498}"
2,1,283,0,0.4007999,0.40949500307627285,0.07243384027391857,"{""colsample_bytree"": 0.7645480145686858, ""learning_rate"": 0.015467072390708297, ""max_depth"": 2, ""min_child_weight"": 6, ""reg_lambda"": 1.0355854651518681, ""subsample"": 0.9448136406422498}"
2,1,286,0,0.27970135,0.2114653040677486,0.06544131229862156,"{""colsample_bytree"": 0.7645480145686858, ""learning_rate"": 0.015467072390708297, ""max_depth"": 2, ""min_child_weight"": 6, ""reg_lambda"": 1.0355854651518681, ""subsample"": 0.9448136406422498}"
2,1,290,0,0.20972803,0.16086975349159527,0.03771782210260729,"{""colsample_bytree"": 0.7645480145686858, ""learning_rate"": 0.015467072390708297, ""max_depth"": 2, ""min_child_weight"": 6, ""reg_lambda"": 1.0355854651518681, ""subsample"": 0.9448136406422498}"
2,2,4,0,0.42033824,0.23977959968399812,0.10049662236669292,"{""colsample_bytree"": 0.42074515102260546, ""learning_rate"": 0.013665674385394745, ""max_depth"": 4, ""min_child_weight"": 1, ""reg_lambda"": 12.786248624621686, ""subsample"": 0.7001900043568771}"
2,2,5,1,0.6432551,0.7025359722095624,0.045094563788580344,"{""colsample_bytree"": 0.42074515102260546, ""learning_rate"": 0.013665674385394745, ""max_depth"": 4, ""min_child_weight"": 1, ""reg_lambda"": 12.786248624621686, ""subsample"": 0.7001900043568771}"
2,2,6,1,0.6915227,0.7735730399651564,0.048618294489117364,"{""colsample_bytree"": 0.42074515102260546, ""learning_rate"": 0.013665674385394745, ""max_depth"": 4, ""min_child_weight"": 1, ""reg_lambda"": 12.786248624621686, ""subsample"": 0.7001900043568771}"
2,2,11,1,0.8220612,0.9210002149467218,0.04688528200891832,"{""colsample_bytree"": 0.42074515102260546, ""learning_rate"": 0.013665674385394745, ""max_depth"": 4, ""min_child_weight"": 1, ""reg_lambda"": 12.786248624621686, ""subsample"": 0.7001900043568771}"
2,2,15,1,0.73315,0.8512575721334322,0.05572818691671438,"{""colsample_bytree"": 0.42074515102260546, ""learning_rate"": 0.013665674385394745, ""max_depth"": 4, ""min_child_weight"": 1, ""reg_lambda"": 12.786248624621686, ""subsample"": 0.7001900043568771}"
2,2,17,0,0.444341,0.2832108094945893,0.13792205775771677,"{""colsample_bytree"": 0.42074515102260546, ""learning_rate"": 0.013665674385394745, ""max_depth"": 4, ""min_child_weight"": 1, ""reg_lambda"": 12.786248624621686, ""subsample"": 0.7001900043568771}"
2,2,22,1,0.71914065,0.8406894001764688,0.05948586237145967,"{""colsample_bytree"": 0.42074515102260546, ""learning_rate"": 0.013665674385394745, ""max_depth"": 4, ""min_child_weight"": 1, ""reg_lambda"": 12.786248624621686, ""subsample"": 0.7001900043568771}"
2,2,27,0,0.40500244,0.17888646296196992,0.07626874492001288,"{""colsample_bytree"": 0.42074515102260546, ""learning_rate"": 0.013665674385394745, ""max_depth"": 4, ""min_child_weight"": 1, ""reg_lambda"": 12.786248624621686, ""subsample"": 0.7001900043568771}"
2,2,31,0,0.61685187,0.6015509498751312,0.10105020925909788,"{""colsample_bytree"": 0.42074515102260546, ""learning_rate"": 0.013665674385394745, ""max_depth"": 4, ""min_child_weight"": 1, ""reg_lambda"": 12.786248624621686, ""subsample"": 0.7001900043568771}"
2,2,32,1,0.67847425,0.7942078062368294,0.04945016342266122,"{""colsample_bytree"": 0.42074515102260546, ""learning_rate"": 0.013665674385394745, ""max_depth"": 4, ""min_child_weight"": 1, ""reg_lambda"": 12.786248624621686, ""subsample"": 0.7001900043568771}"
2,2,34,1,0.62614554,0.6755665703009612,0.07104857765629412,"{""colsample_bytree"": 0.42074515102260546, ""learning_rate"": 0.013665674385394745, ""max_depth"": 4, ""min_child_weight"": 1, ""reg_lambda"": 12.786248624621686, ""subsample"": 0.7001900043568771}"
2,2,42,0,0.36548674,0.1694536329813326,0.08453553093758513,"{""colsample_bytree"": 0.42074515102260546, ""learning_rate"": 0.013665674385394745, ""max_depth"": 4, ""min_child_weight"": 1, ""reg_lambda"": 12.786248624621686, ""subsample"": 0.7001900043568771}"
2,2,55,1,0.76251334,0.8799386505715843,0.05167504149075288,"{""colsample_bytree"": 0.42074515102260546, ""learning_rate"": 0.013665674385394745, ""max_depth"": 4, ""min_child_weight"": 1, ""reg_lambda"": 12.786248624621686, ""subsample"": 0.7001900043568771}"
2,2,64,0,0.4137327,0.19544299189519992,0.08066207861714902,"{""colsample_bytree"": 0.42074515102260546, ""learning_rate"": 0.013665674385394745, ""max_depth"": 4, ""min_child_weight"": 1, ""reg_lambda"": 12.786248624621686, ""subsample"": 0.7001900043568771}"
2,2,71,1,0.77771074,0.8824149718368506,0.05082700030077663,"{""colsample_bytree"": 0.42074515102260546, ""learning_rate"": 0.013665674385394745, ""max_depth"": 4, ""min_child_weight"": 1, ""reg_lambda"": 12.786248624621686, ""subsample"": 0.7001900043568771}"
2,2,72,1,0.6586271,0.7337047133534489,0.04750919055674071,"{""colsample_bytree"": 0.42074515102260546, ""learning_rate"": 0.013665674385394745, ""max_depth"": 4, ""min_child_weight"": 1, ""reg_lambda"": 12.786248624621686, ""subsample"": 0.7001900043568771}"
2,2,74,1,0.7887793,0.8948266562054574,0.05161236289072952,"{""colsample_bytree"": 0.42074515102260546, ""learning_rate"": 0.013665674385394745, ""max_depth"": 4, ""min_child_weight"": 1, ""reg_lambda"": 12.786248624621686, ""subsample"": 0.7001900043568771}"
2,2,78,1,0.65868354,0.7512774922676261,0.04517889323743279,"{""colsample_bytree"": 0.42074515102260546, ""learning_rate"": 0.013665674385394745, ""max_depth"": 4, ""min_child_weight"": 1, ""reg_lambda"": 12.786248624621686, ""subsample"": 0.7001900043568771}"
2,2,80,1,0.758664,0.8759941179810028,0.06350630667378669,"{""colsample_bytree"": 0.42074515102260546, ""learning_rate"": 0.013665674385394745, ""max_depth"": 4, ""min_child_weight"": 1, ""reg_lambda"": 12.786248624621686, ""subsample"": 0.7001900043568771}"
2,2,83,1,0.60861194,0.6035810679178135,0.06786620242080593,"{""colsample_bytree"": 0.42074515102260546, ""learning_rate"": 0.013665674385394745, ""max_depth"": 4, ""min_child_weight"": 1, ""reg_lambda"": 12.786248624621686, ""subsample"": 0.7001900043568771}"
2,2,97,1,0.6472192,0.7206569185550644,0.10250848591651109,"{""colsample_bytree"": 0.42074515102260546, ""learning_rate"": 0.013665674385394745, ""max_depth"": 4, ""min_child_weight"": 1, ""reg_lambda"": 12.786248624621686, ""subsample"": 0.7001900043568771}"
2,2,101,1,0.79923975,0.9125818294128027,0.04466157006541703,"{""colsample_bytree"": 0.42074515102260546, ""learning_rate"": 0.013665674385394745, ""max_depth"": 4, ""min_child_weight"": 1, ""reg_lambda"": 12.786248624621686, ""subsample"": 0.7001900043568771}"
2,2,108,0,0.39783347,0.2456047921695707,0.133723347650565,"{""colsample_bytree"": 0.42074515102260546, ""learning_rate"": 0.013665674385394745, ""max_depth"": 4, ""min_child_weight"": 1, ""reg_lambda"": 12.786248624621686, ""subsample"": 0.7001900043568771}"
2,2,112,0,0.70541525,0.795906460256045,0.026893263205393852,"{""colsample_bytree"": 0.42074515102260546, ""learning_rate"": 0.013665674385394745, ""max_depth"": 4, ""min_child_weight"": 1, ""reg_lambda"": 12.786248624621686, ""subsample"": 0.7001900043568771}"
2,2,121,0,0.6844594,0.7472436080193686,0.09059328014398951,"{""colsample_bytree"": 0.42074515102260546, ""learning_rate"": 0.013665674385394745, ""max_depth"": 4, ""min_child_weight"": 1, ""reg_lambda"": 12.786248624621686, ""subsample"": 0.7001900043568771}"
2,2,125,1,0.6689408,0.7538144460973762,0.06220692109842576,"{""colsample_bytree"": 0.42074515102260546, ""learning_rate"": 0.013665674385394745, ""max_depth"": 4, ""min_child_weight"": 1, ""reg_lambda"": 12.786248624621686, ""subsample"": 0.7001900043568771}"
2,2,127,1,0.7783374,0.8909236836436228,0.051416670619518746,"{""colsample_bytree"": 0.42074515102260546, ""learning_rate"": 0.013665674385394745, ""max_depth"": 4, ""min_child_weight"": 1, ""reg_lambda"": 12.786248624621686, ""subsample"": 0.7001900043568771}"
2,2,138,1,0.6603828,0.7514367819322847,0.04447485683186606,"{""colsample_bytree"": 0.42074515102260546, ""learning_rate"": 0.013665674385394745, ""max_depth"": 4, ""min_child_weight"": 1, ""reg_lambda"": 12.786248624621686, ""subsample"": 0.7001900043568771}"
2,2,142,1,0.4148064,0.2394801446861501,0.10560108810792898,"{""colsample_bytree"": 0.42074515102260546, ""learning_rate"": 0.013665674385394745, ""max_depth"": 4, ""min_child_weight"": 1, ""reg_lambda"": 12.786248624621686, ""subsample"": 0.7001900043568771}"
2,2,145,0,0.70013165,0.8207468557285986,0.0704260362197282,"{""colsample_bytree"": 0.42074515102260546, ""learning_rate"": 0.013665674385394745, ""max_depth"": 4, ""min_child_weight"": 1, ""reg_lambda"": 12.786248624621686, ""subsample"": 0.7001900043568771}"
2,2,153,0,0.5238419,0.43504801194082593,0.10888328997624916,"{""colsample_bytree"": 0.42074515102260546, ""learning_rate"": 0.013665674385394745, ""max_depth"": 4, ""min_child_weight"": 1, ""reg_lambda"": 12.786248624621686, ""subsample"": 0.7001900043568771}"
2,2,155,1,0.78608507,0.8968738848439969,0.06375071081510574,"{""colsample_bytree"": 0.42074515102260546, ""learning_rate"": 0.013665674385394745, ""max_depth"": 4, ""min_child_weight"": 1, ""reg_lambda"": 12.786248624621686, ""subsample"": 0.7001900043568771}"
2,2,159,1,0.78608215,0.9022270521994356,0.050904625011796385,"{""colsample_bytree"": 0.42074515102260546, ""learning_rate"": 0.013665674385394745, ""max_depth"": 4, ""min_child_weight"": 1, ""reg_lambda"": 12.786248624621686, ""subsample"": 0.7001900043568771}"
2,2,161,1,0.7984437,0.9048382491277952,0.04213744764725948,"{""colsample_bytree"": 0.42074515102260546, ""learning_rate"": 0.013665674385394745, ""max_depth"": 4, ""min_child_weight"": 1, ""reg_lambda"": 12.786248624621686, ""subsample"": 0.7001900043568771}"
2,2,165,1,0.52954245,0.505364469106073,0.13539292811554418,"{""colsample_bytree"": 0.42074515102260546, ""learning_rate"": 0.013665674385394745, ""max_depth"": 4, ""min_child_weight"": 1, ""reg_lambda"": 12.786248624621686, ""subsample"": 0.7001900043568771}"
2,2,179,0,0.3019398,0.11589804760627273,0.06211088147933648,"{""colsample_bytree"": 0.42074515102260546, ""learning_rate"": 0.013665674385394745, ""max_depth"": 4, ""min_child_weight"": 1, ""reg_lambda"": 12.786248624621686, ""subsample"": 0.7001900043568771}"
2,2,183,0,0.6165396,0.6703816867767636,0.026440709207787096,"{""colsample_bytree"": 0.42074515102260546, ""learning_rate"": 0.013665674385394745, ""max_depth"": 4, ""min_child_weight"": 1, ""reg_lambda"": 12.786248624621686, ""subsample"": 0.7001900043568771}"
2,2,189,1,0.7095887,0.8222984250407223,0.0329212264209639,"{""colsample_bytree"": 0.42074515102260546, ""learning_rate"": 0.013665674385394745, ""max_depth"": 4, ""min_child_weight"": 1, ""reg_lambda"": 12.786248624621686, ""subsample"": 0.7001900043568771}"
2,2,192,0,0.29420787,0.09846071627280836,0.053189300452672984,"{""colsample_bytree"": 0.42074515102260546, ""learning_rate"": 0.013665674385394745, ""max_depth"": 4, ""min_child_weight"": 1, ""reg_lambda"": 12.786248624621686, ""subsample"": 0.7001900043568771}"
2,2,193,0,0.56703967,0.5276912458089307,0.1244137950180716,"{""colsample_bytree"": 0.42074515102260546, ""learning_rate"": 0.013665674385394745, ""max_depth"": 4, ""min_child_weight"": 1, ""reg_lambda"": 12.786248624621686, ""subsample"": 0.7001900043568771}"
2,2,197,1,0.73489374,0.8638859525732722,0.0701326808338073,"{""colsample_bytree"": 0.42074515102260546, ""learning_rate"": 0.013665674385394745, ""max_depth"": 4, ""min_child_weight"": 1, ""reg_lambda"": 12.786248624621686, ""subsample"": 0.7001900043568771}"
2,2,200,1,0.71515536,0.7965785497276259,0.05735250648011579,"{""colsample_bytree"": 0.42074515102260546, ""learning_rate"": 0.013665674385394745, ""max_depth"": 4, ""min_child_weight"": 1, ""reg_lambda"": 12.786248624621686, ""subsample"": 0.7001900043568771}"
2,2,202,1,0.705847,0.819704823047131,0.06136832428577471,"{""colsample_bytree"": 0.42074515102260546, ""learning_rate"": 0.013665674385394745, ""max_depth"": 4, ""min_child_weight"": 1, ""reg_lambda"": 12.786248624621686, ""subsample"": 0.7001900043568771}"
2,2,205,0,0.529048,0.37507078985928,0.1201528341621469,"{""colsample_bytree"": 0.42074515102260546, ""learning_rate"": 0.013665674385394745, ""max_depth"": 4, ""min_child_weight"": 1, ""reg_lambda"": 12.786248624621686, ""subsample"": 0.7001900043568771}"
2,2,207,1,0.6700406,0.7340445430890679,0.09214636353032132,"{""colsample_bytree"": 0.42074515102260546, ""learning_rate"": 0.013665674385394745, ""max_depth"": 4, ""min_child_weight"": 1, ""reg_lambda"": 12.786248624621686, ""subsample"": 0.7001900043568771}"
2,2,217,0,0.41745502,0.23848651359365922,0.10711283962746188,"{""colsample_bytree"": 0.42074515102260546, ""learning_rate"": 0.013665674385394745, ""max_depth"": 4, ""min_child_weight"": 1, ""reg_lambda"": 12.786248624621686, ""subsample"": 0.7001900043568771}"
2,2,223,1,0.5118179,0.4621717296651438,0.07777738050487908,"{""colsample_bytree"": 0.42074515102260546, ""learning_rate"": 0.013665674385394745, ""max_depth"": 4, ""min_child_weight"": 1, ""reg_lambda"": 12.786248624621686, ""subsample"": 0.7001900043568771}"
2,2,227,1,0.6958886,0.783011489354976,0.055890010186926777,"{""colsample_bytree"": 0.42074515102260546, ""learning_rate"": 0.013665674385394745, ""max_depth"": 4, ""min_child_weight"": 1, ""reg_lambda"": 12.786248624621686, ""subsample"": 0.7001900043568771}"
2,2,231,0,0.80971485,0.9124260058354107,0.04335142679552216,"{""colsample_bytree"": 0.42074515102260546, ""learning_rate"": 0.013665674385394745, ""max_depth"": 4, ""min_child_weight"": 1, ""reg_lambda"": 12.786248624621686, ""subsample"": 0.7001900043568771}"
2,2,239,1,0.73228914,0.8369074352164366,0.03682262794101945,"{""colsample_bytree"": 0.42074515102260546, ""learning_rate"": 0.013665674385394745, ""max_depth"": 4, ""min_child_weight"": 1, ""reg_lambda"": 12.786248624621686, ""subsample"": 0.7001900043568771}"
2,2,240,1,0.8325222,0.9234131525284889,0.049385402578111866,"{""colsample_bytree"": 0.42074515102260546, ""learning_rate"": 0.013665674385394745, ""max_depth"": 4, ""min_child_weight"": 1, ""reg_lambda"": 12.786248624621686, ""subsample"": 0.7001900043568771}"
2,2,243,0,0.73129606,0.858754243063087,0.0540481036437113,"{""colsample_bytree"": 0.42074515102260546, ""learning_rate"": 0.013665674385394745, ""max_depth"": 4, ""min_child_weight"": 1, ""reg_lambda"": 12.786248624621686, ""subsample"": 0.7001900043568771}"
2,2,251,1,0.45734793,0.305286960181542,0.08286118661900087,"{""colsample_bytree"": 0.42074515102260546, ""learning_rate"": 0.013665674385394745, ""max_depth"": 4, ""min_child_weight"": 1, ""reg_lambda"": 12.786248624621686, ""subsample"": 0.7001900043568771}"
2,2,254,0,0.5952989,0.5871181471227749,0.017121968534204824,"{""colsample_bytree"": 0.42074515102260546, ""learning_rate"": 0.013665674385394745, ""max_depth"": 4, ""min_child_weight"": 1, ""reg_lambda"": 12.786248624621686, ""subsample"": 0.7001900043568771}"
2,2,260,1,0.7076805,0.7916173482699744,0.06559342136482628,"{""colsample_bytree"": 0.42074515102260546, ""learning_rate"": 0.013665674385394745, ""max_depth"": 4, ""min_child_weight"": 1, ""reg_lambda"": 12.786248624621686, ""subsample"": 0.7001900043568771}"
2,2,272,0,0.6170645,0.6148888982467436,0.09483278835253289,"{""colsample_bytree"": 0.42074515102260546, ""learning_rate"": 0.013665674385394745, ""max_depth"": 4, ""min_child_weight"": 1, ""reg_lambda"": 12.786248624621686, ""subsample"": 0.7001900043568771}"
2,2,278,0,0.7749784,0.8894199974320056,0.040822203278115955,"{""colsample_bytree"": 0.42074515102260546, ""learning_rate"": 0.013665674385394745, ""max_depth"": 4, ""min_child_weight"": 1, ""reg_lambda"": 12.786248624621686, ""subsample"": 0.7001900043568771}"
2,2,289,0,0.49630743,0.3982857099492604,0.12159064964662593,"{""colsample_bytree"": 0.42074515102260546, ""learning_rate"": 0.013665674385394745, ""max_depth"": 4, ""min_child_weight"": 1, ""reg_lambda"": 12.786248624621686, ""subsample"": 0.7001900043568771}"
2,2,292,0,0.52031493,0.42040327376202863,0.10230472073278736,"{""colsample_bytree"": 0.42074515102260546, ""learning_rate"": 0.013665674385394745, ""max_depth"": 4, ""min_child_weight"": 1, ""reg_lambda"": 12.786248624621686, ""subsample"": 0.7001900043568771}"
2,2,293,0,0.40651438,0.24499443838870127,0.12851849763456424,"{""colsample_bytree"": 0.42074515102260546, ""learning_rate"": 0.013665674385394745, ""max_depth"": 4, ""min_child_weight"": 1, ""reg_lambda"": 12.786248624621686, ""subsample"": 0.7001900043568771}"
2,2,295,0,0.5631069,0.5449721209884109,0.1274078040969036,"{""colsample_bytree"": 0.42074515102260546, ""learning_rate"": 0.013665674385394745, ""max_depth"": 4, ""min_child_weight"": 1, ""reg_lambda"": 12.786248624621686, ""subsample"": 0.7001900043568771}"
2,3,1,1,0.91846853,0.9043600506138091,0.021939809300354492,"{""colsample_bytree"": 0.9090194712503148, ""learning_rate"": 0.019930736752660466, ""max_depth"": 4, ""min_child_weight"": 1, ""reg_lambda"": 8.17305432917063, ""subsample"": 0.8157028260014318}"
2,3,2,1,0.91729635,0.9015765869783496,0.019984942768786484,"{""colsample_bytree"": 0.9090194712503148, ""learning_rate"": 0.019930736752660466, ""max_depth"": 4, ""min_child_weight"": 1, ""reg_lambda"": 8.17305432917063, ""subsample"": 0.8157028260014318}"
2,3,7,1,0.8220896,0.8595786371996958,0.031338469042216786,"{""colsample_bytree"": 0.9090194712503148, ""learning_rate"": 0.019930736752660466, ""max_depth"": 4, ""min_child_weight"": 1, ""reg_lambda"": 8.17305432917063, ""subsample"": 0.8157028260014318}"
2,3,13,1,0.53548586,0.5911625118774572,0.017155876579097725,"{""colsample_bytree"": 0.9090194712503148, ""learning_rate"": 0.019930736752660466, ""max_depth"": 4, ""min_child_weight"": 1, ""reg_lambda"": 8.17305432917063, ""subsample"": 0.8157028260014318}"
2,3,16,0,0.39369363,0.45964719599141823,0.16618015649669796,"{""colsample_bytree"": 0.9090194712503148, ""learning_rate"": 0.019930736752660466, ""max_depth"": 4, ""min_child_weight"": 1, ""reg_lambda"": 8.17305432917063, ""subsample"": 0.8157028260014318}"
2,3,23,1,0.89423364,0.8903769191390595,0.032211391273662925,"{""colsample_bytree"": 0.9090194712503148, ""learning_rate"": 0.019930736752660466, ""max_depth"": 4, ""min_child_weight"": 1, ""reg_lambda"": 8.17305432917063, ""subsample"": 0.8157028260014318}"
2,3,24,1,0.75849456,0.7908546737203265,0.030173565457091066,"{""colsample_bytree"": 0.9090194712503148, ""learning_rate"": 0.019930736752660466, ""max_depth"": 4, ""min_child_weight"": 1, ""reg_lambda"": 8.17305432917063, ""subsample"": 0.8157028260014318}"
2,3,29,0,0.8071185,0.8560721171504919,0.02777399415965186,"{""colsample_bytree"": 0.9090194712503148, ""learning_rate"": 0.019930736752660466, ""max_depth"": 4, ""min_child_weight"": 1, ""reg_lambda"": 8.17305432917063, ""subsample"": 0.8157028260014318}"
2,3,35,0,0.2758221,0.19167897465775097,0.03988704587034392,"{""colsample_bytree"": 0.9090194712503148, ""learning_rate"": 0.019930736752660466, ""max_depth"": 4, ""min_child_weight"": 1, ""reg_lambda"": 8.17305432917063, ""subsample"": 0.8157028260014318}"
2,3,38,1,0.7202966,0.7410704727681294,0.08099994437609695,"{""colsample_bytree"": 0.9090194712503148, ""learning_rate"": 0.019930736752660466, ""max_depth"": 4, ""min_child_weight"": 1, ""reg_lambda"": 8.17305432917063, ""subsample"": 0.8157028260014318}"
2,3,44,0,0.6637198,0.7054731159082379,0.11152476954768105,"{""colsample_bytree"": 0.9090194712503148, ""learning_rate"": 0.019930736752660466, ""max_depth"": 4, ""min_child_weight"": 1, ""reg_lambda"": 8.17305432917063, ""subsample"": 0.8157028260014318}"
2,3,46,1,0.7273557,0.7757051871351054,0.05245956843717095,"{""colsample_bytree"": 0.9090194712503148, ""learning_rate"": 0.019930736752660466, ""max_depth"": 4, ""min_child_weight"": 1, ""reg_lambda"": 8.17305432917063, ""subsample"": 0.8157028260014318}"
2,3,61,1,0.37481022,0.3920190185661143,0.1724331281330486,"{""colsample_bytree"": 0.9090194712503148, ""learning_rate"": 0.019930736752660466, ""max_depth"": 4, ""min_child_weight"": 1, ""reg_lambda"": 8.17305432917063, ""subsample"": 0.8157028260014318}"
2,3,63,1,0.676002,0.7200420489482666,0.06658819830636822,"{""colsample_bytree"": 0.9090194712503148, ""learning_rate"": 0.019930736752660466, ""max_depth"": 4, ""min_child_weight"": 1, ""reg_lambda"": 8.17305432917063, ""subsample"": 0.8157028260014318}"
2,3,66,1,0.8948928,0.9008521246258583,0.026592155316382194,"{""colsample_bytree"": 0.9090194712503148, ""learning_rate"": 0.019930736752660466, ""max_depth"": 4, ""min_child_weight"": 1, ""reg_lambda"": 8.17305432917063, ""subsample"": 0.8157028260014318}"
2,3,73,0,0.5816152,0.5837627836520228,0.1315456777350331,"{""colsample_bytree"": 0.9090194712503148, ""learning_rate"": 0.019930736752660466, ""max_depth"": 4, ""min_child_weight"": 1, ""reg_lambda"": 8.17305432917063, ""subsample"": 0.8157028260014318}"
2,3,76,1,0.76067173,0.8301977121648374,0.026588651820489192,"{""colsample_bytree"": 0.9090194712503148, ""learning_rate"": 0.019930736752660466, ""max_depth"": 4, ""min_child_weight"": 1, ""reg_lambda"": 8.17305432917063, ""subsample"": 0.8157028260014318}"
2,3,77,0,0.63477826,0.706472740180924,0.08155810386621871,"{""colsample_bytree"": 0.9090194712503148, ""learning_rate"": 0.019930736752660466, ""max_depth"": 4, ""min_child_weight"": 1, ""reg_lambda"": 8.17305432917063, ""subsample"": 0.8157028260014318}"
2,3,96,1,0.8757029,0.8893196789503677,0.024225391327885638,"{""colsample_bytree"": 0.9090194712503148, ""learning_rate"": 0.019930736752660466, ""max_depth"": 4, ""min_child_weight"": 1, ""reg_lambda"": 8.17305432917063, ""subsample"": 0.8157028260014318}"
2,3,99,1,0.63376737,0.6847738112811887,0.07278115705388752,"{""colsample_bytree"": 0.9090194712503148, ""learning_rate"": 0.019930736752660466, ""max_depth"": 4, ""min_child_weight"": 1, ""reg_lambda"": 8.17305432917063, ""subsample"": 0.8157028260014318}"
2,3,109,0,0.61912286,0.6363139751650105,0.07342345899742335,"{""colsample_bytree"": 0.9090194712503148, ""learning_rate"": 0.019930736752660466, ""max_depth"": 4, ""min_child_weight"": 1, ""reg_lambda"": 8.17305432917063, ""subsample"": 0.8157028260014318}"
2,3,110,0,0.38374183,0.3316590899254511,0.0677090018094284,"{""colsample_bytree"": 0.9090194712503148, ""learning_rate"": 0.019930736752660466, ""max_depth"": 4, ""min_child_weight"": 1, ""reg_lambda"": 8.17305432917063, ""subsample"": 0.8157028260014318}"
2,3,116,1,0.87470865,0.8864437960288232,0.02762117244691668,"{""colsample_bytree"": 0.9090194712503148, ""learning_rate"": 0.019930736752660466, ""max_depth"": 4, ""min_child_weight"": 1, ""reg_lambda"": 8.17305432917063, ""subsample"": 0.8157028260014318}"
2,3,130,0,0.28552267,0.304050234581423,0.10299098368476156,"{""colsample_bytree"": 0.9090194712503148, ""learning_rate"": 0.019930736752660466, ""max_depth"": 4, ""min_child_weight"": 1, ""reg_lambda"": 8.17305432917063, ""subsample"": 0.8157028260014318}"
2,3,141,1,0.77910507,0.8256551654300075,0.02274097690097944,"{""colsample_bytree"": 0.9090194712503148, ""learning_rate"": 0.019930736752660466, ""max_depth"": 4, ""min_child_weight"": 1, ""reg_lambda"": 8.17305432917063, ""subsample"": 0.8157028260014318}"
2,3,147,1,0.55342066,0.6057541185197665,0.08570607178438255,"{""colsample_bytree"": 0.9090194712503148, ""learning_rate"": 0.019930736752660466, ""max_depth"": 4, ""min_child_weight"": 1, ""reg_lambda"": 8.17305432917063, ""subsample"": 0.8157028260014318}"
2,3,164,1,0.89314896,0.8987346202778506,0.03005106130543123,"{""colsample_bytree"": 0.9090194712503148, ""learning_rate"": 0.019930736752660466, ""max_depth"": 4, ""min_child_weight"": 1, ""reg_lambda"": 8.17305432917063, ""subsample"": 0.8157028260014318}"
2,3,168,0,0.18991433,0.1887095833962496,0.08214738848228523,"{""colsample_bytree"": 0.9090194712503148, ""learning_rate"": 0.019930736752660466, ""max_depth"": 4, ""min_child_weight"": 1, ""reg_lambda"": 8.17305432917063, ""subsample"": 0.8157028260014318}"
2,3,180,1,0.43114114,0.46045285041380624,0.15975207764627783,"{""colsample_bytree"": 0.9090194712503148, ""learning_rate"": 0.019930736752660466, ""max_depth"": 4, ""min_child_weight"": 1, ""reg_lambda"": 8.17305432917063, ""subsample"": 0.8157028260014318}"
2,3,181,1,0.83373797,0.8530912306508742,0.03061929544785952,"{""colsample_bytree"": 0.9090194712503148, ""learning_rate"": 0.019930736752660466, ""max_depth"": 4, ""min_child_weight"": 1, ""reg_lambda"": 8.17305432917063, ""subsample"": 0.8157028260014318}"
2,3,195,0,0.8554844,0.8528411944316838,0.0203943123394474,"{""colsample_bytree"": 0.9090194712503148, ""learning_rate"": 0.019930736752660466, ""max_depth"": 4, ""min_child_weight"": 1, ""reg_lambda"": 8.17305432917063, ""subsample"": 0.8157028260014318}"
2,3,196,0,0.29501343,0.24972787971853813,0.06444236670094838,"{""colsample_bytree"": 0.9090194712503148, ""learning_rate"": 0.019930736752660466, ""max_depth"": 4, ""min_child_weight"": 1, ""reg_lambda"": 8.17305432917063, ""subsample"": 0.8157028260014318}"
2,3,198,1,0.8424537,0.863056535206385,0.028553811941878882,"{""colsample_bytree"": 0.9090194712503148, ""learning_rate"": 0.019930736752660466, ""max_depth"": 4, ""min_child_weight"": 1, ""reg_lambda"": 8.17305432917063, ""subsample"": 0.8157028260014318}"
2,3,199,0,0.29465318,0.2920005277607962,0.09283992044682729,"{""colsample_bytree"": 0.9090194712503148, ""learning_rate"": 0.019930736752660466, ""max_depth"": 4, ""min_child_weight"": 1, ""reg_lambda"": 8.17305432917063, ""subsample"": 0.8157028260014318}"
2,3,204,0,0.4236164,0.41624848771897793,0.17125391060432407,"{""colsample_bytree"": 0.9090194712503148, ""learning_rate"": 0.019930736752660466, ""max_depth"": 4, ""min_child_weight"": 1, ""reg_lambda"": 8.17305432917063, ""subsample"": 0.8157028260014318}"
2,3,206,1,0.6195103,0.6896885583694052,0.07792947289572204,"{""colsample_bytree"": 0.9090194712503148, ""learning_rate"": 0.019930736752660466, ""max_depth"": 4, ""min_child_weight"": 1, ""reg_lambda"": 8.17305432917063, ""subsample"": 0.8157028260014318}"
2,3,214,0,0.8787328,0.8925995800279891,0.028821250519568326,"{""colsample_bytree"": 0.9090194712503148, ""learning_rate"": 0.019930736752660466, ""max_depth"": 4, ""min_child_weight"": 1, ""reg_lambda"": 8.17305432917063, ""subsample"": 0.8157028260014318}"
2,3,219,1,0.16072568,0.16419174150855337,0.04333018904538388,"{""colsample_bytree"": 0.9090194712503148, ""learning_rate"": 0.019930736752660466, ""max_depth"": 4, ""min_child_weight"": 1, ""reg_lambda"": 8.17305432917063, ""subsample"": 0.8157028260014318}"
2,3,220,1,0.60637224,0.6786781232009503,0.06552038222948725,"{""colsample_bytree"": 0.9090194712503148, ""learning_rate"": 0.019930736752660466, ""max_depth"": 4, ""min_child_weight"": 1, ""reg_lambda"": 8.17305432917063, ""subsample"": 0.8157028260014318}"
2,3,222,1,0.73888266,0.783748913637061,0.031670094167969065,"{""colsample_bytree"": 0.9090194712503148, ""learning_rate"": 0.019930736752660466, ""max_depth"": 4, ""min_child_weight"": 1, ""reg_lambda"": 8.17305432917063, ""subsample"": 0.8157028260014318}"
2,3,224,1,0.9233093,0.9121706762856328,0.018447156451470055,"{""colsample_bytree"": 0.9090194712503148, ""learning_rate"": 0.019930736752660466, ""max_depth"": 4, ""min_child_weight"": 1, ""reg_lambda"": 8.17305432917063, ""subsample"": 0.8157028260014318}"
2,3,228,1,0.7298987,0.7528070915016034,0.08127732644002808,"{""colsample_bytree"": 0.9090194712503148, ""learning_rate"": 0.019930736752660466, ""max_depth"": 4, ""min_child_weight"": 1, ""reg_lambda"": 8.17305432917063, ""subsample"": 0.8157028260014318}"
2,3,233,0,0.18342218,0.174731300507958,0.05273858814831528,"{""colsample_bytree"": 0.9090194712503148, ""learning_rate"": 0.019930736752660466, ""max_depth"": 4, ""min_child_weight"": 1, ""reg_lambda"": 8.17305432917063, ""subsample"": 0.8157028260014318}"
2,3,236,1,0.7729802,0.7607774927530855,0.09590822948953567,"{""colsample_bytree"": 0.9090194712503148, ""learning_rate"": 0.019930736752660466, ""max_depth"": 4, ""min_child_weight"": 1, ""reg_lambda"": 8.17305432917063, ""subsample"": 0.8157028260014318}"
2,3,241,1,0.14933556,0.15548473904639817,0.04305180079059849,"{""colsample_bytree"": 0.9090194712503148, ""learning_rate"": 0.019930736752660466, ""max_depth"": 4, ""min_child_weight"": 1, ""reg_lambda"": 8.17305432917063, ""subsample"": 0.8157028260014318}"
2,3,246,1,0.8472583,0.8636899013120278,0.034653012192984216,"{""colsample_bytree"": 0.9090194712503148, ""learning_rate"": 0.019930736752660466, ""max_depth"": 4, ""min_child_weight"": 1, ""reg_lambda"": 8.17305432917063, ""subsample"": 0.8157028260014318}"
2,3,253,1,0.66529346,0.7038489010719793,0.07066227008829967,"{""colsample_bytree"": 0.9090194712503148, ""learning_rate"": 0.019930736752660466, ""max_depth"": 4, ""min_child_weight"": 1, ""reg_lambda"": 8.17305432917063, ""subsample"": 0.8157028260014318}"
2,3,259,1,0.62813395,0.6632997058752628,0.0978633240581966,"{""colsample_bytree"": 0.9090194712503148, ""learning_rate"": 0.019930736752660466, ""max_depth"": 4, ""min_child_weight"": 1, ""reg_lambda"": 8.17305432917063, ""subsample"": 0.8157028260014318}"
2,3,261,0,0.10020573,0.11116410906511183,0.037946117116204894,"{""colsample_bytree"": 0.9090194712503148, ""learning_rate"": 0.019930736752660466, ""max_depth"": 4, ""min_child_weight"": 1, ""reg_lambda"": 8.17305432917063, ""subsample"": 0.8157028260014318}"
2,3,266,0,0.78430504,0.7972760075040661,0.029923236970402143,"{""colsample_bytree"": 0.9090194712503148, ""learning_rate"": 0.019930736752660466, ""max_depth"": 4, ""min_child_weight"": 1, ""reg_lambda"": 8.17305432917063, ""subsample"": 0.8157028260014318}"
2,3,268,0,0.6679197,0.6436127412987902,0.08641883671333013,"{""colsample_bytree"": 0.9090194712503148, ""learning_rate"": 0.019930736752660466, ""max_depth"": 4, ""min_child_weight"": 1, ""reg_lambda"": 8.17305432917063, ""subsample"": 0.8157028260014318}"
2,3,273,1,0.837558,0.8696260799392105,0.04202317096617217,"{""colsample_bytree"": 0.9090194712503148, ""learning_rate"": 0.019930736752660466, ""max_depth"": 4, ""min_child_weight"": 1, ""reg_lambda"": 8.17305432917063, ""subsample"": 0.8157028260014318}"
2,3,275,1,0.8282493,0.8651059397531247,0.020420580201744285,"{""colsample_bytree"": 0.9090194712503148, ""learning_rate"": 0.019930736752660466, ""max_depth"": 4, ""min_child_weight"": 1, ""reg_lambda"": 8.17305432917063, ""subsample"": 0.8157028260014318}"
2,3,280,0,0.25281024,0.22676756169705184,0.08127474772400539,"{""colsample_bytree"": 0.9090194712503148, ""learning_rate"": 0.019930736752660466, ""max_depth"": 4, ""min_child_weight"": 1, ""reg_lambda"": 8.17305432917063, ""subsample"": 0.8157028260014318}"
2,3,284,0,0.4399362,0.433462259278079,0.08152405619955545,"{""colsample_bytree"": 0.9090194712503148, ""learning_rate"": 0.019930736752660466, ""max_depth"": 4, ""min_child_weight"": 1, ""reg_lambda"": 8.17305432917063, ""subsample"": 0.8157028260014318}"
2,3,288,0,0.52660865,0.4990332257666136,0.14321865423789548,"{""colsample_bytree"": 0.9090194712503148, ""learning_rate"": 0.019930736752660466, ""max_depth"": 4, ""min_child_weight"": 1, ""reg_lambda"": 8.17305432917063, ""subsample"": 0.8157028260014318}"
2,3,294,1,0.50239503,0.5611219563363483,0.16457083617230234,"{""colsample_bytree"": 0.9090194712503148, ""learning_rate"": 0.019930736752660466, ""max_depth"": 4, ""min_child_weight"": 1, ""reg_lambda"": 8.17305432917063, ""subsample"": 0.8157028260014318}"
2,3,297,0,0.37397873,0.3257734158770957,0.07690637186675207,"{""colsample_bytree"": 0.9090194712503148, ""learning_rate"": 0.019930736752660466, ""max_depth"": 4, ""min_child_weight"": 1, ""reg_lambda"": 8.17305432917063, ""subsample"": 0.8157028260014318}"
2,3,299,0,0.27509537,0.24941035868106615,0.07747370744559577,"{""colsample_bytree"": 0.9090194712503148, ""learning_rate"": 0.019930736752660466, ""max_depth"": 4, ""min_child_weight"": 1, ""reg_lambda"": 8.17305432917063, ""subsample"": 0.8157028260014318}"
2,3,300,0,0.10514643,0.11400239545522464,0.032901179684023424,"{""colsample_bytree"": 0.9090194712503148, ""learning_rate"": 0.019930736752660466, ""max_depth"": 4, ""min_child_weight"": 1, ""reg_lambda"": 8.17305432917063, ""subsample"": 0.8157028260014318}"
2,4,0,1,0.28635094,0.23195030113404486,0.1016696351261051,"{""colsample_bytree"": 0.5823279838100819, ""learning_rate"": 0.03361435360090845, ""max_depth"": 2, ""min_child_weight"": 7, ""reg_lambda"": 18.987136292171485, ""subsample"": 0.9853934954253685}"
2,4,10,1,0.6442844,0.6879077493080868,0.1156884603031493,"{""colsample_bytree"": 0.5823279838100819, ""learning_rate"": 0.03361435360090845, ""max_depth"": 2, ""min_child_weight"": 7, ""reg_lambda"": 18.987136292171485, ""subsample"": 0.9853934954253685}"
2,4,14,1,0.4042847,0.33242461780155697,0.0669338541673915,"{""colsample_bytree"": 0.5823279838100819, ""learning_rate"": 0.03361435360090845, ""max_depth"": 2, ""min_child_weight"": 7, ""reg_lambda"": 18.987136292171485, ""subsample"": 0.9853934954253685}"
2,4,18,1,0.628571,0.6662445651960877,0.0960019742564213,"{""colsample_bytree"": 0.5823279838100819, ""learning_rate"": 0.03361435360090845, ""max_depth"": 2, ""min_child_weight"": 7, ""reg_lambda"": 18.987136292171485, ""subsample"": 0.9853934954253685}"
2,4,19,0,0.7980252,0.8528730605079307,0.05650511821708054,"{""colsample_bytree"": 0.5823279838100819, ""learning_rate"": 0.03361435360090845, ""max_depth"": 2, ""min_child_weight"": 7, ""reg_lambda"": 18.987136292171485, ""subsample"": 0.9853934954253685}"
2,4,25,1,0.9236253,0.9110531795258134,0.07405645438539046,"{""colsample_bytree"": 0.5823279838100819, ""learning_rate"": 0.03361435360090845, ""max_depth"": 2, ""min_child_weight"": 7, ""reg_lambda"": 18.987136292171485, ""subsample"": 0.9853934954253685}"
2,4,26,0,0.4230237,0.3810189640127725,0.13445431156515888,"{""colsample_bytree"": 0.5823279838100819, ""learning_rate"": 0.03361435360090845, ""max_depth"": 2, ""min_child_weight"": 7, ""reg_lambda"": 18.987136292171485, ""subsample"": 0.9853934954253685}"
2,4,28,1,0.8700787,0.891118680337813,0.05374209410441262,"{""colsample_bytree"": 0.5823279838100819, ""learning_rate"": 0.03361435360090845, ""max_depth"": 2, ""min_child_weight"": 7, ""reg_lambda"": 18.987136292171485, ""subsample"": 0.9853934954253685}"
2,4,51,1,0.66299456,0.7365527760775873,0.075384798488602,"{""colsample_bytree"": 0.5823279838100819, ""learning_rate"": 0.03361435360090845, ""max_depth"": 2, ""min_child_weight"": 7, ""reg_lambda"": 18.987136292171485, ""subsample"": 0.9853934954253685}"
2,4,52,1,0.91859394,0.9151535982713938,0.05608582919697987,"{""colsample_bytree"": 0.5823279838100819, ""learning_rate"": 0.03361435360090845, ""max_depth"": 2, ""min_child_weight"": 7, ""reg_lambda"": 18.987136292171485, ""subsample"": 0.9853934954253685}"
2,4,56,1,0.7165665,0.7906400328579157,0.04191049041316785,"{""colsample_bytree"": 0.5823279838100819, ""learning_rate"": 0.03361435360090845, ""max_depth"": 2, ""min_child_weight"": 7, ""reg_lambda"": 18.987136292171485, ""subsample"": 0.9853934954253685}"
2,4,75,1,0.38724005,0.34846611376735376,0.05362022065981348,"{""colsample_bytree"": 0.5823279838100819, ""learning_rate"": 0.03361435360090845, ""max_depth"": 2, ""min_child_weight"": 7, ""reg_lambda"": 18.987136292171485, ""subsample"": 0.9853934954253685}"
2,4,79,0,0.19373985,0.14740894303895918,0.043596856860076916,"{""colsample_bytree"": 0.5823279838100819, ""learning_rate"": 0.03361435360090845, ""max_depth"": 2, ""min_child_weight"": 7, ""reg_lambda"": 18.987136292171485, ""subsample"": 0.9853934954253685}"
2,4,84,0,0.85709316,0.8633456220251924,0.08426003562626062,"{""colsample_bytree"": 0.5823279838100819, ""learning_rate"": 0.03361435360090845, ""max_depth"": 2, ""min_child_weight"": 7, ""reg_lambda"": 18.987136292171485, ""subsample"": 0.9853934954253685}"
2,4,87,1,0.6326712,0.6454196855416047,0.03430361530831046,"{""colsample_bytree"": 0.5823279838100819, ""learning_rate"": 0.03361435360090845, ""max_depth"": 2, ""min_child_weight"": 7, ""reg_lambda"": 18.987136292171485, ""subsample"": 0.9853934954253685}"
2,4,88,0,0.86397153,0.8583665824419274,0.0873401510304887,"{""colsample_bytree"": 0.5823279838100819, ""learning_rate"": 0.03361435360090845, ""max_depth"": 2, ""min_child_weight"": 7, ""reg_lambda"": 18.987136292171485, ""subsample"": 0.9853934954253685}"
2,4,91,0,0.30992824,0.2168925370885033,0.07409089662844008,"{""colsample_bytree"": 0.5823279838100819, ""learning_rate"": 0.03361435360090845, ""max_depth"": 2, ""min_child_weight"": 7, ""reg_lambda"": 18.987136292171485, ""subsample"": 0.9853934954253685}"
2,4,92,1,0.877471,0.8916674859235976,0.06475844150421792,"{""colsample_bytree"": 0.5823279838100819, ""learning_rate"": 0.03361435360090845, ""max_depth"": 2, ""min_child_weight"": 7, ""reg_lambda"": 18.987136292171485, ""subsample"": 0.9853934954253685}"
2,4,100,1,0.6664751,0.7269816244847505,0.07587018268842019,"{""colsample_bytree"": 0.5823279838100819, ""learning_rate"": 0.03361435360090845, ""max_depth"": 2, ""min_child_weight"": 7, ""reg_lambda"": 18.987136292171485, ""subsample"": 0.9853934954253685}"
2,4,102,0,0.19892648,0.13054567629244038,0.056297338743644856,"{""colsample_bytree"": 0.5823279838100819, ""learning_rate"": 0.03361435360090845, ""max_depth"": 2, ""min_child_weight"": 7, ""reg_lambda"": 18.987136292171485, ""subsample"": 0.9853934954253685}"
2,4,103,1,0.89095616,0.9012572968848257,0.05627640090506179,"{""colsample_bytree"": 0.5823279838100819, ""learning_rate"": 0.03361435360090845, ""max_depth"": 2, ""min_child_weight"": 7, ""reg_lambda"": 18.987136292171485, ""subsample"": 0.9853934954253685}"
2,4,106,1,0.53597397,0.5974680054484192,0.10220143640491486,"{""colsample_bytree"": 0.5823279838100819, ""learning_rate"": 0.03361435360090845, ""max_depth"": 2, ""min_child_weight"": 7, ""reg_lambda"": 18.987136292171485, ""subsample"": 0.9853934954253685}"
2,4,124,1,0.6147603,0.6620158930881868,0.07212383360642942,"{""colsample_bytree"": 0.5823279838100819, ""learning_rate"": 0.03361435360090845, ""max_depth"": 2, ""min_child_weight"": 7, ""reg_lambda"": 18.987136292171485, ""subsample"": 0.9853934954253685}"
2,4,129,0,0.41054443,0.37222381599048027,0.14022098959628787,"{""colsample_bytree"": 0.5823279838100819, ""learning_rate"": 0.03361435360090845, ""max_depth"": 2, ""min_child_weight"": 7, ""reg_lambda"": 18.987136292171485, ""subsample"": 0.9853934954253685}"
2,4,132,1,0.8930109,0.8918821235188258,0.06374128478845253,"{""colsample_bytree"": 0.5823279838100819, ""learning_rate"": 0.03361435360090845, ""max_depth"": 2, ""min_child_weight"": 7, ""reg_lambda"": 18.987136292171485, ""subsample"": 0.9853934954253685}"
2,4,144,1,0.85718775,0.8761712643782005,0.060033561092119284,"{""colsample_bytree"": 0.5823279838100819, ""learning_rate"": 0.03361435360090845, ""max_depth"": 2, ""min_child_weight"": 7, ""reg_lambda"": 18.987136292171485, ""subsample"": 0.9853934954253685}"
2,4,146,1,0.9246638,0.9098493483792016,0.07392716074903093,"{""colsample_bytree"": 0.5823279838100819, ""learning_rate"": 0.03361435360090845, ""max_depth"": 2, ""min_child_weight"": 7, ""reg_lambda"": 18.987136292171485, ""subsample"": 0.9853934954253685}"
2,4,151,0,0.45138317,0.38003056991100526,0.09772845905223786,"{""colsample_bytree"": 0.5823279838100819, ""learning_rate"": 0.03361435360090845, ""max_depth"": 2, ""min_child_weight"": 7, ""reg_lambda"": 18.987136292171485, ""subsample"": 0.9853934954253685}"
2,4,157,1,0.6467898,0.7060186589769233,0.10940107041579558,"{""colsample_bytree"": 0.5823279838100819, ""learning_rate"": 0.03361435360090845, ""max_depth"": 2, ""min_child_weight"": 7, ""reg_lambda"": 18.987136292171485, ""subsample"": 0.9853934954253685}"
2,4,163,1,0.56997997,0.597597666080725,0.056893091483247685,"{""colsample_bytree"": 0.5823279838100819, ""learning_rate"": 0.03361435360090845, ""max_depth"": 2, ""min_child_weight"": 7, ""reg_lambda"": 18.987136292171485, ""subsample"": 0.9853934954253685}"
2,4,173,1,0.6158473,0.7068950214612203,0.13468838864860683,"{""colsample_bytree"": 0.5823279838100819, ""learning_rate"": 0.03361435360090845, ""max_depth"": 2, ""min_child_weight"": 7, ""reg_lambda"": 18.987136292171485, ""subsample"": 0.9853934954253685}"
2,4,175,0,0.4281772,0.43351940464038297,0.06485617231780057,"{""colsample_bytree"": 0.5823279838100819, ""learning_rate"": 0.03361435360090845, ""max_depth"": 2, ""min_child_weight"": 7, ""reg_lambda"": 18.987136292171485, ""subsample"": 0.9853934954253685}"
2,4,185,0,0.44520935,0.3883610886967101,0.07412334319493512,"{""colsample_bytree"": 0.5823279838100819, ""learning_rate"": 0.03361435360090845, ""max_depth"": 2, ""min_child_weight"": 7, ""reg_lambda"": 18.987136292171485, ""subsample"": 0.9853934954253685}"
2,4,188,1,0.43950588,0.4436578474218395,0.10938511910117694,"{""colsample_bytree"": 0.5823279838100819, ""learning_rate"": 0.03361435360090845, ""max_depth"": 2, ""min_child_weight"": 7, ""reg_lambda"": 18.987136292171485, ""subsample"": 0.9853934954253685}"
2,4,191,1,0.8607929,0.8871152815615954,0.06508001900487019,"{""colsample_bytree"": 0.5823279838100819, ""learning_rate"": 0.03361435360090845, ""max_depth"": 2, ""min_child_weight"": 7, ""reg_lambda"": 18.987136292171485, ""subsample"": 0.9853934954253685}"
2,4,209,1,0.66195595,0.7140057547379656,0.10514999761701962,"{""colsample_bytree"": 0.5823279838100819, ""learning_rate"": 0.03361435360090845, ""max_depth"": 2, ""min_child_weight"": 7, ""reg_lambda"": 18.987136292171485, ""subsample"": 0.9853934954253685}"
2,4,210,0,0.16347688,0.12140074931351179,0.05318410003487879,"{""colsample_bytree"": 0.5823279838100819, ""learning_rate"": 0.03361435360090845, ""max_depth"": 2, ""min_child_weight"": 7, ""reg_lambda"": 18.987136292171485, ""subsample"": 0.9853934954253685}"
2,4,212,0,0.15424456,0.11691460119826116,0.05143006891597398,"{""colsample_bytree"": 0.5823279838100819, ""learning_rate"": 0.03361435360090845, ""max_depth"": 2, ""min_child_weight"": 7, ""reg_lambda"": 18.987136292171485, ""subsample"": 0.9853934954253685}"
2,4,215,1,0.6870743,0.7536016843906724,0.06337237750390633,"{""colsample_bytree"": 0.5823279838100819, ""learning_rate"": 0.03361435360090845, ""max_depth"": 2, ""min_child_weight"": 7, ""reg_lambda"": 18.987136292171485, ""subsample"": 0.9853934954253685}"
2,4,216,0,0.65557486,0.6298701287094908,0.0509191757694932,"{""colsample_bytree"": 0.5823279838100819, ""learning_rate"": 0.03361435360090845, ""max_depth"": 2, ""min_child_weight"": 7, ""reg_lambda"": 18.987136292171485, ""subsample"": 0.9853934954253685}"
2,4,232,1,0.891819,0.8922884228397434,0.06518106564345948,"{""colsample_bytree"": 0.5823279838100819, ""learning_rate"": 0.03361435360090845, ""max_depth"": 2, ""min_child_weight"": 7, ""reg_lambda"": 18.987136292171485, ""subsample"": 0.9853934954253685}"
2,4,234,0,0.22888495,0.16714631156604676,0.07677645253741391,"{""colsample_bytree"": 0.5823279838100819, ""learning_rate"": 0.03361435360090845, ""max_depth"": 2, ""min_child_weight"": 7, ""reg_lambda"": 18.987136292171485, ""subsample"": 0.9853934954253685}"
2,4,235,1,0.9098954,0.8972182694345264,0.0876696507259506,"{""colsample_bytree"": 0.5823279838100819, ""learning_rate"": 0.03361435360090845, ""max_depth"": 2, ""min_child_weight"": 7, ""reg_lambda"": 18.987136292171485, ""subsample"": 0.9853934954253685}"
2,4,238,1,0.1910413,0.1503749810109696,0.0693026719754636,"{""colsample_bytree"": 0.5823279838100819, ""learning_rate"": 0.03361435360090845, ""max_depth"": 2, ""min_child_weight"": 7, ""reg_lambda"": 18.987136292171485, ""subsample"": 0.9853934954253685}"
2,4,250,1,0.53319156,0.6242495614625139,0.051179400804140726,"{""colsample_bytree"": 0.5823279838100819, ""learning_rate"": 0.03361435360090845, ""max_depth"": 2, ""min_child_weight"": 7, ""reg_lambda"": 18.987136292171485, ""subsample"": 0.9853934954253685}"
2,4,262,1,0.4569078,0.42643924458315874,0.1262981217903784,"{""colsample_bytree"": 0.5823279838100819, ""learning_rate"": 0.03361435360090845, ""max_depth"": 2, ""min_child_weight"": 7, ""reg_lambda"": 18.987136292171485, ""subsample"": 0.9853934954253685}"
2,4,263,0,0.1486994,0.11654325479658949,0.04652883490530591,"{""colsample_bytree"": 0.5823279838100819, ""learning_rate"": 0.03361435360090845, ""max_depth"": 2, ""min_child_weight"": 7, ""reg_lambda"": 18.987136292171485, ""subsample"": 0.9853934954253685}"
2,4,264,0,0.20738026,0.13797411255573655,0.05932366381513439,"{""colsample_bytree"": 0.5823279838100819, ""learning_rate"": 0.03361435360090845, ""max_depth"": 2, ""min_child_weight"": 7, ""reg_lambda"": 18.987136292171485, ""subsample"": 0.9853934954253685}"
2,4,265,0,0.5467555,0.6426797630038493,0.1423970536010418,"{""colsample_bytree"": 0.5823279838100819, ""learning_rate"": 0.03361435360090845, ""max_depth"": 2, ""min_child_weight"": 7, ""reg_lambda"": 18.987136292171485, ""subsample"": 0.9853934954253685}"
2,4,267,1,0.81384134,0.8486710183820811,0.11636452622921233,"{""colsample_bytree"": 0.5823279838100819, ""learning_rate"": 0.03361435360090845, ""max_depth"": 2, ""min_child_weight"": 7, ""reg_lambda"": 18.987136292171485, ""subsample"": 0.9853934954253685}"
2,4,270,0,0.1429335,0.1123066769167104,0.05012544102651765,"{""colsample_bytree"": 0.5823279838100819, ""learning_rate"": 0.03361435360090845, ""max_depth"": 2, ""min_child_weight"": 7, ""reg_lambda"": 18.987136292171485, ""subsample"": 0.9853934954253685}"
2,4,276,0,0.27738738,0.18609687111810586,0.08041600554846239,"{""colsample_bytree"": 0.5823279838100819, ""learning_rate"": 0.03361435360090845, ""max_depth"": 2, ""min_child_weight"": 7, ""reg_lambda"": 18.987136292171485, ""subsample"": 0.9853934954253685}"
2,4,277,1,0.8780624,0.9048920739303291,0.0650852897260865,"{""colsample_bytree"": 0.5823279838100819, ""learning_rate"": 0.03361435360090845, ""max_depth"": 2, ""min_child_weight"": 7, ""reg_lambda"": 18.987136292171485, ""subsample"": 0.9853934954253685}"
2,4,279,0,0.5666855,0.6265962751426015,0.10381808975793072,"{""colsample_bytree"": 0.5823279838100819, ""learning_rate"": 0.03361435360090845, ""max_depth"": 2, ""min_child_weight"": 7, ""reg_lambda"": 18.987136292171485, ""subsample"": 0.9853934954253685}"
2,4,281,1,0.42689508,0.4016428018222535,0.08655658752196811,"{""colsample_bytree"": 0.5823279838100819, ""learning_rate"": 0.03361435360090845, ""max_depth"": 2, ""min_child_weight"": 7, ""reg_lambda"": 18.987136292171485, ""subsample"": 0.9853934954253685}"
2,4,282,0,0.8016025,0.8292819462796601,0.10199939166307334,"{""colsample_bytree"": 0.5823279838100819, ""learning_rate"": 0.03361435360090845, ""max_depth"": 2, ""min_child_weight"": 7, ""reg_lambda"": 18.987136292171485, ""subsample"": 0.9853934954253685}"
2,4,285,0,0.27588803,0.2064016472942353,0.09559774205349926,"{""colsample_bytree"": 0.5823279838100819, ""learning_rate"": 0.03361435360090845, ""max_depth"": 2, ""min_child_weight"": 7, ""reg_lambda"": 18.987136292171485, ""subsample"": 0.9853934954253685}"
2,4,287,0,0.42165628,0.3584582554954006,0.0909558658863093,"{""colsample_bytree"": 0.5823279838100819, ""learning_rate"": 0.03361435360090845, ""max_depth"": 2, ""min_child_weight"": 7, ""reg_lambda"": 18.987136292171485, ""subsample"": 0.9853934954253685}"
2,4,291,0,0.3995467,0.3236562966147664,0.13790514916187152,"{""colsample_bytree"": 0.5823279838100819, ""learning_rate"": 0.03361435360090845, ""max_depth"": 2, ""min_child_weight"": 7, ""reg_lambda"": 18.987136292171485, ""subsample"": 0.9853934954253685}"
2,4,298,1,0.7897306,0.8149742733161425,0.04999217723509551,"{""colsample_bytree"": 0.5823279838100819, ""learning_rate"": 0.03361435360090845, ""max_depth"": 2, ""min_child_weight"": 7, ""reg_lambda"": 18.987136292171485, ""subsample"": 0.9853934954253685}"
3,0,0,1,0.2832461,0.2264452539929187,0.0778397892543335,"{""colsample_bytree"": 0.4524097857413051, ""learning_rate"": 0.02189992474515965, ""max_depth"": 2, ""min_child_weight"": 3, ""reg_lambda"": 4.133749571478125, ""subsample"": 0.9224901871236076}"
3,0,9,0,0.84153116,0.8652905768203587,0.06339001704050636,"{""colsample_bytree"": 0.4524097857413051, ""learning_rate"": 0.02189992474515965, ""max_depth"": 2, ""min_child_weight"": 3, ""reg_lambda"": 4.133749571478125, ""subsample"": 0.9224901871236076}"
3,0,12,1,0.8370128,0.830451933783419,0.08671075526061003,"{""colsample_bytree"": 0.4524097857413051, ""learning_rate"": 0.02189992474515965, ""max_depth"": 2, ""min_child_weight"": 3, ""reg_lambda"": 4.133749571478125, ""subsample"": 0.9224901871236076}"
3,0,19,0,0.7721045,0.8337903386069596,0.07268894137123323,"{""colsample_bytree"": 0.4524097857413051, ""learning_rate"": 0.02189992474515965, ""max_depth"": 2, ""min_child_weight"": 3, ""reg_lambda"": 4.133749571478125, ""subsample"": 0.9224901871236076}"
3,0,21,1,0.6321231,0.7220754886853085,0.10057299714094842,"{""colsample_bytree"": 0.4524097857413051, ""learning_rate"": 0.02189992474515965, ""max_depth"": 2, ""min_child_weight"": 3, ""reg_lambda"": 4.133749571478125, ""subsample"": 0.9224901871236076}"
3,0,29,0,0.8513119,0.8717282659320491,0.07358196111493702,"{""colsample_bytree"": 0.4524097857413051, ""learning_rate"": 0.02189992474515965, ""max_depth"": 2, ""min_child_weight"": 3, ""reg_lambda"": 4.133749571478125, ""subsample"": 0.9224901871236076}"
3,0,32,1,0.7408954,0.7969051542286265,0.10638917441186539,"{""colsample_bytree"": 0.4524097857413051, ""learning_rate"": 0.02189992474515965, ""max_depth"": 2, ""min_child_weight"": 3, ""reg_lambda"": 4.133749571478125, ""subsample"": 0.9224901871236076}"
3,0,41,0,0.17902142,0.15199758018519877,0.06087418309913139,"{""colsample_bytree"": 0.4524097857413051, ""learning_rate"": 0.02189992474515965, ""max_depth"": 2, ""min_child_weight"": 3, ""reg_lambda"": 4.133749571478125, ""subsample"": 0.9224901871236076}"
3,0,57,1,0.8742567,0.8825597151686082,0.0690538474337416,"{""colsample_bytree"": 0.4524097857413051, ""learning_rate"": 0.02189992474515965, ""max_depth"": 2, ""min_child_weight"": 3, ""reg_lambda"": 4.133749571478125, ""subsample"": 0.9224901871236076}"
3,0,63,1,0.72643566,0.6913617136324366,0.09773758317219204,"{""colsample_bytree"": 0.4524097857413051, ""learning_rate"": 0.02189992474515965, ""max_depth"": 2, ""min_child_weight"": 3, ""reg_lambda"": 4.133749571478125, ""subsample"": 0.9224901871236076}"
3,0,67,0,0.58545387,0.6259608005750893,0.12458346302096589,"{""colsample_bytree"": 0.4524097857413051, ""learning_rate"": 0.02189992474515965, ""max_depth"": 2, ""min_child_weight"": 3, ""reg_lambda"": 4.133749571478125, ""subsample"": 0.9224901871236076}"
3,0,68,0,0.21414697,0.174619144047853,0.07014720814120869,"{""colsample_bytree"": 0.4524097857413051, ""learning_rate"": 0.02189992474515965, ""max_depth"": 2, ""min_child_weight"": 3, ""reg_lambda"": 4.133749571478125, ""subsample"": 0.9224901871236076}"
3,0,70,0,0.1532838,0.1325267568314224,0.07116120428183993,"{""colsample_bytree"": 0.4524097857413051, ""learning_rate"": 0.02189992474515965, ""max_depth"": 2, ""min_child_weight"": 3, ""reg_lambda"": 4.133749571478125, ""subsample"": 0.9224901871236076}"
3,0,83,1,0.6757986,0.716912603088075,0.04282422454766086,"{""colsample_bytree"": 0.4524097857413051, ""learning_rate"": 0.02189992474515965, ""max_depth"": 2, ""min_child_weight"": 3, ""reg_lambda"": 4.133749571478125, ""subsample"": 0.9224901871236076}"
3,0,85,0,0.6438747,0.7213842921513981,0.09654138703521435,"{""colsample_bytree"": 0.4524097857413051, ""learning_rate"": 0.02189992474515965, ""max_depth"": 2, ""min_child_weight"": 3, ""reg_lambda"": 4.133749571478125, ""subsample"": 0.9224901871236076}"
3,0,94,1,0.89747614,0.8851696760166134,0.07013489343551793,"{""colsample_bytree"": 0.4524097857413051, ""learning_rate"": 0.02189992474515965, ""max_depth"": 2, ""min_child_weight"": 3, ""reg_lambda"": 4.133749571478125, ""subsample"": 0.9224901871236076}"
3,0,96,1,0.8423886,0.8500738512298458,0.079162270384435,"{""colsample_bytree"": 0.4524097857413051, ""learning_rate"": 0.02189992474515965, ""max_depth"": 2, ""min_child_weight"": 3, ""reg_lambda"": 4.133749571478125, ""subsample"": 0.9224901871236076}"
3,0,102,0,0.15055478,0.13163150526869402,0.06460249606107969,"{""colsample_bytree"": 0.4524097857413051, ""learning_rate"": 0.02189992474515965, ""max_depth"": 2, ""min_child_weight"": 3, ""reg_lambda"": 4.133749571478125, ""subsample"": 0.9224901871236076}"
3,0,104,0,0.5822735,0.6096071601718173,0.13215707285771117,"{""colsample_bytree"": 0.4524097857413051, ""learning_rate"": 0.02189992474515965, ""max_depth"": 2, ""min_child_weight"": 3, ""reg_lambda"": 4.133749571478125, ""subsample"": 0.9224901871236076}"
3,0,113,0,0.13803762,0.125748301688173,0.0628613190444569,"{""colsample_bytree"": 0.4524097857413051, ""learning_rate"": 0.02189992474515965, ""max_depth"": 2, ""min_child_weight"": 3, ""reg_lambda"": 4.133749571478125, ""subsample"": 0.9224901871236076}"
3,0,114,1,0.9047545,0.8938596774785331,0.06247300512801264,"{""colsample_bytree"": 0.4524097857413051, ""learning_rate"": 0.02189992474515965, ""max_depth"": 2, ""min_child_weight"": 3, ""reg_lambda"": 4.133749571478125, ""subsample"": 0.9224901871236076}"
3,0,117,1,0.77185553,0.8030119248166587,0.05893803922408752,"{""colsample_bytree"": 0.4524097857413051, ""learning_rate"": 0.02189992474515965, ""max_depth"": 2, ""min_child_weight"": 3, ""reg_lambda"": 4.133749571478125, ""subsample"": 0.9224901871236076}"
3,0,118,1,0.7313847,0.7900168594893107,0.08393603583718741,"{""colsample_bytree"": 0.4524097857413051, ""learning_rate"": 0.02189992474515965, ""max_depth"": 2, ""min_child_weight"": 3, ""reg_lambda"": 4.133749571478125, ""subsample"": 0.9224901871236076}"
3,0,120,1,0.67750704,0.688758170261022,0.13168761330277953,"{""colsample_bytree"": 0.4524097857413051, ""learning_rate"": 0.02189992474515965, ""max_depth"": 2, ""min_child_weight"": 3, ""reg_lambda"": 4.133749571478125, ""subsample"": 0.9224901871236076}"
3,0,123,1,0.3532829,0.30625833362010013,0.010660878761108175,"{""colsample_bytree"": 0.4524097857413051, ""learning_rate"": 0.02189992474515965, ""max_depth"": 2, ""min_child_weight"": 3, ""reg_lambda"": 4.133749571478125, ""subsample"": 0.9224901871236076}"
3,0,132,1,0.81119907,0.8358549966633667,0.07861550732547258,"{""colsample_bytree"": 0.4524097857413051, ""learning_rate"": 0.02189992474515965, ""max_depth"": 2, ""min_child_weight"": 3, ""reg_lambda"": 4.133749571478125, ""subsample"": 0.9224901871236076}"
3,0,138,1,0.684996,0.7282665493153078,0.03647437475952642,"{""colsample_bytree"": 0.4524097857413051, ""learning_rate"": 0.02189992474515965, ""max_depth"": 2, ""min_child_weight"": 3, ""reg_lambda"": 4.133749571478125, ""subsample"": 0.9224901871236076}"
3,0,140,1,0.86093926,0.8688035823069746,0.06852077251766812,"{""colsample_bytree"": 0.4524097857413051, ""learning_rate"": 0.02189992474515965, ""max_depth"": 2, ""min_child_weight"": 3, ""reg_lambda"": 4.133749571478125, ""subsample"": 0.9224901871236076}"
3,0,146,1,0.9108512,0.8917180113763582,0.06231570964939876,"{""colsample_bytree"": 0.4524097857413051, ""learning_rate"": 0.02189992474515965, ""max_depth"": 2, ""min_child_weight"": 3, ""reg_lambda"": 4.133749571478125, ""subsample"": 0.9224901871236076}"
3,0,148,1,0.4767177,0.45941033625200395,0.0826025039338455,"{""colsample_bytree"": 0.4524097857413051, ""learning_rate"": 0.02189992474515965, ""max_depth"": 2, ""min_child_weight"": 3, ""reg_lambda"": 4.133749571478125, ""subsample"": 0.9224901871236076}"
3,0,156,1,0.5426244,0.5224423013509368,0.07515082868603788,"{""colsample_bytree"": 0.4524097857413051, ""learning_rate"": 0.02189992474515965, ""max_depth"": 2, ""min_child_weight"": 3, ""reg_lambda"": 4.133749571478125, ""subsample"": 0.9224901871236076}"
3,0,159,1,0.8990479,0.8894945228881401,0.06607741868800723,"{""colsample_bytree"": 0.4524097857413051, ""learning_rate"": 0.02189992474515965, ""max_depth"": 2, ""min_child_weight"": 3, ""reg_lambda"": 4.133749571478125, ""subsample"": 0.9224901871236076}"
3,0,162,1,0.85811526,0.8655103687404981,0.07680375495839256,"{""colsample_bytree"": 0.4524097857413051, ""learning_rate"": 0.02189992474515965, ""max_depth"": 2, ""min_child_weight"": 3, ""reg_lambda"": 4.133749571478125, ""subsample"": 0.9224901871236076}"
3,0,163,1,0.46038118,0.46590000816109073,0.08404625065327535,"{""colsample_bytree"": 0.4524097857413051, ""learning_rate"": 0.02189992474515965, ""max_depth"": 2, ""min_child_weight"": 3, ""reg_lambda"": 4.133749571478125, ""subsample"": 0.9224901871236076}"
3,0,167,1,0.7887406,0.8100425063685858,0.09753680771771975,"{""colsample_bytree"": 0.4524097857413051, ""learning_rate"": 0.02189992474515965, ""max_depth"": 2, ""min_child_weight"": 3, ""reg_lambda"": 4.133749571478125, ""subsample"": 0.9224901871236076}"
3,0,168,0,0.2087248,0.18602333308816077,0.09037902268028054,"{""colsample_bytree"": 0.4524097857413051, ""learning_rate"": 0.02189992474515965, ""max_depth"": 2, ""min_child_weight"": 3, ""reg_lambda"": 4.133749571478125, ""subsample"": 0.9224901871236076}"
3,0,174,1,0.8894826,0.8867473561179942,0.06395652016750243,"{""colsample_bytree"": 0.4524097857413051, ""learning_rate"": 0.02189992474515965, ""max_depth"": 2, ""min_child_weight"": 3, ""reg_lambda"": 4.133749571478125, ""subsample"": 0.9224901871236076}"
3,0,175,0,0.49179682,0.44560764213988113,0.04751625238802858,"{""colsample_bytree"": 0.4524097857413051, ""learning_rate"": 0.02189992474515965, ""max_depth"": 2, ""min_child_weight"": 3, ""reg_lambda"": 4.133749571478125, ""subsample"": 0.9224901871236076}"
3,0,193,0,0.39343682,0.3528222841258893,0.05818464213435639,"{""colsample_bytree"": 0.4524097857413051, ""learning_rate"": 0.02189992474515965, ""max_depth"": 2, ""min_child_weight"": 3, ""reg_lambda"": 4.133749571478125, ""subsample"": 0.9224901871236076}"
3,0,212,0,0.15446968,0.14097145247746137,0.06897002182444763,"{""colsample_bytree"": 0.4524097857413051, ""learning_rate"": 0.02189992474515965, ""max_depth"": 2, ""min_child_weight"": 3, ""reg_lambda"": 4.133749571478125, ""subsample"": 0.9224901871236076}"
3,0,216,0,0.40632024,0.36298205336307054,0.02637320443880638,"{""colsample_bytree"": 0.4524097857413051, ""learning_rate"": 0.02189992474515965, ""max_depth"": 2, ""min_child_weight"": 3, ""reg_lambda"": 4.133749571478125, ""subsample"": 0.9224901871236076}"
3,0,218,0,0.20162617,0.1709692294596235,0.08375073717355815,"{""colsample_bytree"": 0.4524097857413051, ""learning_rate"": 0.02189992474515965, ""max_depth"": 2, ""min_child_weight"": 3, ""reg_lambda"": 4.133749571478125, ""subsample"": 0.9224901871236076}"
3,0,219,1,0.16621244,0.15469509402671403,0.07037821465858299,"{""colsample_bytree"": 0.4524097857413051, ""learning_rate"": 0.02189992474515965, ""max_depth"": 2, ""min_child_weight"": 3, ""reg_lambda"": 4.133749571478125, ""subsample"": 0.9224901871236076}"
3,0,221,1,0.48215646,0.47714311376600815,0.06724333277037688,"{""colsample_bytree"": 0.4524097857413051, ""learning_rate"": 0.02189992474515965, ""max_depth"": 2, ""min_child_weight"": 3, ""reg_lambda"": 4.133749571478125, ""subsample"": 0.9224901871236076}"
3,0,232,1,0.8407201,0.8622328558854347,0.06957159171411169,"{""colsample_bytree"": 0.4524097857413051, ""learning_rate"": 0.02189992474515965, ""max_depth"": 2, ""min_child_weight"": 3, ""reg_lambda"": 4.133749571478125, ""subsample"": 0.9224901871236076}"
3,0,233,0,0.2593898,0.2221239245148711,0.0740233120813405,"{""colsample_bytree"": 0.4524097857413051, ""learning_rate"": 0.02189992474515965, ""max_depth"": 2, ""min_child_weight"": 3, ""reg_lambda"": 4.133749571478125, ""subsample"": 0.9224901871236076}"
3,0,234,0,0.22910175,0.18222966261335638,0.07331145957686698,"{""colsample_bytree"": 0.4524097857413051, ""learning_rate"": 0.02189992474515965, ""max_depth"": 2, ""min_child_weight"": 3, ""reg_lambda"": 4.133749571478125, ""subsample"": 0.9224901871236076}"
3,0,237,1,0.60670173,0.6298992316483353,0.11403700062856822,"{""colsample_bytree"": 0.4524097857413051, ""learning_rate"": 0.02189992474515965, ""max_depth"": 2, ""min_child_weight"": 3, ""reg_lambda"": 4.133749571478125, ""subsample"": 0.9224901871236076}"
3,0,238,1,0.1838228,0.16597771478011789,0.0687204292104423,"{""colsample_bytree"": 0.4524097857413051, ""learning_rate"": 0.02189992474515965, ""max_depth"": 2, ""min_child_weight"": 3, ""reg_lambda"": 4.133749571478125, ""subsample"": 0.9224901871236076}"
3,0,244,1,0.2572056,0.21108378734168953,0.07139504685977772,"{""colsample_bytree"": 0.4524097857413051, ""learning_rate"": 0.02189992474515965, ""max_depth"": 2, ""min_child_weight"": 3, ""reg_lambda"": 4.133749571478125, ""subsample"": 0.9224901871236076}"
3,0,245,1,0.42617393,0.42069533913995655,0.0864187164163316,"{""colsample_bytree"": 0.4524097857413051, ""learning_rate"": 0.02189992474515965, ""max_depth"": 2, ""min_child_weight"": 3, ""reg_lambda"": 4.133749571478125, ""subsample"": 0.9224901871236076}"
3,0,251,1,0.24166718,0.21800870001717576,0.07345997836713926,"{""colsample_bytree"": 0.4524097857413051, ""learning_rate"": 0.02189992474515965, ""max_depth"": 2, ""min_child_weight"": 3, ""reg_lambda"": 4.133749571478125, ""subsample"": 0.9224901871236076}"
3,0,253,1,0.63637584,0.6597887686537256,0.11089230051210648,"{""colsample_bytree"": 0.4524097857413051, ""learning_rate"": 0.02189992474515965, ""max_depth"": 2, ""min_child_weight"": 3, ""reg_lambda"": 4.133749571478125, ""subsample"": 0.9224901871236076}"
3,0,263,0,0.11461404,0.11770072920780184,0.06323896134089839,"{""colsample_bytree"": 0.4524097857413051, ""learning_rate"": 0.02189992474515965, ""max_depth"": 2, ""min_child_weight"": 3, ""reg_lambda"": 4.133749571478125, ""subsample"": 0.9224901871236076}"
3,0,275,1,0.83435625,0.8391487717133274,0.0927331398955446,"{""colsample_bytree"": 0.4524097857413051, ""learning_rate"": 0.02189992474515965, ""max_depth"": 2, ""min_child_weight"": 3, ""reg_lambda"": 4.133749571478125, ""subsample"": 0.9224901871236076}"
3,0,276,0,0.26215193,0.19851765270570726,0.06724951808690091,"{""colsample_bytree"": 0.4524097857413051, ""learning_rate"": 0.02189992474515965, ""max_depth"": 2, ""min_child_weight"": 3, ""reg_lambda"": 4.133749571478125, ""subsample"": 0.9224901871236076}"
3,0,279,0,0.6304574,0.7017597325978675,0.12386515669836043,"{""colsample_bytree"": 0.4524097857413051, ""learning_rate"": 0.02189992474515965, ""max_depth"": 2, ""min_child_weight"": 3, ""reg_lambda"": 4.133749571478125, ""subsample"": 0.9224901871236076}"
3,0,281,1,0.34306744,0.2917776429337985,0.09122078532161146,"{""colsample_bytree"": 0.4524097857413051, ""learning_rate"": 0.02189992474515965, ""max_depth"": 2, ""min_child_weight"": 3, ""reg_lambda"": 4.133749571478125, ""subsample"": 0.9224901871236076}"
3,0,288,0,0.43464106,0.35683191882947407,0.08796908650913654,"{""colsample_bytree"": 0.4524097857413051, ""learning_rate"": 0.02189992474515965, ""max_depth"": 2, ""min_child_weight"": 3, ""reg_lambda"": 4.133749571478125, ""subsample"": 0.9224901871236076}"
3,0,292,0,0.3205089,0.2670970096143564,0.09287824478897767,"{""colsample_bytree"": 0.4524097857413051, ""learning_rate"": 0.02189992474515965, ""max_depth"": 2, ""min_child_weight"": 3, ""reg_lambda"": 4.133749571478125, ""subsample"": 0.9224901871236076}"
3,0,293,0,0.20264395,0.16551849631135782,0.07235775633857304,"{""colsample_bytree"": 0.4524097857413051, ""learning_rate"": 0.02189992474515965, ""max_depth"": 2, ""min_child_weight"": 3, ""reg_lambda"": 4.133749571478125, ""subsample"": 0.9224901871236076}"
3,1,4,0,0.23462784,0.22291739107501982,0.07795190179211361,"{""colsample_bytree"": 0.6555767168874546, ""learning_rate"": 0.026798296026427797, ""max_depth"": 4, ""min_child_weight"": 2, ""reg_lambda"": 11.886714970497417, ""subsample"": 0.8326212615317654}"
3,1,6,1,0.699772,0.7858556133970478,0.05066405921637368,"{""colsample_bytree"": 0.6555767168874546, ""learning_rate"": 0.026798296026427797, ""max_depth"": 4, ""min_child_weight"": 2, ""reg_lambda"": 11.886714970497417, ""subsample"": 0.8326212615317654}"
3,1,11,1,0.90106976,0.8927017654364079,0.030895125502151663,"{""colsample_bytree"": 0.6555767168874546, ""learning_rate"": 0.026798296026427797, ""max_depth"": 4, ""min_child_weight"": 2, ""reg_lambda"": 11.886714970497417, ""subsample"": 0.8326212615317654}"
3,1,14,1,0.31647867,0.3301412577346764,0.037614768576582865,"{""colsample_bytree"": 0.6555767168874546, ""learning_rate"": 0.026798296026427797, ""max_depth"": 4, ""min_child_weight"": 2, ""reg_lambda"": 11.886714970497417, ""subsample"": 0.8326212615317654}"
3,1,15,1,0.8252645,0.8453229125665477,0.018082128219483663,"{""colsample_bytree"": 0.6555767168874546, ""learning_rate"": 0.026798296026427797, ""max_depth"": 4, ""min_child_weight"": 2, ""reg_lambda"": 11.886714970497417, ""subsample"": 0.8326212615317654}"
3,1,27,0,0.32635036,0.33879021658632763,0.10594008641072415,"{""colsample_bytree"": 0.6555767168874546, ""learning_rate"": 0.026798296026427797, ""max_depth"": 4, ""min_child_weight"": 2, ""reg_lambda"": 11.886714970497417, ""subsample"": 0.8326212615317654}"
3,1,33,1,0.49566114,0.5695858487750944,0.0629349884893423,"{""colsample_bytree"": 0.6555767168874546, ""learning_rate"": 0.026798296026427797, ""max_depth"": 4, ""min_child_weight"": 2, ""reg_lambda"": 11.886714970497417, ""subsample"": 0.8326212615317654}"
3,1,35,0,0.20784344,0.1575179130520844,0.04923728327274158,"{""colsample_bytree"": 0.6555767168874546, ""learning_rate"": 0.026798296026427797, ""max_depth"": 4, ""min_child_weight"": 2, ""reg_lambda"": 11.886714970497417, ""subsample"": 0.8326212615317654}"
3,1,37,1,0.66820455,0.6593934910721763,0.026729403848580705,"{""colsample_bytree"": 0.6555767168874546, ""learning_rate"": 0.026798296026427797, ""max_depth"": 4, ""min_child_weight"": 2, ""reg_lambda"": 11.886714970497417, ""subsample"": 0.8326212615317654}"
3,1,40,1,0.84222126,0.8480559635005008,0.05096980916904834,"{""colsample_bytree"": 0.6555767168874546, ""learning_rate"": 0.026798296026427797, ""max_depth"": 4, ""min_child_weight"": 2, ""reg_lambda"": 11.886714970497417, ""subsample"": 0.8326212615317654}"
3,1,44,0,0.5691147,0.6073823525386318,0.07757659547231033,"{""colsample_bytree"": 0.6555767168874546, ""learning_rate"": 0.026798296026427797, ""max_depth"": 4, ""min_child_weight"": 2, ""reg_lambda"": 11.886714970497417, ""subsample"": 0.8326212615317654}"
3,1,47,1,0.87758946,0.8844123892714657,0.02215166866125359,"{""colsample_bytree"": 0.6555767168874546, ""learning_rate"": 0.026798296026427797, ""max_depth"": 4, ""min_child_weight"": 2, ""reg_lambda"": 11.886714970497417, ""subsample"": 0.8326212615317654}"
3,1,48,0,0.17118062,0.15970836027856863,0.06333806160017662,"{""colsample_bytree"": 0.6555767168874546, ""learning_rate"": 0.026798296026427797, ""max_depth"": 4, ""min_child_weight"": 2, ""reg_lambda"": 11.886714970497417, ""subsample"": 0.8326212615317654}"
3,1,50,0,0.5030537,0.5127186402148001,0.08584789200253914,"{""colsample_bytree"": 0.6555767168874546, ""learning_rate"": 0.026798296026427797, ""max_depth"": 4, ""min_child_weight"": 2, ""reg_lambda"": 11.886714970497417, ""subsample"": 0.8326212615317654}"
3,1,54,0,0.374305,0.41899287051150014,0.13324203115919117,"{""colsample_bytree"": 0.6555767168874546, ""learning_rate"": 0.026798296026427797, ""max_depth"": 4, ""min_child_weight"": 2, ""reg_lambda"": 11.886714970497417, ""subsample"": 0.8326212615317654}"
3,1,58,1,0.29383832,0.23857425856287576,0.046669184192053015,"{""colsample_bytree"": 0.6555767168874546, ""learning_rate"": 0.026798296026427797, ""max_depth"": 4, ""min_child_weight"": 2, ""reg_lambda"": 11.886714970497417, ""subsample"": 0.8326212615317654}"
3,1,59,1,0.9037215,0.90013334279844,0.03238737666007,"{""colsample_bytree"": 0.6555767168874546, ""learning_rate"": 0.026798296026427797, ""max_depth"": 4, ""min_child_weight"": 2, ""reg_lambda"": 11.886714970497417, ""subsample"": 0.8326212615317654}"
3,1,73,0,0.6316911,0.6197130228414738,0.09144737105499014,"{""colsample_bytree"": 0.6555767168874546, ""learning_rate"": 0.026798296026427797, ""max_depth"": 4, ""min_child_weight"": 2, ""reg_lambda"": 11.886714970497417, ""subsample"": 0.8326212615317654}"
3,1,80,1,0.87113947,0.8698427831410521,0.03592338820465289,"{""colsample_bytree"": 0.6555767168874546, ""learning_rate"": 0.026798296026427797, ""max_depth"": 4, ""min_child_weight"": 2, ""reg_lambda"": 11.886714970497417, ""subsample"": 0.8326212615317654}"
3,1,89,1,0.7416232,0.7656731521202798,0.06215243279209675,"{""colsample_bytree"": 0.6555767168874546, ""learning_rate"": 0.026798296026427797, ""max_depth"": 4, ""min_child_weight"": 2, ""reg_lambda"": 11.886714970497417, ""subsample"": 0.8326212615317654}"
3,1,90,0,0.6101372,0.6038151354476458,0.06234674508019283,"{""colsample_bytree"": 0.6555767168874546, ""learning_rate"": 0.026798296026427797, ""max_depth"": 4, ""min_child_weight"": 2, ""reg_lambda"": 11.886714970497417, ""subsample"": 0.8326212615317654}"
3,1,95,1,0.87191635,0.8813641096865007,0.0356735644820475,"{""colsample_bytree"": 0.6555767168874546, ""learning_rate"": 0.026798296026427797, ""max_depth"": 4, ""min_child_weight"": 2, ""reg_lambda"": 11.886714970497417, ""subsample"": 0.8326212615317654}"
3,1,105,1,0.70342,0.7088249664442172,0.044707301334825346,"{""colsample_bytree"": 0.6555767168874546, ""learning_rate"": 0.026798296026427797, ""max_depth"": 4, ""min_child_weight"": 2, ""reg_lambda"": 11.886714970497417, ""subsample"": 0.8326212615317654}"
3,1,107,1,0.5796657,0.617802886065299,0.04894278538848537,"{""colsample_bytree"": 0.6555767168874546, ""learning_rate"": 0.026798296026427797, ""max_depth"": 4, ""min_child_weight"": 2, ""reg_lambda"": 11.886714970497417, ""subsample"": 0.8326212615317654}"
3,1,111,1,0.7935915,0.8252617804774838,0.03162719402911012,"{""colsample_bytree"": 0.6555767168874546, ""learning_rate"": 0.026798296026427797, ""max_depth"": 4, ""min_child_weight"": 2, ""reg_lambda"": 11.886714970497417, ""subsample"": 0.8326212615317654}"
3,1,115,0,0.46678936,0.47612334459324285,0.05343748056496879,"{""colsample_bytree"": 0.6555767168874546, ""learning_rate"": 0.026798296026427797, ""max_depth"": 4, ""min_child_weight"": 2, ""reg_lambda"": 11.886714970497417, ""subsample"": 0.8326212615317654}"
3,1,125,1,0.72527844,0.7565912194239359,0.06745697419309143,"{""colsample_bytree"": 0.6555767168874546, ""learning_rate"": 0.026798296026427797, ""max_depth"": 4, ""min_child_weight"": 2, ""reg_lambda"": 11.886714970497417, ""subsample"": 0.8326212615317654}"
3,1,126,1,0.7914683,0.8134748551197479,0.03510768565536611,"{""colsample_bytree"": 0.6555767168874546, ""learning_rate"": 0.026798296026427797, ""max_depth"": 4, ""min_child_weight"": 2, ""reg_lambda"": 11.886714970497417, ""subsample"": 0.8326212615317654}"
3,1,130,0,0.42163047,0.3078644128963288,0.048236829059201056,"{""colsample_bytree"": 0.6555767168874546, ""learning_rate"": 0.026798296026427797, ""max_depth"": 4, ""min_child_weight"": 2, ""reg_lambda"": 11.886714970497417, ""subsample"": 0.8326212615317654}"
3,1,141,1,0.7662589,0.8101678754044297,0.04343792142348124,"{""colsample_bytree"": 0.6555767168874546, ""learning_rate"": 0.026798296026427797, ""max_depth"": 4, ""min_child_weight"": 2, ""reg_lambda"": 11.886714970497417, ""subsample"": 0.8326212615317654}"
3,1,149,1,0.77739006,0.7839468585354868,0.06493499862455648,"{""colsample_bytree"": 0.6555767168874546, ""learning_rate"": 0.026798296026427797, ""max_depth"": 4, ""min_child_weight"": 2, ""reg_lambda"": 11.886714970497417, ""subsample"": 0.8326212615317654}"
3,1,152,1,0.34108034,0.2908954045796664,0.05809215199476147,"{""colsample_bytree"": 0.6555767168874546, ""learning_rate"": 0.026798296026427797, ""max_depth"": 4, ""min_child_weight"": 2, ""reg_lambda"": 11.886714970497417, ""subsample"": 0.8326212615317654}"
3,1,161,1,0.88361025,0.8880642209203182,0.024248186541836976,"{""colsample_bytree"": 0.6555767168874546, ""learning_rate"": 0.026798296026427797, ""max_depth"": 4, ""min_child_weight"": 2, ""reg_lambda"": 11.886714970497417, ""subsample"": 0.8326212615317654}"
3,1,177,1,0.8257235,0.8350268390746425,0.021409615118441642,"{""colsample_bytree"": 0.6555767168874546, ""learning_rate"": 0.026798296026427797, ""max_depth"": 4, ""min_child_weight"": 2, ""reg_lambda"": 11.886714970497417, ""subsample"": 0.8326212615317654}"
3,1,185,0,0.48275685,0.4001183304870984,0.09925260382488259,"{""colsample_bytree"": 0.6555767168874546, ""learning_rate"": 0.026798296026427797, ""max_depth"": 4, ""min_child_weight"": 2, ""reg_lambda"": 11.886714970497417, ""subsample"": 0.8326212615317654}"
3,1,186,0,0.59246695,0.5734617613971656,0.12944551522983938,"{""colsample_bytree"": 0.6555767168874546, ""learning_rate"": 0.026798296026427797, ""max_depth"": 4, ""min_child_weight"": 2, ""reg_lambda"": 11.886714970497417, ""subsample"": 0.8326212615317654}"
3,1,188,1,0.52036685,0.4100472199033174,0.12214226756634168,"{""colsample_bytree"": 0.6555767168874546, ""learning_rate"": 0.026798296026427797, ""max_depth"": 4, ""min_child_weight"": 2, ""reg_lambda"": 11.886714970497417, ""subsample"": 0.8326212615317654}"
3,1,191,1,0.81741905,0.839305942476047,0.05753421253186885,"{""colsample_bytree"": 0.6555767168874546, ""learning_rate"": 0.026798296026427797, ""max_depth"": 4, ""min_child_weight"": 2, ""reg_lambda"": 11.886714970497417, ""subsample"": 0.8326212615317654}"
3,1,196,0,0.3162029,0.26264820270679523,0.06808685608643888,"{""colsample_bytree"": 0.6555767168874546, ""learning_rate"": 0.026798296026427797, ""max_depth"": 4, ""min_child_weight"": 2, ""reg_lambda"": 11.886714970497417, ""subsample"": 0.8326212615317654}"
3,1,211,1,0.59646577,0.6837460489215152,0.0874674732284474,"{""colsample_bytree"": 0.6555767168874546, ""learning_rate"": 0.026798296026427797, ""max_depth"": 4, ""min_child_weight"": 2, ""reg_lambda"": 11.886714970497417, ""subsample"": 0.8326212615317654}"
3,1,213,0,0.534823,0.546239211902161,0.06776995827017816,"{""colsample_bytree"": 0.6555767168874546, ""learning_rate"": 0.026798296026427797, ""max_depth"": 4, ""min_child_weight"": 2, ""reg_lambda"": 11.886714970497417, ""subsample"": 0.8326212615317654}"
3,1,220,1,0.70639604,0.7419022590861941,0.050046014745696914,"{""colsample_bytree"": 0.6555767168874546, ""learning_rate"": 0.026798296026427797, ""max_depth"": 4, ""min_child_weight"": 2, ""reg_lambda"": 11.886714970497417, ""subsample"": 0.8326212615317654}"
3,1,224,1,0.9116341,0.8966138133968536,0.029061765538163458,"{""colsample_bytree"": 0.6555767168874546, ""learning_rate"": 0.026798296026427797, ""max_depth"": 4, ""min_child_weight"": 2, ""reg_lambda"": 11.886714970497417, ""subsample"": 0.8326212615317654}"
3,1,228,1,0.6729711,0.6602661479563855,0.08793138378235332,"{""colsample_bytree"": 0.6555767168874546, ""learning_rate"": 0.026798296026427797, ""max_depth"": 4, ""min_child_weight"": 2, ""reg_lambda"": 11.886714970497417, ""subsample"": 0.8326212615317654}"
3,1,236,1,0.69156605,0.6627914697785866,0.03445479506508548,"{""colsample_bytree"": 0.6555767168874546, ""learning_rate"": 0.026798296026427797, ""max_depth"": 4, ""min_child_weight"": 2, ""reg_lambda"": 11.886714970497417, ""subsample"": 0.8326212615317654}"
3,1,241,1,0.2565008,0.1981039071639934,0.05175440478959092,"{""colsample_bytree"": 0.6555767168874546, ""learning_rate"": 0.026798296026427797, ""max_depth"": 4, ""min_child_weight"": 2, ""reg_lambda"": 11.886714970497417, ""subsample"": 0.8326212615317654}"
3,1,242,1,0.8069987,0.8466100891645552,0.02834916724768486,"{""colsample_bytree"": 0.6555767168874546, ""learning_rate"": 0.026798296026427797, ""max_depth"": 4, ""min_child_weight"": 2, ""reg_lambda"": 11.886714970497417, ""subsample"": 0.8326212615317654}"
3,1,248,1,0.8689057,0.8801548768518199,0.03648939481918096,"{""colsample_bytree"": 0.6555767168874546, ""learning_rate"": 0.026798296026427797, ""max_depth"": 4, ""min_child_weight"": 2, ""reg_lambda"": 11.886714970497417, ""subsample"": 0.8326212615317654}"
3,1,254,0,0.56052405,0.6057690513267001,0.04829870715336656,"{""colsample_bytree"": 0.6555767168874546, ""learning_rate"": 0.026798296026427797, ""max_depth"": 4, ""min_child_weight"": 2, ""reg_lambda"": 11.886714970497417, ""subsample"": 0.8326212615317654}"
3,1,255,0,0.17208232,0.13616843743466112,0.04303934767088008,"{""colsample_bytree"": 0.6555767168874546, ""learning_rate"": 0.026798296026427797, ""max_depth"": 4, ""min_child_weight"": 2, ""reg_lambda"": 11.886714970497417, ""subsample"": 0.8326212615317654}"
3,1,257,0,0.19523509,0.17524932500330598,0.05642252054922039,"{""colsample_bytree"": 0.6555767168874546, ""learning_rate"": 0.026798296026427797, ""max_depth"": 4, ""min_child_weight"": 2, ""reg_lambda"": 11.886714970497417, ""subsample"": 0.8326212615317654}"
3,1,264,0,0.27202865,0.19930740703378777,0.06996041241755273,"{""colsample_bytree"": 0.6555767168874546, ""learning_rate"": 0.026798296026427797, ""max_depth"": 4, ""min_child_weight"": 2, ""reg_lambda"": 11.886714970497417, ""subsample"": 0.8326212615317654}"
3,1,269,1,0.7296501,0.7771296411984603,0.04842115207758281,"{""colsample_bytree"": 0.6555767168874546, ""learning_rate"": 0.026798296026427797, ""max_depth"": 4, ""min_child_weight"": 2, ""reg_lambda"": 11.886714970497417, ""subsample"": 0.8326212615317654}"
3,1,273,1,0.86441433,0.8750097624889402,0.026139535665486848,"{""colsample_bytree"": 0.6555767168874546, ""learning_rate"": 0.026798296026427797, ""max_depth"": 4, ""min_child_weight"": 2, ""reg_lambda"": 11.886714970497417, ""subsample"": 0.8326212615317654}"
3,1,278,0,0.82906514,0.8464246739662805,0.03414353674098668,"{""colsample_bytree"": 0.6555767168874546, ""learning_rate"": 0.026798296026427797, ""max_depth"": 4, ""min_child_weight"": 2, ""reg_lambda"": 11.886714970497417, ""subsample"": 0.8326212615317654}"
3,1,286,0,0.3433662,0.294543986315191,0.13661095894719696,"{""colsample_bytree"": 0.6555767168874546, ""learning_rate"": 0.026798296026427797, ""max_depth"": 4, ""min_child_weight"": 2, ""reg_lambda"": 11.886714970497417, ""subsample"": 0.8326212615317654}"
3,1,287,0,0.5437087,0.4805154298541,0.13758784742971963,"{""colsample_bytree"": 0.6555767168874546, ""learning_rate"": 0.026798296026427797, ""max_depth"": 4, ""min_child_weight"": 2, ""reg_lambda"": 11.886714970497417, ""subsample"": 0.8326212615317654}"
3,1,289,0,0.3056948,0.260532090677758,0.05786947375970207,"{""colsample_bytree"": 0.6555767168874546, ""learning_rate"": 0.026798296026427797, ""max_depth"": 4, ""min_child_weight"": 2, ""reg_lambda"": 11.886714970497417, ""subsample"": 0.8326212615317654}"
3,1,294,1,0.51754797,0.5077771737490433,0.09369871875013125,"{""colsample_bytree"": 0.6555767168874546, ""learning_rate"": 0.026798296026427797, ""max_depth"": 4, ""min_child_weight"": 2, ""reg_lambda"": 11.886714970497417, ""subsample"": 0.8326212615317654}"
3,1,299,0,0.28306544,0.24478687277942474,0.06602514143707615,"{""colsample_bytree"": 0.6555767168874546, ""learning_rate"": 0.026798296026427797, ""max_depth"": 4, ""min_child_weight"": 2, ""reg_lambda"": 11.886714970497417, ""subsample"": 0.8326212615317654}"
3,1,301,0,0.18389188,0.14653783143044094,0.046271179898926464,"{""colsample_bytree"": 0.6555767168874546, ""learning_rate"": 0.026798296026427797, ""max_depth"": 4, ""min_child_weight"": 2, ""reg_lambda"": 11.886714970497417, ""subsample"": 0.8326212615317654}"
3,2,1,1,0.97867453,0.8964260441370419,0.04240605315905271,"{""colsample_bytree"": 0.9842437618988238, ""learning_rate"": 0.043334324012996195, ""max_depth"": 2, ""min_child_weight"": 2, ""reg_lambda"": 4.088382153833181, ""subsample"": 0.8561601663323626}"
3,2,5,1,0.7896635,0.7849269758837283,0.06777386213333354,"{""colsample_bytree"": 0.9842437618988238, ""learning_rate"": 0.043334324012996195, ""max_depth"": 2, ""min_child_weight"": 2, ""reg_lambda"": 4.088382153833181, ""subsample"": 0.8561601663323626}"
3,2,10,1,0.5278924,0.6005892926294869,0.06424352059200211,"{""colsample_bytree"": 0.9842437618988238, ""learning_rate"": 0.043334324012996195, ""max_depth"": 2, ""min_child_weight"": 2, ""reg_lambda"": 4.088382153833181, ""subsample"": 0.8561601663323626}"
3,2,13,1,0.7732201,0.7664206353751144,0.09081957051905755,"{""colsample_bytree"": 0.9842437618988238, ""learning_rate"": 0.043334324012996195, ""max_depth"": 2, ""min_child_weight"": 2, ""reg_lambda"": 4.088382153833181, ""subsample"": 0.8561601663323626}"
3,2,16,0,0.26521322,0.31534190572958964,0.12161574700707317,"{""colsample_bytree"": 0.9842437618988238, ""learning_rate"": 0.043334324012996195, ""max_depth"": 2, ""min_child_weight"": 2, ""reg_lambda"": 4.088382153833181, ""subsample"": 0.8561601663323626}"
3,2,18,1,0.55282855,0.5772336083640909,0.12272992998763053,"{""colsample_bytree"": 0.9842437618988238, ""learning_rate"": 0.043334324012996195, ""max_depth"": 2, ""min_child_weight"": 2, ""reg_lambda"": 4.088382153833181, ""subsample"": 0.8561601663323626}"
3,2,20,0,0.12194766,0.1549717053278416,0.05903217366459883,"{""colsample_bytree"": 0.9842437618988238, ""learning_rate"": 0.043334324012996195, ""max_depth"": 2, ""min_child_weight"": 2, ""reg_lambda"": 4.088382153833181, ""subsample"": 0.8561601663323626}"
3,2,25,1,0.9511311,0.8916325952647985,0.04473962357573553,"{""colsample_bytree"": 0.9842437618988238, ""learning_rate"": 0.043334324012996195, ""max_depth"": 2, ""min_child_weight"": 2, ""reg_lambda"": 4.088382153833181, ""subsample"": 0.8561601663323626}"
3,2,26,0,0.34759125,0.343836598208515,0.10430869502486313,"{""colsample_bytree"": 0.9842437618988238, ""learning_rate"": 0.043334324012996195, ""max_depth"": 2, ""min_child_weight"": 2, ""reg_lambda"": 4.088382153833181, ""subsample"": 0.8561601663323626}"
3,2,28,1,0.92787355,0.875792959541536,0.03685282339289881,"{""colsample_bytree"": 0.9842437618988238, ""learning_rate"": 0.043334324012996195, ""max_depth"": 2, ""min_child_weight"": 2, ""reg_lambda"": 4.088382153833181, ""subsample"": 0.8561601663323626}"
3,2,31,0,0.34101367,0.40719589901340625,0.11556183728949883,"{""colsample_bytree"": 0.9842437618988238, ""learning_rate"": 0.043334324012996195, ""max_depth"": 2, ""min_child_weight"": 2, ""reg_lambda"": 4.088382153833181, ""subsample"": 0.8561601663323626}"
3,2,34,1,0.7092215,0.742994282176251,0.027568666661739537,"{""colsample_bytree"": 0.9842437618988238, ""learning_rate"": 0.043334324012996195, ""max_depth"": 2, ""min_child_weight"": 2, ""reg_lambda"": 4.088382153833181, ""subsample"": 0.8561601663323626}"
3,2,38,1,0.60345554,0.6969066567102846,0.10514678916843115,"{""colsample_bytree"": 0.9842437618988238, ""learning_rate"": 0.043334324012996195, ""max_depth"": 2, ""min_child_weight"": 2, ""reg_lambda"": 4.088382153833181, ""subsample"": 0.8561601663323626}"
3,2,45,1,0.9404912,0.8863963301938564,0.0478058670967911,"{""colsample_bytree"": 0.9842437618988238, ""learning_rate"": 0.043334324012996195, ""max_depth"": 2, ""min_child_weight"": 2, ""reg_lambda"": 4.088382153833181, ""subsample"": 0.8561601663323626}"
3,2,49,0,0.5360984,0.4959798446202308,0.07454142359686497,"{""colsample_bytree"": 0.9842437618988238, ""learning_rate"": 0.043334324012996195, ""max_depth"": 2, ""min_child_weight"": 2, ""reg_lambda"": 4.088382153833181, ""subsample"": 0.8561601663323626}"
3,2,52,1,0.93441594,0.8926785426816066,0.05034871204121916,"{""colsample_bytree"": 0.9842437618988238, ""learning_rate"": 0.043334324012996195, ""max_depth"": 2, ""min_child_weight"": 2, ""reg_lambda"": 4.088382153833181, ""subsample"": 0.8561601663323626}"
3,2,55,1,0.9564886,0.8966451850599622,0.041362593070724714,"{""colsample_bytree"": 0.9842437618988238, ""learning_rate"": 0.043334324012996195, ""max_depth"": 2, ""min_child_weight"": 2, ""reg_lambda"": 4.088382153833181, ""subsample"": 0.8561601663323626}"
3,2,62,1,0.055517588,0.12288526199858663,0.04986023974269749,"{""colsample_bytree"": 0.9842437618988238, ""learning_rate"": 0.043334324012996195, ""max_depth"": 2, ""min_child_weight"": 2, ""reg_lambda"": 4.088382153833181, ""subsample"": 0.8561601663323626}"
3,2,65,0,0.75775415,0.7644427454221002,0.06029954698244866,"{""colsample_bytree"": 0.9842437618988238, ""learning_rate"": 0.043334324012996195, ""max_depth"": 2, ""min_child_weight"": 2, ""reg_lambda"": 4.088382153833181, ""subsample"": 0.8561601663323626}"
3,2,82,1,0.5275586,0.5041889046120905,0.15673705070362587,"{""colsample_bytree"": 0.9842437618988238, ""learning_rate"": 0.043334324012996195, ""max_depth"": 2, ""min_child_weight"": 2, ""reg_lambda"": 4.088382153833181, ""subsample"": 0.8561601663323626}"
3,2,87,1,0.88241076,0.8435976517105377,0.04967835113624805,"{""colsample_bytree"": 0.9842437618988238, ""learning_rate"": 0.043334324012996195, ""max_depth"": 2, ""min_child_weight"": 2, ""reg_lambda"": 4.088382153833181, ""subsample"": 0.8561601663323626}"
3,2,92,1,0.9515661,0.8872739807126578,0.03928633903886108,"{""colsample_bytree"": 0.9842437618988238, ""learning_rate"": 0.043334324012996195, ""max_depth"": 2, ""min_child_weight"": 2, ""reg_lambda"": 4.088382153833181, ""subsample"": 0.8561601663323626}"
3,2,98,1,0.8804813,0.8596162284610201,0.043613888831969816,"{""colsample_bytree"": 0.9842437618988238, ""learning_rate"": 0.043334324012996195, ""max_depth"": 2, ""min_child_weight"": 2, ""reg_lambda"": 4.088382153833181, ""subsample"": 0.8561601663323626}"
3,2,99,1,0.71338177,0.6879630673052739,0.05333796049000141,"{""colsample_bytree"": 0.9842437618988238, ""learning_rate"": 0.043334324012996195, ""max_depth"": 2, ""min_child_weight"": 2, ""reg_lambda"": 4.088382153833181, ""subsample"": 0.8561601663323626}"
3,2,101,1,0.9531827,0.89384115328497,0.047107223926916714,"{""colsample_bytree"": 0.9842437618988238, ""learning_rate"": 0.043334324012996195, ""max_depth"": 2, ""min_child_weight"": 2, ""reg_lambda"": 4.088382153833181, ""subsample"": 0.8561601663323626}"
3,2,103,1,0.9471885,0.8855778339406841,0.04459775072647164,"{""colsample_bytree"": 0.9842437618988238, ""learning_rate"": 0.043334324012996195, ""max_depth"": 2, ""min_child_weight"": 2, ""reg_lambda"": 4.088382153833181, ""subsample"": 0.8561601663323626}"
3,2,110,0,0.14101784,0.17753984966618414,0.081000875464715,"{""colsample_bytree"": 0.9842437618988238, ""learning_rate"": 0.043334324012996195, ""max_depth"": 2, ""min_child_weight"": 2, ""reg_lambda"": 4.088382153833181, ""subsample"": 0.8561601663323626}"
3,2,116,1,0.94870114,0.8877516879404203,0.04388433253461239,"{""colsample_bytree"": 0.9842437618988238, ""learning_rate"": 0.043334324012996195, ""max_depth"": 2, ""min_child_weight"": 2, ""reg_lambda"": 4.088382153833181, ""subsample"": 0.8561601663323626}"
3,2,122,0,0.7504915,0.7443270886010959,0.037863542120697986,"{""colsample_bytree"": 0.9842437618988238, ""learning_rate"": 0.043334324012996195, ""max_depth"": 2, ""min_child_weight"": 2, ""reg_lambda"": 4.088382153833181, ""subsample"": 0.8561601663323626}"
3,2,124,1,0.6239814,0.6351798102162785,0.06966178688863026,"{""colsample_bytree"": 0.9842437618988238, ""learning_rate"": 0.043334324012996195, ""max_depth"": 2, ""min_child_weight"": 2, ""reg_lambda"": 4.088382153833181, ""subsample"": 0.8561601663323626}"
3,2,133,0,0.22800845,0.25712006011137134,0.08851643502777538,"{""colsample_bytree"": 0.9842437618988238, ""learning_rate"": 0.043334324012996195, ""max_depth"": 2, ""min_child_weight"": 2, ""reg_lambda"": 4.088382153833181, ""subsample"": 0.8561601663323626}"
3,2,135,1,0.261287,0.31306952681571376,0.10609580893807823,"{""colsample_bytree"": 0.9842437618988238, ""learning_rate"": 0.043334324012996195, ""max_depth"": 2, ""min_child_weight"": 2, ""reg_lambda"": 4.088382153833181, ""subsample"": 0.8561601663323626}"
3,2,145,0,0.734015,0.7438344451318469,0.09878155235138568,"{""colsample_bytree"": 0.9842437618988238, ""learning_rate"": 0.043334324012996195, ""max_depth"": 2, ""min_child_weight"": 2, ""reg_lambda"": 4.088382153833181, ""subsample"": 0.8561601663323626}"
3,2,147,1,0.53524584,0.534436893873413,0.182092427376451,"{""colsample_bytree"": 0.9842437618988238, ""learning_rate"": 0.043334324012996195, ""max_depth"": 2, ""min_child_weight"": 2, ""reg_lambda"": 4.088382153833181, ""subsample"": 0.8561601663323626}"
3,2,151,0,0.31476888,0.3029925342835656,0.05045536108087889,"{""colsample_bytree"": 0.9842437618988238, ""learning_rate"": 0.043334324012996195, ""max_depth"": 2, ""min_child_weight"": 2, ""reg_lambda"": 4.088382153833181, ""subsample"": 0.8561601663323626}"
3,2,153,0,0.26773253,0.24841540066534812,0.05894824535607432,"{""colsample_bytree"": 0.9842437618988238, ""learning_rate"": 0.043334324012996195, ""max_depth"": 2, ""min_child_weight"": 2, ""reg_lambda"": 4.088382153833181, ""subsample"": 0.8561601663323626}"
3,2,154,0,0.5602633,0.5573463527185796,0.0823504104583957,"{""colsample_bytree"": 0.9842437618988238, ""learning_rate"": 0.043334324012996195, ""max_depth"": 2, ""min_child_weight"": 2, ""reg_lambda"": 4.088382153833181, ""subsample"": 0.8561601663323626}"
3,2,157,1,0.46134955,0.5748602975512702,0.09981507132683277,"{""colsample_bytree"": 0.9842437618988238, ""learning_rate"": 0.043334324012996195, ""max_depth"": 2, ""min_child_weight"": 2, ""reg_lambda"": 4.088382153833181, ""subsample"": 0.8561601663323626}"
3,2,164,1,0.92884994,0.8857561846365881,0.045234536483214446,"{""colsample_bytree"": 0.9842437618988238, ""learning_rate"": 0.043334324012996195, ""max_depth"": 2, ""min_child_weight"": 2, ""reg_lambda"": 4.088382153833181, ""subsample"": 0.8561601663323626}"
3,2,165,1,0.67150307,0.7154335583427153,0.10350351363936296,"{""colsample_bytree"": 0.9842437618988238, ""learning_rate"": 0.043334324012996195, ""max_depth"": 2, ""min_child_weight"": 2, ""reg_lambda"": 4.088382153833181, ""subsample"": 0.8561601663323626}"
3,2,169,0,0.19798438,0.29638804328791,0.10684586873487975,"{""colsample_bytree"": 0.9842437618988238, ""learning_rate"": 0.043334324012996195, ""max_depth"": 2, ""min_child_weight"": 2, ""reg_lambda"": 4.088382153833181, ""subsample"": 0.8561601663323626}"
3,2,192,0,0.05310873,0.11551904213089256,0.05857624305013093,"{""colsample_bytree"": 0.9842437618988238, ""learning_rate"": 0.043334324012996195, ""max_depth"": 2, ""min_child_weight"": 2, ""reg_lambda"": 4.088382153833181, ""subsample"": 0.8561601663323626}"
3,2,197,1,0.9375838,0.8808412095887632,0.04988564652158834,"{""colsample_bytree"": 0.9842437618988238, ""learning_rate"": 0.043334324012996195, ""max_depth"": 2, ""min_child_weight"": 2, ""reg_lambda"": 4.088382153833181, ""subsample"": 0.8561601663323626}"
3,2,204,0,0.42127526,0.4471125637427186,0.16196702110930414,"{""colsample_bytree"": 0.9842437618988238, ""learning_rate"": 0.043334324012996195, ""max_depth"": 2, ""min_child_weight"": 2, ""reg_lambda"": 4.088382153833181, ""subsample"": 0.8561601663323626}"
3,2,205,0,0.48189032,0.38774069935119343,0.18541814329634865,"{""colsample_bytree"": 0.9842437618988238, ""learning_rate"": 0.043334324012996195, ""max_depth"": 2, ""min_child_weight"": 2, ""reg_lambda"": 4.088382153833181, ""subsample"": 0.8561601663323626}"
3,2,207,1,0.7503332,0.7161713656633983,0.03719915000816016,"{""colsample_bytree"": 0.9842437618988238, ""learning_rate"": 0.043334324012996195, ""max_depth"": 2, ""min_child_weight"": 2, ""reg_lambda"": 4.088382153833181, ""subsample"": 0.8561601663323626}"
3,2,217,0,0.33825654,0.3807264496628445,0.15950159665854313,"{""colsample_bytree"": 0.9842437618988238, ""learning_rate"": 0.043334324012996195, ""max_depth"": 2, ""min_child_weight"": 2, ""reg_lambda"": 4.088382153833181, ""subsample"": 0.8561601663323626}"
3,2,226,1,0.79018724,0.7880330571496797,0.07525494340372747,"{""colsample_bytree"": 0.9842437618988238, ""learning_rate"": 0.043334324012996195, ""max_depth"": 2, ""min_child_weight"": 2, ""reg_lambda"": 4.088382153833181, ""subsample"": 0.8561601663323626}"
3,2,229,1,0.2621514,0.38485609611594707,0.16947393047517487,"{""colsample_bytree"": 0.9842437618988238, ""learning_rate"": 0.043334324012996195, ""max_depth"": 2, ""min_child_weight"": 2, ""reg_lambda"": 4.088382153833181, ""subsample"": 0.8561601663323626}"
3,2,230,1,0.96402144,0.8927333668212867,0.044487803112462615,"{""colsample_bytree"": 0.9842437618988238, ""learning_rate"": 0.043334324012996195, ""max_depth"": 2, ""min_child_weight"": 2, ""reg_lambda"": 4.088382153833181, ""subsample"": 0.8561601663323626}"
3,2,243,0,0.7552237,0.7803445675802163,0.05898578262170872,"{""colsample_bytree"": 0.9842437618988238, ""learning_rate"": 0.043334324012996195, ""max_depth"": 2, ""min_child_weight"": 2, ""reg_lambda"": 4.088382153833181, ""subsample"": 0.8561601663323626}"
3,2,246,1,0.9123424,0.8739651291122051,0.04462409935560492,"{""colsample_bytree"": 0.9842437618988238, ""learning_rate"": 0.043334324012996195, ""max_depth"": 2, ""min_child_weight"": 2, ""reg_lambda"": 4.088382153833181, ""subsample"": 0.8561601663323626}"
3,2,249,1,0.89086825,0.8627320175138944,0.046612760275546936,"{""colsample_bytree"": 0.9842437618988238, ""learning_rate"": 0.043334324012996195, ""max_depth"": 2, ""min_child_weight"": 2, ""reg_lambda"": 4.088382153833181, ""subsample"": 0.8561601663323626}"
3,2,265,0,0.6705999,0.741614552739606,0.12234982736126626,"{""colsample_bytree"": 0.9842437618988238, ""learning_rate"": 0.043334324012996195, ""max_depth"": 2, ""min_child_weight"": 2, ""reg_lambda"": 4.088382153833181, ""subsample"": 0.8561601663323626}"
3,2,280,0,0.12744766,0.19136643592005886,0.07842553015901216,"{""colsample_bytree"": 0.9842437618988238, ""learning_rate"": 0.043334324012996195, ""max_depth"": 2, ""min_child_weight"": 2, ""reg_lambda"": 4.088382153833181, ""subsample"": 0.8561601663323626}"
3,2,282,0,0.8289996,0.8298137280601011,0.07368480875265626,"{""colsample_bytree"": 0.9842437618988238, ""learning_rate"": 0.043334324012996195, ""max_depth"": 2, ""min_child_weight"": 2, ""reg_lambda"": 4.088382153833181, ""subsample"": 0.8561601663323626}"
3,2,291,0,0.42884672,0.4403286483815969,0.141205273381398,"{""colsample_bytree"": 0.9842437618988238, ""learning_rate"": 0.043334324012996195, ""max_depth"": 2, ""min_child_weight"": 2, ""reg_lambda"": 4.088382153833181, ""subsample"": 0.8561601663323626}"
3,2,295,0,0.63447326,0.6257246228837089,0.08220854489622435,"{""colsample_bytree"": 0.9842437618988238, ""learning_rate"": 0.043334324012996195, ""max_depth"": 2, ""min_child_weight"": 2, ""reg_lambda"": 4.088382153833181, ""subsample"": 0.8561601663323626}"
3,2,297,0,0.1473925,0.1769146026287986,0.0821099187285583,"{""colsample_bytree"": 0.9842437618988238, ""learning_rate"": 0.043334324012996195, ""max_depth"": 2, ""min_child_weight"": 2, ""reg_lambda"": 4.088382153833181, ""subsample"": 0.8561601663323626}"
3,2,300,0,0.04847528,0.11792965171837237,0.05971665137570864,"{""colsample_bytree"": 0.9842437618988238, ""learning_rate"": 0.043334324012996195, ""max_depth"": 2, ""min_child_weight"": 2, ""reg_lambda"": 4.088382153833181, ""subsample"": 0.8561601663323626}"
3,2,302,1,0.73758465,0.6800394098645668,0.09908604358204826,"{""colsample_bytree"": 0.9842437618988238, ""learning_rate"": 0.043334324012996195, ""max_depth"": 2, ""min_child_weight"": 2, ""reg_lambda"": 4.088382153833181, ""subsample"": 0.8561601663323626}"
3,3,7,1,0.86593014,0.8723984039741388,0.054028064945072896,"{""colsample_bytree"": 0.5805239980279713, ""learning_rate"": 0.01888607190306449, ""max_depth"": 2, ""min_child_weight"": 2, ""reg_lambda"": 5.274184771653139, ""subsample"": 0.8121590327603069}"
3,3,8,0,0.25366822,0.16633553553237637,0.1062639018974006,"{""colsample_bytree"": 0.5805239980279713, ""learning_rate"": 0.01888607190306449, ""max_depth"": 2, ""min_child_weight"": 2, ""reg_lambda"": 5.274184771653139, ""subsample"": 0.8121590327603069}"
3,3,17,0,0.31900498,0.2335486683258658,0.10476195203287038,"{""colsample_bytree"": 0.5805239980279713, ""learning_rate"": 0.01888607190306449, ""max_depth"": 2, ""min_child_weight"": 2, ""reg_lambda"": 5.274184771653139, ""subsample"": 0.8121590327603069}"
3,3,22,1,0.75389785,0.8161351447736447,0.05207946688533232,"{""colsample_bytree"": 0.5805239980279713, ""learning_rate"": 0.01888607190306449, ""max_depth"": 2, ""min_child_weight"": 2, ""reg_lambda"": 5.274184771653139, ""subsample"": 0.8121590327603069}"
3,3,23,1,0.8043176,0.8494779104773222,0.05772577003985821,"{""colsample_bytree"": 0.5805239980279713, ""learning_rate"": 0.01888607190306449, ""max_depth"": 2, ""min_child_weight"": 2, ""reg_lambda"": 5.274184771653139, ""subsample"": 0.8121590327603069}"
3,3,24,1,0.6125184,0.6205913477233842,0.14103067412936804,"{""colsample_bytree"": 0.5805239980279713, ""learning_rate"": 0.01888607190306449, ""max_depth"": 2, ""min_child_weight"": 2, ""reg_lambda"": 5.274184771653139, ""subsample"": 0.8121590327603069}"
3,3,36,1,0.7624703,0.8011245606433839,0.08941169810039212,"{""colsample_bytree"": 0.5805239980279713, ""learning_rate"": 0.01888607190306449, ""max_depth"": 2, ""min_child_weight"": 2, ""reg_lambda"": 5.274184771653139, ""subsample"": 0.8121590327603069}"
3,3,51,1,0.73185545,0.7292889722462336,0.06730096448535422,"{""colsample_bytree"": 0.5805239980279713, ""learning_rate"": 0.01888607190306449, ""max_depth"": 2, ""min_child_weight"": 2, ""reg_lambda"": 5.274184771653139, ""subsample"": 0.8121590327603069}"
3,3,56,1,0.7352221,0.7527460409070448,0.06055200400814763,"{""colsample_bytree"": 0.5805239980279713, ""learning_rate"": 0.01888607190306449, ""max_depth"": 2, ""min_child_weight"": 2, ""reg_lambda"": 5.274184771653139, ""subsample"": 0.8121590327603069}"
3,3,60,0,0.35578147,0.33683566901320655,0.08956641941624933,"{""colsample_bytree"": 0.5805239980279713, ""learning_rate"": 0.01888607190306449, ""max_depth"": 2, ""min_child_weight"": 2, ""reg_lambda"": 5.274184771653139, ""subsample"": 0.8121590327603069}"
3,3,64,0,0.30676836,0.22266687268472155,0.07952880500732967,"{""colsample_bytree"": 0.5805239980279713, ""learning_rate"": 0.01888607190306449, ""max_depth"": 2, ""min_child_weight"": 2, ""reg_lambda"": 5.274184771653139, ""subsample"": 0.8121590327603069}"
3,3,66,1,0.8486201,0.871338339424368,0.07101171477715894,"{""colsample_bytree"": 0.5805239980279713, ""learning_rate"": 0.01888607190306449, ""max_depth"": 2, ""min_child_weight"": 2, ""reg_lambda"": 5.274184771653139, ""subsample"": 0.8121590327603069}"
3,3,75,1,0.43283117,0.3274150569138191,0.11142466872160361,"{""colsample_bytree"": 0.5805239980279713, ""learning_rate"": 0.01888607190306449, ""max_depth"": 2, ""min_child_weight"": 2, ""reg_lambda"": 5.274184771653139, ""subsample"": 0.8121590327603069}"
3,3,77,0,0.5615319,0.5782595860626982,0.054634254664838774,"{""colsample_bytree"": 0.5805239980279713, ""learning_rate"": 0.01888607190306449, ""max_depth"": 2, ""min_child_weight"": 2, ""reg_lambda"": 5.274184771653139, ""subsample"": 0.8121590327603069}"
3,3,78,1,0.78896123,0.8406155229770256,0.05804842319095476,"{""colsample_bytree"": 0.5805239980279713, ""learning_rate"": 0.01888607190306449, ""max_depth"": 2, ""min_child_weight"": 2, ""reg_lambda"": 5.274184771653139, ""subsample"": 0.8121590327603069}"
3,3,91,0,0.44164065,0.40915965422611994,0.07999914973189397,"{""colsample_bytree"": 0.5805239980279713, ""learning_rate"": 0.01888607190306449, ""max_depth"": 2, ""min_child_weight"": 2, ""reg_lambda"": 5.274184771653139, ""subsample"": 0.8121590327603069}"
3,3,93,1,0.7658985,0.8239344437645982,0.04403127615028044,"{""colsample_bytree"": 0.5805239980279713, ""learning_rate"": 0.01888607190306449, ""max_depth"": 2, ""min_child_weight"": 2, ""reg_lambda"": 5.274184771653139, ""subsample"": 0.8121590327603069}"
3,3,97,1,0.7547204,0.8308288919360756,0.09040791938194219,"{""colsample_bytree"": 0.5805239980279713, ""learning_rate"": 0.01888607190306449, ""max_depth"": 2, ""min_child_weight"": 2, ""reg_lambda"": 5.274184771653139, ""subsample"": 0.8121590327603069}"
3,3,106,1,0.67379874,0.7109461653367347,0.04882558732094331,"{""colsample_bytree"": 0.5805239980279713, ""learning_rate"": 0.01888607190306449, ""max_depth"": 2, ""min_child_weight"": 2, ""reg_lambda"": 5.274184771653139, ""subsample"": 0.8121590327603069}"
3,3,108,0,0.27643424,0.18012621674971546,0.0924427658951138,"{""colsample_bytree"": 0.5805239980279713, ""learning_rate"": 0.01888607190306449, ""max_depth"": 2, ""min_child_weight"": 2, ""reg_lambda"": 5.274184771653139, ""subsample"": 0.8121590327603069}"
3,3,112,0,0.6334794,0.6446890388372841,0.0932387033932921,"{""colsample_bytree"": 0.5805239980279713, ""learning_rate"": 0.01888607190306449, ""max_depth"": 2, ""min_child_weight"": 2, ""reg_lambda"": 5.274184771653139, ""subsample"": 0.8121590327603069}"
3,3,119,1,0.73822826,0.7900303977485292,0.08526449130973368,"{""colsample_bytree"": 0.5805239980279713, ""learning_rate"": 0.01888607190306449, ""max_depth"": 2, ""min_child_weight"": 2, ""reg_lambda"": 5.274184771653139, ""subsample"": 0.8121590327603069}"
3,3,128,1,0.68542343,0.7443162199636469,0.0821097336875266,"{""colsample_bytree"": 0.5805239980279713, ""learning_rate"": 0.01888607190306449, ""max_depth"": 2, ""min_child_weight"": 2, ""reg_lambda"": 5.274184771653139, ""subsample"": 0.8121590327603069}"
3,3,134,1,0.53652865,0.524936995394454,0.08349584626066109,"{""colsample_bytree"": 0.5805239980279713, ""learning_rate"": 0.01888607190306449, ""max_depth"": 2, ""min_child_weight"": 2, ""reg_lambda"": 5.274184771653139, ""subsample"": 0.8121590327603069}"
3,3,136,0,0.32052183,0.23602636013951567,0.09111848422538127,"{""colsample_bytree"": 0.5805239980279713, ""learning_rate"": 0.01888607190306449, ""max_depth"": 2, ""min_child_weight"": 2, ""reg_lambda"": 5.274184771653139, ""subsample"": 0.8121590327603069}"
3,3,137,0,0.25655922,0.1700814578977215,0.08307329921986291,"{""colsample_bytree"": 0.5805239980279713, ""learning_rate"": 0.01888607190306449, ""max_depth"": 2, ""min_child_weight"": 2, ""reg_lambda"": 5.274184771653139, ""subsample"": 0.8121590327603069}"
3,3,139,1,0.7987478,0.8388589974623649,0.05711171398633854,"{""colsample_bytree"": 0.5805239980279713, ""learning_rate"": 0.01888607190306449, ""max_depth"": 2, ""min_child_weight"": 2, ""reg_lambda"": 5.274184771653139, ""subsample"": 0.8121590327603069}"
3,3,142,1,0.3126618,0.24562896380637528,0.1188703500237456,"{""colsample_bytree"": 0.5805239980279713, ""learning_rate"": 0.01888607190306449, ""max_depth"": 2, ""min_child_weight"": 2, ""reg_lambda"": 5.274184771653139, ""subsample"": 0.8121590327603069}"
3,3,150,0,0.30746812,0.2363530933025899,0.09132639694388735,"{""colsample_bytree"": 0.5805239980279713, ""learning_rate"": 0.01888607190306449, ""max_depth"": 2, ""min_child_weight"": 2, ""reg_lambda"": 5.274184771653139, ""subsample"": 0.8121590327603069}"
3,3,158,0,0.52253747,0.4989145369713575,0.14899910383193624,"{""colsample_bytree"": 0.5805239980279713, ""learning_rate"": 0.01888607190306449, ""max_depth"": 2, ""min_child_weight"": 2, ""reg_lambda"": 5.274184771653139, ""subsample"": 0.8121590327603069}"
3,3,160,0,0.6976638,0.7279031392139442,0.03789804704779094,"{""colsample_bytree"": 0.5805239980279713, ""learning_rate"": 0.01888607190306449, ""max_depth"": 2, ""min_child_weight"": 2, ""reg_lambda"": 5.274184771653139, ""subsample"": 0.8121590327603069}"
3,3,166,0,0.24937685,0.15066855861785228,0.09417407349822898,"{""colsample_bytree"": 0.5805239980279713, ""learning_rate"": 0.01888607190306449, ""max_depth"": 2, ""min_child_weight"": 2, ""reg_lambda"": 5.274184771653139, ""subsample"": 0.8121590327603069}"
3,3,170,0,0.3228941,0.21063361557468374,0.10616235734558015,"{""colsample_bytree"": 0.5805239980279713, ""learning_rate"": 0.01888607190306449, ""max_depth"": 2, ""min_child_weight"": 2, ""reg_lambda"": 5.274184771653139, ""subsample"": 0.8121590327603069}"
3,3,172,1,0.611084,0.5640695409120757,0.14793324819884493,"{""colsample_bytree"": 0.5805239980279713, ""learning_rate"": 0.01888607190306449, ""max_depth"": 2, ""min_child_weight"": 2, ""reg_lambda"": 5.274184771653139, ""subsample"": 0.8121590327603069}"
3,3,178,1,0.5271602,0.5213011220601513,0.026293715329653522,"{""colsample_bytree"": 0.5805239980279713, ""learning_rate"": 0.01888607190306449, ""max_depth"": 2, ""min_child_weight"": 2, ""reg_lambda"": 5.274184771653139, ""subsample"": 0.8121590327603069}"
3,3,179,0,0.19631287,0.13922196130790793,0.0754848461435573,"{""colsample_bytree"": 0.5805239980279713, ""learning_rate"": 0.01888607190306449, ""max_depth"": 2, ""min_child_weight"": 2, ""reg_lambda"": 5.274184771653139, ""subsample"": 0.8121590327603069}"
3,3,182,1,0.42199087,0.34651293020335844,0.13868834895876897,"{""colsample_bytree"": 0.5805239980279713, ""learning_rate"": 0.01888607190306449, ""max_depth"": 2, ""min_child_weight"": 2, ""reg_lambda"": 5.274184771653139, ""subsample"": 0.8121590327603069}"
3,3,184,1,0.8052206,0.8453330807039172,0.06120258932985641,"{""colsample_bytree"": 0.5805239980279713, ""learning_rate"": 0.01888607190306449, ""max_depth"": 2, ""min_child_weight"": 2, ""reg_lambda"": 5.274184771653139, ""subsample"": 0.8121590327603069}"
3,3,187,1,0.7761381,0.838903922530658,0.06355028862024109,"{""colsample_bytree"": 0.5805239980279713, ""learning_rate"": 0.01888607190306449, ""max_depth"": 2, ""min_child_weight"": 2, ""reg_lambda"": 5.274184771653139, ""subsample"": 0.8121590327603069}"
3,3,195,0,0.706227,0.7557588822723226,0.0670173809682842,"{""colsample_bytree"": 0.5805239980279713, ""learning_rate"": 0.01888607190306449, ""max_depth"": 2, ""min_child_weight"": 2, ""reg_lambda"": 5.274184771653139, ""subsample"": 0.8121590327603069}"
3,3,198,1,0.770745,0.8251449055091854,0.05239001396433203,"{""colsample_bytree"": 0.5805239980279713, ""learning_rate"": 0.01888607190306449, ""max_depth"": 2, ""min_child_weight"": 2, ""reg_lambda"": 5.274184771653139, ""subsample"": 0.8121590327603069}"
3,3,200,1,0.6536623,0.6620021196436715,0.04638205797565109,"{""colsample_bytree"": 0.5805239980279713, ""learning_rate"": 0.01888607190306449, ""max_depth"": 2, ""min_child_weight"": 2, ""reg_lambda"": 5.274184771653139, ""subsample"": 0.8121590327603069}"
3,3,201,0,0.35896724,0.2911190943652393,0.07165911112567264,"{""colsample_bytree"": 0.5805239980279713, ""learning_rate"": 0.01888607190306449, ""max_depth"": 2, ""min_child_weight"": 2, ""reg_lambda"": 5.274184771653139, ""subsample"": 0.8121590327603069}"
3,3,203,0,0.3597378,0.263249994576907,0.11691578707978798,"{""colsample_bytree"": 0.5805239980279713, ""learning_rate"": 0.01888607190306449, ""max_depth"": 2, ""min_child_weight"": 2, ""reg_lambda"": 5.274184771653139, ""subsample"": 0.8121590327603069}"
3,3,206,1,0.5590559,0.5552407190518576,0.07497449517432493,"{""colsample_bytree"": 0.5805239980279713, ""learning_rate"": 0.01888607190306449, ""max_depth"": 2, ""min_child_weight"": 2, ""reg_lambda"": 5.274184771653139, ""subsample"": 0.8121590327603069}"
3,3,222,1,0.77086055,0.7969937547942234,0.11491936204258109,"{""colsample_bytree"": 0.5805239980279713, ""learning_rate"": 0.01888607190306449, ""max_depth"": 2, ""min_child_weight"": 2, ""reg_lambda"": 5.274184771653139, ""subsample"": 0.8121590327603069}"
3,3,223,1,0.40345904,0.3373982392891806,0.08600752942326208,"{""colsample_bytree"": 0.5805239980279713, ""learning_rate"": 0.01888607190306449, ""max_depth"": 2, ""min_child_weight"": 2, ""reg_lambda"": 5.274184771653139, ""subsample"": 0.8121590327603069}"
3,3,235,1,0.8817667,0.8921453986222303,0.06175912536445574,"{""colsample_bytree"": 0.5805239980279713, ""learning_rate"": 0.01888607190306449, ""max_depth"": 2, ""min_child_weight"": 2, ""reg_lambda"": 5.274184771653139, ""subsample"": 0.8121590327603069}"
3,3,239,1,0.8452102,0.872287903491274,0.07178093596198112,"{""colsample_bytree"": 0.5805239980279713, ""learning_rate"": 0.01888607190306449, ""max_depth"": 2, ""min_child_weight"": 2, ""reg_lambda"": 5.274184771653139, ""subsample"": 0.8121590327603069}"
3,3,250,1,0.65343446,0.6770544634312831,0.09234747902461422,"{""colsample_bytree"": 0.5805239980279713, ""learning_rate"": 0.01888607190306449, ""max_depth"": 2, ""min_child_weight"": 2, ""reg_lambda"": 5.274184771653139, ""subsample"": 0.8121590327603069}"
3,3,256,0,0.2901278,0.2174208305371343,0.08285082036997433,"{""colsample_bytree"": 0.5805239980279713, ""learning_rate"": 0.01888607190306449, ""max_depth"": 2, ""min_child_weight"": 2, ""reg_lambda"": 5.274184771653139, ""subsample"": 0.8121590327603069}"
3,3,258,0,0.19905707,0.14647313641516344,0.0811119126452698,"{""colsample_bytree"": 0.5805239980279713, ""learning_rate"": 0.01888607190306449, ""max_depth"": 2, ""min_child_weight"": 2, ""reg_lambda"": 5.274184771653139, ""subsample"": 0.8121590327603069}"
3,3,260,1,0.76050216,0.8162480801933913,0.05154531871612994,"{""colsample_bytree"": 0.5805239980279713, ""learning_rate"": 0.01888607190306449, ""max_depth"": 2, ""min_child_weight"": 2, ""reg_lambda"": 5.274184771653139, ""subsample"": 0.8121590327603069}"
3,3,267,1,0.72495526,0.7935536198523845,0.06352849649980861,"{""colsample_bytree"": 0.5805239980279713, ""learning_rate"": 0.01888607190306449, ""max_depth"": 2, ""min_child_weight"": 2, ""reg_lambda"": 5.274184771653139, ""subsample"": 0.8121590327603069}"
3,3,271,1,0.88086873,0.898220116389942,0.0529017051101205,"{""colsample_bytree"": 0.5805239980279713, ""learning_rate"": 0.01888607190306449, ""max_depth"": 2, ""min_child_weight"": 2, ""reg_lambda"": 5.274184771653139, ""subsample"": 0.8121590327603069}"
3,3,283,0,0.38125312,0.3286264508391941,0.1277793479069791,"{""colsample_bytree"": 0.5805239980279713, ""learning_rate"": 0.01888607190306449, ""max_depth"": 2, ""min_child_weight"": 2, ""reg_lambda"": 5.274184771653139, ""subsample"": 0.8121590327603069}"
3,3,285,0,0.26635757,0.2129131338573805,0.07442291965883577,"{""colsample_bytree"": 0.5805239980279713, ""learning_rate"": 0.01888607190306449, ""max_depth"": 2, ""min_child_weight"": 2, ""reg_lambda"": 5.274184771653139, ""subsample"": 0.8121590327603069}"
3,3,290,0,0.25880483,0.1747539013231269,0.08062395017838468,"{""colsample_bytree"": 0.5805239980279713, ""learning_rate"": 0.01888607190306449, ""max_depth"": 2, ""min_child_weight"": 2, ""reg_lambda"": 5.274184771653139, ""subsample"": 0.8121590327603069}"
3,3,296,0,0.35542974,0.2640567567869579,0.10613135933337041,"{""colsample_bytree"": 0.5805239980279713, ""learning_rate"": 0.01888607190306449, ""max_depth"": 2, ""min_child_weight"": 2, ""reg_lambda"": 5.274184771653139, ""subsample"": 0.8121590327603069}"
3,3,298,1,0.78199387,0.8142822519888343,0.035552910299091856,"{""colsample_bytree"": 0.5805239980279713, ""learning_rate"": 0.01888607190306449, ""max_depth"": 2, ""min_child_weight"": 2, ""reg_lambda"": 5.274184771653139, ""subsample"": 0.8121590327603069}"
3,4,2,1,0.9295868,0.9123980117810501,0.044450340475294156,"{""colsample_bytree"": 0.795526718572559, ""learning_rate"": 0.03208270757218801, ""max_depth"": 3, ""min_child_weight"": 2, ""reg_lambda"": 6.7091182812212455, ""subsample"": 0.7899639751147874}"
3,4,3,0,0.6384787,0.6155763377663035,0.06685591666369871,"{""colsample_bytree"": 0.795526718572559, ""learning_rate"": 0.03208270757218801, ""max_depth"": 3, ""min_child_weight"": 2, ""reg_lambda"": 6.7091182812212455, ""subsample"": 0.7899639751147874}"
3,4,30,1,0.8401442,0.8433613950724806,0.035042549497864665,"{""colsample_bytree"": 0.795526718572559, ""learning_rate"": 0.03208270757218801, ""max_depth"": 3, ""min_child_weight"": 2, ""reg_lambda"": 6.7091182812212455, ""subsample"": 0.7899639751147874}"
3,4,39,1,0.8641329,0.8964019862937327,0.0487376287529952,"{""colsample_bytree"": 0.795526718572559, ""learning_rate"": 0.03208270757218801, ""max_depth"": 3, ""min_child_weight"": 2, ""reg_lambda"": 6.7091182812212455, ""subsample"": 0.7899639751147874}"
3,4,42,0,0.19078271,0.1744031809188984,0.05171193030426679,"{""colsample_bytree"": 0.795526718572559, ""learning_rate"": 0.03208270757218801, ""max_depth"": 3, ""min_child_weight"": 2, ""reg_lambda"": 6.7091182812212455, ""subsample"": 0.7899639751147874}"
3,4,43,1,0.59343314,0.6938796154622906,0.11675256218064584,"{""colsample_bytree"": 0.795526718572559, ""learning_rate"": 0.03208270757218801, ""max_depth"": 3, ""min_child_weight"": 2, ""reg_lambda"": 6.7091182812212455, ""subsample"": 0.7899639751147874}"
3,4,46,1,0.5737539,0.6486314940926621,0.10444011877695025,"{""colsample_bytree"": 0.795526718572559, ""learning_rate"": 0.03208270757218801, ""max_depth"": 3, ""min_child_weight"": 2, ""reg_lambda"": 6.7091182812212455, ""subsample"": 0.7899639751147874}"
3,4,53,0,0.67551386,0.7129145070088272,0.10424251243370079,"{""colsample_bytree"": 0.795526718572559, ""learning_rate"": 0.03208270757218801, ""max_depth"": 3, ""min_child_weight"": 2, ""reg_lambda"": 6.7091182812212455, ""subsample"": 0.7899639751147874}"
3,4,61,1,0.32232767,0.3151077406429056,0.03265240096371143,"{""colsample_bytree"": 0.795526718572559, ""learning_rate"": 0.03208270757218801, ""max_depth"": 3, ""min_child_weight"": 2, ""reg_lambda"": 6.7091182812212455, ""subsample"": 0.7899639751147874}"
3,4,69,1,0.7326343,0.7904937253971663,0.09770488457398725,"{""colsample_bytree"": 0.795526718572559, ""learning_rate"": 0.03208270757218801, ""max_depth"": 3, ""min_child_weight"": 2, ""reg_lambda"": 6.7091182812212455, ""subsample"": 0.7899639751147874}"
3,4,71,1,0.9038493,0.8948903400999193,0.04100886136621415,"{""colsample_bytree"": 0.795526718572559, ""learning_rate"": 0.03208270757218801, ""max_depth"": 3, ""min_child_weight"": 2, ""reg_lambda"": 6.7091182812212455, ""subsample"": 0.7899639751147874}"
3,4,72,1,0.5830646,0.704639604837421,0.062039493758893775,"{""colsample_bytree"": 0.795526718572559, ""learning_rate"": 0.03208270757218801, ""max_depth"": 3, ""min_child_weight"": 2, ""reg_lambda"": 6.7091182812212455, ""subsample"": 0.7899639751147874}"
3,4,74,1,0.93531203,0.9132962897844361,0.03903216432072574,"{""colsample_bytree"": 0.795526718572559, ""learning_rate"": 0.03208270757218801, ""max_depth"": 3, ""min_child_weight"": 2, ""reg_lambda"": 6.7091182812212455, ""subsample"": 0.7899639751147874}"
3,4,76,1,0.70224035,0.7734880903343362,0.07438139341738398,"{""colsample_bytree"": 0.795526718572559, ""learning_rate"": 0.03208270757218801, ""max_depth"": 3, ""min_child_weight"": 2, ""reg_lambda"": 6.7091182812212455, ""subsample"": 0.7899639751147874}"
3,4,79,0,0.107544,0.1057367023962907,0.05846270245553687,"{""colsample_bytree"": 0.795526718572559, ""learning_rate"": 0.03208270757218801, ""max_depth"": 3, ""min_child_weight"": 2, ""reg_lambda"": 6.7091182812212455, ""subsample"": 0.7899639751147874}"
3,4,81,1,0.9538962,0.9225615406022438,0.036819229868252715,"{""colsample_bytree"": 0.795526718572559, ""learning_rate"": 0.03208270757218801, ""max_depth"": 3, ""min_child_weight"": 2, ""reg_lambda"": 6.7091182812212455, ""subsample"": 0.7899639751147874}"
3,4,84,0,0.9018085,0.891715099073054,0.03964265771240161,"{""colsample_bytree"": 0.795526718572559, ""learning_rate"": 0.03208270757218801, ""max_depth"": 3, ""min_child_weight"": 2, ""reg_lambda"": 6.7091182812212455, ""subsample"": 0.7899639751147874}"
3,4,86,1,0.7614583,0.8064871642921153,0.03189582346533158,"{""colsample_bytree"": 0.795526718572559, ""learning_rate"": 0.03208270757218801, ""max_depth"": 3, ""min_child_weight"": 2, ""reg_lambda"": 6.7091182812212455, ""subsample"": 0.7899639751147874}"
3,4,88,0,0.8984869,0.8967754235866293,0.03550015756075777,"{""colsample_bytree"": 0.795526718572559, ""learning_rate"": 0.03208270757218801, ""max_depth"": 3, ""min_child_weight"": 2, ""reg_lambda"": 6.7091182812212455, ""subsample"": 0.7899639751147874}"
3,4,100,1,0.848942,0.8824348645579096,0.04034918821292666,"{""colsample_bytree"": 0.795526718572559, ""learning_rate"": 0.03208270757218801, ""max_depth"": 3, ""min_child_weight"": 2, ""reg_lambda"": 6.7091182812212455, ""subsample"": 0.7899639751147874}"
3,4,109,0,0.5438899,0.5972803024412505,0.13227676685838272,"{""colsample_bytree"": 0.795526718572559, ""learning_rate"": 0.03208270757218801, ""max_depth"": 3, ""min_child_weight"": 2, ""reg_lambda"": 6.7091182812212455, ""subsample"": 0.7899639751147874}"
3,4,121,0,0.5968431,0.6553862203322773,0.05072659477206483,"{""colsample_bytree"": 0.795526718572559, ""learning_rate"": 0.03208270757218801, ""max_depth"": 3, ""min_child_weight"": 2, ""reg_lambda"": 6.7091182812212455, ""subsample"": 0.7899639751147874}"
3,4,127,1,0.8976369,0.9000288200594939,0.05239672264833348,"{""colsample_bytree"": 0.795526718572559, ""learning_rate"": 0.03208270757218801, ""max_depth"": 3, ""min_child_weight"": 2, ""reg_lambda"": 6.7091182812212455, ""subsample"": 0.7899639751147874}"
3,4,129,0,0.34909874,0.2457047516264911,0.13027424052454342,"{""colsample_bytree"": 0.795526718572559, ""learning_rate"": 0.03208270757218801, ""max_depth"": 3, ""min_child_weight"": 2, ""reg_lambda"": 6.7091182812212455, ""subsample"": 0.7899639751147874}"
3,4,131,1,0.9583134,0.9255967168064096,0.03845958442366429,"{""colsample_bytree"": 0.795526718572559, ""learning_rate"": 0.03208270757218801, ""max_depth"": 3, ""min_child_weight"": 2, ""reg_lambda"": 6.7091182812212455, ""subsample"": 0.7899639751147874}"
3,4,143,0,0.05301746,0.0791261933516058,0.046269966611625205,"{""colsample_bytree"": 0.795526718572559, ""learning_rate"": 0.03208270757218801, ""max_depth"": 3, ""min_child_weight"": 2, ""reg_lambda"": 6.7091182812212455, ""subsample"": 0.7899639751147874}"
3,4,144,1,0.8617963,0.8874552716368582,0.04716251461895432,"{""colsample_bytree"": 0.795526718572559, ""learning_rate"": 0.03208270757218801, ""max_depth"": 3, ""min_child_weight"": 2, ""reg_lambda"": 6.7091182812212455, ""subsample"": 0.7899639751147874}"
3,4,155,1,0.94561434,0.9158916438062278,0.042351455992852366,"{""colsample_bytree"": 0.795526718572559, ""learning_rate"": 0.03208270757218801, ""max_depth"": 3, ""min_child_weight"": 2, ""reg_lambda"": 6.7091182812212455, ""subsample"": 0.7899639751147874}"
3,4,171,1,0.6632986,0.7466210913189595,0.08399129173985763,"{""colsample_bytree"": 0.795526718572559, ""learning_rate"": 0.03208270757218801, ""max_depth"": 3, ""min_child_weight"": 2, ""reg_lambda"": 6.7091182812212455, ""subsample"": 0.7899639751147874}"
3,4,173,1,0.8453565,0.8612502637122104,0.05037813743650292,"{""colsample_bytree"": 0.795526718572559, ""learning_rate"": 0.03208270757218801, ""max_depth"": 3, ""min_child_weight"": 2, ""reg_lambda"": 6.7091182812212455, ""subsample"": 0.7899639751147874}"
3,4,176,1,0.19474463,0.15751614949175857,0.06953834922061791,"{""colsample_bytree"": 0.795526718572559, ""learning_rate"": 0.03208270757218801, ""max_depth"": 3, ""min_child_weight"": 2, ""reg_lambda"": 6.7091182812212455, ""subsample"": 0.7899639751147874}"
3,4,180,1,0.36002052,0.3241630790527039,0.12220342972295814,"{""colsample_bytree"": 0.795526718572559, ""learning_rate"": 0.03208270757218801, ""max_depth"": 3, ""min_child_weight"": 2, ""reg_lambda"": 6.7091182812212455, ""subsample"": 0.7899639751147874}"
3,4,181,1,0.71585405,0.7545916288788798,0.07612407218139786,"{""colsample_bytree"": 0.795526718572559, ""learning_rate"": 0.03208270757218801, ""max_depth"": 3, ""min_child_weight"": 2, ""reg_lambda"": 6.7091182812212455, ""subsample"": 0.7899639751147874}"
3,4,183,0,0.605475,0.48749595830108045,0.12927448610182893,"{""colsample_bytree"": 0.795526718572559, ""learning_rate"": 0.03208270757218801, ""max_depth"": 3, ""min_child_weight"": 2, ""reg_lambda"": 6.7091182812212455, ""subsample"": 0.7899639751147874}"
3,4,189,1,0.8465227,0.8606251004146867,0.04862612532086419,"{""colsample_bytree"": 0.795526718572559, ""learning_rate"": 0.03208270757218801, ""max_depth"": 3, ""min_child_weight"": 2, ""reg_lambda"": 6.7091182812212455, ""subsample"": 0.7899639751147874}"
3,4,190,0,0.8087,0.8262421659944676,0.0935048602479536,"{""colsample_bytree"": 0.795526718572559, ""learning_rate"": 0.03208270757218801, ""max_depth"": 3, ""min_child_weight"": 2, ""reg_lambda"": 6.7091182812212455, ""subsample"": 0.7899639751147874}"
3,4,194,0,0.19463691,0.18058630804590725,0.06459679713198792,"{""colsample_bytree"": 0.795526718572559, ""learning_rate"": 0.03208270757218801, ""max_depth"": 3, ""min_child_weight"": 2, ""reg_lambda"": 6.7091182812212455, ""subsample"": 0.7899639751147874}"
3,4,199,0,0.2119875,0.18483431837030795,0.06784890877696671,"{""colsample_bytree"": 0.795526718572559, ""learning_rate"": 0.03208270757218801, ""max_depth"": 3, ""min_child_weight"": 2, ""reg_lambda"": 6.7091182812212455, ""subsample"": 0.7899639751147874}"
3,4,202,1,0.88066304,0.8945352665986105,0.042183810509587805,"{""colsample_bytree"": 0.795526718572559, ""learning_rate"": 0.03208270757218801, ""max_depth"": 3, ""min_child_weight"": 2, ""reg_lambda"": 6.7091182812212455, ""subsample"": 0.7899639751147874}"
3,4,208,1,0.57232094,0.5921121963881644,0.0912213410299321,"{""colsample_bytree"": 0.795526718572559, ""learning_rate"": 0.03208270757218801, ""max_depth"": 3, ""min_child_weight"": 2, ""reg_lambda"": 6.7091182812212455, ""subsample"": 0.7899639751147874}"
3,4,209,1,0.62775356,0.6783018608513369,0.16474307213097597,"{""colsample_bytree"": 0.795526718572559, ""learning_rate"": 0.03208270757218801, ""max_depth"": 3, ""min_child_weight"": 2, ""reg_lambda"": 6.7091182812212455, ""subsample"": 0.7899639751147874}"
3,4,210,0,0.06935154,0.08737724900455181,0.05036123899611051,"{""colsample_bytree"": 0.795526718572559, ""learning_rate"": 0.03208270757218801, ""max_depth"": 3, ""min_child_weight"": 2, ""reg_lambda"": 6.7091182812212455, ""subsample"": 0.7899639751147874}"
3,4,214,0,0.884825,0.87929675907441,0.03518529624192797,"{""colsample_bytree"": 0.795526718572559, ""learning_rate"": 0.03208270757218801, ""max_depth"": 3, ""min_child_weight"": 2, ""reg_lambda"": 6.7091182812212455, ""subsample"": 0.7899639751147874}"
3,4,215,1,0.6858142,0.8084201474335508,0.07700861633449158,"{""colsample_bytree"": 0.795526718572559, ""learning_rate"": 0.03208270757218801, ""max_depth"": 3, ""min_child_weight"": 2, ""reg_lambda"": 6.7091182812212455, ""subsample"": 0.7899639751147874}"
3,4,225,0,0.4420408,0.5000112668267114,0.15654371207122367,"{""colsample_bytree"": 0.795526718572559, ""learning_rate"": 0.03208270757218801, ""max_depth"": 3, ""min_child_weight"": 2, ""reg_lambda"": 6.7091182812212455, ""subsample"": 0.7899639751147874}"
3,4,227,1,0.45203915,0.449185243062621,0.08120781630099708,"{""colsample_bytree"": 0.795526718572559, ""learning_rate"": 0.03208270757218801, ""max_depth"": 3, ""min_child_weight"": 2, ""reg_lambda"": 6.7091182812212455, ""subsample"": 0.7899639751147874}"
3,4,231,0,0.88841283,0.9002880560575518,0.04539572631383856,"{""colsample_bytree"": 0.795526718572559, ""learning_rate"": 0.03208270757218801, ""max_depth"": 3, ""min_child_weight"": 2, ""reg_lambda"": 6.7091182812212455, ""subsample"": 0.7899639751147874}"
3,4,240,1,0.96709186,0.9293078954703473,0.03759039492130999,"{""colsample_bytree"": 0.795526718572559, ""learning_rate"": 0.03208270757218801, ""max_depth"": 3, ""min_child_weight"": 2, ""reg_lambda"": 6.7091182812212455, ""subsample"": 0.7899639751147874}"
3,4,247,0,0.079407044,0.1033100959484639,0.061170335841716814,"{""colsample_bytree"": 0.795526718572559, ""learning_rate"": 0.03208270757218801, ""max_depth"": 3, ""min_child_weight"": 2, ""reg_lambda"": 6.7091182812212455, ""subsample"": 0.7899639751147874}"
3,4,252,1,0.7967543,0.8015045541625675,0.070127993801012,"{""colsample_bytree"": 0.795526718572559, ""learning_rate"": 0.03208270757218801, ""max_depth"": 3, ""min_child_weight"": 2, ""reg_lambda"": 6.7091182812212455, ""subsample"": 0.7899639751147874}"
3,4,259,1,0.58880925,0.6254887664380364,0.045647877396839294,"{""colsample_bytree"": 0.795526718572559, ""learning_rate"": 0.03208270757218801, ""max_depth"": 3, ""min_child_weight"": 2, ""reg_lambda"": 6.7091182812212455, ""subsample"": 0.7899639751147874}"
3,4,261,0,0.05142756,0.08101795293668311,0.04928407089783139,"{""colsample_bytree"": 0.795526718572559, ""learning_rate"": 0.03208270757218801, ""max_depth"": 3, ""min_child_weight"": 2, ""reg_lambda"": 6.7091182812212455, ""subsample"": 0.7899639751147874}"
3,4,262,1,0.38904166,0.38372512941111314,0.0933954532546482,"{""colsample_bytree"": 0.795526718572559, ""learning_rate"": 0.03208270757218801, ""max_depth"": 3, ""min_child_weight"": 2, ""reg_lambda"": 6.7091182812212455, ""subsample"": 0.7899639751147874}"
3,4,266,0,0.77885246,0.8088293231177227,0.07047804192581036,"{""colsample_bytree"": 0.795526718572559, ""learning_rate"": 0.03208270757218801, ""max_depth"": 3, ""min_child_weight"": 2, ""reg_lambda"": 6.7091182812212455, ""subsample"": 0.7899639751147874}"
3,4,268,0,0.8243405,0.8079562172419024,0.07383059294989952,"{""colsample_bytree"": 0.795526718572559, ""learning_rate"": 0.03208270757218801, ""max_depth"": 3, ""min_child_weight"": 2, ""reg_lambda"": 6.7091182812212455, ""subsample"": 0.7899639751147874}"
3,4,270,0,0.06517291,0.0894434476538151,0.05169592390904892,"{""colsample_bytree"": 0.795526718572559, ""learning_rate"": 0.03208270757218801, ""max_depth"": 3, ""min_child_weight"": 2, ""reg_lambda"": 6.7091182812212455, ""subsample"": 0.7899639751147874}"
3,4,272,0,0.7038102,0.759304517232884,0.05524279407716415,"{""colsample_bytree"": 0.795526718572559, ""learning_rate"": 0.03208270757218801, ""max_depth"": 3, ""min_child_weight"": 2, ""reg_lambda"": 6.7091182812212455, ""subsample"": 0.7899639751147874}"
3,4,274,1,0.96793884,0.9278625514793258,0.03758675248365607,"{""colsample_bytree"": 0.795526718572559, ""learning_rate"": 0.03208270757218801, ""max_depth"": 3, ""min_child_weight"": 2, ""reg_lambda"": 6.7091182812212455, ""subsample"": 0.7899639751147874}"
3,4,277,1,0.9490373,0.9232367070190914,0.0370179595384495,"{""colsample_bytree"": 0.795526718572559, ""learning_rate"": 0.03208270757218801, ""max_depth"": 3, ""min_child_weight"": 2, ""reg_lambda"": 6.7091182812212455, ""subsample"": 0.7899639751147874}"
3,4,284,0,0.40816855,0.3678818175259456,0.11416756731931914,"{""colsample_bytree"": 0.795526718572559, ""learning_rate"": 0.03208270757218801, ""max_depth"": 3, ""min_child_weight"": 2, ""reg_lambda"": 6.7091182812212455, ""subsample"": 0.7899639751147874}"
4,0,2,1,0.89797926,0.8890792805968936,0.06078593684444223,"{""colsample_bytree"": 0.8409237521007844, ""learning_rate"": 0.019017329039652475, ""max_depth"": 2, ""min_child_weight"": 3, ""reg_lambda"": 1.552678312292965, ""subsample"": 0.7543445112975757}"
4,0,19,0,0.801528,0.8617422034441976,0.059295648051167306,"{""colsample_bytree"": 0.8409237521007844, ""learning_rate"": 0.019017329039652475, ""max_depth"": 2, ""min_child_weight"": 3, ""reg_lambda"": 1.552678312292965, ""subsample"": 0.7543445112975757}"
4,0,26,0,0.33481315,0.29439347703065677,0.09400651917202793,"{""colsample_bytree"": 0.8409237521007844, ""learning_rate"": 0.019017329039652475, ""max_depth"": 2, ""min_child_weight"": 3, ""reg_lambda"": 1.552678312292965, ""subsample"": 0.7543445112975757}"
4,0,31,0,0.61077976,0.721034831091007,0.10722641252999557,"{""colsample_bytree"": 0.8409237521007844, ""learning_rate"": 0.019017329039652475, ""max_depth"": 2, ""min_child_weight"": 3, ""reg_lambda"": 1.552678312292965, ""subsample"": 0.7543445112975757}"
4,0,32,1,0.8495089,0.8797800380975678,0.06286817950484695,"{""colsample_bytree"": 0.8409237521007844, ""learning_rate"": 0.019017329039652475, ""max_depth"": 2, ""min_child_weight"": 3, ""reg_lambda"": 1.552678312292965, ""subsample"": 0.7543445112975757}"
4,0,36,1,0.76539826,0.8344544091359196,0.06988478493507014,"{""colsample_bytree"": 0.8409237521007844, ""learning_rate"": 0.019017329039652475, ""max_depth"": 2, ""min_child_weight"": 3, ""reg_lambda"": 1.552678312292965, ""subsample"": 0.7543445112975757}"
4,0,41,0,0.2534878,0.1827291151702785,0.05228125968557956,"{""colsample_bytree"": 0.8409237521007844, ""learning_rate"": 0.019017329039652475, ""max_depth"": 2, ""min_child_weight"": 3, ""reg_lambda"": 1.552678312292965, ""subsample"": 0.7543445112975757}"
4,0,59,1,0.93253505,0.9139576908587769,0.046703826149117195,"{""colsample_bytree"": 0.8409237521007844, ""learning_rate"": 0.019017329039652475, ""max_depth"": 2, ""min_child_weight"": 3, ""reg_lambda"": 1.552678312292965, ""subsample"": 0.7543445112975757}"
4,0,68,0,0.23381746,0.17256769782816916,0.029929546169618064,"{""colsample_bytree"": 0.8409237521007844, ""learning_rate"": 0.019017329039652475, ""max_depth"": 2, ""min_child_weight"": 3, ""reg_lambda"": 1.552678312292965, ""subsample"": 0.7543445112975757}"
4,0,78,1,0.8678248,0.8878336705305875,0.054619079896194245,"{""colsample_bytree"": 0.8409237521007844, ""learning_rate"": 0.019017329039652475, ""max_depth"": 2, ""min_child_weight"": 3, ""reg_lambda"": 1.552678312292965, ""subsample"": 0.7543445112975757}"
4,0,80,1,0.90962124,0.9005972526444219,0.058651076006760325,"{""colsample_bytree"": 0.8409237521007844, ""learning_rate"": 0.019017329039652475, ""max_depth"": 2, ""min_child_weight"": 3, ""reg_lambda"": 1.552678312292965, ""subsample"": 0.7543445112975757}"
4,0,81,1,0.92885375,0.9173864207041081,0.04242993989225011,"{""colsample_bytree"": 0.8409237521007844, ""learning_rate"": 0.019017329039652475, ""max_depth"": 2, ""min_child_weight"": 3, ""reg_lambda"": 1.552678312292965, ""subsample"": 0.7543445112975757}"
4,0,82,1,0.37121847,0.3878402821841364,0.0934336654781497,"{""colsample_bytree"": 0.8409237521007844, ""learning_rate"": 0.019017329039652475, ""max_depth"": 2, ""min_child_weight"": 3, ""reg_lambda"": 1.552678312292965, ""subsample"": 0.7543445112975757}"
4,0,84,0,0.84651935,0.8742207959759034,0.06037490163073386,"{""colsample_bytree"": 0.8409237521007844, ""learning_rate"": 0.019017329039652475, ""max_depth"": 2, ""min_child_weight"": 3, ""reg_lambda"": 1.552678312292965, ""subsample"": 0.7543445112975757}"
4,0,88,0,0.8325169,0.8681017316256396,0.05780221779716883,"{""colsample_bytree"": 0.8409237521007844, ""learning_rate"": 0.019017329039652475, ""max_depth"": 2, ""min_child_weight"": 3, ""reg_lambda"": 1.552678312292965, ""subsample"": 0.7543445112975757}"
4,0,91,0,0.3738781,0.32714062534246774,0.15455781262522816,"{""colsample_bytree"": 0.8409237521007844, ""learning_rate"": 0.019017329039652475, ""max_depth"": 2, ""min_child_weight"": 3, ""reg_lambda"": 1.552678312292965, ""subsample"": 0.7543445112975757}"
4,0,97,1,0.7450207,0.8095066604253269,0.06970755432943324,"{""colsample_bytree"": 0.8409237521007844, ""learning_rate"": 0.019017329039652475, ""max_depth"": 2, ""min_child_weight"": 3, ""reg_lambda"": 1.552678312292965, ""subsample"": 0.7543445112975757}"
4,0,98,1,0.89076364,0.898908780198895,0.059499114753043585,"{""colsample_bytree"": 0.8409237521007844, ""learning_rate"": 0.019017329039652475, ""max_depth"": 2, ""min_child_weight"": 3, ""reg_lambda"": 1.552678312292965, ""subsample"": 0.7543445112975757}"
4,0,104,0,0.5024517,0.4608201283088536,0.113757990176051,"{""colsample_bytree"": 0.8409237521007844, ""learning_rate"": 0.019017329039652475, ""max_depth"": 2, ""min_child_weight"": 3, ""reg_lambda"": 1.552678312292965, ""subsample"": 0.7543445112975757}"
4,0,111,1,0.747623,0.8099290507748554,0.047636677141176025,"{""colsample_bytree"": 0.8409237521007844, ""learning_rate"": 0.019017329039652475, ""max_depth"": 2, ""min_child_weight"": 3, ""reg_lambda"": 1.552678312292965, ""subsample"": 0.7543445112975757}"
4,0,114,1,0.92282325,0.9128017815840629,0.049389273248710265,"{""colsample_bytree"": 0.8409237521007844, ""learning_rate"": 0.019017329039652475, ""max_depth"": 2, ""min_child_weight"": 3, ""reg_lambda"": 1.552678312292965, ""subsample"": 0.7543445112975757}"
4,0,116,1,0.8896222,0.9010751950247627,0.04848038964361027,"{""colsample_bytree"": 0.8409237521007844, ""learning_rate"": 0.019017329039652475, ""max_depth"": 2, ""min_child_weight"": 3, ""reg_lambda"": 1.552678312292965, ""subsample"": 0.7543445112975757}"
4,0,118,1,0.8150258,0.846323340846171,0.041616570621886215,"{""colsample_bytree"": 0.8409237521007844, ""learning_rate"": 0.019017329039652475, ""max_depth"": 2, ""min_child_weight"": 3, ""reg_lambda"": 1.552678312292965, ""subsample"": 0.7543445112975757}"
4,0,131,1,0.9355779,0.9175183450398995,0.04329473372090579,"{""colsample_bytree"": 0.8409237521007844, ""learning_rate"": 0.019017329039652475, ""max_depth"": 2, ""min_child_weight"": 3, ""reg_lambda"": 1.552678312292965, ""subsample"": 0.7543445112975757}"
4,0,135,1,0.51387215,0.5515105061764748,0.10523832612550386,"{""colsample_bytree"": 0.8409237521007844, ""learning_rate"": 0.019017329039652475, ""max_depth"": 2, ""min_child_weight"": 3, ""reg_lambda"": 1.552678312292965, ""subsample"": 0.7543445112975757}"
4,0,137,0,0.18286876,0.1455153919203961,0.0421477460762504,"{""colsample_bytree"": 0.8409237521007844, ""learning_rate"": 0.019017329039652475, ""max_depth"": 2, ""min_child_weight"": 3, ""reg_lambda"": 1.552678312292965, ""subsample"": 0.7543445112975757}"
4,0,140,1,0.8783605,0.8976587633010371,0.04930639948340055,"{""colsample_bytree"": 0.8409237521007844, ""learning_rate"": 0.019017329039652475, ""max_depth"": 2, ""min_child_weight"": 3, ""reg_lambda"": 1.552678312292965, ""subsample"": 0.7543445112975757}"
4,0,142,1,0.3802599,0.3275751935588552,0.06870486756190718,"{""colsample_bytree"": 0.8409237521007844, ""learning_rate"": 0.019017329039652475, ""max_depth"": 2, ""min_child_weight"": 3, ""reg_lambda"": 1.552678312292965, ""subsample"": 0.7543445112975757}"
4,0,148,1,0.49807075,0.5249698939874079,0.06030469268853443,"{""colsample_bytree"": 0.8409237521007844, ""learning_rate"": 0.019017329039652475, ""max_depth"": 2, ""min_child_weight"": 3, ""reg_lambda"": 1.552678312292965, ""subsample"": 0.7543445112975757}"
4,0,149,1,0.7072523,0.7743511537200712,0.09444431830439294,"{""colsample_bytree"": 0.8409237521007844, ""learning_rate"": 0.019017329039652475, ""max_depth"": 2, ""min_child_weight"": 3, ""reg_lambda"": 1.552678312292965, ""subsample"": 0.7543445112975757}"
4,0,157,1,0.69618493,0.7156629062595515,0.1088109558297364,"{""colsample_bytree"": 0.8409237521007844, ""learning_rate"": 0.019017329039652475, ""max_depth"": 2, ""min_child_weight"": 3, ""reg_lambda"": 1.552678312292965, ""subsample"": 0.7543445112975757}"
4,0,163,1,0.5009906,0.5286038664292952,0.0775326263936435,"{""colsample_bytree"": 0.8409237521007844, ""learning_rate"": 0.019017329039652475, ""max_depth"": 2, ""min_child_weight"": 3, ""reg_lambda"": 1.552678312292965, ""subsample"": 0.7543445112975757}"
4,0,170,0,0.17456216,0.14239980919490644,0.040130154625888585,"{""colsample_bytree"": 0.8409237521007844, ""learning_rate"": 0.019017329039652475, ""max_depth"": 2, ""min_child_weight"": 3, ""reg_lambda"": 1.552678312292965, ""subsample"": 0.7543445112975757}"
4,0,171,1,0.64409083,0.737097968548723,0.03484468307408005,"{""colsample_bytree"": 0.8409237521007844, ""learning_rate"": 0.019017329039652475, ""max_depth"": 2, ""min_child_weight"": 3, ""reg_lambda"": 1.552678312292965, ""subsample"": 0.7543445112975757}"
4,0,172,1,0.7320457,0.7934482980873494,0.08420429361155429,"{""colsample_bytree"": 0.8409237521007844, ""learning_rate"": 0.019017329039652475, ""max_depth"": 2, ""min_child_weight"": 3, ""reg_lambda"": 1.552678312292965, ""subsample"": 0.7543445112975757}"
4,0,176,1,0.24088314,0.19520766594958266,0.04659031867703415,"{""colsample_bytree"": 0.8409237521007844, ""learning_rate"": 0.019017329039652475, ""max_depth"": 2, ""min_child_weight"": 3, ""reg_lambda"": 1.552678312292965, ""subsample"": 0.7543445112975757}"
4,0,182,1,0.3521312,0.29938198353976686,0.06411406277874915,"{""colsample_bytree"": 0.8409237521007844, ""learning_rate"": 0.019017329039652475, ""max_depth"": 2, ""min_child_weight"": 3, ""reg_lambda"": 1.552678312292965, ""subsample"": 0.7543445112975757}"
4,0,186,0,0.36118406,0.3806209968403883,0.06995731324994015,"{""colsample_bytree"": 0.8409237521007844, ""learning_rate"": 0.019017329039652475, ""max_depth"": 2, ""min_child_weight"": 3, ""reg_lambda"": 1.552678312292965, ""subsample"": 0.7543445112975757}"
4,0,192,0,0.13441917,0.1056903503743621,0.02991277854636741,"{""colsample_bytree"": 0.8409237521007844, ""learning_rate"": 0.019017329039652475, ""max_depth"": 2, ""min_child_weight"": 3, ""reg_lambda"": 1.552678312292965, ""subsample"": 0.7543445112975757}"
4,0,193,0,0.51403314,0.4696301906483688,0.11180415017540093,"{""colsample_bytree"": 0.8409237521007844, ""learning_rate"": 0.019017329039652475, ""max_depth"": 2, ""min_child_weight"": 3, ""reg_lambda"": 1.552678312292965, ""subsample"": 0.7543445112975757}"
4,0,195,0,0.8138984,0.8457639054472891,0.07082786340807207,"{""colsample_bytree"": 0.8409237521007844, ""learning_rate"": 0.019017329039652475, ""max_depth"": 2, ""min_child_weight"": 3, ""reg_lambda"": 1.552678312292965, ""subsample"": 0.7543445112975757}"
4,0,197,1,0.82641613,0.8471203238896866,0.05787422702641928,"{""colsample_bytree"": 0.8409237521007844, ""learning_rate"": 0.019017329039652475, ""max_depth"": 2, ""min_child_weight"": 3, ""reg_lambda"": 1.552678312292965, ""subsample"": 0.7543445112975757}"
4,0,201,0,0.3143656,0.20699728654721095,0.0729339697485037,"{""colsample_bytree"": 0.8409237521007844, ""learning_rate"": 0.019017329039652475, ""max_depth"": 2, ""min_child_weight"": 3, ""reg_lambda"": 1.552678312292965, ""subsample"": 0.7543445112975757}"
4,0,203,0,0.31454176,0.2421912806428023,0.08228469746468839,"{""colsample_bytree"": 0.8409237521007844, ""learning_rate"": 0.019017329039652475, ""max_depth"": 2, ""min_child_weight"": 3, ""reg_lambda"": 1.552678312292965, ""subsample"": 0.7543445112975757}"
4,0,211,1,0.63965684,0.6855051054179084,0.09928527051961678,"{""colsample_bytree"": 0.8409237521007844, ""learning_rate"": 0.019017329039652475, ""max_depth"": 2, ""min_child_weight"": 3, ""reg_lambda"": 1.552678312292965, ""subsample"": 0.7543445112975757}"
4,0,214,0,0.8397386,0.8721790468002804,0.06287610613405757,"{""colsample_bytree"": 0.8409237521007844, ""learning_rate"": 0.019017329039652475, ""max_depth"": 2, ""min_child_weight"": 3, ""reg_lambda"": 1.552678312292965, ""subsample"": 0.7543445112975757}"
4,0,240,1,0.9503081,0.923368811913875,0.04376037920161524,"{""colsample_bytree"": 0.8409237521007844, ""learning_rate"": 0.019017329039652475, ""max_depth"": 2, ""min_child_weight"": 3, ""reg_lambda"": 1.552678312292965, ""subsample"": 0.7543445112975757}"
4,0,246,1,0.8972795,0.8999311268021349,0.04294519446948908,"{""colsample_bytree"": 0.8409237521007844, ""learning_rate"": 0.019017329039652475, ""max_depth"": 2, ""min_child_weight"": 3, ""reg_lambda"": 1.552678312292965, ""subsample"": 0.7543445112975757}"
4,0,247,0,0.11315657,0.10199838051294718,0.030067431591333574,"{""colsample_bytree"": 0.8409237521007844, ""learning_rate"": 0.019017329039652475, ""max_depth"": 2, ""min_child_weight"": 3, ""reg_lambda"": 1.552678312292965, ""subsample"": 0.7543445112975757}"
4,0,254,0,0.6332904,0.7168797873469558,0.05514540396466102,"{""colsample_bytree"": 0.8409237521007844, ""learning_rate"": 0.019017329039652475, ""max_depth"": 2, ""min_child_weight"": 3, ""reg_lambda"": 1.552678312292965, ""subsample"": 0.7543445112975757}"
4,0,260,1,0.8373736,0.8594443177856164,0.05021347961171686,"{""colsample_bytree"": 0.8409237521007844, ""learning_rate"": 0.019017329039652475, ""max_depth"": 2, ""min_child_weight"": 3, ""reg_lambda"": 1.552678312292965, ""subsample"": 0.7543445112975757}"
4,0,262,1,0.48764148,0.49673655315095144,0.08740426335162536,"{""colsample_bytree"": 0.8409237521007844, ""learning_rate"": 0.019017329039652475, ""max_depth"": 2, ""min_child_weight"": 3, ""reg_lambda"": 1.552678312292965, ""subsample"": 0.7543445112975757}"
4,0,267,1,0.7900659,0.8427346641451914,0.06656611958584255,"{""colsample_bytree"": 0.8409237521007844, ""learning_rate"": 0.019017329039652475, ""max_depth"": 2, ""min_child_weight"": 3, ""reg_lambda"": 1.552678312292965, ""subsample"": 0.7543445112975757}"
4,0,268,0,0.62777185,0.6338530456083825,0.1293559235289957,"{""colsample_bytree"": 0.8409237521007844, ""learning_rate"": 0.019017329039652475, ""max_depth"": 2, ""min_child_weight"": 3, ""reg_lambda"": 1.552678312292965, ""subsample"": 0.7543445112975757}"
4,0,273,1,0.9017406,0.898878014174891,0.056458777142871265,"{""colsample_bytree"": 0.8409237521007844, ""learning_rate"": 0.019017329039652475, ""max_depth"": 2, ""min_child_weight"": 3, ""reg_lambda"": 1.552678312292965, ""subsample"": 0.7543445112975757}"
4,0,275,1,0.8294389,0.8605182669624705,0.03735184102205887,"{""colsample_bytree"": 0.8409237521007844, ""learning_rate"": 0.019017329039652475, ""max_depth"": 2, ""min_child_weight"": 3, ""reg_lambda"": 1.552678312292965, ""subsample"": 0.7543445112975757}"
4,0,280,0,0.17579465,0.15495279673960177,0.02729180534258469,"{""colsample_bytree"": 0.8409237521007844, ""learning_rate"": 0.019017329039652475, ""max_depth"": 2, ""min_child_weight"": 3, ""reg_lambda"": 1.552678312292965, ""subsample"": 0.7543445112975757}"
4,0,281,1,0.5122713,0.5005654146600192,0.11711946952943846,"{""colsample_bytree"": 0.8409237521007844, ""learning_rate"": 0.019017329039652475, ""max_depth"": 2, ""min_child_weight"": 3, ""reg_lambda"": 1.552678312292965, ""subsample"": 0.7543445112975757}"
4,0,282,0,0.8232406,0.8445645984538876,0.06947222906888464,"{""colsample_bytree"": 0.8409237521007844, ""learning_rate"": 0.019017329039652475, ""max_depth"": 2, ""min_child_weight"": 3, ""reg_lambda"": 1.552678312292965, ""subsample"": 0.7543445112975757}"
4,0,291,0,0.2958256,0.24364634638198512,0.09858509451968618,"{""colsample_bytree"": 0.8409237521007844, ""learning_rate"": 0.019017329039652475, ""max_depth"": 2, ""min_child_weight"": 3, ""reg_lambda"": 1.552678312292965, ""subsample"": 0.7543445112975757}"
4,0,295,0,0.42771724,0.42805158029998935,0.07001800502829233,"{""colsample_bytree"": 0.8409237521007844, ""learning_rate"": 0.019017329039652475, ""max_depth"": 2, ""min_child_weight"": 3, ""reg_lambda"": 1.552678312292965, ""subsample"": 0.7543445112975757}"
4,1,4,0,0.33205777,0.3084388724766711,0.08256526932182756,"{""colsample_bytree"": 0.46614050450564837, ""learning_rate"": 0.03920163290423204, ""max_depth"": 2, ""min_child_weight"": 4, ""reg_lambda"": 12.424676577631368, ""subsample"": 0.6724319398083652}"
4,1,5,1,0.58452183,0.6242657306334839,0.08050941273860948,"{""colsample_bytree"": 0.46614050450564837, ""learning_rate"": 0.03920163290423204, ""max_depth"": 2, ""min_child_weight"": 4, ""reg_lambda"": 12.424676577631368, ""subsample"": 0.6724319398083652}"
4,1,8,0,0.26269442,0.22613967781534788,0.07471184261736938,"{""colsample_bytree"": 0.46614050450564837, ""learning_rate"": 0.03920163290423204, ""max_depth"": 2, ""min_child_weight"": 4, ""reg_lambda"": 12.424676577631368, ""subsample"": 0.6724319398083652}"
4,1,10,1,0.5227776,0.553861017250642,0.06989537728907262,"{""colsample_bytree"": 0.46614050450564837, ""learning_rate"": 0.03920163290423204, ""max_depth"": 2, ""min_child_weight"": 4, ""reg_lambda"": 12.424676577631368, ""subsample"": 0.6724319398083652}"
4,1,11,1,0.8993229,0.881725336244117,0.03771273149065785,"{""colsample_bytree"": 0.46614050450564837, ""learning_rate"": 0.03920163290423204, ""max_depth"": 2, ""min_child_weight"": 4, ""reg_lambda"": 12.424676577631368, ""subsample"": 0.6724319398083652}"
4,1,16,0,0.4688684,0.5109403360088176,0.057247389336690206,"{""colsample_bytree"": 0.46614050450564837, ""learning_rate"": 0.03920163290423204, ""max_depth"": 2, ""min_child_weight"": 4, ""reg_lambda"": 12.424676577631368, ""subsample"": 0.6724319398083652}"
4,1,21,1,0.62227666,0.588073673252648,0.07345899329729146,"{""colsample_bytree"": 0.46614050450564837, ""learning_rate"": 0.03920163290423204, ""max_depth"": 2, ""min_child_weight"": 4, ""reg_lambda"": 12.424676577631368, ""subsample"": 0.6724319398083652}"
4,1,49,0,0.43988782,0.3922448130692764,0.031035572762549233,"{""colsample_bytree"": 0.46614050450564837, ""learning_rate"": 0.03920163290423204, ""max_depth"": 2, ""min_child_weight"": 4, ""reg_lambda"": 12.424676577631368, ""subsample"": 0.6724319398083652}"
4,1,52,1,0.92735237,0.8923774408827787,0.03126646702129527,"{""colsample_bytree"": 0.46614050450564837, ""learning_rate"": 0.03920163290423204, ""max_depth"": 2, ""min_child_weight"": 4, ""reg_lambda"": 12.424676577631368, ""subsample"": 0.6724319398083652}"
4,1,54,0,0.5475622,0.5603020332552473,0.055115099438485894,"{""colsample_bytree"": 0.46614050450564837, ""learning_rate"": 0.03920163290423204, ""max_depth"": 2, ""min_child_weight"": 4, ""reg_lambda"": 12.424676577631368, ""subsample"": 0.6724319398083652}"
4,1,60,0,0.46834815,0.42724641361919574,0.07446672459862466,"{""colsample_bytree"": 0.46614050450564837, ""learning_rate"": 0.03920163290423204, ""max_depth"": 2, ""min_child_weight"": 4, ""reg_lambda"": 12.424676577631368, ""subsample"": 0.6724319398083652}"
4,1,61,1,0.36366057,0.3535789985015869,0.05317239520672607,"{""colsample_bytree"": 0.46614050450564837, ""learning_rate"": 0.03920163290423204, ""max_depth"": 2, ""min_child_weight"": 4, ""reg_lambda"": 12.424676577631368, ""subsample"": 0.6724319398083652}"
4,1,64,0,0.3118978,0.29532105772760275,0.11065546114936599,"{""colsample_bytree"": 0.46614050450564837, ""learning_rate"": 0.03920163290423204, ""max_depth"": 2, ""min_child_weight"": 4, ""reg_lambda"": 12.424676577631368, ""subsample"": 0.6724319398083652}"
4,1,71,1,0.790148,0.8275443219318598,0.03515880636438014,"{""colsample_bytree"": 0.46614050450564837, ""learning_rate"": 0.03920163290423204, ""max_depth"": 2, ""min_child_weight"": 4, ""reg_lambda"": 12.424676577631368, ""subsample"": 0.6724319398083652}"
4,1,74,1,0.88548625,0.8736106935174439,0.04028636466438891,"{""colsample_bytree"": 0.46614050450564837, ""learning_rate"": 0.03920163290423204, ""max_depth"": 2, ""min_child_weight"": 4, ""reg_lambda"": 12.424676577631368, ""subsample"": 0.6724319398083652}"
4,1,76,1,0.7985253,0.8251465437407592,0.024295297715037703,"{""colsample_bytree"": 0.46614050450564837, ""learning_rate"": 0.03920163290423204, ""max_depth"": 2, ""min_child_weight"": 4, ""reg_lambda"": 12.424676577631368, ""subsample"": 0.6724319398083652}"
4,1,77,0,0.62995744,0.6403905052111745,0.02966486550034102,"{""colsample_bytree"": 0.46614050450564837, ""learning_rate"": 0.03920163290423204, ""max_depth"": 2, ""min_child_weight"": 4, ""reg_lambda"": 12.424676577631368, ""subsample"": 0.6724319398083652}"
4,1,93,1,0.781351,0.793916619728688,0.03479909754865921,"{""colsample_bytree"": 0.46614050450564837, ""learning_rate"": 0.03920163290423204, ""max_depth"": 2, ""min_child_weight"": 4, ""reg_lambda"": 12.424676577631368, ""subsample"": 0.6724319398083652}"
4,1,100,1,0.7848718,0.8253681381404603,0.030081401524694542,"{""colsample_bytree"": 0.46614050450564837, ""learning_rate"": 0.03920163290423204, ""max_depth"": 2, ""min_child_weight"": 4, ""reg_lambda"": 12.424676577631368, ""subsample"": 0.6724319398083652}"
4,1,101,1,0.8157125,0.842452191007409,0.03795944402092515,"{""colsample_bytree"": 0.46614050450564837, ""learning_rate"": 0.03920163290423204, ""max_depth"": 2, ""min_child_weight"": 4, ""reg_lambda"": 12.424676577631368, ""subsample"": 0.6724319398083652}"
4,1,107,1,0.5435464,0.5658641179577757,0.0812784405051734,"{""colsample_bytree"": 0.46614050450564837, ""learning_rate"": 0.03920163290423204, ""max_depth"": 2, ""min_child_weight"": 4, ""reg_lambda"": 12.424676577631368, ""subsample"": 0.6724319398083652}"
4,1,113,0,0.12353623,0.12498095465398062,0.03586340028518983,"{""colsample_bytree"": 0.46614050450564837, ""learning_rate"": 0.03920163290423204, ""max_depth"": 2, ""min_child_weight"": 4, ""reg_lambda"": 12.424676577631368, ""subsample"": 0.6724319398083652}"
4,1,119,1,0.7387288,0.7553850000202259,0.011031420976523893,"{""colsample_bytree"": 0.46614050450564837, ""learning_rate"": 0.03920163290423204, ""max_depth"": 2, ""min_child_weight"": 4, ""reg_lambda"": 12.424676577631368, ""subsample"": 0.6724319398083652}"
4,1,120,1,0.66476846,0.6996715648782449,0.07539123474255499,"{""colsample_bytree"": 0.46614050450564837, ""learning_rate"": 0.03920163290423204, ""max_depth"": 2, ""min_child_weight"": 4, ""reg_lambda"": 12.424676577631368, ""subsample"": 0.6724319398083652}"
4,1,121,0,0.5358108,0.5177631098640435,0.10111673991282204,"{""colsample_bytree"": 0.46614050450564837, ""learning_rate"": 0.03920163290423204, ""max_depth"": 2, ""min_child_weight"": 4, ""reg_lambda"": 12.424676577631368, ""subsample"": 0.6724319398083652}"
4,1,125,1,0.57027787,0.5819095963248186,0.10041457615331861,"{""colsample_bytree"": 0.46614050450564837, ""learning_rate"": 0.03920163290423204, ""max_depth"": 2, ""min_child_weight"": 4, ""reg_lambda"": 12.424676577631368, ""subsample"": 0.6724319398083652}"
4,1,129,0,0.45709175,0.464712322020593,0.0817583417731246,"{""colsample_bytree"": 0.46614050450564837, ""learning_rate"": 0.03920163290423204, ""max_depth"": 2, ""min_child_weight"": 4, ""reg_lambda"": 12.424676577631368, ""subsample"": 0.6724319398083652}"
4,1,130,0,0.3968254,0.39403420243944487,0.07770565030755046,"{""colsample_bytree"": 0.46614050450564837, ""learning_rate"": 0.03920163290423204, ""max_depth"": 2, ""min_child_weight"": 4, ""reg_lambda"": 12.424676577631368, ""subsample"": 0.6724319398083652}"
4,1,132,1,0.8313774,0.8498129983907703,0.05066112966100049,"{""colsample_bytree"": 0.46614050450564837, ""learning_rate"": 0.03920163290423204, ""max_depth"": 2, ""min_child_weight"": 4, ""reg_lambda"": 12.424676577631368, ""subsample"": 0.6724319398083652}"
4,1,134,1,0.48187193,0.4343524390769778,0.05394306925097023,"{""colsample_bytree"": 0.46614050450564837, ""learning_rate"": 0.03920163290423204, ""max_depth"": 2, ""min_child_weight"": 4, ""reg_lambda"": 12.424676577631368, ""subsample"": 0.6724319398083652}"
4,1,138,1,0.74713296,0.763918351832609,0.05771774675397002,"{""colsample_bytree"": 0.46614050450564837, ""learning_rate"": 0.03920163290423204, ""max_depth"": 2, ""min_child_weight"": 4, ""reg_lambda"": 12.424676577631368, ""subsample"": 0.6724319398083652}"
4,1,152,1,0.39735383,0.3260940817084775,0.06977931459326352,"{""colsample_bytree"": 0.46614050450564837, ""learning_rate"": 0.03920163290423204, ""max_depth"": 2, ""min_child_weight"": 4, ""reg_lambda"": 12.424676577631368, ""subsample"": 0.6724319398083652}"
4,1,155,1,0.781037,0.7983238089247644,0.05237093481081099,"{""colsample_bytree"": 0.46614050450564837, ""learning_rate"": 0.03920163290423204, ""max_depth"": 2, ""min_child_weight"": 4, ""reg_lambda"": 12.424676577631368, ""subsample"": 0.6724319398083652}"
4,1,161,1,0.8792619,0.8672144978236197,0.040043230806606704,"{""colsample_bytree"": 0.46614050450564837, ""learning_rate"": 0.03920163290423204, ""max_depth"": 2, ""min_child_weight"": 4, ""reg_lambda"": 12.424676577631368, ""subsample"": 0.6724319398083652}"
4,1,168,0,0.23720713,0.19469531239343002,0.051132357213407476,"{""colsample_bytree"": 0.46614050450564837, ""learning_rate"": 0.03920163290423204, ""max_depth"": 2, ""min_child_weight"": 4, ""reg_lambda"": 12.424676577631368, ""subsample"": 0.6724319398083652}"
4,1,169,0,0.3713769,0.3290458944745353,0.08038551283167461,"{""colsample_bytree"": 0.46614050450564837, ""learning_rate"": 0.03920163290423204, ""max_depth"": 2, ""min_child_weight"": 4, ""reg_lambda"": 12.424676577631368, ""subsample"": 0.6724319398083652}"
4,1,175,0,0.36534953,0.2736621347914684,0.035181339521044665,"{""colsample_bytree"": 0.46614050450564837, ""learning_rate"": 0.03920163290423204, ""max_depth"": 2, ""min_child_weight"": 4, ""reg_lambda"": 12.424676577631368, ""subsample"": 0.6724319398083652}"
4,1,178,1,0.45568022,0.4579437105777718,0.08583296065054305,"{""colsample_bytree"": 0.46614050450564837, ""learning_rate"": 0.03920163290423204, ""max_depth"": 2, ""min_child_weight"": 4, ""reg_lambda"": 12.424676577631368, ""subsample"": 0.6724319398083652}"
4,1,185,0,0.42699826,0.4313476323316606,0.058557364925994684,"{""colsample_bytree"": 0.46614050450564837, ""learning_rate"": 0.03920163290423204, ""max_depth"": 2, ""min_child_weight"": 4, ""reg_lambda"": 12.424676577631368, ""subsample"": 0.6724319398083652}"
4,1,188,1,0.40752065,0.45855064605854157,0.06834542235339265,"{""colsample_bytree"": 0.46614050450564837, ""learning_rate"": 0.03920163290423204, ""max_depth"": 2, ""min_child_weight"": 4, ""reg_lambda"": 12.424676577631368, ""subsample"": 0.6724319398083652}"
4,1,191,1,0.8847806,0.8576968747902267,0.03189333629260755,"{""colsample_bytree"": 0.46614050450564837, ""learning_rate"": 0.03920163290423204, ""max_depth"": 2, ""min_child_weight"": 4, ""reg_lambda"": 12.424676577631368, ""subsample"": 0.6724319398083652}"
4,1,200,1,0.62658143,0.6359397013159385,0.08133581301635878,"{""colsample_bytree"": 0.46614050450564837, ""learning_rate"": 0.03920163290423204, ""max_depth"": 2, ""min_child_weight"": 4, ""reg_lambda"": 12.424676577631368, ""subsample"": 0.6724319398083652}"
4,1,204,0,0.31631246,0.25607828148073764,0.05120492831055742,"{""colsample_bytree"": 0.46614050450564837, ""learning_rate"": 0.03920163290423204, ""max_depth"": 2, ""min_child_weight"": 4, ""reg_lambda"": 12.424676577631368, ""subsample"": 0.6724319398083652}"
4,1,212,0,0.16487515,0.15129235630463778,0.05012205128127627,"{""colsample_bytree"": 0.46614050450564837, ""learning_rate"": 0.03920163290423204, ""max_depth"": 2, ""min_child_weight"": 4, ""reg_lambda"": 12.424676577631368, ""subsample"": 0.6724319398083652}"
4,1,221,1,0.63399255,0.6586367562330256,0.07508916791551906,"{""colsample_bytree"": 0.46614050450564837, ""learning_rate"": 0.03920163290423204, ""max_depth"": 2, ""min_child_weight"": 4, ""reg_lambda"": 12.424676577631368, ""subsample"": 0.6724319398083652}"
4,1,223,1,0.34035376,0.4217300325955162,0.04222170118616969,"{""colsample_bytree"": 0.46614050450564837, ""learning_rate"": 0.03920163290423204, ""max_depth"": 2, ""min_child_weight"": 4, ""reg_lambda"": 12.424676577631368, ""subsample"": 0.6724319398083652}"
4,1,224,1,0.9013641,0.8758762858664981,0.02696337631482318,"{""colsample_bytree"": 0.46614050450564837, ""learning_rate"": 0.03920163290423204, ""max_depth"": 2, ""min_child_weight"": 4, ""reg_lambda"": 12.424676577631368, ""subsample"": 0.6724319398083652}"
4,1,226,1,0.6216026,0.6655866274488741,0.0784392199874476,"{""colsample_bytree"": 0.46614050450564837, ""learning_rate"": 0.03920163290423204, ""max_depth"": 2, ""min_child_weight"": 4, ""reg_lambda"": 12.424676577631368, ""subsample"": 0.6724319398083652}"
4,1,227,1,0.5642149,0.5478581349010117,0.0906952510874579,"{""colsample_bytree"": 0.46614050450564837, ""learning_rate"": 0.03920163290423204, ""max_depth"": 2, ""min_child_weight"": 4, ""reg_lambda"": 12.424676577631368, ""subsample"": 0.6724319398083652}"
4,1,228,1,0.48489267,0.4532573818812023,0.06598014227880906,"{""colsample_bytree"": 0.46614050450564837, ""learning_rate"": 0.03920163290423204, ""max_depth"": 2, ""min_child_weight"": 4, ""reg_lambda"": 12.424676577631368, ""subsample"": 0.6724319398083652}"
4,1,245,1,0.5784248,0.6378679015921007,0.0578521452437252,"{""colsample_bytree"": 0.46614050450564837, ""learning_rate"": 0.03920163290423204, ""max_depth"": 2, ""min_child_weight"": 4, ""reg_lambda"": 12.424676577631368, ""subsample"": 0.6724319398083652}"
4,1,250,1,0.5446325,0.5494230248352212,0.07032536919522156,"{""colsample_bytree"": 0.46614050450564837, ""learning_rate"": 0.03920163290423204, ""max_depth"": 2, ""min_child_weight"": 4, ""reg_lambda"": 12.424676577631368, ""subsample"": 0.6724319398083652}"
4,1,263,0,0.1415929,0.13407214940566997,0.04106408363835685,"{""colsample_bytree"": 0.46614050450564837, ""learning_rate"": 0.03920163290423204, ""max_depth"": 2, ""min_child_weight"": 4, ""reg_lambda"": 12.424676577631368, ""subsample"": 0.6724319398083652}"
4,1,272,0,0.5347615,0.5644142088858015,0.08573161736869661,"{""colsample_bytree"": 0.46614050450564837, ""learning_rate"": 0.03920163290423204, ""max_depth"": 2, ""min_child_weight"": 4, ""reg_lambda"": 12.424676577631368, ""subsample"": 0.6724319398083652}"
4,1,274,1,0.9235335,0.8901073285385326,0.03355439317587923,"{""colsample_bytree"": 0.46614050450564837, ""learning_rate"": 0.03920163290423204, ""max_depth"": 2, ""min_child_weight"": 4, ""reg_lambda"": 12.424676577631368, ""subsample"": 0.6724319398083652}"
4,1,287,0,0.49972847,0.5131355145238075,0.08455965887927631,"{""colsample_bytree"": 0.46614050450564837, ""learning_rate"": 0.03920163290423204, ""max_depth"": 2, ""min_child_weight"": 4, ""reg_lambda"": 12.424676577631368, ""subsample"": 0.6724319398083652}"
4,1,292,0,0.3573822,0.32269302655158955,0.09135199783051286,"{""colsample_bytree"": 0.46614050450564837, ""learning_rate"": 0.03920163290423204, ""max_depth"": 2, ""min_child_weight"": 4, ""reg_lambda"": 12.424676577631368, ""subsample"": 0.6724319398083652}"
4,1,293,0,0.28292537,0.2421831272529519,0.07511954631694619,"{""colsample_bytree"": 0.46614050450564837, ""learning_rate"": 0.03920163290423204, ""max_depth"": 2, ""min_child_weight"": 4, ""reg_lambda"": 12.424676577631368, ""subsample"": 0.6724319398083652}"
4,1,294,1,0.5696034,0.590899631970955,0.06779502795787837,"{""colsample_bytree"": 0.46614050450564837, ""learning_rate"": 0.03920163290423204, ""max_depth"": 2, ""min_child_weight"": 4, ""reg_lambda"": 12.424676577631368, ""subsample"": 0.6724319398083652}"
4,1,296,0,0.32489488,0.3381968967279066,0.08139827542326275,"{""colsample_bytree"": 0.46614050450564837, ""learning_rate"": 0.03920163290423204, ""max_depth"": 2, ""min_child_weight"": 4, ""reg_lambda"": 12.424676577631368, ""subsample"": 0.6724319398083652}"
4,1,299,0,0.4179589,0.38348873710563136,0.10220153514209666,"{""colsample_bytree"": 0.46614050450564837, ""learning_rate"": 0.03920163290423204, ""max_depth"": 2, ""min_child_weight"": 4, ""reg_lambda"": 12.424676577631368, ""subsample"": 0.6724319398083652}"
4,2,1,1,0.8580299,0.9003246994723966,0.034768961672556234,"{""colsample_bytree"": 0.40116909846067855, ""learning_rate"": 0.011289868124436593, ""max_depth"": 4, ""min_child_weight"": 3, ""reg_lambda"": 0.2589441201523909, ""subsample"": 0.9598724927484814}"
4,2,9,0,0.7485612,0.8309482197856106,0.03147983265568759,"{""colsample_bytree"": 0.40116909846067855, ""learning_rate"": 0.011289868124436593, ""max_depth"": 4, ""min_child_weight"": 3, ""reg_lambda"": 0.2589441201523909, ""subsample"": 0.9598724927484814}"
4,2,12,1,0.81495863,0.8588818505606504,0.03573031980726657,"{""colsample_bytree"": 0.40116909846067855, ""learning_rate"": 0.011289868124436593, ""max_depth"": 4, ""min_child_weight"": 3, ""reg_lambda"": 0.2589441201523909, ""subsample"": 0.9598724927484814}"
4,2,17,0,0.2514102,0.18457906863651527,0.05107527440360085,"{""colsample_bytree"": 0.40116909846067855, ""learning_rate"": 0.011289868124436593, ""max_depth"": 4, ""min_child_weight"": 3, ""reg_lambda"": 0.2589441201523909, ""subsample"": 0.9598724927484814}"
4,2,25,1,0.8618582,0.8901348594240599,0.018069454319803398,"{""colsample_bytree"": 0.40116909846067855, ""learning_rate"": 0.011289868124436593, ""max_depth"": 4, ""min_child_weight"": 3, ""reg_lambda"": 0.2589441201523909, ""subsample"": 0.9598724927484814}"
4,2,29,0,0.7868167,0.8470404864994239,0.04239853686540702,"{""colsample_bytree"": 0.40116909846067855, ""learning_rate"": 0.011289868124436593, ""max_depth"": 4, ""min_child_weight"": 3, ""reg_lambda"": 0.2589441201523909, ""subsample"": 0.9598724927484814}"
4,2,30,1,0.78062725,0.834108097456831,0.06831550585750126,"{""colsample_bytree"": 0.40116909846067855, ""learning_rate"": 0.011289868124436593, ""max_depth"": 4, ""min_child_weight"": 3, ""reg_lambda"": 0.2589441201523909, ""subsample"": 0.9598724927484814}"
4,2,33,1,0.64627004,0.7183740830303715,0.07576921818041545,"{""colsample_bytree"": 0.40116909846067855, ""learning_rate"": 0.011289868124436593, ""max_depth"": 4, ""min_child_weight"": 3, ""reg_lambda"": 0.2589441201523909, ""subsample"": 0.9598724927484814}"
4,2,38,1,0.6318159,0.6876602195851494,0.05894090232184416,"{""colsample_bytree"": 0.40116909846067855, ""learning_rate"": 0.011289868124436593, ""max_depth"": 4, ""min_child_weight"": 3, ""reg_lambda"": 0.2589441201523909, ""subsample"": 0.9598724927484814}"
4,2,42,0,0.31872255,0.21806910213569036,0.07518359246434686,"{""colsample_bytree"": 0.40116909846067855, ""learning_rate"": 0.011289868124436593, ""max_depth"": 4, ""min_child_weight"": 3, ""reg_lambda"": 0.2589441201523909, ""subsample"": 0.9598724927484814}"
4,2,43,1,0.52461237,0.5174592225951528,0.04077074560708533,"{""colsample_bytree"": 0.40116909846067855, ""learning_rate"": 0.011289868124436593, ""max_depth"": 4, ""min_child_weight"": 3, ""reg_lambda"": 0.2589441201523909, ""subsample"": 0.9598724927484814}"
4,2,44,0,0.66116786,0.711536966000154,0.08017705206108265,"{""colsample_bytree"": 0.40116909846067855, ""learning_rate"": 0.011289868124436593, ""max_depth"": 4, ""min_child_weight"": 3, ""reg_lambda"": 0.2589441201523909, ""subsample"": 0.9598724927484814}"
4,2,48,0,0.25494438,0.18363811103955802,0.08608902713439068,"{""colsample_bytree"": 0.40116909846067855, ""learning_rate"": 0.011289868124436593, ""max_depth"": 4, ""min_child_weight"": 3, ""reg_lambda"": 0.2589441201523909, ""subsample"": 0.9598724927484814}"
4,2,55,1,0.89977896,0.911820781104597,0.030603445892902637,"{""colsample_bytree"": 0.40116909846067855, ""learning_rate"": 0.011289868124436593, ""max_depth"": 4, ""min_child_weight"": 3, ""reg_lambda"": 0.2589441201523909, ""subsample"": 0.9598724927484814}"
4,2,56,1,0.7617585,0.8015936251866977,0.023514781844448305,"{""colsample_bytree"": 0.40116909846067855, ""learning_rate"": 0.011289868124436593, ""max_depth"": 4, ""min_child_weight"": 3, ""reg_lambda"": 0.2589441201523909, ""subsample"": 0.9598724927484814}"
4,2,57,1,0.8175643,0.875925357037057,0.03388865612236692,"{""colsample_bytree"": 0.40116909846067855, ""learning_rate"": 0.011289868124436593, ""max_depth"": 4, ""min_child_weight"": 3, ""reg_lambda"": 0.2589441201523909, ""subsample"": 0.9598724927484814}"
4,2,72,1,0.77765286,0.831474780116141,0.027632654349535827,"{""colsample_bytree"": 0.40116909846067855, ""learning_rate"": 0.011289868124436593, ""max_depth"": 4, ""min_child_weight"": 3, ""reg_lambda"": 0.2589441201523909, ""subsample"": 0.9598724927484814}"
4,2,73,0,0.6599293,0.6690360493801701,0.05144982426598745,"{""colsample_bytree"": 0.40116909846067855, ""learning_rate"": 0.011289868124436593, ""max_depth"": 4, ""min_child_weight"": 3, ""reg_lambda"": 0.2589441201523909, ""subsample"": 0.9598724927484814}"
4,2,79,0,0.26466548,0.17830511245367628,0.07667675274959047,"{""colsample_bytree"": 0.40116909846067855, ""learning_rate"": 0.011289868124436593, ""max_depth"": 4, ""min_child_weight"": 3, ""reg_lambda"": 0.2589441201523909, ""subsample"": 0.9598724927484814}"
4,2,83,1,0.65052176,0.6970384638703756,0.0722474869512491,"{""colsample_bytree"": 0.40116909846067855, ""learning_rate"": 0.011289868124436593, ""max_depth"": 4, ""min_child_weight"": 3, ""reg_lambda"": 0.2589441201523909, ""subsample"": 0.9598724927484814}"
4,2,85,0,0.61385703,0.6440507009501665,0.1171817590157135,"{""colsample_bytree"": 0.40116909846067855, ""learning_rate"": 0.011289868124436593, ""max_depth"": 4, ""min_child_weight"": 3, ""reg_lambda"": 0.2589441201523909, ""subsample"": 0.9598724927484814}"
4,2,87,1,0.74748194,0.8208871602614722,0.03980028694372274,"{""colsample_bytree"": 0.40116909846067855, ""learning_rate"": 0.011289868124436593, ""max_depth"": 4, ""min_child_weight"": 3, ""reg_lambda"": 0.2589441201523909, ""subsample"": 0.9598724927484814}"
4,2,95,1,0.8970604,0.9071363527971765,0.03192602952363653,"{""colsample_bytree"": 0.40116909846067855, ""learning_rate"": 0.011289868124436593, ""max_depth"": 4, ""min_child_weight"": 3, ""reg_lambda"": 0.2589441201523909, ""subsample"": 0.9598724927484814}"
4,2,96,1,0.82240295,0.8473879331386349,0.056053596820558285,"{""colsample_bytree"": 0.40116909846067855, ""learning_rate"": 0.011289868124436593, ""max_depth"": 4, ""min_child_weight"": 3, ""reg_lambda"": 0.2589441201523909, ""subsample"": 0.9598724927484814}"
4,2,99,1,0.5257269,0.569874201872814,0.1106736553402174,"{""colsample_bytree"": 0.40116909846067855, ""learning_rate"": 0.011289868124436593, ""max_depth"": 4, ""min_child_weight"": 3, ""reg_lambda"": 0.2589441201523909, ""subsample"": 0.9598724927484814}"
4,2,102,0,0.17647132,0.10951969697011439,0.057144009260369354,"{""colsample_bytree"": 0.40116909846067855, ""learning_rate"": 0.011289868124436593, ""max_depth"": 4, ""min_child_weight"": 3, ""reg_lambda"": 0.2589441201523909, ""subsample"": 0.9598724927484814}"
4,2,105,1,0.668915,0.6549048412130218,0.14974343162765485,"{""colsample_bytree"": 0.40116909846067855, ""learning_rate"": 0.011289868124436593, ""max_depth"": 4, ""min_child_weight"": 3, ""reg_lambda"": 0.2589441201523909, ""subsample"": 0.9598724927484814}"
4,2,106,1,0.78919786,0.8131900506365956,0.05433422287202094,"{""colsample_bytree"": 0.40116909846067855, ""learning_rate"": 0.011289868124436593, ""max_depth"": 4, ""min_child_weight"": 3, ""reg_lambda"": 0.2589441201523909, ""subsample"": 0.9598724927484814}"
4,2,109,0,0.5891987,0.6101391819797024,0.09537268936447302,"{""colsample_bytree"": 0.40116909846067855, ""learning_rate"": 0.011289868124436593, ""max_depth"": 4, ""min_child_weight"": 3, ""reg_lambda"": 0.2589441201523909, ""subsample"": 0.9598724927484814}"
4,2,110,0,0.24827881,0.1696361937153325,0.07455911222613977,"{""colsample_bytree"": 0.40116909846067855, ""learning_rate"": 0.011289868124436593, ""max_depth"": 4, ""min_child_weight"": 3, ""reg_lambda"": 0.2589441201523909, ""subsample"": 0.9598724927484814}"
4,2,117,1,0.7342028,0.780677706150901,0.059290146202618486,"{""colsample_bytree"": 0.40116909846067855, ""learning_rate"": 0.011289868124436593, ""max_depth"": 4, ""min_child_weight"": 3, ""reg_lambda"": 0.2589441201523909, ""subsample"": 0.9598724927484814}"
4,2,128,1,0.72496617,0.7531087892365268,0.0498560047242714,"{""colsample_bytree"": 0.40116909846067855, ""learning_rate"": 0.011289868124436593, ""max_depth"": 4, ""min_child_weight"": 3, ""reg_lambda"": 0.2589441201523909, ""subsample"": 0.9598724927484814}"
4,2,141,1,0.76412964,0.8520792734972732,0.02965024883731263,"{""colsample_bytree"": 0.40116909846067855, ""learning_rate"": 0.011289868124436593, ""max_depth"": 4, ""min_child_weight"": 3, ""reg_lambda"": 0.2589441201523909, ""subsample"": 0.9598724927484814}"
4,2,145,0,0.7290376,0.7812578856340602,0.08067654809343434,"{""colsample_bytree"": 0.40116909846067855, ""learning_rate"": 0.011289868124436593, ""max_depth"": 4, ""min_child_weight"": 3, ""reg_lambda"": 0.2589441201523909, ""subsample"": 0.9598724927484814}"
4,2,147,1,0.6367598,0.6532388671065162,0.039270270514451054,"{""colsample_bytree"": 0.40116909846067855, ""learning_rate"": 0.011289868124436593, ""max_depth"": 4, ""min_child_weight"": 3, ""reg_lambda"": 0.2589441201523909, ""subsample"": 0.9598724927484814}"
4,2,150,0,0.3704626,0.30809161017601505,0.11872923680681602,"{""colsample_bytree"": 0.40116909846067855, ""learning_rate"": 0.011289868124436593, ""max_depth"": 4, ""min_child_weight"": 3, ""reg_lambda"": 0.2589441201523909, ""subsample"": 0.9598724927484814}"
4,2,151,0,0.4514718,0.40091068208962205,0.13043436135680733,"{""colsample_bytree"": 0.40116909846067855, ""learning_rate"": 0.011289868124436593, ""max_depth"": 4, ""min_child_weight"": 3, ""reg_lambda"": 0.2589441201523909, ""subsample"": 0.9598724927484814}"
4,2,166,0,0.31415087,0.2415645233072663,0.08654834572156263,"{""colsample_bytree"": 0.40116909846067855, ""learning_rate"": 0.011289868124436593, ""max_depth"": 4, ""min_child_weight"": 3, ""reg_lambda"": 0.2589441201523909, ""subsample"": 0.9598724927484814}"
4,2,174,1,0.862181,0.8995197151914823,0.03386271275389396,"{""colsample_bytree"": 0.40116909846067855, ""learning_rate"": 0.011289868124436593, ""max_depth"": 4, ""min_child_weight"": 3, ""reg_lambda"": 0.2589441201523909, ""subsample"": 0.9598724927484814}"
4,2,177,1,0.7745842,0.8478438186774403,0.03402121364288924,"{""colsample_bytree"": 0.40116909846067855, ""learning_rate"": 0.011289868124436593, ""max_depth"": 4, ""min_child_weight"": 3, ""reg_lambda"": 0.2589441201523909, ""subsample"": 0.9598724927484814}"
4,2,181,1,0.7571846,0.8357904449242545,0.046810092706813806,"{""colsample_bytree"": 0.40116909846067855, ""learning_rate"": 0.011289868124436593, ""max_depth"": 4, ""min_child_weight"": 3, ""reg_lambda"": 0.2589441201523909, ""subsample"": 0.9598724927484814}"
4,2,184,1,0.7693825,0.8237868540355994,0.032734915825499665,"{""colsample_bytree"": 0.40116909846067855, ""learning_rate"": 0.011289868124436593, ""max_depth"": 4, ""min_child_weight"": 3, ""reg_lambda"": 0.2589441201523909, ""subsample"": 0.9598724927484814}"
4,2,198,1,0.78465956,0.8190399431527174,0.0552633451211139,"{""colsample_bytree"": 0.40116909846067855, ""learning_rate"": 0.011289868124436593, ""max_depth"": 4, ""min_child_weight"": 3, ""reg_lambda"": 0.2589441201523909, ""subsample"": 0.9598724927484814}"
4,2,199,0,0.3208361,0.22795525786672294,0.08518711354702638,"{""colsample_bytree"": 0.40116909846067855, ""learning_rate"": 0.011289868124436593, ""max_depth"": 4, ""min_child_weight"": 3, ""reg_lambda"": 0.2589441201523909, ""subsample"": 0.9598724927484814}"
4,2,208,1,0.6413384,0.6684097119796256,0.07797495990551535,"{""colsample_bytree"": 0.40116909846067855, ""learning_rate"": 0.011289868124436593, ""max_depth"": 4, ""min_child_weight"": 3, ""reg_lambda"": 0.2589441201523909, ""subsample"": 0.9598724927484814}"
4,2,209,1,0.72139794,0.7627389559544315,0.047044216500054185,"{""colsample_bytree"": 0.40116909846067855, ""learning_rate"": 0.011289868124436593, ""max_depth"": 4, ""min_child_weight"": 3, ""reg_lambda"": 0.2589441201523909, ""subsample"": 0.9598724927484814}"
4,2,219,1,0.23979916,0.16027333223613066,0.06079076411434901,"{""colsample_bytree"": 0.40116909846067855, ""learning_rate"": 0.011289868124436593, ""max_depth"": 4, ""min_child_weight"": 3, ""reg_lambda"": 0.2589441201523909, ""subsample"": 0.9598724927484814}"
4,2,220,1,0.5853121,0.6259979740388565,0.08146668043324072,"{""colsample_bytree"": 0.40116909846067855, ""learning_rate"": 0.011289868124436593, ""max_depth"": 4, ""min_child_weight"": 3, ""reg_lambda"": 0.2589441201523909, ""subsample"": 0.9598724927484814}"
4,2,225,0,0.55782574,0.5296468727272036,0.11798037420041785,"{""colsample_bytree"": 0.40116909846067855, ""learning_rate"": 0.011289868124436593, ""max_depth"": 4, ""min_child_weight"": 3, ""reg_lambda"": 0.2589441201523909, ""subsample"": 0.9598724927484814}"
4,2,230,1,0.8556433,0.8924840189601231,0.0340710646847915,"{""colsample_bytree"": 0.40116909846067855, ""learning_rate"": 0.011289868124436593, ""max_depth"": 4, ""min_child_weight"": 3, ""reg_lambda"": 0.2589441201523909, ""subsample"": 0.9598724927484814}"
4,2,231,0,0.81806105,0.8680332598192797,0.02685528795336832,"{""colsample_bytree"": 0.40116909846067855, ""learning_rate"": 0.011289868124436593, ""max_depth"": 4, ""min_child_weight"": 3, ""reg_lambda"": 0.2589441201523909, ""subsample"": 0.9598724927484814}"
4,2,237,1,0.62216866,0.6858628522386956,0.10572342193392938,"{""colsample_bytree"": 0.40116909846067855, ""learning_rate"": 0.011289868124436593, ""max_depth"": 4, ""min_child_weight"": 3, ""reg_lambda"": 0.2589441201523909, ""subsample"": 0.9598724927484814}"
4,2,244,1,0.30861863,0.21036594155986538,0.07623726618541816,"{""colsample_bytree"": 0.40116909846067855, ""learning_rate"": 0.011289868124436593, ""max_depth"": 4, ""min_child_weight"": 3, ""reg_lambda"": 0.2589441201523909, ""subsample"": 0.9598724927484814}"
4,2,258,0,0.2334926,0.15337816960243542,0.0779402720282534,"{""colsample_bytree"": 0.40116909846067855, ""learning_rate"": 0.011289868124436593, ""max_depth"": 4, ""min_child_weight"": 3, ""reg_lambda"": 0.2589441201523909, ""subsample"": 0.9598724927484814}"
4,2,259,1,0.6426393,0.6881916115467512,0.07044081365428355,"{""colsample_bytree"": 0.40116909846067855, ""learning_rate"": 0.011289868124436593, ""max_depth"": 4, ""min_child_weight"": 3, ""reg_lambda"": 0.2589441201523909, ""subsample"": 0.9598724927484814}"
4,2,264,0,0.35842067,0.262355441721756,0.09867075104401948,"{""colsample_bytree"": 0.40116909846067855, ""learning_rate"": 0.011289868124436593, ""max_depth"": 4, ""min_child_weight"": 3, ""reg_lambda"": 0.2589441201523909, ""subsample"": 0.9598724927484814}"
4,2,265,0,0.75392824,0.7994063249313508,0.07356929150114713,"{""colsample_bytree"": 0.40116909846067855, ""learning_rate"": 0.011289868124436593, ""max_depth"": 4, ""min_child_weight"": 3, ""reg_lambda"": 0.2589441201523909, ""subsample"": 0.9598724927484814}"
4,2,266,0,0.7438384,0.8024236693068199,0.03365071427421788,"{""colsample_bytree"": 0.40116909846067855, ""learning_rate"": 0.011289868124436593, ""max_depth"": 4, ""min_child_weight"": 3, ""reg_lambda"": 0.2589441201523909, ""subsample"": 0.9598724927484814}"
4,2,276,0,0.26375774,0.1777379039356795,0.06192001721911716,"{""colsample_bytree"": 0.40116909846067855, ""learning_rate"": 0.011289868124436593, ""max_depth"": 4, ""min_child_weight"": 3, ""reg_lambda"": 0.2589441201523909, ""subsample"": 0.9598724927484814}"
4,2,286,0,0.41891822,0.3563788944214634,0.06309014547289765,"{""colsample_bytree"": 0.40116909846067855, ""learning_rate"": 0.011289868124436593, ""max_depth"": 4, ""min_child_weight"": 3, ""reg_lambda"": 0.2589441201523909, ""subsample"": 0.9598724927484814}"
4,2,300,0,0.24034087,0.14292399285663365,0.06358951167770209,"{""colsample_bytree"": 0.40116909846067855, ""learning_rate"": 0.011289868124436593, ""max_depth"": 4, ""min_child_weight"": 3, ""reg_lambda"": 0.2589441201523909, ""subsample"": 0.9598724927484814}"
4,3,0,1,0.22879626,0.16866351521280412,0.02212070711308972,"{""colsample_bytree"": 0.8758337753097942, ""learning_rate"": 0.01441059318746934, ""max_depth"": 4, ""min_child_weight"": 4, ""reg_lambda"": 1.680604329294263, ""subsample"": 0.7784299244646036}"
4,3,6,1,0.76926225,0.8320208656748939,0.04157758981232526,"{""colsample_bytree"": 0.8758337753097942, ""learning_rate"": 0.01441059318746934, ""max_depth"": 4, ""min_child_weight"": 4, ""reg_lambda"": 1.680604329294263, ""subsample"": 0.7784299244646036}"
4,3,13,1,0.6807232,0.735123940995078,0.04506306544889824,"{""colsample_bytree"": 0.8758337753097942, ""learning_rate"": 0.01441059318746934, ""max_depth"": 4, ""min_child_weight"": 4, ""reg_lambda"": 1.680604329294263, ""subsample"": 0.7784299244646036}"
4,3,14,1,0.3951643,0.4278755728180628,0.07588011484758687,"{""colsample_bytree"": 0.8758337753097942, ""learning_rate"": 0.01441059318746934, ""max_depth"": 4, ""min_child_weight"": 4, ""reg_lambda"": 1.680604329294263, ""subsample"": 0.7784299244646036}"
4,3,18,1,0.6894988,0.6783086563629299,0.11142517577089117,"{""colsample_bytree"": 0.8758337753097942, ""learning_rate"": 0.01441059318746934, ""max_depth"": 4, ""min_child_weight"": 4, ""reg_lambda"": 1.680604329294263, ""subsample"": 0.7784299244646036}"
4,3,22,1,0.74122137,0.790445856193529,0.04597667453093297,"{""colsample_bytree"": 0.8758337753097942, ""learning_rate"": 0.01441059318746934, ""max_depth"": 4, ""min_child_weight"": 4, ""reg_lambda"": 1.680604329294263, ""subsample"": 0.7784299244646036}"
4,3,24,1,0.6536874,0.6316155464154208,0.08302534436203592,"{""colsample_bytree"": 0.8758337753097942, ""learning_rate"": 0.01441059318746934, ""max_depth"": 4, ""min_child_weight"": 4, ""reg_lambda"": 1.680604329294263, ""subsample"": 0.7784299244646036}"
4,3,27,0,0.23366755,0.18824673382397275,0.025408641013776382,"{""colsample_bytree"": 0.8758337753097942, ""learning_rate"": 0.01441059318746934, ""max_depth"": 4, ""min_child_weight"": 4, ""reg_lambda"": 1.680604329294263, ""subsample"": 0.7784299244646036}"
4,3,34,1,0.5974222,0.5507427590130319,0.07861771909363295,"{""colsample_bytree"": 0.8758337753097942, ""learning_rate"": 0.01441059318746934, ""max_depth"": 4, ""min_child_weight"": 4, ""reg_lambda"": 1.680604329294263, ""subsample"": 0.7784299244646036}"
4,3,37,1,0.55375415,0.4836481772059279,0.15100322073491532,"{""colsample_bytree"": 0.8758337753097942, ""learning_rate"": 0.01441059318746934, ""max_depth"": 4, ""min_child_weight"": 4, ""reg_lambda"": 1.680604329294263, ""subsample"": 0.7784299244646036}"
4,3,40,1,0.8356181,0.8094061994656361,0.049796868442854816,"{""colsample_bytree"": 0.8758337753097942, ""learning_rate"": 0.01441059318746934, ""max_depth"": 4, ""min_child_weight"": 4, ""reg_lambda"": 1.680604329294263, ""subsample"": 0.7784299244646036}"
4,3,46,1,0.46342346,0.46172782139393986,0.09774741777503064,"{""colsample_bytree"": 0.8758337753097942, ""learning_rate"": 0.01441059318746934, ""max_depth"": 4, ""min_child_weight"": 4, ""reg_lambda"": 1.680604329294263, ""subsample"": 0.7784299244646036}"
4,3,47,1,0.89134884,0.8870676084784537,0.027123794082924944,"{""colsample_bytree"": 0.8758337753097942, ""learning_rate"": 0.01441059318746934, ""max_depth"": 4, ""min_child_weight"": 4, ""reg_lambda"": 1.680604329294263, ""subsample"": 0.7784299244646036}"
4,3,50,0,0.449651,0.43116519373070455,0.11474688194533383,"{""colsample_bytree"": 0.8758337753097942, ""learning_rate"": 0.01441059318746934, ""max_depth"": 4, ""min_child_weight"": 4, ""reg_lambda"": 1.680604329294263, ""subsample"": 0.7784299244646036}"
4,3,53,0,0.42208335,0.3535427001898419,0.10053223381192951,"{""colsample_bytree"": 0.8758337753097942, ""learning_rate"": 0.01441059318746934, ""max_depth"": 4, ""min_child_weight"": 4, ""reg_lambda"": 1.680604329294263, ""subsample"": 0.7784299244646036}"
4,3,62,1,0.16059269,0.12698556066959082,0.037921569428439834,"{""colsample_bytree"": 0.8758337753097942, ""learning_rate"": 0.01441059318746934, ""max_depth"": 4, ""min_child_weight"": 4, ""reg_lambda"": 1.680604329294263, ""subsample"": 0.7784299244646036}"
4,3,65,0,0.6321036,0.6495210924408059,0.0651665364664858,"{""colsample_bytree"": 0.8758337753097942, ""learning_rate"": 0.01441059318746934, ""max_depth"": 4, ""min_child_weight"": 4, ""reg_lambda"": 1.680604329294263, ""subsample"": 0.7784299244646036}"
4,3,67,0,0.636655,0.6315005137982705,0.07631512405577427,"{""colsample_bytree"": 0.8758337753097942, ""learning_rate"": 0.01441059318746934, ""max_depth"": 4, ""min_child_weight"": 4, ""reg_lambda"": 1.680604329294263, ""subsample"": 0.7784299244646036}"
4,3,69,1,0.67229664,0.6417795665301189,0.08713285492486329,"{""colsample_bytree"": 0.8758337753097942, ""learning_rate"": 0.01441059318746934, ""max_depth"": 4, ""min_child_weight"": 4, ""reg_lambda"": 1.680604329294263, ""subsample"": 0.7784299244646036}"
4,3,70,0,0.110198714,0.09537557216175765,0.031024755421633795,"{""colsample_bytree"": 0.8758337753097942, ""learning_rate"": 0.01441059318746934, ""max_depth"": 4, ""min_child_weight"": 4, ""reg_lambda"": 1.680604329294263, ""subsample"": 0.7784299244646036}"
4,3,75,1,0.39384186,0.36679316742881063,0.10110058875695087,"{""colsample_bytree"": 0.8758337753097942, ""learning_rate"": 0.01441059318746934, ""max_depth"": 4, ""min_child_weight"": 4, ""reg_lambda"": 1.680604329294263, ""subsample"": 0.7784299244646036}"
4,3,86,1,0.51193523,0.5794898080327299,0.08125799219840507,"{""colsample_bytree"": 0.8758337753097942, ""learning_rate"": 0.01441059318746934, ""max_depth"": 4, ""min_child_weight"": 4, ""reg_lambda"": 1.680604329294263, ""subsample"": 0.7784299244646036}"
4,3,90,0,0.50349134,0.5244785782888028,0.12951336326064056,"{""colsample_bytree"": 0.8758337753097942, ""learning_rate"": 0.01441059318746934, ""max_depth"": 4, ""min_child_weight"": 4, ""reg_lambda"": 1.680604329294263, ""subsample"": 0.7784299244646036}"
4,3,108,0,0.27520135,0.20929180783494677,0.023003240745193623,"{""colsample_bytree"": 0.8758337753097942, ""learning_rate"": 0.01441059318746934, ""max_depth"": 4, ""min_child_weight"": 4, ""reg_lambda"": 1.680604329294263, ""subsample"": 0.7784299244646036}"
4,3,124,1,0.62023824,0.5958021643677178,0.11903517868819238,"{""colsample_bytree"": 0.8758337753097942, ""learning_rate"": 0.01441059318746934, ""max_depth"": 4, ""min_child_weight"": 4, ""reg_lambda"": 1.680604329294263, ""subsample"": 0.7784299244646036}"
4,3,136,0,0.28741765,0.2551498243749434,0.1095308395354617,"{""colsample_bytree"": 0.8758337753097942, ""learning_rate"": 0.01441059318746934, ""max_depth"": 4, ""min_child_weight"": 4, ""reg_lambda"": 1.680604329294263, ""subsample"": 0.7784299244646036}"
4,3,139,1,0.7870904,0.8029120979839496,0.0647088077520506,"{""colsample_bytree"": 0.8758337753097942, ""learning_rate"": 0.01441059318746934, ""max_depth"": 4, ""min_child_weight"": 4, ""reg_lambda"": 1.680604329294263, ""subsample"": 0.7784299244646036}"
4,3,146,1,0.87185556,0.8761783853013461,0.03148482970326484,"{""colsample_bytree"": 0.8758337753097942, ""learning_rate"": 0.01441059318746934, ""max_depth"": 4, ""min_child_weight"": 4, ""reg_lambda"": 1.680604329294263, ""subsample"": 0.7784299244646036}"
4,3,154,0,0.602994,0.6069622559807396,0.1061496658068002,"{""colsample_bytree"": 0.8758337753097942, ""learning_rate"": 0.01441059318746934, ""max_depth"": 4, ""min_child_weight"": 4, ""reg_lambda"": 1.680604329294263, ""subsample"": 0.7784299244646036}"
4,3,164,1,0.86718696,0.873694614638295,0.04176886241785407,"{""colsample_bytree"": 0.8758337753097942, ""learning_rate"": 0.01441059318746934, ""max_depth"": 4, ""min_child_weight"": 4, ""reg_lambda"": 1.680604329294263, ""subsample"": 0.7784299244646036}"
4,3,167,1,0.70755154,0.7814058867269382,0.04707329800903053,"{""colsample_bytree"": 0.8758337753097942, ""learning_rate"": 0.01441059318746934, ""max_depth"": 4, ""min_child_weight"": 4, ""reg_lambda"": 1.680604329294263, ""subsample"": 0.7784299244646036}"
4,3,179,0,0.14701319,0.12216873320991302,0.04096642247867417,"{""colsample_bytree"": 0.8758337753097942, ""learning_rate"": 0.01441059318746934, ""max_depth"": 4, ""min_child_weight"": 4, ""reg_lambda"": 1.680604329294263, ""subsample"": 0.7784299244646036}"
4,3,183,0,0.5115672,0.5962327774912024,0.08728970426989113,"{""colsample_bytree"": 0.8758337753097942, ""learning_rate"": 0.01441059318746934, ""max_depth"": 4, ""min_child_weight"": 4, ""reg_lambda"": 1.680604329294263, ""subsample"": 0.7784299244646036}"
4,3,187,1,0.8270003,0.8222987682545997,0.03490653968564236,"{""colsample_bytree"": 0.8758337753097942, ""learning_rate"": 0.01441059318746934, ""max_depth"": 4, ""min_child_weight"": 4, ""reg_lambda"": 1.680604329294263, ""subsample"": 0.7784299244646036}"
4,3,189,1,0.70852405,0.7574735441255809,0.03974386586830229,"{""colsample_bytree"": 0.8758337753097942, ""learning_rate"": 0.01441059318746934, ""max_depth"": 4, ""min_child_weight"": 4, ""reg_lambda"": 1.680604329294263, ""subsample"": 0.7784299244646036}"
4,3,194,0,0.20671763,0.14715491283068372,0.03539642175487525,"{""colsample_bytree"": 0.8758337753097942, ""learning_rate"": 0.01441059318746934, ""max_depth"": 4, ""min_child_weight"": 4, ""reg_lambda"": 1.680604329294263, ""subsample"": 0.7784299244646036}"
4,3,202,1,0.8150706,0.8308761153447497,0.04629267707034246,"{""colsample_bytree"": 0.8758337753097942, ""learning_rate"": 0.01441059318746934, ""max_depth"": 4, ""min_child_weight"": 4, ""reg_lambda"": 1.680604329294263, ""subsample"": 0.7784299244646036}"
4,3,216,0,0.5756303,0.5673411767283794,0.03809854846046968,"{""colsample_bytree"": 0.8758337753097942, ""learning_rate"": 0.01441059318746934, ""max_depth"": 4, ""min_child_weight"": 4, ""reg_lambda"": 1.680604329294263, ""subsample"": 0.7784299244646036}"
4,3,217,0,0.29679775,0.23190508270688373,0.07884896139634186,"{""colsample_bytree"": 0.8758337753097942, ""learning_rate"": 0.01441059318746934, ""max_depth"": 4, ""min_child_weight"": 4, ""reg_lambda"": 1.680604329294263, ""subsample"": 0.7784299244646036}"
4,3,232,1,0.835678,0.8562860773701555,0.04195889083880315,"{""colsample_bytree"": 0.8758337753097942, ""learning_rate"": 0.01441059318746934, ""max_depth"": 4, ""min_child_weight"": 4, ""reg_lambda"": 1.680604329294263, ""subsample"": 0.7784299244646036}"
4,3,233,0,0.3879966,0.35744482445024983,0.07692833516057386,"{""colsample_bytree"": 0.8758337753097942, ""learning_rate"": 0.01441059318746934, ""max_depth"": 4, ""min_child_weight"": 4, ""reg_lambda"": 1.680604329294263, ""subsample"": 0.7784299244646036}"
4,3,234,0,0.21875754,0.19278722827826203,0.028159732814761123,"{""colsample_bytree"": 0.8758337753097942, ""learning_rate"": 0.01441059318746934, ""max_depth"": 4, ""min_child_weight"": 4, ""reg_lambda"": 1.680604329294263, ""subsample"": 0.7784299244646036}"
4,3,238,1,0.15040392,0.13524554502350652,0.034293993994284046,"{""colsample_bytree"": 0.8758337753097942, ""learning_rate"": 0.01441059318746934, ""max_depth"": 4, ""min_child_weight"": 4, ""reg_lambda"": 1.680604329294263, ""subsample"": 0.7784299244646036}"
4,3,239,1,0.8488924,0.8514931300764468,0.03424195413769496,"{""colsample_bytree"": 0.8758337753097942, ""learning_rate"": 0.01441059318746934, ""max_depth"": 4, ""min_child_weight"": 4, ""reg_lambda"": 1.680604329294263, ""subsample"": 0.7784299244646036}"
4,3,242,1,0.69961566,0.708253898152633,0.0963982327663343,"{""colsample_bytree"": 0.8758337753097942, ""learning_rate"": 0.01441059318746934, ""max_depth"": 4, ""min_child_weight"": 4, ""reg_lambda"": 1.680604329294263, ""subsample"": 0.7784299244646036}"
4,3,243,0,0.82658273,0.8444983969464499,0.05347584623871344,"{""colsample_bytree"": 0.8758337753097942, ""learning_rate"": 0.01441059318746934, ""max_depth"": 4, ""min_child_weight"": 4, ""reg_lambda"": 1.680604329294263, ""subsample"": 0.7784299244646036}"
4,3,248,1,0.78530633,0.8429777741563129,0.0393001235945324,"{""colsample_bytree"": 0.8758337753097942, ""learning_rate"": 0.01441059318746934, ""max_depth"": 4, ""min_child_weight"": 4, ""reg_lambda"": 1.680604329294263, ""subsample"": 0.7784299244646036}"
4,3,249,1,0.87766224,0.8646662114323149,0.0463031150906379,"{""colsample_bytree"": 0.8758337753097942, ""learning_rate"": 0.01441059318746934, ""max_depth"": 4, ""min_child_weight"": 4, ""reg_lambda"": 1.680604329294263, ""subsample"": 0.7784299244646036}"
4,3,251,1,0.30700985,0.24261126499706304,0.06370842324185905,"{""colsample_bytree"": 0.8758337753097942, ""learning_rate"": 0.01441059318746934, ""max_depth"": 4, ""min_child_weight"": 4, ""reg_lambda"": 1.680604329294263, ""subsample"": 0.7784299244646036}"
4,3,252,1,0.8048379,0.8299726307388712,0.039223832572404735,"{""colsample_bytree"": 0.8758337753097942, ""learning_rate"": 0.01441059318746934, ""max_depth"": 4, ""min_child_weight"": 4, ""reg_lambda"": 1.680604329294263, ""subsample"": 0.7784299244646036}"
4,3,253,1,0.75433743,0.7331978041859281,0.09242710269926435,"{""colsample_bytree"": 0.8758337753097942, ""learning_rate"": 0.01441059318746934, ""max_depth"": 4, ""min_child_weight"": 4, ""reg_lambda"": 1.680604329294263, ""subsample"": 0.7784299244646036}"
4,3,255,0,0.14902553,0.12349275398296047,0.042745842181225034,"{""colsample_bytree"": 0.8758337753097942, ""learning_rate"": 0.01441059318746934, ""max_depth"": 4, ""min_child_weight"": 4, ""reg_lambda"": 1.680604329294263, ""subsample"": 0.7784299244646036}"
4,3,256,0,0.16957736,0.13621527462054134,0.03894089102924722,"{""colsample_bytree"": 0.8758337753097942, ""learning_rate"": 0.01441059318746934, ""max_depth"": 4, ""min_child_weight"": 4, ""reg_lambda"": 1.680604329294263, ""subsample"": 0.7784299244646036}"
4,3,257,0,0.33452907,0.3362692764295718,0.11481905676800987,"{""colsample_bytree"": 0.8758337753097942, ""learning_rate"": 0.01441059318746934, ""max_depth"": 4, ""min_child_weight"": 4, ""reg_lambda"": 1.680604329294263, ""subsample"": 0.7784299244646036}"
4,3,283,0,0.39817673,0.348370440048645,0.10912501126805824,"{""colsample_bytree"": 0.8758337753097942, ""learning_rate"": 0.01441059318746934, ""max_depth"": 4, ""min_child_weight"": 4, ""reg_lambda"": 1.680604329294263, ""subsample"": 0.7784299244646036}"
4,3,285,0,0.24954821,0.19364599350727968,0.041328993827052504,"{""colsample_bytree"": 0.8758337753097942, ""learning_rate"": 0.01441059318746934, ""max_depth"": 4, ""min_child_weight"": 4, ""reg_lambda"": 1.680604329294263, ""subsample"": 0.7784299244646036}"
4,3,289,0,0.34704897,0.3529634951814894,0.08671214695987987,"{""colsample_bytree"": 0.8758337753097942, ""learning_rate"": 0.01441059318746934, ""max_depth"": 4, ""min_child_weight"": 4, ""reg_lambda"": 1.680604329294263, ""subsample"": 0.7784299244646036}"
4,3,298,1,0.78847665,0.7987447908281162,0.04457147513468904,"{""colsample_bytree"": 0.8758337753097942, ""learning_rate"": 0.01441059318746934, ""max_depth"": 4, ""min_child_weight"": 4, ""reg_lambda"": 1.680604329294263, ""subsample"": 0.7784299244646036}"
4,3,301,0,0.22126442,0.1909195010296662,0.07758951204856285,"{""colsample_bytree"": 0.8758337753097942, ""learning_rate"": 0.01441059318746934, ""max_depth"": 4, ""min_child_weight"": 4, ""reg_lambda"": 1.680604329294263, ""subsample"": 0.7784299244646036}"
4,3,302,1,0.69923955,0.6857537775672332,0.08217912108480406,"{""colsample_bytree"": 0.8758337753097942, ""learning_rate"": 0.01441059318746934, ""max_depth"": 4, ""min_child_weight"": 4, ""reg_lambda"": 1.680604329294263, ""subsample"": 0.7784299244646036}"
4,4,3,0,0.32398832,0.31537585926593953,0.07478999990455436,"{""colsample_bytree"": 0.9647398379973994, ""learning_rate"": 0.020884059645184208, ""max_depth"": 2, ""min_child_weight"": 2, ""reg_lambda"": 3.0732420023147857, ""subsample"": 0.7930738631670464}"
4,4,7,1,0.91134185,0.8835635521193528,0.03654397256638841,"{""colsample_bytree"": 0.9647398379973994, ""learning_rate"": 0.020884059645184208, ""max_depth"": 2, ""min_child_weight"": 2, ""reg_lambda"": 3.0732420023147857, ""subsample"": 0.7930738631670464}"
4,4,15,1,0.77693963,0.7770745951355853,0.05206957375034949,"{""colsample_bytree"": 0.9647398379973994, ""learning_rate"": 0.020884059645184208, ""max_depth"": 2, ""min_child_weight"": 2, ""reg_lambda"": 3.0732420023147857, ""subsample"": 0.7930738631670464}"
4,4,20,0,0.24923381,0.2315304964060763,0.07058738102603293,"{""colsample_bytree"": 0.9647398379973994, ""learning_rate"": 0.020884059645184208, ""max_depth"": 2, ""min_child_weight"": 2, ""reg_lambda"": 3.0732420023147857, ""subsample"": 0.7930738631670464}"
4,4,23,1,0.8781274,0.8681163737449115,0.03941330433949321,"{""colsample_bytree"": 0.9647398379973994, ""learning_rate"": 0.020884059645184208, ""max_depth"": 2, ""min_child_weight"": 2, ""reg_lambda"": 3.0732420023147857, ""subsample"": 0.7930738631670464}"
4,4,28,1,0.9043162,0.8786184828485503,0.028147202260853654,"{""colsample_bytree"": 0.9647398379973994, ""learning_rate"": 0.020884059645184208, ""max_depth"": 2, ""min_child_weight"": 2, ""reg_lambda"": 3.0732420023147857, ""subsample"": 0.7930738631670464}"
4,4,35,0,0.20899116,0.18178524306757995,0.0526944568137977,"{""colsample_bytree"": 0.9647398379973994, ""learning_rate"": 0.020884059645184208, ""max_depth"": 2, ""min_child_weight"": 2, ""reg_lambda"": 3.0732420023147857, ""subsample"": 0.7930738631670464}"
4,4,39,1,0.8702688,0.8676826969136953,0.023880980436262998,"{""colsample_bytree"": 0.9647398379973994, ""learning_rate"": 0.020884059645184208, ""max_depth"": 2, ""min_child_weight"": 2, ""reg_lambda"": 3.0732420023147857, ""subsample"": 0.7930738631670464}"
4,4,45,1,0.8783861,0.8677450381173886,0.028065190389822657,"{""colsample_bytree"": 0.9647398379973994, ""learning_rate"": 0.020884059645184208, ""max_depth"": 2, ""min_child_weight"": 2, ""reg_lambda"": 3.0732420023147857, ""subsample"": 0.7930738631670464}"
4,4,51,1,0.7802629,0.7568174139135766,0.07701866318922126,"{""colsample_bytree"": 0.9647398379973994, ""learning_rate"": 0.020884059645184208, ""max_depth"": 2, ""min_child_weight"": 2, ""reg_lambda"": 3.0732420023147857, ""subsample"": 0.7930738631670464}"
4,4,58,1,0.29711968,0.2740843460791488,0.08052153115149842,"{""colsample_bytree"": 0.9647398379973994, ""learning_rate"": 0.020884059645184208, ""max_depth"": 2, ""min_child_weight"": 2, ""reg_lambda"": 3.0732420023147857, ""subsample"": 0.7930738631670464}"
4,4,63,1,0.7232154,0.6832561387891124,0.10266474996324862,"{""colsample_bytree"": 0.9647398379973994, ""learning_rate"": 0.020884059645184208, ""max_depth"": 2, ""min_child_weight"": 2, ""reg_lambda"": 3.0732420023147857, ""subsample"": 0.7930738631670464}"
4,4,66,1,0.8577738,0.8594021575149281,0.030595137844726197,"{""colsample_bytree"": 0.9647398379973994, ""learning_rate"": 0.020884059645184208, ""max_depth"": 2, ""min_child_weight"": 2, ""reg_lambda"": 3.0732420023147857, ""subsample"": 0.7930738631670464}"
4,4,89,1,0.7644034,0.7831600489651521,0.04662409047139352,"{""colsample_bytree"": 0.9647398379973994, ""learning_rate"": 0.020884059645184208, ""max_depth"": 2, ""min_child_weight"": 2, ""reg_lambda"": 3.0732420023147857, ""subsample"": 0.7930738631670464}"
4,4,92,1,0.8506004,0.8543410960253783,0.038321510377864285,"{""colsample_bytree"": 0.9647398379973994, ""learning_rate"": 0.020884059645184208, ""max_depth"": 2, ""min_child_weight"": 2, ""reg_lambda"": 3.0732420023147857, ""subsample"": 0.7930738631670464}"
4,4,94,1,0.8655752,0.8595567058733689,0.022711159532170046,"{""colsample_bytree"": 0.9647398379973994, ""learning_rate"": 0.020884059645184208, ""max_depth"": 2, ""min_child_weight"": 2, ""reg_lambda"": 3.0732420023147857, ""subsample"": 0.7930738631670464}"
4,4,103,1,0.90114933,0.8823036123646089,0.020755491924252214,"{""colsample_bytree"": 0.9647398379973994, ""learning_rate"": 0.020884059645184208, ""max_depth"": 2, ""min_child_weight"": 2, ""reg_lambda"": 3.0732420023147857, ""subsample"": 0.7930738631670464}"
4,4,112,0,0.77195054,0.7935251007635721,0.04179723600097612,"{""colsample_bytree"": 0.9647398379973994, ""learning_rate"": 0.020884059645184208, ""max_depth"": 2, ""min_child_weight"": 2, ""reg_lambda"": 3.0732420023147857, ""subsample"": 0.7930738631670464}"
4,4,115,0,0.57158667,0.5755588091384068,0.08806597135038878,"{""colsample_bytree"": 0.9647398379973994, ""learning_rate"": 0.020884059645184208, ""max_depth"": 2, ""min_child_weight"": 2, ""reg_lambda"": 3.0732420023147857, ""subsample"": 0.7930738631670464}"
4,4,122,0,0.755403,0.7470909526210485,0.06845201704736402,"{""colsample_bytree"": 0.9647398379973994, ""learning_rate"": 0.020884059645184208, ""max_depth"": 2, ""min_child_weight"": 2, ""reg_lambda"": 3.0732420023147857, ""subsample"": 0.7930738631670464}"
4,4,123,1,0.43103525,0.42485131852825264,0.078154030517356,"{""colsample_bytree"": 0.9647398379973994, ""learning_rate"": 0.020884059645184208, ""max_depth"": 2, ""min_child_weight"": 2, ""reg_lambda"": 3.0732420023147857, ""subsample"": 0.7930738631670464}"
4,4,126,1,0.7622335,0.7768136058793763,0.09136844962585591,"{""colsample_bytree"": 0.9647398379973994, ""learning_rate"": 0.020884059645184208, ""max_depth"": 2, ""min_child_weight"": 2, ""reg_lambda"": 3.0732420023147857, ""subsample"": 0.7930738631670464}"
4,4,127,1,0.8917694,0.8757531556188253,0.03495328091466244,"{""colsample_bytree"": 0.9647398379973994, ""learning_rate"": 0.020884059645184208, ""max_depth"": 2, ""min_child_weight"": 2, ""reg_lambda"": 3.0732420023147857, ""subsample"": 0.7930738631670464}"
4,4,133,0,0.4107994,0.440272765602246,0.11488012351139089,"{""colsample_bytree"": 0.9647398379973994, ""learning_rate"": 0.020884059645184208, ""max_depth"": 2, ""min_child_weight"": 2, ""reg_lambda"": 3.0732420023147857, ""subsample"": 0.7930738631670464}"
4,4,143,0,0.10972671,0.12638162037613332,0.04847373915730528,"{""colsample_bytree"": 0.9647398379973994, ""learning_rate"": 0.020884059645184208, ""max_depth"": 2, ""min_child_weight"": 2, ""reg_lambda"": 3.0732420023147857, ""subsample"": 0.7930738631670464}"
4,4,144,1,0.79401845,0.8046509304415732,0.05579834840873213,"{""colsample_bytree"": 0.9647398379973994, ""learning_rate"": 0.020884059645184208, ""max_depth"": 2, ""min_child_weight"": 2, ""reg_lambda"": 3.0732420023147857, ""subsample"": 0.7930738631670464}"
4,4,153,0,0.31998715,0.2809644252513527,0.08455712248866014,"{""colsample_bytree"": 0.9647398379973994, ""learning_rate"": 0.020884059645184208, ""max_depth"": 2, ""min_child_weight"": 2, ""reg_lambda"": 3.0732420023147857, ""subsample"": 0.7930738631670464}"
4,4,156,1,0.63085425,0.6439093395768184,0.09605394738993706,"{""colsample_bytree"": 0.9647398379973994, ""learning_rate"": 0.020884059645184208, ""max_depth"": 2, ""min_child_weight"": 2, ""reg_lambda"": 3.0732420023147857, ""subsample"": 0.7930738631670464}"
4,4,158,0,0.6104816,0.5421454122493731,0.11731560998355384,"{""colsample_bytree"": 0.9647398379973994, ""learning_rate"": 0.020884059645184208, ""max_depth"": 2, ""min_child_weight"": 2, ""reg_lambda"": 3.0732420023147857, ""subsample"": 0.7930738631670464}"
4,4,159,1,0.90131956,0.8775267118339627,0.03407990641302595,"{""colsample_bytree"": 0.9647398379973994, ""learning_rate"": 0.020884059645184208, ""max_depth"": 2, ""min_child_weight"": 2, ""reg_lambda"": 3.0732420023147857, ""subsample"": 0.7930738631670464}"
4,4,160,0,0.8191629,0.8051744569100914,0.09014971908004242,"{""colsample_bytree"": 0.9647398379973994, ""learning_rate"": 0.020884059645184208, ""max_depth"": 2, ""min_child_weight"": 2, ""reg_lambda"": 3.0732420023147857, ""subsample"": 0.7930738631670464}"
4,4,162,1,0.8444114,0.8502407338025492,0.039197131890004296,"{""colsample_bytree"": 0.9647398379973994, ""learning_rate"": 0.020884059645184208, ""max_depth"": 2, ""min_child_weight"": 2, ""reg_lambda"": 3.0732420023147857, ""subsample"": 0.7930738631670464}"
4,4,165,1,0.6324635,0.6549503425992256,0.084481812544644,"{""colsample_bytree"": 0.9647398379973994, ""learning_rate"": 0.020884059645184208, ""max_depth"": 2, ""min_child_weight"": 2, ""reg_lambda"": 3.0732420023147857, ""subsample"": 0.7930738631670464}"
4,4,173,1,0.81592214,0.8073690610972161,0.05656670688371996,"{""colsample_bytree"": 0.9647398379973994, ""learning_rate"": 0.020884059645184208, ""max_depth"": 2, ""min_child_weight"": 2, ""reg_lambda"": 3.0732420023147857, ""subsample"": 0.7930738631670464}"
4,4,180,1,0.3523693,0.3455508609561403,0.11722621381100626,"{""colsample_bytree"": 0.9647398379973994, ""learning_rate"": 0.020884059645184208, ""max_depth"": 2, ""min_child_weight"": 2, ""reg_lambda"": 3.0732420023147857, ""subsample"": 0.7930738631670464}"
4,4,190,0,0.6741454,0.6932145158926866,0.0580448296392072,"{""colsample_bytree"": 0.9647398379973994, ""learning_rate"": 0.020884059645184208, ""max_depth"": 2, ""min_child_weight"": 2, ""reg_lambda"": 3.0732420023147857, ""subsample"": 0.7930738631670464}"
4,4,196,0,0.26466835,0.21716788489116562,0.0439598070266666,"{""colsample_bytree"": 0.9647398379973994, ""learning_rate"": 0.020884059645184208, ""max_depth"": 2, ""min_child_weight"": 2, ""reg_lambda"": 3.0732420023147857, ""subsample"": 0.7930738631670464}"
4,4,205,0,0.2285326,0.2281786419235999,0.07991542462099438,"{""colsample_bytree"": 0.9647398379973994, ""learning_rate"": 0.020884059645184208, ""max_depth"": 2, ""min_child_weight"": 2, ""reg_lambda"": 3.0732420023147857, ""subsample"": 0.7930738631670464}"
4,4,206,1,0.7317123,0.7678806547009612,0.06899802081972056,"{""colsample_bytree"": 0.9647398379973994, ""learning_rate"": 0.020884059645184208, ""max_depth"": 2, ""min_child_weight"": 2, ""reg_lambda"": 3.0732420023147857, ""subsample"": 0.7930738631670464}"
4,4,207,1,0.69378406,0.7347351843037015,0.03772385520820638,"{""colsample_bytree"": 0.9647398379973994, ""learning_rate"": 0.020884059645184208, ""max_depth"": 2, ""min_child_weight"": 2, ""reg_lambda"": 3.0732420023147857, ""subsample"": 0.7930738631670464}"
4,4,210,0,0.13020241,0.14080941814000453,0.048918553392446655,"{""colsample_bytree"": 0.9647398379973994, ""learning_rate"": 0.020884059645184208, ""max_depth"": 2, ""min_child_weight"": 2, ""reg_lambda"": 3.0732420023147857, ""subsample"": 0.7930738631670464}"
4,4,213,0,0.6420657,0.667147538942052,0.10811737908253459,"{""colsample_bytree"": 0.9647398379973994, ""learning_rate"": 0.020884059645184208, ""max_depth"": 2, ""min_child_weight"": 2, ""reg_lambda"": 3.0732420023147857, ""subsample"": 0.7930738631670464}"
4,4,215,1,0.7968756,0.8165510672711219,0.05725541050186994,"{""colsample_bytree"": 0.9647398379973994, ""learning_rate"": 0.020884059645184208, ""max_depth"": 2, ""min_child_weight"": 2, ""reg_lambda"": 3.0732420023147857, ""subsample"": 0.7930738631670464}"
4,4,218,0,0.24756216,0.24176935721685333,0.08984392389321731,"{""colsample_bytree"": 0.9647398379973994, ""learning_rate"": 0.020884059645184208, ""max_depth"": 2, ""min_child_weight"": 2, ""reg_lambda"": 3.0732420023147857, ""subsample"": 0.7930738631670464}"
4,4,222,1,0.76937664,0.7688217789713896,0.061623395108133625,"{""colsample_bytree"": 0.9647398379973994, ""learning_rate"": 0.020884059645184208, ""max_depth"": 2, ""min_child_weight"": 2, ""reg_lambda"": 3.0732420023147857, ""subsample"": 0.7930738631670464}"
4,4,229,1,0.49314433,0.577121185235025,0.06282386283799088,"{""colsample_bytree"": 0.9647398379973994, ""learning_rate"": 0.020884059645184208, ""max_depth"": 2, ""min_child_weight"": 2, ""reg_lambda"": 3.0732420023147857, ""subsample"": 0.7930738631670464}"
4,4,235,1,0.919073,0.8777490478803269,0.03342516521580409,"{""colsample_bytree"": 0.9647398379973994, ""learning_rate"": 0.020884059645184208, ""max_depth"": 2, ""min_child_weight"": 2, ""reg_lambda"": 3.0732420023147857, ""subsample"": 0.7930738631670464}"
4,4,236,1,0.6704004,0.6839946622587705,0.10063959742910997,"{""colsample_bytree"": 0.9647398379973994, ""learning_rate"": 0.020884059645184208, ""max_depth"": 2, ""min_child_weight"": 2, ""reg_lambda"": 3.0732420023147857, ""subsample"": 0.7930738631670464}"
4,4,241,1,0.33761328,0.2888461126504273,0.06450583042528314,"{""colsample_bytree"": 0.9647398379973994, ""learning_rate"": 0.020884059645184208, ""max_depth"": 2, ""min_child_weight"": 2, ""reg_lambda"": 3.0732420023147857, ""subsample"": 0.7930738631670464}"
4,4,261,0,0.118727244,0.13002000074854392,0.047885720755116656,"{""colsample_bytree"": 0.9647398379973994, ""learning_rate"": 0.020884059645184208, ""max_depth"": 2, ""min_child_weight"": 2, ""reg_lambda"": 3.0732420023147857, ""subsample"": 0.7930738631670464}"
4,4,269,1,0.7779908,0.8029368213225159,0.040370683550661215,"{""colsample_bytree"": 0.9647398379973994, ""learning_rate"": 0.020884059645184208, ""max_depth"": 2, ""min_child_weight"": 2, ""reg_lambda"": 3.0732420023147857, ""subsample"": 0.7930738631670464}"
4,4,270,0,0.1289962,0.1470582799228109,0.04632818052639602,"{""colsample_bytree"": 0.9647398379973994, ""learning_rate"": 0.020884059645184208, ""max_depth"": 2, ""min_child_weight"": 2, ""reg_lambda"": 3.0732420023147857, ""subsample"": 0.7930738631670464}"
4,4,271,1,0.91759545,0.8809963327345738,0.04882750985045472,"{""colsample_bytree"": 0.9647398379973994, ""learning_rate"": 0.020884059645184208, ""max_depth"": 2, ""min_child_weight"": 2, ""reg_lambda"": 3.0732420023147857, ""subsample"": 0.7930738631670464}"
4,4,277,1,0.8941985,0.8786043644968766,0.03181602570841625,"{""colsample_bytree"": 0.9647398379973994, ""learning_rate"": 0.020884059645184208, ""max_depth"": 2, ""min_child_weight"": 2, ""reg_lambda"": 3.0732420023147857, ""subsample"": 0.7930738631670464}"
4,4,278,0,0.8519584,0.8466182690442159,0.041810599062040765,"{""colsample_bytree"": 0.9647398379973994, ""learning_rate"": 0.020884059645184208, ""max_depth"": 2, ""min_child_weight"": 2, ""reg_lambda"": 3.0732420023147857, ""subsample"": 0.7930738631670464}"
4,4,279,0,0.53022665,0.5412464402116665,0.07770551705132593,"{""colsample_bytree"": 0.9647398379973994, ""learning_rate"": 0.020884059645184208, ""max_depth"": 2, ""min_child_weight"": 2, ""reg_lambda"": 3.0732420023147857, ""subsample"": 0.7930738631670464}"
4,4,284,0,0.45301616,0.43706662054789847,0.11838349481199903,"{""colsample_bytree"": 0.9647398379973994, ""learning_rate"": 0.020884059645184208, ""max_depth"": 2, ""min_child_weight"": 2, ""reg_lambda"": 3.0732420023147857, ""subsample"": 0.7930738631670464}"
4,4,288,0,0.42308882,0.4109942478070735,0.14448478130398648,"{""colsample_bytree"": 0.9647398379973994, ""learning_rate"": 0.020884059645184208, ""max_depth"": 2, ""min_child_weight"": 2, ""reg_lambda"": 3.0732420023147857, ""subsample"": 0.7930738631670464}"
4,4,290,0,0.2085314,0.20767548967078805,0.04864804245810789,"{""colsample_bytree"": 0.9647398379973994, ""learning_rate"": 0.020884059645184208, ""max_depth"": 2, ""min_child_weight"": 2, ""reg_lambda"": 3.0732420023147857, ""subsample"": 0.7930738631670464}"
4,4,297,0,0.3602014,0.30955605187933183,0.14942691055029264,"{""colsample_bytree"": 0.9647398379973994, ""learning_rate"": 0.020884059645184208, ""max_depth"": 2, ""min_child_weight"": 2, ""reg_lambda"": 3.0732420023147857, ""subsample"": 0.7930738631670464}"
