repeat,fold,idx,y,p_base,p,spread,params
0,0,0,1,0.3324688859462608,0.27133842886943194,0.057966810247847986,"{""class_weight"": ""balanced"", ""max_depth"": 6, ""max_features"": ""sqrt"", ""min_samples_leaf"": 2}"
0,0,4,0,0.24679996822079123,0.18876778746384332,0.06134617301251478,"{""class_weight"": ""balanced"", ""max_depth"": 6, ""max_features"": ""sqrt"", ""min_samples_leaf"": 2}"
0,0,5,1,0.6078558845661758,0.6710127775868356,0.047534771572550566,"{""class_weight"": ""balanced"", ""max_depth"": 6, ""max_features"": ""sqrt"", ""min_samples_leaf"": 2}"
0,0,7,1,0.7568759640913355,0.897452438877661,0.05694358513600655,"{""class_weight"": ""balanced"", ""max_depth"": 6, ""max_features"": ""sqrt"", ""min_samples_leaf"": 2}"
0,0,8,0,0.2360491809338538,0.16373909924020663,0.055475762976574104,"{""class_weight"": ""balanced"", ""max_depth"": 6, ""max_features"": ""sqrt"", ""min_samples_leaf"": 2}"
0,0,14,1,0.39244939024349185,0.29964124321526125,0.049249171093071274,"{""class_weight"": ""balanced"", ""max_depth"": 6, ""max_features"": ""sqrt"", ""min_samples_leaf"": 2}"
0,0,17,0,0.3161411290193079,0.19074565803731522,0.04428178467684504,"{""class_weight"": ""balanced"", ""max_depth"": 6, ""max_features"": ""sqrt"", ""min_samples_leaf"": 2}"
0,0,22,1,0.7191034920947238,0.8728859850881333,0.058207740571603175,"{""class_weight"": ""balanced"", ""max_depth"": 6, ""max_features"": ""sqrt"", ""min_samples_leaf"": 2}"
0,0,28,1,0.8491965975807882,0.9157410905310636,0.05459240823368509,"{""class_weight"": ""balanced"", ""max_depth"": 6, ""max_features"": ""sqrt"", ""min_samples_leaf"": 2}"
0,0,29,0,0.6785254152793875,0.8517057727649353,0.05953152245056109,"{""class_weight"": ""balanced"", ""max_depth"": 6, ""max_features"": ""sqrt"", ""min_samples_leaf"": 2}"
0,0,32,1,0.6389265387507976,0.750087344300853,0.08306923249017005,"{""class_weight"": ""balanced"", ""max_depth"": 6, ""max_features"": ""sqrt"", ""min_samples_leaf"": 2}"
0,0,41,0,0.16856971292533232,0.09252115507712255,0.04581088598407311,"{""class_weight"": ""balanced"", ""max_depth"": 6, ""max_features"": ""sqrt"", ""min_samples_leaf"": 2}"
0,0,46,1,0.5583656022378366,0.6261340552362387,0.043226981237160185,"{""class_weight"": ""balanced"", ""max_depth"": 6, ""max_features"": ""sqrt"", ""min_samples_leaf"": 2}"
0,0,48,0,0.28996883254538214,0.18657433343157087,0.07405490797543844,"{""class_weight"": ""balanced"", ""max_depth"": 6, ""max_features"": ""sqrt"", ""min_samples_leaf"": 2}"
0,0,49,0,0.33179382696971976,0.26267805358436985,0.06258307869093999,"{""class_weight"": ""balanced"", ""max_depth"": 6, ""max_features"": ""sqrt"", ""min_samples_leaf"": 2}"
0,0,50,0,0.39094221317181327,0.43892909089699383,0.10319640916641605,"{""class_weight"": ""balanced"", ""max_depth"": 6, ""max_features"": ""sqrt"", ""min_samples_leaf"": 2}"
0,0,52,1,0.8734842672397796,0.9373123172272795,0.05132121438919817,"{""class_weight"": ""balanced"", ""max_depth"": 6, ""max_features"": ""sqrt"", ""min_samples_leaf"": 2}"
0,0,55,1,0.8129723955328171,0.9130055989916922,0.05382932830768208,"{""class_weight"": ""balanced"", ""max_depth"": 6, ""max_features"": ""sqrt"", ""min_samples_leaf"": 2}"
0,0,65,0,0.621774977435665,0.6586098572004241,0.05946692986107545,"{""class_weight"": ""balanced"", ""max_depth"": 6, ""max_features"": ""sqrt"", ""min_samples_leaf"": 2}"
0,0,72,1,0.5532272618047113,0.6102957240097477,0.1243330798934096,"{""class_weight"": ""balanced"", ""max_depth"": 6, ""max_features"": ""sqrt"", ""min_samples_leaf"": 2}"
0,0,82,1,0.4911674909233893,0.554686057796034,0.10588597261755375,"{""class_weight"": ""balanced"", ""max_depth"": 6, ""max_features"": ""sqrt"", ""min_samples_leaf"": 2}"
0,0,91,0,0.3686823578804437,0.3495391302412975,0.03615548806864877,"{""class_weight"": ""balanced"", ""max_depth"": 6, ""max_features"": ""sqrt"", ""min_samples_leaf"": 2}"
0,0,94,1,0.8188495820020886,0.9132003649602283,0.05920866531828077,"{""class_weight"": ""balanced"", ""max_depth"": 6, ""max_features"": ""sqrt"", ""min_samples_leaf"": 2}"
0,0,99,1,0.6003259964829252,0.6905507454442872,0.0664130770219607,"{""class_weight"": ""balanced"", ""max_depth"": 6, ""max_features"": ""sqrt"", ""min_samples_leaf"": 2}"
0,0,100,1,0.6734098077430185,0.8369902840967243,0.07673555904452703,"{""class_weight"": ""balanced"", ""max_depth"": 6, ""max_features"": ""sqrt"", ""min_samples_leaf"": 2}"
0,0,101,1,0.8297915841090951,0.9175941847497325,0.04822774176454164,"{""class_weight"": ""balanced"", ""max_depth"": 6, ""max_features"": ""sqrt"", ""min_samples_leaf"": 2}"
0,0,105,1,0.6531753955377275,0.7639520935456725,0.05074558856430418,"{""class_weight"": ""balanced"", ""max_depth"": 6, ""max_features"": ""sqrt"", ""min_samples_leaf"": 2}"
0,0,106,1,0.6380472121757219,0.7239385218465975,0.07682000714025576,"{""class_weight"": ""balanced"", ""max_depth"": 6, ""max_features"": ""sqrt"", ""min_samples_leaf"": 2}"
0,0,116,1,0.7201586521799512,0.8551967750341036,0.052477458814362846,"{""class_weight"": ""balanced"", ""max_depth"": 6, ""max_features"": ""sqrt"", ""min_samples_leaf"": 2}"
0,0,119,1,0.6110884962024185,0.7564657138774722,0.07703533623573301,"{""class_weight"": ""balanced"", ""max_depth"": 6, ""max_features"": ""sqrt"", ""min_samples_leaf"": 2}"
0,0,127,1,0.7859805302851177,0.8948837376787022,0.05570305453164572,"{""class_weight"": ""balanced"", ""max_depth"": 6, ""max_features"": ""sqrt"", ""min_samples_leaf"": 2}"
0,0,129,0,0.32931885089656826,0.3577367297467048,0.10568790745181411,"{""class_weight"": ""balanced"", ""max_depth"": 6, ""max_features"": ""sqrt"", ""min_samples_leaf"": 2}"
0,0,130,0,0.22116919177094796,0.1679965183530154,0.052980017408872086,"{""class_weight"": ""balanced"", ""max_depth"": 6, ""max_features"": ""sqrt"", ""min_samples_leaf"": 2}"
0,0,132,1,0.7461732274627477,0.8893002566586137,0.060393996850249196,"{""class_weight"": ""balanced"", ""max_depth"": 6, ""max_features"": ""sqrt"", ""min_samples_leaf"": 2}"
0,0,134,1,0.5864189457605966,0.7057688824048076,0.11123867531447325,"{""class_weight"": ""balanced"", ""max_depth"": 6, ""max_features"": ""sqrt"", ""min_samples_leaf"": 2}"
0,0,145,0,0.6411288705955864,0.7547967148525258,0.13104934189210096,"{""class_weight"": ""balanced"", ""max_depth"": 6, ""max_features"": ""sqrt"", ""min_samples_leaf"": 2}"
0,0,160,0,0.6397370443897934,0.8051753596960411,0.05485783381473642,"{""class_weight"": ""balanced"", ""max_depth"": 6, ""max_features"": ""sqrt"", ""min_samples_leaf"": 2}"
0,0,161,1,0.8476584710500645,0.9268949763966831,0.049954219684353485,"{""class_weight"": ""balanced"", ""max_depth"": 6, ""max_features"": ""sqrt"", ""min_samples_leaf"": 2}"
0,0,176,1,0.21960198819112955,0.1584100830991561,0.06392349040310787,"{""class_weight"": ""balanced"", ""max_depth"": 6, ""max_features"": ""sqrt"", ""min_samples_leaf"": 2}"
0,0,178,1,0.5180525082451297,0.5809117606164547,0.07696489327991377,"{""class_weight"": ""balanced"", ""max_depth"": 6, ""max_features"": ""sqrt"", ""min_samples_leaf"": 2}"
0,0,182,1,0.5737119897563884,0.6768534076747243,0.0950543519453999,"{""class_weight"": ""balanced"", ""max_depth"": 6, ""max_features"": ""sqrt"", ""min_samples_leaf"": 2}"
0,0,186,0,0.517176691537395,0.6608372498383381,0.06809480220044034,"{""class_weight"": ""balanced"", ""max_depth"": 6, ""max_features"": ""sqrt"", ""min_samples_leaf"": 2}"
0,0,188,1,0.31174475733380813,0.22971388860313774,0.07771494135253426,"{""class_weight"": ""balanced"", ""max_depth"": 6, ""max_features"": ""sqrt"", ""min_samples_leaf"": 2}"
0,0,191,1,0.7699598183591182,0.8771347637993511,0.061936907477098783,"{""class_weight"": ""balanced"", ""max_depth"": 6, ""max_features"": ""sqrt"", ""min_samples_leaf"": 2}"
0,0,193,0,0.37428067556977157,0.2951099426595222,0.03607640419170181,"{""class_weight"": ""balanced"", ""max_depth"": 6, ""max_features"": ""sqrt"", ""min_samples_leaf"": 2}"
0,0,194,0,0.23013866333460636,0.13427797214132264,0.045862787728362525,"{""class_weight"": ""balanced"", ""max_depth"": 6, ""max_features"": ""sqrt"", ""min_samples_leaf"": 2}"
0,0,203,0,0.2509863569306576,0.15027459351282552,0.0603855062352936,"{""class_weight"": ""balanced"", ""max_depth"": 6, ""max_features"": ""sqrt"", ""min_samples_leaf"": 2}"
0,0,215,1,0.6875139059921818,0.8307775184325165,0.07091377321407534,"{""class_weight"": ""balanced"", ""max_depth"": 6, ""max_features"": ""sqrt"", ""min_samples_leaf"": 2}"
0,0,219,1,0.197547653745632,0.11859286716440347,0.057418818776463446,"{""class_weight"": ""balanced"", ""max_depth"": 6, ""max_features"": ""sqrt"", ""min_samples_leaf"": 2}"
0,0,223,1,0.32109436045691225,0.3064435053257415,0.0674669981808591,"{""class_weight"": ""balanced"", ""max_depth"": 6, ""max_features"": ""sqrt"", ""min_samples_leaf"": 2}"
0,0,231,0,0.8036092317107191,0.8955087679077008,0.04293669686981393,"{""class_weight"": ""balanced"", ""max_depth"": 6, ""max_features"": ""sqrt"", ""min_samples_leaf"": 2}"
0,0,233,0,0.38571938376965653,0.299029848987391,0.044787897098932175,"{""class_weight"": ""balanced"", ""max_depth"": 6, ""max_features"": ""sqrt"", ""min_samples_leaf"": 2}"
0,0,241,1,0.318701133130939,0.22127759256323473,0.037317163332736714,"{""class_weight"": ""balanced"", ""max_depth"": 6, ""max_features"": ""sqrt"", ""min_samples_leaf"": 2}"
0,0,250,1,0.6329835553435702,0.7411796642451128,0.0790501028631146,"{""class_weight"": ""balanced"", ""max_depth"": 6, ""max_features"": ""sqrt"", ""min_samples_leaf"": 2}"
0,0,261,0,0.08915834855376586,0.05126837961105559,0.0411123203327836,"{""class_weight"": ""balanced"", ""max_depth"": 6, ""max_features"": ""sqrt"", ""min_samples_leaf"": 2}"
0,0,264,0,0.3099426717272964,0.1889178308035782,0.04807326621290221,"{""class_weight"": ""balanced"", ""max_depth"": 6, ""max_features"": ""sqrt"", ""min_samples_leaf"": 2}"
0,0,275,1,0.689304103391876,0.823761900271516,0.08161975983236074,"{""class_weight"": ""balanced"", ""max_depth"": 6, ""max_features"": ""sqrt"", ""min_samples_leaf"": 2}"
0,0,282,0,0.680409133087917,0.7898890875147895,0.04642190301623679,"{""class_weight"": ""balanced"", ""max_depth"": 6, ""max_features"": ""sqrt"", ""min_samples_leaf"": 2}"
0,0,289,0,0.3181062751791382,0.1995485794281397,0.03786172136501012,"{""class_weight"": ""balanced"", ""max_depth"": 6, ""max_features"": ""sqrt"", ""min_samples_leaf"": 2}"
0,0,294,1,0.546489837631519,0.6185832652325127,0.0485148588218723,"{""class_weight"": ""balanced"", ""max_depth"": 6, ""max_features"": ""sqrt"", ""min_samples_leaf"": 2}"
0,0,295,0,0.5414760632299573,0.6163332502669424,0.07694832526906091,"{""class_weight"": ""balanced"", ""max_depth"": 6, ""max_features"": ""sqrt"", ""min_samples_leaf"": 2}"
0,1,1,1,0.8370489164578058,0.917506294165411,0.04171788127463018,"{""class_weight"": ""balanced"", ""max_depth"": 3, ""max_features"": 0.3, ""min_samples_leaf"": 2}"
0,1,3,0,0.42819422747013014,0.4974471389917213,0.04354017471272082,"{""class_weight"": ""balanced"", ""max_depth"": 3, ""max_features"": 0.3, ""min_samples_leaf"": 2}"
0,1,6,1,0.7828401595569546,0.8764238606376452,0.06345465303297783,"{""class_weight"": ""balanced"", ""max_depth"": 3, ""max_features"": 0.3, ""min_samples_leaf"": 2}"
0,1,9,0,0.7383114337251352,0.8535656037688397,0.0556436189235274,"{""class_weight"": ""balanced"", ""max_depth"": 3, ""max_features"": 0.3, ""min_samples_leaf"": 2}"
0,1,18,1,0.610896397058703,0.7060570678731516,0.029223734748332623,"{""class_weight"": ""balanced"", ""max_depth"": 3, ""max_features"": 0.3, ""min_samples_leaf"": 2}"
0,1,19,0,0.7499431330528554,0.8398041884086289,0.03517376198707963,"{""class_weight"": ""balanced"", ""max_depth"": 3, ""max_features"": 0.3, ""min_samples_leaf"": 2}"
0,1,20,0,0.15843876402954302,0.12756659281522237,0.05244002298690597,"{""class_weight"": ""balanced"", ""max_depth"": 3, ""max_features"": 0.3, ""min_samples_leaf"": 2}"
0,1,31,0,0.5727951217504755,0.6849045257721957,0.030165475387258268,"{""class_weight"": ""balanced"", ""max_depth"": 3, ""max_features"": 0.3, ""min_samples_leaf"": 2}"
0,1,33,1,0.6113472347561587,0.7678919304545344,0.06440300431429738,"{""class_weight"": ""balanced"", ""max_depth"": 3, ""max_features"": 0.3, ""min_samples_leaf"": 2}"
0,1,34,1,0.5510973461884106,0.6362438884208446,0.06069646181152265,"{""class_weight"": ""balanced"", ""max_depth"": 3, ""max_features"": 0.3, ""min_samples_leaf"": 2}"
0,1,40,1,0.6124436596189123,0.7420333526468387,0.05806643812996244,"{""class_weight"": ""balanced"", ""max_depth"": 3, ""max_features"": 0.3, ""min_samples_leaf"": 2}"
0,1,45,1,0.7529245837965505,0.8796249342217694,0.044046409472533465,"{""class_weight"": ""balanced"", ""max_depth"": 3, ""max_features"": 0.3, ""min_samples_leaf"": 2}"
0,1,54,0,0.2792084076319671,0.3126696349330021,0.04035102887122789,"{""class_weight"": ""balanced"", ""max_depth"": 3, ""max_features"": 0.3, ""min_samples_leaf"": 2}"
0,1,56,1,0.6874360592637819,0.810659616751144,0.052132127134905816,"{""class_weight"": ""balanced"", ""max_depth"": 3, ""max_features"": 0.3, ""min_samples_leaf"": 2}"
0,1,62,1,0.19180861078018815,0.13346790328229158,0.07406231830020892,"{""class_weight"": ""balanced"", ""max_depth"": 3, ""max_features"": 0.3, ""min_samples_leaf"": 2}"
0,1,69,1,0.6512860149111837,0.7849924565372228,0.0824270095942323,"{""class_weight"": ""balanced"", ""max_depth"": 3, ""max_features"": 0.3, ""min_samples_leaf"": 2}"
0,1,70,0,0.20058111716007324,0.1477681131434892,0.07188927063596852,"{""class_weight"": ""balanced"", ""max_depth"": 3, ""max_features"": 0.3, ""min_samples_leaf"": 2}"
0,1,73,0,0.6225578632137355,0.7555312327015816,0.07534612923999301,"{""class_weight"": ""balanced"", ""max_depth"": 3, ""max_features"": 0.3, ""min_samples_leaf"": 2}"
0,1,78,1,0.6856997092507765,0.8258413297225203,0.06985542975004903,"{""class_weight"": ""balanced"", ""max_depth"": 3, ""max_features"": 0.3, ""min_samples_leaf"": 2}"
0,1,81,1,0.8236860015865051,0.9108475067280486,0.04062477966777606,"{""class_weight"": ""balanced"", ""max_depth"": 3, ""max_features"": 0.3, ""min_samples_leaf"": 2}"
0,1,92,1,0.7655702249317208,0.8739279890954403,0.057191194936919376,"{""class_weight"": ""balanced"", ""max_depth"": 3, ""max_features"": 0.3, ""min_samples_leaf"": 2}"
0,1,97,1,0.5837516643261899,0.7124010965957358,0.07272518559605913,"{""class_weight"": ""balanced"", ""max_depth"": 3, ""max_features"": 0.3, ""min_samples_leaf"": 2}"
0,1,104,0,0.5634677007400966,0.6760653049112687,0.05309905709471985,"{""class_weight"": ""balanced"", ""max_depth"": 3, ""max_features"": 0.3, ""min_samples_leaf"": 2}"
0,1,113,0,0.14919258763113952,0.11789760298155669,0.05694581745669339,"{""class_weight"": ""balanced"", ""max_depth"": 3, ""max_features"": 0.3, ""min_samples_leaf"": 2}"
0,1,115,0,0.6061598758444291,0.7223088721710524,0.07132661948898204,"{""class_weight"": ""balanced"", ""max_depth"": 3, ""max_features"": 0.3, ""min_samples_leaf"": 2}"
0,1,121,0,0.5071014940988863,0.6087090610650867,0.10227229862915171,"{""class_weight"": ""balanced"", ""max_depth"": 3, ""max_features"": 0.3, ""min_samples_leaf"": 2}"
0,1,122,0,0.5314628716801846,0.5824336579689181,0.07463500222094556,"{""class_weight"": ""balanced"", ""max_depth"": 3, ""max_features"": 0.3, ""min_samples_leaf"": 2}"
0,1,124,1,0.5466744164925744,0.5689367902243039,0.0163764956363912,"{""class_weight"": ""balanced"", ""max_depth"": 3, ""max_features"": 0.3, ""min_samples_leaf"": 2}"
0,1,125,1,0.6004335291049373,0.7301162460060986,0.05589599399088711,"{""class_weight"": ""balanced"", ""max_depth"": 3, ""max_features"": 0.3, ""min_samples_leaf"": 2}"
0,1,128,1,0.5363925552955856,0.5947114681195047,0.03155516735514885,"{""class_weight"": ""balanced"", ""max_depth"": 3, ""max_features"": 0.3, ""min_samples_leaf"": 2}"
0,1,133,0,0.5109528294343653,0.6007562810342388,0.06003188524856648,"{""class_weight"": ""balanced"", ""max_depth"": 3, ""max_features"": 0.3, ""min_samples_leaf"": 2}"
0,1,141,1,0.7639410559949028,0.8466655446416468,0.0493849238250242,"{""class_weight"": ""balanced"", ""max_depth"": 3, ""max_features"": 0.3, ""min_samples_leaf"": 2}"
0,1,149,1,0.7095267179715496,0.8327827847098159,0.06507742838218923,"{""class_weight"": ""balanced"", ""max_depth"": 3, ""max_features"": 0.3, ""min_samples_leaf"": 2}"
0,1,151,0,0.3400147987040061,0.29719806671411236,0.08570543129482582,"{""class_weight"": ""balanced"", ""max_depth"": 3, ""max_features"": 0.3, ""min_samples_leaf"": 2}"
0,1,153,0,0.38915296947380634,0.3597325911242074,0.11107517191471752,"{""class_weight"": ""balanced"", ""max_depth"": 3, ""max_features"": 0.3, ""min_samples_leaf"": 2}"
0,1,154,0,0.6124971293516965,0.7658056982429302,0.08559186585488669,"{""class_weight"": ""balanced"", ""max_depth"": 3, ""max_features"": 0.3, ""min_samples_leaf"": 2}"
0,1,157,1,0.45443577891063003,0.4907663575540018,0.015039553693216464,"{""class_weight"": ""balanced"", ""max_depth"": 3, ""max_features"": 0.3, ""min_samples_leaf"": 2}"
0,1,165,1,0.46270206124229096,0.48808954805414106,0.0771378671219088,"{""class_weight"": ""balanced"", ""max_depth"": 3, ""max_features"": 0.3, ""min_samples_leaf"": 2}"
0,1,174,1,0.7850195414063805,0.9010639844015088,0.030867165787488264,"{""class_weight"": ""balanced"", ""max_depth"": 3, ""max_features"": 0.3, ""min_samples_leaf"": 2}"
0,1,175,0,0.49699393995791685,0.5136301036993639,0.06947236584373699,"{""class_weight"": ""balanced"", ""max_depth"": 3, ""max_features"": 0.3, ""min_samples_leaf"": 2}"
0,1,181,1,0.7137274437435924,0.848833199576464,0.04061556154658696,"{""class_weight"": ""balanced"", ""max_depth"": 3, ""max_features"": 0.3, ""min_samples_leaf"": 2}"
0,1,183,0,0.5523728468712813,0.6613144317466985,0.05608955385929537,"{""class_weight"": ""balanced"", ""max_depth"": 3, ""max_features"": 0.3, ""min_samples_leaf"": 2}"
0,1,189,1,0.7435684163556828,0.8536093111104274,0.06424409270919033,"{""class_weight"": ""balanced"", ""max_depth"": 3, ""max_features"": 0.3, ""min_samples_leaf"": 2}"
0,1,197,1,0.6846919467764512,0.811505030033737,0.06730263208883176,"{""class_weight"": ""balanced"", ""max_depth"": 3, ""max_features"": 0.3, ""min_samples_leaf"": 2}"
0,1,198,1,0.6781138254879504,0.8413832315602455,0.05553817189164613,"{""class_weight"": ""balanced"", ""max_depth"": 3, ""max_features"": 0.3, ""min_samples_leaf"": 2}"
0,1,201,0,0.3170854646708523,0.2616421847273213,0.04838168780429144,"{""class_weight"": ""balanced"", ""max_depth"": 3, ""max_features"": 0.3, ""min_samples_leaf"": 2}"
0,1,220,1,0.6175743239988045,0.7663026230661131,0.0496233208658211,"{""class_weight"": ""balanced"", ""max_depth"": 3, ""max_features"": 0.3, ""min_samples_leaf"": 2}"
0,1,230,1,0.8457424642074721,0.9115303486526722,0.04234187691474671,"{""class_weight"": ""balanced"", ""max_depth"": 3, ""max_features"": 0.3, ""min_samples_leaf"": 2}"
0,1,232,1,0.6925841226969273,0.8094814253380627,0.05415296006739059,"{""class_weight"": ""balanced"", ""max_depth"": 3, ""max_features"": 0.3, ""min_samples_leaf"": 2}"
0,1,236,1,0.45500633049260036,0.48966527721825004,0.0746800482191536,"{""class_weight"": ""balanced"", ""max_depth"": 3, ""max_features"": 0.3, ""min_samples_leaf"": 2}"
0,1,238,1,0.220400488395699,0.17902320630845744,0.047021651298452365,"{""class_weight"": ""balanced"", ""max_depth"": 3, ""max_features"": 0.3, ""min_samples_leaf"": 2}"
0,1,239,1,0.7520174713348426,0.8707927549005348,0.047345891011801346,"{""class_weight"": ""balanced"", ""max_depth"": 3, ""max_features"": 0.3, ""min_samples_leaf"": 2}"
0,1,242,1,0.7044209511647611,0.8317028097451727,0.07138738231890202,"{""class_weight"": ""balanced"", ""max_depth"": 3, ""max_features"": 0.3, ""min_samples_leaf"": 2}"
0,1,246,1,0.7508940076059636,0.8742226255868646,0.029364756300237018,"{""class_weight"": ""balanced"", ""max_depth"": 3, ""max_features"": 0.3, ""min_samples_leaf"": 2}"
0,1,251,1,0.2882974513230118,0.2995875947942076,0.08597127697262744,"{""class_weight"": ""balanced"", ""max_depth"": 3, ""max_features"": 0.3, ""min_samples_leaf"": 2}"
0,1,263,0,0.16649406887410018,0.13398659902362026,0.06576278906303248,"{""class_weight"": ""balanced"", ""max_depth"": 3, ""max_features"": 0.3, ""min_samples_leaf"": 2}"
0,1,277,1,0.8282792143574313,0.9139280391515372,0.045044602254817614,"{""class_weight"": ""balanced"", ""max_depth"": 3, ""max_features"": 0.3, ""min_samples_leaf"": 2}"
0,1,278,0,0.756406967222393,0.8616614909741707,0.05512849335170334,"{""class_weight"": ""balanced"", ""max_depth"": 3, ""max_features"": 0.3, ""min_samples_leaf"": 2}"
0,1,283,0,0.35811007871026146,0.3374933358033302,0.0499640793494219,"{""class_weight"": ""balanced"", ""max_depth"": 3, ""max_features"": 0.3, ""min_samples_leaf"": 2}"
0,1,287,0,0.3343490542248679,0.32310239548719294,0.07583644657484619,"{""class_weight"": ""balanced"", ""max_depth"": 3, ""max_features"": 0.3, ""min_samples_leaf"": 2}"
0,1,290,0,0.18475159013983886,0.1826940834797979,0.05593195361981111,"{""class_weight"": ""balanced"", ""max_depth"": 3, ""max_features"": 0.3, ""min_samples_leaf"": 2}"
0,2,25,1,0.8696235295503209,0.9108069177564311,0.046434669334850014,"{""class_weight"": null, ""max_depth"": 5, ""max_features"": ""sqrt"", ""min_samples_leaf"": 3}"
0,2,27,0,0.35552249180686646,0.26557412638329014,0.04259023672896592,"{""class_weight"": null, ""max_depth"": 5, ""max_features"": ""sqrt"", ""min_samples_leaf"": 3}"
0,2,42,0,0.2563187710213706,0.13800816049318082,0.04650703676406718,"{""class_weight"": null, ""max_depth"": 5, ""max_features"": ""sqrt"", ""min_samples_leaf"": 3}"
0,2,43,1,0.5355834563219122,0.45601306250237367,0.07778867213453126,"{""class_weight"": null, ""max_depth"": 5, ""max_features"": ""sqrt"", ""min_samples_leaf"": 3}"
0,2,53,0,0.5711261686308825,0.6579134992126443,0.08292823417311906,"{""class_weight"": null, ""max_depth"": 5, ""max_features"": ""sqrt"", ""min_samples_leaf"": 3}"
0,2,59,1,0.8522259579648598,0.9151664671142438,0.04291513838657975,"{""class_weight"": null, ""max_depth"": 5, ""max_features"": ""sqrt"", ""min_samples_leaf"": 3}"
0,2,66,1,0.8196023744166328,0.8713230592008369,0.06530493667225461,"{""class_weight"": null, ""max_depth"": 5, ""max_features"": ""sqrt"", ""min_samples_leaf"": 3}"
0,2,67,0,0.5803445306655173,0.5824319755355951,0.04029153130653023,"{""class_weight"": null, ""max_depth"": 5, ""max_features"": ""sqrt"", ""min_samples_leaf"": 3}"
0,2,68,0,0.31864776945217854,0.1484486797740276,0.0523673840911348,"{""class_weight"": null, ""max_depth"": 5, ""max_features"": ""sqrt"", ""min_samples_leaf"": 3}"
0,2,74,1,0.836765657909046,0.8999875674658908,0.05205108575293592,"{""class_weight"": null, ""max_depth"": 5, ""max_features"": ""sqrt"", ""min_samples_leaf"": 3}"
0,2,79,0,0.321967183539253,0.14796455825334065,0.07016821402249399,"{""class_weight"": null, ""max_depth"": 5, ""max_features"": ""sqrt"", ""min_samples_leaf"": 3}"
0,2,80,1,0.7784206367013049,0.8660417563927613,0.057192611111538484,"{""class_weight"": null, ""max_depth"": 5, ""max_features"": ""sqrt"", ""min_samples_leaf"": 3}"
0,2,87,1,0.7181751292369298,0.8096062232181638,0.0493799855472752,"{""class_weight"": null, ""max_depth"": 5, ""max_features"": ""sqrt"", ""min_samples_leaf"": 3}"
0,2,89,1,0.7353472697869805,0.8182562565985041,0.06598657176071532,"{""class_weight"": null, ""max_depth"": 5, ""max_features"": ""sqrt"", ""min_samples_leaf"": 3}"
0,2,90,0,0.5639855186924332,0.5061561964601233,0.11192625261225468,"{""class_weight"": null, ""max_depth"": 5, ""max_features"": ""sqrt"", ""min_samples_leaf"": 3}"
0,2,93,1,0.7395773441552397,0.8097044853744493,0.03727664384990722,"{""class_weight"": null, ""max_depth"": 5, ""max_features"": ""sqrt"", ""min_samples_leaf"": 3}"
0,2,96,1,0.7805540963284636,0.8705929147963662,0.06237732704918629,"{""class_weight"": null, ""max_depth"": 5, ""max_features"": ""sqrt"", ""min_samples_leaf"": 3}"
0,2,107,1,0.5475299779934706,0.6188276584967395,0.06962640385165854,"{""class_weight"": null, ""max_depth"": 5, ""max_features"": ""sqrt"", ""min_samples_leaf"": 3}"
0,2,109,0,0.5803133255465663,0.586938241803512,0.0891259080946749,"{""class_weight"": null, ""max_depth"": 5, ""max_features"": ""sqrt"", ""min_samples_leaf"": 3}"
0,2,114,1,0.8269941557379762,0.9039091570610125,0.04694180801476766,"{""class_weight"": null, ""max_depth"": 5, ""max_features"": ""sqrt"", ""min_samples_leaf"": 3}"
0,2,126,1,0.7447583517195865,0.8061002887235601,0.0663353211317373,"{""class_weight"": null, ""max_depth"": 5, ""max_features"": ""sqrt"", ""min_samples_leaf"": 3}"
0,2,136,0,0.39073545548996114,0.27893330890340856,0.06262329239523659,"{""class_weight"": null, ""max_depth"": 5, ""max_features"": ""sqrt"", ""min_samples_leaf"": 3}"
0,2,138,1,0.6846439152918733,0.7394321222637412,0.024914733398081586,"{""class_weight"": null, ""max_depth"": 5, ""max_features"": ""sqrt"", ""min_samples_leaf"": 3}"
0,2,139,1,0.7767068525679858,0.8404706517596596,0.04220451603588154,"{""class_weight"": null, ""max_depth"": 5, ""max_features"": ""sqrt"", ""min_samples_leaf"": 3}"
0,2,140,1,0.8309487191092131,0.8760712153073387,0.07672466204438198,"{""class_weight"": null, ""max_depth"": 5, ""max_features"": ""sqrt"", ""min_samples_leaf"": 3}"
0,2,142,1,0.3691161479246285,0.288424973704367,0.0579618521330626,"{""class_weight"": null, ""max_depth"": 5, ""max_features"": ""sqrt"", ""min_samples_leaf"": 3}"
0,2,144,1,0.7789543165856908,0.876077798232437,0.06489288769695459,"{""class_weight"": null, ""max_depth"": 5, ""max_features"": ""sqrt"", ""min_samples_leaf"": 3}"
0,2,152,1,0.4626525420136367,0.37725570135251635,0.10359483891166146,"{""class_weight"": null, ""max_depth"": 5, ""max_features"": ""sqrt"", ""min_samples_leaf"": 3}"
0,2,159,1,0.8483976573552325,0.9121959654635312,0.046859723472317684,"{""class_weight"": null, ""max_depth"": 5, ""max_features"": ""sqrt"", ""min_samples_leaf"": 3}"
0,2,168,0,0.4121386979536251,0.3066618675257749,0.06825766051546846,"{""class_weight"": null, ""max_depth"": 5, ""max_features"": ""sqrt"", ""min_samples_leaf"": 3}"
0,2,169,0,0.36395366703243376,0.21982126202083857,0.05404726333295684,"{""class_weight"": null, ""max_depth"": 5, ""max_features"": ""sqrt"", ""min_samples_leaf"": 3}"
0,2,173,1,0.6873692868011468,0.8157917768149128,0.061921498040743365,"{""class_weight"": null, ""max_depth"": 5, ""max_features"": ""sqrt"", ""min_samples_leaf"": 3}"
0,2,184,1,0.7556167548383033,0.8256471503465829,0.057028590710536446,"{""class_weight"": null, ""max_depth"": 5, ""max_features"": ""sqrt"", ""min_samples_leaf"": 3}"
0,2,185,0,0.48989732365963456,0.5073401534207893,0.0746624576536125,"{""class_weight"": null, ""max_depth"": 5, ""max_features"": ""sqrt"", ""min_samples_leaf"": 3}"
0,2,187,1,0.7584443767278044,0.840630440712296,0.07011368148933411,"{""class_weight"": null, ""max_depth"": 5, ""max_features"": ""sqrt"", ""min_samples_leaf"": 3}"
0,2,196,0,0.33385791801353576,0.1871582832115883,0.06935916860457085,"{""class_weight"": null, ""max_depth"": 5, ""max_features"": ""sqrt"", ""min_samples_leaf"": 3}"
0,2,205,0,0.5262691693288993,0.4273416543663592,0.08535577391560854,"{""class_weight"": null, ""max_depth"": 5, ""max_features"": ""sqrt"", ""min_samples_leaf"": 3}"
0,2,206,1,0.6543975781925453,0.7192223415720334,0.04724365734320803,"{""class_weight"": null, ""max_depth"": 5, ""max_features"": ""sqrt"", ""min_samples_leaf"": 3}"
0,2,207,1,0.6813871200436465,0.7438433625999699,0.09281567221392815,"{""class_weight"": null, ""max_depth"": 5, ""max_features"": ""sqrt"", ""min_samples_leaf"": 3}"
0,2,210,0,0.2228493479444242,0.09881750835645337,0.04898247837902232,"{""class_weight"": null, ""max_depth"": 5, ""max_features"": ""sqrt"", ""min_samples_leaf"": 3}"
0,2,211,1,0.647647321679184,0.6913834758047734,0.054499541476362275,"{""class_weight"": null, ""max_depth"": 5, ""max_features"": ""sqrt"", ""min_samples_leaf"": 3}"
0,2,212,0,0.2755806710544029,0.09391895240627579,0.050031241200562473,"{""class_weight"": null, ""max_depth"": 5, ""max_features"": ""sqrt"", ""min_samples_leaf"": 3}"
0,2,218,0,0.3658680479811397,0.21896286959993536,0.08662870589503101,"{""class_weight"": null, ""max_depth"": 5, ""max_features"": ""sqrt"", ""min_samples_leaf"": 3}"
0,2,224,1,0.8368908443046829,0.896317105592441,0.03789000286995046,"{""class_weight"": null, ""max_depth"": 5, ""max_features"": ""sqrt"", ""min_samples_leaf"": 3}"
0,2,240,1,0.8962272973730118,0.9314713916093902,0.04011005519057022,"{""class_weight"": null, ""max_depth"": 5, ""max_features"": ""sqrt"", ""min_samples_leaf"": 3}"
0,2,243,0,0.7033159676943063,0.7676681318161495,0.07086286399993418,"{""class_weight"": null, ""max_depth"": 5, ""max_features"": ""sqrt"", ""min_samples_leaf"": 3}"
0,2,257,0,0.3347153121641485,0.14806590022632699,0.06330001328230442,"{""class_weight"": null, ""max_depth"": 5, ""max_features"": ""sqrt"", ""min_samples_leaf"": 3}"
0,2,260,1,0.7190993365225582,0.8072441045482,0.07652294798331173,"{""class_weight"": null, ""max_depth"": 5, ""max_features"": ""sqrt"", ""min_samples_leaf"": 3}"
0,2,262,1,0.5736077972427026,0.5583252361762894,0.10009281888208428,"{""class_weight"": null, ""max_depth"": 5, ""max_features"": ""sqrt"", ""min_samples_leaf"": 3}"
0,2,266,0,0.6631771366878854,0.7081713372774071,0.0425674812708681,"{""class_weight"": null, ""max_depth"": 5, ""max_features"": ""sqrt"", ""min_samples_leaf"": 3}"
0,2,269,1,0.6943169674289521,0.8051289954797302,0.0665208030599635,"{""class_weight"": null, ""max_depth"": 5, ""max_features"": ""sqrt"", ""min_samples_leaf"": 3}"
0,2,270,0,0.2300143081490326,0.10832695896253894,0.04815786665073365,"{""class_weight"": null, ""max_depth"": 5, ""max_features"": ""sqrt"", ""min_samples_leaf"": 3}"
0,2,271,1,0.8032662894231105,0.8866539329626113,0.05111540533568146,"{""class_weight"": null, ""max_depth"": 5, ""max_features"": ""sqrt"", ""min_samples_leaf"": 3}"
0,2,279,0,0.5910393236417509,0.6561143671906953,0.05216355008758256,"{""class_weight"": null, ""max_depth"": 5, ""max_features"": ""sqrt"", ""min_samples_leaf"": 3}"
0,2,281,1,0.5234808128215376,0.4584345116307782,0.10487485253265652,"{""class_weight"": null, ""max_depth"": 5, ""max_features"": ""sqrt"", ""min_samples_leaf"": 3}"
0,2,285,0,0.3197844623301703,0.2054004671387733,0.0896649424417441,"{""class_weight"": null, ""max_depth"": 5, ""max_features"": ""sqrt"", ""min_samples_leaf"": 3}"
0,2,291,0,0.392996544341974,0.3034830332234912,0.06607397962429704,"{""class_weight"": null, ""max_depth"": 5, ""max_features"": ""sqrt"", ""min_samples_leaf"": 3}"
0,2,292,0,0.48171624338900526,0.4173422946942916,0.06282742086612172,"{""class_weight"": null, ""max_depth"": 5, ""max_features"": ""sqrt"", ""min_samples_leaf"": 3}"
0,2,298,1,0.670789222583186,0.7490854690076029,0.08005728842764191,"{""class_weight"": null, ""max_depth"": 5, ""max_features"": ""sqrt"", ""min_samples_leaf"": 3}"
0,2,301,0,0.27319898192599135,0.11921134948963852,0.05822706213470264,"{""class_weight"": null, ""max_depth"": 5, ""max_features"": ""sqrt"", ""min_samples_leaf"": 3}"
0,2,302,1,0.5869910978698979,0.594920170314374,0.05570733746143596,"{""class_weight"": null, ""max_depth"": 5, ""max_features"": ""sqrt"", ""min_samples_leaf"": 3}"
0,3,2,1,0.7275071749401452,0.8901831109265574,0.05851826784915013,"{""class_weight"": ""balanced"", ""max_depth"": 6, ""max_features"": ""sqrt"", ""min_samples_leaf"": 11}"
0,3,10,1,0.5179348924383367,0.6124845956679085,0.11270719905418797,"{""class_weight"": ""balanced"", ""max_depth"": 6, ""max_features"": ""sqrt"", ""min_samples_leaf"": 11}"
0,3,12,1,0.674729308898581,0.822840888137906,0.07168337180834856,"{""class_weight"": ""balanced"", ""max_depth"": 6, ""max_features"": ""sqrt"", ""min_samples_leaf"": 11}"
0,3,13,1,0.5501947348119192,0.6152719150667878,0.06716017238834815,"{""class_weight"": ""balanced"", ""max_depth"": 6, ""max_features"": ""sqrt"", ""min_samples_leaf"": 11}"
0,3,21,1,0.5625266981039629,0.6901558819762386,0.08748365665503928,"{""class_weight"": ""balanced"", ""max_depth"": 6, ""max_features"": ""sqrt"", ""min_samples_leaf"": 11}"
0,3,23,1,0.6428715384240189,0.8152865839351907,0.08192596540421093,"{""class_weight"": ""balanced"", ""max_depth"": 6, ""max_features"": ""sqrt"", ""min_samples_leaf"": 11}"
0,3,24,1,0.5151846975448059,0.6112359937256355,0.05331573210805213,"{""class_weight"": ""balanced"", ""max_depth"": 6, ""max_features"": ""sqrt"", ""min_samples_leaf"": 11}"
0,3,26,0,0.41766888738762714,0.38949901170094564,0.11034115951748011,"{""class_weight"": ""balanced"", ""max_depth"": 6, ""max_features"": ""sqrt"", ""min_samples_leaf"": 11}"
0,3,30,1,0.5763492219504887,0.688846830527501,0.09279406578361418,"{""class_weight"": ""balanced"", ""max_depth"": 6, ""max_features"": ""sqrt"", ""min_samples_leaf"": 11}"
0,3,39,1,0.7257953424826006,0.8699474836593464,0.07777586569459473,"{""class_weight"": ""balanced"", ""max_depth"": 6, ""max_features"": ""sqrt"", ""min_samples_leaf"": 11}"
0,3,44,0,0.5697545436704432,0.7095536724260545,0.053942310857878255,"{""class_weight"": ""balanced"", ""max_depth"": 6, ""max_features"": ""sqrt"", ""min_samples_leaf"": 11}"
0,3,47,1,0.7173863577581531,0.8780804647564071,0.05782333865130717,"{""class_weight"": ""balanced"", ""max_depth"": 6, ""max_features"": ""sqrt"", ""min_samples_leaf"": 11}"
0,3,58,1,0.3183253808052735,0.20663215710203714,0.06468024588135371,"{""class_weight"": ""balanced"", ""max_depth"": 6, ""max_features"": ""sqrt"", ""min_samples_leaf"": 11}"
0,3,60,0,0.3956604427530613,0.2965673643416554,0.11389738650728969,"{""class_weight"": ""balanced"", ""max_depth"": 6, ""max_features"": ""sqrt"", ""min_samples_leaf"": 11}"
0,3,63,1,0.5490775073566472,0.6480590737143623,0.0809109836836561,"{""class_weight"": ""balanced"", ""max_depth"": 6, ""max_features"": ""sqrt"", ""min_samples_leaf"": 11}"
0,3,75,1,0.41395934583634086,0.396640477231328,0.015256051393504293,"{""class_weight"": ""balanced"", ""max_depth"": 6, ""max_features"": ""sqrt"", ""min_samples_leaf"": 11}"
0,3,86,1,0.5828794950056537,0.7180091927507134,0.07116058330295914,"{""class_weight"": ""balanced"", ""max_depth"": 6, ""max_features"": ""sqrt"", ""min_samples_leaf"": 11}"
0,3,102,0,0.2468525646913822,0.1295234123663745,0.04667624079822633,"{""class_weight"": ""balanced"", ""max_depth"": 6, ""max_features"": ""sqrt"", ""min_samples_leaf"": 11}"
0,3,108,0,0.32163115388487945,0.183872967996009,0.06376455069532369,"{""class_weight"": ""balanced"", ""max_depth"": 6, ""max_features"": ""sqrt"", ""min_samples_leaf"": 11}"
0,3,112,0,0.5623211480702501,0.6985861525710021,0.054259992023997894,"{""class_weight"": ""balanced"", ""max_depth"": 6, ""max_features"": ""sqrt"", ""min_samples_leaf"": 11}"
0,3,118,1,0.6229214506007837,0.7676232191956989,0.05269379726473854,"{""class_weight"": ""balanced"", ""max_depth"": 6, ""max_features"": ""sqrt"", ""min_samples_leaf"": 11}"
0,3,120,1,0.5367318310411452,0.600864533542522,0.08666627327379325,"{""class_weight"": ""balanced"", ""max_depth"": 6, ""max_features"": ""sqrt"", ""min_samples_leaf"": 11}"
0,3,123,1,0.41209637938598137,0.3618152038358323,0.0815459359490249,"{""class_weight"": ""balanced"", ""max_depth"": 6, ""max_features"": ""sqrt"", ""min_samples_leaf"": 11}"
0,3,131,1,0.7922788985755712,0.9351146164342025,0.04513245554488663,"{""class_weight"": ""balanced"", ""max_depth"": 6, ""max_features"": ""sqrt"", ""min_samples_leaf"": 11}"
0,3,135,1,0.4498567224105927,0.48343420061459474,0.03680208115067913,"{""class_weight"": ""balanced"", ""max_depth"": 6, ""max_features"": ""sqrt"", ""min_samples_leaf"": 11}"
0,3,143,0,0.16019666639287036,0.07082770193629875,0.042860933829455924,"{""class_weight"": ""balanced"", ""max_depth"": 6, ""max_features"": ""sqrt"", ""min_samples_leaf"": 11}"
0,3,146,1,0.7858463203648015,0.930128586825132,0.040504443800642206,"{""class_weight"": ""balanced"", ""max_depth"": 6, ""max_features"": ""sqrt"", ""min_samples_leaf"": 11}"
0,3,150,0,0.3704980312947648,0.3352593926516105,0.07925197885699593,"{""class_weight"": ""balanced"", ""max_depth"": 6, ""max_features"": ""sqrt"", ""min_samples_leaf"": 11}"
0,3,155,1,0.6663786431441687,0.8280738623746415,0.08370847373571014,"{""class_weight"": ""balanced"", ""max_depth"": 6, ""max_features"": ""sqrt"", ""min_samples_leaf"": 11}"
0,3,158,0,0.4246254340952479,0.3725033049486953,0.11528817394751462,"{""class_weight"": ""balanced"", ""max_depth"": 6, ""max_features"": ""sqrt"", ""min_samples_leaf"": 11}"
0,3,162,1,0.6521102666001545,0.8615397524724026,0.06540690774673845,"{""class_weight"": ""balanced"", ""max_depth"": 6, ""max_features"": ""sqrt"", ""min_samples_leaf"": 11}"
0,3,163,1,0.5308568474637451,0.6324688005624219,0.04816441176739992,"{""class_weight"": ""balanced"", ""max_depth"": 6, ""max_features"": ""sqrt"", ""min_samples_leaf"": 11}"
0,3,164,1,0.732575428187268,0.9006217733779707,0.044396724779929744,"{""class_weight"": ""balanced"", ""max_depth"": 6, ""max_features"": ""sqrt"", ""min_samples_leaf"": 11}"
0,3,166,0,0.29558167507811933,0.16848869703237876,0.06035829930290999,"{""class_weight"": ""balanced"", ""max_depth"": 6, ""max_features"": ""sqrt"", ""min_samples_leaf"": 11}"
0,3,170,0,0.27679558940094184,0.1592986958834113,0.07705089520917555,"{""class_weight"": ""balanced"", ""max_depth"": 6, ""max_features"": ""sqrt"", ""min_samples_leaf"": 11}"
0,3,171,1,0.505686715290225,0.5670795015694201,0.08800117133665855,"{""class_weight"": ""balanced"", ""max_depth"": 6, ""max_features"": ""sqrt"", ""min_samples_leaf"": 11}"
0,3,172,1,0.46758842932206285,0.49951163056695014,0.04865714631487479,"{""class_weight"": ""balanced"", ""max_depth"": 6, ""max_features"": ""sqrt"", ""min_samples_leaf"": 11}"
0,3,179,0,0.3264637817101195,0.20932488395998963,0.08064055269604944,"{""class_weight"": ""balanced"", ""max_depth"": 6, ""max_features"": ""sqrt"", ""min_samples_leaf"": 11}"
0,3,192,0,0.22970714043523338,0.11808930316839558,0.054060532556126493,"{""class_weight"": ""balanced"", ""max_depth"": 6, ""max_features"": ""sqrt"", ""min_samples_leaf"": 11}"
0,3,195,0,0.5467907367190153,0.7147102847858693,0.09242816838506772,"{""class_weight"": ""balanced"", ""max_depth"": 6, ""max_features"": ""sqrt"", ""min_samples_leaf"": 11}"
0,3,200,1,0.5216637482362568,0.6138491649935192,0.06290564621189482,"{""class_weight"": ""balanced"", ""max_depth"": 6, ""max_features"": ""sqrt"", ""min_samples_leaf"": 11}"
0,3,202,1,0.7343460411313436,0.8861987126548604,0.054051822269402985,"{""class_weight"": ""balanced"", ""max_depth"": 6, ""max_features"": ""sqrt"", ""min_samples_leaf"": 11}"
0,3,204,0,0.42266723474676204,0.35672095746156607,0.07723292251699466,"{""class_weight"": ""balanced"", ""max_depth"": 6, ""max_features"": ""sqrt"", ""min_samples_leaf"": 11}"
0,3,213,0,0.5011530444964165,0.6310784081147769,0.08814736204203612,"{""class_weight"": ""balanced"", ""max_depth"": 6, ""max_features"": ""sqrt"", ""min_samples_leaf"": 11}"
0,3,222,1,0.6003991783755326,0.7118535128225043,0.08909141069445219,"{""class_weight"": ""balanced"", ""max_depth"": 6, ""max_features"": ""sqrt"", ""min_samples_leaf"": 11}"
0,3,225,0,0.4359956738773879,0.47454693949986176,0.08400521415770741,"{""class_weight"": ""balanced"", ""max_depth"": 6, ""max_features"": ""sqrt"", ""min_samples_leaf"": 11}"
0,3,227,1,0.49909002343651127,0.6057552166456114,0.06534031076574465,"{""class_weight"": ""balanced"", ""max_depth"": 6, ""max_features"": ""sqrt"", ""min_samples_leaf"": 11}"
0,3,234,0,0.31661795308348495,0.19786803836911865,0.09448991130333571,"{""class_weight"": ""balanced"", ""max_depth"": 6, ""max_features"": ""sqrt"", ""min_samples_leaf"": 11}"
0,3,235,1,0.7522291451648643,0.8833785727893286,0.06690315320639083,"{""class_weight"": ""balanced"", ""max_depth"": 6, ""max_features"": ""sqrt"", ""min_samples_leaf"": 11}"
0,3,245,1,0.4346049050748551,0.5068139331241177,0.10831351328986669,"{""class_weight"": ""balanced"", ""max_depth"": 6, ""max_features"": ""sqrt"", ""min_samples_leaf"": 11}"
0,3,247,0,0.23084267836420566,0.09923962142999983,0.06811578636493205,"{""class_weight"": ""balanced"", ""max_depth"": 6, ""max_features"": ""sqrt"", ""min_samples_leaf"": 11}"
0,3,253,1,0.5287107094306731,0.6234881793152696,0.09948466221480261,"{""class_weight"": ""balanced"", ""max_depth"": 6, ""max_features"": ""sqrt"", ""min_samples_leaf"": 11}"
0,3,256,0,0.2957018718713734,0.19185507599068888,0.08987063889709089,"{""class_weight"": ""balanced"", ""max_depth"": 6, ""max_features"": ""sqrt"", ""min_samples_leaf"": 11}"
0,3,267,1,0.6020428325747368,0.7912048917969775,0.04981299592380955,"{""class_weight"": ""balanced"", ""max_depth"": 6, ""max_features"": ""sqrt"", ""min_samples_leaf"": 11}"
0,3,272,0,0.485386730634453,0.529851132552972,0.09103510662004666,"{""class_weight"": ""balanced"", ""max_depth"": 6, ""max_features"": ""sqrt"", ""min_samples_leaf"": 11}"
0,3,273,1,0.6741407000440165,0.8205437717333701,0.08189234826250055,"{""class_weight"": ""balanced"", ""max_depth"": 6, ""max_features"": ""sqrt"", ""min_samples_leaf"": 11}"
0,3,276,0,0.3033739750705749,0.18239646044282354,0.06540050956627404,"{""class_weight"": ""balanced"", ""max_depth"": 6, ""max_features"": ""sqrt"", ""min_samples_leaf"": 11}"
0,3,280,0,0.31625688741758884,0.18441204886817042,0.07027923131616735,"{""class_weight"": ""balanced"", ""max_depth"": 6, ""max_features"": ""sqrt"", ""min_samples_leaf"": 11}"
0,3,286,0,0.3246288431877624,0.24089389687500687,0.0868745648130558,"{""class_weight"": ""balanced"", ""max_depth"": 6, ""max_features"": ""sqrt"", ""min_samples_leaf"": 11}"
0,3,297,0,0.30330025415524864,0.1888045309888136,0.08213750433372884,"{""class_weight"": ""balanced"", ""max_depth"": 6, ""max_features"": ""sqrt"", ""min_samples_leaf"": 11}"
0,4,11,1,0.8256425000707417,0.9282543785061439,0.02862436535025214,"{""class_weight"": ""balanced"", ""max_depth"": 3, ""max_features"": 0.3, ""min_samples_leaf"": 3}"
0,4,15,1,0.7307920487971851,0.8811559384524388,0.02778519382887097,"{""class_weight"": ""balanced"", ""max_depth"": 3, ""max_features"": 0.3, ""min_samples_leaf"": 3}"
0,4,16,0,0.3260332798111249,0.31280615094166847,0.08709944572540668,"{""class_weight"": ""balanced"", ""max_depth"": 3, ""max_features"": 0.3, ""min_samples_leaf"": 3}"
0,4,35,0,0.241447885806013,0.14806997614606227,0.051655043369347814,"{""class_weight"": ""balanced"", ""max_depth"": 3, ""max_features"": 0.3, ""min_samples_leaf"": 3}"
0,4,36,1,0.6201585676658253,0.7654750165216028,0.04557934224572475,"{""class_weight"": ""balanced"", ""max_depth"": 3, ""max_features"": 0.3, ""min_samples_leaf"": 3}"
0,4,37,1,0.6226293131283298,0.7273304208741465,0.04547558876521895,"{""class_weight"": ""balanced"", ""max_depth"": 3, ""max_features"": 0.3, ""min_samples_leaf"": 3}"
0,4,38,1,0.6236750069422519,0.7804447021890797,0.040761231572969146,"{""class_weight"": ""balanced"", ""max_depth"": 3, ""max_features"": 0.3, ""min_samples_leaf"": 3}"
0,4,51,1,0.5797407652477872,0.6701096658804716,0.062174531246850094,"{""class_weight"": ""balanced"", ""max_depth"": 3, ""max_features"": 0.3, ""min_samples_leaf"": 3}"
0,4,57,1,0.7757592406557205,0.909568368091431,0.02500129428393023,"{""class_weight"": ""balanced"", ""max_depth"": 3, ""max_features"": 0.3, ""min_samples_leaf"": 3}"
0,4,61,1,0.4519130414612236,0.5007339029091782,0.08710037260245664,"{""class_weight"": ""balanced"", ""max_depth"": 3, ""max_features"": 0.3, ""min_samples_leaf"": 3}"
0,4,64,0,0.26993620740710506,0.22914914293816988,0.04194147465712273,"{""class_weight"": ""balanced"", ""max_depth"": 3, ""max_features"": 0.3, ""min_samples_leaf"": 3}"
0,4,71,1,0.7371016736627981,0.8927033356725683,0.023110457939930863,"{""class_weight"": ""balanced"", ""max_depth"": 3, ""max_features"": 0.3, ""min_samples_leaf"": 3}"
0,4,76,1,0.6236452390790435,0.7688322014353665,0.05616508232589215,"{""class_weight"": ""balanced"", ""max_depth"": 3, ""max_features"": 0.3, ""min_samples_leaf"": 3}"
0,4,77,0,0.4008786816719878,0.43578457384780167,0.05054728970751114,"{""class_weight"": ""balanced"", ""max_depth"": 3, ""max_features"": 0.3, ""min_samples_leaf"": 3}"
0,4,83,1,0.6703180615869181,0.7730582970827139,0.04507871833442163,"{""class_weight"": ""balanced"", ""max_depth"": 3, ""max_features"": 0.3, ""min_samples_leaf"": 3}"
0,4,84,0,0.6914508155514572,0.8547913103381204,0.021194298384813712,"{""class_weight"": ""balanced"", ""max_depth"": 3, ""max_features"": 0.3, ""min_samples_leaf"": 3}"
0,4,85,0,0.46020557910226745,0.48156372476259446,0.10825835230625265,"{""class_weight"": ""balanced"", ""max_depth"": 3, ""max_features"": 0.3, ""min_samples_leaf"": 3}"
0,4,88,0,0.7338312710127641,0.886075677906909,0.029535586493973854,"{""class_weight"": ""balanced"", ""max_depth"": 3, ""max_features"": 0.3, ""min_samples_leaf"": 3}"
0,4,95,1,0.8144389694401621,0.9251546818927372,0.0116971083373552,"{""class_weight"": ""balanced"", ""max_depth"": 3, ""max_features"": 0.3, ""min_samples_leaf"": 3}"
0,4,98,1,0.7784805131663726,0.8986277486903707,0.01985273762783115,"{""class_weight"": ""balanced"", ""max_depth"": 3, ""max_features"": 0.3, ""min_samples_leaf"": 3}"
0,4,103,1,0.8353131634516208,0.9401461782099576,0.025445149573855196,"{""class_weight"": ""balanced"", ""max_depth"": 3, ""max_features"": 0.3, ""min_samples_leaf"": 3}"
0,4,110,0,0.2874270032100975,0.19139286645920905,0.05070863503475485,"{""class_weight"": ""balanced"", ""max_depth"": 3, ""max_features"": 0.3, ""min_samples_leaf"": 3}"
0,4,111,1,0.6810321232110876,0.8296889522547444,0.013782563461811882,"{""class_weight"": ""balanced"", ""max_depth"": 3, ""max_features"": 0.3, ""min_samples_leaf"": 3}"
0,4,117,1,0.690101613826494,0.8485424389095323,0.017767002570144866,"{""class_weight"": ""balanced"", ""max_depth"": 3, ""max_features"": 0.3, ""min_samples_leaf"": 3}"
0,4,137,0,0.18211325855431273,0.12502115703343247,0.047961189901413306,"{""class_weight"": ""balanced"", ""max_depth"": 3, ""max_features"": 0.3, ""min_samples_leaf"": 3}"
0,4,147,1,0.5946303770675241,0.7152662321208626,0.06221990985641924,"{""class_weight"": ""balanced"", ""max_depth"": 3, ""max_features"": 0.3, ""min_samples_leaf"": 3}"
0,4,148,1,0.43818332610512717,0.497740752836877,0.08722457086060538,"{""class_weight"": ""balanced"", ""max_depth"": 3, ""max_features"": 0.3, ""min_samples_leaf"": 3}"
0,4,156,1,0.48407872235912774,0.6068960333622385,0.040965100031738,"{""class_weight"": ""balanced"", ""max_depth"": 3, ""max_features"": 0.3, ""min_samples_leaf"": 3}"
0,4,167,1,0.6279401267536963,0.687621974452609,0.112808378298941,"{""class_weight"": ""balanced"", ""max_depth"": 3, ""max_features"": 0.3, ""min_samples_leaf"": 3}"
0,4,177,1,0.6976507589436761,0.8516081491633708,0.018829217120943303,"{""class_weight"": ""balanced"", ""max_depth"": 3, ""max_features"": 0.3, ""min_samples_leaf"": 3}"
0,4,180,1,0.36529433484157336,0.35872582906872313,0.054651562685996344,"{""class_weight"": ""balanced"", ""max_depth"": 3, ""max_features"": 0.3, ""min_samples_leaf"": 3}"
0,4,190,0,0.6625122427690077,0.7336290198072001,0.05523791768590941,"{""class_weight"": ""balanced"", ""max_depth"": 3, ""max_features"": 0.3, ""min_samples_leaf"": 3}"
0,4,199,0,0.2716824614411754,0.2521537412305911,0.06420561888236785,"{""class_weight"": ""balanced"", ""max_depth"": 3, ""max_features"": 0.3, ""min_samples_leaf"": 3}"
0,4,208,1,0.4998794619141329,0.6042655441993694,0.06264880639722407,"{""class_weight"": ""balanced"", ""max_depth"": 3, ""max_features"": 0.3, ""min_samples_leaf"": 3}"
0,4,209,1,0.5348076895725327,0.6808949019222742,0.04821752046215395,"{""class_weight"": ""balanced"", ""max_depth"": 3, ""max_features"": 0.3, ""min_samples_leaf"": 3}"
0,4,214,0,0.7255506089330743,0.8915252098255222,0.022205965509992907,"{""class_weight"": ""balanced"", ""max_depth"": 3, ""max_features"": 0.3, ""min_samples_leaf"": 3}"
0,4,216,0,0.49129329026482726,0.5166981681147029,0.05744925434829127,"{""class_weight"": ""balanced"", ""max_depth"": 3, ""max_features"": 0.3, ""min_samples_leaf"": 3}"
0,4,217,0,0.32537360395331133,0.2976398808190517,0.08680036662496368,"{""class_weight"": ""balanced"", ""max_depth"": 3, ""max_features"": 0.3, ""min_samples_leaf"": 3}"
0,4,221,1,0.4765431909008129,0.563274955167689,0.08229345287097321,"{""class_weight"": ""balanced"", ""max_depth"": 3, ""max_features"": 0.3, ""min_samples_leaf"": 3}"
0,4,226,1,0.6211801323078906,0.7601553597692018,0.038644533095579116,"{""class_weight"": ""balanced"", ""max_depth"": 3, ""max_features"": 0.3, ""min_samples_leaf"": 3}"
0,4,228,1,0.49538552759546606,0.5663618841695782,0.08569851232943292,"{""class_weight"": ""balanced"", ""max_depth"": 3, ""max_features"": 0.3, ""min_samples_leaf"": 3}"
0,4,229,1,0.44650861579903317,0.511026224160468,0.12122808981718704,"{""class_weight"": ""balanced"", ""max_depth"": 3, ""max_features"": 0.3, ""min_samples_leaf"": 3}"
0,4,237,1,0.6242189751768531,0.7196639923278323,0.07638021260487904,"{""class_weight"": ""balanced"", ""max_depth"": 3, ""max_features"": 0.3, ""min_samples_leaf"": 3}"
0,4,244,1,0.28508084752441026,0.26248301011513475,0.04684116084836413,"{""class_weight"": ""balanced"", ""max_depth"": 3, ""max_features"": 0.3, ""min_samples_leaf"": 3}"
0,4,248,1,0.7832033949890441,0.9048326979002843,0.025947668466840563,"{""class_weight"": ""balanced"", ""max_depth"": 3, ""max_features"": 0.3, ""min_samples_leaf"": 3}"
0,4,249,1,0.7049763806038254,0.8724184066102396,0.01642283632668276,"{""class_weight"": ""balanced"", ""max_depth"": 3, ""max_features"": 0.3, ""min_samples_leaf"": 3}"
0,4,252,1,0.6526882299872606,0.8157399722517951,0.018333552295644772,"{""class_weight"": ""balanced"", ""max_depth"": 3, ""max_features"": 0.3, ""min_samples_leaf"": 3}"
0,4,254,0,0.5086008476692845,0.5943748070685778,0.10032221953807657,"{""class_weight"": ""balanced"", ""max_depth"": 3, ""max_features"": 0.3, ""min_samples_leaf"": 3}"
0,4,255,0,0.2207234621126777,0.15553174331847108,0.06457147456014678,"{""class_weight"": ""balanced"", ""max_depth"": 3, ""max_features"": 0.3, ""min_samples_leaf"": 3}"
0,4,258,0,0.2451477461654163,0.1734881897034224,0.05636658838214472,"{""class_weight"": ""balanced"", ""max_depth"": 3, ""max_features"": 0.3, ""min_samples_leaf"": 3}"
0,4,259,1,0.5212666142746595,0.5988834107557439,0.07918196308904586,"{""class_weight"": ""balanced"", ""max_depth"": 3, ""max_features"": 0.3, ""min_samples_leaf"": 3}"
0,4,265,0,0.551288709709266,0.6959115075294566,0.058351033446213965,"{""class_weight"": ""balanced"", ""max_depth"": 3, ""max_features"": 0.3, ""min_samples_leaf"": 3}"
0,4,268,0,0.5489259007694645,0.5637937126795067,0.0734527353422132,"{""class_weight"": ""balanced"", ""max_depth"": 3, ""max_features"": 0.3, ""min_samples_leaf"": 3}"
0,4,274,1,0.8343788627993753,0.94396576164138,0.01871593849347655,"{""class_weight"": ""balanced"", ""max_depth"": 3, ""max_features"": 0.3, ""min_samples_leaf"": 3}"
0,4,284,0,0.38424885308750245,0.38860083876213736,0.04614720265863058,"{""class_weight"": ""balanced"", ""max_depth"": 3, ""max_features"": 0.3, ""min_samples_leaf"": 3}"
0,4,288,0,0.3577727077954355,0.3084777370156887,0.07919512316907708,"{""class_weight"": ""balanced"", ""max_depth"": 3, ""max_features"": 0.3, ""min_samples_leaf"": 3}"
0,4,293,0,0.28134272669232885,0.19827519580469144,0.0714241720167728,"{""class_weight"": ""balanced"", ""max_depth"": 3, ""max_features"": 0.3, ""min_samples_leaf"": 3}"
0,4,296,0,0.2529726942556476,0.18876620586855392,0.06534373977793664,"{""class_weight"": ""balanced"", ""max_depth"": 3, ""max_features"": 0.3, ""min_samples_leaf"": 3}"
0,4,299,0,0.34679391640175683,0.34462698770385586,0.08715236916668327,"{""class_weight"": ""balanced"", ""max_depth"": 3, ""max_features"": 0.3, ""min_samples_leaf"": 3}"
0,4,300,0,0.20172911890470996,0.12877410597282027,0.05674222396125671,"{""class_weight"": ""balanced"", ""max_depth"": 3, ""max_features"": 0.3, ""min_samples_leaf"": 3}"
1,0,4,0,0.4134644719270633,0.2944674413966156,0.1082549530499207,"{""class_weight"": null, ""max_depth"": 6, ""max_features"": ""sqrt"", ""min_samples_leaf"": 7}"
1,0,8,0,0.29396213199078447,0.14526942050202418,0.074542644614243,"{""class_weight"": null, ""max_depth"": 6, ""max_features"": ""sqrt"", ""min_samples_leaf"": 7}"
1,0,13,1,0.5884426103689271,0.648908538627324,0.04978653143754842,"{""class_weight"": null, ""max_depth"": 6, ""max_features"": ""sqrt"", ""min_samples_leaf"": 7}"
1,0,14,1,0.4316228086743384,0.36135014261488096,0.12103591449872984,"{""class_weight"": null, ""max_depth"": 6, ""max_features"": ""sqrt"", ""min_samples_leaf"": 7}"
1,0,21,1,0.6570663442543819,0.7098262491570354,0.07487977404851082,"{""class_weight"": null, ""max_depth"": 6, ""max_features"": ""sqrt"", ""min_samples_leaf"": 7}"
1,0,25,1,0.8572424739847836,0.9297728490243469,0.028949789016479096,"{""class_weight"": null, ""max_depth"": 6, ""max_features"": ""sqrt"", ""min_samples_leaf"": 7}"
1,0,32,1,0.7015627322426946,0.7313302016377655,0.09808756267202257,"{""class_weight"": null, ""max_depth"": 6, ""max_features"": ""sqrt"", ""min_samples_leaf"": 7}"
1,0,37,1,0.5639631257209017,0.5005765222247404,0.07983490481031161,"{""class_weight"": null, ""max_depth"": 6, ""max_features"": ""sqrt"", ""min_samples_leaf"": 7}"
1,0,55,1,0.8095922344266558,0.9043569790266573,0.03689501920498925,"{""class_weight"": null, ""max_depth"": 6, ""max_features"": ""sqrt"", ""min_samples_leaf"": 7}"
1,0,56,1,0.5988130535777854,0.6396225814596539,0.11121460319698726,"{""class_weight"": null, ""max_depth"": 6, ""max_features"": ""sqrt"", ""min_samples_leaf"": 7}"
1,0,70,0,0.19186331540483048,0.0826927898899074,0.04699399829985675,"{""class_weight"": null, ""max_depth"": 6, ""max_features"": ""sqrt"", ""min_samples_leaf"": 7}"
1,0,71,1,0.7762250646517582,0.8895740741158116,0.0428870299453778,"{""class_weight"": null, ""max_depth"": 6, ""max_features"": ""sqrt"", ""min_samples_leaf"": 7}"
1,0,73,0,0.5763938029337987,0.5839116783229278,0.0800545444522831,"{""class_weight"": null, ""max_depth"": 6, ""max_features"": ""sqrt"", ""min_samples_leaf"": 7}"
1,0,84,0,0.7549109349508301,0.8315438269746835,0.031243571098628957,"{""class_weight"": null, ""max_depth"": 6, ""max_features"": ""sqrt"", ""min_samples_leaf"": 7}"
1,0,91,0,0.3047434038316967,0.18162941956634246,0.07943285746361754,"{""class_weight"": null, ""max_depth"": 6, ""max_features"": ""sqrt"", ""min_samples_leaf"": 7}"
1,0,94,1,0.7517756829365635,0.8611487079294957,0.05224626002702889,"{""class_weight"": null, ""max_depth"": 6, ""max_features"": ""sqrt"", ""min_samples_leaf"": 7}"
1,0,108,0,0.29745274992838794,0.1268449377647502,0.04803169516660993,"{""class_weight"": null, ""max_depth"": 6, ""max_features"": ""sqrt"", ""min_samples_leaf"": 7}"
1,0,122,0,0.6121229495337349,0.6078292246811798,0.048211312532568495,"{""class_weight"": null, ""max_depth"": 6, ""max_features"": ""sqrt"", ""min_samples_leaf"": 7}"
1,0,127,1,0.7963765950574204,0.8964889632177645,0.03467264760497353,"{""class_weight"": null, ""max_depth"": 6, ""max_features"": ""sqrt"", ""min_samples_leaf"": 7}"
1,0,130,0,0.36000161815917,0.20278018570602213,0.03475554249924578,"{""class_weight"": null, ""max_depth"": 6, ""max_features"": ""sqrt"", ""min_samples_leaf"": 7}"
1,0,131,1,0.8578799405448675,0.9337861358345709,0.02000049425138363,"{""class_weight"": null, ""max_depth"": 6, ""max_features"": ""sqrt"", ""min_samples_leaf"": 7}"
1,0,132,1,0.8291737382953973,0.9012588462687402,0.037346772067805,"{""class_weight"": null, ""max_depth"": 6, ""max_features"": ""sqrt"", ""min_samples_leaf"": 7}"
1,0,133,0,0.5128333289254129,0.4400899778425177,0.06353597542305797,"{""class_weight"": null, ""max_depth"": 6, ""max_features"": ""sqrt"", ""min_samples_leaf"": 7}"
1,0,138,1,0.6921472834552779,0.7790758592317422,0.03441080969273742,"{""class_weight"": null, ""max_depth"": 6, ""max_features"": ""sqrt"", ""min_samples_leaf"": 7}"
1,0,140,1,0.7477439188047594,0.8291942660236471,0.04381454429686232,"{""class_weight"": null, ""max_depth"": 6, ""max_features"": ""sqrt"", ""min_samples_leaf"": 7}"
1,0,142,1,0.3763010355499199,0.2760768491371233,0.09516477389158223,"{""class_weight"": null, ""max_depth"": 6, ""max_features"": ""sqrt"", ""min_samples_leaf"": 7}"
1,0,145,0,0.598461504124366,0.6871197701735605,0.05593435147827795,"{""class_weight"": null, ""max_depth"": 6, ""max_features"": ""sqrt"", ""min_samples_leaf"": 7}"
1,0,146,1,0.8629531505150951,0.9306234565757607,0.02521854862098001,"{""class_weight"": null, ""max_depth"": 6, ""max_features"": ""sqrt"", ""min_samples_leaf"": 7}"
1,0,152,1,0.4850912962850188,0.367193601074822,0.12201913852998006,"{""class_weight"": null, ""max_depth"": 6, ""max_features"": ""sqrt"", ""min_samples_leaf"": 7}"
1,0,162,1,0.7188958876653786,0.8301453192403505,0.04537783156017165,"{""class_weight"": null, ""max_depth"": 6, ""max_features"": ""sqrt"", ""min_samples_leaf"": 7}"
1,0,166,0,0.2852353729163636,0.14380407259441655,0.09124929120534221,"{""class_weight"": null, ""max_depth"": 6, ""max_features"": ""sqrt"", ""min_samples_leaf"": 7}"
1,0,171,1,0.6481283745934111,0.6769469780436801,0.037705384517776996,"{""class_weight"": null, ""max_depth"": 6, ""max_features"": ""sqrt"", ""min_samples_leaf"": 7}"
1,0,176,1,0.3367424456572809,0.20249510531147558,0.027927242673105573,"{""class_weight"": null, ""max_depth"": 6, ""max_features"": ""sqrt"", ""min_samples_leaf"": 7}"
1,0,179,0,0.3145890699115285,0.15212352645259047,0.059576003853136904,"{""class_weight"": null, ""max_depth"": 6, ""max_features"": ""sqrt"", ""min_samples_leaf"": 7}"
1,0,180,1,0.42252966811210385,0.3035305508462961,0.06571103888419647,"{""class_weight"": null, ""max_depth"": 6, ""max_features"": ""sqrt"", ""min_samples_leaf"": 7}"
1,0,194,0,0.316610764600106,0.1436983887853442,0.07198745059132818,"{""class_weight"": null, ""max_depth"": 6, ""max_features"": ""sqrt"", ""min_samples_leaf"": 7}"
1,0,200,1,0.676566831239973,0.7448309462452688,0.0776081937065341,"{""class_weight"": null, ""max_depth"": 6, ""max_features"": ""sqrt"", ""min_samples_leaf"": 7}"
1,0,202,1,0.7413915724180491,0.8706227147346791,0.028585107305483692,"{""class_weight"": null, ""max_depth"": 6, ""max_features"": ""sqrt"", ""min_samples_leaf"": 7}"
1,0,203,0,0.33693830765094157,0.2123122767677371,0.06544977802901197,"{""class_weight"": null, ""max_depth"": 6, ""max_features"": ""sqrt"", ""min_samples_leaf"": 7}"
1,0,212,0,0.17186860600335366,0.06988189115192497,0.04121968214104925,"{""class_weight"": null, ""max_depth"": 6, ""max_features"": ""sqrt"", ""min_samples_leaf"": 7}"
1,0,220,1,0.6452536095171002,0.6869708577683574,0.07420592549527699,"{""class_weight"": null, ""max_depth"": 6, ""max_features"": ""sqrt"", ""min_samples_leaf"": 7}"
1,0,224,1,0.7612511428204644,0.8938047293836131,0.036467850886037594,"{""class_weight"": null, ""max_depth"": 6, ""max_features"": ""sqrt"", ""min_samples_leaf"": 7}"
1,0,225,0,0.5364556111370262,0.5214393467145074,0.03387401879863351,"{""class_weight"": null, ""max_depth"": 6, ""max_features"": ""sqrt"", ""min_samples_leaf"": 7}"
1,0,228,1,0.5764523431593598,0.5666911962232698,0.10587042743371462,"{""class_weight"": null, ""max_depth"": 6, ""max_features"": ""sqrt"", ""min_samples_leaf"": 7}"
1,0,230,1,0.8283597120311003,0.908514333806249,0.03065847821018473,"{""class_weight"": null, ""max_depth"": 6, ""max_features"": ""sqrt"", ""min_samples_leaf"": 7}"
1,0,232,1,0.7321326198166791,0.8435422982434855,0.037505346589831574,"{""class_weight"": null, ""max_depth"": 6, ""max_features"": ""sqrt"", ""min_samples_leaf"": 7}"
1,0,238,1,0.3117667574565511,0.12737717364722662,0.05637906570185384,"{""class_weight"": null, ""max_depth"": 6, ""max_features"": ""sqrt"", ""min_samples_leaf"": 7}"
1,0,240,1,0.8629036246178454,0.9357593197390788,0.022301820612153776,"{""class_weight"": null, ""max_depth"": 6, ""max_features"": ""sqrt"", ""min_samples_leaf"": 7}"
1,0,244,1,0.3528493792909568,0.24735931797591534,0.12493005277442487,"{""class_weight"": null, ""max_depth"": 6, ""max_features"": ""sqrt"", ""min_samples_leaf"": 7}"
1,0,245,1,0.519320334147991,0.4717791634560399,0.048604936829689395,"{""class_weight"": null, ""max_depth"": 6, ""max_features"": ""sqrt"", ""min_samples_leaf"": 7}"
1,0,251,1,0.44331371979393047,0.34415544026705025,0.04586627800545061,"{""class_weight"": null, ""max_depth"": 6, ""max_features"": ""sqrt"", ""min_samples_leaf"": 7}"
1,0,270,0,0.19814914559706828,0.0763125176205017,0.046355924955228306,"{""class_weight"": null, ""max_depth"": 6, ""max_features"": ""sqrt"", ""min_samples_leaf"": 7}"
1,0,275,1,0.7687685288436937,0.8442085457559305,0.06057912036726278,"{""class_weight"": null, ""max_depth"": 6, ""max_features"": ""sqrt"", ""min_samples_leaf"": 7}"
1,0,281,1,0.45649533048038543,0.3725593762525331,0.15476083061734375,"{""class_weight"": null, ""max_depth"": 6, ""max_features"": ""sqrt"", ""min_samples_leaf"": 7}"
1,0,282,0,0.7317920216373159,0.7876604509811578,0.025668996920683612,"{""class_weight"": null, ""max_depth"": 6, ""max_features"": ""sqrt"", ""min_samples_leaf"": 7}"
1,0,284,0,0.5219366598203233,0.469948771151288,0.06975638387157723,"{""class_weight"": null, ""max_depth"": 6, ""max_features"": ""sqrt"", ""min_samples_leaf"": 7}"
1,0,285,0,0.30141185808776594,0.12164593006456437,0.059599059048111636,"{""class_weight"": null, ""max_depth"": 6, ""max_features"": ""sqrt"", ""min_samples_leaf"": 7}"
1,0,286,0,0.3681438227826641,0.2604639250097101,0.09444168262582764,"{""class_weight"": null, ""max_depth"": 6, ""max_features"": ""sqrt"", ""min_samples_leaf"": 7}"
1,0,289,0,0.3459319631924785,0.21184327010941542,0.09398023052664384,"{""class_weight"": null, ""max_depth"": 6, ""max_features"": ""sqrt"", ""min_samples_leaf"": 7}"
1,0,292,0,0.47239015757502406,0.41083269090112295,0.13052750810747824,"{""class_weight"": null, ""max_depth"": 6, ""max_features"": ""sqrt"", ""min_samples_leaf"": 7}"
1,0,293,0,0.33102941143507714,0.15836677078740163,0.049601787182553786,"{""class_weight"": null, ""max_depth"": 6, ""max_features"": ""sqrt"", ""min_samples_leaf"": 7}"
1,1,5,1,0.7134607649270956,0.7707272269155552,0.1149712241877163,"{""class_weight"": ""balanced"", ""max_depth"": 5, ""max_features"": 0.5, ""min_samples_leaf"": 8}"
1,1,16,0,0.20906824516152625,0.24505903728829823,0.04353026158796892,"{""class_weight"": ""balanced"", ""max_depth"": 5, ""max_features"": 0.5, ""min_samples_leaf"": 8}"
1,1,18,1,0.5830410670894783,0.6669327664762147,0.0390660996581584,"{""class_weight"": ""balanced"", ""max_depth"": 5, ""max_features"": 0.5, ""min_samples_leaf"": 8}"
1,1,19,0,0.7174061340398448,0.8063740381422557,0.06997503412248529,"{""class_weight"": ""balanced"", ""max_depth"": 5, ""max_features"": 0.5, ""min_samples_leaf"": 8}"
1,1,29,0,0.8204369451271789,0.8483291155886448,0.07137690437571667,"{""class_weight"": ""balanced"", ""max_depth"": 5, ""max_features"": 0.5, ""min_samples_leaf"": 8}"
1,1,31,0,0.6497032284341838,0.7550680448114437,0.09160006017857004,"{""class_weight"": ""balanced"", ""max_depth"": 5, ""max_features"": 0.5, ""min_samples_leaf"": 8}"
1,1,44,0,0.44106288668312793,0.5692056866480868,0.08481720532943691,"{""class_weight"": ""balanced"", ""max_depth"": 5, ""max_features"": 0.5, ""min_samples_leaf"": 8}"
1,1,45,1,0.8745445417004752,0.8998814712278685,0.056498989628739046,"{""class_weight"": ""balanced"", ""max_depth"": 5, ""max_features"": 0.5, ""min_samples_leaf"": 8}"
1,1,51,1,0.7621684149980553,0.8101027012820312,0.06893326186050887,"{""class_weight"": ""balanced"", ""max_depth"": 5, ""max_features"": 0.5, ""min_samples_leaf"": 8}"
1,1,59,1,0.9336871118608421,0.9173773826993867,0.04572389939565868,"{""class_weight"": ""balanced"", ""max_depth"": 5, ""max_features"": 0.5, ""min_samples_leaf"": 8}"
1,1,65,0,0.6163366889693329,0.7059750491201824,0.10955082577074124,"{""class_weight"": ""balanced"", ""max_depth"": 5, ""max_features"": 0.5, ""min_samples_leaf"": 8}"
1,1,66,1,0.8679536903383707,0.8954498997631255,0.04781338427833649,"{""class_weight"": ""balanced"", ""max_depth"": 5, ""max_features"": 0.5, ""min_samples_leaf"": 8}"
1,1,72,1,0.7418752026719047,0.8030010046320035,0.05550267312197796,"{""class_weight"": ""balanced"", ""max_depth"": 5, ""max_features"": 0.5, ""min_samples_leaf"": 8}"
1,1,74,1,0.8836940171529005,0.9093188273886375,0.04485103005684647,"{""class_weight"": ""balanced"", ""max_depth"": 5, ""max_features"": 0.5, ""min_samples_leaf"": 8}"
1,1,78,1,0.798748685064867,0.8522551776490846,0.06922821636460319,"{""class_weight"": ""balanced"", ""max_depth"": 5, ""max_features"": 0.5, ""min_samples_leaf"": 8}"
1,1,83,1,0.6053034043109395,0.6761542844311256,0.06990644304612066,"{""class_weight"": ""balanced"", ""max_depth"": 5, ""max_features"": 0.5, ""min_samples_leaf"": 8}"
1,1,90,0,0.574564479737412,0.6760190644114554,0.08533797372195889,"{""class_weight"": ""balanced"", ""max_depth"": 5, ""max_features"": 0.5, ""min_samples_leaf"": 8}"
1,1,96,1,0.8852982932297848,0.8893709686979128,0.055156767302782204,"{""class_weight"": ""balanced"", ""max_depth"": 5, ""max_features"": 0.5, ""min_samples_leaf"": 8}"
1,1,98,1,0.8319354547901151,0.8910545840549142,0.05088058149990551,"{""class_weight"": ""balanced"", ""max_depth"": 5, ""max_features"": 0.5, ""min_samples_leaf"": 8}"
1,1,102,0,0.15521572572235795,0.1721099500475189,0.04684154722628772,"{""class_weight"": ""balanced"", ""max_depth"": 5, ""max_features"": 0.5, ""min_samples_leaf"": 8}"
1,1,106,1,0.694399851532923,0.7938757272810346,0.07171013298272748,"{""class_weight"": ""balanced"", ""max_depth"": 5, ""max_features"": 0.5, ""min_samples_leaf"": 8}"
1,1,117,1,0.70293949701483,0.8041357371097456,0.041582984474825384,"{""class_weight"": ""balanced"", ""max_depth"": 5, ""max_features"": 0.5, ""min_samples_leaf"": 8}"
1,1,124,1,0.6227217150899538,0.66724561718508,0.08056633572707332,"{""class_weight"": ""balanced"", ""max_depth"": 5, ""max_features"": 0.5, ""min_samples_leaf"": 8}"
1,1,135,1,0.47961509682694925,0.5694516617646311,0.07232782920604608,"{""class_weight"": ""balanced"", ""max_depth"": 5, ""max_features"": 0.5, ""min_samples_leaf"": 8}"
1,1,136,0,0.13374684078258917,0.18547914787201136,0.03551517830952778,"{""class_weight"": ""balanced"", ""max_depth"": 5, ""max_features"": 0.5, ""min_samples_leaf"": 8}"
1,1,137,0,0.1977360355225412,0.20994726306714379,0.06708614179207005,"{""class_weight"": ""balanced"", ""max_depth"": 5, ""max_features"": 0.5, ""min_samples_leaf"": 8}"
1,1,139,1,0.7428416056144982,0.846254387907497,0.05368479162232518,"{""class_weight"": ""balanced"", ""max_depth"": 5, ""max_features"": 0.5, ""min_samples_leaf"": 8}"
1,1,141,1,0.7624948246751238,0.8422714793783497,0.04962323976631867,"{""class_weight"": ""balanced"", ""max_depth"": 5, ""max_features"": 0.5, ""min_samples_leaf"": 8}"
1,1,144,1,0.7661854426506862,0.8334591383836685,0.1016875590353723,"{""class_weight"": ""balanced"", ""max_depth"": 5, ""max_features"": 0.5, ""min_samples_leaf"": 8}"
1,1,149,1,0.7005385264881616,0.8138992981758376,0.08757224986794368,"{""class_weight"": ""balanced"", ""max_depth"": 5, ""max_features"": 0.5, ""min_samples_leaf"": 8}"
1,1,155,1,0.7809213823757566,0.8577039256152738,0.04539553563758698,"{""class_weight"": ""balanced"", ""max_depth"": 5, ""max_features"": 0.5, ""min_samples_leaf"": 8}"
1,1,157,1,0.6223726750117645,0.6791206252728731,0.07153529602354461,"{""class_weight"": ""balanced"", ""max_depth"": 5, ""max_features"": 0.5, ""min_samples_leaf"": 8}"
1,1,158,0,0.5649435659759157,0.6411879460016415,0.07403937006814695,"{""class_weight"": ""balanced"", ""max_depth"": 5, ""max_features"": 0.5, ""min_samples_leaf"": 8}"
1,1,161,1,0.802347034325767,0.8635401926530634,0.04356376148993684,"{""class_weight"": ""balanced"", ""max_depth"": 5, ""max_features"": 0.5, ""min_samples_leaf"": 8}"
1,1,170,0,0.22657080023555162,0.22223874414834044,0.06657531947165263,"{""class_weight"": ""balanced"", ""max_depth"": 5, ""max_features"": 0.5, ""min_samples_leaf"": 8}"
1,1,174,1,0.8376912807312699,0.8932196015607883,0.0467707960347509,"{""class_weight"": ""balanced"", ""max_depth"": 5, ""max_features"": 0.5, ""min_samples_leaf"": 8}"
1,1,178,1,0.5127945205375739,0.6381132776144505,0.07308770344695026,"{""class_weight"": ""balanced"", ""max_depth"": 5, ""max_features"": 0.5, ""min_samples_leaf"": 8}"
1,1,185,0,0.5301523315790516,0.5848265838030636,0.08407629884666167,"{""class_weight"": ""balanced"", ""max_depth"": 5, ""max_features"": 0.5, ""min_samples_leaf"": 8}"
1,1,189,1,0.7162979332781049,0.8012868019198672,0.0437147731201844,"{""class_weight"": ""balanced"", ""max_depth"": 5, ""max_features"": 0.5, ""min_samples_leaf"": 8}"
1,1,191,1,0.8408670097456653,0.8847703491899658,0.05745148280517806,"{""class_weight"": ""balanced"", ""max_depth"": 5, ""max_features"": 0.5, ""min_samples_leaf"": 8}"
1,1,195,0,0.7290574032495951,0.8065661468653584,0.046872697172462875,"{""class_weight"": ""balanced"", ""max_depth"": 5, ""max_features"": 0.5, ""min_samples_leaf"": 8}"
1,1,207,1,0.6588897057281677,0.7219945395679972,0.08658906038100636,"{""class_weight"": ""balanced"", ""max_depth"": 5, ""max_features"": 0.5, ""min_samples_leaf"": 8}"
1,1,210,0,0.13834751567709758,0.15685542659537807,0.04713421160042545,"{""class_weight"": ""balanced"", ""max_depth"": 5, ""max_features"": 0.5, ""min_samples_leaf"": 8}"
1,1,217,0,0.19934665451768724,0.2548924140501172,0.05179948814457916,"{""class_weight"": ""balanced"", ""max_depth"": 5, ""max_features"": 0.5, ""min_samples_leaf"": 8}"
1,1,221,1,0.3221042840251844,0.4174512655201451,0.04431972898678466,"{""class_weight"": ""balanced"", ""max_depth"": 5, ""max_features"": 0.5, ""min_samples_leaf"": 8}"
1,1,227,1,0.7008760766049926,0.7709022584969423,0.10672914375285057,"{""class_weight"": ""balanced"", ""max_depth"": 5, ""max_features"": 0.5, ""min_samples_leaf"": 8}"
1,1,229,1,0.6917442522895543,0.8067721551816479,0.08351910061389493,"{""class_weight"": ""balanced"", ""max_depth"": 5, ""max_features"": 0.5, ""min_samples_leaf"": 8}"
1,1,231,0,0.8687758726118191,0.8951307757189297,0.04998608181244012,"{""class_weight"": ""balanced"", ""max_depth"": 5, ""max_features"": 0.5, ""min_samples_leaf"": 8}"
1,1,233,0,0.25534534477543425,0.28100564186708576,0.04314271375057495,"{""class_weight"": ""balanced"", ""max_depth"": 5, ""max_features"": 0.5, ""min_samples_leaf"": 8}"
1,1,236,1,0.6141127649768544,0.6898591113203982,0.07826074949017728,"{""class_weight"": ""balanced"", ""max_depth"": 5, ""max_features"": 0.5, ""min_samples_leaf"": 8}"
1,1,246,1,0.7967285319010639,0.8685795316919986,0.040814666681158344,"{""class_weight"": ""balanced"", ""max_depth"": 5, ""max_features"": 0.5, ""min_samples_leaf"": 8}"
1,1,247,0,0.12373305776386438,0.17802320752938852,0.036613036337759586,"{""class_weight"": ""balanced"", ""max_depth"": 5, ""max_features"": 0.5, ""min_samples_leaf"": 8}"
1,1,249,1,0.7519702784953485,0.83227152809996,0.08762351632259151,"{""class_weight"": ""balanced"", ""max_depth"": 5, ""max_features"": 0.5, ""min_samples_leaf"": 8}"
1,1,258,0,0.13784599845840637,0.20809614522694458,0.0523795494184856,"{""class_weight"": ""balanced"", ""max_depth"": 5, ""max_features"": 0.5, ""min_samples_leaf"": 8}"
1,1,265,0,0.7395187173596821,0.8176402163677405,0.09730679811244503,"{""class_weight"": ""balanced"", ""max_depth"": 5, ""max_features"": 0.5, ""min_samples_leaf"": 8}"
1,1,266,0,0.6657950433216878,0.7650449109236748,0.05560045304060386,"{""class_weight"": ""balanced"", ""max_depth"": 5, ""max_features"": 0.5, ""min_samples_leaf"": 8}"
1,1,268,0,0.5204116852363706,0.568188633109509,0.07218134155140078,"{""class_weight"": ""balanced"", ""max_depth"": 5, ""max_features"": 0.5, ""min_samples_leaf"": 8}"
1,1,274,1,0.8834544105780484,0.908241947170682,0.042075820330185705,"{""class_weight"": ""balanced"", ""max_depth"": 5, ""max_features"": 0.5, ""min_samples_leaf"": 8}"
1,1,279,0,0.6323968761375629,0.7123992831435773,0.10769983917807661,"{""class_weight"": ""balanced"", ""max_depth"": 5, ""max_features"": 0.5, ""min_samples_leaf"": 8}"
1,1,294,1,0.4434652927217122,0.522885609483677,0.06539340032025363,"{""class_weight"": ""balanced"", ""max_depth"": 5, ""max_features"": 0.5, ""min_samples_leaf"": 8}"
1,1,297,0,0.47801431720028403,0.4961480180232882,0.05543298642259708,"{""class_weight"": ""balanced"", ""max_depth"": 5, ""max_features"": 0.5, ""min_samples_leaf"": 8}"
1,2,0,1,0.40748649036149037,0.3099139039450007,0.1182908646846248,"{""class_weight"": null, ""max_depth"": null, ""max_features"": ""sqrt"", ""min_samples_leaf"": 4}"
1,2,6,1,0.7266252728752728,0.7683133964960864,0.11274445853985904,"{""class_weight"": null, ""max_depth"": null, ""max_features"": ""sqrt"", ""min_samples_leaf"": 4}"
1,2,12,1,0.7122308386058382,0.8118712259059123,0.07607639309346344,"{""class_weight"": null, ""max_depth"": null, ""max_features"": ""sqrt"", ""min_samples_leaf"": 4}"
1,2,23,1,0.8032245140480434,0.8516968201538843,0.06864167348650918,"{""class_weight"": null, ""max_depth"": null, ""max_features"": ""sqrt"", ""min_samples_leaf"": 4}"
1,2,24,1,0.5923947441447439,0.6425968415886876,0.09418956621198515,"{""class_weight"": null, ""max_depth"": null, ""max_features"": ""sqrt"", ""min_samples_leaf"": 4}"
1,2,28,1,0.8202789014104801,0.8687508806719254,0.06359555537629817,"{""class_weight"": null, ""max_depth"": null, ""max_features"": ""sqrt"", ""min_samples_leaf"": 4}"
1,2,30,1,0.714687987937988,0.7900671037982724,0.10662723538795235,"{""class_weight"": null, ""max_depth"": null, ""max_features"": ""sqrt"", ""min_samples_leaf"": 4}"
1,2,33,1,0.5532836839086838,0.544049333043926,0.11868519931986779,"{""class_weight"": null, ""max_depth"": null, ""max_features"": ""sqrt"", ""min_samples_leaf"": 4}"
1,2,34,1,0.7069177304177301,0.7822426570501335,0.0773176995875434,"{""class_weight"": null, ""max_depth"": null, ""max_features"": ""sqrt"", ""min_samples_leaf"": 4}"
1,2,35,0,0.2728305860805861,0.12578018776789726,0.10129119846177845,"{""class_weight"": null, ""max_depth"": null, ""max_features"": ""sqrt"", ""min_samples_leaf"": 4}"
1,2,39,1,0.7451268638768634,0.8186877449281159,0.08975016163938904,"{""class_weight"": null, ""max_depth"": null, ""max_features"": ""sqrt"", ""min_samples_leaf"": 4}"
1,2,40,1,0.748909854034854,0.8315506975391509,0.07595375650355798,"{""class_weight"": null, ""max_depth"": null, ""max_features"": ""sqrt"", ""min_samples_leaf"": 4}"
1,2,43,1,0.42033940133940145,0.31882227807628083,0.14103404563275357,"{""class_weight"": null, ""max_depth"": null, ""max_features"": ""sqrt"", ""min_samples_leaf"": 4}"
1,2,46,1,0.6081296250046249,0.6163958776357793,0.05838260163494918,"{""class_weight"": null, ""max_depth"": null, ""max_features"": ""sqrt"", ""min_samples_leaf"": 4}"
1,2,50,0,0.5190327820327826,0.4809957656787203,0.10354893854444323,"{""class_weight"": null, ""max_depth"": null, ""max_features"": ""sqrt"", ""min_samples_leaf"": 4}"
1,2,52,1,0.8819558867058868,0.9112729500112116,0.06616072968433923,"{""class_weight"": null, ""max_depth"": null, ""max_features"": ""sqrt"", ""min_samples_leaf"": 4}"
1,2,53,0,0.5183540909383012,0.47996173589024804,0.10657282672352274,"{""class_weight"": null, ""max_depth"": null, ""max_features"": ""sqrt"", ""min_samples_leaf"": 4}"
1,2,54,0,0.42288790566731727,0.402914179342125,0.09016955988000708,"{""class_weight"": null, ""max_depth"": null, ""max_features"": ""sqrt"", ""min_samples_leaf"": 4}"
1,2,57,1,0.7774464008214008,0.8637143568450794,0.07448650290948866,"{""class_weight"": null, ""max_depth"": null, ""max_features"": ""sqrt"", ""min_samples_leaf"": 4}"
1,2,64,0,0.32439712139712157,0.22681980805525556,0.11973429135716578,"{""class_weight"": null, ""max_depth"": null, ""max_features"": ""sqrt"", ""min_samples_leaf"": 4}"
1,2,68,0,0.2705741828977125,0.1630438554991684,0.12043829484659557,"{""class_weight"": null, ""max_depth"": null, ""max_features"": ""sqrt"", ""min_samples_leaf"": 4}"
1,2,77,0,0.5561793715543718,0.5709095826009187,0.16634069223332293,"{""class_weight"": null, ""max_depth"": null, ""max_features"": ""sqrt"", ""min_samples_leaf"": 4}"
1,2,86,1,0.6806637529137524,0.7113340216770346,0.059112480248237315,"{""class_weight"": null, ""max_depth"": null, ""max_features"": ""sqrt"", ""min_samples_leaf"": 4}"
1,2,93,1,0.7564928589928591,0.8200768298555422,0.06962563455982541,"{""class_weight"": null, ""max_depth"": null, ""max_features"": ""sqrt"", ""min_samples_leaf"": 4}"
1,2,95,1,0.8613309468309469,0.8844735129274218,0.07728529479215618,"{""class_weight"": null, ""max_depth"": null, ""max_features"": ""sqrt"", ""min_samples_leaf"": 4}"
1,2,97,1,0.6933699032449038,0.7698426834541943,0.09033323981494194,"{""class_weight"": null, ""max_depth"": null, ""max_features"": ""sqrt"", ""min_samples_leaf"": 4}"
1,2,99,1,0.609804676804677,0.6759536361682359,0.07821689771600437,"{""class_weight"": null, ""max_depth"": null, ""max_features"": ""sqrt"", ""min_samples_leaf"": 4}"
1,2,100,1,0.7151630352218591,0.7983434133812306,0.08889492327794699,"{""class_weight"": null, ""max_depth"": null, ""max_features"": ""sqrt"", ""min_samples_leaf"": 4}"
1,2,103,1,0.815607596107596,0.8702130198788378,0.07086614203406882,"{""class_weight"": null, ""max_depth"": null, ""max_features"": ""sqrt"", ""min_samples_leaf"": 4}"
1,2,104,0,0.5674429070929069,0.6279226121250808,0.15907988015954772,"{""class_weight"": null, ""max_depth"": null, ""max_features"": ""sqrt"", ""min_samples_leaf"": 4}"
1,2,105,1,0.6327742026492025,0.6835722720909118,0.05817283741597143,"{""class_weight"": null, ""max_depth"": null, ""max_features"": ""sqrt"", ""min_samples_leaf"": 4}"
1,2,111,1,0.698923562305141,0.7823310974469,0.10517159900903345,"{""class_weight"": null, ""max_depth"": null, ""max_features"": ""sqrt"", ""min_samples_leaf"": 4}"
1,2,112,0,0.7160368591103883,0.7577606417051532,0.10301147363660208,"{""class_weight"": null, ""max_depth"": null, ""max_features"": ""sqrt"", ""min_samples_leaf"": 4}"
1,2,114,1,0.8884804525539818,0.9115498116659904,0.054920205580087395,"{""class_weight"": null, ""max_depth"": null, ""max_features"": ""sqrt"", ""min_samples_leaf"": 4}"
1,2,118,1,0.6926006956006955,0.7532906963134485,0.08895328788510716,"{""class_weight"": null, ""max_depth"": null, ""max_features"": ""sqrt"", ""min_samples_leaf"": 4}"
1,2,121,0,0.6191982276982276,0.6958053684786213,0.12275145968866742,"{""class_weight"": null, ""max_depth"": null, ""max_features"": ""sqrt"", ""min_samples_leaf"": 4}"
1,2,128,1,0.6421792281792282,0.6893816918094424,0.09065626479512277,"{""class_weight"": null, ""max_depth"": null, ""max_features"": ""sqrt"", ""min_samples_leaf"": 4}"
1,2,150,0,0.4157948051948054,0.33221489952407224,0.14147784644136147,"{""class_weight"": null, ""max_depth"": null, ""max_features"": ""sqrt"", ""min_samples_leaf"": 4}"
1,2,153,0,0.4630060032560031,0.318231315706339,0.1035243005307239,"{""class_weight"": null, ""max_depth"": null, ""max_features"": ""sqrt"", ""min_samples_leaf"": 4}"
1,2,167,1,0.5862019027269024,0.5836709673708771,0.13597408311542525,"{""class_weight"": null, ""max_depth"": null, ""max_features"": ""sqrt"", ""min_samples_leaf"": 4}"
1,2,168,0,0.3692953805997924,0.2363905637824522,0.11672738489350357,"{""class_weight"": null, ""max_depth"": null, ""max_features"": ""sqrt"", ""min_samples_leaf"": 4}"
1,2,175,0,0.46252398989898985,0.4403923285235537,0.06510569367042397,"{""class_weight"": null, ""max_depth"": null, ""max_features"": ""sqrt"", ""min_samples_leaf"": 4}"
1,2,177,1,0.6845909692159693,0.8227160850572345,0.07896425644074914,"{""class_weight"": null, ""max_depth"": null, ""max_features"": ""sqrt"", ""min_samples_leaf"": 4}"
1,2,183,0,0.4802329059829061,0.4366534810545937,0.09963192211489795,"{""class_weight"": null, ""max_depth"": null, ""max_features"": ""sqrt"", ""min_samples_leaf"": 4}"
1,2,186,0,0.5514481787275907,0.6110895223570144,0.05221834538448739,"{""class_weight"": null, ""max_depth"": null, ""max_features"": ""sqrt"", ""min_samples_leaf"": 4}"
1,2,187,1,0.7737915695415694,0.8399220794201263,0.09594993388184656,"{""class_weight"": null, ""max_depth"": null, ""max_features"": ""sqrt"", ""min_samples_leaf"": 4}"
1,2,193,0,0.47393933571874763,0.4295984038459322,0.0680688955228802,"{""class_weight"": null, ""max_depth"": null, ""max_features"": ""sqrt"", ""min_samples_leaf"": 4}"
1,2,198,1,0.7585178155178153,0.8505815280155178,0.06139713091478563,"{""class_weight"": null, ""max_depth"": null, ""max_features"": ""sqrt"", ""min_samples_leaf"": 4}"
1,2,201,0,0.43272244204597154,0.3523935499390166,0.09556092778531605,"{""class_weight"": null, ""max_depth"": null, ""max_features"": ""sqrt"", ""min_samples_leaf"": 4}"
1,2,211,1,0.6640787213875448,0.7297575059935535,0.08163090627950122,"{""class_weight"": null, ""max_depth"": null, ""max_features"": ""sqrt"", ""min_samples_leaf"": 4}"
1,2,219,1,0.2878138580230686,0.1394575804520518,0.09500941914111667,"{""class_weight"": null, ""max_depth"": null, ""max_features"": ""sqrt"", ""min_samples_leaf"": 4}"
1,2,223,1,0.4334762367262368,0.37668900165401886,0.08688170800674468,"{""class_weight"": null, ""max_depth"": null, ""max_features"": ""sqrt"", ""min_samples_leaf"": 4}"
1,2,239,1,0.7740882635882634,0.8125167958151203,0.0699045476171438,"{""class_weight"": null, ""max_depth"": null, ""max_features"": ""sqrt"", ""min_samples_leaf"": 4}"
1,2,243,0,0.7306436618936617,0.8013231292152628,0.08864651795701273,"{""class_weight"": null, ""max_depth"": null, ""max_features"": ""sqrt"", ""min_samples_leaf"": 4}"
1,2,255,0,0.2861140226732332,0.1816075241307299,0.1229521928708363,"{""class_weight"": null, ""max_depth"": null, ""max_features"": ""sqrt"", ""min_samples_leaf"": 4}"
1,2,256,0,0.25648967698967695,0.14546137117345345,0.1008287521392863,"{""class_weight"": null, ""max_depth"": null, ""max_features"": ""sqrt"", ""min_samples_leaf"": 4}"
1,2,261,0,0.14412245220666273,0.101801649274788,0.0996718087002864,"{""class_weight"": null, ""max_depth"": null, ""max_features"": ""sqrt"", ""min_samples_leaf"": 4}"
1,2,263,0,0.27902297483218524,0.13865432884410173,0.11051796195999035,"{""class_weight"": null, ""max_depth"": null, ""max_features"": ""sqrt"", ""min_samples_leaf"": 4}"
1,2,291,0,0.44517538942538937,0.33037379044661186,0.0773767755476225,"{""class_weight"": null, ""max_depth"": null, ""max_features"": ""sqrt"", ""min_samples_leaf"": 4}"
1,2,296,0,0.31097813112813133,0.17088358185936914,0.12864131367364248,"{""class_weight"": null, ""max_depth"": null, ""max_features"": ""sqrt"", ""min_samples_leaf"": 4}"
1,2,300,0,0.24426205091205105,0.14244080323897887,0.10670203538315279,"{""class_weight"": null, ""max_depth"": null, ""max_features"": ""sqrt"", ""min_samples_leaf"": 4}"
1,3,1,1,0.8374215091368555,0.9456529921965549,0.05721094931559776,"{""class_weight"": ""balanced"", ""max_depth"": 5, ""max_features"": ""sqrt"", ""min_samples_leaf"": 2}"
1,3,2,1,0.8245547739115442,0.9231603236154861,0.07079856413219444,"{""class_weight"": ""balanced"", ""max_depth"": 5, ""max_features"": ""sqrt"", ""min_samples_leaf"": 2}"
1,3,9,0,0.6324680107854735,0.8125916799600328,0.07426563383758189,"{""class_weight"": ""balanced"", ""max_depth"": 5, ""max_features"": ""sqrt"", ""min_samples_leaf"": 2}"
1,3,10,1,0.489290709098438,0.5778914096129916,0.08703759540260537,"{""class_weight"": ""balanced"", ""max_depth"": 5, ""max_features"": ""sqrt"", ""min_samples_leaf"": 2}"
1,3,20,0,0.1825110007570374,0.09947674472910115,0.0489202436371269,"{""class_weight"": ""balanced"", ""max_depth"": 5, ""max_features"": ""sqrt"", ""min_samples_leaf"": 2}"
1,3,22,1,0.7148714256024449,0.8549432020726968,0.04512075391604494,"{""class_weight"": ""balanced"", ""max_depth"": 5, ""max_features"": ""sqrt"", ""min_samples_leaf"": 2}"
1,3,26,0,0.40652261860983735,0.31394471433562154,0.1663183520605875,"{""class_weight"": ""balanced"", ""max_depth"": 5, ""max_features"": ""sqrt"", ""min_samples_leaf"": 2}"
1,3,27,0,0.3165750595935719,0.2603276321802107,0.06904086207279005,"{""class_weight"": ""balanced"", ""max_depth"": 5, ""max_features"": ""sqrt"", ""min_samples_leaf"": 2}"
1,3,41,0,0.23279991575189263,0.13712488683883053,0.06478416895895267,"{""class_weight"": ""balanced"", ""max_depth"": 5, ""max_features"": ""sqrt"", ""min_samples_leaf"": 2}"
1,3,47,1,0.7740750225092665,0.9143301136765366,0.06593337555336401,"{""class_weight"": ""balanced"", ""max_depth"": 5, ""max_features"": ""sqrt"", ""min_samples_leaf"": 2}"
1,3,49,0,0.36077312422898267,0.31443457608078085,0.05483750622184778,"{""class_weight"": ""balanced"", ""max_depth"": 5, ""max_features"": ""sqrt"", ""min_samples_leaf"": 2}"
1,3,58,1,0.32510828406556075,0.2268276942154615,0.05706844869141778,"{""class_weight"": ""balanced"", ""max_depth"": 5, ""max_features"": ""sqrt"", ""min_samples_leaf"": 2}"
1,3,61,1,0.43264069328624505,0.4537569734605711,0.13493116995710938,"{""class_weight"": ""balanced"", ""max_depth"": 5, ""max_features"": ""sqrt"", ""min_samples_leaf"": 2}"
1,3,62,1,0.22148909751698512,0.11059030974084902,0.05858823272793671,"{""class_weight"": ""balanced"", ""max_depth"": 5, ""max_features"": ""sqrt"", ""min_samples_leaf"": 2}"
1,3,69,1,0.6177635775070738,0.7392175561820422,0.0600048359980958,"{""class_weight"": ""balanced"", ""max_depth"": 5, ""max_features"": ""sqrt"", ""min_samples_leaf"": 2}"
1,3,75,1,0.38039345526705,0.31721906224767754,0.06203451191345159,"{""class_weight"": ""balanced"", ""max_depth"": 5, ""max_features"": ""sqrt"", ""min_samples_leaf"": 2}"
1,3,81,1,0.8313401229166426,0.9405479639186346,0.05201757288933505,"{""class_weight"": ""balanced"", ""max_depth"": 5, ""max_features"": ""sqrt"", ""min_samples_leaf"": 2}"
1,3,85,0,0.4791472916802806,0.5108886340741614,0.05850536366735028,"{""class_weight"": ""balanced"", ""max_depth"": 5, ""max_features"": ""sqrt"", ""min_samples_leaf"": 2}"
1,3,89,1,0.7750817279207534,0.9131796024903951,0.039989837817479126,"{""class_weight"": ""balanced"", ""max_depth"": 5, ""max_features"": ""sqrt"", ""min_samples_leaf"": 2}"
1,3,101,1,0.7828902804053942,0.9187439623373681,0.05605600792532056,"{""class_weight"": ""balanced"", ""max_depth"": 5, ""max_features"": ""sqrt"", ""min_samples_leaf"": 2}"
1,3,110,0,0.2938819278433481,0.1922248431346476,0.05577120061267446,"{""class_weight"": ""balanced"", ""max_depth"": 5, ""max_features"": ""sqrt"", ""min_samples_leaf"": 2}"
1,3,113,0,0.12970381278265408,0.06952283990675848,0.05813283968873074,"{""class_weight"": ""balanced"", ""max_depth"": 5, ""max_features"": ""sqrt"", ""min_samples_leaf"": 2}"
1,3,119,1,0.6743483927508903,0.8022256219277214,0.09242658784864337,"{""class_weight"": ""balanced"", ""max_depth"": 5, ""max_features"": ""sqrt"", ""min_samples_leaf"": 2}"
1,3,125,1,0.48053450536871983,0.5549720506060103,0.07654569960390709,"{""class_weight"": ""balanced"", ""max_depth"": 5, ""max_features"": ""sqrt"", ""min_samples_leaf"": 2}"
1,3,126,1,0.7413857543884277,0.8800961096655382,0.06972872761878496,"{""class_weight"": ""balanced"", ""max_depth"": 5, ""max_features"": ""sqrt"", ""min_samples_leaf"": 2}"
1,3,143,0,0.08811511307010225,0.05540387564850173,0.05188639816699302,"{""class_weight"": ""balanced"", ""max_depth"": 5, ""max_features"": ""sqrt"", ""min_samples_leaf"": 2}"
1,3,148,1,0.475356676985521,0.5782283643431236,0.06998862524469572,"{""class_weight"": ""balanced"", ""max_depth"": 5, ""max_features"": ""sqrt"", ""min_samples_leaf"": 2}"
1,3,151,0,0.3606424776503329,0.28291631862949884,0.072678481635137,"{""class_weight"": ""balanced"", ""max_depth"": 5, ""max_features"": ""sqrt"", ""min_samples_leaf"": 2}"
1,3,154,0,0.6400005894466593,0.7809246056534674,0.07162288299589788,"{""class_weight"": ""balanced"", ""max_depth"": 5, ""max_features"": ""sqrt"", ""min_samples_leaf"": 2}"
1,3,160,0,0.6498566772423406,0.8189362378525888,0.05567275357478899,"{""class_weight"": ""balanced"", ""max_depth"": 5, ""max_features"": ""sqrt"", ""min_samples_leaf"": 2}"
1,3,164,1,0.7826177438603468,0.9374268337878091,0.04763578579387313,"{""class_weight"": ""balanced"", ""max_depth"": 5, ""max_features"": ""sqrt"", ""min_samples_leaf"": 2}"
1,3,172,1,0.5373229786108799,0.6591488192974297,0.1083911928907477,"{""class_weight"": ""balanced"", ""max_depth"": 5, ""max_features"": ""sqrt"", ""min_samples_leaf"": 2}"
1,3,181,1,0.6588640349268066,0.8399447891856104,0.051286304810552595,"{""class_weight"": ""balanced"", ""max_depth"": 5, ""max_features"": ""sqrt"", ""min_samples_leaf"": 2}"
1,3,184,1,0.6854018370984455,0.8613593234865787,0.0828263281739662,"{""class_weight"": ""balanced"", ""max_depth"": 5, ""max_features"": ""sqrt"", ""min_samples_leaf"": 2}"
1,3,188,1,0.3907227015611726,0.3728741930395813,0.08082676490941523,"{""class_weight"": ""balanced"", ""max_depth"": 5, ""max_features"": ""sqrt"", ""min_samples_leaf"": 2}"
1,3,196,0,0.2678805333984427,0.15632468900890034,0.07735727899640903,"{""class_weight"": ""balanced"", ""max_depth"": 5, ""max_features"": ""sqrt"", ""min_samples_leaf"": 2}"
1,3,197,1,0.812061906486058,0.9249011679606933,0.05703690079249788,"{""class_weight"": ""balanced"", ""max_depth"": 5, ""max_features"": ""sqrt"", ""min_samples_leaf"": 2}"
1,3,205,0,0.44899731504653884,0.41678593780660195,0.045154588391580125,"{""class_weight"": ""balanced"", ""max_depth"": 5, ""max_features"": ""sqrt"", ""min_samples_leaf"": 2}"
1,3,208,1,0.5123629298103913,0.5803006640263388,0.10932464937192249,"{""class_weight"": ""balanced"", ""max_depth"": 5, ""max_features"": ""sqrt"", ""min_samples_leaf"": 2}"
1,3,209,1,0.5935833433505001,0.7043936572255249,0.02438007261564651,"{""class_weight"": ""balanced"", ""max_depth"": 5, ""max_features"": ""sqrt"", ""min_samples_leaf"": 2}"
1,3,213,0,0.4490097541156519,0.49608852232250483,0.055085537134992264,"{""class_weight"": ""balanced"", ""max_depth"": 5, ""max_features"": ""sqrt"", ""min_samples_leaf"": 2}"
1,3,214,0,0.7533403253857948,0.9109435596529283,0.05400285963806336,"{""class_weight"": ""balanced"", ""max_depth"": 5, ""max_features"": ""sqrt"", ""min_samples_leaf"": 2}"
1,3,222,1,0.6876675126336974,0.8407376812370698,0.053994572964512884,"{""class_weight"": ""balanced"", ""max_depth"": 5, ""max_features"": ""sqrt"", ""min_samples_leaf"": 2}"
1,3,226,1,0.6480734909007383,0.7913032745106229,0.05591080956365816,"{""class_weight"": ""balanced"", ""max_depth"": 5, ""max_features"": ""sqrt"", ""min_samples_leaf"": 2}"
1,3,237,1,0.5059503133816263,0.6799329609194265,0.09396344012993246,"{""class_weight"": ""balanced"", ""max_depth"": 5, ""max_features"": ""sqrt"", ""min_samples_leaf"": 2}"
1,3,248,1,0.8473139886496766,0.9399077252666203,0.046103313502757565,"{""class_weight"": ""balanced"", ""max_depth"": 5, ""max_features"": ""sqrt"", ""min_samples_leaf"": 2}"
1,3,252,1,0.6040175825022576,0.7823074862980428,0.08027856458862923,"{""class_weight"": ""balanced"", ""max_depth"": 5, ""max_features"": ""sqrt"", ""min_samples_leaf"": 2}"
1,3,253,1,0.5101887922883659,0.6650236611630717,0.09458910007943161,"{""class_weight"": ""balanced"", ""max_depth"": 5, ""max_features"": ""sqrt"", ""min_samples_leaf"": 2}"
1,3,254,0,0.47381227516849567,0.5271675781561944,0.12798121010475721,"{""class_weight"": ""balanced"", ""max_depth"": 5, ""max_features"": ""sqrt"", ""min_samples_leaf"": 2}"
1,3,267,1,0.6415590784884858,0.8239299635763431,0.040149489302218004,"{""class_weight"": ""balanced"", ""max_depth"": 5, ""max_features"": ""sqrt"", ""min_samples_leaf"": 2}"
1,3,269,1,0.6975083893562641,0.8576971217687108,0.0695111270576181,"{""class_weight"": ""balanced"", ""max_depth"": 5, ""max_features"": ""sqrt"", ""min_samples_leaf"": 2}"
1,3,271,1,0.8506353313680357,0.9460939293849551,0.04732801081083241,"{""class_weight"": ""balanced"", ""max_depth"": 5, ""max_features"": ""sqrt"", ""min_samples_leaf"": 2}"
1,3,276,0,0.3221579672172708,0.2311267443260733,0.07699916571660027,"{""class_weight"": ""balanced"", ""max_depth"": 5, ""max_features"": ""sqrt"", ""min_samples_leaf"": 2}"
1,3,277,1,0.8200621028557121,0.9420878801248416,0.04300702190894281,"{""class_weight"": ""balanced"", ""max_depth"": 5, ""max_features"": ""sqrt"", ""min_samples_leaf"": 2}"
1,3,278,0,0.6074102199750661,0.8134367909501504,0.07133423600342689,"{""class_weight"": ""balanced"", ""max_depth"": 5, ""max_features"": ""sqrt"", ""min_samples_leaf"": 2}"
1,3,280,0,0.318461391308708,0.26816718157357305,0.11762886510719445,"{""class_weight"": ""balanced"", ""max_depth"": 5, ""max_features"": ""sqrt"", ""min_samples_leaf"": 2}"
1,3,283,0,0.4538454793768047,0.4977266742962022,0.12204487129999944,"{""class_weight"": ""balanced"", ""max_depth"": 5, ""max_features"": ""sqrt"", ""min_samples_leaf"": 2}"
1,3,290,0,0.22498905227660818,0.11950764206459066,0.07322082417515832,"{""class_weight"": ""balanced"", ""max_depth"": 5, ""max_features"": ""sqrt"", ""min_samples_leaf"": 2}"
1,3,295,0,0.4828536794718959,0.562222458805375,0.055742918815241065,"{""class_weight"": ""balanced"", ""max_depth"": 5, ""max_features"": ""sqrt"", ""min_samples_leaf"": 2}"
1,3,299,0,0.39547265465031206,0.3877504676002423,0.15021965937521295,"{""class_weight"": ""balanced"", ""max_depth"": 5, ""max_features"": ""sqrt"", ""min_samples_leaf"": 2}"
1,4,3,0,0.312470112022392,0.29719228709180434,0.0698142454347555,"{""class_weight"": ""balanced"", ""max_depth"": 6, ""max_features"": 0.5, ""min_samples_leaf"": 13}"
1,4,7,1,0.7779514488801575,0.8679427456584641,0.05190358079746983,"{""class_weight"": ""balanced"", ""max_depth"": 6, ""max_features"": 0.5, ""min_samples_leaf"": 13}"
1,4,11,1,0.7914532899573141,0.8712234770626385,0.06314198668830018,"{""class_weight"": ""balanced"", ""max_depth"": 6, ""max_features"": 0.5, ""min_samples_leaf"": 13}"
1,4,15,1,0.7591578402766324,0.8363224613890509,0.0547424059606248,"{""class_weight"": ""balanced"", ""max_depth"": 6, ""max_features"": 0.5, ""min_samples_leaf"": 13}"
1,4,17,0,0.22197627445572518,0.188604681453243,0.04753362803623046,"{""class_weight"": ""balanced"", ""max_depth"": 6, ""max_features"": 0.5, ""min_samples_leaf"": 13}"
1,4,36,1,0.6080194066555826,0.7087842656782082,0.08167615865227106,"{""class_weight"": ""balanced"", ""max_depth"": 6, ""max_features"": 0.5, ""min_samples_leaf"": 13}"
1,4,38,1,0.6466434370157728,0.7227118310481602,0.061228953078103554,"{""class_weight"": ""balanced"", ""max_depth"": 6, ""max_features"": 0.5, ""min_samples_leaf"": 13}"
1,4,42,0,0.18476214120396192,0.1747105068118527,0.06320054002693308,"{""class_weight"": ""balanced"", ""max_depth"": 6, ""max_features"": 0.5, ""min_samples_leaf"": 13}"
1,4,48,0,0.1497951460742807,0.16442730423605728,0.05067861030125736,"{""class_weight"": ""balanced"", ""max_depth"": 6, ""max_features"": 0.5, ""min_samples_leaf"": 13}"
1,4,60,0,0.3244147380222417,0.35740543779686984,0.06948988596015229,"{""class_weight"": ""balanced"", ""max_depth"": 6, ""max_features"": 0.5, ""min_samples_leaf"": 13}"
1,4,63,1,0.4560494245839277,0.4905425671606025,0.08685986592503632,"{""class_weight"": ""balanced"", ""max_depth"": 6, ""max_features"": 0.5, ""min_samples_leaf"": 13}"
1,4,67,0,0.5394321150601497,0.5925377918115867,0.09848090626747802,"{""class_weight"": ""balanced"", ""max_depth"": 6, ""max_features"": 0.5, ""min_samples_leaf"": 13}"
1,4,76,1,0.7208017195750052,0.7997676827244851,0.06358494310763604,"{""class_weight"": ""balanced"", ""max_depth"": 6, ""max_features"": 0.5, ""min_samples_leaf"": 13}"
1,4,79,0,0.1574836339707024,0.1875423095581362,0.050476724178699285,"{""class_weight"": ""balanced"", ""max_depth"": 6, ""max_features"": 0.5, ""min_samples_leaf"": 13}"
1,4,80,1,0.8092434210822727,0.8823382168007916,0.051284701221126446,"{""class_weight"": ""balanced"", ""max_depth"": 6, ""max_features"": 0.5, ""min_samples_leaf"": 13}"
1,4,82,1,0.3220156469198774,0.36213813742927864,0.05470340301154841,"{""class_weight"": ""balanced"", ""max_depth"": 6, ""max_features"": 0.5, ""min_samples_leaf"": 13}"
1,4,87,1,0.5842676504067009,0.6750426140838682,0.08072586902150947,"{""class_weight"": ""balanced"", ""max_depth"": 6, ""max_features"": 0.5, ""min_samples_leaf"": 13}"
1,4,88,0,0.7267782001178461,0.8223098510083494,0.0642487937374525,"{""class_weight"": ""balanced"", ""max_depth"": 6, ""max_features"": 0.5, ""min_samples_leaf"": 13}"
1,4,92,1,0.7869650206548348,0.8644052007375744,0.05886664859071272,"{""class_weight"": ""balanced"", ""max_depth"": 6, ""max_features"": 0.5, ""min_samples_leaf"": 13}"
1,4,107,1,0.3413879087921698,0.3783295483842791,0.037416875919999176,"{""class_weight"": ""balanced"", ""max_depth"": 6, ""max_features"": 0.5, ""min_samples_leaf"": 13}"
1,4,109,0,0.6004474843816712,0.7030025455407534,0.08631082527157583,"{""class_weight"": ""balanced"", ""max_depth"": 6, ""max_features"": 0.5, ""min_samples_leaf"": 13}"
1,4,115,0,0.5129342243267777,0.5736455634115764,0.08623834816402079,"{""class_weight"": ""balanced"", ""max_depth"": 6, ""max_features"": 0.5, ""min_samples_leaf"": 13}"
1,4,116,1,0.8264521025752872,0.8658503456689759,0.04651831622122644,"{""class_weight"": ""balanced"", ""max_depth"": 6, ""max_features"": 0.5, ""min_samples_leaf"": 13}"
1,4,120,1,0.4716524482108904,0.5019470771543959,0.07179021576273643,"{""class_weight"": ""balanced"", ""max_depth"": 6, ""max_features"": 0.5, ""min_samples_leaf"": 13}"
1,4,123,1,0.3043896794256887,0.29344036297262843,0.06644565652944913,"{""class_weight"": ""balanced"", ""max_depth"": 6, ""max_features"": 0.5, ""min_samples_leaf"": 13}"
1,4,129,0,0.36134664633087965,0.38305557203679175,0.1055150527991066,"{""class_weight"": ""balanced"", ""max_depth"": 6, ""max_features"": 0.5, ""min_samples_leaf"": 13}"
1,4,134,1,0.4784549572723041,0.5599856202811033,0.07344311636573313,"{""class_weight"": ""balanced"", ""max_depth"": 6, ""max_features"": 0.5, ""min_samples_leaf"": 13}"
1,4,147,1,0.6445251300523465,0.7571160478041306,0.059194007081895664,"{""class_weight"": ""balanced"", ""max_depth"": 6, ""max_features"": 0.5, ""min_samples_leaf"": 13}"
1,4,156,1,0.4903111536396934,0.5982411473608373,0.06712173010469807,"{""class_weight"": ""balanced"", ""max_depth"": 6, ""max_features"": 0.5, ""min_samples_leaf"": 13}"
1,4,159,1,0.8809941098188002,0.913206381824913,0.04392706591167949,"{""class_weight"": ""balanced"", ""max_depth"": 6, ""max_features"": 0.5, ""min_samples_leaf"": 13}"
1,4,163,1,0.4560123484478336,0.4950422574285643,0.08258370434334489,"{""class_weight"": ""balanced"", ""max_depth"": 6, ""max_features"": 0.5, ""min_samples_leaf"": 13}"
1,4,165,1,0.45545729553355374,0.496297646397481,0.07725302069430293,"{""class_weight"": ""balanced"", ""max_depth"": 6, ""max_features"": 0.5, ""min_samples_leaf"": 13}"
1,4,169,0,0.21809852942747132,0.24969203116687186,0.04503206042471946,"{""class_weight"": ""balanced"", ""max_depth"": 6, ""max_features"": 0.5, ""min_samples_leaf"": 13}"
1,4,173,1,0.6226962122426409,0.6978790964709185,0.07291938519967722,"{""class_weight"": ""balanced"", ""max_depth"": 6, ""max_features"": 0.5, ""min_samples_leaf"": 13}"
1,4,182,1,0.33696710685347125,0.3693286141046247,0.038812717211149456,"{""class_weight"": ""balanced"", ""max_depth"": 6, ""max_features"": 0.5, ""min_samples_leaf"": 13}"
1,4,190,0,0.6192912939201367,0.6803422636285272,0.06440396654512945,"{""class_weight"": ""balanced"", ""max_depth"": 6, ""max_features"": 0.5, ""min_samples_leaf"": 13}"
1,4,192,0,0.12181003353736732,0.14209980882172912,0.043925302112016,"{""class_weight"": ""balanced"", ""max_depth"": 6, ""max_features"": 0.5, ""min_samples_leaf"": 13}"
1,4,199,0,0.3452415492615787,0.3577716963728632,0.05452385022870046,"{""class_weight"": ""balanced"", ""max_depth"": 6, ""max_features"": 0.5, ""min_samples_leaf"": 13}"
1,4,204,0,0.4843018472001096,0.5272977127253629,0.09481431736818502,"{""class_weight"": ""balanced"", ""max_depth"": 6, ""max_features"": 0.5, ""min_samples_leaf"": 13}"
1,4,206,1,0.5405280346885095,0.6386006621922704,0.07120413608478555,"{""class_weight"": ""balanced"", ""max_depth"": 6, ""max_features"": 0.5, ""min_samples_leaf"": 13}"
1,4,215,1,0.6781713878788073,0.7482522184442217,0.07022927847935442,"{""class_weight"": ""balanced"", ""max_depth"": 6, ""max_features"": 0.5, ""min_samples_leaf"": 13}"
1,4,216,0,0.47606063592394077,0.5010155391112852,0.06528900943749907,"{""class_weight"": ""balanced"", ""max_depth"": 6, ""max_features"": 0.5, ""min_samples_leaf"": 13}"
1,4,218,0,0.21385986784852293,0.2308868820782795,0.063441426831994,"{""class_weight"": ""balanced"", ""max_depth"": 6, ""max_features"": 0.5, ""min_samples_leaf"": 13}"
1,4,234,0,0.16302782962638918,0.15561560601717128,0.044263759071569264,"{""class_weight"": ""balanced"", ""max_depth"": 6, ""max_features"": 0.5, ""min_samples_leaf"": 13}"
1,4,235,1,0.8318651124471543,0.8805856387283179,0.046330609100206414,"{""class_weight"": ""balanced"", ""max_depth"": 6, ""max_features"": 0.5, ""min_samples_leaf"": 13}"
1,4,241,1,0.23011355230739464,0.22188139313913507,0.0456388439305201,"{""class_weight"": ""balanced"", ""max_depth"": 6, ""max_features"": 0.5, ""min_samples_leaf"": 13}"
1,4,242,1,0.6384720469722409,0.7506830272354856,0.048696408385460556,"{""class_weight"": ""balanced"", ""max_depth"": 6, ""max_features"": 0.5, ""min_samples_leaf"": 13}"
1,4,250,1,0.5400632429814846,0.6362786220340366,0.0799973976252945,"{""class_weight"": ""balanced"", ""max_depth"": 6, ""max_features"": 0.5, ""min_samples_leaf"": 13}"
1,4,257,0,0.201866860975279,0.1854078298201241,0.05350585145891803,"{""class_weight"": ""balanced"", ""max_depth"": 6, ""max_features"": 0.5, ""min_samples_leaf"": 13}"
1,4,259,1,0.5765071333465032,0.6372804816081415,0.07033120277456768,"{""class_weight"": ""balanced"", ""max_depth"": 6, ""max_features"": 0.5, ""min_samples_leaf"": 13}"
1,4,260,1,0.7228290300517914,0.8196648523556371,0.058757345206659824,"{""class_weight"": ""balanced"", ""max_depth"": 6, ""max_features"": 0.5, ""min_samples_leaf"": 13}"
1,4,262,1,0.5375061352188173,0.6068545755274007,0.09016064232644062,"{""class_weight"": ""balanced"", ""max_depth"": 6, ""max_features"": 0.5, ""min_samples_leaf"": 13}"
1,4,264,0,0.14788752648972667,0.16170649621573455,0.04636792813994772,"{""class_weight"": ""balanced"", ""max_depth"": 6, ""max_features"": 0.5, ""min_samples_leaf"": 13}"
1,4,272,0,0.38825328145563764,0.40923556970027547,0.03952612175090614,"{""class_weight"": ""balanced"", ""max_depth"": 6, ""max_features"": 0.5, ""min_samples_leaf"": 13}"
1,4,273,1,0.7464102734137785,0.8306461000829144,0.07341923502213149,"{""class_weight"": ""balanced"", ""max_depth"": 6, ""max_features"": 0.5, ""min_samples_leaf"": 13}"
1,4,287,0,0.3675467333064286,0.40244146361946465,0.041173340142407415,"{""class_weight"": ""balanced"", ""max_depth"": 6, ""max_features"": 0.5, ""min_samples_leaf"": 13}"
1,4,288,0,0.2697100030828008,0.2834191654165467,0.03156056862631691,"{""class_weight"": ""balanced"", ""max_depth"": 6, ""max_features"": 0.5, ""min_samples_leaf"": 13}"
1,4,298,1,0.7260193982371346,0.7945005351222725,0.054543779269526076,"{""class_weight"": ""balanced"", ""max_depth"": 6, ""max_features"": 0.5, ""min_samples_leaf"": 13}"
1,4,301,0,0.16448301545729455,0.1590188534995553,0.03464362251525771,"{""class_weight"": ""balanced"", ""max_depth"": 6, ""max_features"": 0.5, ""min_samples_leaf"": 13}"
1,4,302,1,0.5113841919105521,0.5731258505347331,0.09814033607224582,"{""class_weight"": ""balanced"", ""max_depth"": 6, ""max_features"": 0.5, ""min_samples_leaf"": 13}"
2,0,30,1,0.8181693730510604,0.8096602163690285,0.0905413210048233,"{""class_weight"": null, ""max_depth"": 6, ""max_features"": 0.5, ""min_samples_leaf"": 5}"
2,0,36,1,0.7330245372296853,0.7568472781942877,0.050538936136553074,"{""class_weight"": null, ""max_depth"": 6, ""max_features"": 0.5, ""min_samples_leaf"": 5}"
2,0,45,1,0.8686041138844869,0.8758750215495716,0.05164709248686872,"{""class_weight"": null, ""max_depth"": 6, ""max_features"": 0.5, ""min_samples_leaf"": 5}"
2,0,48,0,0.14679774582332303,0.14687456257414322,0.08712750514085049,"{""class_weight"": null, ""max_depth"": 6, ""max_features"": 0.5, ""min_samples_leaf"": 5}"
2,0,49,0,0.3679677277140548,0.3698426547698907,0.11159607992296396,"{""class_weight"": null, ""max_depth"": 6, ""max_features"": 0.5, ""min_samples_leaf"": 5}"
2,0,54,0,0.30778815143295857,0.2920617659885741,0.0962601352969892,"{""class_weight"": null, ""max_depth"": 6, ""max_features"": 0.5, ""min_samples_leaf"": 5}"
2,0,59,1,0.9060932436974457,0.8905778783995103,0.05060693958244912,"{""class_weight"": null, ""max_depth"": 6, ""max_features"": 0.5, ""min_samples_leaf"": 5}"
2,0,60,0,0.26357098996525546,0.22882126268313985,0.09498220806452351,"{""class_weight"": null, ""max_depth"": 6, ""max_features"": 0.5, ""min_samples_leaf"": 5}"
2,0,67,0,0.6792533116454276,0.7310857050829105,0.1203600776662457,"{""class_weight"": null, ""max_depth"": 6, ""max_features"": 0.5, ""min_samples_leaf"": 5}"
2,0,68,0,0.29372027320354893,0.22588873827064232,0.1101634590007692,"{""class_weight"": null, ""max_depth"": 6, ""max_features"": 0.5, ""min_samples_leaf"": 5}"
2,0,70,0,0.28566564682045764,0.22089599956455036,0.10784544070723966,"{""class_weight"": null, ""max_depth"": 6, ""max_features"": 0.5, ""min_samples_leaf"": 5}"
2,0,81,1,0.8742496093149232,0.8817371654234062,0.05038492615655951,"{""class_weight"": null, ""max_depth"": 6, ""max_features"": 0.5, ""min_samples_leaf"": 5}"
2,0,89,1,0.7690063483811505,0.8120062027984923,0.05491168939374506,"{""class_weight"": null, ""max_depth"": 6, ""max_features"": 0.5, ""min_samples_leaf"": 5}"
2,0,90,0,0.6155325591230362,0.6749914328631728,0.08530507130434185,"{""class_weight"": null, ""max_depth"": 6, ""max_features"": 0.5, ""min_samples_leaf"": 5}"
2,0,93,1,0.8346606958284156,0.8438106482269209,0.06318298800214281,"{""class_weight"": null, ""max_depth"": 6, ""max_features"": 0.5, ""min_samples_leaf"": 5}"
2,0,94,1,0.88015121241724,0.8623137983583737,0.05512493825189939,"{""class_weight"": null, ""max_depth"": 6, ""max_features"": 0.5, ""min_samples_leaf"": 5}"
2,0,95,1,0.9382145179982918,0.8945008085753624,0.04898965031916196,"{""class_weight"": null, ""max_depth"": 6, ""max_features"": 0.5, ""min_samples_leaf"": 5}"
2,0,98,1,0.8348734342197827,0.846717211552847,0.0642305484426245,"{""class_weight"": null, ""max_depth"": 6, ""max_features"": 0.5, ""min_samples_leaf"": 5}"
2,0,105,1,0.7709049554123081,0.7335415929637246,0.03512478581517321,"{""class_weight"": null, ""max_depth"": 6, ""max_features"": 0.5, ""min_samples_leaf"": 5}"
2,0,107,1,0.344831136363819,0.4050719927847751,0.04758714822176829,"{""class_weight"": null, ""max_depth"": 6, ""max_features"": 0.5, ""min_samples_leaf"": 5}"
2,0,114,1,0.9033165717689885,0.8947821691249196,0.04898513832122486,"{""class_weight"": null, ""max_depth"": 6, ""max_features"": 0.5, ""min_samples_leaf"": 5}"
2,0,115,0,0.598416746499741,0.6393962340729445,0.07059467334986912,"{""class_weight"": null, ""max_depth"": 6, ""max_features"": 0.5, ""min_samples_leaf"": 5}"
2,0,118,1,0.7462674829082022,0.7555927137254577,0.07840466426166433,"{""class_weight"": null, ""max_depth"": 6, ""max_features"": 0.5, ""min_samples_leaf"": 5}"
2,0,119,1,0.8437028280910923,0.84964618255382,0.07441553331536924,"{""class_weight"": null, ""max_depth"": 6, ""max_features"": 0.5, ""min_samples_leaf"": 5}"
2,0,123,1,0.38377763094891587,0.3085285633618711,0.07195276860208137,"{""class_weight"": null, ""max_depth"": 6, ""max_features"": 0.5, ""min_samples_leaf"": 5}"
2,0,126,1,0.7381298697262992,0.7885813206439818,0.08526156875235957,"{""class_weight"": null, ""max_depth"": 6, ""max_features"": 0.5, ""min_samples_leaf"": 5}"
2,0,128,1,0.7008656194759135,0.732967753007666,0.1318400976603386,"{""class_weight"": null, ""max_depth"": 6, ""max_features"": 0.5, ""min_samples_leaf"": 5}"
2,0,137,0,0.36119162646898617,0.2639657643432301,0.12186614806511732,"{""class_weight"": null, ""max_depth"": 6, ""max_features"": 0.5, ""min_samples_leaf"": 5}"
2,0,148,1,0.49677283356669344,0.5801799548358142,0.09743201357545778,"{""class_weight"": null, ""max_depth"": 6, ""max_features"": 0.5, ""min_samples_leaf"": 5}"
2,0,149,1,0.7034847049857228,0.7467868143957824,0.06210236205897728,"{""class_weight"": null, ""max_depth"": 6, ""max_features"": 0.5, ""min_samples_leaf"": 5}"
2,0,150,0,0.44252163983729936,0.4240753546618585,0.09415239443582925,"{""class_weight"": null, ""max_depth"": 6, ""max_features"": 0.5, ""min_samples_leaf"": 5}"
2,0,152,1,0.3939416578991926,0.3879844326369098,0.06893611698581302,"{""class_weight"": null, ""max_depth"": 6, ""max_features"": 0.5, ""min_samples_leaf"": 5}"
2,0,154,0,0.597502095463373,0.6543189535249081,0.06807958529624221,"{""class_weight"": null, ""max_depth"": 6, ""max_features"": 0.5, ""min_samples_leaf"": 5}"
2,0,162,1,0.7528883452176671,0.7879387447646069,0.058173747184751996,"{""class_weight"": null, ""max_depth"": 6, ""max_features"": 0.5, ""min_samples_leaf"": 5}"
2,0,166,0,0.24556345989999986,0.1868226236792615,0.09240166737639752,"{""class_weight"": null, ""max_depth"": 6, ""max_features"": 0.5, ""min_samples_leaf"": 5}"
2,0,167,1,0.7710830783400819,0.782316536296338,0.08557082899035884,"{""class_weight"": null, ""max_depth"": 6, ""max_features"": 0.5, ""min_samples_leaf"": 5}"
2,0,169,0,0.2901613200674833,0.26120997404316254,0.10756898402499587,"{""class_weight"": null, ""max_depth"": 6, ""max_features"": 0.5, ""min_samples_leaf"": 5}"
2,0,170,0,0.38836702374828147,0.2561003383772299,0.1483839739192658,"{""class_weight"": null, ""max_depth"": 6, ""max_features"": 0.5, ""min_samples_leaf"": 5}"
2,0,171,1,0.7140879256977132,0.7462811131042916,0.11888758771041343,"{""class_weight"": null, ""max_depth"": 6, ""max_features"": 0.5, ""min_samples_leaf"": 5}"
2,0,174,1,0.8022998979769916,0.8605171902771479,0.06222376496783939,"{""class_weight"": null, ""max_depth"": 6, ""max_features"": 0.5, ""min_samples_leaf"": 5}"
2,0,176,1,0.24216362451797782,0.19622248633948675,0.08433592335625556,"{""class_weight"": null, ""max_depth"": 6, ""max_features"": 0.5, ""min_samples_leaf"": 5}"
2,0,177,1,0.7576209099991079,0.8128547608663526,0.057866077888208856,"{""class_weight"": null, ""max_depth"": 6, ""max_features"": 0.5, ""min_samples_leaf"": 5}"
2,0,182,1,0.356631975357532,0.3816321816212234,0.11008488468014394,"{""class_weight"": null, ""max_depth"": 6, ""max_features"": 0.5, ""min_samples_leaf"": 5}"
2,0,187,1,0.8225850712031796,0.8515244688093085,0.059896864418402605,"{""class_weight"": null, ""max_depth"": 6, ""max_features"": 0.5, ""min_samples_leaf"": 5}"
2,0,194,0,0.270999925136692,0.19074675059354718,0.08587612812628999,"{""class_weight"": null, ""max_depth"": 6, ""max_features"": 0.5, ""min_samples_leaf"": 5}"
2,0,201,0,0.3762813509903623,0.32449323017422776,0.12086652394030761,"{""class_weight"": null, ""max_depth"": 6, ""max_features"": 0.5, ""min_samples_leaf"": 5}"
2,0,203,0,0.3439432982982734,0.257491355360726,0.09433125287511973,"{""class_weight"": null, ""max_depth"": 6, ""max_features"": 0.5, ""min_samples_leaf"": 5}"
2,0,218,0,0.33944696764528487,0.2896462963791199,0.09919202070265566,"{""class_weight"": null, ""max_depth"": 6, ""max_features"": 0.5, ""min_samples_leaf"": 5}"
2,0,226,1,0.5922738491366069,0.62403057769685,0.12581268815152238,"{""class_weight"": null, ""max_depth"": 6, ""max_features"": 0.5, ""min_samples_leaf"": 5}"
2,0,242,1,0.799270557172422,0.8172206758450962,0.06871293731773387,"{""class_weight"": null, ""max_depth"": 6, ""max_features"": 0.5, ""min_samples_leaf"": 5}"
2,0,245,1,0.3830666430722568,0.38454426685886206,0.018695414175570472,"{""class_weight"": null, ""max_depth"": 6, ""max_features"": 0.5, ""min_samples_leaf"": 5}"
2,0,247,0,0.140200621632791,0.13133619167102267,0.08459606858803626,"{""class_weight"": null, ""max_depth"": 6, ""max_features"": 0.5, ""min_samples_leaf"": 5}"
2,0,255,0,0.1539425232164328,0.14620053164557917,0.09324365022526925,"{""class_weight"": null, ""max_depth"": 6, ""max_features"": 0.5, ""min_samples_leaf"": 5}"
2,0,256,0,0.17554298051680664,0.1567449624125591,0.10195102995952257,"{""class_weight"": null, ""max_depth"": 6, ""max_features"": 0.5, ""min_samples_leaf"": 5}"
2,0,258,0,0.15720802210892265,0.1577583862726836,0.09513816894888123,"{""class_weight"": null, ""max_depth"": 6, ""max_features"": 0.5, ""min_samples_leaf"": 5}"
2,0,269,1,0.6953522958512366,0.7756023507717534,0.06191872214731581,"{""class_weight"": null, ""max_depth"": 6, ""max_features"": 0.5, ""min_samples_leaf"": 5}"
2,0,271,1,0.8303061421451511,0.8678515653945515,0.05245106296927173,"{""class_weight"": null, ""max_depth"": 6, ""max_features"": 0.5, ""min_samples_leaf"": 5}"
2,0,274,1,0.8614822917685439,0.864876446844346,0.056749789275022465,"{""class_weight"": null, ""max_depth"": 6, ""max_features"": 0.5, ""min_samples_leaf"": 5}"
2,0,296,0,0.4062178647679835,0.315718278558412,0.1097020179205706,"{""class_weight"": null, ""max_depth"": 6, ""max_features"": 0.5, ""min_samples_leaf"": 5}"
2,0,301,0,0.29717910409712667,0.2205847718818355,0.11267388587529405,"{""class_weight"": null, ""max_depth"": 6, ""max_features"": 0.5, ""min_samples_leaf"": 5}"
2,0,302,1,0.6358856366103984,0.6645654823460116,0.05796330898441275,"{""class_weight"": null, ""max_depth"": 6, ""max_features"": 0.5, ""min_samples_leaf"": 5}"
2,1,3,0,0.4922625986775773,0.5432816444445904,0.0846428215041431,"{""class_weight"": ""balanced"", ""max_depth"": null, ""max_features"": ""sqrt"", ""min_samples_leaf"": 7}"
2,1,8,0,0.24179458843716825,0.129793767407814,0.02601482136515724,"{""class_weight"": ""balanced"", ""max_depth"": null, ""max_features"": ""sqrt"", ""min_samples_leaf"": 7}"
2,1,9,0,0.6657504510389924,0.8199613353991724,0.04808117618251451,"{""class_weight"": ""balanced"", ""max_depth"": null, ""max_features"": ""sqrt"", ""min_samples_leaf"": 7}"
2,1,12,1,0.6842613958364563,0.8529605722799222,0.02270465080354248,"{""class_weight"": ""balanced"", ""max_depth"": null, ""max_features"": ""sqrt"", ""min_samples_leaf"": 7}"
2,1,20,0,0.18728161234551743,0.0903904582467613,0.02703086428637465,"{""class_weight"": ""balanced"", ""max_depth"": null, ""max_features"": ""sqrt"", ""min_samples_leaf"": 7}"
2,1,21,1,0.5458135113100709,0.6509361112891623,0.039955736185204656,"{""class_weight"": ""balanced"", ""max_depth"": null, ""max_features"": ""sqrt"", ""min_samples_leaf"": 7}"
2,1,33,1,0.5609576871324267,0.6705941655779482,0.06263411186800752,"{""class_weight"": ""balanced"", ""max_depth"": null, ""max_features"": ""sqrt"", ""min_samples_leaf"": 7}"
2,1,37,1,0.4914718730305754,0.598992021129664,0.08760266904843839,"{""class_weight"": ""balanced"", ""max_depth"": null, ""max_features"": ""sqrt"", ""min_samples_leaf"": 7}"
2,1,39,1,0.7371799517088751,0.8923266413509963,0.040626844229243494,"{""class_weight"": ""balanced"", ""max_depth"": null, ""max_features"": ""sqrt"", ""min_samples_leaf"": 7}"
2,1,40,1,0.7450291656971522,0.8838401186984598,0.02371917176237014,"{""class_weight"": ""balanced"", ""max_depth"": null, ""max_features"": ""sqrt"", ""min_samples_leaf"": 7}"
2,1,41,0,0.22649019086320507,0.12228074932380188,0.032508094668558016,"{""class_weight"": ""balanced"", ""max_depth"": null, ""max_features"": ""sqrt"", ""min_samples_leaf"": 7}"
2,1,43,1,0.4635478888408839,0.47225630320695267,0.08010477942018655,"{""class_weight"": ""balanced"", ""max_depth"": null, ""max_features"": ""sqrt"", ""min_samples_leaf"": 7}"
2,1,47,1,0.7801348754613081,0.8874661079898154,0.0330251319220579,"{""class_weight"": ""balanced"", ""max_depth"": null, ""max_features"": ""sqrt"", ""min_samples_leaf"": 7}"
2,1,50,0,0.4281733799423182,0.38155777728420215,0.10529424726791374,"{""class_weight"": ""balanced"", ""max_depth"": null, ""max_features"": ""sqrt"", ""min_samples_leaf"": 7}"
2,1,53,0,0.4950703732785804,0.5544390297315237,0.08085972833363339,"{""class_weight"": ""balanced"", ""max_depth"": null, ""max_features"": ""sqrt"", ""min_samples_leaf"": 7}"
2,1,57,1,0.7850134172513495,0.918985915956322,0.02167674864640125,"{""class_weight"": ""balanced"", ""max_depth"": null, ""max_features"": ""sqrt"", ""min_samples_leaf"": 7}"
2,1,58,1,0.3219052148012272,0.23159277195024855,0.04787455843739591,"{""class_weight"": ""balanced"", ""max_depth"": null, ""max_features"": ""sqrt"", ""min_samples_leaf"": 7}"
2,1,62,1,0.20238394421632092,0.08833426441481676,0.013730247777186372,"{""class_weight"": ""balanced"", ""max_depth"": null, ""max_features"": ""sqrt"", ""min_samples_leaf"": 7}"
2,1,65,0,0.6035959523433553,0.6745694509219528,0.0589586979260826,"{""class_weight"": ""balanced"", ""max_depth"": null, ""max_features"": ""sqrt"", ""min_samples_leaf"": 7}"
2,1,69,1,0.5584799385569305,0.6695320492028929,0.041823659875856026,"{""class_weight"": ""balanced"", ""max_depth"": null, ""max_features"": ""sqrt"", ""min_samples_leaf"": 7}"
2,1,82,1,0.42930065288456104,0.43031378231745504,0.03377137282537901,"{""class_weight"": ""balanced"", ""max_depth"": null, ""max_features"": ""sqrt"", ""min_samples_leaf"": 7}"
2,1,85,0,0.41448581779747795,0.46655129528417466,0.029045529333887102,"{""class_weight"": ""balanced"", ""max_depth"": null, ""max_features"": ""sqrt"", ""min_samples_leaf"": 7}"
2,1,86,1,0.6060158241422997,0.7659910298145823,0.03666414588255945,"{""class_weight"": ""balanced"", ""max_depth"": null, ""max_features"": ""sqrt"", ""min_samples_leaf"": 7}"
2,1,104,0,0.5357843122533209,0.561048490849534,0.06387860528098858,"{""class_weight"": ""balanced"", ""max_depth"": null, ""max_features"": ""sqrt"", ""min_samples_leaf"": 7}"
2,1,111,1,0.5971952463043115,0.7177358674451393,0.0638643149079699,"{""class_weight"": ""balanced"", ""max_depth"": null, ""max_features"": ""sqrt"", ""min_samples_leaf"": 7}"
2,1,113,0,0.17130614435796956,0.06449693756197802,0.011906290120126999,"{""class_weight"": ""balanced"", ""max_depth"": null, ""max_features"": ""sqrt"", ""min_samples_leaf"": 7}"
2,1,117,1,0.7229032620294219,0.8765964710455997,0.0456986866578598,"{""class_weight"": ""balanced"", ""max_depth"": null, ""max_features"": ""sqrt"", ""min_samples_leaf"": 7}"
2,1,120,1,0.564838550525941,0.7012669557042281,0.03924319317106356,"{""class_weight"": ""balanced"", ""max_depth"": null, ""max_features"": ""sqrt"", ""min_samples_leaf"": 7}"
2,1,122,0,0.572115272265769,0.6676831955799573,0.06032879387841343,"{""class_weight"": ""balanced"", ""max_depth"": null, ""max_features"": ""sqrt"", ""min_samples_leaf"": 7}"
2,1,131,1,0.8543033268467184,0.9482476516650467,0.014406757655453389,"{""class_weight"": ""balanced"", ""max_depth"": null, ""max_features"": ""sqrt"", ""min_samples_leaf"": 7}"
2,1,133,0,0.4670800905520871,0.48553120947737066,0.057927497417627344,"{""class_weight"": ""balanced"", ""max_depth"": null, ""max_features"": ""sqrt"", ""min_samples_leaf"": 7}"
2,1,134,1,0.48010838530178945,0.5027023466506545,0.0875980934040992,"{""class_weight"": ""balanced"", ""max_depth"": null, ""max_features"": ""sqrt"", ""min_samples_leaf"": 7}"
2,1,135,1,0.45873689547361657,0.49184570849078063,0.09704369378627341,"{""class_weight"": ""balanced"", ""max_depth"": null, ""max_features"": ""sqrt"", ""min_samples_leaf"": 7}"
2,1,136,0,0.32852245130332713,0.22278880719696872,0.070454885745316,"{""class_weight"": ""balanced"", ""max_depth"": null, ""max_features"": ""sqrt"", ""min_samples_leaf"": 7}"
2,1,139,1,0.7280711678455,0.8941234239919013,0.014758995121277676,"{""class_weight"": ""balanced"", ""max_depth"": null, ""max_features"": ""sqrt"", ""min_samples_leaf"": 7}"
2,1,140,1,0.7433782319359243,0.8886345452030516,0.03355755829378168,"{""class_weight"": ""balanced"", ""max_depth"": null, ""max_features"": ""sqrt"", ""min_samples_leaf"": 7}"
2,1,143,0,0.09175920317618283,0.04436470349488344,0.012196785506408403,"{""class_weight"": ""balanced"", ""max_depth"": null, ""max_features"": ""sqrt"", ""min_samples_leaf"": 7}"
2,1,156,1,0.5511534335895572,0.6301218152746426,0.0944306265298456,"{""class_weight"": ""balanced"", ""max_depth"": null, ""max_features"": ""sqrt"", ""min_samples_leaf"": 7}"
2,1,158,0,0.36836042669088215,0.29330174068050346,0.050068072060843224,"{""class_weight"": ""balanced"", ""max_depth"": null, ""max_features"": ""sqrt"", ""min_samples_leaf"": 7}"
2,1,160,0,0.6378052081629506,0.8177738787726323,0.03095527211838348,"{""class_weight"": ""balanced"", ""max_depth"": null, ""max_features"": ""sqrt"", ""min_samples_leaf"": 7}"
2,1,172,1,0.5913003183813259,0.6784267351988906,0.03289596029869982,"{""class_weight"": ""balanced"", ""max_depth"": null, ""max_features"": ""sqrt"", ""min_samples_leaf"": 7}"
2,1,178,1,0.5362508392295392,0.6201444169266024,0.05745092569466528,"{""class_weight"": ""balanced"", ""max_depth"": null, ""max_features"": ""sqrt"", ""min_samples_leaf"": 7}"
2,1,184,1,0.7553298451986111,0.8899285321846829,0.018322116258660936,"{""class_weight"": ""balanced"", ""max_depth"": null, ""max_features"": ""sqrt"", ""min_samples_leaf"": 7}"
2,1,186,0,0.5256110230608346,0.6401777131556237,0.07952007707922301,"{""class_weight"": ""balanced"", ""max_depth"": null, ""max_features"": ""sqrt"", ""min_samples_leaf"": 7}"
2,1,190,0,0.48696262188452927,0.5403728574963325,0.08705059357803148,"{""class_weight"": ""balanced"", ""max_depth"": null, ""max_features"": ""sqrt"", ""min_samples_leaf"": 7}"
2,1,208,1,0.47715700479449824,0.4948495955417074,0.07958086733312503,"{""class_weight"": ""balanced"", ""max_depth"": null, ""max_features"": ""sqrt"", ""min_samples_leaf"": 7}"
2,1,211,1,0.5373029389259131,0.6363664041528754,0.07870159430077497,"{""class_weight"": ""balanced"", ""max_depth"": null, ""max_features"": ""sqrt"", ""min_samples_leaf"": 7}"
2,1,213,0,0.4884119838143786,0.5711958183926751,0.028904682866343248,"{""class_weight"": ""balanced"", ""max_depth"": null, ""max_features"": ""sqrt"", ""min_samples_leaf"": 7}"
2,1,221,1,0.5270737373095171,0.6259264099937927,0.046338165237442275,"{""class_weight"": ""balanced"", ""max_depth"": null, ""max_features"": ""sqrt"", ""min_samples_leaf"": 7}"
2,1,225,0,0.45796177795198534,0.46322222127725077,0.08815542646168163,"{""class_weight"": ""balanced"", ""max_depth"": null, ""max_features"": ""sqrt"", ""min_samples_leaf"": 7}"
2,1,229,1,0.5726865009207257,0.7288146231354969,0.05730408792315089,"{""class_weight"": ""balanced"", ""max_depth"": null, ""max_features"": ""sqrt"", ""min_samples_leaf"": 7}"
2,1,230,1,0.7996925634975844,0.9340600769607784,0.018581145154724355,"{""class_weight"": ""balanced"", ""max_depth"": null, ""max_features"": ""sqrt"", ""min_samples_leaf"": 7}"
2,1,237,1,0.5810577503206803,0.7249637089216735,0.05759383097901225,"{""class_weight"": ""balanced"", ""max_depth"": null, ""max_features"": ""sqrt"", ""min_samples_leaf"": 7}"
2,1,244,1,0.30856437012063065,0.20487627740127573,0.03275129641858006,"{""class_weight"": ""balanced"", ""max_depth"": null, ""max_features"": ""sqrt"", ""min_samples_leaf"": 7}"
2,1,248,1,0.7822123420291855,0.9293221266105401,0.0186848760364581,"{""class_weight"": ""balanced"", ""max_depth"": null, ""max_features"": ""sqrt"", ""min_samples_leaf"": 7}"
2,1,249,1,0.7168994621399146,0.831255779119884,0.06366164803551934,"{""class_weight"": ""balanced"", ""max_depth"": null, ""max_features"": ""sqrt"", ""min_samples_leaf"": 7}"
2,1,252,1,0.5876995244583485,0.6843686550204847,0.0950069519780797,"{""class_weight"": ""balanced"", ""max_depth"": null, ""max_features"": ""sqrt"", ""min_samples_leaf"": 7}"
2,1,257,0,0.25038502970119164,0.16170649865159864,0.035211150642633526,"{""class_weight"": ""balanced"", ""max_depth"": null, ""max_features"": ""sqrt"", ""min_samples_leaf"": 7}"
2,1,283,0,0.48228678834763106,0.5155918957040486,0.03806748819347884,"{""class_weight"": ""balanced"", ""max_depth"": null, ""max_features"": ""sqrt"", ""min_samples_leaf"": 7}"
2,1,286,0,0.3462306591166868,0.23156797383628486,0.06315222747623206,"{""class_weight"": ""balanced"", ""max_depth"": null, ""max_features"": ""sqrt"", ""min_samples_leaf"": 7}"
2,1,290,0,0.2458385833475988,0.15090336276938027,0.027864992159511364,"{""class_weight"": ""balanced"", ""max_depth"": null, ""max_features"": ""sqrt"", ""min_samples_leaf"": 7}"
2,2,4,0,0.2806610356618402,0.25647014451086003,0.09327665892045088,"{""class_weight"": ""balanced"", ""max_depth"": 5, ""max_features"": 0.3, ""min_samples_leaf"": 2}"
2,2,5,1,0.6421292597129015,0.7161104031428647,0.04141174190748856,"{""class_weight"": ""balanced"", ""max_depth"": 5, ""max_features"": 0.3, ""min_samples_leaf"": 2}"
2,2,6,1,0.7039260046224941,0.7947990487383773,0.046613796964404784,"{""class_weight"": ""balanced"", ""max_depth"": 5, ""max_features"": 0.3, ""min_samples_leaf"": 2}"
2,2,11,1,0.9154663734383504,0.930817889997431,0.04278725391493961,"{""class_weight"": ""balanced"", ""max_depth"": 5, ""max_features"": 0.3, ""min_samples_leaf"": 2}"
2,2,15,1,0.7739371343253392,0.8521689846488693,0.04143388459770798,"{""class_weight"": ""balanced"", ""max_depth"": 5, ""max_features"": 0.3, ""min_samples_leaf"": 2}"
2,2,17,0,0.32045383516767617,0.3128552071156139,0.15889262230034584,"{""class_weight"": ""balanced"", ""max_depth"": 5, ""max_features"": 0.3, ""min_samples_leaf"": 2}"
2,2,22,1,0.7227112658599805,0.8277094238982569,0.07325424837046393,"{""class_weight"": ""balanced"", ""max_depth"": 5, ""max_features"": 0.3, ""min_samples_leaf"": 2}"
2,2,27,0,0.1902457018844755,0.17418694418984243,0.06824316115434167,"{""class_weight"": ""balanced"", ""max_depth"": 5, ""max_features"": 0.3, ""min_samples_leaf"": 2}"
2,2,31,0,0.5584437182198442,0.6028383130990782,0.14887916045932267,"{""class_weight"": ""balanced"", ""max_depth"": 5, ""max_features"": 0.3, ""min_samples_leaf"": 2}"
2,2,32,1,0.7115619103671147,0.7684698341078313,0.03645859234113636,"{""class_weight"": ""balanced"", ""max_depth"": 5, ""max_features"": 0.3, ""min_samples_leaf"": 2}"
2,2,34,1,0.5974660637663384,0.6870583059727127,0.05414871135037063,"{""class_weight"": ""balanced"", ""max_depth"": 5, ""max_features"": 0.3, ""min_samples_leaf"": 2}"
2,2,42,0,0.20290937970799036,0.16877912926235258,0.08971931544684426,"{""class_weight"": ""balanced"", ""max_depth"": 5, ""max_features"": 0.3, ""min_samples_leaf"": 2}"
2,2,55,1,0.8056407457745297,0.8860751373858691,0.057693367728642475,"{""class_weight"": ""balanced"", ""max_depth"": 5, ""max_features"": 0.3, ""min_samples_leaf"": 2}"
2,2,64,0,0.2278696769052806,0.18288619887004848,0.07821852092767295,"{""class_weight"": ""balanced"", ""max_depth"": 5, ""max_features"": 0.3, ""min_samples_leaf"": 2}"
2,2,71,1,0.8146097763181555,0.8805316471105986,0.05972444323260202,"{""class_weight"": ""balanced"", ""max_depth"": 5, ""max_features"": 0.3, ""min_samples_leaf"": 2}"
2,2,72,1,0.6594898034118143,0.7250539642364849,0.07279296383713312,"{""class_weight"": ""balanced"", ""max_depth"": 5, ""max_features"": 0.3, ""min_samples_leaf"": 2}"
2,2,74,1,0.8557184651512394,0.8984604811411362,0.05088923560595805,"{""class_weight"": ""balanced"", ""max_depth"": 5, ""max_features"": 0.3, ""min_samples_leaf"": 2}"
2,2,78,1,0.589720475446926,0.7004348141256918,0.09431896084021371,"{""class_weight"": ""balanced"", ""max_depth"": 5, ""max_features"": 0.3, ""min_samples_leaf"": 2}"
2,2,80,1,0.8102706081807889,0.8788836164173028,0.05258614160559591,"{""class_weight"": ""balanced"", ""max_depth"": 5, ""max_features"": 0.3, ""min_samples_leaf"": 2}"
2,2,83,1,0.546045123333952,0.6376190235360387,0.09171462017487121,"{""class_weight"": ""balanced"", ""max_depth"": 5, ""max_features"": 0.3, ""min_samples_leaf"": 2}"
2,2,97,1,0.6874938243260069,0.7957856777606638,0.11184702242165416,"{""class_weight"": ""balanced"", ""max_depth"": 5, ""max_features"": 0.3, ""min_samples_leaf"": 2}"
2,2,101,1,0.8962850871923009,0.9245947156822858,0.04182062566580304,"{""class_weight"": ""balanced"", ""max_depth"": 5, ""max_features"": 0.3, ""min_samples_leaf"": 2}"
2,2,108,0,0.27974409826323443,0.2502139460581606,0.1183826223645021,"{""class_weight"": ""balanced"", ""max_depth"": 5, ""max_features"": 0.3, ""min_samples_leaf"": 2}"
2,2,112,0,0.7060683030338815,0.8247476590463092,0.040707597363757064,"{""class_weight"": ""balanced"", ""max_depth"": 5, ""max_features"": 0.3, ""min_samples_leaf"": 2}"
2,2,121,0,0.6985995461467679,0.7931306261955757,0.10869288074476162,"{""class_weight"": ""balanced"", ""max_depth"": 5, ""max_features"": 0.3, ""min_samples_leaf"": 2}"
2,2,125,1,0.6163694694321187,0.7388491855355348,0.05306534247829498,"{""class_weight"": ""balanced"", ""max_depth"": 5, ""max_features"": 0.3, ""min_samples_leaf"": 2}"
2,2,127,1,0.8405555304255068,0.8955754076277023,0.04450986227609519,"{""class_weight"": ""balanced"", ""max_depth"": 5, ""max_features"": 0.3, ""min_samples_leaf"": 2}"
2,2,138,1,0.6369509218911886,0.715927554075177,0.06764629521160051,"{""class_weight"": ""balanced"", ""max_depth"": 5, ""max_features"": 0.3, ""min_samples_leaf"": 2}"
2,2,142,1,0.2255134774211707,0.24098188035367807,0.10008657287087747,"{""class_weight"": ""balanced"", ""max_depth"": 5, ""max_features"": 0.3, ""min_samples_leaf"": 2}"
2,2,145,0,0.6982360173323409,0.8178417664428517,0.10148888815872094,"{""class_weight"": ""balanced"", ""max_depth"": 5, ""max_features"": 0.3, ""min_samples_leaf"": 2}"
2,2,153,0,0.4847703248404981,0.44219183632079806,0.0722721302651252,"{""class_weight"": ""balanced"", ""max_depth"": 5, ""max_features"": 0.3, ""min_samples_leaf"": 2}"
2,2,155,1,0.8229611685937722,0.8999401984238492,0.05388225330029972,"{""class_weight"": ""balanced"", ""max_depth"": 5, ""max_features"": 0.3, ""min_samples_leaf"": 2}"
2,2,159,1,0.842359865543837,0.9134626477934316,0.04695895968114154,"{""class_weight"": ""balanced"", ""max_depth"": 5, ""max_features"": 0.3, ""min_samples_leaf"": 2}"
2,2,161,1,0.836389525584029,0.9044688808885228,0.04099080061529738,"{""class_weight"": ""balanced"", ""max_depth"": 5, ""max_features"": 0.3, ""min_samples_leaf"": 2}"
2,2,165,1,0.4639630416320258,0.5326084470860907,0.1286452487354673,"{""class_weight"": ""balanced"", ""max_depth"": 5, ""max_features"": 0.3, ""min_samples_leaf"": 2}"
2,2,179,0,0.1518806972509722,0.13505043153869947,0.06964303929382104,"{""class_weight"": ""balanced"", ""max_depth"": 5, ""max_features"": 0.3, ""min_samples_leaf"": 2}"
2,2,183,0,0.5988135927463514,0.6912664567358326,0.048521277390469984,"{""class_weight"": ""balanced"", ""max_depth"": 5, ""max_features"": 0.3, ""min_samples_leaf"": 2}"
2,2,189,1,0.721394312307787,0.8338197926808881,0.03817180421813071,"{""class_weight"": ""balanced"", ""max_depth"": 5, ""max_features"": 0.3, ""min_samples_leaf"": 2}"
2,2,192,0,0.13612545996487635,0.1199394448302761,0.05940549633036594,"{""class_weight"": ""balanced"", ""max_depth"": 5, ""max_features"": 0.3, ""min_samples_leaf"": 2}"
2,2,193,0,0.48880598744842974,0.5438051453356415,0.1521593677742152,"{""class_weight"": ""balanced"", ""max_depth"": 5, ""max_features"": 0.3, ""min_samples_leaf"": 2}"
2,2,197,1,0.8126981238483899,0.8901135137612772,0.067030432478897,"{""class_weight"": ""balanced"", ""max_depth"": 5, ""max_features"": 0.3, ""min_samples_leaf"": 2}"
2,2,200,1,0.6529357618852898,0.7965123699090279,0.044952619498344844,"{""class_weight"": ""balanced"", ""max_depth"": 5, ""max_features"": 0.3, ""min_samples_leaf"": 2}"
2,2,202,1,0.7439875624133795,0.8426122489146068,0.06469279592805699,"{""class_weight"": ""balanced"", ""max_depth"": 5, ""max_features"": 0.3, ""min_samples_leaf"": 2}"
2,2,205,0,0.38373287109158777,0.3580722499810868,0.10411848166951149,"{""class_weight"": ""balanced"", ""max_depth"": 5, ""max_features"": 0.3, ""min_samples_leaf"": 2}"
2,2,207,1,0.6544156866514336,0.7122417631694622,0.09419864547499987,"{""class_weight"": ""balanced"", ""max_depth"": 5, ""max_features"": 0.3, ""min_samples_leaf"": 2}"
2,2,217,0,0.23647550999258532,0.2359369096516759,0.1124099714452365,"{""class_weight"": ""balanced"", ""max_depth"": 5, ""max_features"": 0.3, ""min_samples_leaf"": 2}"
2,2,223,1,0.4806878585272715,0.4875716037762478,0.12339983122607474,"{""class_weight"": ""balanced"", ""max_depth"": 5, ""max_features"": 0.3, ""min_samples_leaf"": 2}"
2,2,227,1,0.6935476219044334,0.7914680597671394,0.01917566438208431,"{""class_weight"": ""balanced"", ""max_depth"": 5, ""max_features"": 0.3, ""min_samples_leaf"": 2}"
2,2,231,0,0.8581197503829281,0.9228790855603574,0.04322155048365544,"{""class_weight"": ""balanced"", ""max_depth"": 5, ""max_features"": 0.3, ""min_samples_leaf"": 2}"
2,2,239,1,0.7903417105585842,0.8518743738647165,0.02714398326525866,"{""class_weight"": ""balanced"", ""max_depth"": 5, ""max_features"": 0.3, ""min_samples_leaf"": 2}"
2,2,240,1,0.8970973288619373,0.9319329468120973,0.04222807584867508,"{""class_weight"": ""balanced"", ""max_depth"": 5, ""max_features"": 0.3, ""min_samples_leaf"": 2}"
2,2,243,0,0.8302324017478769,0.894763147912994,0.042200803206634045,"{""class_weight"": ""balanced"", ""max_depth"": 5, ""max_features"": 0.3, ""min_samples_leaf"": 2}"
2,2,251,1,0.29635979845062105,0.3237276681592079,0.08091580575835972,"{""class_weight"": ""balanced"", ""max_depth"": 5, ""max_features"": 0.3, ""min_samples_leaf"": 2}"
2,2,254,0,0.5042625678489607,0.5477510593608594,0.03645551795385879,"{""class_weight"": ""balanced"", ""max_depth"": 5, ""max_features"": 0.3, ""min_samples_leaf"": 2}"
2,2,260,1,0.7142377766434743,0.8136922705963687,0.052620687251354395,"{""class_weight"": ""balanced"", ""max_depth"": 5, ""max_features"": 0.3, ""min_samples_leaf"": 2}"
2,2,272,0,0.5658151707561393,0.6549256099955296,0.09327206993734652,"{""class_weight"": ""balanced"", ""max_depth"": 5, ""max_features"": 0.3, ""min_samples_leaf"": 2}"
2,2,278,0,0.8167429729394521,0.8909584748751775,0.028138877595935214,"{""class_weight"": ""balanced"", ""max_depth"": 5, ""max_features"": 0.3, ""min_samples_leaf"": 2}"
2,2,289,0,0.37563609627014216,0.3621156128020403,0.11297207433467675,"{""class_weight"": ""balanced"", ""max_depth"": 5, ""max_features"": 0.3, ""min_samples_leaf"": 2}"
2,2,292,0,0.45838934846652546,0.45114921317570617,0.06793242185711292,"{""class_weight"": ""balanced"", ""max_depth"": 5, ""max_features"": 0.3, ""min_samples_leaf"": 2}"
2,2,293,0,0.2743082708845055,0.22736255694760374,0.11225358282793826,"{""class_weight"": ""balanced"", ""max_depth"": 5, ""max_features"": 0.3, ""min_samples_leaf"": 2}"
2,2,295,0,0.48853331874447575,0.4873630968843125,0.1146040796645832,"{""class_weight"": ""balanced"", ""max_depth"": 5, ""max_features"": 0.3, ""min_samples_leaf"": 2}"
2,3,1,1,0.8919613313608648,0.9266338962759807,0.03135110509620642,"{""class_weight"": null, ""max_depth"": 6, ""max_features"": 0.3, ""min_samples_leaf"": 13}"
2,3,2,1,0.8086176844661755,0.8820432650369909,0.025123104624794213,"{""class_weight"": null, ""max_depth"": 6, ""max_features"": 0.3, ""min_samples_leaf"": 13}"
2,3,7,1,0.8093330001949329,0.899263951209439,0.025488827005719927,"{""class_weight"": null, ""max_depth"": 6, ""max_features"": 0.3, ""min_samples_leaf"": 13}"
2,3,13,1,0.584977946507879,0.5919405283400608,0.05098012303915256,"{""class_weight"": null, ""max_depth"": 6, ""max_features"": 0.3, ""min_samples_leaf"": 13}"
2,3,16,0,0.44018561452738736,0.42198407980559355,0.09742608157253958,"{""class_weight"": null, ""max_depth"": 6, ""max_features"": 0.3, ""min_samples_leaf"": 13}"
2,3,23,1,0.8213665033904282,0.8850344469283039,0.04662886142041551,"{""class_weight"": null, ""max_depth"": 6, ""max_features"": 0.3, ""min_samples_leaf"": 13}"
2,3,24,1,0.6930881993666123,0.7244939027635817,0.026613983344764194,"{""class_weight"": null, ""max_depth"": 6, ""max_features"": 0.3, ""min_samples_leaf"": 13}"
2,3,29,0,0.7851916512167821,0.8584006118290001,0.03385347476978087,"{""class_weight"": null, ""max_depth"": 6, ""max_features"": 0.3, ""min_samples_leaf"": 13}"
2,3,35,0,0.25873283812237813,0.13498501366724563,0.03515433905414177,"{""class_weight"": null, ""max_depth"": 6, ""max_features"": 0.3, ""min_samples_leaf"": 13}"
2,3,38,1,0.6518014628816382,0.703995281982664,0.09344552464713944,"{""class_weight"": null, ""max_depth"": 6, ""max_features"": 0.3, ""min_samples_leaf"": 13}"
2,3,44,0,0.6238582666729682,0.6924012142137187,0.08556539045719913,"{""class_weight"": null, ""max_depth"": 6, ""max_features"": 0.3, ""min_samples_leaf"": 13}"
2,3,46,1,0.6461171457144712,0.7216316721107547,0.053559763156997564,"{""class_weight"": null, ""max_depth"": 6, ""max_features"": 0.3, ""min_samples_leaf"": 13}"
2,3,61,1,0.5599393084903342,0.5358766626412688,0.11852589861766187,"{""class_weight"": null, ""max_depth"": 6, ""max_features"": 0.3, ""min_samples_leaf"": 13}"
2,3,63,1,0.6128133903642294,0.6484626471997263,0.07016257042202287,"{""class_weight"": null, ""max_depth"": 6, ""max_features"": 0.3, ""min_samples_leaf"": 13}"
2,3,66,1,0.8465238176345747,0.8922491983026708,0.039489004438639216,"{""class_weight"": null, ""max_depth"": 6, ""max_features"": 0.3, ""min_samples_leaf"": 13}"
2,3,73,0,0.5718535366139202,0.615601244727551,0.09271373885665324,"{""class_weight"": null, ""max_depth"": 6, ""max_features"": 0.3, ""min_samples_leaf"": 13}"
2,3,76,1,0.7867807310052763,0.8678640671083226,0.038843730917284346,"{""class_weight"": null, ""max_depth"": 6, ""max_features"": 0.3, ""min_samples_leaf"": 13}"
2,3,77,0,0.546378739311725,0.6015955755676756,0.10272330056976928,"{""class_weight"": null, ""max_depth"": 6, ""max_features"": 0.3, ""min_samples_leaf"": 13}"
2,3,96,1,0.8039170255047718,0.8650637666229961,0.03825096799822014,"{""class_weight"": null, ""max_depth"": 6, ""max_features"": 0.3, ""min_samples_leaf"": 13}"
2,3,99,1,0.651984267468601,0.7135247543280372,0.020743496452993965,"{""class_weight"": null, ""max_depth"": 6, ""max_features"": 0.3, ""min_samples_leaf"": 13}"
2,3,109,0,0.6472204913248129,0.7270850642232991,0.03180960171436836,"{""class_weight"": null, ""max_depth"": 6, ""max_features"": 0.3, ""min_samples_leaf"": 13}"
2,3,110,0,0.28312769401810933,0.17779611082648952,0.03297417382137081,"{""class_weight"": null, ""max_depth"": 6, ""max_features"": 0.3, ""min_samples_leaf"": 13}"
2,3,116,1,0.7948097317995945,0.8806015785647349,0.027910529010350748,"{""class_weight"": null, ""max_depth"": 6, ""max_features"": 0.3, ""min_samples_leaf"": 13}"
2,3,130,0,0.3472408858948442,0.2650624724075259,0.06246016468616866,"{""class_weight"": null, ""max_depth"": 6, ""max_features"": 0.3, ""min_samples_leaf"": 13}"
2,3,141,1,0.7450150382577122,0.8143314842512808,0.035701181142094626,"{""class_weight"": null, ""max_depth"": 6, ""max_features"": 0.3, ""min_samples_leaf"": 13}"
2,3,147,1,0.6631519899116595,0.7244870882289365,0.019835289729079462,"{""class_weight"": null, ""max_depth"": 6, ""max_features"": 0.3, ""min_samples_leaf"": 13}"
2,3,164,1,0.8819288046650138,0.9189925616354169,0.030804102367120122,"{""class_weight"": null, ""max_depth"": 6, ""max_features"": 0.3, ""min_samples_leaf"": 13}"
2,3,168,0,0.24490943939805893,0.15316230791998364,0.06368385536711933,"{""class_weight"": null, ""max_depth"": 6, ""max_features"": 0.3, ""min_samples_leaf"": 13}"
2,3,180,1,0.5278675715184441,0.5646353639728261,0.10945971056640856,"{""class_weight"": null, ""max_depth"": 6, ""max_features"": 0.3, ""min_samples_leaf"": 13}"
2,3,181,1,0.7783304177723059,0.8513527008648832,0.02736667016265824,"{""class_weight"": null, ""max_depth"": 6, ""max_features"": 0.3, ""min_samples_leaf"": 13}"
2,3,195,0,0.7157659750766374,0.7890420247521396,0.0345116834943877,"{""class_weight"": null, ""max_depth"": 6, ""max_features"": 0.3, ""min_samples_leaf"": 13}"
2,3,196,0,0.2696032782502818,0.15645214543444025,0.050827365692755505,"{""class_weight"": null, ""max_depth"": 6, ""max_features"": 0.3, ""min_samples_leaf"": 13}"
2,3,198,1,0.8012948874935462,0.8761893109338539,0.029674222808100212,"{""class_weight"": null, ""max_depth"": 6, ""max_features"": 0.3, ""min_samples_leaf"": 13}"
2,3,199,0,0.38125303127201327,0.34339412615422754,0.08306226953974154,"{""class_weight"": null, ""max_depth"": 6, ""max_features"": 0.3, ""min_samples_leaf"": 13}"
2,3,204,0,0.528755446281564,0.48001260172428656,0.14811733409093925,"{""class_weight"": null, ""max_depth"": 6, ""max_features"": 0.3, ""min_samples_leaf"": 13}"
2,3,206,1,0.645512352128021,0.7297226628351542,0.04972585766011609,"{""class_weight"": null, ""max_depth"": 6, ""max_features"": 0.3, ""min_samples_leaf"": 13}"
2,3,214,0,0.8643582370573362,0.8993723989502463,0.03712783998862712,"{""class_weight"": null, ""max_depth"": 6, ""max_features"": 0.3, ""min_samples_leaf"": 13}"
2,3,219,1,0.22382953265431463,0.12618278950728967,0.04051421946352488,"{""class_weight"": null, ""max_depth"": 6, ""max_features"": 0.3, ""min_samples_leaf"": 13}"
2,3,220,1,0.6307267852466116,0.6975185274387824,0.061429244069398495,"{""class_weight"": null, ""max_depth"": 6, ""max_features"": 0.3, ""min_samples_leaf"": 13}"
2,3,222,1,0.6811452799260863,0.7430848045244346,0.05676412493049956,"{""class_weight"": null, ""max_depth"": 6, ""max_features"": 0.3, ""min_samples_leaf"": 13}"
2,3,224,1,0.872894948318128,0.9151803475506807,0.03144637429306489,"{""class_weight"": null, ""max_depth"": 6, ""max_features"": 0.3, ""min_samples_leaf"": 13}"
2,3,228,1,0.6103436508760945,0.613445666648043,0.0725368873260431,"{""class_weight"": null, ""max_depth"": 6, ""max_features"": 0.3, ""min_samples_leaf"": 13}"
2,3,233,0,0.34570316732225376,0.25839768771702365,0.06401151256913229,"{""class_weight"": null, ""max_depth"": 6, ""max_features"": 0.3, ""min_samples_leaf"": 13}"
2,3,236,1,0.601314337147046,0.60017090196322,0.15982356030950137,"{""class_weight"": null, ""max_depth"": 6, ""max_features"": 0.3, ""min_samples_leaf"": 13}"
2,3,241,1,0.3481981649959589,0.27059007706013777,0.05522049713837395,"{""class_weight"": null, ""max_depth"": 6, ""max_features"": 0.3, ""min_samples_leaf"": 13}"
2,3,246,1,0.8581030911803835,0.9068154845704004,0.028179928028726903,"{""class_weight"": null, ""max_depth"": 6, ""max_features"": 0.3, ""min_samples_leaf"": 13}"
2,3,253,1,0.6537405732508408,0.6924406657275634,0.06997203660579855,"{""class_weight"": null, ""max_depth"": 6, ""max_features"": 0.3, ""min_samples_leaf"": 13}"
2,3,259,1,0.6004631282185157,0.6128451371144288,0.10974735196492089,"{""class_weight"": null, ""max_depth"": 6, ""max_features"": 0.3, ""min_samples_leaf"": 13}"
2,3,261,0,0.14959705250804547,0.09585784394983596,0.04302726792892305,"{""class_weight"": null, ""max_depth"": 6, ""max_features"": 0.3, ""min_samples_leaf"": 13}"
2,3,266,0,0.7119724143175297,0.7832570453307635,0.010020078829210317,"{""class_weight"": null, ""max_depth"": 6, ""max_features"": 0.3, ""min_samples_leaf"": 13}"
2,3,268,0,0.49095213730002135,0.41374554182575274,0.022877464591012957,"{""class_weight"": null, ""max_depth"": 6, ""max_features"": 0.3, ""min_samples_leaf"": 13}"
2,3,273,1,0.8096532537151517,0.884465760776213,0.04106155548956563,"{""class_weight"": null, ""max_depth"": 6, ""max_features"": 0.3, ""min_samples_leaf"": 13}"
2,3,275,1,0.7815598284747325,0.8360422627821278,0.03334745015793199,"{""class_weight"": null, ""max_depth"": 6, ""max_features"": 0.3, ""min_samples_leaf"": 13}"
2,3,280,0,0.270829500076776,0.17467437033989425,0.06927835854845941,"{""class_weight"": null, ""max_depth"": 6, ""max_features"": 0.3, ""min_samples_leaf"": 13}"
2,3,284,0,0.5056675887862747,0.4882927209249014,0.06448035310649179,"{""class_weight"": null, ""max_depth"": 6, ""max_features"": 0.3, ""min_samples_leaf"": 13}"
2,3,288,0,0.457643429669918,0.4288833607209585,0.07114960902212925,"{""class_weight"": null, ""max_depth"": 6, ""max_features"": 0.3, ""min_samples_leaf"": 13}"
2,3,294,1,0.5161732562981992,0.479930782721438,0.10051790620598848,"{""class_weight"": null, ""max_depth"": 6, ""max_features"": 0.3, ""min_samples_leaf"": 13}"
2,3,297,0,0.32760599768936016,0.19055209389707342,0.039990435742684745,"{""class_weight"": null, ""max_depth"": 6, ""max_features"": 0.3, ""min_samples_leaf"": 13}"
2,3,299,0,0.3699026623859977,0.3187945439538772,0.05869924717953217,"{""class_weight"": null, ""max_depth"": 6, ""max_features"": 0.3, ""min_samples_leaf"": 13}"
2,3,300,0,0.2639767834366094,0.1583909501631526,0.05652976784188239,"{""class_weight"": null, ""max_depth"": 6, ""max_features"": 0.3, ""min_samples_leaf"": 13}"
2,4,0,1,0.42499032692287986,0.36985914578724244,0.09750320923388837,"{""class_weight"": null, ""max_depth"": 5, ""max_features"": ""sqrt"", ""min_samples_leaf"": 2}"
2,4,10,1,0.5697202089440526,0.5715127857851849,0.07389357976009969,"{""class_weight"": null, ""max_depth"": 5, ""max_features"": ""sqrt"", ""min_samples_leaf"": 2}"
2,4,14,1,0.43258620607553716,0.3286238620618974,0.057893422894990894,"{""class_weight"": null, ""max_depth"": 5, ""max_features"": ""sqrt"", ""min_samples_leaf"": 2}"
2,4,18,1,0.6243310740475877,0.652267265678236,0.07538069048523886,"{""class_weight"": null, ""max_depth"": 5, ""max_features"": ""sqrt"", ""min_samples_leaf"": 2}"
2,4,19,0,0.6070467593914184,0.7257521863436978,0.07841691221807835,"{""class_weight"": null, ""max_depth"": 5, ""max_features"": ""sqrt"", ""min_samples_leaf"": 2}"
2,4,25,1,0.8704555547620595,0.9219971223975925,0.07375541679542544,"{""class_weight"": null, ""max_depth"": 5, ""max_features"": ""sqrt"", ""min_samples_leaf"": 2}"
2,4,26,0,0.4643015716512237,0.49606558425681246,0.09596106261523943,"{""class_weight"": null, ""max_depth"": 5, ""max_features"": ""sqrt"", ""min_samples_leaf"": 2}"
2,4,28,1,0.8404931748855646,0.9170956108530657,0.053815202787239544,"{""class_weight"": null, ""max_depth"": 5, ""max_features"": ""sqrt"", ""min_samples_leaf"": 2}"
2,4,51,1,0.6028558771990485,0.6726369617434785,0.05320136445226706,"{""class_weight"": null, ""max_depth"": 5, ""max_features"": ""sqrt"", ""min_samples_leaf"": 2}"
2,4,52,1,0.9045909783657041,0.9457662489752294,0.040843070374815785,"{""class_weight"": null, ""max_depth"": 5, ""max_features"": ""sqrt"", ""min_samples_leaf"": 2}"
2,4,56,1,0.6496647478662525,0.7122559740093187,0.058008022424634126,"{""class_weight"": null, ""max_depth"": 5, ""max_features"": ""sqrt"", ""min_samples_leaf"": 2}"
2,4,75,1,0.4763756731015958,0.38244473353995784,0.11668646944754212,"{""class_weight"": null, ""max_depth"": 5, ""max_features"": ""sqrt"", ""min_samples_leaf"": 2}"
2,4,79,0,0.2676053664396584,0.13922012106484563,0.026036770517644282,"{""class_weight"": null, ""max_depth"": 5, ""max_features"": ""sqrt"", ""min_samples_leaf"": 2}"
2,4,84,0,0.7796289813454949,0.8867355777714809,0.07550396671061654,"{""class_weight"": null, ""max_depth"": 5, ""max_features"": ""sqrt"", ""min_samples_leaf"": 2}"
2,4,87,1,0.6968718130661171,0.8095213626371596,0.038680230570287986,"{""class_weight"": null, ""max_depth"": 5, ""max_features"": ""sqrt"", ""min_samples_leaf"": 2}"
2,4,88,0,0.8035684023289827,0.904866924590052,0.05893666191871613,"{""class_weight"": null, ""max_depth"": 5, ""max_features"": ""sqrt"", ""min_samples_leaf"": 2}"
2,4,91,0,0.4249008646676878,0.2635263897170353,0.10054479796837716,"{""class_weight"": null, ""max_depth"": 5, ""max_features"": ""sqrt"", ""min_samples_leaf"": 2}"
2,4,92,1,0.8337116464601386,0.9180159758829258,0.061083783281514294,"{""class_weight"": null, ""max_depth"": 5, ""max_features"": ""sqrt"", ""min_samples_leaf"": 2}"
2,4,100,1,0.6676975631651983,0.8131080902959704,0.09307949643014082,"{""class_weight"": null, ""max_depth"": 5, ""max_features"": ""sqrt"", ""min_samples_leaf"": 2}"
2,4,102,0,0.21358988454326341,0.08786108691044203,0.04526663635872491,"{""class_weight"": null, ""max_depth"": 5, ""max_features"": ""sqrt"", ""min_samples_leaf"": 2}"
2,4,103,1,0.8187182075975762,0.906144481350814,0.07411375699039799,"{""class_weight"": null, ""max_depth"": 5, ""max_features"": ""sqrt"", ""min_samples_leaf"": 2}"
2,4,106,1,0.6405949030093497,0.6977230267977411,0.04363839599249577,"{""class_weight"": null, ""max_depth"": 5, ""max_features"": ""sqrt"", ""min_samples_leaf"": 2}"
2,4,124,1,0.611897720699431,0.6941452729199135,0.07916615234102263,"{""class_weight"": null, ""max_depth"": 5, ""max_features"": ""sqrt"", ""min_samples_leaf"": 2}"
2,4,129,0,0.4871941963500519,0.48071236825591923,0.11733535460487411,"{""class_weight"": null, ""max_depth"": 5, ""max_features"": ""sqrt"", ""min_samples_leaf"": 2}"
2,4,132,1,0.8414211423764517,0.9016429016342457,0.07569434425331348,"{""class_weight"": null, ""max_depth"": 5, ""max_features"": ""sqrt"", ""min_samples_leaf"": 2}"
2,4,144,1,0.7821092595850329,0.8741321963532286,0.0806587149589235,"{""class_weight"": null, ""max_depth"": 5, ""max_features"": ""sqrt"", ""min_samples_leaf"": 2}"
2,4,146,1,0.8991140494565023,0.9403452723045278,0.049591554254055606,"{""class_weight"": null, ""max_depth"": 5, ""max_features"": ""sqrt"", ""min_samples_leaf"": 2}"
2,4,151,0,0.4040309200873148,0.2535797951383532,0.07694839037831402,"{""class_weight"": null, ""max_depth"": 5, ""max_features"": ""sqrt"", ""min_samples_leaf"": 2}"
2,4,157,1,0.5632280622782707,0.5923572874281293,0.07545262031996892,"{""class_weight"": null, ""max_depth"": 5, ""max_features"": ""sqrt"", ""min_samples_leaf"": 2}"
2,4,163,1,0.5994486473514032,0.6925493039433063,0.08330906732059776,"{""class_weight"": null, ""max_depth"": 5, ""max_features"": ""sqrt"", ""min_samples_leaf"": 2}"
2,4,173,1,0.6680962887740725,0.7834657867189653,0.0994061419865163,"{""class_weight"": null, ""max_depth"": 5, ""max_features"": ""sqrt"", ""min_samples_leaf"": 2}"
2,4,175,0,0.4663558665531418,0.40397320994414054,0.08920998127627065,"{""class_weight"": null, ""max_depth"": 5, ""max_features"": ""sqrt"", ""min_samples_leaf"": 2}"
2,4,185,0,0.4204942454985353,0.3773405348486405,0.05449880967715287,"{""class_weight"": null, ""max_depth"": 5, ""max_features"": ""sqrt"", ""min_samples_leaf"": 2}"
2,4,188,1,0.44014798163040925,0.3735611538887283,0.08690441430815728,"{""class_weight"": null, ""max_depth"": 5, ""max_features"": ""sqrt"", ""min_samples_leaf"": 2}"
2,4,191,1,0.786083852079032,0.8794542766673749,0.08388393572361759,"{""class_weight"": null, ""max_depth"": 5, ""max_features"": ""sqrt"", ""min_samples_leaf"": 2}"
2,4,209,1,0.6449368469857863,0.7387942792638316,0.11142314243093211,"{""class_weight"": null, ""max_depth"": 5, ""max_features"": ""sqrt"", ""min_samples_leaf"": 2}"
2,4,210,0,0.22265890840649671,0.07450500195245172,0.03516927160339648,"{""class_weight"": null, ""max_depth"": 5, ""max_features"": ""sqrt"", ""min_samples_leaf"": 2}"
2,4,212,0,0.20228142907209115,0.08091876540132972,0.043577997999752656,"{""class_weight"": null, ""max_depth"": 5, ""max_features"": ""sqrt"", ""min_samples_leaf"": 2}"
2,4,215,1,0.7047242741113464,0.8192300446583938,0.07510064524697921,"{""class_weight"": null, ""max_depth"": 5, ""max_features"": ""sqrt"", ""min_samples_leaf"": 2}"
2,4,216,0,0.5981798925608168,0.7067436895167387,0.10555051346307864,"{""class_weight"": null, ""max_depth"": 5, ""max_features"": ""sqrt"", ""min_samples_leaf"": 2}"
2,4,232,1,0.7214902441995553,0.8393087149626159,0.08258530243876794,"{""class_weight"": null, ""max_depth"": 5, ""max_features"": ""sqrt"", ""min_samples_leaf"": 2}"
2,4,234,0,0.3345531423923458,0.1905805770499925,0.08419671943160921,"{""class_weight"": null, ""max_depth"": 5, ""max_features"": ""sqrt"", ""min_samples_leaf"": 2}"
2,4,235,1,0.7897313603338051,0.8853401978315902,0.10163747150295166,"{""class_weight"": null, ""max_depth"": 5, ""max_features"": ""sqrt"", ""min_samples_leaf"": 2}"
2,4,238,1,0.35491138370592024,0.18899424307850893,0.09360629071270961,"{""class_weight"": null, ""max_depth"": 5, ""max_features"": ""sqrt"", ""min_samples_leaf"": 2}"
2,4,250,1,0.6051456994539315,0.6660415219307887,0.06982769717690394,"{""class_weight"": null, ""max_depth"": 5, ""max_features"": ""sqrt"", ""min_samples_leaf"": 2}"
2,4,262,1,0.5174209937131571,0.4918944607081162,0.049743454480775766,"{""class_weight"": null, ""max_depth"": 5, ""max_features"": ""sqrt"", ""min_samples_leaf"": 2}"
2,4,263,0,0.23909568124542596,0.12228380279908795,0.05357341645657747,"{""class_weight"": null, ""max_depth"": 5, ""max_features"": ""sqrt"", ""min_samples_leaf"": 2}"
2,4,264,0,0.28222035993374667,0.1518839169730574,0.06691421661626103,"{""class_weight"": null, ""max_depth"": 5, ""max_features"": ""sqrt"", ""min_samples_leaf"": 2}"
2,4,265,0,0.6620284651907166,0.7308205010322937,0.06885246214773734,"{""class_weight"": null, ""max_depth"": 5, ""max_features"": ""sqrt"", ""min_samples_leaf"": 2}"
2,4,267,1,0.7212659977050735,0.8389019669538893,0.08691737719427058,"{""class_weight"": null, ""max_depth"": 5, ""max_features"": ""sqrt"", ""min_samples_leaf"": 2}"
2,4,270,0,0.18211380969417548,0.07459577515503737,0.0449651604938239,"{""class_weight"": null, ""max_depth"": 5, ""max_features"": ""sqrt"", ""min_samples_leaf"": 2}"
2,4,276,0,0.4040017260180534,0.22895708005659038,0.0809274684195204,"{""class_weight"": null, ""max_depth"": 5, ""max_features"": ""sqrt"", ""min_samples_leaf"": 2}"
2,4,277,1,0.8622680941341846,0.918972369941657,0.06600804229253511,"{""class_weight"": null, ""max_depth"": 5, ""max_features"": ""sqrt"", ""min_samples_leaf"": 2}"
2,4,279,0,0.5843230658686435,0.5782384017315804,0.06773682990299923,"{""class_weight"": null, ""max_depth"": 5, ""max_features"": ""sqrt"", ""min_samples_leaf"": 2}"
2,4,281,1,0.5222559763817001,0.5101255563899999,0.09369635427736699,"{""class_weight"": null, ""max_depth"": 5, ""max_features"": ""sqrt"", ""min_samples_leaf"": 2}"
2,4,282,0,0.740704640556866,0.8630824251092999,0.06277992110950334,"{""class_weight"": null, ""max_depth"": 5, ""max_features"": ""sqrt"", ""min_samples_leaf"": 2}"
2,4,285,0,0.358475553793479,0.19681675737941934,0.04947039269173801,"{""class_weight"": null, ""max_depth"": 5, ""max_features"": ""sqrt"", ""min_samples_leaf"": 2}"
2,4,287,0,0.5030202234439105,0.4755991623850872,0.07989723432127366,"{""class_weight"": null, ""max_depth"": 5, ""max_features"": ""sqrt"", ""min_samples_leaf"": 2}"
2,4,291,0,0.4591076123676938,0.41021753733306143,0.07827488164686006,"{""class_weight"": null, ""max_depth"": 5, ""max_features"": ""sqrt"", ""min_samples_leaf"": 2}"
2,4,298,1,0.6815928194766314,0.794550337498987,0.07072682328691236,"{""class_weight"": null, ""max_depth"": 5, ""max_features"": ""sqrt"", ""min_samples_leaf"": 2}"
3,0,0,1,0.2727994429600985,0.24850437982556922,0.07764964882560407,"{""class_weight"": ""balanced"", ""max_depth"": 4, ""max_features"": 0.3, ""min_samples_leaf"": 7}"
3,0,9,0,0.7679395623804387,0.865471115154606,0.05646499710333421,"{""class_weight"": ""balanced"", ""max_depth"": 4, ""max_features"": 0.3, ""min_samples_leaf"": 7}"
3,0,12,1,0.6412040046019563,0.7566902916885635,0.1007195251141893,"{""class_weight"": ""balanced"", ""max_depth"": 4, ""max_features"": 0.3, ""min_samples_leaf"": 7}"
3,0,19,0,0.6837430537143744,0.8213208649917197,0.08791754920435325,"{""class_weight"": ""balanced"", ""max_depth"": 4, ""max_features"": 0.3, ""min_samples_leaf"": 7}"
3,0,21,1,0.6294977705030664,0.7492291548102308,0.08765427593835862,"{""class_weight"": ""balanced"", ""max_depth"": 4, ""max_features"": 0.3, ""min_samples_leaf"": 7}"
3,0,29,0,0.8063552666690195,0.8877748866013381,0.06635025677858213,"{""class_weight"": ""balanced"", ""max_depth"": 4, ""max_features"": 0.3, ""min_samples_leaf"": 7}"
3,0,32,1,0.6448893483876619,0.7946630851932468,0.08627924988867101,"{""class_weight"": ""balanced"", ""max_depth"": 4, ""max_features"": 0.3, ""min_samples_leaf"": 7}"
3,0,41,0,0.12148234412942455,0.13158731526223777,0.046956872425637945,"{""class_weight"": ""balanced"", ""max_depth"": 4, ""max_features"": 0.3, ""min_samples_leaf"": 7}"
3,0,57,1,0.8194823954308263,0.8963134627550641,0.05275573172171819,"{""class_weight"": ""balanced"", ""max_depth"": 4, ""max_features"": 0.3, ""min_samples_leaf"": 7}"
3,0,63,1,0.5298289807648121,0.5861868340561509,0.07661645459224353,"{""class_weight"": ""balanced"", ""max_depth"": 4, ""max_features"": 0.3, ""min_samples_leaf"": 7}"
3,0,67,0,0.5844619367782555,0.6864070975274876,0.11405049111769777,"{""class_weight"": ""balanced"", ""max_depth"": 4, ""max_features"": 0.3, ""min_samples_leaf"": 7}"
3,0,68,0,0.19832346421426947,0.1619923553552664,0.05847327297411443,"{""class_weight"": ""balanced"", ""max_depth"": 4, ""max_features"": 0.3, ""min_samples_leaf"": 7}"
3,0,70,0,0.16100645830319557,0.13271529908051133,0.06612996838500493,"{""class_weight"": ""balanced"", ""max_depth"": 4, ""max_features"": 0.3, ""min_samples_leaf"": 7}"
3,0,83,1,0.6002433038029817,0.6333719926439487,0.034266285281081194,"{""class_weight"": ""balanced"", ""max_depth"": 4, ""max_features"": 0.3, ""min_samples_leaf"": 7}"
3,0,85,0,0.5906704743603772,0.731773684960437,0.11949885874506772,"{""class_weight"": ""balanced"", ""max_depth"": 4, ""max_features"": 0.3, ""min_samples_leaf"": 7}"
3,0,94,1,0.8064077647043982,0.8909587213968979,0.05872831307074508,"{""class_weight"": ""balanced"", ""max_depth"": 4, ""max_features"": 0.3, ""min_samples_leaf"": 7}"
3,0,96,1,0.7655754754907154,0.8555085235339295,0.07119152268308535,"{""class_weight"": ""balanced"", ""max_depth"": 4, ""max_features"": 0.3, ""min_samples_leaf"": 7}"
3,0,102,0,0.14972608984709368,0.1367354467465464,0.059981107209077844,"{""class_weight"": ""balanced"", ""max_depth"": 4, ""max_features"": 0.3, ""min_samples_leaf"": 7}"
3,0,104,0,0.5736219885154021,0.6526163628066755,0.09482044684592668,"{""class_weight"": ""balanced"", ""max_depth"": 4, ""max_features"": 0.3, ""min_samples_leaf"": 7}"
3,0,113,0,0.11372731874624865,0.10872083179445417,0.050311758521593114,"{""class_weight"": ""balanced"", ""max_depth"": 4, ""max_features"": 0.3, ""min_samples_leaf"": 7}"
3,0,114,1,0.8508436088773025,0.9098676679528586,0.04906002870685854,"{""class_weight"": ""balanced"", ""max_depth"": 4, ""max_features"": 0.3, ""min_samples_leaf"": 7}"
3,0,117,1,0.6985832115466559,0.8202610876965186,0.06472725877132444,"{""class_weight"": ""balanced"", ""max_depth"": 4, ""max_features"": 0.3, ""min_samples_leaf"": 7}"
3,0,118,1,0.6633066083415051,0.7852133071529612,0.07509448817175474,"{""class_weight"": ""balanced"", ""max_depth"": 4, ""max_features"": 0.3, ""min_samples_leaf"": 7}"
3,0,120,1,0.4940437614777948,0.5587879217384335,0.07640937050028612,"{""class_weight"": ""balanced"", ""max_depth"": 4, ""max_features"": 0.3, ""min_samples_leaf"": 7}"
3,0,123,1,0.33700260690852857,0.31279780911623556,0.04128097448919657,"{""class_weight"": ""balanced"", ""max_depth"": 4, ""max_features"": 0.3, ""min_samples_leaf"": 7}"
3,0,132,1,0.7272403457413765,0.8293077002126055,0.0766996194634209,"{""class_weight"": ""balanced"", ""max_depth"": 4, ""max_features"": 0.3, ""min_samples_leaf"": 7}"
3,0,138,1,0.6514271402710292,0.7528758514110863,0.059058072378218966,"{""class_weight"": ""balanced"", ""max_depth"": 4, ""max_features"": 0.3, ""min_samples_leaf"": 7}"
3,0,140,1,0.7695903670539138,0.8616249518455994,0.05272853429649869,"{""class_weight"": ""balanced"", ""max_depth"": 4, ""max_features"": 0.3, ""min_samples_leaf"": 7}"
3,0,146,1,0.851352220498279,0.9060464947917728,0.05389837228265059,"{""class_weight"": ""balanced"", ""max_depth"": 4, ""max_features"": 0.3, ""min_samples_leaf"": 7}"
3,0,148,1,0.4100886304749397,0.42256679845198564,0.05893066280446665,"{""class_weight"": ""balanced"", ""max_depth"": 4, ""max_features"": 0.3, ""min_samples_leaf"": 7}"
3,0,156,1,0.44471403689386024,0.49244835295296774,0.07343907977761928,"{""class_weight"": ""balanced"", ""max_depth"": 4, ""max_features"": 0.3, ""min_samples_leaf"": 7}"
3,0,159,1,0.8608924527343451,0.9180142629498272,0.05117785535750269,"{""class_weight"": ""balanced"", ""max_depth"": 4, ""max_features"": 0.3, ""min_samples_leaf"": 7}"
3,0,162,1,0.7492218766845907,0.8507788643096454,0.07952002336753566,"{""class_weight"": ""balanced"", ""max_depth"": 4, ""max_features"": 0.3, ""min_samples_leaf"": 7}"
3,0,163,1,0.42824869101435215,0.48634494913374093,0.09301714701261905,"{""class_weight"": ""balanced"", ""max_depth"": 4, ""max_features"": 0.3, ""min_samples_leaf"": 7}"
3,0,167,1,0.6545827254128682,0.7667179119489088,0.08961093823433243,"{""class_weight"": ""balanced"", ""max_depth"": 4, ""max_features"": 0.3, ""min_samples_leaf"": 7}"
3,0,168,0,0.24443517574297588,0.19689094017080255,0.06248846990008722,"{""class_weight"": ""balanced"", ""max_depth"": 4, ""max_features"": 0.3, ""min_samples_leaf"": 7}"
3,0,174,1,0.8174996708462902,0.8962530917242792,0.0611549107698311,"{""class_weight"": ""balanced"", ""max_depth"": 4, ""max_features"": 0.3, ""min_samples_leaf"": 7}"
3,0,175,0,0.45354667900427265,0.48663287003556144,0.0586450362519569,"{""class_weight"": ""balanced"", ""max_depth"": 4, ""max_features"": 0.3, ""min_samples_leaf"": 7}"
3,0,193,0,0.3143349063429409,0.33074001081679655,0.054483825876475496,"{""class_weight"": ""balanced"", ""max_depth"": 4, ""max_features"": 0.3, ""min_samples_leaf"": 7}"
3,0,212,0,0.14773703583216624,0.1319226869103151,0.052723024608911644,"{""class_weight"": ""balanced"", ""max_depth"": 4, ""max_features"": 0.3, ""min_samples_leaf"": 7}"
3,0,216,0,0.36322704284334073,0.3703114723514308,0.02923417460583277,"{""class_weight"": ""balanced"", ""max_depth"": 4, ""max_features"": 0.3, ""min_samples_leaf"": 7}"
3,0,218,0,0.24117168437152306,0.18864889524394787,0.0628501283268246,"{""class_weight"": ""balanced"", ""max_depth"": 4, ""max_features"": 0.3, ""min_samples_leaf"": 7}"
3,0,219,1,0.1916105725313604,0.15584549893464145,0.05653241926494545,"{""class_weight"": ""balanced"", ""max_depth"": 4, ""max_features"": 0.3, ""min_samples_leaf"": 7}"
3,0,221,1,0.41822830126949273,0.45211121985566105,0.033769793898140985,"{""class_weight"": ""balanced"", ""max_depth"": 4, ""max_features"": 0.3, ""min_samples_leaf"": 7}"
3,0,232,1,0.7492110501865569,0.8441494828539646,0.06793541444627417,"{""class_weight"": ""balanced"", ""max_depth"": 4, ""max_features"": 0.3, ""min_samples_leaf"": 7}"
3,0,233,0,0.24592250720928818,0.2144432304455634,0.04847427004134071,"{""class_weight"": ""balanced"", ""max_depth"": 4, ""max_features"": 0.3, ""min_samples_leaf"": 7}"
3,0,234,0,0.1730813806501271,0.17200713892605873,0.06465759044047059,"{""class_weight"": ""balanced"", ""max_depth"": 4, ""max_features"": 0.3, ""min_samples_leaf"": 7}"
3,0,237,1,0.5848977042328559,0.6597109697013883,0.10483205249352079,"{""class_weight"": ""balanced"", ""max_depth"": 4, ""max_features"": 0.3, ""min_samples_leaf"": 7}"
3,0,238,1,0.18677055582052146,0.1737350671250193,0.062443877908576494,"{""class_weight"": ""balanced"", ""max_depth"": 4, ""max_features"": 0.3, ""min_samples_leaf"": 7}"
3,0,244,1,0.2243154465034003,0.22169015202000136,0.06733477888243126,"{""class_weight"": ""balanced"", ""max_depth"": 4, ""max_features"": 0.3, ""min_samples_leaf"": 7}"
3,0,245,1,0.38026880349011444,0.3660678180039734,0.04661412813733948,"{""class_weight"": ""balanced"", ""max_depth"": 4, ""max_features"": 0.3, ""min_samples_leaf"": 7}"
3,0,251,1,0.30624608486021204,0.22484356482256107,0.0702062209976416,"{""class_weight"": ""balanced"", ""max_depth"": 4, ""max_features"": 0.3, ""min_samples_leaf"": 7}"
3,0,253,1,0.5699079758109864,0.6974759039770034,0.10717540535750006,"{""class_weight"": ""balanced"", ""max_depth"": 4, ""max_features"": 0.3, ""min_samples_leaf"": 7}"
3,0,263,0,0.11536034508280468,0.11666126311451175,0.06013223857178971,"{""class_weight"": ""balanced"", ""max_depth"": 4, ""max_features"": 0.3, ""min_samples_leaf"": 7}"
3,0,275,1,0.7212116388213685,0.8183669983203943,0.09741810570905587,"{""class_weight"": ""balanced"", ""max_depth"": 4, ""max_features"": 0.3, ""min_samples_leaf"": 7}"
3,0,276,0,0.22913574417475882,0.1899672705928594,0.06142325297325052,"{""class_weight"": ""balanced"", ""max_depth"": 4, ""max_features"": 0.3, ""min_samples_leaf"": 7}"
3,0,279,0,0.5992769007802486,0.7169093394706264,0.09683927558398502,"{""class_weight"": ""balanced"", ""max_depth"": 4, ""max_features"": 0.3, ""min_samples_leaf"": 7}"
3,0,281,1,0.3271214877314153,0.32890906475100035,0.06997458709404764,"{""class_weight"": ""balanced"", ""max_depth"": 4, ""max_features"": 0.3, ""min_samples_leaf"": 7}"
3,0,288,0,0.2789947917971853,0.2827221321239893,0.056636897860759566,"{""class_weight"": ""balanced"", ""max_depth"": 4, ""max_features"": 0.3, ""min_samples_leaf"": 7}"
3,0,292,0,0.34857336567911207,0.3218590444012147,0.08454218744619045,"{""class_weight"": ""balanced"", ""max_depth"": 4, ""max_features"": 0.3, ""min_samples_leaf"": 7}"
3,0,293,0,0.17437602576910666,0.16101485160917112,0.07414866002397964,"{""class_weight"": ""balanced"", ""max_depth"": 4, ""max_features"": 0.3, ""min_samples_leaf"": 7}"
3,1,4,0,0.3684268568460732,0.2426221027537124,0.06909117450314325,"{""class_weight"": null, ""max_depth"": 5, ""max_features"": ""sqrt"", ""min_samples_leaf"": 4}"
3,1,6,1,0.7368102798828031,0.8189061254552161,0.04739016178991079,"{""class_weight"": null, ""max_depth"": 5, ""max_features"": ""sqrt"", ""min_samples_leaf"": 4}"
3,1,11,1,0.8451172812977268,0.9126794083180048,0.036903347633627695,"{""class_weight"": null, ""max_depth"": 5, ""max_features"": ""sqrt"", ""min_samples_leaf"": 4}"
3,1,14,1,0.3894546551087904,0.31922423466828326,0.05921187977109523,"{""class_weight"": null, ""max_depth"": 5, ""max_features"": ""sqrt"", ""min_samples_leaf"": 4}"
3,1,15,1,0.7800370563890308,0.8477343245130953,0.029209791762027464,"{""class_weight"": null, ""max_depth"": 5, ""max_features"": ""sqrt"", ""min_samples_leaf"": 4}"
3,1,27,0,0.417757470613116,0.2768974515009446,0.10307980076839991,"{""class_weight"": null, ""max_depth"": 5, ""max_features"": ""sqrt"", ""min_samples_leaf"": 4}"
3,1,33,1,0.5806922506999113,0.6557129505995204,0.07516432854213047,"{""class_weight"": null, ""max_depth"": 5, ""max_features"": ""sqrt"", ""min_samples_leaf"": 4}"
3,1,35,0,0.3022673680291404,0.12643279105302294,0.06759079486847107,"{""class_weight"": null, ""max_depth"": 5, ""max_features"": ""sqrt"", ""min_samples_leaf"": 4}"
3,1,37,1,0.5501095604101227,0.5428303890373902,0.04526860566067229,"{""class_weight"": null, ""max_depth"": 5, ""max_features"": ""sqrt"", ""min_samples_leaf"": 4}"
3,1,40,1,0.7829710623004466,0.8738264577673052,0.042985021244012316,"{""class_weight"": null, ""max_depth"": 5, ""max_features"": ""sqrt"", ""min_samples_leaf"": 4}"
3,1,44,0,0.5637170822021422,0.6439370725823016,0.050643058079960036,"{""class_weight"": null, ""max_depth"": 5, ""max_features"": ""sqrt"", ""min_samples_leaf"": 4}"
3,1,47,1,0.8139968309812979,0.8940164643697518,0.02489119565456323,"{""class_weight"": null, ""max_depth"": 5, ""max_features"": ""sqrt"", ""min_samples_leaf"": 4}"
3,1,48,0,0.3522775332106035,0.2644488835782989,0.08739142783027931,"{""class_weight"": null, ""max_depth"": 5, ""max_features"": ""sqrt"", ""min_samples_leaf"": 4}"
3,1,50,0,0.5060508294849938,0.4599492450872608,0.09428621533839962,"{""class_weight"": null, ""max_depth"": 5, ""max_features"": ""sqrt"", ""min_samples_leaf"": 4}"
3,1,54,0,0.45165876407699185,0.4842762857443062,0.0742833568483747,"{""class_weight"": null, ""max_depth"": 5, ""max_features"": ""sqrt"", ""min_samples_leaf"": 4}"
3,1,58,1,0.34562771525656083,0.21960702645282418,0.07169958537433592,"{""class_weight"": null, ""max_depth"": 5, ""max_features"": ""sqrt"", ""min_samples_leaf"": 4}"
3,1,59,1,0.8478025324255404,0.9032037388824635,0.033383492683445155,"{""class_weight"": null, ""max_depth"": 5, ""max_features"": ""sqrt"", ""min_samples_leaf"": 4}"
3,1,73,0,0.6321780104288245,0.6954943269676395,0.060944582433456414,"{""class_weight"": null, ""max_depth"": 5, ""max_features"": ""sqrt"", ""min_samples_leaf"": 4}"
3,1,80,1,0.777100552175214,0.8775432365783622,0.029551934554229987,"{""class_weight"": null, ""max_depth"": 5, ""max_features"": ""sqrt"", ""min_samples_leaf"": 4}"
3,1,89,1,0.7293906561843279,0.8392678520633826,0.02906489956867537,"{""class_weight"": null, ""max_depth"": 5, ""max_features"": ""sqrt"", ""min_samples_leaf"": 4}"
3,1,90,0,0.6267474550480009,0.6603959664308612,0.03239888433306229,"{""class_weight"": null, ""max_depth"": 5, ""max_features"": ""sqrt"", ""min_samples_leaf"": 4}"
3,1,95,1,0.8052982065703481,0.8942184292921528,0.034863641466931834,"{""class_weight"": null, ""max_depth"": 5, ""max_features"": ""sqrt"", ""min_samples_leaf"": 4}"
3,1,105,1,0.6317746753333502,0.7131402755893173,0.05097364403885209,"{""class_weight"": null, ""max_depth"": 5, ""max_features"": ""sqrt"", ""min_samples_leaf"": 4}"
3,1,107,1,0.5778556596192508,0.5968613048304009,0.0314439873716156,"{""class_weight"": null, ""max_depth"": 5, ""max_features"": ""sqrt"", ""min_samples_leaf"": 4}"
3,1,111,1,0.7446314984497758,0.768266659949659,0.03596050880075876,"{""class_weight"": null, ""max_depth"": 5, ""max_features"": ""sqrt"", ""min_samples_leaf"": 4}"
3,1,115,0,0.5760147318253837,0.5425110106408452,0.08005078082003524,"{""class_weight"": null, ""max_depth"": 5, ""max_features"": ""sqrt"", ""min_samples_leaf"": 4}"
3,1,125,1,0.6602760848450211,0.7219856558126706,0.06118113663697802,"{""class_weight"": null, ""max_depth"": 5, ""max_features"": ""sqrt"", ""min_samples_leaf"": 4}"
3,1,126,1,0.7334346341521651,0.8406951067793772,0.029744105408252956,"{""class_weight"": null, ""max_depth"": 5, ""max_features"": ""sqrt"", ""min_samples_leaf"": 4}"
3,1,130,0,0.39375236395965496,0.22143445082244578,0.08109122119142079,"{""class_weight"": null, ""max_depth"": 5, ""max_features"": ""sqrt"", ""min_samples_leaf"": 4}"
3,1,141,1,0.6930600580385485,0.8139184568492255,0.05671665331892169,"{""class_weight"": null, ""max_depth"": 5, ""max_features"": ""sqrt"", ""min_samples_leaf"": 4}"
3,1,149,1,0.7640628747180732,0.8056172069583376,0.03942337354161314,"{""class_weight"": null, ""max_depth"": 5, ""max_features"": ""sqrt"", ""min_samples_leaf"": 4}"
3,1,152,1,0.48335984967036627,0.4066084965227952,0.06105085910859749,"{""class_weight"": null, ""max_depth"": 5, ""max_features"": ""sqrt"", ""min_samples_leaf"": 4}"
3,1,161,1,0.8423648700805958,0.9114201845847931,0.03411828681310129,"{""class_weight"": null, ""max_depth"": 5, ""max_features"": ""sqrt"", ""min_samples_leaf"": 4}"
3,1,177,1,0.7124401748630106,0.8327870466049928,0.032924197231379924,"{""class_weight"": null, ""max_depth"": 5, ""max_features"": ""sqrt"", ""min_samples_leaf"": 4}"
3,1,185,0,0.45557051383774033,0.44354166851523563,0.09601032980032302,"{""class_weight"": null, ""max_depth"": 5, ""max_features"": ""sqrt"", ""min_samples_leaf"": 4}"
3,1,186,0,0.6081327758378905,0.6535160814609502,0.09222875858524422,"{""class_weight"": null, ""max_depth"": 5, ""max_features"": ""sqrt"", ""min_samples_leaf"": 4}"
3,1,188,1,0.3856438944722112,0.26975336888622176,0.09757922277788135,"{""class_weight"": null, ""max_depth"": 5, ""max_features"": ""sqrt"", ""min_samples_leaf"": 4}"
3,1,191,1,0.7570432976076579,0.8517933482527669,0.03163435627049932,"{""class_weight"": null, ""max_depth"": 5, ""max_features"": ""sqrt"", ""min_samples_leaf"": 4}"
3,1,196,0,0.32421113670421386,0.19624811278894422,0.07055221260353982,"{""class_weight"": null, ""max_depth"": 5, ""max_features"": ""sqrt"", ""min_samples_leaf"": 4}"
3,1,211,1,0.6278891609039938,0.7273075594247738,0.06406357658841572,"{""class_weight"": null, ""max_depth"": 5, ""max_features"": ""sqrt"", ""min_samples_leaf"": 4}"
3,1,213,0,0.5962330360743692,0.642409261594572,0.04628630140050802,"{""class_weight"": null, ""max_depth"": 5, ""max_features"": ""sqrt"", ""min_samples_leaf"": 4}"
3,1,220,1,0.6675760797328191,0.7216140737976978,0.06487771419667025,"{""class_weight"": null, ""max_depth"": 5, ""max_features"": ""sqrt"", ""min_samples_leaf"": 4}"
3,1,224,1,0.8240105811819419,0.9060045828443481,0.02039336428768627,"{""class_weight"": null, ""max_depth"": 5, ""max_features"": ""sqrt"", ""min_samples_leaf"": 4}"
3,1,228,1,0.6812088861828367,0.7144426093596519,0.06816429700898294,"{""class_weight"": null, ""max_depth"": 5, ""max_features"": ""sqrt"", ""min_samples_leaf"": 4}"
3,1,236,1,0.5543916008222275,0.543531042836171,0.06940961594085912,"{""class_weight"": null, ""max_depth"": 5, ""max_features"": ""sqrt"", ""min_samples_leaf"": 4}"
3,1,241,1,0.3780743689302822,0.23866914572558015,0.06488641419551992,"{""class_weight"": null, ""max_depth"": 5, ""max_features"": ""sqrt"", ""min_samples_leaf"": 4}"
3,1,242,1,0.7199645997790155,0.8216440651647545,0.02806808791986993,"{""class_weight"": null, ""max_depth"": 5, ""max_features"": ""sqrt"", ""min_samples_leaf"": 4}"
3,1,248,1,0.8306476508345685,0.8942245926705545,0.0341114261120727,"{""class_weight"": null, ""max_depth"": 5, ""max_features"": ""sqrt"", ""min_samples_leaf"": 4}"
3,1,254,0,0.5658453557027504,0.5656203470400725,0.06409528273305308,"{""class_weight"": null, ""max_depth"": 5, ""max_features"": ""sqrt"", ""min_samples_leaf"": 4}"
3,1,255,0,0.32660716341556223,0.1702032139501532,0.07892421152904489,"{""class_weight"": null, ""max_depth"": 5, ""max_features"": ""sqrt"", ""min_samples_leaf"": 4}"
3,1,257,0,0.22817482403376782,0.13456006550950764,0.08009016694969744,"{""class_weight"": null, ""max_depth"": 5, ""max_features"": ""sqrt"", ""min_samples_leaf"": 4}"
3,1,264,0,0.3125209890097688,0.19126143595997722,0.07807786187834533,"{""class_weight"": null, ""max_depth"": 5, ""max_features"": ""sqrt"", ""min_samples_leaf"": 4}"
3,1,269,1,0.6667361557154899,0.7443092902033855,0.029300408282868517,"{""class_weight"": null, ""max_depth"": 5, ""max_features"": ""sqrt"", ""min_samples_leaf"": 4}"
3,1,273,1,0.817916572054376,0.9028715426535483,0.03528883016457603,"{""class_weight"": null, ""max_depth"": 5, ""max_features"": ""sqrt"", ""min_samples_leaf"": 4}"
3,1,278,0,0.7225521244882375,0.8075218127439253,0.021453287265656318,"{""class_weight"": null, ""max_depth"": 5, ""max_features"": ""sqrt"", ""min_samples_leaf"": 4}"
3,1,286,0,0.41828280030529,0.34228786919985515,0.10600351325745937,"{""class_weight"": null, ""max_depth"": 5, ""max_features"": ""sqrt"", ""min_samples_leaf"": 4}"
3,1,287,0,0.5145053462159835,0.45213069177268583,0.11674914015322356,"{""class_weight"": null, ""max_depth"": 5, ""max_features"": ""sqrt"", ""min_samples_leaf"": 4}"
3,1,289,0,0.3740740539808722,0.2938507894914175,0.06231425818128864,"{""class_weight"": null, ""max_depth"": 5, ""max_features"": ""sqrt"", ""min_samples_leaf"": 4}"
3,1,294,1,0.536996805134125,0.49805206785785305,0.04738667891661139,"{""class_weight"": null, ""max_depth"": 5, ""max_features"": ""sqrt"", ""min_samples_leaf"": 4}"
3,1,299,0,0.3987944875580383,0.225090944708971,0.09683350663585932,"{""class_weight"": null, ""max_depth"": 5, ""max_features"": ""sqrt"", ""min_samples_leaf"": 4}"
3,1,301,0,0.24188403586819351,0.09798311907292535,0.04631705339301675,"{""class_weight"": null, ""max_depth"": 5, ""max_features"": ""sqrt"", ""min_samples_leaf"": 4}"
3,2,1,1,0.8479595569749669,0.9228291301065731,0.032487851722018665,"{""class_weight"": null, ""max_depth"": 5, ""max_features"": ""sqrt"", ""min_samples_leaf"": 3}"
3,2,5,1,0.6889253332292278,0.7712514373608114,0.07147107389118204,"{""class_weight"": null, ""max_depth"": 5, ""max_features"": ""sqrt"", ""min_samples_leaf"": 3}"
3,2,10,1,0.5921412548868938,0.6466961858653615,0.023568425952814637,"{""class_weight"": null, ""max_depth"": 5, ""max_features"": ""sqrt"", ""min_samples_leaf"": 3}"
3,2,13,1,0.6695935572616963,0.7197441653057277,0.051233693103465976,"{""class_weight"": null, ""max_depth"": 5, ""max_features"": ""sqrt"", ""min_samples_leaf"": 3}"
3,2,16,0,0.41069332294511723,0.29433279982124894,0.0893161596427047,"{""class_weight"": null, ""max_depth"": 5, ""max_features"": ""sqrt"", ""min_samples_leaf"": 3}"
3,2,18,1,0.6424349489259781,0.6692095422942079,0.021127934524014028,"{""class_weight"": null, ""max_depth"": 5, ""max_features"": ""sqrt"", ""min_samples_leaf"": 3}"
3,2,20,0,0.268849898659287,0.11972643742551461,0.06494811956837741,"{""class_weight"": null, ""max_depth"": 5, ""max_features"": ""sqrt"", ""min_samples_leaf"": 3}"
3,2,25,1,0.8482254301984595,0.9260443321373156,0.026888945051613072,"{""class_weight"": null, ""max_depth"": 5, ""max_features"": ""sqrt"", ""min_samples_leaf"": 3}"
3,2,26,0,0.4348880254412508,0.31743231511757425,0.06239459823089638,"{""class_weight"": null, ""max_depth"": 5, ""max_features"": ""sqrt"", ""min_samples_leaf"": 3}"
3,2,28,1,0.8290251553796976,0.9086219137826712,0.029985320784852724,"{""class_weight"": null, ""max_depth"": 5, ""max_features"": ""sqrt"", ""min_samples_leaf"": 3}"
3,2,31,0,0.5682134561135798,0.4949124698726438,0.04321231777522094,"{""class_weight"": null, ""max_depth"": 5, ""max_features"": ""sqrt"", ""min_samples_leaf"": 3}"
3,2,34,1,0.6966387494386234,0.7703906244673249,0.037872374994907435,"{""class_weight"": null, ""max_depth"": 5, ""max_features"": ""sqrt"", ""min_samples_leaf"": 3}"
3,2,38,1,0.634330269726192,0.6599709854014133,0.09736798230636944,"{""class_weight"": null, ""max_depth"": 5, ""max_features"": ""sqrt"", ""min_samples_leaf"": 3}"
3,2,45,1,0.8207599453760505,0.8946445271647396,0.0398273534175223,"{""class_weight"": null, ""max_depth"": 5, ""max_features"": ""sqrt"", ""min_samples_leaf"": 3}"
3,2,49,0,0.4348651336465959,0.3813474473217204,0.07254509961637405,"{""class_weight"": null, ""max_depth"": 5, ""max_features"": ""sqrt"", ""min_samples_leaf"": 3}"
3,2,52,1,0.8827118940559551,0.9326939590822446,0.036132288477397564,"{""class_weight"": null, ""max_depth"": 5, ""max_features"": ""sqrt"", ""min_samples_leaf"": 3}"
3,2,55,1,0.883931414943497,0.9441145045860434,0.023369690192626098,"{""class_weight"": null, ""max_depth"": 5, ""max_features"": ""sqrt"", ""min_samples_leaf"": 3}"
3,2,62,1,0.2543794847840926,0.09456410596232825,0.05167167745988763,"{""class_weight"": null, ""max_depth"": 5, ""max_features"": ""sqrt"", ""min_samples_leaf"": 3}"
3,2,65,0,0.6608136433762417,0.7140440304496739,0.05396769644141073,"{""class_weight"": null, ""max_depth"": 5, ""max_features"": ""sqrt"", ""min_samples_leaf"": 3}"
3,2,82,1,0.4648070149568987,0.4523138129004929,0.06154030652560406,"{""class_weight"": null, ""max_depth"": 5, ""max_features"": ""sqrt"", ""min_samples_leaf"": 3}"
3,2,87,1,0.7248412976048845,0.8515952794045528,0.04520582296602193,"{""class_weight"": null, ""max_depth"": 5, ""max_features"": ""sqrt"", ""min_samples_leaf"": 3}"
3,2,92,1,0.8286669869164741,0.904402858452096,0.036336301091129855,"{""class_weight"": null, ""max_depth"": 5, ""max_features"": ""sqrt"", ""min_samples_leaf"": 3}"
3,2,98,1,0.7952079262823044,0.8825908860484875,0.0338703823020997,"{""class_weight"": null, ""max_depth"": 5, ""max_features"": ""sqrt"", ""min_samples_leaf"": 3}"
3,2,99,1,0.6448530673468242,0.6434556868190557,0.05949161392534639,"{""class_weight"": null, ""max_depth"": 5, ""max_features"": ""sqrt"", ""min_samples_leaf"": 3}"
3,2,101,1,0.834921621783103,0.9195635166550014,0.03413247656495043,"{""class_weight"": null, ""max_depth"": 5, ""max_features"": ""sqrt"", ""min_samples_leaf"": 3}"
3,2,103,1,0.7748123087837707,0.8821600187984752,0.0486224270926559,"{""class_weight"": null, ""max_depth"": 5, ""max_features"": ""sqrt"", ""min_samples_leaf"": 3}"
3,2,110,0,0.3076607607230143,0.1335771978667336,0.06747101511974155,"{""class_weight"": null, ""max_depth"": 5, ""max_features"": ""sqrt"", ""min_samples_leaf"": 3}"
3,2,116,1,0.7813724948972537,0.8863031826703061,0.028611078158574957,"{""class_weight"": null, ""max_depth"": 5, ""max_features"": ""sqrt"", ""min_samples_leaf"": 3}"
3,2,122,0,0.6055206749083715,0.6329803717702722,0.08789462988381025,"{""class_weight"": null, ""max_depth"": 5, ""max_features"": ""sqrt"", ""min_samples_leaf"": 3}"
3,2,124,1,0.6598660500009919,0.7224303922484954,0.048245705981317034,"{""class_weight"": null, ""max_depth"": 5, ""max_features"": ""sqrt"", ""min_samples_leaf"": 3}"
3,2,133,0,0.46776530780916603,0.4117624223432707,0.10635941952132762,"{""class_weight"": null, ""max_depth"": 5, ""max_features"": ""sqrt"", ""min_samples_leaf"": 3}"
3,2,135,1,0.5502904343208236,0.4744470407183595,0.06814142583509619,"{""class_weight"": null, ""max_depth"": 5, ""max_features"": ""sqrt"", ""min_samples_leaf"": 3}"
3,2,145,0,0.6239431089812679,0.7411836987074494,0.04853653336754915,"{""class_weight"": null, ""max_depth"": 5, ""max_features"": ""sqrt"", ""min_samples_leaf"": 3}"
3,2,147,1,0.6019119665930449,0.6235458740510733,0.126226979672465,"{""class_weight"": null, ""max_depth"": 5, ""max_features"": ""sqrt"", ""min_samples_leaf"": 3}"
3,2,151,0,0.4088214711042858,0.3032561963518282,0.049174632621597124,"{""class_weight"": null, ""max_depth"": 5, ""max_features"": ""sqrt"", ""min_samples_leaf"": 3}"
3,2,153,0,0.4184747695294713,0.2641004905932591,0.04868665185786918,"{""class_weight"": null, ""max_depth"": 5, ""max_features"": ""sqrt"", ""min_samples_leaf"": 3}"
3,2,154,0,0.6252555090624725,0.6650869570770925,0.060719448250366,"{""class_weight"": null, ""max_depth"": 5, ""max_features"": ""sqrt"", ""min_samples_leaf"": 3}"
3,2,157,1,0.5674301486154111,0.5878649725540136,0.06617980308521758,"{""class_weight"": null, ""max_depth"": 5, ""max_features"": ""sqrt"", ""min_samples_leaf"": 3}"
3,2,164,1,0.85917371196279,0.9300911920062251,0.03253453487908218,"{""class_weight"": null, ""max_depth"": 5, ""max_features"": ""sqrt"", ""min_samples_leaf"": 3}"
3,2,165,1,0.5620767040225394,0.611920395183543,0.08897040862729358,"{""class_weight"": null, ""max_depth"": 5, ""max_features"": ""sqrt"", ""min_samples_leaf"": 3}"
3,2,169,0,0.3750501848522383,0.21387893259721302,0.08446402348694788,"{""class_weight"": null, ""max_depth"": 5, ""max_features"": ""sqrt"", ""min_samples_leaf"": 3}"
3,2,192,0,0.19808025834290585,0.07201911795398182,0.03053851511890607,"{""class_weight"": null, ""max_depth"": 5, ""max_features"": ""sqrt"", ""min_samples_leaf"": 3}"
3,2,197,1,0.8272908423462499,0.9044757734157975,0.03803671706918596,"{""class_weight"": null, ""max_depth"": 5, ""max_features"": ""sqrt"", ""min_samples_leaf"": 3}"
3,2,204,0,0.5165841049216311,0.4399422225759806,0.12024925166458081,"{""class_weight"": null, ""max_depth"": 5, ""max_features"": ""sqrt"", ""min_samples_leaf"": 3}"
3,2,205,0,0.5618605859128695,0.5189856801332684,0.05947255251310412,"{""class_weight"": null, ""max_depth"": 5, ""max_features"": ""sqrt"", ""min_samples_leaf"": 3}"
3,2,207,1,0.659044807370822,0.7686388583724771,0.055892732452818936,"{""class_weight"": null, ""max_depth"": 5, ""max_features"": ""sqrt"", ""min_samples_leaf"": 3}"
3,2,217,0,0.508362911425878,0.42892766469901317,0.12502714383931204,"{""class_weight"": null, ""max_depth"": 5, ""max_features"": ""sqrt"", ""min_samples_leaf"": 3}"
3,2,226,1,0.7011092057715526,0.8012499998790968,0.06852702101338674,"{""class_weight"": null, ""max_depth"": 5, ""max_features"": ""sqrt"", ""min_samples_leaf"": 3}"
3,2,229,1,0.5930685952984793,0.6370784307394992,0.09677450754680536,"{""class_weight"": null, ""max_depth"": 5, ""max_features"": ""sqrt"", ""min_samples_leaf"": 3}"
3,2,230,1,0.8456548538018155,0.9118609405004425,0.033689594477290426,"{""class_weight"": null, ""max_depth"": 5, ""max_features"": ""sqrt"", ""min_samples_leaf"": 3}"
3,2,243,0,0.6907349154395519,0.7668800894564264,0.06480205829309481,"{""class_weight"": null, ""max_depth"": 5, ""max_features"": ""sqrt"", ""min_samples_leaf"": 3}"
3,2,246,1,0.7794713894923674,0.9005197073872078,0.03570344035475568,"{""class_weight"": null, ""max_depth"": 5, ""max_features"": ""sqrt"", ""min_samples_leaf"": 3}"
3,2,249,1,0.805945735355513,0.8973562861019626,0.03807307191588671,"{""class_weight"": null, ""max_depth"": 5, ""max_features"": ""sqrt"", ""min_samples_leaf"": 3}"
3,2,265,0,0.712611438346253,0.8099498243611333,0.07617897182704425,"{""class_weight"": null, ""max_depth"": 5, ""max_features"": ""sqrt"", ""min_samples_leaf"": 3}"
3,2,280,0,0.32990990024842826,0.17953145186613712,0.054236578297086016,"{""class_weight"": null, ""max_depth"": 5, ""max_features"": ""sqrt"", ""min_samples_leaf"": 3}"
3,2,282,0,0.7189940173976388,0.8360249066663478,0.050743985837583,"{""class_weight"": null, ""max_depth"": 5, ""max_features"": ""sqrt"", ""min_samples_leaf"": 3}"
3,2,291,0,0.4624765454297787,0.40476964414509486,0.13124451663241463,"{""class_weight"": null, ""max_depth"": 5, ""max_features"": ""sqrt"", ""min_samples_leaf"": 3}"
3,2,295,0,0.5394022420601426,0.5104368878364365,0.05545086107227634,"{""class_weight"": null, ""max_depth"": 5, ""max_features"": ""sqrt"", ""min_samples_leaf"": 3}"
3,2,297,0,0.2882576405781571,0.12558993878435235,0.06545914718382893,"{""class_weight"": null, ""max_depth"": 5, ""max_features"": ""sqrt"", ""min_samples_leaf"": 3}"
3,2,300,0,0.2637447374825782,0.09886089250187627,0.05222321540811821,"{""class_weight"": null, ""max_depth"": 5, ""max_features"": ""sqrt"", ""min_samples_leaf"": 3}"
3,2,302,1,0.6189200715351264,0.6320114785432602,0.07412446350494024,"{""class_weight"": null, ""max_depth"": 5, ""max_features"": ""sqrt"", ""min_samples_leaf"": 3}"
3,3,7,1,0.7550413331559883,0.8796781397884736,0.04790358392540139,"{""class_weight"": ""balanced"", ""max_depth"": 3, ""max_features"": 0.3, ""min_samples_leaf"": 6}"
3,3,8,0,0.23130238735204917,0.15572377395374742,0.0877108835494617,"{""class_weight"": ""balanced"", ""max_depth"": 3, ""max_features"": 0.3, ""min_samples_leaf"": 6}"
3,3,17,0,0.3097990975070901,0.25053489428536047,0.0957521084805103,"{""class_weight"": ""balanced"", ""max_depth"": 3, ""max_features"": 0.3, ""min_samples_leaf"": 6}"
3,3,22,1,0.6285311048795421,0.7829831476370286,0.03894857908500624,"{""class_weight"": ""balanced"", ""max_depth"": 3, ""max_features"": 0.3, ""min_samples_leaf"": 6}"
3,3,23,1,0.6829504519490602,0.8372796809439926,0.04176685997267797,"{""class_weight"": ""balanced"", ""max_depth"": 3, ""max_features"": 0.3, ""min_samples_leaf"": 6}"
3,3,24,1,0.5385289353489119,0.6253640861173937,0.09171048852364783,"{""class_weight"": ""balanced"", ""max_depth"": 3, ""max_features"": 0.3, ""min_samples_leaf"": 6}"
3,3,36,1,0.6856802601433986,0.8031606864815825,0.10351364523211352,"{""class_weight"": ""balanced"", ""max_depth"": 3, ""max_features"": 0.3, ""min_samples_leaf"": 6}"
3,3,51,1,0.5606963235423009,0.6898799618707411,0.04677637448495755,"{""class_weight"": ""balanced"", ""max_depth"": 3, ""max_features"": 0.3, ""min_samples_leaf"": 6}"
3,3,56,1,0.6014127967777576,0.7350013637747052,0.06515493554946424,"{""class_weight"": ""balanced"", ""max_depth"": 3, ""max_features"": 0.3, ""min_samples_leaf"": 6}"
3,3,60,0,0.339248935071381,0.3109788287820111,0.08923320008374447,"{""class_weight"": ""balanced"", ""max_depth"": 3, ""max_features"": 0.3, ""min_samples_leaf"": 6}"
3,3,64,0,0.2749057087353514,0.20193883674726862,0.08305026825805643,"{""class_weight"": ""balanced"", ""max_depth"": 3, ""max_features"": 0.3, ""min_samples_leaf"": 6}"
3,3,66,1,0.816223999529199,0.9000251591067215,0.058711784627680855,"{""class_weight"": ""balanced"", ""max_depth"": 3, ""max_features"": 0.3, ""min_samples_leaf"": 6}"
3,3,75,1,0.3977782311495631,0.37030432494491733,0.07315098236529548,"{""class_weight"": ""balanced"", ""max_depth"": 3, ""max_features"": 0.3, ""min_samples_leaf"": 6}"
3,3,77,0,0.5163465305563087,0.58001799140262,0.0647834817134476,"{""class_weight"": ""balanced"", ""max_depth"": 3, ""max_features"": 0.3, ""min_samples_leaf"": 6}"
3,3,78,1,0.6969040071823802,0.860724586882586,0.04873710091627528,"{""class_weight"": ""balanced"", ""max_depth"": 3, ""max_features"": 0.3, ""min_samples_leaf"": 6}"
3,3,91,0,0.3559964862993938,0.355687185253824,0.08738948410240945,"{""class_weight"": ""balanced"", ""max_depth"": 3, ""max_features"": 0.3, ""min_samples_leaf"": 6}"
3,3,93,1,0.6570141334444591,0.799100221029081,0.04097506987225997,"{""class_weight"": ""balanced"", ""max_depth"": 3, ""max_features"": 0.3, ""min_samples_leaf"": 6}"
3,3,97,1,0.6562247151646965,0.8129780831451703,0.11262361021627965,"{""class_weight"": ""balanced"", ""max_depth"": 3, ""max_features"": 0.3, ""min_samples_leaf"": 6}"
3,3,106,1,0.5891616589989109,0.6953487984523459,0.06904438779571336,"{""class_weight"": ""balanced"", ""max_depth"": 3, ""max_features"": 0.3, ""min_samples_leaf"": 6}"
3,3,108,0,0.2647123544898596,0.18156654162333954,0.06973507486741941,"{""class_weight"": ""balanced"", ""max_depth"": 3, ""max_features"": 0.3, ""min_samples_leaf"": 6}"
3,3,112,0,0.5412095324338998,0.6364801960958004,0.09796097457275803,"{""class_weight"": ""balanced"", ""max_depth"": 3, ""max_features"": 0.3, ""min_samples_leaf"": 6}"
3,3,119,1,0.6040245038823715,0.7383976469636245,0.054084288142217204,"{""class_weight"": ""balanced"", ""max_depth"": 3, ""max_features"": 0.3, ""min_samples_leaf"": 6}"
3,3,128,1,0.5908387233591178,0.7223056170832836,0.09031547891779551,"{""class_weight"": ""balanced"", ""max_depth"": 3, ""max_features"": 0.3, ""min_samples_leaf"": 6}"
3,3,134,1,0.49017194538253683,0.5241941267991361,0.08892787151213385,"{""class_weight"": ""balanced"", ""max_depth"": 3, ""max_features"": 0.3, ""min_samples_leaf"": 6}"
3,3,136,0,0.2849406068295832,0.2328573314360188,0.10039761937446115,"{""class_weight"": ""balanced"", ""max_depth"": 3, ""max_features"": 0.3, ""min_samples_leaf"": 6}"
3,3,137,0,0.2284059380643588,0.17887176249550027,0.06786724584595726,"{""class_weight"": ""balanced"", ""max_depth"": 3, ""max_features"": 0.3, ""min_samples_leaf"": 6}"
3,3,139,1,0.7075869973794398,0.8428895618170154,0.050496710786632606,"{""class_weight"": ""balanced"", ""max_depth"": 3, ""max_features"": 0.3, ""min_samples_leaf"": 6}"
3,3,142,1,0.29307973862517916,0.25672509310601893,0.12616124814527555,"{""class_weight"": ""balanced"", ""max_depth"": 3, ""max_features"": 0.3, ""min_samples_leaf"": 6}"
3,3,150,0,0.3436918726346176,0.2902877707565636,0.08463852453371427,"{""class_weight"": ""balanced"", ""max_depth"": 3, ""max_features"": 0.3, ""min_samples_leaf"": 6}"
3,3,158,0,0.3931646800156275,0.493133692174158,0.13147020993725278,"{""class_weight"": ""balanced"", ""max_depth"": 3, ""max_features"": 0.3, ""min_samples_leaf"": 6}"
3,3,160,0,0.6044828829303057,0.7139316212938068,0.06176493007997571,"{""class_weight"": ""balanced"", ""max_depth"": 3, ""max_features"": 0.3, ""min_samples_leaf"": 6}"
3,3,166,0,0.27774886136418675,0.17416286106953857,0.0792246831156214,"{""class_weight"": ""balanced"", ""max_depth"": 3, ""max_features"": 0.3, ""min_samples_leaf"": 6}"
3,3,170,0,0.3069585654739757,0.235838460830024,0.09769207150716513,"{""class_weight"": ""balanced"", ""max_depth"": 3, ""max_features"": 0.3, ""min_samples_leaf"": 6}"
3,3,172,1,0.5449798397977947,0.596841328407616,0.10965412128130732,"{""class_weight"": ""balanced"", ""max_depth"": 3, ""max_features"": 0.3, ""min_samples_leaf"": 6}"
3,3,178,1,0.47073647210268743,0.5574584593425876,0.054840047858912624,"{""class_weight"": ""balanced"", ""max_depth"": 3, ""max_features"": 0.3, ""min_samples_leaf"": 6}"
3,3,179,0,0.21850501533039704,0.1518664259192763,0.06763470422249819,"{""class_weight"": ""balanced"", ""max_depth"": 3, ""max_features"": 0.3, ""min_samples_leaf"": 6}"
3,3,182,1,0.3999232561375879,0.3784218218486504,0.1473346408847176,"{""class_weight"": ""balanced"", ""max_depth"": 3, ""max_features"": 0.3, ""min_samples_leaf"": 6}"
3,3,184,1,0.7405765888431491,0.8514927042456326,0.05901453589466227,"{""class_weight"": ""balanced"", ""max_depth"": 3, ""max_features"": 0.3, ""min_samples_leaf"": 6}"
3,3,187,1,0.6575841637128549,0.8113497734074662,0.05209058476492712,"{""class_weight"": ""balanced"", ""max_depth"": 3, ""max_features"": 0.3, ""min_samples_leaf"": 6}"
3,3,195,0,0.583410627072169,0.7234264702109113,0.057151276191313306,"{""class_weight"": ""balanced"", ""max_depth"": 3, ""max_features"": 0.3, ""min_samples_leaf"": 6}"
3,3,198,1,0.6391278130311828,0.804945157758716,0.03930843095411235,"{""class_weight"": ""balanced"", ""max_depth"": 3, ""max_features"": 0.3, ""min_samples_leaf"": 6}"
3,3,200,1,0.5926855914838446,0.66346021472274,0.10410744298745624,"{""class_weight"": ""balanced"", ""max_depth"": 3, ""max_features"": 0.3, ""min_samples_leaf"": 6}"
3,3,201,0,0.3669836225629952,0.3408038448330294,0.0774959522686531,"{""class_weight"": ""balanced"", ""max_depth"": 3, ""max_features"": 0.3, ""min_samples_leaf"": 6}"
3,3,203,0,0.3018200884295633,0.24392855282401688,0.08104092987279284,"{""class_weight"": ""balanced"", ""max_depth"": 3, ""max_features"": 0.3, ""min_samples_leaf"": 6}"
3,3,206,1,0.5663105887411902,0.6305632564160504,0.07806577712429984,"{""class_weight"": ""balanced"", ""max_depth"": 3, ""max_features"": 0.3, ""min_samples_leaf"": 6}"
3,3,222,1,0.616226249632758,0.7817439064962164,0.11132012869814206,"{""class_weight"": ""balanced"", ""max_depth"": 3, ""max_features"": 0.3, ""min_samples_leaf"": 6}"
3,3,223,1,0.37183539471161825,0.34266528920478256,0.07613478775696328,"{""class_weight"": ""balanced"", ""max_depth"": 3, ""max_features"": 0.3, ""min_samples_leaf"": 6}"
3,3,235,1,0.7811067298199684,0.8915979390961304,0.05920380459482005,"{""class_weight"": ""balanced"", ""max_depth"": 3, ""max_features"": 0.3, ""min_samples_leaf"": 6}"
3,3,239,1,0.73134264234785,0.8705589351416592,0.06116768706226011,"{""class_weight"": ""balanced"", ""max_depth"": 3, ""max_features"": 0.3, ""min_samples_leaf"": 6}"
3,3,250,1,0.5727092548118707,0.6671305313766333,0.08849717051252418,"{""class_weight"": ""balanced"", ""max_depth"": 3, ""max_features"": 0.3, ""min_samples_leaf"": 6}"
3,3,256,0,0.2726486969901269,0.21677719989460686,0.06133238514877193,"{""class_weight"": ""balanced"", ""max_depth"": 3, ""max_features"": 0.3, ""min_samples_leaf"": 6}"
3,3,258,0,0.21944889589133273,0.16999967396230545,0.07984268916170124,"{""class_weight"": ""balanced"", ""max_depth"": 3, ""max_features"": 0.3, ""min_samples_leaf"": 6}"
3,3,260,1,0.6668572433792704,0.815108075807116,0.04309938034177125,"{""class_weight"": ""balanced"", ""max_depth"": 3, ""max_features"": 0.3, ""min_samples_leaf"": 6}"
3,3,267,1,0.6339239362629052,0.7830217602863394,0.04336757883660505,"{""class_weight"": ""balanced"", ""max_depth"": 3, ""max_features"": 0.3, ""min_samples_leaf"": 6}"
3,3,271,1,0.7991143599951659,0.921211644346768,0.03615215350368055,"{""class_weight"": ""balanced"", ""max_depth"": 3, ""max_features"": 0.3, ""min_samples_leaf"": 6}"
3,3,283,0,0.369991409563215,0.337145452351027,0.11545809543275,"{""class_weight"": ""balanced"", ""max_depth"": 3, ""max_features"": 0.3, ""min_samples_leaf"": 6}"
3,3,285,0,0.26419030662235454,0.21343010956633393,0.06667213466525607,"{""class_weight"": ""balanced"", ""max_depth"": 3, ""max_features"": 0.3, ""min_samples_leaf"": 6}"
3,3,290,0,0.22635584481382992,0.1876208927453933,0.08850079505007562,"{""class_weight"": ""balanced"", ""max_depth"": 3, ""max_features"": 0.3, ""min_samples_leaf"": 6}"
3,3,296,0,0.30079331982244784,0.2321864150500464,0.07908103112826059,"{""class_weight"": ""balanced"", ""max_depth"": 3, ""max_features"": 0.3, ""min_samples_leaf"": 6}"
3,3,298,1,0.668727343081915,0.7913457997404416,0.03768614245299052,"{""class_weight"": ""balanced"", ""max_depth"": 3, ""max_features"": 0.3, ""min_samples_leaf"": 6}"
3,4,2,1,0.940981198494834,0.9416391380456771,0.036127923437217706,"{""class_weight"": ""balanced"", ""max_depth"": 5, ""max_features"": 0.5, ""min_samples_leaf"": 3}"
3,4,3,0,0.5489801833724401,0.5666665858082347,0.0629220429631447,"{""class_weight"": ""balanced"", ""max_depth"": 5, ""max_features"": 0.5, ""min_samples_leaf"": 3}"
3,4,30,1,0.7615243490114275,0.8264731439034272,0.05240320923591163,"{""class_weight"": ""balanced"", ""max_depth"": 5, ""max_features"": 0.5, ""min_samples_leaf"": 3}"
3,4,39,1,0.7680544547406479,0.8830273259075057,0.06072188717348808,"{""class_weight"": ""balanced"", ""max_depth"": 5, ""max_features"": 0.5, ""min_samples_leaf"": 3}"
3,4,42,0,0.2230230918270781,0.18822875962758318,0.06899723605444456,"{""class_weight"": ""balanced"", ""max_depth"": 5, ""max_features"": 0.5, ""min_samples_leaf"": 3}"
3,4,43,1,0.46532768531669644,0.5989322220366098,0.1149878405165105,"{""class_weight"": ""balanced"", ""max_depth"": 5, ""max_features"": 0.5, ""min_samples_leaf"": 3}"
3,4,46,1,0.6295945566970147,0.6865479505741432,0.09326668004232683,"{""class_weight"": ""balanced"", ""max_depth"": 5, ""max_features"": 0.5, ""min_samples_leaf"": 3}"
3,4,53,0,0.6368715916318943,0.6619435976813384,0.14430437895093814,"{""class_weight"": ""balanced"", ""max_depth"": 5, ""max_features"": 0.5, ""min_samples_leaf"": 3}"
3,4,61,1,0.38787553459382157,0.37165281729969013,0.03653626902844909,"{""class_weight"": ""balanced"", ""max_depth"": 5, ""max_features"": 0.5, ""min_samples_leaf"": 3}"
3,4,69,1,0.6244444291107027,0.6968722386626196,0.1406459830858493,"{""class_weight"": ""balanced"", ""max_depth"": 5, ""max_features"": 0.5, ""min_samples_leaf"": 3}"
3,4,71,1,0.8759997353316762,0.9250567315020692,0.03085815081281065,"{""class_weight"": ""balanced"", ""max_depth"": 5, ""max_features"": 0.5, ""min_samples_leaf"": 3}"
3,4,72,1,0.578742695978147,0.6527946454680305,0.07063873871530003,"{""class_weight"": ""balanced"", ""max_depth"": 5, ""max_features"": 0.5, ""min_samples_leaf"": 3}"
3,4,74,1,0.8931145709948489,0.9308686100170128,0.03376331779546497,"{""class_weight"": ""balanced"", ""max_depth"": 5, ""max_features"": 0.5, ""min_samples_leaf"": 3}"
3,4,76,1,0.6055043598759721,0.7104129863330948,0.11893594875496677,"{""class_weight"": ""balanced"", ""max_depth"": 5, ""max_features"": 0.5, ""min_samples_leaf"": 3}"
3,4,79,0,0.07578186390549418,0.10881898214567098,0.08104040225967982,"{""class_weight"": ""balanced"", ""max_depth"": 5, ""max_features"": 0.5, ""min_samples_leaf"": 3}"
3,4,81,1,0.8986784844364333,0.9349483062228053,0.03603557912021454,"{""class_weight"": ""balanced"", ""max_depth"": 5, ""max_features"": 0.5, ""min_samples_leaf"": 3}"
3,4,84,0,0.8579166515924403,0.889413952196444,0.04662510925541965,"{""class_weight"": ""balanced"", ""max_depth"": 5, ""max_features"": 0.5, ""min_samples_leaf"": 3}"
3,4,86,1,0.6232256174974363,0.7044082605040164,0.08178799032940384,"{""class_weight"": ""balanced"", ""max_depth"": 5, ""max_features"": 0.5, ""min_samples_leaf"": 3}"
3,4,88,0,0.833685969575952,0.9020502441932651,0.03358216595409505,"{""class_weight"": ""balanced"", ""max_depth"": 5, ""max_features"": 0.5, ""min_samples_leaf"": 3}"
3,4,100,1,0.6959172530492087,0.838857910487949,0.040422227343325914,"{""class_weight"": ""balanced"", ""max_depth"": 5, ""max_features"": 0.5, ""min_samples_leaf"": 3}"
3,4,109,0,0.4638774377065124,0.5638129691975481,0.10075269258629925,"{""class_weight"": ""balanced"", ""max_depth"": 5, ""max_features"": 0.5, ""min_samples_leaf"": 3}"
3,4,121,0,0.5834553381158366,0.6631456020030176,0.05713909830619504,"{""class_weight"": ""balanced"", ""max_depth"": 5, ""max_features"": 0.5, ""min_samples_leaf"": 3}"
3,4,127,1,0.8762852513479716,0.9177498346811653,0.049567172039981115,"{""class_weight"": ""balanced"", ""max_depth"": 5, ""max_features"": 0.5, ""min_samples_leaf"": 3}"
3,4,129,0,0.24323998529363042,0.2631345127700432,0.14161183958668028,"{""class_weight"": ""balanced"", ""max_depth"": 5, ""max_features"": 0.5, ""min_samples_leaf"": 3}"
3,4,131,1,0.9536964314912543,0.9461831374250362,0.033319938748196255,"{""class_weight"": ""balanced"", ""max_depth"": 5, ""max_features"": 0.5, ""min_samples_leaf"": 3}"
3,4,143,0,0.04040144404733594,0.07200196773433262,0.0486306064693731,"{""class_weight"": ""balanced"", ""max_depth"": 5, ""max_features"": 0.5, ""min_samples_leaf"": 3}"
3,4,144,1,0.8163983583830946,0.8919045468903992,0.04285942717416861,"{""class_weight"": ""balanced"", ""max_depth"": 5, ""max_features"": 0.5, ""min_samples_leaf"": 3}"
3,4,155,1,0.9030164117226919,0.9282707184667007,0.046608774659533864,"{""class_weight"": ""balanced"", ""max_depth"": 5, ""max_features"": 0.5, ""min_samples_leaf"": 3}"
3,4,171,1,0.6038702215378419,0.6417164477034377,0.0596016282943245,"{""class_weight"": ""balanced"", ""max_depth"": 5, ""max_features"": 0.5, ""min_samples_leaf"": 3}"
3,4,173,1,0.7596028639177558,0.8455922746011331,0.031733995070793206,"{""class_weight"": ""balanced"", ""max_depth"": 5, ""max_features"": 0.5, ""min_samples_leaf"": 3}"
3,4,176,1,0.15675566810927838,0.12232537423013132,0.07174617956292456,"{""class_weight"": ""balanced"", ""max_depth"": 5, ""max_features"": 0.5, ""min_samples_leaf"": 3}"
3,4,180,1,0.2622150739166626,0.30725172148601815,0.1379909470294524,"{""class_weight"": ""balanced"", ""max_depth"": 5, ""max_features"": 0.5, ""min_samples_leaf"": 3}"
3,4,181,1,0.6063029079821312,0.7162672118376335,0.08338057246527673,"{""class_weight"": ""balanced"", ""max_depth"": 5, ""max_features"": 0.5, ""min_samples_leaf"": 3}"
3,4,183,0,0.5044117525084723,0.5299443919743885,0.09273539224613937,"{""class_weight"": ""balanced"", ""max_depth"": 5, ""max_features"": 0.5, ""min_samples_leaf"": 3}"
3,4,189,1,0.8144555180130223,0.8958648532024247,0.04675816679257086,"{""class_weight"": ""balanced"", ""max_depth"": 5, ""max_features"": 0.5, ""min_samples_leaf"": 3}"
3,4,190,0,0.6969065798358126,0.7907486689058334,0.10548413205393488,"{""class_weight"": ""balanced"", ""max_depth"": 5, ""max_features"": 0.5, ""min_samples_leaf"": 3}"
3,4,194,0,0.13578591074452653,0.16044842745106563,0.08402386233660342,"{""class_weight"": ""balanced"", ""max_depth"": 5, ""max_features"": 0.5, ""min_samples_leaf"": 3}"
3,4,199,0,0.1426062630463016,0.16595473071967567,0.08371363349480014,"{""class_weight"": ""balanced"", ""max_depth"": 5, ""max_features"": 0.5, ""min_samples_leaf"": 3}"
3,4,202,1,0.8426685346629881,0.9023737181838607,0.04641183368235739,"{""class_weight"": ""balanced"", ""max_depth"": 5, ""max_features"": 0.5, ""min_samples_leaf"": 3}"
3,4,208,1,0.506754991685661,0.552944974956983,0.05159810058075069,"{""class_weight"": ""balanced"", ""max_depth"": 5, ""max_features"": 0.5, ""min_samples_leaf"": 3}"
3,4,209,1,0.5602215105834417,0.6137278054595677,0.12631372860954707,"{""class_weight"": ""balanced"", ""max_depth"": 5, ""max_features"": 0.5, ""min_samples_leaf"": 3}"
3,4,210,0,0.10086002742896771,0.10387984013593365,0.06761554155759833,"{""class_weight"": ""balanced"", ""max_depth"": 5, ""max_features"": 0.5, ""min_samples_leaf"": 3}"
3,4,214,0,0.797036872620778,0.8921763528669816,0.020261985201491695,"{""class_weight"": ""balanced"", ""max_depth"": 5, ""max_features"": 0.5, ""min_samples_leaf"": 3}"
3,4,215,1,0.694426172046513,0.7927094007300445,0.07197105149728375,"{""class_weight"": ""balanced"", ""max_depth"": 5, ""max_features"": 0.5, ""min_samples_leaf"": 3}"
3,4,225,0,0.37775415470245693,0.3932821503135777,0.1096041743048264,"{""class_weight"": ""balanced"", ""max_depth"": 5, ""max_features"": 0.5, ""min_samples_leaf"": 3}"
3,4,227,1,0.5043928147686096,0.4802028003796172,0.06134490041780649,"{""class_weight"": ""balanced"", ""max_depth"": 5, ""max_features"": 0.5, ""min_samples_leaf"": 3}"
3,4,231,0,0.8011618202770711,0.8524765561152406,0.06129321498887946,"{""class_weight"": ""balanced"", ""max_depth"": 5, ""max_features"": 0.5, ""min_samples_leaf"": 3}"
3,4,240,1,0.9648023296399371,0.9542297014330817,0.031184764203091783,"{""class_weight"": ""balanced"", ""max_depth"": 5, ""max_features"": 0.5, ""min_samples_leaf"": 3}"
3,4,247,0,0.08821391937032419,0.1063379164416098,0.06783688604830498,"{""class_weight"": ""balanced"", ""max_depth"": 5, ""max_features"": 0.5, ""min_samples_leaf"": 3}"
3,4,252,1,0.7971568638580229,0.8646420044139503,0.04752153023675987,"{""class_weight"": ""balanced"", ""max_depth"": 5, ""max_features"": 0.5, ""min_samples_leaf"": 3}"
3,4,259,1,0.5998540457015112,0.6254146246390127,0.05286625041574797,"{""class_weight"": ""balanced"", ""max_depth"": 5, ""max_features"": 0.5, ""min_samples_leaf"": 3}"
3,4,261,0,0.037837043999308054,0.07215708234239063,0.0523826176145085,"{""class_weight"": ""balanced"", ""max_depth"": 5, ""max_features"": 0.5, ""min_samples_leaf"": 3}"
3,4,262,1,0.41244188358698886,0.431027326720971,0.1196331408197324,"{""class_weight"": ""balanced"", ""max_depth"": 5, ""max_features"": 0.5, ""min_samples_leaf"": 3}"
3,4,266,0,0.7096352885144079,0.8050850343862589,0.07018548715188178,"{""class_weight"": ""balanced"", ""max_depth"": 5, ""max_features"": 0.5, ""min_samples_leaf"": 3}"
3,4,268,0,0.6775916228890996,0.7197542522366775,0.14451674256579822,"{""class_weight"": ""balanced"", ""max_depth"": 5, ""max_features"": 0.5, ""min_samples_leaf"": 3}"
3,4,270,0,0.0550138432370485,0.08203534623305295,0.05624595453082671,"{""class_weight"": ""balanced"", ""max_depth"": 5, ""max_features"": 0.5, ""min_samples_leaf"": 3}"
3,4,272,0,0.5398705177146688,0.6668806123845339,0.0901143586215154,"{""class_weight"": ""balanced"", ""max_depth"": 5, ""max_features"": 0.5, ""min_samples_leaf"": 3}"
3,4,274,1,0.9197063033362817,0.945047068198248,0.032734390209382846,"{""class_weight"": ""balanced"", ""max_depth"": 5, ""max_features"": 0.5, ""min_samples_leaf"": 3}"
3,4,277,1,0.9151676202712546,0.9327431458288264,0.03617704621649644,"{""class_weight"": ""balanced"", ""max_depth"": 5, ""max_features"": 0.5, ""min_samples_leaf"": 3}"
3,4,284,0,0.2967026690203357,0.3309969304157895,0.11767726774596314,"{""class_weight"": ""balanced"", ""max_depth"": 5, ""max_features"": 0.5, ""min_samples_leaf"": 3}"
4,0,2,1,0.8620916883178735,0.9165033266678296,0.05287121210073066,"{""class_weight"": ""balanced"", ""max_depth"": 6, ""max_features"": 0.3, ""min_samples_leaf"": 5}"
4,0,19,0,0.6218002332707574,0.7784778643268927,0.09521048636308461,"{""class_weight"": ""balanced"", ""max_depth"": 6, ""max_features"": 0.3, ""min_samples_leaf"": 5}"
4,0,26,0,0.3198694909874005,0.27981770573340364,0.06901701316724129,"{""class_weight"": ""balanced"", ""max_depth"": 6, ""max_features"": 0.3, ""min_samples_leaf"": 5}"
4,0,31,0,0.517858935040086,0.6343745754738561,0.061256634730935906,"{""class_weight"": ""balanced"", ""max_depth"": 6, ""max_features"": 0.3, ""min_samples_leaf"": 5}"
4,0,32,1,0.7200475952570051,0.8563224281113987,0.0615584456200449,"{""class_weight"": ""balanced"", ""max_depth"": 6, ""max_features"": 0.3, ""min_samples_leaf"": 5}"
4,0,36,1,0.6666141188869013,0.8046423140430768,0.05312487673663142,"{""class_weight"": ""balanced"", ""max_depth"": 6, ""max_features"": 0.3, ""min_samples_leaf"": 5}"
4,0,41,0,0.15342116607582107,0.12606630060875426,0.03843405645334005,"{""class_weight"": ""balanced"", ""max_depth"": 6, ""max_features"": 0.3, ""min_samples_leaf"": 5}"
4,0,59,1,0.8940040516953935,0.9242700825489563,0.0494615795208612,"{""class_weight"": ""balanced"", ""max_depth"": 6, ""max_features"": 0.3, ""min_samples_leaf"": 5}"
4,0,68,0,0.19893578054792083,0.15017600126686453,0.0191445850872799,"{""class_weight"": ""balanced"", ""max_depth"": 6, ""max_features"": 0.3, ""min_samples_leaf"": 5}"
4,0,78,1,0.7832586771491122,0.8761346723938199,0.06105776849517638,"{""class_weight"": ""balanced"", ""max_depth"": 6, ""max_features"": 0.3, ""min_samples_leaf"": 5}"
4,0,80,1,0.8548657882844257,0.9039280614279409,0.07026748834581677,"{""class_weight"": ""balanced"", ""max_depth"": 6, ""max_features"": 0.3, ""min_samples_leaf"": 5}"
4,0,81,1,0.8885700818126891,0.9326972105386655,0.0427177576034143,"{""class_weight"": ""balanced"", ""max_depth"": 6, ""max_features"": 0.3, ""min_samples_leaf"": 5}"
4,0,82,1,0.3967272943804038,0.42788511033586196,0.07702689567031627,"{""class_weight"": ""balanced"", ""max_depth"": 6, ""max_features"": 0.3, ""min_samples_leaf"": 5}"
4,0,84,0,0.7498375289028211,0.8605021366269133,0.07241159410899037,"{""class_weight"": ""balanced"", ""max_depth"": 6, ""max_features"": 0.3, ""min_samples_leaf"": 5}"
4,0,88,0,0.7942930890767291,0.8914084492335601,0.053599777686361254,"{""class_weight"": ""balanced"", ""max_depth"": 6, ""max_features"": 0.3, ""min_samples_leaf"": 5}"
4,0,91,0,0.307795390485592,0.2864925236929477,0.07194631609794969,"{""class_weight"": ""balanced"", ""max_depth"": 6, ""max_features"": 0.3, ""min_samples_leaf"": 5}"
4,0,97,1,0.6403003257740616,0.7751738576662452,0.07750777390866025,"{""class_weight"": ""balanced"", ""max_depth"": 6, ""max_features"": 0.3, ""min_samples_leaf"": 5}"
4,0,98,1,0.8281761429312257,0.8929846474181703,0.07418697822468003,"{""class_weight"": ""balanced"", ""max_depth"": 6, ""max_features"": 0.3, ""min_samples_leaf"": 5}"
4,0,104,0,0.5042112387774124,0.5861336372792002,0.07915361980562473,"{""class_weight"": ""balanced"", ""max_depth"": 6, ""max_features"": 0.3, ""min_samples_leaf"": 5}"
4,0,111,1,0.7202240812921735,0.8215165345532247,0.050437535736835425,"{""class_weight"": ""balanced"", ""max_depth"": 6, ""max_features"": 0.3, ""min_samples_leaf"": 5}"
4,0,114,1,0.889262363912679,0.9361566878395603,0.04420626469615612,"{""class_weight"": ""balanced"", ""max_depth"": 6, ""max_features"": 0.3, ""min_samples_leaf"": 5}"
4,0,116,1,0.8571106884451579,0.9145621234133678,0.04841999557466772,"{""class_weight"": ""balanced"", ""max_depth"": 6, ""max_features"": 0.3, ""min_samples_leaf"": 5}"
4,0,118,1,0.6704551063620269,0.8079030199369017,0.04840517761536539,"{""class_weight"": ""balanced"", ""max_depth"": 6, ""max_features"": 0.3, ""min_samples_leaf"": 5}"
4,0,131,1,0.9123302634393515,0.93833217625201,0.03816110549241338,"{""class_weight"": ""balanced"", ""max_depth"": 6, ""max_features"": 0.3, ""min_samples_leaf"": 5}"
4,0,135,1,0.4236277036731172,0.5233831370058848,0.08387012064689627,"{""class_weight"": ""balanced"", ""max_depth"": 6, ""max_features"": 0.3, ""min_samples_leaf"": 5}"
4,0,137,0,0.19367074119346983,0.15812896495070966,0.02645877751758331,"{""class_weight"": ""balanced"", ""max_depth"": 6, ""max_features"": 0.3, ""min_samples_leaf"": 5}"
4,0,140,1,0.8652210096786758,0.9164152841342498,0.0521607092718645,"{""class_weight"": ""balanced"", ""max_depth"": 6, ""max_features"": 0.3, ""min_samples_leaf"": 5}"
4,0,142,1,0.24479255209634204,0.22071431412032597,0.03599403876707473,"{""class_weight"": ""balanced"", ""max_depth"": 6, ""max_features"": 0.3, ""min_samples_leaf"": 5}"
4,0,148,1,0.469662465305579,0.5045757734837373,0.0471113446519975,"{""class_weight"": ""balanced"", ""max_depth"": 6, ""max_features"": 0.3, ""min_samples_leaf"": 5}"
4,0,149,1,0.6833140719043733,0.8262521354350021,0.05447184758042718,"{""class_weight"": ""balanced"", ""max_depth"": 6, ""max_features"": 0.3, ""min_samples_leaf"": 5}"
4,0,157,1,0.5820961206384364,0.6526026840506753,0.08881267229338417,"{""class_weight"": ""balanced"", ""max_depth"": 6, ""max_features"": 0.3, ""min_samples_leaf"": 5}"
4,0,163,1,0.4418018113899134,0.5037592484895935,0.05987271796158664,"{""class_weight"": ""balanced"", ""max_depth"": 6, ""max_features"": 0.3, ""min_samples_leaf"": 5}"
4,0,170,0,0.23556812062302257,0.1872663038299766,0.05233139719593859,"{""class_weight"": ""balanced"", ""max_depth"": 6, ""max_features"": 0.3, ""min_samples_leaf"": 5}"
4,0,171,1,0.5942766123367336,0.7267308652671118,0.02383253428654791,"{""class_weight"": ""balanced"", ""max_depth"": 6, ""max_features"": 0.3, ""min_samples_leaf"": 5}"
4,0,172,1,0.6364075841413467,0.7535245712094156,0.09446428205662802,"{""class_weight"": ""balanced"", ""max_depth"": 6, ""max_features"": 0.3, ""min_samples_leaf"": 5}"
4,0,176,1,0.19032715072449988,0.157256487851683,0.03168437394990385,"{""class_weight"": ""balanced"", ""max_depth"": 6, ""max_features"": 0.3, ""min_samples_leaf"": 5}"
4,0,182,1,0.3508250390665657,0.3748858753753875,0.05607573646117886,"{""class_weight"": ""balanced"", ""max_depth"": 6, ""max_features"": 0.3, ""min_samples_leaf"": 5}"
4,0,186,0,0.4342109061747578,0.5318718790591919,0.07248145391843404,"{""class_weight"": ""balanced"", ""max_depth"": 6, ""max_features"": 0.3, ""min_samples_leaf"": 5}"
4,0,192,0,0.11414589297381869,0.09468791032044616,0.02743073625962247,"{""class_weight"": ""balanced"", ""max_depth"": 6, ""max_features"": 0.3, ""min_samples_leaf"": 5}"
4,0,193,0,0.3973937960430558,0.39499440011915404,0.08868690659391834,"{""class_weight"": ""balanced"", ""max_depth"": 6, ""max_features"": 0.3, ""min_samples_leaf"": 5}"
4,0,195,0,0.6562509943216368,0.7891947107934311,0.08073890449608756,"{""class_weight"": ""balanced"", ""max_depth"": 6, ""max_features"": 0.3, ""min_samples_leaf"": 5}"
4,0,197,1,0.7232766868103844,0.8524969181400197,0.07904564171087917,"{""class_weight"": ""balanced"", ""max_depth"": 6, ""max_features"": 0.3, ""min_samples_leaf"": 5}"
4,0,201,0,0.24769601760788887,0.23525070837627665,0.06814870526074966,"{""class_weight"": ""balanced"", ""max_depth"": 6, ""max_features"": 0.3, ""min_samples_leaf"": 5}"
4,0,203,0,0.2690694053148349,0.22260946378430674,0.03367885725437698,"{""class_weight"": ""balanced"", ""max_depth"": 6, ""max_features"": 0.3, ""min_samples_leaf"": 5}"
4,0,211,1,0.5783488232149876,0.6838640729846027,0.07963334091019907,"{""class_weight"": ""balanced"", ""max_depth"": 6, ""max_features"": 0.3, ""min_samples_leaf"": 5}"
4,0,214,0,0.8213789003566981,0.8960245864365831,0.04322275116224307,"{""class_weight"": ""balanced"", ""max_depth"": 6, ""max_features"": 0.3, ""min_samples_leaf"": 5}"
4,0,240,1,0.9296023193925671,0.9451011578951111,0.035105405277344265,"{""class_weight"": ""balanced"", ""max_depth"": 6, ""max_features"": 0.3, ""min_samples_leaf"": 5}"
4,0,246,1,0.7578918229366012,0.8837433499997296,0.05672852497953066,"{""class_weight"": ""balanced"", ""max_depth"": 6, ""max_features"": 0.3, ""min_samples_leaf"": 5}"
4,0,247,0,0.10636640568346499,0.09982938672529532,0.023944075145323634,"{""class_weight"": ""balanced"", ""max_depth"": 6, ""max_features"": 0.3, ""min_samples_leaf"": 5}"
4,0,254,0,0.603789301869496,0.6621677527338118,0.07722299127477038,"{""class_weight"": ""balanced"", ""max_depth"": 6, ""max_features"": 0.3, ""min_samples_leaf"": 5}"
4,0,260,1,0.7313282754554848,0.8559102100393652,0.04297698098730488,"{""class_weight"": ""balanced"", ""max_depth"": 6, ""max_features"": 0.3, ""min_samples_leaf"": 5}"
4,0,262,1,0.4705409113933795,0.5332841478073951,0.08527266122357484,"{""class_weight"": ""balanced"", ""max_depth"": 6, ""max_features"": 0.3, ""min_samples_leaf"": 5}"
4,0,267,1,0.792266451882956,0.8743377941657442,0.05704622514248784,"{""class_weight"": ""balanced"", ""max_depth"": 6, ""max_features"": 0.3, ""min_samples_leaf"": 5}"
4,0,268,0,0.42805550507284257,0.4701193307204841,0.1044785196225609,"{""class_weight"": ""balanced"", ""max_depth"": 6, ""max_features"": 0.3, ""min_samples_leaf"": 5}"
4,0,273,1,0.8230838087863165,0.9133986289894942,0.05266154744283117,"{""class_weight"": ""balanced"", ""max_depth"": 6, ""max_features"": 0.3, ""min_samples_leaf"": 5}"
4,0,275,1,0.7349897674498076,0.8627242767882516,0.06355873488272784,"{""class_weight"": ""balanced"", ""max_depth"": 6, ""max_features"": 0.3, ""min_samples_leaf"": 5}"
4,0,280,0,0.20988121393008105,0.21016050504606443,0.023443967227752337,"{""class_weight"": ""balanced"", ""max_depth"": 6, ""max_features"": 0.3, ""min_samples_leaf"": 5}"
4,0,281,1,0.4445871449853781,0.48856375497843374,0.09776775245355755,"{""class_weight"": ""balanced"", ""max_depth"": 6, ""max_features"": 0.3, ""min_samples_leaf"": 5}"
4,0,282,0,0.7548130683670096,0.8545552969977456,0.07157268688390943,"{""class_weight"": ""balanced"", ""max_depth"": 6, ""max_features"": 0.3, ""min_samples_leaf"": 5}"
4,0,291,0,0.27915360421191027,0.23610190884678334,0.11564490410567983,"{""class_weight"": ""balanced"", ""max_depth"": 6, ""max_features"": 0.3, ""min_samples_leaf"": 5}"
4,0,295,0,0.39272459622286116,0.4356591773375724,0.028235385538749755,"{""class_weight"": ""balanced"", ""max_depth"": 6, ""max_features"": 0.3, ""min_samples_leaf"": 5}"
4,1,4,0,0.4167964371301934,0.26835013230656407,0.08259386753442725,"{""class_weight"": null, ""max_depth"": 5, ""max_features"": ""sqrt"", ""min_samples_leaf"": 8}"
4,1,5,1,0.599045889594067,0.6046950653515598,0.07794823900817689,"{""class_weight"": null, ""max_depth"": 5, ""max_features"": ""sqrt"", ""min_samples_leaf"": 8}"
4,1,8,0,0.36518259606481507,0.22909939492514705,0.07372082924445078,"{""class_weight"": null, ""max_depth"": 5, ""max_features"": ""sqrt"", ""min_samples_leaf"": 8}"
4,1,10,1,0.49674115982647415,0.5099494079994032,0.07793880857290877,"{""class_weight"": null, ""max_depth"": 5, ""max_features"": ""sqrt"", ""min_samples_leaf"": 8}"
4,1,11,1,0.8014611677319753,0.9033206476138161,0.028298363675105662,"{""class_weight"": null, ""max_depth"": 5, ""max_features"": ""sqrt"", ""min_samples_leaf"": 8}"
4,1,16,0,0.5071400950247628,0.4481729796453154,0.05688709498154845,"{""class_weight"": null, ""max_depth"": 5, ""max_features"": ""sqrt"", ""min_samples_leaf"": 8}"
4,1,21,1,0.5765250402116017,0.6138874840423947,0.06091502088166931,"{""class_weight"": null, ""max_depth"": 5, ""max_features"": ""sqrt"", ""min_samples_leaf"": 8}"
4,1,49,0,0.475877278673267,0.37952152496900066,0.0349342437616893,"{""class_weight"": null, ""max_depth"": 5, ""max_features"": ""sqrt"", ""min_samples_leaf"": 8}"
4,1,52,1,0.8661948202452255,0.927848531294923,0.01232667593783025,"{""class_weight"": null, ""max_depth"": 5, ""max_features"": ""sqrt"", ""min_samples_leaf"": 8}"
4,1,54,0,0.6023112628143524,0.6052610725556837,0.041714569339018306,"{""class_weight"": null, ""max_depth"": 5, ""max_features"": ""sqrt"", ""min_samples_leaf"": 8}"
4,1,60,0,0.49669011790995965,0.3893086534079012,0.05472540777882995,"{""class_weight"": null, ""max_depth"": 5, ""max_features"": ""sqrt"", ""min_samples_leaf"": 8}"
4,1,61,1,0.46827504991087143,0.40068098080442416,0.05568285573226857,"{""class_weight"": null, ""max_depth"": 5, ""max_features"": ""sqrt"", ""min_samples_leaf"": 8}"
4,1,64,0,0.4138924128652043,0.3128454207115713,0.10263822270747866,"{""class_weight"": null, ""max_depth"": 5, ""max_features"": ""sqrt"", ""min_samples_leaf"": 8}"
4,1,71,1,0.7836069995970648,0.8518370211688409,0.017158737329706082,"{""class_weight"": null, ""max_depth"": 5, ""max_features"": ""sqrt"", ""min_samples_leaf"": 8}"
4,1,74,1,0.8153221151967479,0.8987440782308409,0.02899363396472138,"{""class_weight"": null, ""max_depth"": 5, ""max_features"": ""sqrt"", ""min_samples_leaf"": 8}"
4,1,76,1,0.6392078030330797,0.721280646482006,0.06943507806136481,"{""class_weight"": null, ""max_depth"": 5, ""max_features"": ""sqrt"", ""min_samples_leaf"": 8}"
4,1,77,0,0.571393109549506,0.5966915197085626,0.03810571747987942,"{""class_weight"": null, ""max_depth"": 5, ""max_features"": ""sqrt"", ""min_samples_leaf"": 8}"
4,1,93,1,0.7454347171708305,0.8001012517533106,0.03359252926595301,"{""class_weight"": null, ""max_depth"": 5, ""max_features"": ""sqrt"", ""min_samples_leaf"": 8}"
4,1,100,1,0.7248524254230488,0.7964983089576813,0.03014021741566521,"{""class_weight"": null, ""max_depth"": 5, ""max_features"": ""sqrt"", ""min_samples_leaf"": 8}"
4,1,101,1,0.7737616312195168,0.8636269209491582,0.03257459476513562,"{""class_weight"": null, ""max_depth"": 5, ""max_features"": ""sqrt"", ""min_samples_leaf"": 8}"
4,1,107,1,0.5685088892528827,0.5929647314460514,0.05948879791564332,"{""class_weight"": null, ""max_depth"": 5, ""max_features"": ""sqrt"", ""min_samples_leaf"": 8}"
4,1,113,0,0.18081569625821844,0.07784165379028371,0.01926906160168409,"{""class_weight"": null, ""max_depth"": 5, ""max_features"": ""sqrt"", ""min_samples_leaf"": 8}"
4,1,119,1,0.6933297369825646,0.7586596834803034,0.025668419762484896,"{""class_weight"": null, ""max_depth"": 5, ""max_features"": ""sqrt"", ""min_samples_leaf"": 8}"
4,1,120,1,0.6140382177108206,0.6670353487322561,0.07811990608698155,"{""class_weight"": null, ""max_depth"": 5, ""max_features"": ""sqrt"", ""min_samples_leaf"": 8}"
4,1,121,0,0.5473479686310287,0.5657787908601659,0.08344156151346063,"{""class_weight"": null, ""max_depth"": 5, ""max_features"": ""sqrt"", ""min_samples_leaf"": 8}"
4,1,125,1,0.5572522245786548,0.5531465613320956,0.07832932768712844,"{""class_weight"": null, ""max_depth"": 5, ""max_features"": ""sqrt"", ""min_samples_leaf"": 8}"
4,1,129,0,0.5619722660969166,0.5371134970485246,0.04694156976284321,"{""class_weight"": null, ""max_depth"": 5, ""max_features"": ""sqrt"", ""min_samples_leaf"": 8}"
4,1,130,0,0.44117662279888664,0.30425173445779,0.051257118374982265,"{""class_weight"": null, ""max_depth"": 5, ""max_features"": ""sqrt"", ""min_samples_leaf"": 8}"
4,1,132,1,0.7716534512227028,0.8667557321376286,0.04172226701314669,"{""class_weight"": null, ""max_depth"": 5, ""max_features"": ""sqrt"", ""min_samples_leaf"": 8}"
4,1,134,1,0.5132338269762942,0.5090624431060102,0.07617117690320807,"{""class_weight"": null, ""max_depth"": 5, ""max_features"": ""sqrt"", ""min_samples_leaf"": 8}"
4,1,138,1,0.7086522248907895,0.8006272382428014,0.041865111602874504,"{""class_weight"": null, ""max_depth"": 5, ""max_features"": ""sqrt"", ""min_samples_leaf"": 8}"
4,1,152,1,0.42580495294439713,0.35708160426323543,0.06682404287442503,"{""class_weight"": null, ""max_depth"": 5, ""max_features"": ""sqrt"", ""min_samples_leaf"": 8}"
4,1,155,1,0.7040522129776414,0.8081830025943215,0.04596441527752299,"{""class_weight"": null, ""max_depth"": 5, ""max_features"": ""sqrt"", ""min_samples_leaf"": 8}"
4,1,161,1,0.7814281176549773,0.8808747603848589,0.0336593552889462,"{""class_weight"": null, ""max_depth"": 5, ""max_features"": ""sqrt"", ""min_samples_leaf"": 8}"
4,1,168,0,0.3684357246050672,0.21983949334732866,0.06672795984128317,"{""class_weight"": null, ""max_depth"": 5, ""max_features"": ""sqrt"", ""min_samples_leaf"": 8}"
4,1,169,0,0.41227915741438625,0.2706478685924114,0.06868955995802575,"{""class_weight"": null, ""max_depth"": 5, ""max_features"": ""sqrt"", ""min_samples_leaf"": 8}"
4,1,175,0,0.42486673954555015,0.334208266129401,0.024684294904504068,"{""class_weight"": null, ""max_depth"": 5, ""max_features"": ""sqrt"", ""min_samples_leaf"": 8}"
4,1,178,1,0.4849302255575466,0.44648240172810444,0.1180193621914889,"{""class_weight"": null, ""max_depth"": 5, ""max_features"": ""sqrt"", ""min_samples_leaf"": 8}"
4,1,185,0,0.511469466456619,0.4363997622464229,0.02237977325437288,"{""class_weight"": null, ""max_depth"": 5, ""max_features"": ""sqrt"", ""min_samples_leaf"": 8}"
4,1,188,1,0.42143662664882486,0.361509426130295,0.060306890059330036,"{""class_weight"": null, ""max_depth"": 5, ""max_features"": ""sqrt"", ""min_samples_leaf"": 8}"
4,1,191,1,0.7951270150012444,0.8664694553071328,0.02859624456787249,"{""class_weight"": null, ""max_depth"": 5, ""max_features"": ""sqrt"", ""min_samples_leaf"": 8}"
4,1,200,1,0.656929762189923,0.7003786577299591,0.06860549840022337,"{""class_weight"": null, ""max_depth"": 5, ""max_features"": ""sqrt"", ""min_samples_leaf"": 8}"
4,1,204,0,0.3939914330967438,0.3000298597751891,0.08321752320859727,"{""class_weight"": null, ""max_depth"": 5, ""max_features"": ""sqrt"", ""min_samples_leaf"": 8}"
4,1,212,0,0.2553045724316608,0.10311566860578562,0.04882013705597787,"{""class_weight"": null, ""max_depth"": 5, ""max_features"": ""sqrt"", ""min_samples_leaf"": 8}"
4,1,221,1,0.6138042097578462,0.6309492682753981,0.06684785114876889,"{""class_weight"": null, ""max_depth"": 5, ""max_features"": ""sqrt"", ""min_samples_leaf"": 8}"
4,1,223,1,0.49233347097157726,0.3958843633893889,0.009107225664958269,"{""class_weight"": null, ""max_depth"": 5, ""max_features"": ""sqrt"", ""min_samples_leaf"": 8}"
4,1,224,1,0.7951287771556313,0.8934510517546215,0.030321209306891042,"{""class_weight"": null, ""max_depth"": 5, ""max_features"": ""sqrt"", ""min_samples_leaf"": 8}"
4,1,226,1,0.5980538072541297,0.6778055293100707,0.05913219247026552,"{""class_weight"": null, ""max_depth"": 5, ""max_features"": ""sqrt"", ""min_samples_leaf"": 8}"
4,1,227,1,0.5811435425816197,0.5594297408848841,0.06026405878355802,"{""class_weight"": null, ""max_depth"": 5, ""max_features"": ""sqrt"", ""min_samples_leaf"": 8}"
4,1,228,1,0.5373000628740957,0.5237001651873431,0.03045122229011013,"{""class_weight"": null, ""max_depth"": 5, ""max_features"": ""sqrt"", ""min_samples_leaf"": 8}"
4,1,245,1,0.5908611179493303,0.5758765665485551,0.05942485362357499,"{""class_weight"": null, ""max_depth"": 5, ""max_features"": ""sqrt"", ""min_samples_leaf"": 8}"
4,1,250,1,0.5764355359997958,0.5858393486341423,0.08445338077958363,"{""class_weight"": null, ""max_depth"": 5, ""max_features"": ""sqrt"", ""min_samples_leaf"": 8}"
4,1,263,0,0.2781676941425451,0.13440030312340034,0.03304370473791874,"{""class_weight"": null, ""max_depth"": 5, ""max_features"": ""sqrt"", ""min_samples_leaf"": 8}"
4,1,272,0,0.5676952305777312,0.5561920997707646,0.061219483511409094,"{""class_weight"": null, ""max_depth"": 5, ""max_features"": ""sqrt"", ""min_samples_leaf"": 8}"
4,1,274,1,0.8317995708115918,0.9160352734061743,0.025146228025051988,"{""class_weight"": null, ""max_depth"": 5, ""max_features"": ""sqrt"", ""min_samples_leaf"": 8}"
4,1,287,0,0.517033715630826,0.449472838087571,0.07811270679502091,"{""class_weight"": null, ""max_depth"": 5, ""max_features"": ""sqrt"", ""min_samples_leaf"": 8}"
4,1,292,0,0.45281384126109725,0.4085913866957475,0.05821784710291571,"{""class_weight"": null, ""max_depth"": 5, ""max_features"": ""sqrt"", ""min_samples_leaf"": 8}"
4,1,293,0,0.3325478338286152,0.19452844943940045,0.07663613344494083,"{""class_weight"": null, ""max_depth"": 5, ""max_features"": ""sqrt"", ""min_samples_leaf"": 8}"
4,1,294,1,0.5400316081133115,0.5536409707305914,0.08659507600509019,"{""class_weight"": null, ""max_depth"": 5, ""max_features"": ""sqrt"", ""min_samples_leaf"": 8}"
4,1,296,0,0.399727971848439,0.25591657839039755,0.06209565357026017,"{""class_weight"": null, ""max_depth"": 5, ""max_features"": ""sqrt"", ""min_samples_leaf"": 8}"
4,1,299,0,0.48254945780150793,0.42072726620546846,0.06624700687384706,"{""class_weight"": null, ""max_depth"": 5, ""max_features"": ""sqrt"", ""min_samples_leaf"": 8}"
4,2,1,1,0.870112150489944,0.909414998885595,0.034107707441876536,"{""class_weight"": null, ""max_depth"": 6, ""max_features"": ""sqrt"", ""min_samples_leaf"": 2}"
4,2,9,0,0.6316256013933415,0.751940279663077,0.08280556679065953,"{""class_weight"": null, ""max_depth"": 6, ""max_features"": ""sqrt"", ""min_samples_leaf"": 2}"
4,2,12,1,0.7208969900212397,0.8393030798603721,0.053056311879462525,"{""class_weight"": null, ""max_depth"": 6, ""max_features"": ""sqrt"", ""min_samples_leaf"": 2}"
4,2,17,0,0.2758367923515487,0.14843585487699068,0.051897856637321514,"{""class_weight"": null, ""max_depth"": 6, ""max_features"": ""sqrt"", ""min_samples_leaf"": 2}"
4,2,25,1,0.8191501009772488,0.8947742017933468,0.03214647895100874,"{""class_weight"": null, ""max_depth"": 6, ""max_features"": ""sqrt"", ""min_samples_leaf"": 2}"
4,2,29,0,0.7820082632276817,0.8473622544885459,0.05560114296435862,"{""class_weight"": null, ""max_depth"": 6, ""max_features"": ""sqrt"", ""min_samples_leaf"": 2}"
4,2,30,1,0.7346199037118605,0.8459413670660736,0.05842124146376421,"{""class_weight"": null, ""max_depth"": 6, ""max_features"": ""sqrt"", ""min_samples_leaf"": 2}"
4,2,33,1,0.5681477205916644,0.616190536379466,0.04089392295937019,"{""class_weight"": null, ""max_depth"": 6, ""max_features"": ""sqrt"", ""min_samples_leaf"": 2}"
4,2,38,1,0.6209532095031205,0.679465744144965,0.05958817423067118,"{""class_weight"": null, ""max_depth"": 6, ""max_features"": ""sqrt"", ""min_samples_leaf"": 2}"
4,2,42,0,0.2881735153939508,0.17736916265913943,0.046503232651451294,"{""class_weight"": null, ""max_depth"": 6, ""max_features"": ""sqrt"", ""min_samples_leaf"": 2}"
4,2,43,1,0.4649654287962107,0.4223046617785532,0.040845576429508985,"{""class_weight"": null, ""max_depth"": 6, ""max_features"": ""sqrt"", ""min_samples_leaf"": 2}"
4,2,44,0,0.5959444925481031,0.6553515398674982,0.09880052618292239,"{""class_weight"": null, ""max_depth"": 6, ""max_features"": ""sqrt"", ""min_samples_leaf"": 2}"
4,2,48,0,0.31471972174476825,0.18062153522023272,0.06544581834231121,"{""class_weight"": null, ""max_depth"": 6, ""max_features"": ""sqrt"", ""min_samples_leaf"": 2}"
4,2,55,1,0.8925192339080985,0.938102355154544,0.025615392368551128,"{""class_weight"": null, ""max_depth"": 6, ""max_features"": ""sqrt"", ""min_samples_leaf"": 2}"
4,2,56,1,0.6988010402206953,0.7790744653104482,0.048331979577643146,"{""class_weight"": null, ""max_depth"": 6, ""max_features"": ""sqrt"", ""min_samples_leaf"": 2}"
4,2,57,1,0.8029440607472356,0.868370382757791,0.014943977705183364,"{""class_weight"": null, ""max_depth"": 6, ""max_features"": ""sqrt"", ""min_samples_leaf"": 2}"
4,2,72,1,0.6973413342532097,0.7510898552868499,0.062488903848776076,"{""class_weight"": null, ""max_depth"": 6, ""max_features"": ""sqrt"", ""min_samples_leaf"": 2}"
4,2,73,0,0.6188077110527027,0.6726041844297594,0.039892049643479956,"{""class_weight"": null, ""max_depth"": 6, ""max_features"": ""sqrt"", ""min_samples_leaf"": 2}"
4,2,79,0,0.2548860106083706,0.134796501116273,0.0445591679423744,"{""class_weight"": null, ""max_depth"": 6, ""max_features"": ""sqrt"", ""min_samples_leaf"": 2}"
4,2,83,1,0.6684350530051952,0.6920763292165331,0.049992994320567495,"{""class_weight"": null, ""max_depth"": 6, ""max_features"": ""sqrt"", ""min_samples_leaf"": 2}"
4,2,85,0,0.6155501329235153,0.6428998317683143,0.07922732798978949,"{""class_weight"": null, ""max_depth"": 6, ""max_features"": ""sqrt"", ""min_samples_leaf"": 2}"
4,2,87,1,0.7619175916271309,0.8603754960752953,0.03348817354274377,"{""class_weight"": null, ""max_depth"": 6, ""max_features"": ""sqrt"", ""min_samples_leaf"": 2}"
4,2,95,1,0.8657810344994783,0.9082684794576703,0.03645234814788246,"{""class_weight"": null, ""max_depth"": 6, ""max_features"": ""sqrt"", ""min_samples_leaf"": 2}"
4,2,96,1,0.7702987558192103,0.821044424064169,0.05266696831808968,"{""class_weight"": null, ""max_depth"": 6, ""max_features"": ""sqrt"", ""min_samples_leaf"": 2}"
4,2,99,1,0.5808458516101762,0.5842551237593995,0.08524913274848944,"{""class_weight"": null, ""max_depth"": 6, ""max_features"": ""sqrt"", ""min_samples_leaf"": 2}"
4,2,102,0,0.1488619151424871,0.08345132862244002,0.04694668010758575,"{""class_weight"": null, ""max_depth"": 6, ""max_features"": ""sqrt"", ""min_samples_leaf"": 2}"
4,2,105,1,0.6021676651109649,0.6199305447704615,0.06137619213485704,"{""class_weight"": null, ""max_depth"": 6, ""max_features"": ""sqrt"", ""min_samples_leaf"": 2}"
4,2,106,1,0.7456833242945469,0.8274069553255761,0.03338066290157322,"{""class_weight"": null, ""max_depth"": 6, ""max_features"": ""sqrt"", ""min_samples_leaf"": 2}"
4,2,109,0,0.5681488599925637,0.6299003189625708,0.0801659345274634,"{""class_weight"": null, ""max_depth"": 6, ""max_features"": ""sqrt"", ""min_samples_leaf"": 2}"
4,2,110,0,0.24717462562910678,0.1590287494212018,0.07317029007049886,"{""class_weight"": null, ""max_depth"": 6, ""max_features"": ""sqrt"", ""min_samples_leaf"": 2}"
4,2,117,1,0.7456521597158909,0.8454175816380601,0.05632379395623397,"{""class_weight"": null, ""max_depth"": 6, ""max_features"": ""sqrt"", ""min_samples_leaf"": 2}"
4,2,128,1,0.6526712774756678,0.6583462796282887,0.11286242185432292,"{""class_weight"": null, ""max_depth"": 6, ""max_features"": ""sqrt"", ""min_samples_leaf"": 2}"
4,2,141,1,0.7152378552309125,0.8119363705968187,0.02338915998432496,"{""class_weight"": null, ""max_depth"": 6, ""max_features"": ""sqrt"", ""min_samples_leaf"": 2}"
4,2,145,0,0.6869451358765944,0.7189099750567479,0.0505624259890741,"{""class_weight"": null, ""max_depth"": 6, ""max_features"": ""sqrt"", ""min_samples_leaf"": 2}"
4,2,147,1,0.6041564946023678,0.5857990408025315,0.08825080384706117,"{""class_weight"": null, ""max_depth"": 6, ""max_features"": ""sqrt"", ""min_samples_leaf"": 2}"
4,2,150,0,0.4313230512873698,0.3281684843742322,0.10969165296398407,"{""class_weight"": null, ""max_depth"": 6, ""max_features"": ""sqrt"", ""min_samples_leaf"": 2}"
4,2,151,0,0.41633782263465385,0.3002871158854109,0.08702023877549972,"{""class_weight"": null, ""max_depth"": 6, ""max_features"": ""sqrt"", ""min_samples_leaf"": 2}"
4,2,166,0,0.32721135147212027,0.21348718604366676,0.05265733392557048,"{""class_weight"": null, ""max_depth"": 6, ""max_features"": ""sqrt"", ""min_samples_leaf"": 2}"
4,2,174,1,0.7974749590047904,0.888917801939572,0.05011920926356764,"{""class_weight"": null, ""max_depth"": 6, ""max_features"": ""sqrt"", ""min_samples_leaf"": 2}"
4,2,177,1,0.7146689257524843,0.7864108470967375,0.03328285315672827,"{""class_weight"": null, ""max_depth"": 6, ""max_features"": ""sqrt"", ""min_samples_leaf"": 2}"
4,2,181,1,0.6999443337154662,0.8159117295460453,0.05051291530397903,"{""class_weight"": null, ""max_depth"": 6, ""max_features"": ""sqrt"", ""min_samples_leaf"": 2}"
4,2,184,1,0.6852101997019256,0.7323426252435807,0.1089640239877045,"{""class_weight"": null, ""max_depth"": 6, ""max_features"": ""sqrt"", ""min_samples_leaf"": 2}"
4,2,198,1,0.7319373890389143,0.8229016772105133,0.06101705700030799,"{""class_weight"": null, ""max_depth"": 6, ""max_features"": ""sqrt"", ""min_samples_leaf"": 2}"
4,2,199,0,0.34266211153530934,0.23504124215322805,0.07995396640044124,"{""class_weight"": null, ""max_depth"": 6, ""max_features"": ""sqrt"", ""min_samples_leaf"": 2}"
4,2,208,1,0.6572164422694948,0.6805156217949351,0.08522127840814125,"{""class_weight"": null, ""max_depth"": 6, ""max_features"": ""sqrt"", ""min_samples_leaf"": 2}"
4,2,209,1,0.7205016898599356,0.8177198937883665,0.023787899623651854,"{""class_weight"": null, ""max_depth"": 6, ""max_features"": ""sqrt"", ""min_samples_leaf"": 2}"
4,2,219,1,0.28455146382675883,0.15996545211678304,0.06830920101775076,"{""class_weight"": null, ""max_depth"": 6, ""max_features"": ""sqrt"", ""min_samples_leaf"": 2}"
4,2,220,1,0.6096157385994023,0.689008775316011,0.061538336122853796,"{""class_weight"": null, ""max_depth"": 6, ""max_features"": ""sqrt"", ""min_samples_leaf"": 2}"
4,2,225,0,0.5054077543141445,0.5077398092220193,0.09669917951230833,"{""class_weight"": null, ""max_depth"": 6, ""max_features"": ""sqrt"", ""min_samples_leaf"": 2}"
4,2,230,1,0.8545801165729191,0.9011264727876899,0.0358329701645548,"{""class_weight"": null, ""max_depth"": 6, ""max_features"": ""sqrt"", ""min_samples_leaf"": 2}"
4,2,231,0,0.8104692220907016,0.8801797880281695,0.02732312933142551,"{""class_weight"": null, ""max_depth"": 6, ""max_features"": ""sqrt"", ""min_samples_leaf"": 2}"
4,2,237,1,0.6219358563950922,0.6607425326066018,0.05616974124776922,"{""class_weight"": null, ""max_depth"": 6, ""max_features"": ""sqrt"", ""min_samples_leaf"": 2}"
4,2,244,1,0.34894862300913954,0.21698867286385792,0.07359454514994437,"{""class_weight"": null, ""max_depth"": 6, ""max_features"": ""sqrt"", ""min_samples_leaf"": 2}"
4,2,258,0,0.276454338159307,0.16325690814856217,0.06282633383221471,"{""class_weight"": null, ""max_depth"": 6, ""max_features"": ""sqrt"", ""min_samples_leaf"": 2}"
4,2,259,1,0.6240974185300812,0.6520685009759131,0.05703846704346407,"{""class_weight"": null, ""max_depth"": 6, ""max_features"": ""sqrt"", ""min_samples_leaf"": 2}"
4,2,264,0,0.3377969991678467,0.20859607243027364,0.06603474683532395,"{""class_weight"": null, ""max_depth"": 6, ""max_features"": ""sqrt"", ""min_samples_leaf"": 2}"
4,2,265,0,0.7571599474246039,0.8317354503308245,0.06131069247251231,"{""class_weight"": null, ""max_depth"": 6, ""max_features"": ""sqrt"", ""min_samples_leaf"": 2}"
4,2,266,0,0.6834075913125784,0.7847541397158098,0.044902901007070575,"{""class_weight"": null, ""max_depth"": 6, ""max_features"": ""sqrt"", ""min_samples_leaf"": 2}"
4,2,276,0,0.30967638452151003,0.14521183516193864,0.056379379455345276,"{""class_weight"": null, ""max_depth"": 6, ""max_features"": ""sqrt"", ""min_samples_leaf"": 2}"
4,2,286,0,0.38291735992089937,0.3142182467377395,0.07490485326490348,"{""class_weight"": null, ""max_depth"": 6, ""max_features"": ""sqrt"", ""min_samples_leaf"": 2}"
4,2,300,0,0.2371135292105153,0.12902353460933869,0.055310457968488894,"{""class_weight"": null, ""max_depth"": 6, ""max_features"": ""sqrt"", ""min_samples_leaf"": 2}"
4,3,0,1,0.3356645569920862,0.25646171214662844,0.020037145189981082,"{""class_weight"": ""balanced"", ""max_depth"": 5, ""max_features"": ""sqrt"", ""min_samples_leaf"": 7}"
4,3,6,1,0.7071613607617234,0.8562338609697226,0.04128129160025836,"{""class_weight"": ""balanced"", ""max_depth"": 5, ""max_features"": ""sqrt"", ""min_samples_leaf"": 7}"
4,3,13,1,0.5665685082200795,0.7121402902327304,0.06096867432995345,"{""class_weight"": ""balanced"", ""max_depth"": 5, ""max_features"": ""sqrt"", ""min_samples_leaf"": 7}"
4,3,14,1,0.3846726072535101,0.3447273661301529,0.0729988228129107,"{""class_weight"": ""balanced"", ""max_depth"": 5, ""max_features"": ""sqrt"", ""min_samples_leaf"": 7}"
4,3,18,1,0.5863231902347866,0.6679656772870018,0.07707184867265408,"{""class_weight"": ""balanced"", ""max_depth"": 5, ""max_features"": ""sqrt"", ""min_samples_leaf"": 7}"
4,3,22,1,0.6750621240251837,0.8530949371148218,0.045840783737917175,"{""class_weight"": ""balanced"", ""max_depth"": 5, ""max_features"": ""sqrt"", ""min_samples_leaf"": 7}"
4,3,24,1,0.5820246354901297,0.6238879247697341,0.04857233772211629,"{""class_weight"": ""balanced"", ""max_depth"": 5, ""max_features"": ""sqrt"", ""min_samples_leaf"": 7}"
4,3,27,0,0.2818450999213421,0.21012082482565558,0.046352431647384146,"{""class_weight"": ""balanced"", ""max_depth"": 5, ""max_features"": ""sqrt"", ""min_samples_leaf"": 7}"
4,3,34,1,0.5892672684649503,0.7416625583502597,0.06030269976441424,"{""class_weight"": ""balanced"", ""max_depth"": 5, ""max_features"": ""sqrt"", ""min_samples_leaf"": 7}"
4,3,37,1,0.5054881649862629,0.5534047929815145,0.1180009329845927,"{""class_weight"": ""balanced"", ""max_depth"": 5, ""max_features"": ""sqrt"", ""min_samples_leaf"": 7}"
4,3,40,1,0.6854089794645454,0.8652125668850564,0.04298447474278203,"{""class_weight"": ""balanced"", ""max_depth"": 5, ""max_features"": ""sqrt"", ""min_samples_leaf"": 7}"
4,3,46,1,0.501450732733513,0.5363093713983242,0.06365532091845079,"{""class_weight"": ""balanced"", ""max_depth"": 5, ""max_features"": ""sqrt"", ""min_samples_leaf"": 7}"
4,3,47,1,0.7641253592401784,0.9239553065110258,0.03023845080456923,"{""class_weight"": ""balanced"", ""max_depth"": 5, ""max_features"": ""sqrt"", ""min_samples_leaf"": 7}"
4,3,50,0,0.4222272736694565,0.36851444383256704,0.044800397610791506,"{""class_weight"": ""balanced"", ""max_depth"": 5, ""max_features"": ""sqrt"", ""min_samples_leaf"": 7}"
4,3,53,0,0.4818472926403291,0.5321518249266001,0.08458850095527128,"{""class_weight"": ""balanced"", ""max_depth"": 5, ""max_features"": ""sqrt"", ""min_samples_leaf"": 7}"
4,3,62,1,0.16989093021100998,0.0778024113983733,0.04244325042286196,"{""class_weight"": ""balanced"", ""max_depth"": 5, ""max_features"": ""sqrt"", ""min_samples_leaf"": 7}"
4,3,65,0,0.5441033138336124,0.6467176147564601,0.047763929481166006,"{""class_weight"": ""balanced"", ""max_depth"": 5, ""max_features"": ""sqrt"", ""min_samples_leaf"": 7}"
4,3,67,0,0.490525307825987,0.43484418382339934,0.07529535941801159,"{""class_weight"": ""balanced"", ""max_depth"": 5, ""max_features"": ""sqrt"", ""min_samples_leaf"": 7}"
4,3,69,1,0.5906858285064035,0.6578145429455783,0.06149399643740998,"{""class_weight"": ""balanced"", ""max_depth"": 5, ""max_features"": ""sqrt"", ""min_samples_leaf"": 7}"
4,3,70,0,0.16422950610093787,0.06452534213940739,0.03939830833862386,"{""class_weight"": ""balanced"", ""max_depth"": 5, ""max_features"": ""sqrt"", ""min_samples_leaf"": 7}"
4,3,75,1,0.3814217035048317,0.2980362901476848,0.07528967155600914,"{""class_weight"": ""balanced"", ""max_depth"": 5, ""max_features"": ""sqrt"", ""min_samples_leaf"": 7}"
4,3,86,1,0.5340462433817976,0.6153200136801701,0.057765810379381353,"{""class_weight"": ""balanced"", ""max_depth"": 5, ""max_features"": ""sqrt"", ""min_samples_leaf"": 7}"
4,3,90,0,0.45320622121788046,0.5044374842153914,0.08921854508714501,"{""class_weight"": ""balanced"", ""max_depth"": 5, ""max_features"": ""sqrt"", ""min_samples_leaf"": 7}"
4,3,108,0,0.29051807099368004,0.15061000286542572,0.060871453371114125,"{""class_weight"": ""balanced"", ""max_depth"": 5, ""max_features"": ""sqrt"", ""min_samples_leaf"": 7}"
4,3,124,1,0.5897819102849607,0.703942993332267,0.09264195059044311,"{""class_weight"": ""balanced"", ""max_depth"": 5, ""max_features"": ""sqrt"", ""min_samples_leaf"": 7}"
4,3,136,0,0.33553067134242315,0.2715254181174478,0.11301127543365394,"{""class_weight"": ""balanced"", ""max_depth"": 5, ""max_features"": ""sqrt"", ""min_samples_leaf"": 7}"
4,3,139,1,0.7318363278467698,0.8870480428727376,0.041690402037139314,"{""class_weight"": ""balanced"", ""max_depth"": 5, ""max_features"": ""sqrt"", ""min_samples_leaf"": 7}"
4,3,146,1,0.81344186321853,0.9470011293515774,0.0263758384122349,"{""class_weight"": ""balanced"", ""max_depth"": 5, ""max_features"": ""sqrt"", ""min_samples_leaf"": 7}"
4,3,154,0,0.5609481464221492,0.6305412817834509,0.0662865631924725,"{""class_weight"": ""balanced"", ""max_depth"": 5, ""max_features"": ""sqrt"", ""min_samples_leaf"": 7}"
4,3,164,1,0.7923659754520734,0.9338185022775395,0.03193771002311915,"{""class_weight"": ""balanced"", ""max_depth"": 5, ""max_features"": ""sqrt"", ""min_samples_leaf"": 7}"
4,3,167,1,0.5714117255669112,0.6231619413080604,0.056588878236555056,"{""class_weight"": ""balanced"", ""max_depth"": 5, ""max_features"": ""sqrt"", ""min_samples_leaf"": 7}"
4,3,179,0,0.199233471906781,0.10408381196763476,0.05379847961247885,"{""class_weight"": ""balanced"", ""max_depth"": 5, ""max_features"": ""sqrt"", ""min_samples_leaf"": 7}"
4,3,183,0,0.4781679505306361,0.4649701765433697,0.05604853813133167,"{""class_weight"": ""balanced"", ""max_depth"": 5, ""max_features"": ""sqrt"", ""min_samples_leaf"": 7}"
4,3,187,1,0.6534389195487105,0.8366286512088001,0.04347186904168558,"{""class_weight"": ""balanced"", ""max_depth"": 5, ""max_features"": ""sqrt"", ""min_samples_leaf"": 7}"
4,3,189,1,0.6240885944641728,0.8174073342259947,0.04129322766691739,"{""class_weight"": ""balanced"", ""max_depth"": 5, ""max_features"": ""sqrt"", ""min_samples_leaf"": 7}"
4,3,194,0,0.30095610904669406,0.17806667899015188,0.04645685786024545,"{""class_weight"": ""balanced"", ""max_depth"": 5, ""max_features"": ""sqrt"", ""min_samples_leaf"": 7}"
4,3,202,1,0.6995969071868854,0.8628343565867116,0.05218240367010046,"{""class_weight"": ""balanced"", ""max_depth"": 5, ""max_features"": ""sqrt"", ""min_samples_leaf"": 7}"
4,3,216,0,0.5337761559815346,0.5405138321481749,0.0588566288913082,"{""class_weight"": ""balanced"", ""max_depth"": 5, ""max_features"": ""sqrt"", ""min_samples_leaf"": 7}"
4,3,217,0,0.35461051714498726,0.2741096279857851,0.0859774001605592,"{""class_weight"": ""balanced"", ""max_depth"": 5, ""max_features"": ""sqrt"", ""min_samples_leaf"": 7}"
4,3,232,1,0.6471924251099931,0.852259634815643,0.05496976790299476,"{""class_weight"": ""balanced"", ""max_depth"": 5, ""max_features"": ""sqrt"", ""min_samples_leaf"": 7}"
4,3,233,0,0.3849807948342088,0.2759739102421344,0.08856475919935422,"{""class_weight"": ""balanced"", ""max_depth"": 5, ""max_features"": ""sqrt"", ""min_samples_leaf"": 7}"
4,3,234,0,0.2833849307813337,0.18006775835629757,0.07001273702154014,"{""class_weight"": ""balanced"", ""max_depth"": 5, ""max_features"": ""sqrt"", ""min_samples_leaf"": 7}"
4,3,238,1,0.25177733293679433,0.1341056139642725,0.06159815202059317,"{""class_weight"": ""balanced"", ""max_depth"": 5, ""max_features"": ""sqrt"", ""min_samples_leaf"": 7}"
4,3,239,1,0.6993081580420828,0.8287412352642545,0.03628388215277288,"{""class_weight"": ""balanced"", ""max_depth"": 5, ""max_features"": ""sqrt"", ""min_samples_leaf"": 7}"
4,3,242,1,0.5671652873090588,0.685638290053889,0.07648133031546105,"{""class_weight"": ""balanced"", ""max_depth"": 5, ""max_features"": ""sqrt"", ""min_samples_leaf"": 7}"
4,3,243,0,0.626786543439645,0.7927855797971128,0.04990781270665149,"{""class_weight"": ""balanced"", ""max_depth"": 5, ""max_features"": ""sqrt"", ""min_samples_leaf"": 7}"
4,3,248,1,0.7380121432913236,0.8924596226855007,0.03703315201812975,"{""class_weight"": ""balanced"", ""max_depth"": 5, ""max_features"": ""sqrt"", ""min_samples_leaf"": 7}"
4,3,249,1,0.6855114995364309,0.8617327576815594,0.038102822801199206,"{""class_weight"": ""balanced"", ""max_depth"": 5, ""max_features"": ""sqrt"", ""min_samples_leaf"": 7}"
4,3,251,1,0.41005350012842573,0.34835841646320154,0.10052646358961564,"{""class_weight"": ""balanced"", ""max_depth"": 5, ""max_features"": ""sqrt"", ""min_samples_leaf"": 7}"
4,3,252,1,0.6355638117040744,0.7649213986999507,0.036449359899975275,"{""class_weight"": ""balanced"", ""max_depth"": 5, ""max_features"": ""sqrt"", ""min_samples_leaf"": 7}"
4,3,253,1,0.5634333381334122,0.6597843870092226,0.09529933295464792,"{""class_weight"": ""balanced"", ""max_depth"": 5, ""max_features"": ""sqrt"", ""min_samples_leaf"": 7}"
4,3,255,0,0.2198732502244585,0.11663589739765268,0.051275458346776805,"{""class_weight"": ""balanced"", ""max_depth"": 5, ""max_features"": ""sqrt"", ""min_samples_leaf"": 7}"
4,3,256,0,0.23252175379173268,0.09265762913774908,0.04214130403253797,"{""class_weight"": ""balanced"", ""max_depth"": 5, ""max_features"": ""sqrt"", ""min_samples_leaf"": 7}"
4,3,257,0,0.29254213323714856,0.1893176339785364,0.07501504711850619,"{""class_weight"": ""balanced"", ""max_depth"": 5, ""max_features"": ""sqrt"", ""min_samples_leaf"": 7}"
4,3,283,0,0.4832028719739523,0.5356978190110455,0.09441511245758741,"{""class_weight"": ""balanced"", ""max_depth"": 5, ""max_features"": ""sqrt"", ""min_samples_leaf"": 7}"
4,3,285,0,0.27834701040918913,0.20640580262112426,0.07464603208456896,"{""class_weight"": ""balanced"", ""max_depth"": 5, ""max_features"": ""sqrt"", ""min_samples_leaf"": 7}"
4,3,289,0,0.38460967829684456,0.2716871631175873,0.045171737019142386,"{""class_weight"": ""balanced"", ""max_depth"": 5, ""max_features"": ""sqrt"", ""min_samples_leaf"": 7}"
4,3,298,1,0.6210851540175519,0.7826631070877655,0.033574064536566355,"{""class_weight"": ""balanced"", ""max_depth"": 5, ""max_features"": ""sqrt"", ""min_samples_leaf"": 7}"
4,3,301,0,0.24593192564802,0.11919828927273031,0.04733263153651684,"{""class_weight"": ""balanced"", ""max_depth"": 5, ""max_features"": ""sqrt"", ""min_samples_leaf"": 7}"
4,3,302,1,0.5189368426351447,0.6138457049085405,0.049701424480561404,"{""class_weight"": ""balanced"", ""max_depth"": 5, ""max_features"": ""sqrt"", ""min_samples_leaf"": 7}"
4,4,3,0,0.48930994087841356,0.44800691884225935,0.08738038892584077,"{""class_weight"": null, ""max_depth"": 5, ""max_features"": ""sqrt"", ""min_samples_leaf"": 11}"
4,4,7,1,0.7634306654640561,0.8802064805427392,0.019873715796793007,"{""class_weight"": null, ""max_depth"": 5, ""max_features"": ""sqrt"", ""min_samples_leaf"": 11}"
4,4,15,1,0.7031304864275751,0.7791742793326971,0.062168836707441555,"{""class_weight"": null, ""max_depth"": 5, ""max_features"": ""sqrt"", ""min_samples_leaf"": 11}"
4,4,20,0,0.32023656800647643,0.14251460717864062,0.05501037456995897,"{""class_weight"": null, ""max_depth"": 5, ""max_features"": ""sqrt"", ""min_samples_leaf"": 11}"
4,4,23,1,0.7786811568436361,0.8896964483035674,0.042298892116504457,"{""class_weight"": null, ""max_depth"": 5, ""max_features"": ""sqrt"", ""min_samples_leaf"": 11}"
4,4,28,1,0.7791596964237198,0.8787862982742475,0.0421995062242705,"{""class_weight"": null, ""max_depth"": 5, ""max_features"": ""sqrt"", ""min_samples_leaf"": 11}"
4,4,35,0,0.33055223704238085,0.1593343575601173,0.06522039425928146,"{""class_weight"": null, ""max_depth"": 5, ""max_features"": ""sqrt"", ""min_samples_leaf"": 11}"
4,4,39,1,0.7581948884045999,0.8503117754116385,0.03779143661153732,"{""class_weight"": null, ""max_depth"": 5, ""max_features"": ""sqrt"", ""min_samples_leaf"": 11}"
4,4,45,1,0.7869327493596999,0.862445771885975,0.040586234091942994,"{""class_weight"": null, ""max_depth"": 5, ""max_features"": ""sqrt"", ""min_samples_leaf"": 11}"
4,4,51,1,0.6366398651607086,0.6999352103817202,0.041877533477373476,"{""class_weight"": null, ""max_depth"": 5, ""max_features"": ""sqrt"", ""min_samples_leaf"": 11}"
4,4,58,1,0.38960578852979133,0.2060438448279985,0.046226924921172106,"{""class_weight"": null, ""max_depth"": 5, ""max_features"": ""sqrt"", ""min_samples_leaf"": 11}"
4,4,63,1,0.5940202787828893,0.6671456347888862,0.03144466298187574,"{""class_weight"": null, ""max_depth"": 5, ""max_features"": ""sqrt"", ""min_samples_leaf"": 11}"
4,4,66,1,0.7795623965876787,0.8650770757718581,0.025265337379428335,"{""class_weight"": null, ""max_depth"": 5, ""max_features"": ""sqrt"", ""min_samples_leaf"": 11}"
4,4,89,1,0.7165762430950032,0.8226602721111277,0.044562736916024456,"{""class_weight"": null, ""max_depth"": 5, ""max_features"": ""sqrt"", ""min_samples_leaf"": 11}"
4,4,92,1,0.7642311348009774,0.8748517759173341,0.047943774048164856,"{""class_weight"": null, ""max_depth"": 5, ""max_features"": ""sqrt"", ""min_samples_leaf"": 11}"
4,4,94,1,0.7866539708456366,0.8667412020903589,0.024341894296535608,"{""class_weight"": null, ""max_depth"": 5, ""max_features"": ""sqrt"", ""min_samples_leaf"": 11}"
4,4,103,1,0.7691572490034481,0.8782260698890362,0.03059688203510937,"{""class_weight"": null, ""max_depth"": 5, ""max_features"": ""sqrt"", ""min_samples_leaf"": 11}"
4,4,112,0,0.69668019447449,0.781840197346285,0.05044399154264892,"{""class_weight"": null, ""max_depth"": 5, ""max_features"": ""sqrt"", ""min_samples_leaf"": 11}"
4,4,115,0,0.6394997869152123,0.671384578191884,0.09724789904254633,"{""class_weight"": null, ""max_depth"": 5, ""max_features"": ""sqrt"", ""min_samples_leaf"": 11}"
4,4,122,0,0.5851892038925948,0.6376516690612856,0.06022632249467729,"{""class_weight"": null, ""max_depth"": 5, ""max_features"": ""sqrt"", ""min_samples_leaf"": 11}"
4,4,123,1,0.4849203948341822,0.36424353710717877,0.0596173374461457,"{""class_weight"": null, ""max_depth"": 5, ""max_features"": ""sqrt"", ""min_samples_leaf"": 11}"
4,4,126,1,0.6873944002028171,0.7686571740657265,0.058144245653229856,"{""class_weight"": null, ""max_depth"": 5, ""max_features"": ""sqrt"", ""min_samples_leaf"": 11}"
4,4,127,1,0.7751495244933014,0.8808480689093743,0.04412051834929965,"{""class_weight"": null, ""max_depth"": 5, ""max_features"": ""sqrt"", ""min_samples_leaf"": 11}"
4,4,133,0,0.5373790379357505,0.46228206879154465,0.0801566937797094,"{""class_weight"": null, ""max_depth"": 5, ""max_features"": ""sqrt"", ""min_samples_leaf"": 11}"
4,4,143,0,0.19736800848472805,0.05733341433236581,0.035816701900175475,"{""class_weight"": null, ""max_depth"": 5, ""max_features"": ""sqrt"", ""min_samples_leaf"": 11}"
4,4,144,1,0.7294250453422971,0.8204791086176619,0.022986579382263502,"{""class_weight"": null, ""max_depth"": 5, ""max_features"": ""sqrt"", ""min_samples_leaf"": 11}"
4,4,153,0,0.42953403005280016,0.2961585908945919,0.03314946104538426,"{""class_weight"": null, ""max_depth"": 5, ""max_features"": ""sqrt"", ""min_samples_leaf"": 11}"
4,4,156,1,0.6051669435834667,0.6811869604863647,0.06481399841024839,"{""class_weight"": null, ""max_depth"": 5, ""max_features"": ""sqrt"", ""min_samples_leaf"": 11}"
4,4,158,0,0.4755753003200943,0.374942292010247,0.0822404316148718,"{""class_weight"": null, ""max_depth"": 5, ""max_features"": ""sqrt"", ""min_samples_leaf"": 11}"
4,4,159,1,0.8168827957087351,0.9177466577542699,0.02621461020637388,"{""class_weight"": null, ""max_depth"": 5, ""max_features"": ""sqrt"", ""min_samples_leaf"": 11}"
4,4,160,0,0.6840964379275712,0.8083973575133324,0.06412843208642922,"{""class_weight"": null, ""max_depth"": 5, ""max_features"": ""sqrt"", ""min_samples_leaf"": 11}"
4,4,162,1,0.7204742751892884,0.8291505771198879,0.03810928018151771,"{""class_weight"": null, ""max_depth"": 5, ""max_features"": ""sqrt"", ""min_samples_leaf"": 11}"
4,4,165,1,0.5624766443992059,0.5355981673635309,0.05355034684736835,"{""class_weight"": null, ""max_depth"": 5, ""max_features"": ""sqrt"", ""min_samples_leaf"": 11}"
4,4,173,1,0.7527525527789144,0.8613682967385643,0.041088024251922116,"{""class_weight"": null, ""max_depth"": 5, ""max_features"": ""sqrt"", ""min_samples_leaf"": 11}"
4,4,180,1,0.4401476642567902,0.329386589324154,0.115878236468708,"{""class_weight"": null, ""max_depth"": 5, ""max_features"": ""sqrt"", ""min_samples_leaf"": 11}"
4,4,190,0,0.5641680133819799,0.47589323570570724,0.04664151148587469,"{""class_weight"": null, ""max_depth"": 5, ""max_features"": ""sqrt"", ""min_samples_leaf"": 11}"
4,4,196,0,0.39207760110435796,0.18934964591239745,0.06052314443502609,"{""class_weight"": null, ""max_depth"": 5, ""max_features"": ""sqrt"", ""min_samples_leaf"": 11}"
4,4,205,0,0.4628667514896284,0.43295937892792785,0.04907793153025519,"{""class_weight"": null, ""max_depth"": 5, ""max_features"": ""sqrt"", ""min_samples_leaf"": 11}"
4,4,206,1,0.6976862676190724,0.8132948953532116,0.05057997741068133,"{""class_weight"": null, ""max_depth"": 5, ""max_features"": ""sqrt"", ""min_samples_leaf"": 11}"
4,4,207,1,0.6449261120121891,0.7129432907417718,0.029181685459586864,"{""class_weight"": null, ""max_depth"": 5, ""max_features"": ""sqrt"", ""min_samples_leaf"": 11}"
4,4,210,0,0.26761274530463075,0.08761901595537214,0.04168385923462262,"{""class_weight"": null, ""max_depth"": 5, ""max_features"": ""sqrt"", ""min_samples_leaf"": 11}"
4,4,213,0,0.5991670124353841,0.6827324529795736,0.0873223205729998,"{""class_weight"": null, ""max_depth"": 5, ""max_features"": ""sqrt"", ""min_samples_leaf"": 11}"
4,4,215,1,0.7302050424142276,0.8249012845715704,0.041939761363058436,"{""class_weight"": null, ""max_depth"": 5, ""max_features"": ""sqrt"", ""min_samples_leaf"": 11}"
4,4,218,0,0.4259799100622665,0.27262994604373675,0.07693252752910712,"{""class_weight"": null, ""max_depth"": 5, ""max_features"": ""sqrt"", ""min_samples_leaf"": 11}"
4,4,222,1,0.7090783795218475,0.8050451640802105,0.03876309315360809,"{""class_weight"": null, ""max_depth"": 5, ""max_features"": ""sqrt"", ""min_samples_leaf"": 11}"
4,4,229,1,0.6284705766901187,0.6913960277826026,0.04495354186634847,"{""class_weight"": null, ""max_depth"": 5, ""max_features"": ""sqrt"", ""min_samples_leaf"": 11}"
4,4,235,1,0.7766827509893139,0.871682516852187,0.029599519841059768,"{""class_weight"": null, ""max_depth"": 5, ""max_features"": ""sqrt"", ""min_samples_leaf"": 11}"
4,4,236,1,0.5946211024495541,0.5693249076950762,0.045354937850814986,"{""class_weight"": null, ""max_depth"": 5, ""max_features"": ""sqrt"", ""min_samples_leaf"": 11}"
4,4,241,1,0.4578491990047367,0.3391200724531934,0.026660650448060853,"{""class_weight"": null, ""max_depth"": 5, ""max_features"": ""sqrt"", ""min_samples_leaf"": 11}"
4,4,261,0,0.23393701380005016,0.07918933863540387,0.050124971125848065,"{""class_weight"": null, ""max_depth"": 5, ""max_features"": ""sqrt"", ""min_samples_leaf"": 11}"
4,4,269,1,0.6923460350103556,0.8260648460766389,0.034833161548330806,"{""class_weight"": null, ""max_depth"": 5, ""max_features"": ""sqrt"", ""min_samples_leaf"": 11}"
4,4,270,0,0.2630952860012862,0.11173466710593968,0.061437353041501615,"{""class_weight"": null, ""max_depth"": 5, ""max_features"": ""sqrt"", ""min_samples_leaf"": 11}"
4,4,271,1,0.8257625725639871,0.898832759044532,0.05029572682220853,"{""class_weight"": null, ""max_depth"": 5, ""max_features"": ""sqrt"", ""min_samples_leaf"": 11}"
4,4,277,1,0.8280922797673523,0.9243863510869742,0.030423802564038913,"{""class_weight"": null, ""max_depth"": 5, ""max_features"": ""sqrt"", ""min_samples_leaf"": 11}"
4,4,278,0,0.7380275181737361,0.8323253604070999,0.057095328280137296,"{""class_weight"": null, ""max_depth"": 5, ""max_features"": ""sqrt"", ""min_samples_leaf"": 11}"
4,4,279,0,0.5692854454717761,0.5722928584259505,0.07744230643782918,"{""class_weight"": null, ""max_depth"": 5, ""max_features"": ""sqrt"", ""min_samples_leaf"": 11}"
4,4,284,0,0.5302060771300195,0.5345546665543559,0.06119605747381059,"{""class_weight"": null, ""max_depth"": 5, ""max_features"": ""sqrt"", ""min_samples_leaf"": 11}"
4,4,288,0,0.44882887555245804,0.3390172077686418,0.06363512774153605,"{""class_weight"": null, ""max_depth"": 5, ""max_features"": ""sqrt"", ""min_samples_leaf"": 11}"
4,4,290,0,0.34494299320995786,0.1728071465948509,0.06688777352125916,"{""class_weight"": null, ""max_depth"": 5, ""max_features"": ""sqrt"", ""min_samples_leaf"": 11}"
4,4,297,0,0.3709692705985154,0.17310920689204987,0.0917090766466099,"{""class_weight"": null, ""max_depth"": 5, ""max_features"": ""sqrt"", ""min_samples_leaf"": 11}"
