repeat,fold,idx,y,p_base,p,spread,params
0,0,0,1,0.2829929347618872,0.23213270196189018,0.0644077532439906,"{""colsample_bytree"": 0.4530955012311517, ""learning_rate"": 0.01947558230629543, ""max_depth"": 2, ""min_child_samples"": 12, ""num_leaves"": 8, ""reg_lambda"": 0.7840758945457351, ""subsample"": 0.7085396127095583, ""subsample_freq"": 1}"
0,0,4,0,0.2237103552471949,0.161964665938395,0.06592457917287141,"{""colsample_bytree"": 0.4530955012311517, ""learning_rate"": 0.01947558230629543, ""max_depth"": 2, ""min_child_samples"": 12, ""num_leaves"": 8, ""reg_lambda"": 0.7840758945457351, ""subsample"": 0.7085396127095583, ""subsample_freq"": 1}"
0,0,5,1,0.602679470244296,0.6491709908743701,0.09582033144926205,"{""colsample_bytree"": 0.4530955012311517, ""learning_rate"": 0.01947558230629543, ""max_depth"": 2, ""min_child_samples"": 12, ""num_leaves"": 8, ""reg_lambda"": 0.7840758945457351, ""subsample"": 0.7085396127095583, ""subsample_freq"": 1}"
0,0,7,1,0.8717180513824012,0.90075564995101,0.0509187754637437,"{""colsample_bytree"": 0.4530955012311517, ""learning_rate"": 0.01947558230629543, ""max_depth"": 2, ""min_child_samples"": 12, ""num_leaves"": 8, ""reg_lambda"": 0.7840758945457351, ""subsample"": 0.7085396127095583, ""subsample_freq"": 1}"
0,0,8,0,0.23825523804327353,0.16975592719794938,0.06538418288513377,"{""colsample_bytree"": 0.4530955012311517, ""learning_rate"": 0.01947558230629543, ""max_depth"": 2, ""min_child_samples"": 12, ""num_leaves"": 8, ""reg_lambda"": 0.7840758945457351, ""subsample"": 0.7085396127095583, ""subsample_freq"": 1}"
0,0,14,1,0.3386115106116037,0.3388499317757895,0.06650131747381892,"{""colsample_bytree"": 0.4530955012311517, ""learning_rate"": 0.01947558230629543, ""max_depth"": 2, ""min_child_samples"": 12, ""num_leaves"": 8, ""reg_lambda"": 0.7840758945457351, ""subsample"": 0.7085396127095583, ""subsample_freq"": 1}"
0,0,17,0,0.32170734706704235,0.26036745337931205,0.027857662614543605,"{""colsample_bytree"": 0.4530955012311517, ""learning_rate"": 0.01947558230629543, ""max_depth"": 2, ""min_child_samples"": 12, ""num_leaves"": 8, ""reg_lambda"": 0.7840758945457351, ""subsample"": 0.7085396127095583, ""subsample_freq"": 1}"
0,0,22,1,0.7506256061751291,0.84469653703433,0.052993576062617724,"{""colsample_bytree"": 0.4530955012311517, ""learning_rate"": 0.01947558230629543, ""max_depth"": 2, ""min_child_samples"": 12, ""num_leaves"": 8, ""reg_lambda"": 0.7840758945457351, ""subsample"": 0.7085396127095583, ""subsample_freq"": 1}"
0,0,28,1,0.8988714584998038,0.9064004876321897,0.051229414966701074,"{""colsample_bytree"": 0.4530955012311517, ""learning_rate"": 0.01947558230629543, ""max_depth"": 2, ""min_child_samples"": 12, ""num_leaves"": 8, ""reg_lambda"": 0.7840758945457351, ""subsample"": 0.7085396127095583, ""subsample_freq"": 1}"
0,0,29,0,0.7972058973905378,0.8219527544439085,0.06583157662637835,"{""colsample_bytree"": 0.4530955012311517, ""learning_rate"": 0.01947558230629543, ""max_depth"": 2, ""min_child_samples"": 12, ""num_leaves"": 8, ""reg_lambda"": 0.7840758945457351, ""subsample"": 0.7085396127095583, ""subsample_freq"": 1}"
0,0,32,1,0.7548640077166486,0.7500014795322278,0.06513165592433795,"{""colsample_bytree"": 0.4530955012311517, ""learning_rate"": 0.01947558230629543, ""max_depth"": 2, ""min_child_samples"": 12, ""num_leaves"": 8, ""reg_lambda"": 0.7840758945457351, ""subsample"": 0.7085396127095583, ""subsample_freq"": 1}"
0,0,41,0,0.16171625695167202,0.12597515907575169,0.043995950436458,"{""colsample_bytree"": 0.4530955012311517, ""learning_rate"": 0.01947558230629543, ""max_depth"": 2, ""min_child_samples"": 12, ""num_leaves"": 8, ""reg_lambda"": 0.7840758945457351, ""subsample"": 0.7085396127095583, ""subsample_freq"": 1}"
0,0,46,1,0.6574975885785658,0.6664642948477367,0.08924982894086982,"{""colsample_bytree"": 0.4530955012311517, ""learning_rate"": 0.01947558230629543, ""max_depth"": 2, ""min_child_samples"": 12, ""num_leaves"": 8, ""reg_lambda"": 0.7840758945457351, ""subsample"": 0.7085396127095583, ""subsample_freq"": 1}"
0,0,48,0,0.18333557367400516,0.1580794692585218,0.06084944542874046,"{""colsample_bytree"": 0.4530955012311517, ""learning_rate"": 0.01947558230629543, ""max_depth"": 2, ""min_child_samples"": 12, ""num_leaves"": 8, ""reg_lambda"": 0.7840758945457351, ""subsample"": 0.7085396127095583, ""subsample_freq"": 1}"
0,0,49,0,0.3804824921436141,0.44474741389759503,0.09918271235846572,"{""colsample_bytree"": 0.4530955012311517, ""learning_rate"": 0.01947558230629543, ""max_depth"": 2, ""min_child_samples"": 12, ""num_leaves"": 8, ""reg_lambda"": 0.7840758945457351, ""subsample"": 0.7085396127095583, ""subsample_freq"": 1}"
0,0,50,0,0.45167337674998104,0.4666338689225813,0.05308974402529968,"{""colsample_bytree"": 0.4530955012311517, ""learning_rate"": 0.01947558230629543, ""max_depth"": 2, ""min_child_samples"": 12, ""num_leaves"": 8, ""reg_lambda"": 0.7840758945457351, ""subsample"": 0.7085396127095583, ""subsample_freq"": 1}"
0,0,52,1,0.9407803501457858,0.9532855756985267,0.029968643934018612,"{""colsample_bytree"": 0.4530955012311517, ""learning_rate"": 0.01947558230629543, ""max_depth"": 2, ""min_child_samples"": 12, ""num_leaves"": 8, ""reg_lambda"": 0.7840758945457351, ""subsample"": 0.7085396127095583, ""subsample_freq"": 1}"
0,0,55,1,0.9050835962213689,0.9211892662560104,0.05997016593906155,"{""colsample_bytree"": 0.4530955012311517, ""learning_rate"": 0.01947558230629543, ""max_depth"": 2, ""min_child_samples"": 12, ""num_leaves"": 8, ""reg_lambda"": 0.7840758945457351, ""subsample"": 0.7085396127095583, ""subsample_freq"": 1}"
0,0,65,0,0.6723279002736767,0.6696176011627092,0.06202238238012409,"{""colsample_bytree"": 0.4530955012311517, ""learning_rate"": 0.01947558230629543, ""max_depth"": 2, ""min_child_samples"": 12, ""num_leaves"": 8, ""reg_lambda"": 0.7840758945457351, ""subsample"": 0.7085396127095583, ""subsample_freq"": 1}"
0,0,72,1,0.6325032445131731,0.6676712840560374,0.09665650572965455,"{""colsample_bytree"": 0.4530955012311517, ""learning_rate"": 0.01947558230629543, ""max_depth"": 2, ""min_child_samples"": 12, ""num_leaves"": 8, ""reg_lambda"": 0.7840758945457351, ""subsample"": 0.7085396127095583, ""subsample_freq"": 1}"
0,0,82,1,0.4264142103966513,0.3934190364108886,0.10048073013280968,"{""colsample_bytree"": 0.4530955012311517, ""learning_rate"": 0.01947558230629543, ""max_depth"": 2, ""min_child_samples"": 12, ""num_leaves"": 8, ""reg_lambda"": 0.7840758945457351, ""subsample"": 0.7085396127095583, ""subsample_freq"": 1}"
0,0,91,0,0.3138432796608745,0.3071374582518563,0.059784933584190174,"{""colsample_bytree"": 0.4530955012311517, ""learning_rate"": 0.01947558230629543, ""max_depth"": 2, ""min_child_samples"": 12, ""num_leaves"": 8, ""reg_lambda"": 0.7840758945457351, ""subsample"": 0.7085396127095583, ""subsample_freq"": 1}"
0,0,94,1,0.8807227630770852,0.9100665655693362,0.042413983067152314,"{""colsample_bytree"": 0.4530955012311517, ""learning_rate"": 0.01947558230629543, ""max_depth"": 2, ""min_child_samples"": 12, ""num_leaves"": 8, ""reg_lambda"": 0.7840758945457351, ""subsample"": 0.7085396127095583, ""subsample_freq"": 1}"
0,0,99,1,0.6363775491946804,0.6837880911677721,0.07580511531506252,"{""colsample_bytree"": 0.4530955012311517, ""learning_rate"": 0.01947558230629543, ""max_depth"": 2, ""min_child_samples"": 12, ""num_leaves"": 8, ""reg_lambda"": 0.7840758945457351, ""subsample"": 0.7085396127095583, ""subsample_freq"": 1}"
0,0,100,1,0.7890739878431345,0.8231352905135818,0.09512880588628099,"{""colsample_bytree"": 0.4530955012311517, ""learning_rate"": 0.01947558230629543, ""max_depth"": 2, ""min_child_samples"": 12, ""num_leaves"": 8, ""reg_lambda"": 0.7840758945457351, ""subsample"": 0.7085396127095583, ""subsample_freq"": 1}"
0,0,101,1,0.8647547469620492,0.898613321316506,0.04307764790969922,"{""colsample_bytree"": 0.4530955012311517, ""learning_rate"": 0.01947558230629543, ""max_depth"": 2, ""min_child_samples"": 12, ""num_leaves"": 8, ""reg_lambda"": 0.7840758945457351, ""subsample"": 0.7085396127095583, ""subsample_freq"": 1}"
0,0,105,1,0.7519262313967611,0.754382026376189,0.037369527748336295,"{""colsample_bytree"": 0.4530955012311517, ""learning_rate"": 0.01947558230629543, ""max_depth"": 2, ""min_child_samples"": 12, ""num_leaves"": 8, ""reg_lambda"": 0.7840758945457351, ""subsample"": 0.7085396127095583, ""subsample_freq"": 1}"
0,0,106,1,0.7590311372156964,0.7503273703341357,0.0693988890502593,"{""colsample_bytree"": 0.4530955012311517, ""learning_rate"": 0.01947558230629543, ""max_depth"": 2, ""min_child_samples"": 12, ""num_leaves"": 8, ""reg_lambda"": 0.7840758945457351, ""subsample"": 0.7085396127095583, ""subsample_freq"": 1}"
0,0,116,1,0.8804263393457297,0.8797258860510337,0.035110292698758684,"{""colsample_bytree"": 0.4530955012311517, ""learning_rate"": 0.01947558230629543, ""max_depth"": 2, ""min_child_samples"": 12, ""num_leaves"": 8, ""reg_lambda"": 0.7840758945457351, ""subsample"": 0.7085396127095583, ""subsample_freq"": 1}"
0,0,119,1,0.7254752515050658,0.7407643329155453,0.07717839557034079,"{""colsample_bytree"": 0.4530955012311517, ""learning_rate"": 0.01947558230629543, ""max_depth"": 2, ""min_child_samples"": 12, ""num_leaves"": 8, ""reg_lambda"": 0.7840758945457351, ""subsample"": 0.7085396127095583, ""subsample_freq"": 1}"
0,0,127,1,0.8768620837640849,0.8960544527487784,0.04716451763003589,"{""colsample_bytree"": 0.4530955012311517, ""learning_rate"": 0.01947558230629543, ""max_depth"": 2, ""min_child_samples"": 12, ""num_leaves"": 8, ""reg_lambda"": 0.7840758945457351, ""subsample"": 0.7085396127095583, ""subsample_freq"": 1}"
0,0,129,0,0.3849933920745301,0.34712772392171304,0.09466369144170036,"{""colsample_bytree"": 0.4530955012311517, ""learning_rate"": 0.01947558230629543, ""max_depth"": 2, ""min_child_samples"": 12, ""num_leaves"": 8, ""reg_lambda"": 0.7840758945457351, ""subsample"": 0.7085396127095583, ""subsample_freq"": 1}"
0,0,130,0,0.18328168413368837,0.17285382053226664,0.04434340550283353,"{""colsample_bytree"": 0.4530955012311517, ""learning_rate"": 0.01947558230629543, ""max_depth"": 2, ""min_child_samples"": 12, ""num_leaves"": 8, ""reg_lambda"": 0.7840758945457351, ""subsample"": 0.7085396127095583, ""subsample_freq"": 1}"
0,0,132,1,0.8478027035723071,0.8718712989919352,0.0382666753505529,"{""colsample_bytree"": 0.4530955012311517, ""learning_rate"": 0.01947558230629543, ""max_depth"": 2, ""min_child_samples"": 12, ""num_leaves"": 8, ""reg_lambda"": 0.7840758945457351, ""subsample"": 0.7085396127095583, ""subsample_freq"": 1}"
0,0,134,1,0.5686745214102403,0.5720721128709031,0.08132966181999014,"{""colsample_bytree"": 0.4530955012311517, ""learning_rate"": 0.01947558230629543, ""max_depth"": 2, ""min_child_samples"": 12, ""num_leaves"": 8, ""reg_lambda"": 0.7840758945457351, ""subsample"": 0.7085396127095583, ""subsample_freq"": 1}"
0,0,145,0,0.7321957480189535,0.7130418180664655,0.13653598371716857,"{""colsample_bytree"": 0.4530955012311517, ""learning_rate"": 0.01947558230629543, ""max_depth"": 2, ""min_child_samples"": 12, ""num_leaves"": 8, ""reg_lambda"": 0.7840758945457351, ""subsample"": 0.7085396127095583, ""subsample_freq"": 1}"
0,0,160,0,0.7625554140981596,0.8105336259392141,0.04718426500678683,"{""colsample_bytree"": 0.4530955012311517, ""learning_rate"": 0.01947558230629543, ""max_depth"": 2, ""min_child_samples"": 12, ""num_leaves"": 8, ""reg_lambda"": 0.7840758945457351, ""subsample"": 0.7085396127095583, ""subsample_freq"": 1}"
0,0,161,1,0.9048406081881732,0.9232445703193513,0.04064529121566165,"{""colsample_bytree"": 0.4530955012311517, ""learning_rate"": 0.01947558230629543, ""max_depth"": 2, ""min_child_samples"": 12, ""num_leaves"": 8, ""reg_lambda"": 0.7840758945457351, ""subsample"": 0.7085396127095583, ""subsample_freq"": 1}"
0,0,176,1,0.20258238070787857,0.19283196474796854,0.07757827236314126,"{""colsample_bytree"": 0.4530955012311517, ""learning_rate"": 0.01947558230629543, ""max_depth"": 2, ""min_child_samples"": 12, ""num_leaves"": 8, ""reg_lambda"": 0.7840758945457351, ""subsample"": 0.7085396127095583, ""subsample_freq"": 1}"
0,0,178,1,0.48457110438541623,0.499923552676388,0.048938998819979554,"{""colsample_bytree"": 0.4530955012311517, ""learning_rate"": 0.01947558230629543, ""max_depth"": 2, ""min_child_samples"": 12, ""num_leaves"": 8, ""reg_lambda"": 0.7840758945457351, ""subsample"": 0.7085396127095583, ""subsample_freq"": 1}"
0,0,182,1,0.49628606750004456,0.5675557774359556,0.11334057839359518,"{""colsample_bytree"": 0.4530955012311517, ""learning_rate"": 0.01947558230629543, ""max_depth"": 2, ""min_child_samples"": 12, ""num_leaves"": 8, ""reg_lambda"": 0.7840758945457351, ""subsample"": 0.7085396127095583, ""subsample_freq"": 1}"
0,0,186,0,0.5836259795139743,0.542912878277968,0.08256445195056478,"{""colsample_bytree"": 0.4530955012311517, ""learning_rate"": 0.01947558230629543, ""max_depth"": 2, ""min_child_samples"": 12, ""num_leaves"": 8, ""reg_lambda"": 0.7840758945457351, ""subsample"": 0.7085396127095583, ""subsample_freq"": 1}"
0,0,188,1,0.35757373768475903,0.3136809088383107,0.13313533327361265,"{""colsample_bytree"": 0.4530955012311517, ""learning_rate"": 0.01947558230629543, ""max_depth"": 2, ""min_child_samples"": 12, ""num_leaves"": 8, ""reg_lambda"": 0.7840758945457351, ""subsample"": 0.7085396127095583, ""subsample_freq"": 1}"
0,0,191,1,0.8825870681648206,0.9055159079025279,0.05513642537746918,"{""colsample_bytree"": 0.4530955012311517, ""learning_rate"": 0.01947558230629543, ""max_depth"": 2, ""min_child_samples"": 12, ""num_leaves"": 8, ""reg_lambda"": 0.7840758945457351, ""subsample"": 0.7085396127095583, ""subsample_freq"": 1}"
0,0,193,0,0.4181062266163912,0.42708032998478024,0.09161975133806961,"{""colsample_bytree"": 0.4530955012311517, ""learning_rate"": 0.01947558230629543, ""max_depth"": 2, ""min_child_samples"": 12, ""num_leaves"": 8, ""reg_lambda"": 0.7840758945457351, ""subsample"": 0.7085396127095583, ""subsample_freq"": 1}"
0,0,194,0,0.16326863132101485,0.15333259614716735,0.06005870867927649,"{""colsample_bytree"": 0.4530955012311517, ""learning_rate"": 0.01947558230629543, ""max_depth"": 2, ""min_child_samples"": 12, ""num_leaves"": 8, ""reg_lambda"": 0.7840758945457351, ""subsample"": 0.7085396127095583, ""subsample_freq"": 1}"
0,0,203,0,0.1424557239410137,0.1211170901612841,0.05631632787021161,"{""colsample_bytree"": 0.4530955012311517, ""learning_rate"": 0.01947558230629543, ""max_depth"": 2, ""min_child_samples"": 12, ""num_leaves"": 8, ""reg_lambda"": 0.7840758945457351, ""subsample"": 0.7085396127095583, ""subsample_freq"": 1}"
0,0,215,1,0.7242142288012661,0.7693946189644707,0.07477304749984634,"{""colsample_bytree"": 0.4530955012311517, ""learning_rate"": 0.01947558230629543, ""max_depth"": 2, ""min_child_samples"": 12, ""num_leaves"": 8, ""reg_lambda"": 0.7840758945457351, ""subsample"": 0.7085396127095583, ""subsample_freq"": 1}"
0,0,219,1,0.1354040178114329,0.09660086600482974,0.04730650250478376,"{""colsample_bytree"": 0.4530955012311517, ""learning_rate"": 0.01947558230629543, ""max_depth"": 2, ""min_child_samples"": 12, ""num_leaves"": 8, ""reg_lambda"": 0.7840758945457351, ""subsample"": 0.7085396127095583, ""subsample_freq"": 1}"
0,0,223,1,0.2556755196497905,0.28797484320722777,0.07550835161611187,"{""colsample_bytree"": 0.4530955012311517, ""learning_rate"": 0.01947558230629543, ""max_depth"": 2, ""min_child_samples"": 12, ""num_leaves"": 8, ""reg_lambda"": 0.7840758945457351, ""subsample"": 0.7085396127095583, ""subsample_freq"": 1}"
0,0,231,0,0.8731446047954947,0.9075774548196044,0.0438575188833694,"{""colsample_bytree"": 0.4530955012311517, ""learning_rate"": 0.01947558230629543, ""max_depth"": 2, ""min_child_samples"": 12, ""num_leaves"": 8, ""reg_lambda"": 0.7840758945457351, ""subsample"": 0.7085396127095583, ""subsample_freq"": 1}"
0,0,233,0,0.3524234905618414,0.33328767905159784,0.03186003807663836,"{""colsample_bytree"": 0.4530955012311517, ""learning_rate"": 0.01947558230629543, ""max_depth"": 2, ""min_child_samples"": 12, ""num_leaves"": 8, ""reg_lambda"": 0.7840758945457351, ""subsample"": 0.7085396127095583, ""subsample_freq"": 1}"
0,0,241,1,0.2858148278076411,0.3055853692047357,0.04006605083444934,"{""colsample_bytree"": 0.4530955012311517, ""learning_rate"": 0.01947558230629543, ""max_depth"": 2, ""min_child_samples"": 12, ""num_leaves"": 8, ""reg_lambda"": 0.7840758945457351, ""subsample"": 0.7085396127095583, ""subsample_freq"": 1}"
0,0,250,1,0.7309031010697966,0.7379190575560859,0.06809914472185276,"{""colsample_bytree"": 0.4530955012311517, ""learning_rate"": 0.01947558230629543, ""max_depth"": 2, ""min_child_samples"": 12, ""num_leaves"": 8, ""reg_lambda"": 0.7840758945457351, ""subsample"": 0.7085396127095583, ""subsample_freq"": 1}"
0,0,261,0,0.11031398110960779,0.08663133662148814,0.0702176503388448,"{""colsample_bytree"": 0.4530955012311517, ""learning_rate"": 0.01947558230629543, ""max_depth"": 2, ""min_child_samples"": 12, ""num_leaves"": 8, ""reg_lambda"": 0.7840758945457351, ""subsample"": 0.7085396127095583, ""subsample_freq"": 1}"
0,0,264,0,0.14663842411008707,0.10906052757055551,0.06688515458395901,"{""colsample_bytree"": 0.4530955012311517, ""learning_rate"": 0.01947558230629543, ""max_depth"": 2, ""min_child_samples"": 12, ""num_leaves"": 8, ""reg_lambda"": 0.7840758945457351, ""subsample"": 0.7085396127095583, ""subsample_freq"": 1}"
0,0,275,1,0.768560161778945,0.8135137317430982,0.06666848052416054,"{""colsample_bytree"": 0.4530955012311517, ""learning_rate"": 0.01947558230629543, ""max_depth"": 2, ""min_child_samples"": 12, ""num_leaves"": 8, ""reg_lambda"": 0.7840758945457351, ""subsample"": 0.7085396127095583, ""subsample_freq"": 1}"
0,0,282,0,0.7224189409209122,0.7442549935287316,0.049958367802286144,"{""colsample_bytree"": 0.4530955012311517, ""learning_rate"": 0.01947558230629543, ""max_depth"": 2, ""min_child_samples"": 12, ""num_leaves"": 8, ""reg_lambda"": 0.7840758945457351, ""subsample"": 0.7085396127095583, ""subsample_freq"": 1}"
0,0,289,0,0.32581238123449147,0.27394596177394925,0.04114822900996765,"{""colsample_bytree"": 0.4530955012311517, ""learning_rate"": 0.01947558230629543, ""max_depth"": 2, ""min_child_samples"": 12, ""num_leaves"": 8, ""reg_lambda"": 0.7840758945457351, ""subsample"": 0.7085396127095583, ""subsample_freq"": 1}"
0,0,294,1,0.5202578186284345,0.6071556719255258,0.07686537342395747,"{""colsample_bytree"": 0.4530955012311517, ""learning_rate"": 0.01947558230629543, ""max_depth"": 2, ""min_child_samples"": 12, ""num_leaves"": 8, ""reg_lambda"": 0.7840758945457351, ""subsample"": 0.7085396127095583, ""subsample_freq"": 1}"
0,0,295,0,0.6054288993707901,0.6526341227992514,0.07372138738124324,"{""colsample_bytree"": 0.4530955012311517, ""learning_rate"": 0.01947558230629543, ""max_depth"": 2, ""min_child_samples"": 12, ""num_leaves"": 8, ""reg_lambda"": 0.7840758945457351, ""subsample"": 0.7085396127095583, ""subsample_freq"": 1}"
0,1,1,1,0.9492935977681144,0.9328212851289794,0.04478166801226304,"{""colsample_bytree"": 0.946091845468094, ""learning_rate"": 0.05968515361266786, ""max_depth"": 4, ""min_child_samples"": 24, ""num_leaves"": 6, ""reg_lambda"": 15.594596263448823, ""subsample"": 0.7647811933545434, ""subsample_freq"": 1}"
0,1,3,0,0.5022927396805829,0.48678678906504347,0.05194189291750429,"{""colsample_bytree"": 0.946091845468094, ""learning_rate"": 0.05968515361266786, ""max_depth"": 4, ""min_child_samples"": 24, ""num_leaves"": 6, ""reg_lambda"": 15.594596263448823, ""subsample"": 0.7647811933545434, ""subsample_freq"": 1}"
0,1,6,1,0.9156092414905181,0.9043683842599325,0.05189881790943335,"{""colsample_bytree"": 0.946091845468094, ""learning_rate"": 0.05968515361266786, ""max_depth"": 4, ""min_child_samples"": 24, ""num_leaves"": 6, ""reg_lambda"": 15.594596263448823, ""subsample"": 0.7647811933545434, ""subsample_freq"": 1}"
0,1,9,0,0.871210616148971,0.8601705486822177,0.04248237564769213,"{""colsample_bytree"": 0.946091845468094, ""learning_rate"": 0.05968515361266786, ""max_depth"": 4, ""min_child_samples"": 24, ""num_leaves"": 6, ""reg_lambda"": 15.594596263448823, ""subsample"": 0.7647811933545434, ""subsample_freq"": 1}"
0,1,18,1,0.516560250944052,0.54467461529548,0.07725762990956295,"{""colsample_bytree"": 0.946091845468094, ""learning_rate"": 0.05968515361266786, ""max_depth"": 4, ""min_child_samples"": 24, ""num_leaves"": 6, ""reg_lambda"": 15.594596263448823, ""subsample"": 0.7647811933545434, ""subsample_freq"": 1}"
0,1,19,0,0.8329875853963671,0.835424733140183,0.018200078450106138,"{""colsample_bytree"": 0.946091845468094, ""learning_rate"": 0.05968515361266786, ""max_depth"": 4, ""min_child_samples"": 24, ""num_leaves"": 6, ""reg_lambda"": 15.594596263448823, ""subsample"": 0.7647811933545434, ""subsample_freq"": 1}"
0,1,20,0,0.0960362869854011,0.1486797070882712,0.04853613721310637,"{""colsample_bytree"": 0.946091845468094, ""learning_rate"": 0.05968515361266786, ""max_depth"": 4, ""min_child_samples"": 24, ""num_leaves"": 6, ""reg_lambda"": 15.594596263448823, ""subsample"": 0.7647811933545434, ""subsample_freq"": 1}"
0,1,31,0,0.6949878677530039,0.6932967514812655,0.08025448464153971,"{""colsample_bytree"": 0.946091845468094, ""learning_rate"": 0.05968515361266786, ""max_depth"": 4, ""min_child_samples"": 24, ""num_leaves"": 6, ""reg_lambda"": 15.594596263448823, ""subsample"": 0.7647811933545434, ""subsample_freq"": 1}"
0,1,33,1,0.8342041967255744,0.8100497238899876,0.07867803257321852,"{""colsample_bytree"": 0.946091845468094, ""learning_rate"": 0.05968515361266786, ""max_depth"": 4, ""min_child_samples"": 24, ""num_leaves"": 6, ""reg_lambda"": 15.594596263448823, ""subsample"": 0.7647811933545434, ""subsample_freq"": 1}"
0,1,34,1,0.47703388871059815,0.4465112159180412,0.04308173936936661,"{""colsample_bytree"": 0.946091845468094, ""learning_rate"": 0.05968515361266786, ""max_depth"": 4, ""min_child_samples"": 24, ""num_leaves"": 6, ""reg_lambda"": 15.594596263448823, ""subsample"": 0.7647811933545434, ""subsample_freq"": 1}"
0,1,40,1,0.8764176377655808,0.8086787108595713,0.0635408236652745,"{""colsample_bytree"": 0.946091845468094, ""learning_rate"": 0.05968515361266786, ""max_depth"": 4, ""min_child_samples"": 24, ""num_leaves"": 6, ""reg_lambda"": 15.594596263448823, ""subsample"": 0.7647811933545434, ""subsample_freq"": 1}"
0,1,45,1,0.9104010135073719,0.8941531998677348,0.05188689019242479,"{""colsample_bytree"": 0.946091845468094, ""learning_rate"": 0.05968515361266786, ""max_depth"": 4, ""min_child_samples"": 24, ""num_leaves"": 6, ""reg_lambda"": 15.594596263448823, ""subsample"": 0.7647811933545434, ""subsample_freq"": 1}"
0,1,54,0,0.17851421604517376,0.2242923574996571,0.052307867939904,"{""colsample_bytree"": 0.946091845468094, ""learning_rate"": 0.05968515361266786, ""max_depth"": 4, ""min_child_samples"": 24, ""num_leaves"": 6, ""reg_lambda"": 15.594596263448823, ""subsample"": 0.7647811933545434, ""subsample_freq"": 1}"
0,1,56,1,0.8024740407659543,0.790391151477807,0.029023904737512162,"{""colsample_bytree"": 0.946091845468094, ""learning_rate"": 0.05968515361266786, ""max_depth"": 4, ""min_child_samples"": 24, ""num_leaves"": 6, ""reg_lambda"": 15.594596263448823, ""subsample"": 0.7647811933545434, ""subsample_freq"": 1}"
0,1,62,1,0.13682153369689637,0.15558662190947875,0.08430948837474628,"{""colsample_bytree"": 0.946091845468094, ""learning_rate"": 0.05968515361266786, ""max_depth"": 4, ""min_child_samples"": 24, ""num_leaves"": 6, ""reg_lambda"": 15.594596263448823, ""subsample"": 0.7647811933545434, ""subsample_freq"": 1}"
0,1,69,1,0.7385684998029115,0.7310773068777854,0.09471968680075904,"{""colsample_bytree"": 0.946091845468094, ""learning_rate"": 0.05968515361266786, ""max_depth"": 4, ""min_child_samples"": 24, ""num_leaves"": 6, ""reg_lambda"": 15.594596263448823, ""subsample"": 0.7647811933545434, ""subsample_freq"": 1}"
0,1,70,0,0.06586143939367096,0.1057290821596287,0.07619804214414727,"{""colsample_bytree"": 0.946091845468094, ""learning_rate"": 0.05968515361266786, ""max_depth"": 4, ""min_child_samples"": 24, ""num_leaves"": 6, ""reg_lambda"": 15.594596263448823, ""subsample"": 0.7647811933545434, ""subsample_freq"": 1}"
0,1,73,0,0.6536023814949756,0.6177697060822538,0.06873592113968034,"{""colsample_bytree"": 0.946091845468094, ""learning_rate"": 0.05968515361266786, ""max_depth"": 4, ""min_child_samples"": 24, ""num_leaves"": 6, ""reg_lambda"": 15.594596263448823, ""subsample"": 0.7647811933545434, ""subsample_freq"": 1}"
0,1,78,1,0.878905616567892,0.8554305223896191,0.05927000095970746,"{""colsample_bytree"": 0.946091845468094, ""learning_rate"": 0.05968515361266786, ""max_depth"": 4, ""min_child_samples"": 24, ""num_leaves"": 6, ""reg_lambda"": 15.594596263448823, ""subsample"": 0.7647811933545434, ""subsample_freq"": 1}"
0,1,81,1,0.9348033496391208,0.9044899279915727,0.047212729812526354,"{""colsample_bytree"": 0.946091845468094, ""learning_rate"": 0.05968515361266786, ""max_depth"": 4, ""min_child_samples"": 24, ""num_leaves"": 6, ""reg_lambda"": 15.594596263448823, ""subsample"": 0.7647811933545434, ""subsample_freq"": 1}"
0,1,92,1,0.9399022171736793,0.918583536752417,0.04993385073170704,"{""colsample_bytree"": 0.946091845468094, ""learning_rate"": 0.05968515361266786, ""max_depth"": 4, ""min_child_samples"": 24, ""num_leaves"": 6, ""reg_lambda"": 15.594596263448823, ""subsample"": 0.7647811933545434, ""subsample_freq"": 1}"
0,1,97,1,0.8369552680985486,0.8065701412465366,0.06301524830266617,"{""colsample_bytree"": 0.946091845468094, ""learning_rate"": 0.05968515361266786, ""max_depth"": 4, ""min_child_samples"": 24, ""num_leaves"": 6, ""reg_lambda"": 15.594596263448823, ""subsample"": 0.7647811933545434, ""subsample_freq"": 1}"
0,1,104,0,0.5076502964659212,0.5615900384713587,0.07846080451986505,"{""colsample_bytree"": 0.946091845468094, ""learning_rate"": 0.05968515361266786, ""max_depth"": 4, ""min_child_samples"": 24, ""num_leaves"": 6, ""reg_lambda"": 15.594596263448823, ""subsample"": 0.7647811933545434, ""subsample_freq"": 1}"
0,1,113,0,0.09617590565382572,0.118042977441248,0.05370128478257588,"{""colsample_bytree"": 0.946091845468094, ""learning_rate"": 0.05968515361266786, ""max_depth"": 4, ""min_child_samples"": 24, ""num_leaves"": 6, ""reg_lambda"": 15.594596263448823, ""subsample"": 0.7647811933545434, ""subsample_freq"": 1}"
0,1,115,0,0.7087672889646431,0.6847265394527383,0.09771934026204189,"{""colsample_bytree"": 0.946091845468094, ""learning_rate"": 0.05968515361266786, ""max_depth"": 4, ""min_child_samples"": 24, ""num_leaves"": 6, ""reg_lambda"": 15.594596263448823, ""subsample"": 0.7647811933545434, ""subsample_freq"": 1}"
0,1,121,0,0.6007080265127073,0.6050185936644599,0.07176383178710777,"{""colsample_bytree"": 0.946091845468094, ""learning_rate"": 0.05968515361266786, ""max_depth"": 4, ""min_child_samples"": 24, ""num_leaves"": 6, ""reg_lambda"": 15.594596263448823, ""subsample"": 0.7647811933545434, ""subsample_freq"": 1}"
0,1,122,0,0.6661586205798159,0.6643376890434696,0.10600951437026541,"{""colsample_bytree"": 0.946091845468094, ""learning_rate"": 0.05968515361266786, ""max_depth"": 4, ""min_child_samples"": 24, ""num_leaves"": 6, ""reg_lambda"": 15.594596263448823, ""subsample"": 0.7647811933545434, ""subsample_freq"": 1}"
0,1,124,1,0.4452891947891097,0.4015782050336331,0.06109030160709619,"{""colsample_bytree"": 0.946091845468094, ""learning_rate"": 0.05968515361266786, ""max_depth"": 4, ""min_child_samples"": 24, ""num_leaves"": 6, ""reg_lambda"": 15.594596263448823, ""subsample"": 0.7647811933545434, ""subsample_freq"": 1}"
0,1,125,1,0.7783605933958606,0.7495593424464845,0.04879905932151695,"{""colsample_bytree"": 0.946091845468094, ""learning_rate"": 0.05968515361266786, ""max_depth"": 4, ""min_child_samples"": 24, ""num_leaves"": 6, ""reg_lambda"": 15.594596263448823, ""subsample"": 0.7647811933545434, ""subsample_freq"": 1}"
0,1,128,1,0.8120988098636882,0.7657008896020842,0.059864656060471304,"{""colsample_bytree"": 0.946091845468094, ""learning_rate"": 0.05968515361266786, ""max_depth"": 4, ""min_child_samples"": 24, ""num_leaves"": 6, ""reg_lambda"": 15.594596263448823, ""subsample"": 0.7647811933545434, ""subsample_freq"": 1}"
0,1,133,0,0.27668877195464403,0.40677869560362395,0.09683301018381016,"{""colsample_bytree"": 0.946091845468094, ""learning_rate"": 0.05968515361266786, ""max_depth"": 4, ""min_child_samples"": 24, ""num_leaves"": 6, ""reg_lambda"": 15.594596263448823, ""subsample"": 0.7647811933545434, ""subsample_freq"": 1}"
0,1,141,1,0.8222336504848042,0.8087967592216696,0.052465609783778906,"{""colsample_bytree"": 0.946091845468094, ""learning_rate"": 0.05968515361266786, ""max_depth"": 4, ""min_child_samples"": 24, ""num_leaves"": 6, ""reg_lambda"": 15.594596263448823, ""subsample"": 0.7647811933545434, ""subsample_freq"": 1}"
0,1,149,1,0.7981389870949136,0.8128814251736323,0.06806362640184073,"{""colsample_bytree"": 0.946091845468094, ""learning_rate"": 0.05968515361266786, ""max_depth"": 4, ""min_child_samples"": 24, ""num_leaves"": 6, ""reg_lambda"": 15.594596263448823, ""subsample"": 0.7647811933545434, ""subsample_freq"": 1}"
0,1,151,0,0.4600812075739425,0.41345444206257664,0.07307638319120129,"{""colsample_bytree"": 0.946091845468094, ""learning_rate"": 0.05968515361266786, ""max_depth"": 4, ""min_child_samples"": 24, ""num_leaves"": 6, ""reg_lambda"": 15.594596263448823, ""subsample"": 0.7647811933545434, ""subsample_freq"": 1}"
0,1,153,0,0.48128873871412586,0.4558218279073878,0.11189590215798659,"{""colsample_bytree"": 0.946091845468094, ""learning_rate"": 0.05968515361266786, ""max_depth"": 4, ""min_child_samples"": 24, ""num_leaves"": 6, ""reg_lambda"": 15.594596263448823, ""subsample"": 0.7647811933545434, ""subsample_freq"": 1}"
0,1,154,0,0.6511084455076238,0.7009728399660379,0.09161265881642446,"{""colsample_bytree"": 0.946091845468094, ""learning_rate"": 0.05968515361266786, ""max_depth"": 4, ""min_child_samples"": 24, ""num_leaves"": 6, ""reg_lambda"": 15.594596263448823, ""subsample"": 0.7647811933545434, ""subsample_freq"": 1}"
0,1,157,1,0.6195048784108055,0.626035964245802,0.05271358829803392,"{""colsample_bytree"": 0.946091845468094, ""learning_rate"": 0.05968515361266786, ""max_depth"": 4, ""min_child_samples"": 24, ""num_leaves"": 6, ""reg_lambda"": 15.594596263448823, ""subsample"": 0.7647811933545434, ""subsample_freq"": 1}"
0,1,165,1,0.6725380643235835,0.6854434187438593,0.07534755913312773,"{""colsample_bytree"": 0.946091845468094, ""learning_rate"": 0.05968515361266786, ""max_depth"": 4, ""min_child_samples"": 24, ""num_leaves"": 6, ""reg_lambda"": 15.594596263448823, ""subsample"": 0.7647811933545434, ""subsample_freq"": 1}"
0,1,174,1,0.9390749468607895,0.9122771821867245,0.033354837741696515,"{""colsample_bytree"": 0.946091845468094, ""learning_rate"": 0.05968515361266786, ""max_depth"": 4, ""min_child_samples"": 24, ""num_leaves"": 6, ""reg_lambda"": 15.594596263448823, ""subsample"": 0.7647811933545434, ""subsample_freq"": 1}"
0,1,175,0,0.45161620127605034,0.49451716626383363,0.097014481485877,"{""colsample_bytree"": 0.946091845468094, ""learning_rate"": 0.05968515361266786, ""max_depth"": 4, ""min_child_samples"": 24, ""num_leaves"": 6, ""reg_lambda"": 15.594596263448823, ""subsample"": 0.7647811933545434, ""subsample_freq"": 1}"
0,1,181,1,0.7900290427221244,0.7933496410159033,0.041721607787361815,"{""colsample_bytree"": 0.946091845468094, ""learning_rate"": 0.05968515361266786, ""max_depth"": 4, ""min_child_samples"": 24, ""num_leaves"": 6, ""reg_lambda"": 15.594596263448823, ""subsample"": 0.7647811933545434, ""subsample_freq"": 1}"
0,1,183,0,0.47929843357167173,0.5448351326492432,0.07729044558023054,"{""colsample_bytree"": 0.946091845468094, ""learning_rate"": 0.05968515361266786, ""max_depth"": 4, ""min_child_samples"": 24, ""num_leaves"": 6, ""reg_lambda"": 15.594596263448823, ""subsample"": 0.7647811933545434, ""subsample_freq"": 1}"
0,1,189,1,0.8279942278204981,0.8316368050117591,0.06911233419270986,"{""colsample_bytree"": 0.946091845468094, ""learning_rate"": 0.05968515361266786, ""max_depth"": 4, ""min_child_samples"": 24, ""num_leaves"": 6, ""reg_lambda"": 15.594596263448823, ""subsample"": 0.7647811933545434, ""subsample_freq"": 1}"
0,1,197,1,0.8699633951855191,0.849609070552496,0.055842405191193364,"{""colsample_bytree"": 0.946091845468094, ""learning_rate"": 0.05968515361266786, ""max_depth"": 4, ""min_child_samples"": 24, ""num_leaves"": 6, ""reg_lambda"": 15.594596263448823, ""subsample"": 0.7647811933545434, ""subsample_freq"": 1}"
0,1,198,1,0.8535426615783424,0.8403451034840099,0.06340151946003172,"{""colsample_bytree"": 0.946091845468094, ""learning_rate"": 0.05968515361266786, ""max_depth"": 4, ""min_child_samples"": 24, ""num_leaves"": 6, ""reg_lambda"": 15.594596263448823, ""subsample"": 0.7647811933545434, ""subsample_freq"": 1}"
0,1,201,0,0.1448827145897642,0.203230138828462,0.06789953875053104,"{""colsample_bytree"": 0.946091845468094, ""learning_rate"": 0.05968515361266786, ""max_depth"": 4, ""min_child_samples"": 24, ""num_leaves"": 6, ""reg_lambda"": 15.594596263448823, ""subsample"": 0.7647811933545434, ""subsample_freq"": 1}"
0,1,220,1,0.7156746871354043,0.6797040219064813,0.06431140150862749,"{""colsample_bytree"": 0.946091845468094, ""learning_rate"": 0.05968515361266786, ""max_depth"": 4, ""min_child_samples"": 24, ""num_leaves"": 6, ""reg_lambda"": 15.594596263448823, ""subsample"": 0.7647811933545434, ""subsample_freq"": 1}"
0,1,230,1,0.937909815806571,0.9196001562850811,0.041639277648210196,"{""colsample_bytree"": 0.946091845468094, ""learning_rate"": 0.05968515361266786, ""max_depth"": 4, ""min_child_samples"": 24, ""num_leaves"": 6, ""reg_lambda"": 15.594596263448823, ""subsample"": 0.7647811933545434, ""subsample_freq"": 1}"
0,1,232,1,0.8006144316444418,0.8139474606355309,0.04730898560080895,"{""colsample_bytree"": 0.946091845468094, ""learning_rate"": 0.05968515361266786, ""max_depth"": 4, ""min_child_samples"": 24, ""num_leaves"": 6, ""reg_lambda"": 15.594596263448823, ""subsample"": 0.7647811933545434, ""subsample_freq"": 1}"
0,1,236,1,0.567578374987585,0.5686389453816281,0.07740553284435281,"{""colsample_bytree"": 0.946091845468094, ""learning_rate"": 0.05968515361266786, ""max_depth"": 4, ""min_child_samples"": 24, ""num_leaves"": 6, ""reg_lambda"": 15.594596263448823, ""subsample"": 0.7647811933545434, ""subsample_freq"": 1}"
0,1,238,1,0.11031462634226231,0.1333036174953272,0.05770766419533125,"{""colsample_bytree"": 0.946091845468094, ""learning_rate"": 0.05968515361266786, ""max_depth"": 4, ""min_child_samples"": 24, ""num_leaves"": 6, ""reg_lambda"": 15.594596263448823, ""subsample"": 0.7647811933545434, ""subsample_freq"": 1}"
0,1,239,1,0.9065532620455518,0.8862740837283279,0.055857520791110275,"{""colsample_bytree"": 0.946091845468094, ""learning_rate"": 0.05968515361266786, ""max_depth"": 4, ""min_child_samples"": 24, ""num_leaves"": 6, ""reg_lambda"": 15.594596263448823, ""subsample"": 0.7647811933545434, ""subsample_freq"": 1}"
0,1,242,1,0.8360411073654866,0.8188793248840515,0.08242167280839821,"{""colsample_bytree"": 0.946091845468094, ""learning_rate"": 0.05968515361266786, ""max_depth"": 4, ""min_child_samples"": 24, ""num_leaves"": 6, ""reg_lambda"": 15.594596263448823, ""subsample"": 0.7647811933545434, ""subsample_freq"": 1}"
0,1,246,1,0.8914140121954099,0.8937962193934663,0.04415252227851891,"{""colsample_bytree"": 0.946091845468094, ""learning_rate"": 0.05968515361266786, ""max_depth"": 4, ""min_child_samples"": 24, ""num_leaves"": 6, ""reg_lambda"": 15.594596263448823, ""subsample"": 0.7647811933545434, ""subsample_freq"": 1}"
0,1,251,1,0.2939157378494592,0.3148360368118791,0.08301692700926987,"{""colsample_bytree"": 0.946091845468094, ""learning_rate"": 0.05968515361266786, ""max_depth"": 4, ""min_child_samples"": 24, ""num_leaves"": 6, ""reg_lambda"": 15.594596263448823, ""subsample"": 0.7647811933545434, ""subsample_freq"": 1}"
0,1,263,0,0.07202169918952696,0.08902038326587221,0.058201287330499174,"{""colsample_bytree"": 0.946091845468094, ""learning_rate"": 0.05968515361266786, ""max_depth"": 4, ""min_child_samples"": 24, ""num_leaves"": 6, ""reg_lambda"": 15.594596263448823, ""subsample"": 0.7647811933545434, ""subsample_freq"": 1}"
0,1,277,1,0.9255349594925174,0.9192904364326292,0.04404216969881435,"{""colsample_bytree"": 0.946091845468094, ""learning_rate"": 0.05968515361266786, ""max_depth"": 4, ""min_child_samples"": 24, ""num_leaves"": 6, ""reg_lambda"": 15.594596263448823, ""subsample"": 0.7647811933545434, ""subsample_freq"": 1}"
0,1,278,0,0.859282336730266,0.8439171085345162,0.0620118688146256,"{""colsample_bytree"": 0.946091845468094, ""learning_rate"": 0.05968515361266786, ""max_depth"": 4, ""min_child_samples"": 24, ""num_leaves"": 6, ""reg_lambda"": 15.594596263448823, ""subsample"": 0.7647811933545434, ""subsample_freq"": 1}"
0,1,283,0,0.3598926977242039,0.40008430269062245,0.06696302970957661,"{""colsample_bytree"": 0.946091845468094, ""learning_rate"": 0.05968515361266786, ""max_depth"": 4, ""min_child_samples"": 24, ""num_leaves"": 6, ""reg_lambda"": 15.594596263448823, ""subsample"": 0.7647811933545434, ""subsample_freq"": 1}"
0,1,287,0,0.21773292659354213,0.2700728878894164,0.09964617231214723,"{""colsample_bytree"": 0.946091845468094, ""learning_rate"": 0.05968515361266786, ""max_depth"": 4, ""min_child_samples"": 24, ""num_leaves"": 6, ""reg_lambda"": 15.594596263448823, ""subsample"": 0.7647811933545434, ""subsample_freq"": 1}"
0,1,290,0,0.14039587464145492,0.17953890078977766,0.07202902526336041,"{""colsample_bytree"": 0.946091845468094, ""learning_rate"": 0.05968515361266786, ""max_depth"": 4, ""min_child_samples"": 24, ""num_leaves"": 6, ""reg_lambda"": 15.594596263448823, ""subsample"": 0.7647811933545434, ""subsample_freq"": 1}"
0,2,25,1,0.8602002860929114,0.9089459504806412,0.056590476509483935,"{""colsample_bytree"": 0.5048760900701532, ""learning_rate"": 0.018286430797041637, ""max_depth"": 3, ""min_child_samples"": 26, ""num_leaves"": 7, ""reg_lambda"": 10.693112152264957, ""subsample"": 0.8585642249613574, ""subsample_freq"": 1}"
0,2,27,0,0.3682599953860331,0.28938695551295895,0.0609727917920929,"{""colsample_bytree"": 0.5048760900701532, ""learning_rate"": 0.018286430797041637, ""max_depth"": 3, ""min_child_samples"": 26, ""num_leaves"": 7, ""reg_lambda"": 10.693112152264957, ""subsample"": 0.8585642249613574, ""subsample_freq"": 1}"
0,2,42,0,0.2505527724223114,0.16115105233874957,0.08184158440424712,"{""colsample_bytree"": 0.5048760900701532, ""learning_rate"": 0.018286430797041637, ""max_depth"": 3, ""min_child_samples"": 26, ""num_leaves"": 7, ""reg_lambda"": 10.693112152264957, ""subsample"": 0.8585642249613574, ""subsample_freq"": 1}"
0,2,43,1,0.5770965846259632,0.6176974244624073,0.09700013077385795,"{""colsample_bytree"": 0.5048760900701532, ""learning_rate"": 0.018286430797041637, ""max_depth"": 3, ""min_child_samples"": 26, ""num_leaves"": 7, ""reg_lambda"": 10.693112152264957, ""subsample"": 0.8585642249613574, ""subsample_freq"": 1}"
0,2,53,0,0.5557431152081982,0.49133711855907336,0.05885758688859629,"{""colsample_bytree"": 0.5048760900701532, ""learning_rate"": 0.018286430797041637, ""max_depth"": 3, ""min_child_samples"": 26, ""num_leaves"": 7, ""reg_lambda"": 10.693112152264957, ""subsample"": 0.8585642249613574, ""subsample_freq"": 1}"
0,2,59,1,0.8649564795774037,0.9167160284811411,0.05687185240782469,"{""colsample_bytree"": 0.5048760900701532, ""learning_rate"": 0.018286430797041637, ""max_depth"": 3, ""min_child_samples"": 26, ""num_leaves"": 7, ""reg_lambda"": 10.693112152264957, ""subsample"": 0.8585642249613574, ""subsample_freq"": 1}"
0,2,66,1,0.8358954858308709,0.8933871572869277,0.06911994908791785,"{""colsample_bytree"": 0.5048760900701532, ""learning_rate"": 0.018286430797041637, ""max_depth"": 3, ""min_child_samples"": 26, ""num_leaves"": 7, ""reg_lambda"": 10.693112152264957, ""subsample"": 0.8585642249613574, ""subsample_freq"": 1}"
0,2,67,0,0.5950899419408098,0.5810302799509633,0.044308174114623206,"{""colsample_bytree"": 0.5048760900701532, ""learning_rate"": 0.018286430797041637, ""max_depth"": 3, ""min_child_samples"": 26, ""num_leaves"": 7, ""reg_lambda"": 10.693112152264957, ""subsample"": 0.8585642249613574, ""subsample_freq"": 1}"
0,2,68,0,0.30206203754812816,0.17345813746196273,0.08722889659767534,"{""colsample_bytree"": 0.5048760900701532, ""learning_rate"": 0.018286430797041637, ""max_depth"": 3, ""min_child_samples"": 26, ""num_leaves"": 7, ""reg_lambda"": 10.693112152264957, ""subsample"": 0.8585642249613574, ""subsample_freq"": 1}"
0,2,74,1,0.8322541721533574,0.8945229807384572,0.07311789280836825,"{""colsample_bytree"": 0.5048760900701532, ""learning_rate"": 0.018286430797041637, ""max_depth"": 3, ""min_child_samples"": 26, ""num_leaves"": 7, ""reg_lambda"": 10.693112152264957, ""subsample"": 0.8585642249613574, ""subsample_freq"": 1}"
0,2,79,0,0.2699262452257932,0.1898340279696388,0.11065875296142434,"{""colsample_bytree"": 0.5048760900701532, ""learning_rate"": 0.018286430797041637, ""max_depth"": 3, ""min_child_samples"": 26, ""num_leaves"": 7, ""reg_lambda"": 10.693112152264957, ""subsample"": 0.8585642249613574, ""subsample_freq"": 1}"
0,2,80,1,0.8206935508147605,0.8884562943030019,0.058723862522205766,"{""colsample_bytree"": 0.5048760900701532, ""learning_rate"": 0.018286430797041637, ""max_depth"": 3, ""min_child_samples"": 26, ""num_leaves"": 7, ""reg_lambda"": 10.693112152264957, ""subsample"": 0.8585642249613574, ""subsample_freq"": 1}"
0,2,87,1,0.6377490707891493,0.6659921196323078,0.06069895395942848,"{""colsample_bytree"": 0.5048760900701532, ""learning_rate"": 0.018286430797041637, ""max_depth"": 3, ""min_child_samples"": 26, ""num_leaves"": 7, ""reg_lambda"": 10.693112152264957, ""subsample"": 0.8585642249613574, ""subsample_freq"": 1}"
0,2,89,1,0.7246739541845896,0.8041569270196056,0.09347983666567476,"{""colsample_bytree"": 0.5048760900701532, ""learning_rate"": 0.018286430797041637, ""max_depth"": 3, ""min_child_samples"": 26, ""num_leaves"": 7, ""reg_lambda"": 10.693112152264957, ""subsample"": 0.8585642249613574, ""subsample_freq"": 1}"
0,2,90,0,0.5194671847193819,0.4712712251518689,0.12738514701008194,"{""colsample_bytree"": 0.5048760900701532, ""learning_rate"": 0.018286430797041637, ""max_depth"": 3, ""min_child_samples"": 26, ""num_leaves"": 7, ""reg_lambda"": 10.693112152264957, ""subsample"": 0.8585642249613574, ""subsample_freq"": 1}"
0,2,93,1,0.7311735014252684,0.7717065343379658,0.06436529775018769,"{""colsample_bytree"": 0.5048760900701532, ""learning_rate"": 0.018286430797041637, ""max_depth"": 3, ""min_child_samples"": 26, ""num_leaves"": 7, ""reg_lambda"": 10.693112152264957, ""subsample"": 0.8585642249613574, ""subsample_freq"": 1}"
0,2,96,1,0.8458975479821741,0.8934026252249675,0.06125294593682738,"{""colsample_bytree"": 0.5048760900701532, ""learning_rate"": 0.018286430797041637, ""max_depth"": 3, ""min_child_samples"": 26, ""num_leaves"": 7, ""reg_lambda"": 10.693112152264957, ""subsample"": 0.8585642249613574, ""subsample_freq"": 1}"
0,2,107,1,0.5646536985220373,0.5190667457680369,0.05012908214041295,"{""colsample_bytree"": 0.5048760900701532, ""learning_rate"": 0.018286430797041637, ""max_depth"": 3, ""min_child_samples"": 26, ""num_leaves"": 7, ""reg_lambda"": 10.693112152264957, ""subsample"": 0.8585642249613574, ""subsample_freq"": 1}"
0,2,109,0,0.6423956870290116,0.7331632261596389,0.11950345516248037,"{""colsample_bytree"": 0.5048760900701532, ""learning_rate"": 0.018286430797041637, ""max_depth"": 3, ""min_child_samples"": 26, ""num_leaves"": 7, ""reg_lambda"": 10.693112152264957, ""subsample"": 0.8585642249613574, ""subsample_freq"": 1}"
0,2,114,1,0.8531422389117285,0.9110754605718586,0.06380237923690582,"{""colsample_bytree"": 0.5048760900701532, ""learning_rate"": 0.018286430797041637, ""max_depth"": 3, ""min_child_samples"": 26, ""num_leaves"": 7, ""reg_lambda"": 10.693112152264957, ""subsample"": 0.8585642249613574, ""subsample_freq"": 1}"
0,2,126,1,0.7075349482104675,0.8087146915656668,0.09897838493334635,"{""colsample_bytree"": 0.5048760900701532, ""learning_rate"": 0.018286430797041637, ""max_depth"": 3, ""min_child_samples"": 26, ""num_leaves"": 7, ""reg_lambda"": 10.693112152264957, ""subsample"": 0.8585642249613574, ""subsample_freq"": 1}"
0,2,136,0,0.3467122646638301,0.29420889642689857,0.09134814710502724,"{""colsample_bytree"": 0.5048760900701532, ""learning_rate"": 0.018286430797041637, ""max_depth"": 3, ""min_child_samples"": 26, ""num_leaves"": 7, ""reg_lambda"": 10.693112152264957, ""subsample"": 0.8585642249613574, ""subsample_freq"": 1}"
0,2,138,1,0.7033437108461287,0.751329936602416,0.050424084740894576,"{""colsample_bytree"": 0.5048760900701532, ""learning_rate"": 0.018286430797041637, ""max_depth"": 3, ""min_child_samples"": 26, ""num_leaves"": 7, ""reg_lambda"": 10.693112152264957, ""subsample"": 0.8585642249613574, ""subsample_freq"": 1}"
0,2,139,1,0.7562095388431029,0.8318867174535913,0.07522647937422083,"{""colsample_bytree"": 0.5048760900701532, ""learning_rate"": 0.018286430797041637, ""max_depth"": 3, ""min_child_samples"": 26, ""num_leaves"": 7, ""reg_lambda"": 10.693112152264957, ""subsample"": 0.8585642249613574, ""subsample_freq"": 1}"
0,2,140,1,0.8276031174132285,0.8941562208212526,0.06919212507042234,"{""colsample_bytree"": 0.5048760900701532, ""learning_rate"": 0.018286430797041637, ""max_depth"": 3, ""min_child_samples"": 26, ""num_leaves"": 7, ""reg_lambda"": 10.693112152264957, ""subsample"": 0.8585642249613574, ""subsample_freq"": 1}"
0,2,142,1,0.34211831940378856,0.27770241920568284,0.10081976884488078,"{""colsample_bytree"": 0.5048760900701532, ""learning_rate"": 0.018286430797041637, ""max_depth"": 3, ""min_child_samples"": 26, ""num_leaves"": 7, ""reg_lambda"": 10.693112152264957, ""subsample"": 0.8585642249613574, ""subsample_freq"": 1}"
0,2,144,1,0.7924699139066163,0.8481892666334181,0.10102446968397097,"{""colsample_bytree"": 0.5048760900701532, ""learning_rate"": 0.018286430797041637, ""max_depth"": 3, ""min_child_samples"": 26, ""num_leaves"": 7, ""reg_lambda"": 10.693112152264957, ""subsample"": 0.8585642249613574, ""subsample_freq"": 1}"
0,2,152,1,0.4420291457502636,0.39129932876855233,0.06662492437255034,"{""colsample_bytree"": 0.5048760900701532, ""learning_rate"": 0.018286430797041637, ""max_depth"": 3, ""min_child_samples"": 26, ""num_leaves"": 7, ""reg_lambda"": 10.693112152264957, ""subsample"": 0.8585642249613574, ""subsample_freq"": 1}"
0,2,159,1,0.8413956812358313,0.9035405703581383,0.07011423172874803,"{""colsample_bytree"": 0.5048760900701532, ""learning_rate"": 0.018286430797041637, ""max_depth"": 3, ""min_child_samples"": 26, ""num_leaves"": 7, ""reg_lambda"": 10.693112152264957, ""subsample"": 0.8585642249613574, ""subsample_freq"": 1}"
0,2,168,0,0.2825760529895981,0.19012267522976117,0.08078558006466716,"{""colsample_bytree"": 0.5048760900701532, ""learning_rate"": 0.018286430797041637, ""max_depth"": 3, ""min_child_samples"": 26, ""num_leaves"": 7, ""reg_lambda"": 10.693112152264957, ""subsample"": 0.8585642249613574, ""subsample_freq"": 1}"
0,2,169,0,0.38833588954229054,0.2863845979213797,0.10014413420951168,"{""colsample_bytree"": 0.5048760900701532, ""learning_rate"": 0.018286430797041637, ""max_depth"": 3, ""min_child_samples"": 26, ""num_leaves"": 7, ""reg_lambda"": 10.693112152264957, ""subsample"": 0.8585642249613574, ""subsample_freq"": 1}"
0,2,173,1,0.6927170200416426,0.7443180764084405,0.044989627377730566,"{""colsample_bytree"": 0.5048760900701532, ""learning_rate"": 0.018286430797041637, ""max_depth"": 3, ""min_child_samples"": 26, ""num_leaves"": 7, ""reg_lambda"": 10.693112152264957, ""subsample"": 0.8585642249613574, ""subsample_freq"": 1}"
0,2,184,1,0.8111953625981516,0.8777419136625534,0.06377651915461033,"{""colsample_bytree"": 0.5048760900701532, ""learning_rate"": 0.018286430797041637, ""max_depth"": 3, ""min_child_samples"": 26, ""num_leaves"": 7, ""reg_lambda"": 10.693112152264957, ""subsample"": 0.8585642249613574, ""subsample_freq"": 1}"
0,2,185,0,0.5783445255527331,0.5355021813917549,0.038520703084726486,"{""colsample_bytree"": 0.5048760900701532, ""learning_rate"": 0.018286430797041637, ""max_depth"": 3, ""min_child_samples"": 26, ""num_leaves"": 7, ""reg_lambda"": 10.693112152264957, ""subsample"": 0.8585642249613574, ""subsample_freq"": 1}"
0,2,187,1,0.7470342016065287,0.8134888453842153,0.09945430352318105,"{""colsample_bytree"": 0.5048760900701532, ""learning_rate"": 0.018286430797041637, ""max_depth"": 3, ""min_child_samples"": 26, ""num_leaves"": 7, ""reg_lambda"": 10.693112152264957, ""subsample"": 0.8585642249613574, ""subsample_freq"": 1}"
0,2,196,0,0.358656310737369,0.24194229885496274,0.07846053077641622,"{""colsample_bytree"": 0.5048760900701532, ""learning_rate"": 0.018286430797041637, ""max_depth"": 3, ""min_child_samples"": 26, ""num_leaves"": 7, ""reg_lambda"": 10.693112152264957, ""subsample"": 0.8585642249613574, ""subsample_freq"": 1}"
0,2,205,0,0.3490236312164778,0.23805210322005235,0.09766558296488428,"{""colsample_bytree"": 0.5048760900701532, ""learning_rate"": 0.018286430797041637, ""max_depth"": 3, ""min_child_samples"": 26, ""num_leaves"": 7, ""reg_lambda"": 10.693112152264957, ""subsample"": 0.8585642249613574, ""subsample_freq"": 1}"
0,2,206,1,0.6215827853834817,0.6387253819204652,0.07561901839067822,"{""colsample_bytree"": 0.5048760900701532, ""learning_rate"": 0.018286430797041637, ""max_depth"": 3, ""min_child_samples"": 26, ""num_leaves"": 7, ""reg_lambda"": 10.693112152264957, ""subsample"": 0.8585642249613574, ""subsample_freq"": 1}"
0,2,207,1,0.7124894776384627,0.7586106897772501,0.09186540633022397,"{""colsample_bytree"": 0.5048760900701532, ""learning_rate"": 0.018286430797041637, ""max_depth"": 3, ""min_child_samples"": 26, ""num_leaves"": 7, ""reg_lambda"": 10.693112152264957, ""subsample"": 0.8585642249613574, ""subsample_freq"": 1}"
0,2,210,0,0.26022326523160283,0.15814286994087973,0.07133330653511505,"{""colsample_bytree"": 0.5048760900701532, ""learning_rate"": 0.018286430797041637, ""max_depth"": 3, ""min_child_samples"": 26, ""num_leaves"": 7, ""reg_lambda"": 10.693112152264957, ""subsample"": 0.8585642249613574, ""subsample_freq"": 1}"
0,2,211,1,0.6178231101589317,0.5982296593725873,0.07426929152852617,"{""colsample_bytree"": 0.5048760900701532, ""learning_rate"": 0.018286430797041637, ""max_depth"": 3, ""min_child_samples"": 26, ""num_leaves"": 7, ""reg_lambda"": 10.693112152264957, ""subsample"": 0.8585642249613574, ""subsample_freq"": 1}"
0,2,212,0,0.22099071138662904,0.1392574660902725,0.07068918750327256,"{""colsample_bytree"": 0.5048760900701532, ""learning_rate"": 0.018286430797041637, ""max_depth"": 3, ""min_child_samples"": 26, ""num_leaves"": 7, ""reg_lambda"": 10.693112152264957, ""subsample"": 0.8585642249613574, ""subsample_freq"": 1}"
0,2,218,0,0.4046837931369385,0.2867398762672328,0.11154274251840325,"{""colsample_bytree"": 0.5048760900701532, ""learning_rate"": 0.018286430797041637, ""max_depth"": 3, ""min_child_samples"": 26, ""num_leaves"": 7, ""reg_lambda"": 10.693112152264957, ""subsample"": 0.8585642249613574, ""subsample_freq"": 1}"
0,2,224,1,0.8660086743831389,0.9135192501784755,0.06260932333607977,"{""colsample_bytree"": 0.5048760900701532, ""learning_rate"": 0.018286430797041637, ""max_depth"": 3, ""min_child_samples"": 26, ""num_leaves"": 7, ""reg_lambda"": 10.693112152264957, ""subsample"": 0.8585642249613574, ""subsample_freq"": 1}"
0,2,240,1,0.8709495181263476,0.9224574361420406,0.05674608046667845,"{""colsample_bytree"": 0.5048760900701532, ""learning_rate"": 0.018286430797041637, ""max_depth"": 3, ""min_child_samples"": 26, ""num_leaves"": 7, ""reg_lambda"": 10.693112152264957, ""subsample"": 0.8585642249613574, ""subsample_freq"": 1}"
0,2,243,0,0.7151218931272083,0.800608620360396,0.09552398105060567,"{""colsample_bytree"": 0.5048760900701532, ""learning_rate"": 0.018286430797041637, ""max_depth"": 3, ""min_child_samples"": 26, ""num_leaves"": 7, ""reg_lambda"": 10.693112152264957, ""subsample"": 0.8585642249613574, ""subsample_freq"": 1}"
0,2,257,0,0.3039641734699968,0.22233654710784992,0.09637498689006692,"{""colsample_bytree"": 0.5048760900701532, ""learning_rate"": 0.018286430797041637, ""max_depth"": 3, ""min_child_samples"": 26, ""num_leaves"": 7, ""reg_lambda"": 10.693112152264957, ""subsample"": 0.8585642249613574, ""subsample_freq"": 1}"
0,2,260,1,0.7165945684752574,0.7970606770455853,0.10462860937192675,"{""colsample_bytree"": 0.5048760900701532, ""learning_rate"": 0.018286430797041637, ""max_depth"": 3, ""min_child_samples"": 26, ""num_leaves"": 7, ""reg_lambda"": 10.693112152264957, ""subsample"": 0.8585642249613574, ""subsample_freq"": 1}"
0,2,262,1,0.533747383512611,0.4907984355233624,0.07197829872132488,"{""colsample_bytree"": 0.5048760900701532, ""learning_rate"": 0.018286430797041637, ""max_depth"": 3, ""min_child_samples"": 26, ""num_leaves"": 7, ""reg_lambda"": 10.693112152264957, ""subsample"": 0.8585642249613574, ""subsample_freq"": 1}"
0,2,266,0,0.6866532648577071,0.7313645514066316,0.057232574238020875,"{""colsample_bytree"": 0.5048760900701532, ""learning_rate"": 0.018286430797041637, ""max_depth"": 3, ""min_child_samples"": 26, ""num_leaves"": 7, ""reg_lambda"": 10.693112152264957, ""subsample"": 0.8585642249613574, ""subsample_freq"": 1}"
0,2,269,1,0.763936130729744,0.8313267439130495,0.10896141428085278,"{""colsample_bytree"": 0.5048760900701532, ""learning_rate"": 0.018286430797041637, ""max_depth"": 3, ""min_child_samples"": 26, ""num_leaves"": 7, ""reg_lambda"": 10.693112152264957, ""subsample"": 0.8585642249613574, ""subsample_freq"": 1}"
0,2,270,0,0.2400365109789228,0.16541463073638893,0.07556482335107934,"{""colsample_bytree"": 0.5048760900701532, ""learning_rate"": 0.018286430797041637, ""max_depth"": 3, ""min_child_samples"": 26, ""num_leaves"": 7, ""reg_lambda"": 10.693112152264957, ""subsample"": 0.8585642249613574, ""subsample_freq"": 1}"
0,2,271,1,0.8319812506469927,0.898811756558706,0.06296533526278446,"{""colsample_bytree"": 0.5048760900701532, ""learning_rate"": 0.018286430797041637, ""max_depth"": 3, ""min_child_samples"": 26, ""num_leaves"": 7, ""reg_lambda"": 10.693112152264957, ""subsample"": 0.8585642249613574, ""subsample_freq"": 1}"
0,2,279,0,0.6465454545370989,0.671062869395711,0.04571157605056649,"{""colsample_bytree"": 0.5048760900701532, ""learning_rate"": 0.018286430797041637, ""max_depth"": 3, ""min_child_samples"": 26, ""num_leaves"": 7, ""reg_lambda"": 10.693112152264957, ""subsample"": 0.8585642249613574, ""subsample_freq"": 1}"
0,2,281,1,0.47927468150793956,0.3788834869429628,0.1445627892837492,"{""colsample_bytree"": 0.5048760900701532, ""learning_rate"": 0.018286430797041637, ""max_depth"": 3, ""min_child_samples"": 26, ""num_leaves"": 7, ""reg_lambda"": 10.693112152264957, ""subsample"": 0.8585642249613574, ""subsample_freq"": 1}"
0,2,285,0,0.3214175649620328,0.25121782000368414,0.09868995192018926,"{""colsample_bytree"": 0.5048760900701532, ""learning_rate"": 0.018286430797041637, ""max_depth"": 3, ""min_child_samples"": 26, ""num_leaves"": 7, ""reg_lambda"": 10.693112152264957, ""subsample"": 0.8585642249613574, ""subsample_freq"": 1}"
0,2,291,0,0.38124565256973086,0.2662205486428567,0.09660833163180711,"{""colsample_bytree"": 0.5048760900701532, ""learning_rate"": 0.018286430797041637, ""max_depth"": 3, ""min_child_samples"": 26, ""num_leaves"": 7, ""reg_lambda"": 10.693112152264957, ""subsample"": 0.8585642249613574, ""subsample_freq"": 1}"
0,2,292,0,0.3992723110909608,0.29243924757375844,0.11882910270662092,"{""colsample_bytree"": 0.5048760900701532, ""learning_rate"": 0.018286430797041637, ""max_depth"": 3, ""min_child_samples"": 26, ""num_leaves"": 7, ""reg_lambda"": 10.693112152264957, ""subsample"": 0.8585642249613574, ""subsample_freq"": 1}"
0,2,298,1,0.665159892275863,0.7273219448678229,0.09504997101169615,"{""colsample_bytree"": 0.5048760900701532, ""learning_rate"": 0.018286430797041637, ""max_depth"": 3, ""min_child_samples"": 26, ""num_leaves"": 7, ""reg_lambda"": 10.693112152264957, ""subsample"": 0.8585642249613574, ""subsample_freq"": 1}"
0,2,301,0,0.22576328339138185,0.16318569510211306,0.08933618302266065,"{""colsample_bytree"": 0.5048760900701532, ""learning_rate"": 0.018286430797041637, ""max_depth"": 3, ""min_child_samples"": 26, ""num_leaves"": 7, ""reg_lambda"": 10.693112152264957, ""subsample"": 0.8585642249613574, ""subsample_freq"": 1}"
0,2,302,1,0.5627233363134535,0.5491503923297419,0.05414363000086136,"{""colsample_bytree"": 0.5048760900701532, ""learning_rate"": 0.018286430797041637, ""max_depth"": 3, ""min_child_samples"": 26, ""num_leaves"": 7, ""reg_lambda"": 10.693112152264957, ""subsample"": 0.8585642249613574, ""subsample_freq"": 1}"
0,3,2,1,0.9187287955170522,0.9036239634654739,0.04637099475986355,"{""colsample_bytree"": 0.8318062640577157, ""learning_rate"": 0.03464908090097686, ""max_depth"": 4, ""min_child_samples"": 13, ""num_leaves"": 11, ""reg_lambda"": 9.33470452404404, ""subsample"": 0.860040968435021, ""subsample_freq"": 1}"
0,3,10,1,0.5023450236107326,0.5972854565100879,0.16107872582057406,"{""colsample_bytree"": 0.8318062640577157, ""learning_rate"": 0.03464908090097686, ""max_depth"": 4, ""min_child_samples"": 13, ""num_leaves"": 11, ""reg_lambda"": 9.33470452404404, ""subsample"": 0.860040968435021, ""subsample_freq"": 1}"
0,3,12,1,0.8770250364113521,0.8476246225595666,0.07444126410442715,"{""colsample_bytree"": 0.8318062640577157, ""learning_rate"": 0.03464908090097686, ""max_depth"": 4, ""min_child_samples"": 13, ""num_leaves"": 11, ""reg_lambda"": 9.33470452404404, ""subsample"": 0.860040968435021, ""subsample_freq"": 1}"
0,3,13,1,0.6803809832901438,0.677397594293546,0.08392253145799049,"{""colsample_bytree"": 0.8318062640577157, ""learning_rate"": 0.03464908090097686, ""max_depth"": 4, ""min_child_samples"": 13, ""num_leaves"": 11, ""reg_lambda"": 9.33470452404404, ""subsample"": 0.860040968435021, ""subsample_freq"": 1}"
0,3,21,1,0.7092990810994222,0.6557042700661786,0.11714720262521164,"{""colsample_bytree"": 0.8318062640577157, ""learning_rate"": 0.03464908090097686, ""max_depth"": 4, ""min_child_samples"": 13, ""num_leaves"": 11, ""reg_lambda"": 9.33470452404404, ""subsample"": 0.860040968435021, ""subsample_freq"": 1}"
0,3,23,1,0.8630265862739844,0.8430841141384912,0.06278444545444517,"{""colsample_bytree"": 0.8318062640577157, ""learning_rate"": 0.03464908090097686, ""max_depth"": 4, ""min_child_samples"": 13, ""num_leaves"": 11, ""reg_lambda"": 9.33470452404404, ""subsample"": 0.860040968435021, ""subsample_freq"": 1}"
0,3,24,1,0.6562029552052595,0.6321821709122504,0.045290813581002884,"{""colsample_bytree"": 0.8318062640577157, ""learning_rate"": 0.03464908090097686, ""max_depth"": 4, ""min_child_samples"": 13, ""num_leaves"": 11, ""reg_lambda"": 9.33470452404404, ""subsample"": 0.860040968435021, ""subsample_freq"": 1}"
0,3,26,0,0.2360197630155046,0.28124381867562964,0.0734449827477474,"{""colsample_bytree"": 0.8318062640577157, ""learning_rate"": 0.03464908090097686, ""max_depth"": 4, ""min_child_samples"": 13, ""num_leaves"": 11, ""reg_lambda"": 9.33470452404404, ""subsample"": 0.860040968435021, ""subsample_freq"": 1}"
0,3,30,1,0.7897826698286001,0.7231831545998896,0.12538075501011428,"{""colsample_bytree"": 0.8318062640577157, ""learning_rate"": 0.03464908090097686, ""max_depth"": 4, ""min_child_samples"": 13, ""num_leaves"": 11, ""reg_lambda"": 9.33470452404404, ""subsample"": 0.860040968435021, ""subsample_freq"": 1}"
0,3,39,1,0.9199420871771264,0.8967027301585004,0.06536753185772139,"{""colsample_bytree"": 0.8318062640577157, ""learning_rate"": 0.03464908090097686, ""max_depth"": 4, ""min_child_samples"": 13, ""num_leaves"": 11, ""reg_lambda"": 9.33470452404404, ""subsample"": 0.860040968435021, ""subsample_freq"": 1}"
0,3,44,0,0.5999315507345712,0.6666625860289613,0.07069230920200173,"{""colsample_bytree"": 0.8318062640577157, ""learning_rate"": 0.03464908090097686, ""max_depth"": 4, ""min_child_samples"": 13, ""num_leaves"": 11, ""reg_lambda"": 9.33470452404404, ""subsample"": 0.860040968435021, ""subsample_freq"": 1}"
0,3,47,1,0.9111546576410844,0.8937685067540013,0.053632223728101794,"{""colsample_bytree"": 0.8318062640577157, ""learning_rate"": 0.03464908090097686, ""max_depth"": 4, ""min_child_samples"": 13, ""num_leaves"": 11, ""reg_lambda"": 9.33470452404404, ""subsample"": 0.860040968435021, ""subsample_freq"": 1}"
0,3,58,1,0.27010036152609496,0.2618991022030574,0.08231560660489187,"{""colsample_bytree"": 0.8318062640577157, ""learning_rate"": 0.03464908090097686, ""max_depth"": 4, ""min_child_samples"": 13, ""num_leaves"": 11, ""reg_lambda"": 9.33470452404404, ""subsample"": 0.860040968435021, ""subsample_freq"": 1}"
0,3,60,0,0.2701710552410001,0.29126535906784834,0.09625035797035901,"{""colsample_bytree"": 0.8318062640577157, ""learning_rate"": 0.03464908090097686, ""max_depth"": 4, ""min_child_samples"": 13, ""num_leaves"": 11, ""reg_lambda"": 9.33470452404404, ""subsample"": 0.860040968435021, ""subsample_freq"": 1}"
0,3,63,1,0.7266026449112933,0.6483872049451636,0.10419570221141775,"{""colsample_bytree"": 0.8318062640577157, ""learning_rate"": 0.03464908090097686, ""max_depth"": 4, ""min_child_samples"": 13, ""num_leaves"": 11, ""reg_lambda"": 9.33470452404404, ""subsample"": 0.860040968435021, ""subsample_freq"": 1}"
0,3,75,1,0.35875145282498416,0.40233908252242284,0.07818169743924248,"{""colsample_bytree"": 0.8318062640577157, ""learning_rate"": 0.03464908090097686, ""max_depth"": 4, ""min_child_samples"": 13, ""num_leaves"": 11, ""reg_lambda"": 9.33470452404404, ""subsample"": 0.860040968435021, ""subsample_freq"": 1}"
0,3,86,1,0.6670452362350024,0.6828594470393621,0.08342423869091227,"{""colsample_bytree"": 0.8318062640577157, ""learning_rate"": 0.03464908090097686, ""max_depth"": 4, ""min_child_samples"": 13, ""num_leaves"": 11, ""reg_lambda"": 9.33470452404404, ""subsample"": 0.860040968435021, ""subsample_freq"": 1}"
0,3,102,0,0.11514817725721894,0.15684402607749917,0.04125247912608837,"{""colsample_bytree"": 0.8318062640577157, ""learning_rate"": 0.03464908090097686, ""max_depth"": 4, ""min_child_samples"": 13, ""num_leaves"": 11, ""reg_lambda"": 9.33470452404404, ""subsample"": 0.860040968435021, ""subsample_freq"": 1}"
0,3,108,0,0.21856376911809458,0.21759634027712454,0.0598987059323882,"{""colsample_bytree"": 0.8318062640577157, ""learning_rate"": 0.03464908090097686, ""max_depth"": 4, ""min_child_samples"": 13, ""num_leaves"": 11, ""reg_lambda"": 9.33470452404404, ""subsample"": 0.860040968435021, ""subsample_freq"": 1}"
0,3,112,0,0.7329383545721174,0.6770999417335698,0.08971053975833564,"{""colsample_bytree"": 0.8318062640577157, ""learning_rate"": 0.03464908090097686, ""max_depth"": 4, ""min_child_samples"": 13, ""num_leaves"": 11, ""reg_lambda"": 9.33470452404404, ""subsample"": 0.860040968435021, ""subsample_freq"": 1}"
0,3,118,1,0.7330124206528612,0.7472203924058072,0.09131501560317205,"{""colsample_bytree"": 0.8318062640577157, ""learning_rate"": 0.03464908090097686, ""max_depth"": 4, ""min_child_samples"": 13, ""num_leaves"": 11, ""reg_lambda"": 9.33470452404404, ""subsample"": 0.860040968435021, ""subsample_freq"": 1}"
0,3,120,1,0.7476765016442456,0.6581844749573167,0.12450353506607764,"{""colsample_bytree"": 0.8318062640577157, ""learning_rate"": 0.03464908090097686, ""max_depth"": 4, ""min_child_samples"": 13, ""num_leaves"": 11, ""reg_lambda"": 9.33470452404404, ""subsample"": 0.860040968435021, ""subsample_freq"": 1}"
0,3,123,1,0.5051826222530635,0.4704386887011555,0.06381664305531608,"{""colsample_bytree"": 0.8318062640577157, ""learning_rate"": 0.03464908090097686, ""max_depth"": 4, ""min_child_samples"": 13, ""num_leaves"": 11, ""reg_lambda"": 9.33470452404404, ""subsample"": 0.860040968435021, ""subsample_freq"": 1}"
0,3,131,1,0.9565380115967018,0.9397941717343304,0.03157178547982736,"{""colsample_bytree"": 0.8318062640577157, ""learning_rate"": 0.03464908090097686, ""max_depth"": 4, ""min_child_samples"": 13, ""num_leaves"": 11, ""reg_lambda"": 9.33470452404404, ""subsample"": 0.860040968435021, ""subsample_freq"": 1}"
0,3,135,1,0.3791954707778689,0.45142759636884644,0.10332587093615261,"{""colsample_bytree"": 0.8318062640577157, ""learning_rate"": 0.03464908090097686, ""max_depth"": 4, ""min_child_samples"": 13, ""num_leaves"": 11, ""reg_lambda"": 9.33470452404404, ""subsample"": 0.860040968435021, ""subsample_freq"": 1}"
0,3,143,0,0.06837231342034819,0.07788496738355534,0.03524288141204612,"{""colsample_bytree"": 0.8318062640577157, ""learning_rate"": 0.03464908090097686, ""max_depth"": 4, ""min_child_samples"": 13, ""num_leaves"": 11, ""reg_lambda"": 9.33470452404404, ""subsample"": 0.860040968435021, ""subsample_freq"": 1}"
0,3,146,1,0.9108551258007064,0.8759581715410845,0.08269613033845077,"{""colsample_bytree"": 0.8318062640577157, ""learning_rate"": 0.03464908090097686, ""max_depth"": 4, ""min_child_samples"": 13, ""num_leaves"": 11, ""reg_lambda"": 9.33470452404404, ""subsample"": 0.860040968435021, ""subsample_freq"": 1}"
0,3,150,0,0.2641540314776557,0.30573028721124934,0.07252245190548344,"{""colsample_bytree"": 0.8318062640577157, ""learning_rate"": 0.03464908090097686, ""max_depth"": 4, ""min_child_samples"": 13, ""num_leaves"": 11, ""reg_lambda"": 9.33470452404404, ""subsample"": 0.860040968435021, ""subsample_freq"": 1}"
0,3,155,1,0.873972406262614,0.8564766085583141,0.08402744767587077,"{""colsample_bytree"": 0.8318062640577157, ""learning_rate"": 0.03464908090097686, ""max_depth"": 4, ""min_child_samples"": 13, ""num_leaves"": 11, ""reg_lambda"": 9.33470452404404, ""subsample"": 0.860040968435021, ""subsample_freq"": 1}"
0,3,158,0,0.48658118448443355,0.4531142281222616,0.11828961017015262,"{""colsample_bytree"": 0.8318062640577157, ""learning_rate"": 0.03464908090097686, ""max_depth"": 4, ""min_child_samples"": 13, ""num_leaves"": 11, ""reg_lambda"": 9.33470452404404, ""subsample"": 0.860040968435021, ""subsample_freq"": 1}"
0,3,162,1,0.8831648730749548,0.8551301290674017,0.07244968040554026,"{""colsample_bytree"": 0.8318062640577157, ""learning_rate"": 0.03464908090097686, ""max_depth"": 4, ""min_child_samples"": 13, ""num_leaves"": 11, ""reg_lambda"": 9.33470452404404, ""subsample"": 0.860040968435021, ""subsample_freq"": 1}"
0,3,163,1,0.5579814461738375,0.5856060185242222,0.12531911696536743,"{""colsample_bytree"": 0.8318062640577157, ""learning_rate"": 0.03464908090097686, ""max_depth"": 4, ""min_child_samples"": 13, ""num_leaves"": 11, ""reg_lambda"": 9.33470452404404, ""subsample"": 0.860040968435021, ""subsample_freq"": 1}"
0,3,164,1,0.872441424433237,0.8690782817427498,0.04281151399646731,"{""colsample_bytree"": 0.8318062640577157, ""learning_rate"": 0.03464908090097686, ""max_depth"": 4, ""min_child_samples"": 13, ""num_leaves"": 11, ""reg_lambda"": 9.33470452404404, ""subsample"": 0.860040968435021, ""subsample_freq"": 1}"
0,3,166,0,0.14022378804054145,0.1438136012141281,0.06179035231269452,"{""colsample_bytree"": 0.8318062640577157, ""learning_rate"": 0.03464908090097686, ""max_depth"": 4, ""min_child_samples"": 13, ""num_leaves"": 11, ""reg_lambda"": 9.33470452404404, ""subsample"": 0.860040968435021, ""subsample_freq"": 1}"
0,3,170,0,0.18770564698270972,0.17260573256570674,0.054368777497032936,"{""colsample_bytree"": 0.8318062640577157, ""learning_rate"": 0.03464908090097686, ""max_depth"": 4, ""min_child_samples"": 13, ""num_leaves"": 11, ""reg_lambda"": 9.33470452404404, ""subsample"": 0.860040968435021, ""subsample_freq"": 1}"
0,3,171,1,0.6027539561819131,0.5737096526808642,0.08823014764890674,"{""colsample_bytree"": 0.8318062640577157, ""learning_rate"": 0.03464908090097686, ""max_depth"": 4, ""min_child_samples"": 13, ""num_leaves"": 11, ""reg_lambda"": 9.33470452404404, ""subsample"": 0.860040968435021, ""subsample_freq"": 1}"
0,3,172,1,0.4966373791848911,0.507052109527101,0.043511556220011446,"{""colsample_bytree"": 0.8318062640577157, ""learning_rate"": 0.03464908090097686, ""max_depth"": 4, ""min_child_samples"": 13, ""num_leaves"": 11, ""reg_lambda"": 9.33470452404404, ""subsample"": 0.860040968435021, ""subsample_freq"": 1}"
0,3,179,0,0.12378639693078593,0.16067834627797742,0.048792104590309755,"{""colsample_bytree"": 0.8318062640577157, ""learning_rate"": 0.03464908090097686, ""max_depth"": 4, ""min_child_samples"": 13, ""num_leaves"": 11, ""reg_lambda"": 9.33470452404404, ""subsample"": 0.860040968435021, ""subsample_freq"": 1}"
0,3,192,0,0.0875431028870485,0.09661696668573494,0.041235925036214635,"{""colsample_bytree"": 0.8318062640577157, ""learning_rate"": 0.03464908090097686, ""max_depth"": 4, ""min_child_samples"": 13, ""num_leaves"": 11, ""reg_lambda"": 9.33470452404404, ""subsample"": 0.860040968435021, ""subsample_freq"": 1}"
0,3,195,0,0.7461611201588474,0.710447856060453,0.09207966270249004,"{""colsample_bytree"": 0.8318062640577157, ""learning_rate"": 0.03464908090097686, ""max_depth"": 4, ""min_child_samples"": 13, ""num_leaves"": 11, ""reg_lambda"": 9.33470452404404, ""subsample"": 0.860040968435021, ""subsample_freq"": 1}"
0,3,200,1,0.6285466993526785,0.6350900117518302,0.08762202118555529,"{""colsample_bytree"": 0.8318062640577157, ""learning_rate"": 0.03464908090097686, ""max_depth"": 4, ""min_child_samples"": 13, ""num_leaves"": 11, ""reg_lambda"": 9.33470452404404, ""subsample"": 0.860040968435021, ""subsample_freq"": 1}"
0,3,202,1,0.8023567748442334,0.8118495657699152,0.10123121104703249,"{""colsample_bytree"": 0.8318062640577157, ""learning_rate"": 0.03464908090097686, ""max_depth"": 4, ""min_child_samples"": 13, ""num_leaves"": 11, ""reg_lambda"": 9.33470452404404, ""subsample"": 0.860040968435021, ""subsample_freq"": 1}"
0,3,204,0,0.3076110493878366,0.32666484494863435,0.03851345263803424,"{""colsample_bytree"": 0.8318062640577157, ""learning_rate"": 0.03464908090097686, ""max_depth"": 4, ""min_child_samples"": 13, ""num_leaves"": 11, ""reg_lambda"": 9.33470452404404, ""subsample"": 0.860040968435021, ""subsample_freq"": 1}"
0,3,213,0,0.5814929572521218,0.6316125766014172,0.11490881099329754,"{""colsample_bytree"": 0.8318062640577157, ""learning_rate"": 0.03464908090097686, ""max_depth"": 4, ""min_child_samples"": 13, ""num_leaves"": 11, ""reg_lambda"": 9.33470452404404, ""subsample"": 0.860040968435021, ""subsample_freq"": 1}"
0,3,222,1,0.7543550797913504,0.6996539467276202,0.12575008029830761,"{""colsample_bytree"": 0.8318062640577157, ""learning_rate"": 0.03464908090097686, ""max_depth"": 4, ""min_child_samples"": 13, ""num_leaves"": 11, ""reg_lambda"": 9.33470452404404, ""subsample"": 0.860040968435021, ""subsample_freq"": 1}"
0,3,225,0,0.421200097562833,0.4714473095528106,0.05442029852740512,"{""colsample_bytree"": 0.8318062640577157, ""learning_rate"": 0.03464908090097686, ""max_depth"": 4, ""min_child_samples"": 13, ""num_leaves"": 11, ""reg_lambda"": 9.33470452404404, ""subsample"": 0.860040968435021, ""subsample_freq"": 1}"
0,3,227,1,0.649605481181637,0.6415048092368479,0.0919060580664585,"{""colsample_bytree"": 0.8318062640577157, ""learning_rate"": 0.03464908090097686, ""max_depth"": 4, ""min_child_samples"": 13, ""num_leaves"": 11, ""reg_lambda"": 9.33470452404404, ""subsample"": 0.860040968435021, ""subsample_freq"": 1}"
0,3,234,0,0.2522769298333661,0.2554111223856258,0.12239214146709688,"{""colsample_bytree"": 0.8318062640577157, ""learning_rate"": 0.03464908090097686, ""max_depth"": 4, ""min_child_samples"": 13, ""num_leaves"": 11, ""reg_lambda"": 9.33470452404404, ""subsample"": 0.860040968435021, ""subsample_freq"": 1}"
0,3,235,1,0.9065423830163808,0.8767569593759361,0.0954418299802416,"{""colsample_bytree"": 0.8318062640577157, ""learning_rate"": 0.03464908090097686, ""max_depth"": 4, ""min_child_samples"": 13, ""num_leaves"": 11, ""reg_lambda"": 9.33470452404404, ""subsample"": 0.860040968435021, ""subsample_freq"": 1}"
0,3,245,1,0.5272718195265752,0.5059598473700884,0.13477103979265276,"{""colsample_bytree"": 0.8318062640577157, ""learning_rate"": 0.03464908090097686, ""max_depth"": 4, ""min_child_samples"": 13, ""num_leaves"": 11, ""reg_lambda"": 9.33470452404404, ""subsample"": 0.860040968435021, ""subsample_freq"": 1}"
0,3,247,0,0.08244839833739512,0.10308794647445063,0.050134327530869244,"{""colsample_bytree"": 0.8318062640577157, ""learning_rate"": 0.03464908090097686, ""max_depth"": 4, ""min_child_samples"": 13, ""num_leaves"": 11, ""reg_lambda"": 9.33470452404404, ""subsample"": 0.860040968435021, ""subsample_freq"": 1}"
0,3,253,1,0.5114224607714136,0.5915660737486064,0.08179415924406903,"{""colsample_bytree"": 0.8318062640577157, ""learning_rate"": 0.03464908090097686, ""max_depth"": 4, ""min_child_samples"": 13, ""num_leaves"": 11, ""reg_lambda"": 9.33470452404404, ""subsample"": 0.860040968435021, ""subsample_freq"": 1}"
0,3,256,0,0.12843844612035782,0.1663552042955503,0.08869107385336704,"{""colsample_bytree"": 0.8318062640577157, ""learning_rate"": 0.03464908090097686, ""max_depth"": 4, ""min_child_samples"": 13, ""num_leaves"": 11, ""reg_lambda"": 9.33470452404404, ""subsample"": 0.860040968435021, ""subsample_freq"": 1}"
0,3,267,1,0.6846238962286759,0.7161277333015772,0.10163212189384946,"{""colsample_bytree"": 0.8318062640577157, ""learning_rate"": 0.03464908090097686, ""max_depth"": 4, ""min_child_samples"": 13, ""num_leaves"": 11, ""reg_lambda"": 9.33470452404404, ""subsample"": 0.860040968435021, ""subsample_freq"": 1}"
0,3,272,0,0.6058041291516847,0.5351590741786374,0.13799179920726817,"{""colsample_bytree"": 0.8318062640577157, ""learning_rate"": 0.03464908090097686, ""max_depth"": 4, ""min_child_samples"": 13, ""num_leaves"": 11, ""reg_lambda"": 9.33470452404404, ""subsample"": 0.860040968435021, ""subsample_freq"": 1}"
0,3,273,1,0.8286934378038199,0.8072410170685304,0.107633330067417,"{""colsample_bytree"": 0.8318062640577157, ""learning_rate"": 0.03464908090097686, ""max_depth"": 4, ""min_child_samples"": 13, ""num_leaves"": 11, ""reg_lambda"": 9.33470452404404, ""subsample"": 0.860040968435021, ""subsample_freq"": 1}"
0,3,276,0,0.34182190896627274,0.27246845083271615,0.02658174747481668,"{""colsample_bytree"": 0.8318062640577157, ""learning_rate"": 0.03464908090097686, ""max_depth"": 4, ""min_child_samples"": 13, ""num_leaves"": 11, ""reg_lambda"": 9.33470452404404, ""subsample"": 0.860040968435021, ""subsample_freq"": 1}"
0,3,280,0,0.19302423993676757,0.2076805301374276,0.08558288553855756,"{""colsample_bytree"": 0.8318062640577157, ""learning_rate"": 0.03464908090097686, ""max_depth"": 4, ""min_child_samples"": 13, ""num_leaves"": 11, ""reg_lambda"": 9.33470452404404, ""subsample"": 0.860040968435021, ""subsample_freq"": 1}"
0,3,286,0,0.1183486549010868,0.17845211549629852,0.05759108609795005,"{""colsample_bytree"": 0.8318062640577157, ""learning_rate"": 0.03464908090097686, ""max_depth"": 4, ""min_child_samples"": 13, ""num_leaves"": 11, ""reg_lambda"": 9.33470452404404, ""subsample"": 0.860040968435021, ""subsample_freq"": 1}"
0,3,297,0,0.3825164214427023,0.31573768072229663,0.10754509764664406,"{""colsample_bytree"": 0.8318062640577157, ""learning_rate"": 0.03464908090097686, ""max_depth"": 4, ""min_child_samples"": 13, ""num_leaves"": 11, ""reg_lambda"": 9.33470452404404, ""subsample"": 0.860040968435021, ""subsample_freq"": 1}"
0,4,11,1,0.9504756566123552,0.9370439811544538,0.02475759380156584,"{""colsample_bytree"": 0.6600534358438133, ""learning_rate"": 0.0692462115346519, ""max_depth"": 2, ""min_child_samples"": 8, ""num_leaves"": 8, ""reg_lambda"": 12.265380708322454, ""subsample"": 0.6232205264865011, ""subsample_freq"": 1}"
0,4,15,1,0.7647071899231647,0.7731198565780482,0.05820919838511354,"{""colsample_bytree"": 0.6600534358438133, ""learning_rate"": 0.0692462115346519, ""max_depth"": 2, ""min_child_samples"": 8, ""num_leaves"": 8, ""reg_lambda"": 12.265380708322454, ""subsample"": 0.6232205264865011, ""subsample_freq"": 1}"
0,4,16,0,0.3030942471591821,0.31949546241360655,0.06679392578242133,"{""colsample_bytree"": 0.6600534358438133, ""learning_rate"": 0.0692462115346519, ""max_depth"": 2, ""min_child_samples"": 8, ""num_leaves"": 8, ""reg_lambda"": 12.265380708322454, ""subsample"": 0.6232205264865011, ""subsample_freq"": 1}"
0,4,35,0,0.15056219782158786,0.1557645353916909,0.026753756779205256,"{""colsample_bytree"": 0.6600534358438133, ""learning_rate"": 0.0692462115346519, ""max_depth"": 2, ""min_child_samples"": 8, ""num_leaves"": 8, ""reg_lambda"": 12.265380708322454, ""subsample"": 0.6232205264865011, ""subsample_freq"": 1}"
0,4,36,1,0.7208191726906916,0.7508082058480057,0.0376740976262646,"{""colsample_bytree"": 0.6600534358438133, ""learning_rate"": 0.0692462115346519, ""max_depth"": 2, ""min_child_samples"": 8, ""num_leaves"": 8, ""reg_lambda"": 12.265380708322454, ""subsample"": 0.6232205264865011, ""subsample_freq"": 1}"
0,4,37,1,0.8001211338644886,0.7508277089880332,0.042661374864237274,"{""colsample_bytree"": 0.6600534358438133, ""learning_rate"": 0.0692462115346519, ""max_depth"": 2, ""min_child_samples"": 8, ""num_leaves"": 8, ""reg_lambda"": 12.265380708322454, ""subsample"": 0.6232205264865011, ""subsample_freq"": 1}"
0,4,38,1,0.7124088732795094,0.6987732872039036,0.04739528426978096,"{""colsample_bytree"": 0.6600534358438133, ""learning_rate"": 0.0692462115346519, ""max_depth"": 2, ""min_child_samples"": 8, ""num_leaves"": 8, ""reg_lambda"": 12.265380708322454, ""subsample"": 0.6232205264865011, ""subsample_freq"": 1}"
0,4,51,1,0.7204413617202825,0.6618703313925314,0.09001397070376062,"{""colsample_bytree"": 0.6600534358438133, ""learning_rate"": 0.0692462115346519, ""max_depth"": 2, ""min_child_samples"": 8, ""num_leaves"": 8, ""reg_lambda"": 12.265380708322454, ""subsample"": 0.6232205264865011, ""subsample_freq"": 1}"
0,4,57,1,0.9437777240553049,0.9272703934928016,0.016136456176872135,"{""colsample_bytree"": 0.6600534358438133, ""learning_rate"": 0.0692462115346519, ""max_depth"": 2, ""min_child_samples"": 8, ""num_leaves"": 8, ""reg_lambda"": 12.265380708322454, ""subsample"": 0.6232205264865011, ""subsample_freq"": 1}"
0,4,61,1,0.4090521318180619,0.37824631097342676,0.10393948067144682,"{""colsample_bytree"": 0.6600534358438133, ""learning_rate"": 0.0692462115346519, ""max_depth"": 2, ""min_child_samples"": 8, ""num_leaves"": 8, ""reg_lambda"": 12.265380708322454, ""subsample"": 0.6232205264865011, ""subsample_freq"": 1}"
0,4,64,0,0.18916003503054085,0.23953755739341873,0.04632735407888848,"{""colsample_bytree"": 0.6600534358438133, ""learning_rate"": 0.0692462115346519, ""max_depth"": 2, ""min_child_samples"": 8, ""num_leaves"": 8, ""reg_lambda"": 12.265380708322454, ""subsample"": 0.6232205264865011, ""subsample_freq"": 1}"
0,4,71,1,0.9003068074890688,0.8786390807153577,0.03215194699169357,"{""colsample_bytree"": 0.6600534358438133, ""learning_rate"": 0.0692462115346519, ""max_depth"": 2, ""min_child_samples"": 8, ""num_leaves"": 8, ""reg_lambda"": 12.265380708322454, ""subsample"": 0.6232205264865011, ""subsample_freq"": 1}"
0,4,76,1,0.8437347535000936,0.8065235811197328,0.051195284845653555,"{""colsample_bytree"": 0.6600534358438133, ""learning_rate"": 0.0692462115346519, ""max_depth"": 2, ""min_child_samples"": 8, ""num_leaves"": 8, ""reg_lambda"": 12.265380708322454, ""subsample"": 0.6232205264865011, ""subsample_freq"": 1}"
0,4,77,0,0.5460870382458578,0.5841979179204629,0.11884257808331866,"{""colsample_bytree"": 0.6600534358438133, ""learning_rate"": 0.0692462115346519, ""max_depth"": 2, ""min_child_samples"": 8, ""num_leaves"": 8, ""reg_lambda"": 12.265380708322454, ""subsample"": 0.6232205264865011, ""subsample_freq"": 1}"
0,4,83,1,0.714133119098877,0.7479189996906298,0.05548508899493627,"{""colsample_bytree"": 0.6600534358438133, ""learning_rate"": 0.0692462115346519, ""max_depth"": 2, ""min_child_samples"": 8, ""num_leaves"": 8, ""reg_lambda"": 12.265380708322454, ""subsample"": 0.6232205264865011, ""subsample_freq"": 1}"
0,4,84,0,0.8852583965869664,0.8655412445355818,0.023591152024352146,"{""colsample_bytree"": 0.6600534358438133, ""learning_rate"": 0.0692462115346519, ""max_depth"": 2, ""min_child_samples"": 8, ""num_leaves"": 8, ""reg_lambda"": 12.265380708322454, ""subsample"": 0.6232205264865011, ""subsample_freq"": 1}"
0,4,85,0,0.405053242315188,0.3890807731465153,0.0606091369735733,"{""colsample_bytree"": 0.6600534358438133, ""learning_rate"": 0.0692462115346519, ""max_depth"": 2, ""min_child_samples"": 8, ""num_leaves"": 8, ""reg_lambda"": 12.265380708322454, ""subsample"": 0.6232205264865011, ""subsample_freq"": 1}"
0,4,88,0,0.8994899883867732,0.8819675952950323,0.05359687636506292,"{""colsample_bytree"": 0.6600534358438133, ""learning_rate"": 0.0692462115346519, ""max_depth"": 2, ""min_child_samples"": 8, ""num_leaves"": 8, ""reg_lambda"": 12.265380708322454, ""subsample"": 0.6232205264865011, ""subsample_freq"": 1}"
0,4,95,1,0.9514663412023172,0.9292889866622097,0.010642250112325613,"{""colsample_bytree"": 0.6600534358438133, ""learning_rate"": 0.0692462115346519, ""max_depth"": 2, ""min_child_samples"": 8, ""num_leaves"": 8, ""reg_lambda"": 12.265380708322454, ""subsample"": 0.6232205264865011, ""subsample_freq"": 1}"
0,4,98,1,0.910369596469748,0.8925614451841648,0.033636059601150174,"{""colsample_bytree"": 0.6600534358438133, ""learning_rate"": 0.0692462115346519, ""max_depth"": 2, ""min_child_samples"": 8, ""num_leaves"": 8, ""reg_lambda"": 12.265380708322454, ""subsample"": 0.6232205264865011, ""subsample_freq"": 1}"
0,4,103,1,0.9524496717297573,0.9320008870468109,0.0141964294941633,"{""colsample_bytree"": 0.6600534358438133, ""learning_rate"": 0.0692462115346519, ""max_depth"": 2, ""min_child_samples"": 8, ""num_leaves"": 8, ""reg_lambda"": 12.265380708322454, ""subsample"": 0.6232205264865011, ""subsample_freq"": 1}"
0,4,110,0,0.1837091584448843,0.23060011399175692,0.08818386096092175,"{""colsample_bytree"": 0.6600534358438133, ""learning_rate"": 0.0692462115346519, ""max_depth"": 2, ""min_child_samples"": 8, ""num_leaves"": 8, ""reg_lambda"": 12.265380708322454, ""subsample"": 0.6232205264865011, ""subsample_freq"": 1}"
0,4,111,1,0.7224425021798805,0.7126964975295659,0.051254202298337166,"{""colsample_bytree"": 0.6600534358438133, ""learning_rate"": 0.0692462115346519, ""max_depth"": 2, ""min_child_samples"": 8, ""num_leaves"": 8, ""reg_lambda"": 12.265380708322454, ""subsample"": 0.6232205264865011, ""subsample_freq"": 1}"
0,4,117,1,0.8601801846199657,0.8514679937294474,0.02281759250331345,"{""colsample_bytree"": 0.6600534358438133, ""learning_rate"": 0.0692462115346519, ""max_depth"": 2, ""min_child_samples"": 8, ""num_leaves"": 8, ""reg_lambda"": 12.265380708322454, ""subsample"": 0.6232205264865011, ""subsample_freq"": 1}"
0,4,137,0,0.0900575868491533,0.11009326980331027,0.04581982975523313,"{""colsample_bytree"": 0.6600534358438133, ""learning_rate"": 0.0692462115346519, ""max_depth"": 2, ""min_child_samples"": 8, ""num_leaves"": 8, ""reg_lambda"": 12.265380708322454, ""subsample"": 0.6232205264865011, ""subsample_freq"": 1}"
0,4,147,1,0.5663924306340136,0.662320939910869,0.08477157147052651,"{""colsample_bytree"": 0.6600534358438133, ""learning_rate"": 0.0692462115346519, ""max_depth"": 2, ""min_child_samples"": 8, ""num_leaves"": 8, ""reg_lambda"": 12.265380708322454, ""subsample"": 0.6232205264865011, ""subsample_freq"": 1}"
0,4,148,1,0.651576915230352,0.6458517352718932,0.07222922106759101,"{""colsample_bytree"": 0.6600534358438133, ""learning_rate"": 0.0692462115346519, ""max_depth"": 2, ""min_child_samples"": 8, ""num_leaves"": 8, ""reg_lambda"": 12.265380708322454, ""subsample"": 0.6232205264865011, ""subsample_freq"": 1}"
0,4,156,1,0.7071178119987402,0.7431141655320037,0.041807060877616625,"{""colsample_bytree"": 0.6600534358438133, ""learning_rate"": 0.0692462115346519, ""max_depth"": 2, ""min_child_samples"": 8, ""num_leaves"": 8, ""reg_lambda"": 12.265380708322454, ""subsample"": 0.6232205264865011, ""subsample_freq"": 1}"
0,4,167,1,0.7762150076473439,0.7538413842166543,0.08522337845415041,"{""colsample_bytree"": 0.6600534358438133, ""learning_rate"": 0.0692462115346519, ""max_depth"": 2, ""min_child_samples"": 8, ""num_leaves"": 8, ""reg_lambda"": 12.265380708322454, ""subsample"": 0.6232205264865011, ""subsample_freq"": 1}"
0,4,177,1,0.9052553655053835,0.8444865729909641,0.03765230071719816,"{""colsample_bytree"": 0.6600534358438133, ""learning_rate"": 0.0692462115346519, ""max_depth"": 2, ""min_child_samples"": 8, ""num_leaves"": 8, ""reg_lambda"": 12.265380708322454, ""subsample"": 0.6232205264865011, ""subsample_freq"": 1}"
0,4,180,1,0.5026568951232134,0.5686555022180529,0.08297277546008716,"{""colsample_bytree"": 0.6600534358438133, ""learning_rate"": 0.0692462115346519, ""max_depth"": 2, ""min_child_samples"": 8, ""num_leaves"": 8, ""reg_lambda"": 12.265380708322454, ""subsample"": 0.6232205264865011, ""subsample_freq"": 1}"
0,4,190,0,0.8512377760651123,0.7774358454422399,0.061108787280717454,"{""colsample_bytree"": 0.6600534358438133, ""learning_rate"": 0.0692462115346519, ""max_depth"": 2, ""min_child_samples"": 8, ""num_leaves"": 8, ""reg_lambda"": 12.265380708322454, ""subsample"": 0.6232205264865011, ""subsample_freq"": 1}"
0,4,199,0,0.22779129207259147,0.2966421695603083,0.07112714080052747,"{""colsample_bytree"": 0.6600534358438133, ""learning_rate"": 0.0692462115346519, ""max_depth"": 2, ""min_child_samples"": 8, ""num_leaves"": 8, ""reg_lambda"": 12.265380708322454, ""subsample"": 0.6232205264865011, ""subsample_freq"": 1}"
0,4,208,1,0.5736907856364665,0.5245239138727756,0.07914352832697695,"{""colsample_bytree"": 0.6600534358438133, ""learning_rate"": 0.0692462115346519, ""max_depth"": 2, ""min_child_samples"": 8, ""num_leaves"": 8, ""reg_lambda"": 12.265380708322454, ""subsample"": 0.6232205264865011, ""subsample_freq"": 1}"
0,4,209,1,0.7079053915484564,0.7065062198417535,0.06904564859667686,"{""colsample_bytree"": 0.6600534358438133, ""learning_rate"": 0.0692462115346519, ""max_depth"": 2, ""min_child_samples"": 8, ""num_leaves"": 8, ""reg_lambda"": 12.265380708322454, ""subsample"": 0.6232205264865011, ""subsample_freq"": 1}"
0,4,214,0,0.8896173062892603,0.8687860030626204,0.02750035646200308,"{""colsample_bytree"": 0.6600534358438133, ""learning_rate"": 0.0692462115346519, ""max_depth"": 2, ""min_child_samples"": 8, ""num_leaves"": 8, ""reg_lambda"": 12.265380708322454, ""subsample"": 0.6232205264865011, ""subsample_freq"": 1}"
0,4,216,0,0.6463329611370505,0.6318959138223882,0.09767516134133755,"{""colsample_bytree"": 0.6600534358438133, ""learning_rate"": 0.0692462115346519, ""max_depth"": 2, ""min_child_samples"": 8, ""num_leaves"": 8, ""reg_lambda"": 12.265380708322454, ""subsample"": 0.6232205264865011, ""subsample_freq"": 1}"
0,4,217,0,0.2359403374060595,0.2946599536043764,0.07841081502558847,"{""colsample_bytree"": 0.6600534358438133, ""learning_rate"": 0.0692462115346519, ""max_depth"": 2, ""min_child_samples"": 8, ""num_leaves"": 8, ""reg_lambda"": 12.265380708322454, ""subsample"": 0.6232205264865011, ""subsample_freq"": 1}"
0,4,221,1,0.5832313438443295,0.6773835339146889,0.05875893360027783,"{""colsample_bytree"": 0.6600534358438133, ""learning_rate"": 0.0692462115346519, ""max_depth"": 2, ""min_child_samples"": 8, ""num_leaves"": 8, ""reg_lambda"": 12.265380708322454, ""subsample"": 0.6232205264865011, ""subsample_freq"": 1}"
0,4,226,1,0.783208124879228,0.7784108439662365,0.035981467210969155,"{""colsample_bytree"": 0.6600534358438133, ""learning_rate"": 0.0692462115346519, ""max_depth"": 2, ""min_child_samples"": 8, ""num_leaves"": 8, ""reg_lambda"": 12.265380708322454, ""subsample"": 0.6232205264865011, ""subsample_freq"": 1}"
0,4,228,1,0.576097076174632,0.5422192012571144,0.06411690301638365,"{""colsample_bytree"": 0.6600534358438133, ""learning_rate"": 0.0692462115346519, ""max_depth"": 2, ""min_child_samples"": 8, ""num_leaves"": 8, ""reg_lambda"": 12.265380708322454, ""subsample"": 0.6232205264865011, ""subsample_freq"": 1}"
0,4,229,1,0.4454582589905266,0.5099325597475344,0.05438313065166562,"{""colsample_bytree"": 0.6600534358438133, ""learning_rate"": 0.0692462115346519, ""max_depth"": 2, ""min_child_samples"": 8, ""num_leaves"": 8, ""reg_lambda"": 12.265380708322454, ""subsample"": 0.6232205264865011, ""subsample_freq"": 1}"
0,4,237,1,0.5489610150133942,0.5892179117688492,0.08840079184162578,"{""colsample_bytree"": 0.6600534358438133, ""learning_rate"": 0.0692462115346519, ""max_depth"": 2, ""min_child_samples"": 8, ""num_leaves"": 8, ""reg_lambda"": 12.265380708322454, ""subsample"": 0.6232205264865011, ""subsample_freq"": 1}"
0,4,244,1,0.26569607895859243,0.323565158461456,0.04275691189920683,"{""colsample_bytree"": 0.6600534358438133, ""learning_rate"": 0.0692462115346519, ""max_depth"": 2, ""min_child_samples"": 8, ""num_leaves"": 8, ""reg_lambda"": 12.265380708322454, ""subsample"": 0.6232205264865011, ""subsample_freq"": 1}"
0,4,248,1,0.9417111843690028,0.9150694745554124,0.019916378817168536,"{""colsample_bytree"": 0.6600534358438133, ""learning_rate"": 0.0692462115346519, ""max_depth"": 2, ""min_child_samples"": 8, ""num_leaves"": 8, ""reg_lambda"": 12.265380708322454, ""subsample"": 0.6232205264865011, ""subsample_freq"": 1}"
0,4,249,1,0.8990984277001229,0.8561617578181304,0.01130954767057322,"{""colsample_bytree"": 0.6600534358438133, ""learning_rate"": 0.0692462115346519, ""max_depth"": 2, ""min_child_samples"": 8, ""num_leaves"": 8, ""reg_lambda"": 12.265380708322454, ""subsample"": 0.6232205264865011, ""subsample_freq"": 1}"
0,4,252,1,0.7604108261287771,0.707612568736708,0.0774020991099408,"{""colsample_bytree"": 0.6600534358438133, ""learning_rate"": 0.0692462115346519, ""max_depth"": 2, ""min_child_samples"": 8, ""num_leaves"": 8, ""reg_lambda"": 12.265380708322454, ""subsample"": 0.6232205264865011, ""subsample_freq"": 1}"
0,4,254,0,0.48843401181369395,0.5731039364057529,0.07774932100370266,"{""colsample_bytree"": 0.6600534358438133, ""learning_rate"": 0.0692462115346519, ""max_depth"": 2, ""min_child_samples"": 8, ""num_leaves"": 8, ""reg_lambda"": 12.265380708322454, ""subsample"": 0.6232205264865011, ""subsample_freq"": 1}"
0,4,255,0,0.06333361704244495,0.1071929077266485,0.033152946129788516,"{""colsample_bytree"": 0.6600534358438133, ""learning_rate"": 0.0692462115346519, ""max_depth"": 2, ""min_child_samples"": 8, ""num_leaves"": 8, ""reg_lambda"": 12.265380708322454, ""subsample"": 0.6232205264865011, ""subsample_freq"": 1}"
0,4,258,0,0.08486231309168119,0.13020439422954497,0.035989739352536756,"{""colsample_bytree"": 0.6600534358438133, ""learning_rate"": 0.0692462115346519, ""max_depth"": 2, ""min_child_samples"": 8, ""num_leaves"": 8, ""reg_lambda"": 12.265380708322454, ""subsample"": 0.6232205264865011, ""subsample_freq"": 1}"
0,4,259,1,0.575513784128222,0.5753841161489721,0.05227586629595117,"{""colsample_bytree"": 0.6600534358438133, ""learning_rate"": 0.0692462115346519, ""max_depth"": 2, ""min_child_samples"": 8, ""num_leaves"": 8, ""reg_lambda"": 12.265380708322454, ""subsample"": 0.6232205264865011, ""subsample_freq"": 1}"
0,4,265,0,0.6299161417984219,0.6508286800794298,0.03277105079279051,"{""colsample_bytree"": 0.6600534358438133, ""learning_rate"": 0.0692462115346519, ""max_depth"": 2, ""min_child_samples"": 8, ""num_leaves"": 8, ""reg_lambda"": 12.265380708322454, ""subsample"": 0.6232205264865011, ""subsample_freq"": 1}"
0,4,268,0,0.617285048438205,0.5491030781328724,0.0927856542740314,"{""colsample_bytree"": 0.6600534358438133, ""learning_rate"": 0.0692462115346519, ""max_depth"": 2, ""min_child_samples"": 8, ""num_leaves"": 8, ""reg_lambda"": 12.265380708322454, ""subsample"": 0.6232205264865011, ""subsample_freq"": 1}"
0,4,274,1,0.9596112676145456,0.9588515273388231,0.008976438974908756,"{""colsample_bytree"": 0.6600534358438133, ""learning_rate"": 0.0692462115346519, ""max_depth"": 2, ""min_child_samples"": 8, ""num_leaves"": 8, ""reg_lambda"": 12.265380708322454, ""subsample"": 0.6232205264865011, ""subsample_freq"": 1}"
0,4,284,0,0.47985946208633345,0.48297024977765035,0.07352384646345753,"{""colsample_bytree"": 0.6600534358438133, ""learning_rate"": 0.0692462115346519, ""max_depth"": 2, ""min_child_samples"": 8, ""num_leaves"": 8, ""reg_lambda"": 12.265380708322454, ""subsample"": 0.6232205264865011, ""subsample_freq"": 1}"
0,4,288,0,0.3719854950803984,0.41713109560782724,0.09322601824032384,"{""colsample_bytree"": 0.6600534358438133, ""learning_rate"": 0.0692462115346519, ""max_depth"": 2, ""min_child_samples"": 8, ""num_leaves"": 8, ""reg_lambda"": 12.265380708322454, ""subsample"": 0.6232205264865011, ""subsample_freq"": 1}"
0,4,293,0,0.22425290427652098,0.2648740160238702,0.07834217344138075,"{""colsample_bytree"": 0.6600534358438133, ""learning_rate"": 0.0692462115346519, ""max_depth"": 2, ""min_child_samples"": 8, ""num_leaves"": 8, ""reg_lambda"": 12.265380708322454, ""subsample"": 0.6232205264865011, ""subsample_freq"": 1}"
0,4,296,0,0.2029053472130645,0.23996840602690278,0.06280181664450164,"{""colsample_bytree"": 0.6600534358438133, ""learning_rate"": 0.0692462115346519, ""max_depth"": 2, ""min_child_samples"": 8, ""num_leaves"": 8, ""reg_lambda"": 12.265380708322454, ""subsample"": 0.6232205264865011, ""subsample_freq"": 1}"
0,4,299,0,0.24633881295213392,0.23085217773691724,0.05838951831484922,"{""colsample_bytree"": 0.6600534358438133, ""learning_rate"": 0.0692462115346519, ""max_depth"": 2, ""min_child_samples"": 8, ""num_leaves"": 8, ""reg_lambda"": 12.265380708322454, ""subsample"": 0.6232205264865011, ""subsample_freq"": 1}"
0,4,300,0,0.06787392171021576,0.08654936249305001,0.03372647030003588,"{""colsample_bytree"": 0.6600534358438133, ""learning_rate"": 0.0692462115346519, ""max_depth"": 2, ""min_child_samples"": 8, ""num_leaves"": 8, ""reg_lambda"": 12.265380708322454, ""subsample"": 0.6232205264865011, ""subsample_freq"": 1}"
1,0,4,0,0.39283951871954387,0.311217173778253,0.08070978369577318,"{""colsample_bytree"": 0.46465104731271417, ""learning_rate"": 0.013071588935967722, ""max_depth"": 4, ""min_child_samples"": 11, ""num_leaves"": 14, ""reg_lambda"": 1.5251604691039577, ""subsample"": 0.8110607319958272, ""subsample_freq"": 1}"
1,0,8,0,0.2245905186935689,0.1627977677394052,0.04664429715583663,"{""colsample_bytree"": 0.46465104731271417, ""learning_rate"": 0.013071588935967722, ""max_depth"": 4, ""min_child_samples"": 11, ""num_leaves"": 14, ""reg_lambda"": 1.5251604691039577, ""subsample"": 0.8110607319958272, ""subsample_freq"": 1}"
1,0,13,1,0.6599858216994325,0.6904541849625281,0.06236908674973656,"{""colsample_bytree"": 0.46465104731271417, ""learning_rate"": 0.013071588935967722, ""max_depth"": 4, ""min_child_samples"": 11, ""num_leaves"": 14, ""reg_lambda"": 1.5251604691039577, ""subsample"": 0.8110607319958272, ""subsample_freq"": 1}"
1,0,14,1,0.35980284834026555,0.40035111740560786,0.12926184921807213,"{""colsample_bytree"": 0.46465104731271417, ""learning_rate"": 0.013071588935967722, ""max_depth"": 4, ""min_child_samples"": 11, ""num_leaves"": 14, ""reg_lambda"": 1.5251604691039577, ""subsample"": 0.8110607319958272, ""subsample_freq"": 1}"
1,0,21,1,0.6345251068695253,0.6499444616504555,0.09249103796167785,"{""colsample_bytree"": 0.46465104731271417, ""learning_rate"": 0.013071588935967722, ""max_depth"": 4, ""min_child_samples"": 11, ""num_leaves"": 14, ""reg_lambda"": 1.5251604691039577, ""subsample"": 0.8110607319958272, ""subsample_freq"": 1}"
1,0,25,1,0.9093863302999732,0.932165944772518,0.02875404130484261,"{""colsample_bytree"": 0.46465104731271417, ""learning_rate"": 0.013071588935967722, ""max_depth"": 4, ""min_child_samples"": 11, ""num_leaves"": 14, ""reg_lambda"": 1.5251604691039577, ""subsample"": 0.8110607319958272, ""subsample_freq"": 1}"
1,0,32,1,0.747690962303952,0.7443707812629863,0.08257290515033813,"{""colsample_bytree"": 0.46465104731271417, ""learning_rate"": 0.013071588935967722, ""max_depth"": 4, ""min_child_samples"": 11, ""num_leaves"": 14, ""reg_lambda"": 1.5251604691039577, ""subsample"": 0.8110607319958272, ""subsample_freq"": 1}"
1,0,37,1,0.6012944377980518,0.5579262316699494,0.06833999884313639,"{""colsample_bytree"": 0.46465104731271417, ""learning_rate"": 0.013071588935967722, ""max_depth"": 4, ""min_child_samples"": 11, ""num_leaves"": 14, ""reg_lambda"": 1.5251604691039577, ""subsample"": 0.8110607319958272, ""subsample_freq"": 1}"
1,0,55,1,0.8658189373894937,0.898819129959846,0.04479164228599956,"{""colsample_bytree"": 0.46465104731271417, ""learning_rate"": 0.013071588935967722, ""max_depth"": 4, ""min_child_samples"": 11, ""num_leaves"": 14, ""reg_lambda"": 1.5251604691039577, ""subsample"": 0.8110607319958272, ""subsample_freq"": 1}"
1,0,56,1,0.5788839952512338,0.5797838804769363,0.11790997045545018,"{""colsample_bytree"": 0.46465104731271417, ""learning_rate"": 0.013071588935967722, ""max_depth"": 4, ""min_child_samples"": 11, ""num_leaves"": 14, ""reg_lambda"": 1.5251604691039577, ""subsample"": 0.8110607319958272, ""subsample_freq"": 1}"
1,0,70,0,0.13780499149708889,0.09430424146138083,0.04459109988939609,"{""colsample_bytree"": 0.46465104731271417, ""learning_rate"": 0.013071588935967722, ""max_depth"": 4, ""min_child_samples"": 11, ""num_leaves"": 14, ""reg_lambda"": 1.5251604691039577, ""subsample"": 0.8110607319958272, ""subsample_freq"": 1}"
1,0,71,1,0.783660161870965,0.8463463108523317,0.055984539858180325,"{""colsample_bytree"": 0.46465104731271417, ""learning_rate"": 0.013071588935967722, ""max_depth"": 4, ""min_child_samples"": 11, ""num_leaves"": 14, ""reg_lambda"": 1.5251604691039577, ""subsample"": 0.8110607319958272, ""subsample_freq"": 1}"
1,0,73,0,0.5682550647557131,0.5792401432071588,0.07806033690989811,"{""colsample_bytree"": 0.46465104731271417, ""learning_rate"": 0.013071588935967722, ""max_depth"": 4, ""min_child_samples"": 11, ""num_leaves"": 14, ""reg_lambda"": 1.5251604691039577, ""subsample"": 0.8110607319958272, ""subsample_freq"": 1}"
1,0,84,0,0.8123759719387194,0.8426605829652498,0.01234852738822377,"{""colsample_bytree"": 0.46465104731271417, ""learning_rate"": 0.013071588935967722, ""max_depth"": 4, ""min_child_samples"": 11, ""num_leaves"": 14, ""reg_lambda"": 1.5251604691039577, ""subsample"": 0.8110607319958272, ""subsample_freq"": 1}"
1,0,91,0,0.2786092906404747,0.21661324270645316,0.07949232382088031,"{""colsample_bytree"": 0.46465104731271417, ""learning_rate"": 0.013071588935967722, ""max_depth"": 4, ""min_child_samples"": 11, ""num_leaves"": 14, ""reg_lambda"": 1.5251604691039577, ""subsample"": 0.8110607319958272, ""subsample_freq"": 1}"
1,0,94,1,0.8834119375680142,0.8756702304154033,0.05486791810893424,"{""colsample_bytree"": 0.46465104731271417, ""learning_rate"": 0.013071588935967722, ""max_depth"": 4, ""min_child_samples"": 11, ""num_leaves"": 14, ""reg_lambda"": 1.5251604691039577, ""subsample"": 0.8110607319958272, ""subsample_freq"": 1}"
1,0,108,0,0.24099174308862503,0.16893022192690194,0.05103240519707495,"{""colsample_bytree"": 0.46465104731271417, ""learning_rate"": 0.013071588935967722, ""max_depth"": 4, ""min_child_samples"": 11, ""num_leaves"": 14, ""reg_lambda"": 1.5251604691039577, ""subsample"": 0.8110607319958272, ""subsample_freq"": 1}"
1,0,122,0,0.6714623060576882,0.6730014755515749,0.031195103331561055,"{""colsample_bytree"": 0.46465104731271417, ""learning_rate"": 0.013071588935967722, ""max_depth"": 4, ""min_child_samples"": 11, ""num_leaves"": 14, ""reg_lambda"": 1.5251604691039577, ""subsample"": 0.8110607319958272, ""subsample_freq"": 1}"
1,0,127,1,0.8505290055990095,0.8992056204414501,0.036835266562996405,"{""colsample_bytree"": 0.46465104731271417, ""learning_rate"": 0.013071588935967722, ""max_depth"": 4, ""min_child_samples"": 11, ""num_leaves"": 14, ""reg_lambda"": 1.5251604691039577, ""subsample"": 0.8110607319958272, ""subsample_freq"": 1}"
1,0,130,0,0.27876220221235304,0.23045399882317658,0.036078905907622145,"{""colsample_bytree"": 0.46465104731271417, ""learning_rate"": 0.013071588935967722, ""max_depth"": 4, ""min_child_samples"": 11, ""num_leaves"": 14, ""reg_lambda"": 1.5251604691039577, ""subsample"": 0.8110607319958272, ""subsample_freq"": 1}"
1,0,131,1,0.9037567089749751,0.9318754294244975,0.01586504575590171,"{""colsample_bytree"": 0.46465104731271417, ""learning_rate"": 0.013071588935967722, ""max_depth"": 4, ""min_child_samples"": 11, ""num_leaves"": 14, ""reg_lambda"": 1.5251604691039577, ""subsample"": 0.8110607319958272, ""subsample_freq"": 1}"
1,0,132,1,0.8867460249429878,0.9049345454469488,0.0300875862808403,"{""colsample_bytree"": 0.46465104731271417, ""learning_rate"": 0.013071588935967722, ""max_depth"": 4, ""min_child_samples"": 11, ""num_leaves"": 14, ""reg_lambda"": 1.5251604691039577, ""subsample"": 0.8110607319958272, ""subsample_freq"": 1}"
1,0,133,0,0.5108646855532868,0.46740904791558935,0.04662160786708576,"{""colsample_bytree"": 0.46465104731271417, ""learning_rate"": 0.013071588935967722, ""max_depth"": 4, ""min_child_samples"": 11, ""num_leaves"": 14, ""reg_lambda"": 1.5251604691039577, ""subsample"": 0.8110607319958272, ""subsample_freq"": 1}"
1,0,138,1,0.7385085868126803,0.7384207978994826,0.09558965228512473,"{""colsample_bytree"": 0.46465104731271417, ""learning_rate"": 0.013071588935967722, ""max_depth"": 4, ""min_child_samples"": 11, ""num_leaves"": 14, ""reg_lambda"": 1.5251604691039577, ""subsample"": 0.8110607319958272, ""subsample_freq"": 1}"
1,0,140,1,0.8526292805794289,0.8476647021242159,0.05131536536456856,"{""colsample_bytree"": 0.46465104731271417, ""learning_rate"": 0.013071588935967722, ""max_depth"": 4, ""min_child_samples"": 11, ""num_leaves"": 14, ""reg_lambda"": 1.5251604691039577, ""subsample"": 0.8110607319958272, ""subsample_freq"": 1}"
1,0,142,1,0.3027182040364679,0.24130415644470588,0.044924780079786265,"{""colsample_bytree"": 0.46465104731271417, ""learning_rate"": 0.013071588935967722, ""max_depth"": 4, ""min_child_samples"": 11, ""num_leaves"": 14, ""reg_lambda"": 1.5251604691039577, ""subsample"": 0.8110607319958272, ""subsample_freq"": 1}"
1,0,145,0,0.6381653243983277,0.6766967929691265,0.03833132862215107,"{""colsample_bytree"": 0.46465104731271417, ""learning_rate"": 0.013071588935967722, ""max_depth"": 4, ""min_child_samples"": 11, ""num_leaves"": 14, ""reg_lambda"": 1.5251604691039577, ""subsample"": 0.8110607319958272, ""subsample_freq"": 1}"
1,0,146,1,0.90594684171771,0.9150781072431406,0.022851462681545937,"{""colsample_bytree"": 0.46465104731271417, ""learning_rate"": 0.013071588935967722, ""max_depth"": 4, ""min_child_samples"": 11, ""num_leaves"": 14, ""reg_lambda"": 1.5251604691039577, ""subsample"": 0.8110607319958272, ""subsample_freq"": 1}"
1,0,152,1,0.35857722882341103,0.29780692123521313,0.07608729729888764,"{""colsample_bytree"": 0.46465104731271417, ""learning_rate"": 0.013071588935967722, ""max_depth"": 4, ""min_child_samples"": 11, ""num_leaves"": 14, ""reg_lambda"": 1.5251604691039577, ""subsample"": 0.8110607319958272, ""subsample_freq"": 1}"
1,0,162,1,0.8107723470794567,0.8048899896676185,0.06623684754690728,"{""colsample_bytree"": 0.46465104731271417, ""learning_rate"": 0.013071588935967722, ""max_depth"": 4, ""min_child_samples"": 11, ""num_leaves"": 14, ""reg_lambda"": 1.5251604691039577, ""subsample"": 0.8110607319958272, ""subsample_freq"": 1}"
1,0,166,0,0.20204598573519758,0.13465543352985768,0.06253441506171127,"{""colsample_bytree"": 0.46465104731271417, ""learning_rate"": 0.013071588935967722, ""max_depth"": 4, ""min_child_samples"": 11, ""num_leaves"": 14, ""reg_lambda"": 1.5251604691039577, ""subsample"": 0.8110607319958272, ""subsample_freq"": 1}"
1,0,171,1,0.7244618349523236,0.686665550595466,0.03540350036242466,"{""colsample_bytree"": 0.46465104731271417, ""learning_rate"": 0.013071588935967722, ""max_depth"": 4, ""min_child_samples"": 11, ""num_leaves"": 14, ""reg_lambda"": 1.5251604691039577, ""subsample"": 0.8110607319958272, ""subsample_freq"": 1}"
1,0,176,1,0.26826824125931187,0.19830637653489866,0.04299259245349658,"{""colsample_bytree"": 0.46465104731271417, ""learning_rate"": 0.013071588935967722, ""max_depth"": 4, ""min_child_samples"": 11, ""num_leaves"": 14, ""reg_lambda"": 1.5251604691039577, ""subsample"": 0.8110607319958272, ""subsample_freq"": 1}"
1,0,179,0,0.23460131718061616,0.16857965598560404,0.036148108413625264,"{""colsample_bytree"": 0.46465104731271417, ""learning_rate"": 0.013071588935967722, ""max_depth"": 4, ""min_child_samples"": 11, ""num_leaves"": 14, ""reg_lambda"": 1.5251604691039577, ""subsample"": 0.8110607319958272, ""subsample_freq"": 1}"
1,0,180,1,0.33996507586029845,0.24180807285168107,0.06011514658177434,"{""colsample_bytree"": 0.46465104731271417, ""learning_rate"": 0.013071588935967722, ""max_depth"": 4, ""min_child_samples"": 11, ""num_leaves"": 14, ""reg_lambda"": 1.5251604691039577, ""subsample"": 0.8110607319958272, ""subsample_freq"": 1}"
1,0,194,0,0.16583106833332242,0.11933541798524043,0.0518497469862785,"{""colsample_bytree"": 0.46465104731271417, ""learning_rate"": 0.013071588935967722, ""max_depth"": 4, ""min_child_samples"": 11, ""num_leaves"": 14, ""reg_lambda"": 1.5251604691039577, ""subsample"": 0.8110607319958272, ""subsample_freq"": 1}"
1,0,200,1,0.682155200673912,0.6920702400349471,0.07882638974807898,"{""colsample_bytree"": 0.46465104731271417, ""learning_rate"": 0.013071588935967722, ""max_depth"": 4, ""min_child_samples"": 11, ""num_leaves"": 14, ""reg_lambda"": 1.5251604691039577, ""subsample"": 0.8110607319958272, ""subsample_freq"": 1}"
1,0,202,1,0.8070796873410203,0.863712073010061,0.02319631473941671,"{""colsample_bytree"": 0.46465104731271417, ""learning_rate"": 0.013071588935967722, ""max_depth"": 4, ""min_child_samples"": 11, ""num_leaves"": 14, ""reg_lambda"": 1.5251604691039577, ""subsample"": 0.8110607319958272, ""subsample_freq"": 1}"
1,0,203,0,0.29329205893554106,0.23373933958633525,0.07010474665269867,"{""colsample_bytree"": 0.46465104731271417, ""learning_rate"": 0.013071588935967722, ""max_depth"": 4, ""min_child_samples"": 11, ""num_leaves"": 14, ""reg_lambda"": 1.5251604691039577, ""subsample"": 0.8110607319958272, ""subsample_freq"": 1}"
1,0,212,0,0.14573121231190939,0.09364825060060543,0.03921350481995843,"{""colsample_bytree"": 0.46465104731271417, ""learning_rate"": 0.013071588935967722, ""max_depth"": 4, ""min_child_samples"": 11, ""num_leaves"": 14, ""reg_lambda"": 1.5251604691039577, ""subsample"": 0.8110607319958272, ""subsample_freq"": 1}"
1,0,220,1,0.6112031451136928,0.6573267726929046,0.0837340692680132,"{""colsample_bytree"": 0.46465104731271417, ""learning_rate"": 0.013071588935967722, ""max_depth"": 4, ""min_child_samples"": 11, ""num_leaves"": 14, ""reg_lambda"": 1.5251604691039577, ""subsample"": 0.8110607319958272, ""subsample_freq"": 1}"
1,0,224,1,0.8489207007676395,0.8909716452886307,0.03515579055957792,"{""colsample_bytree"": 0.46465104731271417, ""learning_rate"": 0.013071588935967722, ""max_depth"": 4, ""min_child_samples"": 11, ""num_leaves"": 14, ""reg_lambda"": 1.5251604691039577, ""subsample"": 0.8110607319958272, ""subsample_freq"": 1}"
1,0,225,0,0.49710281812023904,0.47393482253342023,0.08797361280413057,"{""colsample_bytree"": 0.46465104731271417, ""learning_rate"": 0.013071588935967722, ""max_depth"": 4, ""min_child_samples"": 11, ""num_leaves"": 14, ""reg_lambda"": 1.5251604691039577, ""subsample"": 0.8110607319958272, ""subsample_freq"": 1}"
1,0,228,1,0.6175719021389506,0.5995469957693657,0.09909371237025309,"{""colsample_bytree"": 0.46465104731271417, ""learning_rate"": 0.013071588935967722, ""max_depth"": 4, ""min_child_samples"": 11, ""num_leaves"": 14, ""reg_lambda"": 1.5251604691039577, ""subsample"": 0.8110607319958272, ""subsample_freq"": 1}"
1,0,230,1,0.8629136158761437,0.8958912500268623,0.03008432887289723,"{""colsample_bytree"": 0.46465104731271417, ""learning_rate"": 0.013071588935967722, ""max_depth"": 4, ""min_child_samples"": 11, ""num_leaves"": 14, ""reg_lambda"": 1.5251604691039577, ""subsample"": 0.8110607319958272, ""subsample_freq"": 1}"
1,0,232,1,0.8280015728538873,0.8632065034904771,0.03941580798494765,"{""colsample_bytree"": 0.46465104731271417, ""learning_rate"": 0.013071588935967722, ""max_depth"": 4, ""min_child_samples"": 11, ""num_leaves"": 14, ""reg_lambda"": 1.5251604691039577, ""subsample"": 0.8110607319958272, ""subsample_freq"": 1}"
1,0,238,1,0.20946370530236494,0.14777550809851808,0.05036628091265684,"{""colsample_bytree"": 0.46465104731271417, ""learning_rate"": 0.013071588935967722, ""max_depth"": 4, ""min_child_samples"": 11, ""num_leaves"": 14, ""reg_lambda"": 1.5251604691039577, ""subsample"": 0.8110607319958272, ""subsample_freq"": 1}"
1,0,240,1,0.9015412848052381,0.926048277396142,0.026961540001629303,"{""colsample_bytree"": 0.46465104731271417, ""learning_rate"": 0.013071588935967722, ""max_depth"": 4, ""min_child_samples"": 11, ""num_leaves"": 14, ""reg_lambda"": 1.5251604691039577, ""subsample"": 0.8110607319958272, ""subsample_freq"": 1}"
1,0,244,1,0.31559336148314493,0.2813624888170965,0.10772520274657663,"{""colsample_bytree"": 0.46465104731271417, ""learning_rate"": 0.013071588935967722, ""max_depth"": 4, ""min_child_samples"": 11, ""num_leaves"": 14, ""reg_lambda"": 1.5251604691039577, ""subsample"": 0.8110607319958272, ""subsample_freq"": 1}"
1,0,245,1,0.5405041658121346,0.46036319620915,0.056139800016330114,"{""colsample_bytree"": 0.46465104731271417, ""learning_rate"": 0.013071588935967722, ""max_depth"": 4, ""min_child_samples"": 11, ""num_leaves"": 14, ""reg_lambda"": 1.5251604691039577, ""subsample"": 0.8110607319958272, ""subsample_freq"": 1}"
1,0,251,1,0.3650016431037015,0.3125315665185146,0.025156192059925357,"{""colsample_bytree"": 0.46465104731271417, ""learning_rate"": 0.013071588935967722, ""max_depth"": 4, ""min_child_samples"": 11, ""num_leaves"": 14, ""reg_lambda"": 1.5251604691039577, ""subsample"": 0.8110607319958272, ""subsample_freq"": 1}"
1,0,270,0,0.11394949056750715,0.07834024906444398,0.029311983116834684,"{""colsample_bytree"": 0.46465104731271417, ""learning_rate"": 0.013071588935967722, ""max_depth"": 4, ""min_child_samples"": 11, ""num_leaves"": 14, ""reg_lambda"": 1.5251604691039577, ""subsample"": 0.8110607319958272, ""subsample_freq"": 1}"
1,0,275,1,0.8174338163469889,0.8357558582751146,0.07943773364123476,"{""colsample_bytree"": 0.46465104731271417, ""learning_rate"": 0.013071588935967722, ""max_depth"": 4, ""min_child_samples"": 11, ""num_leaves"": 14, ""reg_lambda"": 1.5251604691039577, ""subsample"": 0.8110607319958272, ""subsample_freq"": 1}"
1,0,281,1,0.41715724610290833,0.41542170924615507,0.1504227626294548,"{""colsample_bytree"": 0.46465104731271417, ""learning_rate"": 0.013071588935967722, ""max_depth"": 4, ""min_child_samples"": 11, ""num_leaves"": 14, ""reg_lambda"": 1.5251604691039577, ""subsample"": 0.8110607319958272, ""subsample_freq"": 1}"
1,0,282,0,0.737884864673104,0.7919438071263064,0.030816029938898717,"{""colsample_bytree"": 0.46465104731271417, ""learning_rate"": 0.013071588935967722, ""max_depth"": 4, ""min_child_samples"": 11, ""num_leaves"": 14, ""reg_lambda"": 1.5251604691039577, ""subsample"": 0.8110607319958272, ""subsample_freq"": 1}"
1,0,284,0,0.4958142999104433,0.5049906962857714,0.08493825327099402,"{""colsample_bytree"": 0.46465104731271417, ""learning_rate"": 0.013071588935967722, ""max_depth"": 4, ""min_child_samples"": 11, ""num_leaves"": 14, ""reg_lambda"": 1.5251604691039577, ""subsample"": 0.8110607319958272, ""subsample_freq"": 1}"
1,0,285,0,0.21651873173328934,0.16337759862179588,0.06624024759549145,"{""colsample_bytree"": 0.46465104731271417, ""learning_rate"": 0.013071588935967722, ""max_depth"": 4, ""min_child_samples"": 11, ""num_leaves"": 14, ""reg_lambda"": 1.5251604691039577, ""subsample"": 0.8110607319958272, ""subsample_freq"": 1}"
1,0,286,0,0.3219761982670261,0.2720057512206599,0.06242820057318259,"{""colsample_bytree"": 0.46465104731271417, ""learning_rate"": 0.013071588935967722, ""max_depth"": 4, ""min_child_samples"": 11, ""num_leaves"": 14, ""reg_lambda"": 1.5251604691039577, ""subsample"": 0.8110607319958272, ""subsample_freq"": 1}"
1,0,289,0,0.2964222857040596,0.25062087486520546,0.06401271680335853,"{""colsample_bytree"": 0.46465104731271417, ""learning_rate"": 0.013071588935967722, ""max_depth"": 4, ""min_child_samples"": 11, ""num_leaves"": 14, ""reg_lambda"": 1.5251604691039577, ""subsample"": 0.8110607319958272, ""subsample_freq"": 1}"
1,0,292,0,0.45454406678016573,0.3968917527142897,0.10913885639930815,"{""colsample_bytree"": 0.46465104731271417, ""learning_rate"": 0.013071588935967722, ""max_depth"": 4, ""min_child_samples"": 11, ""num_leaves"": 14, ""reg_lambda"": 1.5251604691039577, ""subsample"": 0.8110607319958272, ""subsample_freq"": 1}"
1,0,293,0,0.2984636104053451,0.21435994926562646,0.05573827803927317,"{""colsample_bytree"": 0.46465104731271417, ""learning_rate"": 0.013071588935967722, ""max_depth"": 4, ""min_child_samples"": 11, ""num_leaves"": 14, ""reg_lambda"": 1.5251604691039577, ""subsample"": 0.8110607319958272, ""subsample_freq"": 1}"
1,1,5,1,0.6712239921160478,0.7264162924627471,0.10355356893264601,"{""colsample_bytree"": 0.9558562743803769, ""learning_rate"": 0.013122787876606801, ""max_depth"": 4, ""min_child_samples"": 21, ""num_leaves"": 4, ""reg_lambda"": 0.6488195813835553, ""subsample"": 0.7350804846818495, ""subsample_freq"": 1}"
1,1,16,0,0.28766067666816797,0.22813693370070753,0.06453703167041822,"{""colsample_bytree"": 0.9558562743803769, ""learning_rate"": 0.013122787876606801, ""max_depth"": 4, ""min_child_samples"": 21, ""num_leaves"": 4, ""reg_lambda"": 0.6488195813835553, ""subsample"": 0.7350804846818495, ""subsample_freq"": 1}"
1,1,18,1,0.6162807406607455,0.6611733937239322,0.050958836992386784,"{""colsample_bytree"": 0.9558562743803769, ""learning_rate"": 0.013122787876606801, ""max_depth"": 4, ""min_child_samples"": 21, ""num_leaves"": 4, ""reg_lambda"": 0.6488195813835553, ""subsample"": 0.7350804846818495, ""subsample_freq"": 1}"
1,1,19,0,0.842160575582745,0.8869522850320747,0.055080777242499004,"{""colsample_bytree"": 0.9558562743803769, ""learning_rate"": 0.013122787876606801, ""max_depth"": 4, ""min_child_samples"": 21, ""num_leaves"": 4, ""reg_lambda"": 0.6488195813835553, ""subsample"": 0.7350804846818495, ""subsample_freq"": 1}"
1,1,29,0,0.8713285709583982,0.8785953441421214,0.05084142328363287,"{""colsample_bytree"": 0.9558562743803769, ""learning_rate"": 0.013122787876606801, ""max_depth"": 4, ""min_child_samples"": 21, ""num_leaves"": 4, ""reg_lambda"": 0.6488195813835553, ""subsample"": 0.7350804846818495, ""subsample_freq"": 1}"
1,1,31,0,0.8131445265030824,0.8200357648963159,0.09340507492159653,"{""colsample_bytree"": 0.9558562743803769, ""learning_rate"": 0.013122787876606801, ""max_depth"": 4, ""min_child_samples"": 21, ""num_leaves"": 4, ""reg_lambda"": 0.6488195813835553, ""subsample"": 0.7350804846818495, ""subsample_freq"": 1}"
1,1,44,0,0.5745662822592259,0.6199034706532187,0.0777941376739423,"{""colsample_bytree"": 0.9558562743803769, ""learning_rate"": 0.013122787876606801, ""max_depth"": 4, ""min_child_samples"": 21, ""num_leaves"": 4, ""reg_lambda"": 0.6488195813835553, ""subsample"": 0.7350804846818495, ""subsample_freq"": 1}"
1,1,45,1,0.8814922561674922,0.9070933696250117,0.05493553984750528,"{""colsample_bytree"": 0.9558562743803769, ""learning_rate"": 0.013122787876606801, ""max_depth"": 4, ""min_child_samples"": 21, ""num_leaves"": 4, ""reg_lambda"": 0.6488195813835553, ""subsample"": 0.7350804846818495, ""subsample_freq"": 1}"
1,1,51,1,0.7925802817443581,0.8318753553704923,0.06134866489779756,"{""colsample_bytree"": 0.9558562743803769, ""learning_rate"": 0.013122787876606801, ""max_depth"": 4, ""min_child_samples"": 21, ""num_leaves"": 4, ""reg_lambda"": 0.6488195813835553, ""subsample"": 0.7350804846818495, ""subsample_freq"": 1}"
1,1,59,1,0.9007610532051246,0.9277009984225113,0.043684645257863364,"{""colsample_bytree"": 0.9558562743803769, ""learning_rate"": 0.013122787876606801, ""max_depth"": 4, ""min_child_samples"": 21, ""num_leaves"": 4, ""reg_lambda"": 0.6488195813835553, ""subsample"": 0.7350804846818495, ""subsample_freq"": 1}"
1,1,65,0,0.6485744208597343,0.6945193902244033,0.1367582427623173,"{""colsample_bytree"": 0.9558562743803769, ""learning_rate"": 0.013122787876606801, ""max_depth"": 4, ""min_child_samples"": 21, ""num_leaves"": 4, ""reg_lambda"": 0.6488195813835553, ""subsample"": 0.7350804846818495, ""subsample_freq"": 1}"
1,1,66,1,0.8632763948093056,0.9103757327411024,0.058500882537319464,"{""colsample_bytree"": 0.9558562743803769, ""learning_rate"": 0.013122787876606801, ""max_depth"": 4, ""min_child_samples"": 21, ""num_leaves"": 4, ""reg_lambda"": 0.6488195813835553, ""subsample"": 0.7350804846818495, ""subsample_freq"": 1}"
1,1,72,1,0.7828251991519528,0.8119879691810903,0.0628388440973293,"{""colsample_bytree"": 0.9558562743803769, ""learning_rate"": 0.013122787876606801, ""max_depth"": 4, ""min_child_samples"": 21, ""num_leaves"": 4, ""reg_lambda"": 0.6488195813835553, ""subsample"": 0.7350804846818495, ""subsample_freq"": 1}"
1,1,74,1,0.9047732847250625,0.9271576892231691,0.043886624535452785,"{""colsample_bytree"": 0.9558562743803769, ""learning_rate"": 0.013122787876606801, ""max_depth"": 4, ""min_child_samples"": 21, ""num_leaves"": 4, ""reg_lambda"": 0.6488195813835553, ""subsample"": 0.7350804846818495, ""subsample_freq"": 1}"
1,1,78,1,0.8484096441873065,0.8665639741023862,0.06536618561693232,"{""colsample_bytree"": 0.9558562743803769, ""learning_rate"": 0.013122787876606801, ""max_depth"": 4, ""min_child_samples"": 21, ""num_leaves"": 4, ""reg_lambda"": 0.6488195813835553, ""subsample"": 0.7350804846818495, ""subsample_freq"": 1}"
1,1,83,1,0.6564829715467919,0.6592134331655879,0.04973515472597829,"{""colsample_bytree"": 0.9558562743803769, ""learning_rate"": 0.013122787876606801, ""max_depth"": 4, ""min_child_samples"": 21, ""num_leaves"": 4, ""reg_lambda"": 0.6488195813835553, ""subsample"": 0.7350804846818495, ""subsample_freq"": 1}"
1,1,90,0,0.550636735518196,0.5924976180426664,0.053821184489215905,"{""colsample_bytree"": 0.9558562743803769, ""learning_rate"": 0.013122787876606801, ""max_depth"": 4, ""min_child_samples"": 21, ""num_leaves"": 4, ""reg_lambda"": 0.6488195813835553, ""subsample"": 0.7350804846818495, ""subsample_freq"": 1}"
1,1,96,1,0.8695176358076898,0.8895877444343011,0.05306457647823238,"{""colsample_bytree"": 0.9558562743803769, ""learning_rate"": 0.013122787876606801, ""max_depth"": 4, ""min_child_samples"": 21, ""num_leaves"": 4, ""reg_lambda"": 0.6488195813835553, ""subsample"": 0.7350804846818495, ""subsample_freq"": 1}"
1,1,98,1,0.8777667034180876,0.9034799080752064,0.057221997403523614,"{""colsample_bytree"": 0.9558562743803769, ""learning_rate"": 0.013122787876606801, ""max_depth"": 4, ""min_child_samples"": 21, ""num_leaves"": 4, ""reg_lambda"": 0.6488195813835553, ""subsample"": 0.7350804846818495, ""subsample_freq"": 1}"
1,1,102,0,0.15265572153547952,0.1340953050938437,0.07504145110341566,"{""colsample_bytree"": 0.9558562743803769, ""learning_rate"": 0.013122787876606801, ""max_depth"": 4, ""min_child_samples"": 21, ""num_leaves"": 4, ""reg_lambda"": 0.6488195813835553, ""subsample"": 0.7350804846818495, ""subsample_freq"": 1}"
1,1,106,1,0.6900465606321767,0.7217519799738612,0.05997021042800615,"{""colsample_bytree"": 0.9558562743803769, ""learning_rate"": 0.013122787876606801, ""max_depth"": 4, ""min_child_samples"": 21, ""num_leaves"": 4, ""reg_lambda"": 0.6488195813835553, ""subsample"": 0.7350804846818495, ""subsample_freq"": 1}"
1,1,117,1,0.7440368139662779,0.776761965718402,0.05664342878913801,"{""colsample_bytree"": 0.9558562743803769, ""learning_rate"": 0.013122787876606801, ""max_depth"": 4, ""min_child_samples"": 21, ""num_leaves"": 4, ""reg_lambda"": 0.6488195813835553, ""subsample"": 0.7350804846818495, ""subsample_freq"": 1}"
1,1,124,1,0.6271074511093763,0.6366300100738256,0.051270950908240256,"{""colsample_bytree"": 0.9558562743803769, ""learning_rate"": 0.013122787876606801, ""max_depth"": 4, ""min_child_samples"": 21, ""num_leaves"": 4, ""reg_lambda"": 0.6488195813835553, ""subsample"": 0.7350804846818495, ""subsample_freq"": 1}"
1,1,135,1,0.45122667363067787,0.5322190223159433,0.07603879203258275,"{""colsample_bytree"": 0.9558562743803769, ""learning_rate"": 0.013122787876606801, ""max_depth"": 4, ""min_child_samples"": 21, ""num_leaves"": 4, ""reg_lambda"": 0.6488195813835553, ""subsample"": 0.7350804846818495, ""subsample_freq"": 1}"
1,1,136,0,0.23474531267104148,0.22612458773928945,0.059954310535243,"{""colsample_bytree"": 0.9558562743803769, ""learning_rate"": 0.013122787876606801, ""max_depth"": 4, ""min_child_samples"": 21, ""num_leaves"": 4, ""reg_lambda"": 0.6488195813835553, ""subsample"": 0.7350804846818495, ""subsample_freq"": 1}"
1,1,137,0,0.2321867045892411,0.1880057924418562,0.060858284110852645,"{""colsample_bytree"": 0.9558562743803769, ""learning_rate"": 0.013122787876606801, ""max_depth"": 4, ""min_child_samples"": 21, ""num_leaves"": 4, ""reg_lambda"": 0.6488195813835553, ""subsample"": 0.7350804846818495, ""subsample_freq"": 1}"
1,1,139,1,0.8410446327782498,0.8708150983621721,0.05876290318466958,"{""colsample_bytree"": 0.9558562743803769, ""learning_rate"": 0.013122787876606801, ""max_depth"": 4, ""min_child_samples"": 21, ""num_leaves"": 4, ""reg_lambda"": 0.6488195813835553, ""subsample"": 0.7350804846818495, ""subsample_freq"": 1}"
1,1,141,1,0.8560644238043807,0.8812623242731737,0.06183126789867106,"{""colsample_bytree"": 0.9558562743803769, ""learning_rate"": 0.013122787876606801, ""max_depth"": 4, ""min_child_samples"": 21, ""num_leaves"": 4, ""reg_lambda"": 0.6488195813835553, ""subsample"": 0.7350804846818495, ""subsample_freq"": 1}"
1,1,144,1,0.806462194053784,0.8232905358196765,0.1254682585845106,"{""colsample_bytree"": 0.9558562743803769, ""learning_rate"": 0.013122787876606801, ""max_depth"": 4, ""min_child_samples"": 21, ""num_leaves"": 4, ""reg_lambda"": 0.6488195813835553, ""subsample"": 0.7350804846818495, ""subsample_freq"": 1}"
1,1,149,1,0.720916780209195,0.7847283802097609,0.10815127092657603,"{""colsample_bytree"": 0.9558562743803769, ""learning_rate"": 0.013122787876606801, ""max_depth"": 4, ""min_child_samples"": 21, ""num_leaves"": 4, ""reg_lambda"": 0.6488195813835553, ""subsample"": 0.7350804846818495, ""subsample_freq"": 1}"
1,1,155,1,0.835833695948349,0.896663480098173,0.04207882867136475,"{""colsample_bytree"": 0.9558562743803769, ""learning_rate"": 0.013122787876606801, ""max_depth"": 4, ""min_child_samples"": 21, ""num_leaves"": 4, ""reg_lambda"": 0.6488195813835553, ""subsample"": 0.7350804846818495, ""subsample_freq"": 1}"
1,1,157,1,0.6635092440832057,0.7009765680735403,0.06358070309715741,"{""colsample_bytree"": 0.9558562743803769, ""learning_rate"": 0.013122787876606801, ""max_depth"": 4, ""min_child_samples"": 21, ""num_leaves"": 4, ""reg_lambda"": 0.6488195813835553, ""subsample"": 0.7350804846818495, ""subsample_freq"": 1}"
1,1,158,0,0.624384359303012,0.6416971913642281,0.10029951582675406,"{""colsample_bytree"": 0.9558562743803769, ""learning_rate"": 0.013122787876606801, ""max_depth"": 4, ""min_child_samples"": 21, ""num_leaves"": 4, ""reg_lambda"": 0.6488195813835553, ""subsample"": 0.7350804846818495, ""subsample_freq"": 1}"
1,1,161,1,0.8276760256201792,0.8747780634079645,0.05939903978954768,"{""colsample_bytree"": 0.9558562743803769, ""learning_rate"": 0.013122787876606801, ""max_depth"": 4, ""min_child_samples"": 21, ""num_leaves"": 4, ""reg_lambda"": 0.6488195813835553, ""subsample"": 0.7350804846818495, ""subsample_freq"": 1}"
1,1,170,0,0.20407070673914268,0.1757289323289104,0.05814259222115551,"{""colsample_bytree"": 0.9558562743803769, ""learning_rate"": 0.013122787876606801, ""max_depth"": 4, ""min_child_samples"": 21, ""num_leaves"": 4, ""reg_lambda"": 0.6488195813835553, ""subsample"": 0.7350804846818495, ""subsample_freq"": 1}"
1,1,174,1,0.876961923409764,0.91748834689261,0.043728213374559,"{""colsample_bytree"": 0.9558562743803769, ""learning_rate"": 0.013122787876606801, ""max_depth"": 4, ""min_child_samples"": 21, ""num_leaves"": 4, ""reg_lambda"": 0.6488195813835553, ""subsample"": 0.7350804846818495, ""subsample_freq"": 1}"
1,1,178,1,0.5985217152577821,0.6552488844008125,0.08292752141846219,"{""colsample_bytree"": 0.9558562743803769, ""learning_rate"": 0.013122787876606801, ""max_depth"": 4, ""min_child_samples"": 21, ""num_leaves"": 4, ""reg_lambda"": 0.6488195813835553, ""subsample"": 0.7350804846818495, ""subsample_freq"": 1}"
1,1,185,0,0.6273092769749112,0.5781760947962429,0.10552856081570577,"{""colsample_bytree"": 0.9558562743803769, ""learning_rate"": 0.013122787876606801, ""max_depth"": 4, ""min_child_samples"": 21, ""num_leaves"": 4, ""reg_lambda"": 0.6488195813835553, ""subsample"": 0.7350804846818495, ""subsample_freq"": 1}"
1,1,189,1,0.6930772304101142,0.7571321794167313,0.06661372554561754,"{""colsample_bytree"": 0.9558562743803769, ""learning_rate"": 0.013122787876606801, ""max_depth"": 4, ""min_child_samples"": 21, ""num_leaves"": 4, ""reg_lambda"": 0.6488195813835553, ""subsample"": 0.7350804846818495, ""subsample_freq"": 1}"
1,1,191,1,0.8977217322065565,0.9025368177074427,0.06596098916342782,"{""colsample_bytree"": 0.9558562743803769, ""learning_rate"": 0.013122787876606801, ""max_depth"": 4, ""min_child_samples"": 21, ""num_leaves"": 4, ""reg_lambda"": 0.6488195813835553, ""subsample"": 0.7350804846818495, ""subsample_freq"": 1}"
1,1,195,0,0.8258503677264853,0.8370854591437025,0.06628764396755708,"{""colsample_bytree"": 0.9558562743803769, ""learning_rate"": 0.013122787876606801, ""max_depth"": 4, ""min_child_samples"": 21, ""num_leaves"": 4, ""reg_lambda"": 0.6488195813835553, ""subsample"": 0.7350804846818495, ""subsample_freq"": 1}"
1,1,207,1,0.7720359837757657,0.8085602410640366,0.07870866667097011,"{""colsample_bytree"": 0.9558562743803769, ""learning_rate"": 0.013122787876606801, ""max_depth"": 4, ""min_child_samples"": 21, ""num_leaves"": 4, ""reg_lambda"": 0.6488195813835553, ""subsample"": 0.7350804846818495, ""subsample_freq"": 1}"
1,1,210,0,0.15184422498944003,0.12012359564048918,0.04439452823908088,"{""colsample_bytree"": 0.9558562743803769, ""learning_rate"": 0.013122787876606801, ""max_depth"": 4, ""min_child_samples"": 21, ""num_leaves"": 4, ""reg_lambda"": 0.6488195813835553, ""subsample"": 0.7350804846818495, ""subsample_freq"": 1}"
1,1,217,0,0.3098634851323965,0.3109303835539021,0.08375731129885787,"{""colsample_bytree"": 0.9558562743803769, ""learning_rate"": 0.013122787876606801, ""max_depth"": 4, ""min_child_samples"": 21, ""num_leaves"": 4, ""reg_lambda"": 0.6488195813835553, ""subsample"": 0.7350804846818495, ""subsample_freq"": 1}"
1,1,221,1,0.37720530941465386,0.38825247806687035,0.07102214819628144,"{""colsample_bytree"": 0.9558562743803769, ""learning_rate"": 0.013122787876606801, ""max_depth"": 4, ""min_child_samples"": 21, ""num_leaves"": 4, ""reg_lambda"": 0.6488195813835553, ""subsample"": 0.7350804846818495, ""subsample_freq"": 1}"
1,1,227,1,0.6427860210087557,0.7077431701084569,0.10329954160475124,"{""colsample_bytree"": 0.9558562743803769, ""learning_rate"": 0.013122787876606801, ""max_depth"": 4, ""min_child_samples"": 21, ""num_leaves"": 4, ""reg_lambda"": 0.6488195813835553, ""subsample"": 0.7350804846818495, ""subsample_freq"": 1}"
1,1,229,1,0.817863501832149,0.8495933743844886,0.08016222508860624,"{""colsample_bytree"": 0.9558562743803769, ""learning_rate"": 0.013122787876606801, ""max_depth"": 4, ""min_child_samples"": 21, ""num_leaves"": 4, ""reg_lambda"": 0.6488195813835553, ""subsample"": 0.7350804846818495, ""subsample_freq"": 1}"
1,1,231,0,0.8735334532498876,0.9068765865487508,0.05897275248308647,"{""colsample_bytree"": 0.9558562743803769, ""learning_rate"": 0.013122787876606801, ""max_depth"": 4, ""min_child_samples"": 21, ""num_leaves"": 4, ""reg_lambda"": 0.6488195813835553, ""subsample"": 0.7350804846818495, ""subsample_freq"": 1}"
1,1,233,0,0.3493524226758293,0.3244188517209879,0.06560450021252096,"{""colsample_bytree"": 0.9558562743803769, ""learning_rate"": 0.013122787876606801, ""max_depth"": 4, ""min_child_samples"": 21, ""num_leaves"": 4, ""reg_lambda"": 0.6488195813835553, ""subsample"": 0.7350804846818495, ""subsample_freq"": 1}"
1,1,236,1,0.7290168738341407,0.7410868271944102,0.07477264272047536,"{""colsample_bytree"": 0.9558562743803769, ""learning_rate"": 0.013122787876606801, ""max_depth"": 4, ""min_child_samples"": 21, ""num_leaves"": 4, ""reg_lambda"": 0.6488195813835553, ""subsample"": 0.7350804846818495, ""subsample_freq"": 1}"
1,1,246,1,0.8387139418495417,0.891083933001594,0.05778387326653701,"{""colsample_bytree"": 0.9558562743803769, ""learning_rate"": 0.013122787876606801, ""max_depth"": 4, ""min_child_samples"": 21, ""num_leaves"": 4, ""reg_lambda"": 0.6488195813835553, ""subsample"": 0.7350804846818495, ""subsample_freq"": 1}"
1,1,247,0,0.1994903347137596,0.15414492720694342,0.04999786806043812,"{""colsample_bytree"": 0.9558562743803769, ""learning_rate"": 0.013122787876606801, ""max_depth"": 4, ""min_child_samples"": 21, ""num_leaves"": 4, ""reg_lambda"": 0.6488195813835553, ""subsample"": 0.7350804846818495, ""subsample_freq"": 1}"
1,1,249,1,0.7771474901098865,0.8164655898550219,0.08295272509087774,"{""colsample_bytree"": 0.9558562743803769, ""learning_rate"": 0.013122787876606801, ""max_depth"": 4, ""min_child_samples"": 21, ""num_leaves"": 4, ""reg_lambda"": 0.6488195813835553, ""subsample"": 0.7350804846818495, ""subsample_freq"": 1}"
1,1,258,0,0.19113154988265738,0.15815325095204946,0.058509769105791205,"{""colsample_bytree"": 0.9558562743803769, ""learning_rate"": 0.013122787876606801, ""max_depth"": 4, ""min_child_samples"": 21, ""num_leaves"": 4, ""reg_lambda"": 0.6488195813835553, ""subsample"": 0.7350804846818495, ""subsample_freq"": 1}"
1,1,265,0,0.7021421599423582,0.7556228676782134,0.10381891590107771,"{""colsample_bytree"": 0.9558562743803769, ""learning_rate"": 0.013122787876606801, ""max_depth"": 4, ""min_child_samples"": 21, ""num_leaves"": 4, ""reg_lambda"": 0.6488195813835553, ""subsample"": 0.7350804846818495, ""subsample_freq"": 1}"
1,1,266,0,0.6996667107438468,0.7620976277711344,0.07967080503544921,"{""colsample_bytree"": 0.9558562743803769, ""learning_rate"": 0.013122787876606801, ""max_depth"": 4, ""min_child_samples"": 21, ""num_leaves"": 4, ""reg_lambda"": 0.6488195813835553, ""subsample"": 0.7350804846818495, ""subsample_freq"": 1}"
1,1,268,0,0.603443707748691,0.6310084430886793,0.07134736088436242,"{""colsample_bytree"": 0.9558562743803769, ""learning_rate"": 0.013122787876606801, ""max_depth"": 4, ""min_child_samples"": 21, ""num_leaves"": 4, ""reg_lambda"": 0.6488195813835553, ""subsample"": 0.7350804846818495, ""subsample_freq"": 1}"
1,1,274,1,0.8968957895969071,0.9387319309857943,0.042500723100659304,"{""colsample_bytree"": 0.9558562743803769, ""learning_rate"": 0.013122787876606801, ""max_depth"": 4, ""min_child_samples"": 21, ""num_leaves"": 4, ""reg_lambda"": 0.6488195813835553, ""subsample"": 0.7350804846818495, ""subsample_freq"": 1}"
1,1,279,0,0.7165694150489699,0.7383957944525685,0.11127439550993816,"{""colsample_bytree"": 0.9558562743803769, ""learning_rate"": 0.013122787876606801, ""max_depth"": 4, ""min_child_samples"": 21, ""num_leaves"": 4, ""reg_lambda"": 0.6488195813835553, ""subsample"": 0.7350804846818495, ""subsample_freq"": 1}"
1,1,294,1,0.6197348719994055,0.6294263435129355,0.1059776519351798,"{""colsample_bytree"": 0.9558562743803769, ""learning_rate"": 0.013122787876606801, ""max_depth"": 4, ""min_child_samples"": 21, ""num_leaves"": 4, ""reg_lambda"": 0.6488195813835553, ""subsample"": 0.7350804846818495, ""subsample_freq"": 1}"
1,1,297,0,0.503595556739518,0.48237456534289747,0.06905273458578094,"{""colsample_bytree"": 0.9558562743803769, ""learning_rate"": 0.013122787876606801, ""max_depth"": 4, ""min_child_samples"": 21, ""num_leaves"": 4, ""reg_lambda"": 0.6488195813835553, ""subsample"": 0.7350804846818495, ""subsample_freq"": 1}"
1,2,0,1,0.2830782823592364,0.24901987658413577,0.10868165752015511,"{""colsample_bytree"": 0.6175745638858601, ""learning_rate"": 0.015799602191808645, ""max_depth"": 2, ""min_child_samples"": 10, ""num_leaves"": 11, ""reg_lambda"": 3.3170122939834457, ""subsample"": 0.7975218939971422, ""subsample_freq"": 1}"
1,2,6,1,0.6879112883244236,0.755824515981158,0.09519084810756533,"{""colsample_bytree"": 0.6175745638858601, ""learning_rate"": 0.015799602191808645, ""max_depth"": 2, ""min_child_samples"": 10, ""num_leaves"": 11, ""reg_lambda"": 3.3170122939834457, ""subsample"": 0.7975218939971422, ""subsample_freq"": 1}"
1,2,12,1,0.8072965810200201,0.8443063772987571,0.06866334625576331,"{""colsample_bytree"": 0.6175745638858601, ""learning_rate"": 0.015799602191808645, ""max_depth"": 2, ""min_child_samples"": 10, ""num_leaves"": 11, ""reg_lambda"": 3.3170122939834457, ""subsample"": 0.7975218939971422, ""subsample_freq"": 1}"
1,2,23,1,0.8250206628308193,0.8737240520187803,0.06175277831432726,"{""colsample_bytree"": 0.6175745638858601, ""learning_rate"": 0.015799602191808645, ""max_depth"": 2, ""min_child_samples"": 10, ""num_leaves"": 11, ""reg_lambda"": 3.3170122939834457, ""subsample"": 0.7975218939971422, ""subsample_freq"": 1}"
1,2,24,1,0.6939151878715176,0.6677246459126452,0.09275379304366466,"{""colsample_bytree"": 0.6175745638858601, ""learning_rate"": 0.015799602191808645, ""max_depth"": 2, ""min_child_samples"": 10, ""num_leaves"": 11, ""reg_lambda"": 3.3170122939834457, ""subsample"": 0.7975218939971422, ""subsample_freq"": 1}"
1,2,28,1,0.8464904010735667,0.88028650234833,0.06714959885122798,"{""colsample_bytree"": 0.6175745638858601, ""learning_rate"": 0.015799602191808645, ""max_depth"": 2, ""min_child_samples"": 10, ""num_leaves"": 11, ""reg_lambda"": 3.3170122939834457, ""subsample"": 0.7975218939971422, ""subsample_freq"": 1}"
1,2,30,1,0.7852691394895162,0.8050684191403537,0.06655437166076451,"{""colsample_bytree"": 0.6175745638858601, ""learning_rate"": 0.015799602191808645, ""max_depth"": 2, ""min_child_samples"": 10, ""num_leaves"": 11, ""reg_lambda"": 3.3170122939834457, ""subsample"": 0.7975218939971422, ""subsample_freq"": 1}"
1,2,33,1,0.5482347071172153,0.5590493630584719,0.10316456153969805,"{""colsample_bytree"": 0.6175745638858601, ""learning_rate"": 0.015799602191808645, ""max_depth"": 2, ""min_child_samples"": 10, ""num_leaves"": 11, ""reg_lambda"": 3.3170122939834457, ""subsample"": 0.7975218939971422, ""subsample_freq"": 1}"
1,2,34,1,0.6085996245710324,0.6531236897217843,0.06764663337476237,"{""colsample_bytree"": 0.6175745638858601, ""learning_rate"": 0.015799602191808645, ""max_depth"": 2, ""min_child_samples"": 10, ""num_leaves"": 11, ""reg_lambda"": 3.3170122939834457, ""subsample"": 0.7975218939971422, ""subsample_freq"": 1}"
1,2,35,0,0.18715181830131436,0.13327301071240316,0.096745418219652,"{""colsample_bytree"": 0.6175745638858601, ""learning_rate"": 0.015799602191808645, ""max_depth"": 2, ""min_child_samples"": 10, ""num_leaves"": 11, ""reg_lambda"": 3.3170122939834457, ""subsample"": 0.7975218939971422, ""subsample_freq"": 1}"
1,2,39,1,0.7912682968093149,0.8445922970277613,0.06427215697112525,"{""colsample_bytree"": 0.6175745638858601, ""learning_rate"": 0.015799602191808645, ""max_depth"": 2, ""min_child_samples"": 10, ""num_leaves"": 11, ""reg_lambda"": 3.3170122939834457, ""subsample"": 0.7975218939971422, ""subsample_freq"": 1}"
1,2,40,1,0.7402568231779589,0.7887615632359946,0.06515240249926603,"{""colsample_bytree"": 0.6175745638858601, ""learning_rate"": 0.015799602191808645, ""max_depth"": 2, ""min_child_samples"": 10, ""num_leaves"": 11, ""reg_lambda"": 3.3170122939834457, ""subsample"": 0.7975218939971422, ""subsample_freq"": 1}"
1,2,43,1,0.43684998696768057,0.39622032648606115,0.1139408395053512,"{""colsample_bytree"": 0.6175745638858601, ""learning_rate"": 0.015799602191808645, ""max_depth"": 2, ""min_child_samples"": 10, ""num_leaves"": 11, ""reg_lambda"": 3.3170122939834457, ""subsample"": 0.7975218939971422, ""subsample_freq"": 1}"
1,2,46,1,0.6852094313677052,0.6464746953628335,0.07121974292993101,"{""colsample_bytree"": 0.6175745638858601, ""learning_rate"": 0.015799602191808645, ""max_depth"": 2, ""min_child_samples"": 10, ""num_leaves"": 11, ""reg_lambda"": 3.3170122939834457, ""subsample"": 0.7975218939971422, ""subsample_freq"": 1}"
1,2,50,0,0.4467491563079177,0.43101341834601536,0.12402759714462527,"{""colsample_bytree"": 0.6175745638858601, ""learning_rate"": 0.015799602191808645, ""max_depth"": 2, ""min_child_samples"": 10, ""num_leaves"": 11, ""reg_lambda"": 3.3170122939834457, ""subsample"": 0.7975218939971422, ""subsample_freq"": 1}"
1,2,52,1,0.8987010544148085,0.9214077861907313,0.058770225628572696,"{""colsample_bytree"": 0.6175745638858601, ""learning_rate"": 0.015799602191808645, ""max_depth"": 2, ""min_child_samples"": 10, ""num_leaves"": 11, ""reg_lambda"": 3.3170122939834457, ""subsample"": 0.7975218939971422, ""subsample_freq"": 1}"
1,2,53,0,0.38624333802195066,0.332243955005686,0.1123124225774368,"{""colsample_bytree"": 0.6175745638858601, ""learning_rate"": 0.015799602191808645, ""max_depth"": 2, ""min_child_samples"": 10, ""num_leaves"": 11, ""reg_lambda"": 3.3170122939834457, ""subsample"": 0.7975218939971422, ""subsample_freq"": 1}"
1,2,54,0,0.36905299311905654,0.3266974359766978,0.09716394555147541,"{""colsample_bytree"": 0.6175745638858601, ""learning_rate"": 0.015799602191808645, ""max_depth"": 2, ""min_child_samples"": 10, ""num_leaves"": 11, ""reg_lambda"": 3.3170122939834457, ""subsample"": 0.7975218939971422, ""subsample_freq"": 1}"
1,2,57,1,0.8339117741388462,0.8792982646990396,0.06652081254652188,"{""colsample_bytree"": 0.6175745638858601, ""learning_rate"": 0.015799602191808645, ""max_depth"": 2, ""min_child_samples"": 10, ""num_leaves"": 11, ""reg_lambda"": 3.3170122939834457, ""subsample"": 0.7975218939971422, ""subsample_freq"": 1}"
1,2,64,0,0.31821897732080695,0.2352828670643628,0.10859334292464962,"{""colsample_bytree"": 0.6175745638858601, ""learning_rate"": 0.015799602191808645, ""max_depth"": 2, ""min_child_samples"": 10, ""num_leaves"": 11, ""reg_lambda"": 3.3170122939834457, ""subsample"": 0.7975218939971422, ""subsample_freq"": 1}"
1,2,68,0,0.2890838253002241,0.21307974226734508,0.11827222611975695,"{""colsample_bytree"": 0.6175745638858601, ""learning_rate"": 0.015799602191808645, ""max_depth"": 2, ""min_child_samples"": 10, ""num_leaves"": 11, ""reg_lambda"": 3.3170122939834457, ""subsample"": 0.7975218939971422, ""subsample_freq"": 1}"
1,2,77,0,0.5199988288088986,0.5562693823722327,0.0835104429097558,"{""colsample_bytree"": 0.6175745638858601, ""learning_rate"": 0.015799602191808645, ""max_depth"": 2, ""min_child_samples"": 10, ""num_leaves"": 11, ""reg_lambda"": 3.3170122939834457, ""subsample"": 0.7975218939971422, ""subsample_freq"": 1}"
1,2,86,1,0.7251641370110868,0.7265931432139789,0.07825509720485088,"{""colsample_bytree"": 0.6175745638858601, ""learning_rate"": 0.015799602191808645, ""max_depth"": 2, ""min_child_samples"": 10, ""num_leaves"": 11, ""reg_lambda"": 3.3170122939834457, ""subsample"": 0.7975218939971422, ""subsample_freq"": 1}"
1,2,93,1,0.7851784413876296,0.8143332501935617,0.08083156877542001,"{""colsample_bytree"": 0.6175745638858601, ""learning_rate"": 0.015799602191808645, ""max_depth"": 2, ""min_child_samples"": 10, ""num_leaves"": 11, ""reg_lambda"": 3.3170122939834457, ""subsample"": 0.7975218939971422, ""subsample_freq"": 1}"
1,2,95,1,0.8481897618556138,0.8803505205998803,0.08265222974190882,"{""colsample_bytree"": 0.6175745638858601, ""learning_rate"": 0.015799602191808645, ""max_depth"": 2, ""min_child_samples"": 10, ""num_leaves"": 11, ""reg_lambda"": 3.3170122939834457, ""subsample"": 0.7975218939971422, ""subsample_freq"": 1}"
1,2,97,1,0.7476758411082646,0.7803064903669628,0.0753166180754383,"{""colsample_bytree"": 0.6175745638858601, ""learning_rate"": 0.015799602191808645, ""max_depth"": 2, ""min_child_samples"": 10, ""num_leaves"": 11, ""reg_lambda"": 3.3170122939834457, ""subsample"": 0.7975218939971422, ""subsample_freq"": 1}"
1,2,99,1,0.6922873951991177,0.7168971356151291,0.07049464848264685,"{""colsample_bytree"": 0.6175745638858601, ""learning_rate"": 0.015799602191808645, ""max_depth"": 2, ""min_child_samples"": 10, ""num_leaves"": 11, ""reg_lambda"": 3.3170122939834457, ""subsample"": 0.7975218939971422, ""subsample_freq"": 1}"
1,2,100,1,0.7274915041192246,0.7766760901774208,0.10641391650358273,"{""colsample_bytree"": 0.6175745638858601, ""learning_rate"": 0.015799602191808645, ""max_depth"": 2, ""min_child_samples"": 10, ""num_leaves"": 11, ""reg_lambda"": 3.3170122939834457, ""subsample"": 0.7975218939971422, ""subsample_freq"": 1}"
1,2,103,1,0.868067730281643,0.8936269405191384,0.06128705202327358,"{""colsample_bytree"": 0.6175745638858601, ""learning_rate"": 0.015799602191808645, ""max_depth"": 2, ""min_child_samples"": 10, ""num_leaves"": 11, ""reg_lambda"": 3.3170122939834457, ""subsample"": 0.7975218939971422, ""subsample_freq"": 1}"
1,2,104,0,0.595629171850589,0.6101430237283116,0.110066735018681,"{""colsample_bytree"": 0.6175745638858601, ""learning_rate"": 0.015799602191808645, ""max_depth"": 2, ""min_child_samples"": 10, ""num_leaves"": 11, ""reg_lambda"": 3.3170122939834457, ""subsample"": 0.7975218939971422, ""subsample_freq"": 1}"
1,2,105,1,0.68238117277554,0.7028302290403374,0.06196117016403597,"{""colsample_bytree"": 0.6175745638858601, ""learning_rate"": 0.015799602191808645, ""max_depth"": 2, ""min_child_samples"": 10, ""num_leaves"": 11, ""reg_lambda"": 3.3170122939834457, ""subsample"": 0.7975218939971422, ""subsample_freq"": 1}"
1,2,111,1,0.7859344325399129,0.8110604067919154,0.07550619869758407,"{""colsample_bytree"": 0.6175745638858601, ""learning_rate"": 0.015799602191808645, ""max_depth"": 2, ""min_child_samples"": 10, ""num_leaves"": 11, ""reg_lambda"": 3.3170122939834457, ""subsample"": 0.7975218939971422, ""subsample_freq"": 1}"
1,2,112,0,0.7114895910089449,0.7492658720416345,0.05615846834109269,"{""colsample_bytree"": 0.6175745638858601, ""learning_rate"": 0.015799602191808645, ""max_depth"": 2, ""min_child_samples"": 10, ""num_leaves"": 11, ""reg_lambda"": 3.3170122939834457, ""subsample"": 0.7975218939971422, ""subsample_freq"": 1}"
1,2,114,1,0.8857532266282674,0.9114332181808782,0.05734036690939653,"{""colsample_bytree"": 0.6175745638858601, ""learning_rate"": 0.015799602191808645, ""max_depth"": 2, ""min_child_samples"": 10, ""num_leaves"": 11, ""reg_lambda"": 3.3170122939834457, ""subsample"": 0.7975218939971422, ""subsample_freq"": 1}"
1,2,118,1,0.7461106955302228,0.7873234980200883,0.057240727733118266,"{""colsample_bytree"": 0.6175745638858601, ""learning_rate"": 0.015799602191808645, ""max_depth"": 2, ""min_child_samples"": 10, ""num_leaves"": 11, ""reg_lambda"": 3.3170122939834457, ""subsample"": 0.7975218939971422, ""subsample_freq"": 1}"
1,2,121,0,0.6274497617936736,0.6383764633115647,0.10352117438582734,"{""colsample_bytree"": 0.6175745638858601, ""learning_rate"": 0.015799602191808645, ""max_depth"": 2, ""min_child_samples"": 10, ""num_leaves"": 11, ""reg_lambda"": 3.3170122939834457, ""subsample"": 0.7975218939971422, ""subsample_freq"": 1}"
1,2,128,1,0.6455494206607664,0.6706002553228878,0.0827787043161698,"{""colsample_bytree"": 0.6175745638858601, ""learning_rate"": 0.015799602191808645, ""max_depth"": 2, ""min_child_samples"": 10, ""num_leaves"": 11, ""reg_lambda"": 3.3170122939834457, ""subsample"": 0.7975218939971422, ""subsample_freq"": 1}"
1,2,150,0,0.3863862769835799,0.3675692690058919,0.1237325975258483,"{""colsample_bytree"": 0.6175745638858601, ""learning_rate"": 0.015799602191808645, ""max_depth"": 2, ""min_child_samples"": 10, ""num_leaves"": 11, ""reg_lambda"": 3.3170122939834457, ""subsample"": 0.7975218939971422, ""subsample_freq"": 1}"
1,2,153,0,0.42963365476211507,0.3663913009211279,0.05814643417001207,"{""colsample_bytree"": 0.6175745638858601, ""learning_rate"": 0.015799602191808645, ""max_depth"": 2, ""min_child_samples"": 10, ""num_leaves"": 11, ""reg_lambda"": 3.3170122939834457, ""subsample"": 0.7975218939971422, ""subsample_freq"": 1}"
1,2,167,1,0.6957992676574358,0.6968204534715586,0.09370355380129086,"{""colsample_bytree"": 0.6175745638858601, ""learning_rate"": 0.015799602191808645, ""max_depth"": 2, ""min_child_samples"": 10, ""num_leaves"": 11, ""reg_lambda"": 3.3170122939834457, ""subsample"": 0.7975218939971422, ""subsample_freq"": 1}"
1,2,168,0,0.20793133857882123,0.17733477501030462,0.09682749300453565,"{""colsample_bytree"": 0.6175745638858601, ""learning_rate"": 0.015799602191808645, ""max_depth"": 2, ""min_child_samples"": 10, ""num_leaves"": 11, ""reg_lambda"": 3.3170122939834457, ""subsample"": 0.7975218939971422, ""subsample_freq"": 1}"
1,2,175,0,0.541144027520431,0.4836847308777985,0.050870963334212684,"{""colsample_bytree"": 0.6175745638858601, ""learning_rate"": 0.015799602191808645, ""max_depth"": 2, ""min_child_samples"": 10, ""num_leaves"": 11, ""reg_lambda"": 3.3170122939834457, ""subsample"": 0.7975218939971422, ""subsample_freq"": 1}"
1,2,177,1,0.7910168049726657,0.8554702067180712,0.05856378024717558,"{""colsample_bytree"": 0.6175745638858601, ""learning_rate"": 0.015799602191808645, ""max_depth"": 2, ""min_child_samples"": 10, ""num_leaves"": 11, ""reg_lambda"": 3.3170122939834457, ""subsample"": 0.7975218939971422, ""subsample_freq"": 1}"
1,2,183,0,0.5400530746637564,0.5504702788197829,0.07146962281221782,"{""colsample_bytree"": 0.6175745638858601, ""learning_rate"": 0.015799602191808645, ""max_depth"": 2, ""min_child_samples"": 10, ""num_leaves"": 11, ""reg_lambda"": 3.3170122939834457, ""subsample"": 0.7975218939971422, ""subsample_freq"": 1}"
1,2,186,0,0.514267716557018,0.5597673306990363,0.07531611500335526,"{""colsample_bytree"": 0.6175745638858601, ""learning_rate"": 0.015799602191808645, ""max_depth"": 2, ""min_child_samples"": 10, ""num_leaves"": 11, ""reg_lambda"": 3.3170122939834457, ""subsample"": 0.7975218939971422, ""subsample_freq"": 1}"
1,2,187,1,0.8143122333234224,0.8471663142513725,0.09060768408455305,"{""colsample_bytree"": 0.6175745638858601, ""learning_rate"": 0.015799602191808645, ""max_depth"": 2, ""min_child_samples"": 10, ""num_leaves"": 11, ""reg_lambda"": 3.3170122939834457, ""subsample"": 0.7975218939971422, ""subsample_freq"": 1}"
1,2,193,0,0.5007427600359133,0.5014516615802233,0.036277208304686476,"{""colsample_bytree"": 0.6175745638858601, ""learning_rate"": 0.015799602191808645, ""max_depth"": 2, ""min_child_samples"": 10, ""num_leaves"": 11, ""reg_lambda"": 3.3170122939834457, ""subsample"": 0.7975218939971422, ""subsample_freq"": 1}"
1,2,198,1,0.7750592970870321,0.8247322963822473,0.07113288489520142,"{""colsample_bytree"": 0.6175745638858601, ""learning_rate"": 0.015799602191808645, ""max_depth"": 2, ""min_child_samples"": 10, ""num_leaves"": 11, ""reg_lambda"": 3.3170122939834457, ""subsample"": 0.7975218939971422, ""subsample_freq"": 1}"
1,2,201,0,0.33650375675050664,0.2965019889058182,0.06510475631180336,"{""colsample_bytree"": 0.6175745638858601, ""learning_rate"": 0.015799602191808645, ""max_depth"": 2, ""min_child_samples"": 10, ""num_leaves"": 11, ""reg_lambda"": 3.3170122939834457, ""subsample"": 0.7975218939971422, ""subsample_freq"": 1}"
1,2,211,1,0.645152331033174,0.694738835229269,0.07716556857975931,"{""colsample_bytree"": 0.6175745638858601, ""learning_rate"": 0.015799602191808645, ""max_depth"": 2, ""min_child_samples"": 10, ""num_leaves"": 11, ""reg_lambda"": 3.3170122939834457, ""subsample"": 0.7975218939971422, ""subsample_freq"": 1}"
1,2,219,1,0.17881940177447214,0.14930659683567526,0.08497450094171492,"{""colsample_bytree"": 0.6175745638858601, ""learning_rate"": 0.015799602191808645, ""max_depth"": 2, ""min_child_samples"": 10, ""num_leaves"": 11, ""reg_lambda"": 3.3170122939834457, ""subsample"": 0.7975218939971422, ""subsample_freq"": 1}"
1,2,223,1,0.36284972982997965,0.312875319489499,0.08267344939438181,"{""colsample_bytree"": 0.6175745638858601, ""learning_rate"": 0.015799602191808645, ""max_depth"": 2, ""min_child_samples"": 10, ""num_leaves"": 11, ""reg_lambda"": 3.3170122939834457, ""subsample"": 0.7975218939971422, ""subsample_freq"": 1}"
1,2,239,1,0.7797427571933084,0.8232331666111564,0.06577824684360352,"{""colsample_bytree"": 0.6175745638858601, ""learning_rate"": 0.015799602191808645, ""max_depth"": 2, ""min_child_samples"": 10, ""num_leaves"": 11, ""reg_lambda"": 3.3170122939834457, ""subsample"": 0.7975218939971422, ""subsample_freq"": 1}"
1,2,243,0,0.796076010190868,0.832556505374756,0.07035346943505728,"{""colsample_bytree"": 0.6175745638858601, ""learning_rate"": 0.015799602191808645, ""max_depth"": 2, ""min_child_samples"": 10, ""num_leaves"": 11, ""reg_lambda"": 3.3170122939834457, ""subsample"": 0.7975218939971422, ""subsample_freq"": 1}"
1,2,255,0,0.20049843912549908,0.16395438891409594,0.09153569136049562,"{""colsample_bytree"": 0.6175745638858601, ""learning_rate"": 0.015799602191808645, ""max_depth"": 2, ""min_child_samples"": 10, ""num_leaves"": 11, ""reg_lambda"": 3.3170122939834457, ""subsample"": 0.7975218939971422, ""subsample_freq"": 1}"
1,2,256,0,0.23011771619432236,0.19141881724339863,0.0884175797063145,"{""colsample_bytree"": 0.6175745638858601, ""learning_rate"": 0.015799602191808645, ""max_depth"": 2, ""min_child_samples"": 10, ""num_leaves"": 11, ""reg_lambda"": 3.3170122939834457, ""subsample"": 0.7975218939971422, ""subsample_freq"": 1}"
1,2,261,0,0.16798194455364063,0.12519419652243263,0.09603685083131965,"{""colsample_bytree"": 0.6175745638858601, ""learning_rate"": 0.015799602191808645, ""max_depth"": 2, ""min_child_samples"": 10, ""num_leaves"": 11, ""reg_lambda"": 3.3170122939834457, ""subsample"": 0.7975218939971422, ""subsample_freq"": 1}"
1,2,263,0,0.1810465820986805,0.14055562753810105,0.09623134750642674,"{""colsample_bytree"": 0.6175745638858601, ""learning_rate"": 0.015799602191808645, ""max_depth"": 2, ""min_child_samples"": 10, ""num_leaves"": 11, ""reg_lambda"": 3.3170122939834457, ""subsample"": 0.7975218939971422, ""subsample_freq"": 1}"
1,2,291,0,0.34157953887836556,0.29853097523067174,0.08150845162330472,"{""colsample_bytree"": 0.6175745638858601, ""learning_rate"": 0.015799602191808645, ""max_depth"": 2, ""min_child_samples"": 10, ""num_leaves"": 11, ""reg_lambda"": 3.3170122939834457, ""subsample"": 0.7975218939971422, ""subsample_freq"": 1}"
1,2,296,0,0.2697876301693603,0.21127197575303264,0.096593197476647,"{""colsample_bytree"": 0.6175745638858601, ""learning_rate"": 0.015799602191808645, ""max_depth"": 2, ""min_child_samples"": 10, ""num_leaves"": 11, ""reg_lambda"": 3.3170122939834457, ""subsample"": 0.7975218939971422, ""subsample_freq"": 1}"
1,2,300,0,0.20180730007882872,0.13602500400867315,0.09877570362479951,"{""colsample_bytree"": 0.6175745638858601, ""learning_rate"": 0.015799602191808645, ""max_depth"": 2, ""min_child_samples"": 10, ""num_leaves"": 11, ""reg_lambda"": 3.3170122939834457, ""subsample"": 0.7975218939971422, ""subsample_freq"": 1}"
1,3,1,1,0.8697815763408095,0.9472319464399664,0.04964848629755785,"{""colsample_bytree"": 0.5000751257017444, ""learning_rate"": 0.010640378657173837, ""max_depth"": 4, ""min_child_samples"": 15, ""num_leaves"": 4, ""reg_lambda"": 0.13482854986614318, ""subsample"": 0.671931077625515, ""subsample_freq"": 1}"
1,3,2,1,0.8292260430578761,0.9152208959371219,0.05269662493366773,"{""colsample_bytree"": 0.5000751257017444, ""learning_rate"": 0.010640378657173837, ""max_depth"": 4, ""min_child_samples"": 15, ""num_leaves"": 4, ""reg_lambda"": 0.13482854986614318, ""subsample"": 0.671931077625515, ""subsample_freq"": 1}"
1,3,9,0,0.8110264117902486,0.8818793616211137,0.05249213470980352,"{""colsample_bytree"": 0.5000751257017444, ""learning_rate"": 0.010640378657173837, ""max_depth"": 4, ""min_child_samples"": 15, ""num_leaves"": 4, ""reg_lambda"": 0.13482854986614318, ""subsample"": 0.671931077625515, ""subsample_freq"": 1}"
1,3,10,1,0.6052406535117475,0.6599352981996859,0.06752136366303085,"{""colsample_bytree"": 0.5000751257017444, ""learning_rate"": 0.010640378657173837, ""max_depth"": 4, ""min_child_samples"": 15, ""num_leaves"": 4, ""reg_lambda"": 0.13482854986614318, ""subsample"": 0.671931077625515, ""subsample_freq"": 1}"
1,3,20,0,0.25168488981255804,0.14588359339227172,0.06677758840217397,"{""colsample_bytree"": 0.5000751257017444, ""learning_rate"": 0.010640378657173837, ""max_depth"": 4, ""min_child_samples"": 15, ""num_leaves"": 4, ""reg_lambda"": 0.13482854986614318, ""subsample"": 0.671931077625515, ""subsample_freq"": 1}"
1,3,22,1,0.7493802692826967,0.8427537163429528,0.05600957390043438,"{""colsample_bytree"": 0.5000751257017444, ""learning_rate"": 0.010640378657173837, ""max_depth"": 4, ""min_child_samples"": 15, ""num_leaves"": 4, ""reg_lambda"": 0.13482854986614318, ""subsample"": 0.671931077625515, ""subsample_freq"": 1}"
1,3,26,0,0.4702995965436567,0.38359880501794297,0.11156036412317272,"{""colsample_bytree"": 0.5000751257017444, ""learning_rate"": 0.010640378657173837, ""max_depth"": 4, ""min_child_samples"": 15, ""num_leaves"": 4, ""reg_lambda"": 0.13482854986614318, ""subsample"": 0.671931077625515, ""subsample_freq"": 1}"
1,3,27,0,0.3391379577018241,0.2638700233382165,0.09404210584237205,"{""colsample_bytree"": 0.5000751257017444, ""learning_rate"": 0.010640378657173837, ""max_depth"": 4, ""min_child_samples"": 15, ""num_leaves"": 4, ""reg_lambda"": 0.13482854986614318, ""subsample"": 0.671931077625515, ""subsample_freq"": 1}"
1,3,41,0,0.2919469419533451,0.21533550040015167,0.0787399903574787,"{""colsample_bytree"": 0.5000751257017444, ""learning_rate"": 0.010640378657173837, ""max_depth"": 4, ""min_child_samples"": 15, ""num_leaves"": 4, ""reg_lambda"": 0.13482854986614318, ""subsample"": 0.671931077625515, ""subsample_freq"": 1}"
1,3,47,1,0.8143081112388875,0.9120721681845604,0.051076481499690005,"{""colsample_bytree"": 0.5000751257017444, ""learning_rate"": 0.010640378657173837, ""max_depth"": 4, ""min_child_samples"": 15, ""num_leaves"": 4, ""reg_lambda"": 0.13482854986614318, ""subsample"": 0.671931077625515, ""subsample_freq"": 1}"
1,3,49,0,0.48647628757460726,0.44212576144992644,0.03781105207763736,"{""colsample_bytree"": 0.5000751257017444, ""learning_rate"": 0.010640378657173837, ""max_depth"": 4, ""min_child_samples"": 15, ""num_leaves"": 4, ""reg_lambda"": 0.13482854986614318, ""subsample"": 0.671931077625515, ""subsample_freq"": 1}"
1,3,58,1,0.33758994128551184,0.16892404678868464,0.09025174595132826,"{""colsample_bytree"": 0.5000751257017444, ""learning_rate"": 0.010640378657173837, ""max_depth"": 4, ""min_child_samples"": 15, ""num_leaves"": 4, ""reg_lambda"": 0.13482854986614318, ""subsample"": 0.671931077625515, ""subsample_freq"": 1}"
1,3,61,1,0.49428983430974316,0.42688098834078697,0.06481137203143365,"{""colsample_bytree"": 0.5000751257017444, ""learning_rate"": 0.010640378657173837, ""max_depth"": 4, ""min_child_samples"": 15, ""num_leaves"": 4, ""reg_lambda"": 0.13482854986614318, ""subsample"": 0.671931077625515, ""subsample_freq"": 1}"
1,3,62,1,0.20894928385288827,0.1258982905081087,0.07192613652803549,"{""colsample_bytree"": 0.5000751257017444, ""learning_rate"": 0.010640378657173837, ""max_depth"": 4, ""min_child_samples"": 15, ""num_leaves"": 4, ""reg_lambda"": 0.13482854986614318, ""subsample"": 0.671931077625515, ""subsample_freq"": 1}"
1,3,69,1,0.6351051533628056,0.6861295315875918,0.06145730699831536,"{""colsample_bytree"": 0.5000751257017444, ""learning_rate"": 0.010640378657173837, ""max_depth"": 4, ""min_child_samples"": 15, ""num_leaves"": 4, ""reg_lambda"": 0.13482854986614318, ""subsample"": 0.671931077625515, ""subsample_freq"": 1}"
1,3,75,1,0.40562955575347553,0.2803773763180364,0.08021107256611919,"{""colsample_bytree"": 0.5000751257017444, ""learning_rate"": 0.010640378657173837, ""max_depth"": 4, ""min_child_samples"": 15, ""num_leaves"": 4, ""reg_lambda"": 0.13482854986614318, ""subsample"": 0.671931077625515, ""subsample_freq"": 1}"
1,3,81,1,0.8542968601757159,0.9335231516887473,0.05021137655782584,"{""colsample_bytree"": 0.5000751257017444, ""learning_rate"": 0.010640378657173837, ""max_depth"": 4, ""min_child_samples"": 15, ""num_leaves"": 4, ""reg_lambda"": 0.13482854986614318, ""subsample"": 0.671931077625515, ""subsample_freq"": 1}"
1,3,85,0,0.5858107114898053,0.5846343451593216,0.04251628542438606,"{""colsample_bytree"": 0.5000751257017444, ""learning_rate"": 0.010640378657173837, ""max_depth"": 4, ""min_child_samples"": 15, ""num_leaves"": 4, ""reg_lambda"": 0.13482854986614318, ""subsample"": 0.671931077625515, ""subsample_freq"": 1}"
1,3,89,1,0.7948337495150157,0.8849631148342041,0.05328449461736418,"{""colsample_bytree"": 0.5000751257017444, ""learning_rate"": 0.010640378657173837, ""max_depth"": 4, ""min_child_samples"": 15, ""num_leaves"": 4, ""reg_lambda"": 0.13482854986614318, ""subsample"": 0.671931077625515, ""subsample_freq"": 1}"
1,3,101,1,0.8292028158440388,0.916071545492831,0.0574462956625956,"{""colsample_bytree"": 0.5000751257017444, ""learning_rate"": 0.010640378657173837, ""max_depth"": 4, ""min_child_samples"": 15, ""num_leaves"": 4, ""reg_lambda"": 0.13482854986614318, ""subsample"": 0.671931077625515, ""subsample_freq"": 1}"
1,3,110,0,0.32933828988112335,0.19474350922523023,0.06816803854840442,"{""colsample_bytree"": 0.5000751257017444, ""learning_rate"": 0.010640378657173837, ""max_depth"": 4, ""min_child_samples"": 15, ""num_leaves"": 4, ""reg_lambda"": 0.13482854986614318, ""subsample"": 0.671931077625515, ""subsample_freq"": 1}"
1,3,113,0,0.19295282074593056,0.10110567603900511,0.061558415080461636,"{""colsample_bytree"": 0.5000751257017444, ""learning_rate"": 0.010640378657173837, ""max_depth"": 4, ""min_child_samples"": 15, ""num_leaves"": 4, ""reg_lambda"": 0.13482854986614318, ""subsample"": 0.671931077625515, ""subsample_freq"": 1}"
1,3,119,1,0.7154398648576835,0.7871428209730184,0.06456230882303084,"{""colsample_bytree"": 0.5000751257017444, ""learning_rate"": 0.010640378657173837, ""max_depth"": 4, ""min_child_samples"": 15, ""num_leaves"": 4, ""reg_lambda"": 0.13482854986614318, ""subsample"": 0.671931077625515, ""subsample_freq"": 1}"
1,3,125,1,0.5463290121924513,0.5436970363115893,0.08346919852573698,"{""colsample_bytree"": 0.5000751257017444, ""learning_rate"": 0.010640378657173837, ""max_depth"": 4, ""min_child_samples"": 15, ""num_leaves"": 4, ""reg_lambda"": 0.13482854986614318, ""subsample"": 0.671931077625515, ""subsample_freq"": 1}"
1,3,126,1,0.7838209483028273,0.8653915280790099,0.06782257109556884,"{""colsample_bytree"": 0.5000751257017444, ""learning_rate"": 0.010640378657173837, ""max_depth"": 4, ""min_child_samples"": 15, ""num_leaves"": 4, ""reg_lambda"": 0.13482854986614318, ""subsample"": 0.671931077625515, ""subsample_freq"": 1}"
1,3,143,0,0.15800567000120808,0.06910855425443273,0.05932985087711946,"{""colsample_bytree"": 0.5000751257017444, ""learning_rate"": 0.010640378657173837, ""max_depth"": 4, ""min_child_samples"": 15, ""num_leaves"": 4, ""reg_lambda"": 0.13482854986614318, ""subsample"": 0.671931077625515, ""subsample_freq"": 1}"
1,3,148,1,0.5273914118245976,0.5761989396079354,0.06378996415304597,"{""colsample_bytree"": 0.5000751257017444, ""learning_rate"": 0.010640378657173837, ""max_depth"": 4, ""min_child_samples"": 15, ""num_leaves"": 4, ""reg_lambda"": 0.13482854986614318, ""subsample"": 0.671931077625515, ""subsample_freq"": 1}"
1,3,151,0,0.3885219471982634,0.3448605898408824,0.09551264283838316,"{""colsample_bytree"": 0.5000751257017444, ""learning_rate"": 0.010640378657173837, ""max_depth"": 4, ""min_child_samples"": 15, ""num_leaves"": 4, ""reg_lambda"": 0.13482854986614318, ""subsample"": 0.671931077625515, ""subsample_freq"": 1}"
1,3,154,0,0.6708506490267657,0.749215768008996,0.05069971200922027,"{""colsample_bytree"": 0.5000751257017444, ""learning_rate"": 0.010640378657173837, ""max_depth"": 4, ""min_child_samples"": 15, ""num_leaves"": 4, ""reg_lambda"": 0.13482854986614318, ""subsample"": 0.671931077625515, ""subsample_freq"": 1}"
1,3,160,0,0.7180555064971397,0.8204680525199339,0.05098937984252235,"{""colsample_bytree"": 0.5000751257017444, ""learning_rate"": 0.010640378657173837, ""max_depth"": 4, ""min_child_samples"": 15, ""num_leaves"": 4, ""reg_lambda"": 0.13482854986614318, ""subsample"": 0.671931077625515, ""subsample_freq"": 1}"
1,3,164,1,0.8212478898625237,0.9032144018387969,0.057878437603939716,"{""colsample_bytree"": 0.5000751257017444, ""learning_rate"": 0.010640378657173837, ""max_depth"": 4, ""min_child_samples"": 15, ""num_leaves"": 4, ""reg_lambda"": 0.13482854986614318, ""subsample"": 0.671931077625515, ""subsample_freq"": 1}"
1,3,172,1,0.6475240575712488,0.6832068693074085,0.06374279491796103,"{""colsample_bytree"": 0.5000751257017444, ""learning_rate"": 0.010640378657173837, ""max_depth"": 4, ""min_child_samples"": 15, ""num_leaves"": 4, ""reg_lambda"": 0.13482854986614318, ""subsample"": 0.671931077625515, ""subsample_freq"": 1}"
1,3,181,1,0.7701919505358954,0.8506354037438466,0.06165170757697266,"{""colsample_bytree"": 0.5000751257017444, ""learning_rate"": 0.010640378657173837, ""max_depth"": 4, ""min_child_samples"": 15, ""num_leaves"": 4, ""reg_lambda"": 0.13482854986614318, ""subsample"": 0.671931077625515, ""subsample_freq"": 1}"
1,3,184,1,0.8102486705995097,0.8887560687798961,0.06793677482435441,"{""colsample_bytree"": 0.5000751257017444, ""learning_rate"": 0.010640378657173837, ""max_depth"": 4, ""min_child_samples"": 15, ""num_leaves"": 4, ""reg_lambda"": 0.13482854986614318, ""subsample"": 0.671931077625515, ""subsample_freq"": 1}"
1,3,188,1,0.49122901168201016,0.43596857793186083,0.15274997853096567,"{""colsample_bytree"": 0.5000751257017444, ""learning_rate"": 0.010640378657173837, ""max_depth"": 4, ""min_child_samples"": 15, ""num_leaves"": 4, ""reg_lambda"": 0.13482854986614318, ""subsample"": 0.671931077625515, ""subsample_freq"": 1}"
1,3,196,0,0.23324941526387571,0.129394254605179,0.07638535770393279,"{""colsample_bytree"": 0.5000751257017444, ""learning_rate"": 0.010640378657173837, ""max_depth"": 4, ""min_child_samples"": 15, ""num_leaves"": 4, ""reg_lambda"": 0.13482854986614318, ""subsample"": 0.671931077625515, ""subsample_freq"": 1}"
1,3,197,1,0.8124322274060105,0.8856983725087657,0.07226377611017067,"{""colsample_bytree"": 0.5000751257017444, ""learning_rate"": 0.010640378657173837, ""max_depth"": 4, ""min_child_samples"": 15, ""num_leaves"": 4, ""reg_lambda"": 0.13482854986614318, ""subsample"": 0.671931077625515, ""subsample_freq"": 1}"
1,3,205,0,0.3989794598154224,0.3028245856816512,0.08022878625512264,"{""colsample_bytree"": 0.5000751257017444, ""learning_rate"": 0.010640378657173837, ""max_depth"": 4, ""min_child_samples"": 15, ""num_leaves"": 4, ""reg_lambda"": 0.13482854986614318, ""subsample"": 0.671931077625515, ""subsample_freq"": 1}"
1,3,208,1,0.5445352215220018,0.4832876312467139,0.05976003213863051,"{""colsample_bytree"": 0.5000751257017444, ""learning_rate"": 0.010640378657173837, ""max_depth"": 4, ""min_child_samples"": 15, ""num_leaves"": 4, ""reg_lambda"": 0.13482854986614318, ""subsample"": 0.671931077625515, ""subsample_freq"": 1}"
1,3,209,1,0.6095689743955814,0.6634073608711806,0.03133499974946244,"{""colsample_bytree"": 0.5000751257017444, ""learning_rate"": 0.010640378657173837, ""max_depth"": 4, ""min_child_samples"": 15, ""num_leaves"": 4, ""reg_lambda"": 0.13482854986614318, ""subsample"": 0.671931077625515, ""subsample_freq"": 1}"
1,3,213,0,0.6056912336303385,0.6412141413215762,0.05017201766303218,"{""colsample_bytree"": 0.5000751257017444, ""learning_rate"": 0.010640378657173837, ""max_depth"": 4, ""min_child_samples"": 15, ""num_leaves"": 4, ""reg_lambda"": 0.13482854986614318, ""subsample"": 0.671931077625515, ""subsample_freq"": 1}"
1,3,214,0,0.8241516028620682,0.9078364706623088,0.044407994807050134,"{""colsample_bytree"": 0.5000751257017444, ""learning_rate"": 0.010640378657173837, ""max_depth"": 4, ""min_child_samples"": 15, ""num_leaves"": 4, ""reg_lambda"": 0.13482854986614318, ""subsample"": 0.671931077625515, ""subsample_freq"": 1}"
1,3,222,1,0.6852673007247794,0.8158506307758542,0.05112415623032569,"{""colsample_bytree"": 0.5000751257017444, ""learning_rate"": 0.010640378657173837, ""max_depth"": 4, ""min_child_samples"": 15, ""num_leaves"": 4, ""reg_lambda"": 0.13482854986614318, ""subsample"": 0.671931077625515, ""subsample_freq"": 1}"
1,3,226,1,0.7314337322157225,0.8160431998621457,0.06696417822923062,"{""colsample_bytree"": 0.5000751257017444, ""learning_rate"": 0.010640378657173837, ""max_depth"": 4, ""min_child_samples"": 15, ""num_leaves"": 4, ""reg_lambda"": 0.13482854986614318, ""subsample"": 0.671931077625515, ""subsample_freq"": 1}"
1,3,237,1,0.6420680882393519,0.6312487699815393,0.08000910373719068,"{""colsample_bytree"": 0.5000751257017444, ""learning_rate"": 0.010640378657173837, ""max_depth"": 4, ""min_child_samples"": 15, ""num_leaves"": 4, ""reg_lambda"": 0.13482854986614318, ""subsample"": 0.671931077625515, ""subsample_freq"": 1}"
1,3,248,1,0.8644874385066034,0.9445414068035337,0.04647106766087482,"{""colsample_bytree"": 0.5000751257017444, ""learning_rate"": 0.010640378657173837, ""max_depth"": 4, ""min_child_samples"": 15, ""num_leaves"": 4, ""reg_lambda"": 0.13482854986614318, ""subsample"": 0.671931077625515, ""subsample_freq"": 1}"
1,3,252,1,0.7196735809808364,0.7817723157750777,0.07021470200374917,"{""colsample_bytree"": 0.5000751257017444, ""learning_rate"": 0.010640378657173837, ""max_depth"": 4, ""min_child_samples"": 15, ""num_leaves"": 4, ""reg_lambda"": 0.13482854986614318, ""subsample"": 0.671931077625515, ""subsample_freq"": 1}"
1,3,253,1,0.5922469253371223,0.5725705288691184,0.08909444725152434,"{""colsample_bytree"": 0.5000751257017444, ""learning_rate"": 0.010640378657173837, ""max_depth"": 4, ""min_child_samples"": 15, ""num_leaves"": 4, ""reg_lambda"": 0.13482854986614318, ""subsample"": 0.671931077625515, ""subsample_freq"": 1}"
1,3,254,0,0.534124004067156,0.4331276467611048,0.08331198816832412,"{""colsample_bytree"": 0.5000751257017444, ""learning_rate"": 0.010640378657173837, ""max_depth"": 4, ""min_child_samples"": 15, ""num_leaves"": 4, ""reg_lambda"": 0.13482854986614318, ""subsample"": 0.671931077625515, ""subsample_freq"": 1}"
1,3,267,1,0.7080344477255454,0.7948675117068777,0.0532296864591251,"{""colsample_bytree"": 0.5000751257017444, ""learning_rate"": 0.010640378657173837, ""max_depth"": 4, ""min_child_samples"": 15, ""num_leaves"": 4, ""reg_lambda"": 0.13482854986614318, ""subsample"": 0.671931077625515, ""subsample_freq"": 1}"
1,3,269,1,0.7867182186243263,0.8794419726857325,0.06305424097349423,"{""colsample_bytree"": 0.5000751257017444, ""learning_rate"": 0.010640378657173837, ""max_depth"": 4, ""min_child_samples"": 15, ""num_leaves"": 4, ""reg_lambda"": 0.13482854986614318, ""subsample"": 0.671931077625515, ""subsample_freq"": 1}"
1,3,271,1,0.8653345579591506,0.9407312314903358,0.04591724753214705,"{""colsample_bytree"": 0.5000751257017444, ""learning_rate"": 0.010640378657173837, ""max_depth"": 4, ""min_child_samples"": 15, ""num_leaves"": 4, ""reg_lambda"": 0.13482854986614318, ""subsample"": 0.671931077625515, ""subsample_freq"": 1}"
1,3,276,0,0.3418620457357844,0.21339930573074933,0.059119270718019194,"{""colsample_bytree"": 0.5000751257017444, ""learning_rate"": 0.010640378657173837, ""max_depth"": 4, ""min_child_samples"": 15, ""num_leaves"": 4, ""reg_lambda"": 0.13482854986614318, ""subsample"": 0.671931077625515, ""subsample_freq"": 1}"
1,3,277,1,0.8450855100097174,0.9326394447476123,0.05337016229093284,"{""colsample_bytree"": 0.5000751257017444, ""learning_rate"": 0.010640378657173837, ""max_depth"": 4, ""min_child_samples"": 15, ""num_leaves"": 4, ""reg_lambda"": 0.13482854986614318, ""subsample"": 0.671931077625515, ""subsample_freq"": 1}"
1,3,278,0,0.7050107107481891,0.8076210079375716,0.06283776242068831,"{""colsample_bytree"": 0.5000751257017444, ""learning_rate"": 0.010640378657173837, ""max_depth"": 4, ""min_child_samples"": 15, ""num_leaves"": 4, ""reg_lambda"": 0.13482854986614318, ""subsample"": 0.671931077625515, ""subsample_freq"": 1}"
1,3,280,0,0.23513905178490774,0.13399253384713014,0.07286189022655087,"{""colsample_bytree"": 0.5000751257017444, ""learning_rate"": 0.010640378657173837, ""max_depth"": 4, ""min_child_samples"": 15, ""num_leaves"": 4, ""reg_lambda"": 0.13482854986614318, ""subsample"": 0.671931077625515, ""subsample_freq"": 1}"
1,3,283,0,0.5043584541979454,0.46059259614539066,0.10744533767183923,"{""colsample_bytree"": 0.5000751257017444, ""learning_rate"": 0.010640378657173837, ""max_depth"": 4, ""min_child_samples"": 15, ""num_leaves"": 4, ""reg_lambda"": 0.13482854986614318, ""subsample"": 0.671931077625515, ""subsample_freq"": 1}"
1,3,290,0,0.2776937327378867,0.1430341978079397,0.07841282248015682,"{""colsample_bytree"": 0.5000751257017444, ""learning_rate"": 0.010640378657173837, ""max_depth"": 4, ""min_child_samples"": 15, ""num_leaves"": 4, ""reg_lambda"": 0.13482854986614318, ""subsample"": 0.671931077625515, ""subsample_freq"": 1}"
1,3,295,0,0.5948964736856953,0.597783287130303,0.04952442986591063,"{""colsample_bytree"": 0.5000751257017444, ""learning_rate"": 0.010640378657173837, ""max_depth"": 4, ""min_child_samples"": 15, ""num_leaves"": 4, ""reg_lambda"": 0.13482854986614318, ""subsample"": 0.671931077625515, ""subsample_freq"": 1}"
1,3,299,0,0.4246165488977175,0.34084271611924216,0.1002182471789311,"{""colsample_bytree"": 0.5000751257017444, ""learning_rate"": 0.010640378657173837, ""max_depth"": 4, ""min_child_samples"": 15, ""num_leaves"": 4, ""reg_lambda"": 0.13482854986614318, ""subsample"": 0.671931077625515, ""subsample_freq"": 1}"
1,4,3,0,0.3162632796752364,0.30456187611956287,0.1057838775612598,"{""colsample_bytree"": 0.6672463017601082, ""learning_rate"": 0.012275330575079745, ""max_depth"": 3, ""min_child_samples"": 23, ""num_leaves"": 15, ""reg_lambda"": 0.13651995225308586, ""subsample"": 0.6833502131174686, ""subsample_freq"": 1}"
1,4,7,1,0.8716906530270419,0.8966624458427013,0.035433330342573705,"{""colsample_bytree"": 0.6672463017601082, ""learning_rate"": 0.012275330575079745, ""max_depth"": 3, ""min_child_samples"": 23, ""num_leaves"": 15, ""reg_lambda"": 0.13651995225308586, ""subsample"": 0.6833502131174686, ""subsample_freq"": 1}"
1,4,11,1,0.8867874503755351,0.892120472779786,0.047199732866708644,"{""colsample_bytree"": 0.6672463017601082, ""learning_rate"": 0.012275330575079745, ""max_depth"": 3, ""min_child_samples"": 23, ""num_leaves"": 15, ""reg_lambda"": 0.13651995225308586, ""subsample"": 0.6833502131174686, ""subsample_freq"": 1}"
1,4,15,1,0.7594756036399406,0.777932797461926,0.023966639812528345,"{""colsample_bytree"": 0.6672463017601082, ""learning_rate"": 0.012275330575079745, ""max_depth"": 3, ""min_child_samples"": 23, ""num_leaves"": 15, ""reg_lambda"": 0.13651995225308586, ""subsample"": 0.6833502131174686, ""subsample_freq"": 1}"
1,4,17,0,0.23051962497211725,0.2223406133469203,0.061312879999261966,"{""colsample_bytree"": 0.6672463017601082, ""learning_rate"": 0.012275330575079745, ""max_depth"": 3, ""min_child_samples"": 23, ""num_leaves"": 15, ""reg_lambda"": 0.13651995225308586, ""subsample"": 0.6833502131174686, ""subsample_freq"": 1}"
1,4,36,1,0.7212975128662391,0.7232018697316045,0.07668110512101523,"{""colsample_bytree"": 0.6672463017601082, ""learning_rate"": 0.012275330575079745, ""max_depth"": 3, ""min_child_samples"": 23, ""num_leaves"": 15, ""reg_lambda"": 0.13651995225308586, ""subsample"": 0.6833502131174686, ""subsample_freq"": 1}"
1,4,38,1,0.7464515776225462,0.7516735575022934,0.05832916521031957,"{""colsample_bytree"": 0.6672463017601082, ""learning_rate"": 0.012275330575079745, ""max_depth"": 3, ""min_child_samples"": 23, ""num_leaves"": 15, ""reg_lambda"": 0.13651995225308586, ""subsample"": 0.6833502131174686, ""subsample_freq"": 1}"
1,4,42,0,0.2213176379571323,0.16389835170646364,0.08084118137814239,"{""colsample_bytree"": 0.6672463017601082, ""learning_rate"": 0.012275330575079745, ""max_depth"": 3, ""min_child_samples"": 23, ""num_leaves"": 15, ""reg_lambda"": 0.13651995225308586, ""subsample"": 0.6833502131174686, ""subsample_freq"": 1}"
1,4,48,0,0.18356473690293626,0.17597977737020268,0.05768864878318373,"{""colsample_bytree"": 0.6672463017601082, ""learning_rate"": 0.012275330575079745, ""max_depth"": 3, ""min_child_samples"": 23, ""num_leaves"": 15, ""reg_lambda"": 0.13651995225308586, ""subsample"": 0.6833502131174686, ""subsample_freq"": 1}"
1,4,60,0,0.4174244867937883,0.3987987222542456,0.07347363408639052,"{""colsample_bytree"": 0.6672463017601082, ""learning_rate"": 0.012275330575079745, ""max_depth"": 3, ""min_child_samples"": 23, ""num_leaves"": 15, ""reg_lambda"": 0.13651995225308586, ""subsample"": 0.6833502131174686, ""subsample_freq"": 1}"
1,4,63,1,0.5024265902014603,0.5466525376163169,0.06936395055195814,"{""colsample_bytree"": 0.6672463017601082, ""learning_rate"": 0.012275330575079745, ""max_depth"": 3, ""min_child_samples"": 23, ""num_leaves"": 15, ""reg_lambda"": 0.13651995225308586, ""subsample"": 0.6833502131174686, ""subsample_freq"": 1}"
1,4,67,0,0.5338477131393716,0.5311108301003596,0.08643912054060834,"{""colsample_bytree"": 0.6672463017601082, ""learning_rate"": 0.012275330575079745, ""max_depth"": 3, ""min_child_samples"": 23, ""num_leaves"": 15, ""reg_lambda"": 0.13651995225308586, ""subsample"": 0.6833502131174686, ""subsample_freq"": 1}"
1,4,76,1,0.7647197133941415,0.8087466317979899,0.06931000929471337,"{""colsample_bytree"": 0.6672463017601082, ""learning_rate"": 0.012275330575079745, ""max_depth"": 3, ""min_child_samples"": 23, ""num_leaves"": 15, ""reg_lambda"": 0.13651995225308586, ""subsample"": 0.6833502131174686, ""subsample_freq"": 1}"
1,4,79,0,0.2526607669191166,0.20360052797412545,0.052120137885006204,"{""colsample_bytree"": 0.6672463017601082, ""learning_rate"": 0.012275330575079745, ""max_depth"": 3, ""min_child_samples"": 23, ""num_leaves"": 15, ""reg_lambda"": 0.13651995225308586, ""subsample"": 0.6833502131174686, ""subsample_freq"": 1}"
1,4,80,1,0.8583351850721982,0.882920585498365,0.04555994867462579,"{""colsample_bytree"": 0.6672463017601082, ""learning_rate"": 0.012275330575079745, ""max_depth"": 3, ""min_child_samples"": 23, ""num_leaves"": 15, ""reg_lambda"": 0.13651995225308586, ""subsample"": 0.6833502131174686, ""subsample_freq"": 1}"
1,4,82,1,0.39580543945996677,0.41620508925298577,0.04736447603729795,"{""colsample_bytree"": 0.6672463017601082, ""learning_rate"": 0.012275330575079745, ""max_depth"": 3, ""min_child_samples"": 23, ""num_leaves"": 15, ""reg_lambda"": 0.13651995225308586, ""subsample"": 0.6833502131174686, ""subsample_freq"": 1}"
1,4,87,1,0.696147355489804,0.6617091179539416,0.0711570735682882,"{""colsample_bytree"": 0.6672463017601082, ""learning_rate"": 0.012275330575079745, ""max_depth"": 3, ""min_child_samples"": 23, ""num_leaves"": 15, ""reg_lambda"": 0.13651995225308586, ""subsample"": 0.6833502131174686, ""subsample_freq"": 1}"
1,4,88,0,0.8129575462063179,0.811613873210257,0.053916626414367334,"{""colsample_bytree"": 0.6672463017601082, ""learning_rate"": 0.012275330575079745, ""max_depth"": 3, ""min_child_samples"": 23, ""num_leaves"": 15, ""reg_lambda"": 0.13651995225308586, ""subsample"": 0.6833502131174686, ""subsample_freq"": 1}"
1,4,92,1,0.8369814812200743,0.8571879423561782,0.03485125459460369,"{""colsample_bytree"": 0.6672463017601082, ""learning_rate"": 0.012275330575079745, ""max_depth"": 3, ""min_child_samples"": 23, ""num_leaves"": 15, ""reg_lambda"": 0.13651995225308586, ""subsample"": 0.6833502131174686, ""subsample_freq"": 1}"
1,4,107,1,0.4568044746104053,0.4846458860283823,0.04054452587549624,"{""colsample_bytree"": 0.6672463017601082, ""learning_rate"": 0.012275330575079745, ""max_depth"": 3, ""min_child_samples"": 23, ""num_leaves"": 15, ""reg_lambda"": 0.13651995225308586, ""subsample"": 0.6833502131174686, ""subsample_freq"": 1}"
1,4,109,0,0.6182640102995834,0.6795239781371443,0.09639947513187455,"{""colsample_bytree"": 0.6672463017601082, ""learning_rate"": 0.012275330575079745, ""max_depth"": 3, ""min_child_samples"": 23, ""num_leaves"": 15, ""reg_lambda"": 0.13651995225308586, ""subsample"": 0.6833502131174686, ""subsample_freq"": 1}"
1,4,115,0,0.5252305970426181,0.5406847303639758,0.08734531699059962,"{""colsample_bytree"": 0.6672463017601082, ""learning_rate"": 0.012275330575079745, ""max_depth"": 3, ""min_child_samples"": 23, ""num_leaves"": 15, ""reg_lambda"": 0.13651995225308586, ""subsample"": 0.6833502131174686, ""subsample_freq"": 1}"
1,4,116,1,0.8705286740652449,0.8787315532124242,0.03427149582116619,"{""colsample_bytree"": 0.6672463017601082, ""learning_rate"": 0.012275330575079745, ""max_depth"": 3, ""min_child_samples"": 23, ""num_leaves"": 15, ""reg_lambda"": 0.13651995225308586, ""subsample"": 0.6833502131174686, ""subsample_freq"": 1}"
1,4,120,1,0.5823291514686402,0.6156634578553675,0.05413369649212682,"{""colsample_bytree"": 0.6672463017601082, ""learning_rate"": 0.012275330575079745, ""max_depth"": 3, ""min_child_samples"": 23, ""num_leaves"": 15, ""reg_lambda"": 0.13651995225308586, ""subsample"": 0.6833502131174686, ""subsample_freq"": 1}"
1,4,123,1,0.3917603813438909,0.3173899753189885,0.10455089851820487,"{""colsample_bytree"": 0.6672463017601082, ""learning_rate"": 0.012275330575079745, ""max_depth"": 3, ""min_child_samples"": 23, ""num_leaves"": 15, ""reg_lambda"": 0.13651995225308586, ""subsample"": 0.6833502131174686, ""subsample_freq"": 1}"
1,4,129,0,0.345888322467307,0.37256319217142775,0.11727854046722043,"{""colsample_bytree"": 0.6672463017601082, ""learning_rate"": 0.012275330575079745, ""max_depth"": 3, ""min_child_samples"": 23, ""num_leaves"": 15, ""reg_lambda"": 0.13651995225308586, ""subsample"": 0.6833502131174686, ""subsample_freq"": 1}"
1,4,134,1,0.5013901343772844,0.47911215183608613,0.0917227746569787,"{""colsample_bytree"": 0.6672463017601082, ""learning_rate"": 0.012275330575079745, ""max_depth"": 3, ""min_child_samples"": 23, ""num_leaves"": 15, ""reg_lambda"": 0.13651995225308586, ""subsample"": 0.6833502131174686, ""subsample_freq"": 1}"
1,4,147,1,0.6988210659073928,0.7287617735923912,0.07563971897290252,"{""colsample_bytree"": 0.6672463017601082, ""learning_rate"": 0.012275330575079745, ""max_depth"": 3, ""min_child_samples"": 23, ""num_leaves"": 15, ""reg_lambda"": 0.13651995225308586, ""subsample"": 0.6833502131174686, ""subsample_freq"": 1}"
1,4,156,1,0.6423171453267577,0.6689871905367382,0.04680822315498656,"{""colsample_bytree"": 0.6672463017601082, ""learning_rate"": 0.012275330575079745, ""max_depth"": 3, ""min_child_samples"": 23, ""num_leaves"": 15, ""reg_lambda"": 0.13651995225308586, ""subsample"": 0.6833502131174686, ""subsample_freq"": 1}"
1,4,159,1,0.89385589451823,0.9175544042768186,0.03632029774787915,"{""colsample_bytree"": 0.6672463017601082, ""learning_rate"": 0.012275330575079745, ""max_depth"": 3, ""min_child_samples"": 23, ""num_leaves"": 15, ""reg_lambda"": 0.13651995225308586, ""subsample"": 0.6833502131174686, ""subsample_freq"": 1}"
1,4,163,1,0.4996188828780822,0.5310383888814352,0.09138577511790771,"{""colsample_bytree"": 0.6672463017601082, ""learning_rate"": 0.012275330575079745, ""max_depth"": 3, ""min_child_samples"": 23, ""num_leaves"": 15, ""reg_lambda"": 0.13651995225308586, ""subsample"": 0.6833502131174686, ""subsample_freq"": 1}"
1,4,165,1,0.5585625042567619,0.6190846460095424,0.0912564730752402,"{""colsample_bytree"": 0.6672463017601082, ""learning_rate"": 0.012275330575079745, ""max_depth"": 3, ""min_child_samples"": 23, ""num_leaves"": 15, ""reg_lambda"": 0.13651995225308586, ""subsample"": 0.6833502131174686, ""subsample_freq"": 1}"
1,4,169,0,0.3499861918853463,0.3198599479588319,0.05879695075868503,"{""colsample_bytree"": 0.6672463017601082, ""learning_rate"": 0.012275330575079745, ""max_depth"": 3, ""min_child_samples"": 23, ""num_leaves"": 15, ""reg_lambda"": 0.13651995225308586, ""subsample"": 0.6833502131174686, ""subsample_freq"": 1}"
1,4,173,1,0.6412394389432315,0.6707828755886377,0.0629641980188026,"{""colsample_bytree"": 0.6672463017601082, ""learning_rate"": 0.012275330575079745, ""max_depth"": 3, ""min_child_samples"": 23, ""num_leaves"": 15, ""reg_lambda"": 0.13651995225308586, ""subsample"": 0.6833502131174686, ""subsample_freq"": 1}"
1,4,182,1,0.37955629695664345,0.41254438007597993,0.06720495573299581,"{""colsample_bytree"": 0.6672463017601082, ""learning_rate"": 0.012275330575079745, ""max_depth"": 3, ""min_child_samples"": 23, ""num_leaves"": 15, ""reg_lambda"": 0.13651995225308586, ""subsample"": 0.6833502131174686, ""subsample_freq"": 1}"
1,4,190,0,0.764603509209345,0.7516820070567158,0.062326308606085776,"{""colsample_bytree"": 0.6672463017601082, ""learning_rate"": 0.012275330575079745, ""max_depth"": 3, ""min_child_samples"": 23, ""num_leaves"": 15, ""reg_lambda"": 0.13651995225308586, ""subsample"": 0.6833502131174686, ""subsample_freq"": 1}"
1,4,192,0,0.18003069131051047,0.13857801965726022,0.0254286050108813,"{""colsample_bytree"": 0.6672463017601082, ""learning_rate"": 0.012275330575079745, ""max_depth"": 3, ""min_child_samples"": 23, ""num_leaves"": 15, ""reg_lambda"": 0.13651995225308586, ""subsample"": 0.6833502131174686, ""subsample_freq"": 1}"
1,4,199,0,0.38200902791725794,0.36991345214849447,0.02207386838320719,"{""colsample_bytree"": 0.6672463017601082, ""learning_rate"": 0.012275330575079745, ""max_depth"": 3, ""min_child_samples"": 23, ""num_leaves"": 15, ""reg_lambda"": 0.13651995225308586, ""subsample"": 0.6833502131174686, ""subsample_freq"": 1}"
1,4,204,0,0.44524451820261274,0.4088943039754798,0.08333138352916247,"{""colsample_bytree"": 0.6672463017601082, ""learning_rate"": 0.012275330575079745, ""max_depth"": 3, ""min_child_samples"": 23, ""num_leaves"": 15, ""reg_lambda"": 0.13651995225308586, ""subsample"": 0.6833502131174686, ""subsample_freq"": 1}"
1,4,206,1,0.5721301896044529,0.5641010344901771,0.09749985937217043,"{""colsample_bytree"": 0.6672463017601082, ""learning_rate"": 0.012275330575079745, ""max_depth"": 3, ""min_child_samples"": 23, ""num_leaves"": 15, ""reg_lambda"": 0.13651995225308586, ""subsample"": 0.6833502131174686, ""subsample_freq"": 1}"
1,4,215,1,0.66747629605411,0.6897738445162519,0.06570551363265947,"{""colsample_bytree"": 0.6672463017601082, ""learning_rate"": 0.012275330575079745, ""max_depth"": 3, ""min_child_samples"": 23, ""num_leaves"": 15, ""reg_lambda"": 0.13651995225308586, ""subsample"": 0.6833502131174686, ""subsample_freq"": 1}"
1,4,216,0,0.5531045069106915,0.5170230850157196,0.0745602915247451,"{""colsample_bytree"": 0.6672463017601082, ""learning_rate"": 0.012275330575079745, ""max_depth"": 3, ""min_child_samples"": 23, ""num_leaves"": 15, ""reg_lambda"": 0.13651995225308586, ""subsample"": 0.6833502131174686, ""subsample_freq"": 1}"
1,4,218,0,0.2811132341123634,0.2525345555548198,0.06293077317333225,"{""colsample_bytree"": 0.6672463017601082, ""learning_rate"": 0.012275330575079745, ""max_depth"": 3, ""min_child_samples"": 23, ""num_leaves"": 15, ""reg_lambda"": 0.13651995225308586, ""subsample"": 0.6833502131174686, ""subsample_freq"": 1}"
1,4,234,0,0.2103795814476019,0.1798098956700171,0.026900236417508768,"{""colsample_bytree"": 0.6672463017601082, ""learning_rate"": 0.012275330575079745, ""max_depth"": 3, ""min_child_samples"": 23, ""num_leaves"": 15, ""reg_lambda"": 0.13651995225308586, ""subsample"": 0.6833502131174686, ""subsample_freq"": 1}"
1,4,235,1,0.8970581109985378,0.8962141855349554,0.035843310080591696,"{""colsample_bytree"": 0.6672463017601082, ""learning_rate"": 0.012275330575079745, ""max_depth"": 3, ""min_child_samples"": 23, ""num_leaves"": 15, ""reg_lambda"": 0.13651995225308586, ""subsample"": 0.6833502131174686, ""subsample_freq"": 1}"
1,4,241,1,0.31535203056449324,0.24695352178247468,0.050601688689864345,"{""colsample_bytree"": 0.6672463017601082, ""learning_rate"": 0.012275330575079745, ""max_depth"": 3, ""min_child_samples"": 23, ""num_leaves"": 15, ""reg_lambda"": 0.13651995225308586, ""subsample"": 0.6833502131174686, ""subsample_freq"": 1}"
1,4,242,1,0.691768116615684,0.7153249076190833,0.05243231315000355,"{""colsample_bytree"": 0.6672463017601082, ""learning_rate"": 0.012275330575079745, ""max_depth"": 3, ""min_child_samples"": 23, ""num_leaves"": 15, ""reg_lambda"": 0.13651995225308586, ""subsample"": 0.6833502131174686, ""subsample_freq"": 1}"
1,4,250,1,0.543789962566414,0.5712997022490733,0.08005484108785806,"{""colsample_bytree"": 0.6672463017601082, ""learning_rate"": 0.012275330575079745, ""max_depth"": 3, ""min_child_samples"": 23, ""num_leaves"": 15, ""reg_lambda"": 0.13651995225308586, ""subsample"": 0.6833502131174686, ""subsample_freq"": 1}"
1,4,257,0,0.2046373543147856,0.19033097427044876,0.06286250928065315,"{""colsample_bytree"": 0.6672463017601082, ""learning_rate"": 0.012275330575079745, ""max_depth"": 3, ""min_child_samples"": 23, ""num_leaves"": 15, ""reg_lambda"": 0.13651995225308586, ""subsample"": 0.6833502131174686, ""subsample_freq"": 1}"
1,4,259,1,0.6527170027665449,0.6112377297072843,0.07118587926174812,"{""colsample_bytree"": 0.6672463017601082, ""learning_rate"": 0.012275330575079745, ""max_depth"": 3, ""min_child_samples"": 23, ""num_leaves"": 15, ""reg_lambda"": 0.13651995225308586, ""subsample"": 0.6833502131174686, ""subsample_freq"": 1}"
1,4,260,1,0.730034390467114,0.779524328111626,0.06312196078929083,"{""colsample_bytree"": 0.6672463017601082, ""learning_rate"": 0.012275330575079745, ""max_depth"": 3, ""min_child_samples"": 23, ""num_leaves"": 15, ""reg_lambda"": 0.13651995225308586, ""subsample"": 0.6833502131174686, ""subsample_freq"": 1}"
1,4,262,1,0.5740775946779597,0.5443486408930549,0.08379947607755528,"{""colsample_bytree"": 0.6672463017601082, ""learning_rate"": 0.012275330575079745, ""max_depth"": 3, ""min_child_samples"": 23, ""num_leaves"": 15, ""reg_lambda"": 0.13651995225308586, ""subsample"": 0.6833502131174686, ""subsample_freq"": 1}"
1,4,264,0,0.18886046025525205,0.13449524464053067,0.04195884180763631,"{""colsample_bytree"": 0.6672463017601082, ""learning_rate"": 0.012275330575079745, ""max_depth"": 3, ""min_child_samples"": 23, ""num_leaves"": 15, ""reg_lambda"": 0.13651995225308586, ""subsample"": 0.6833502131174686, ""subsample_freq"": 1}"
1,4,272,0,0.49326511006802576,0.4724705219192645,0.033455166343689696,"{""colsample_bytree"": 0.6672463017601082, ""learning_rate"": 0.012275330575079745, ""max_depth"": 3, ""min_child_samples"": 23, ""num_leaves"": 15, ""reg_lambda"": 0.13651995225308586, ""subsample"": 0.6833502131174686, ""subsample_freq"": 1}"
1,4,273,1,0.7982243520271376,0.8184015735615835,0.07171996203577669,"{""colsample_bytree"": 0.6672463017601082, ""learning_rate"": 0.012275330575079745, ""max_depth"": 3, ""min_child_samples"": 23, ""num_leaves"": 15, ""reg_lambda"": 0.13651995225308586, ""subsample"": 0.6833502131174686, ""subsample_freq"": 1}"
1,4,287,0,0.401719722670987,0.4160923700625213,0.03773947539477623,"{""colsample_bytree"": 0.6672463017601082, ""learning_rate"": 0.012275330575079745, ""max_depth"": 3, ""min_child_samples"": 23, ""num_leaves"": 15, ""reg_lambda"": 0.13651995225308586, ""subsample"": 0.6833502131174686, ""subsample_freq"": 1}"
1,4,288,0,0.330801985074472,0.34308634812671596,0.048374486721835565,"{""colsample_bytree"": 0.6672463017601082, ""learning_rate"": 0.012275330575079745, ""max_depth"": 3, ""min_child_samples"": 23, ""num_leaves"": 15, ""reg_lambda"": 0.13651995225308586, ""subsample"": 0.6833502131174686, ""subsample_freq"": 1}"
1,4,298,1,0.7505026959894258,0.707146306486299,0.04081076923623482,"{""colsample_bytree"": 0.6672463017601082, ""learning_rate"": 0.012275330575079745, ""max_depth"": 3, ""min_child_samples"": 23, ""num_leaves"": 15, ""reg_lambda"": 0.13651995225308586, ""subsample"": 0.6833502131174686, ""subsample_freq"": 1}"
1,4,301,0,0.23591115141821561,0.17870166347351332,0.03268071006377759,"{""colsample_bytree"": 0.6672463017601082, ""learning_rate"": 0.012275330575079745, ""max_depth"": 3, ""min_child_samples"": 23, ""num_leaves"": 15, ""reg_lambda"": 0.13651995225308586, ""subsample"": 0.6833502131174686, ""subsample_freq"": 1}"
1,4,302,1,0.5442746009042512,0.5302589665628324,0.12769756816703395,"{""colsample_bytree"": 0.6672463017601082, ""learning_rate"": 0.012275330575079745, ""max_depth"": 3, ""min_child_samples"": 23, ""num_leaves"": 15, ""reg_lambda"": 0.13651995225308586, ""subsample"": 0.6833502131174686, ""subsample_freq"": 1}"
2,0,30,1,0.8090268994945978,0.7871149985880324,0.10117585068686935,"{""colsample_bytree"": 0.4353208470146336, ""learning_rate"": 0.019863658198318878, ""max_depth"": 4, ""min_child_samples"": 8, ""num_leaves"": 5, ""reg_lambda"": 0.7851547358743947, ""subsample"": 0.9276950715733973, ""subsample_freq"": 1}"
2,0,36,1,0.7737395595482158,0.7731666222979399,0.07849193797825926,"{""colsample_bytree"": 0.4353208470146336, ""learning_rate"": 0.019863658198318878, ""max_depth"": 4, ""min_child_samples"": 8, ""num_leaves"": 5, ""reg_lambda"": 0.7851547358743947, ""subsample"": 0.9276950715733973, ""subsample_freq"": 1}"
2,0,45,1,0.8942892910047252,0.8923256423860313,0.04969430584674711,"{""colsample_bytree"": 0.4353208470146336, ""learning_rate"": 0.019863658198318878, ""max_depth"": 4, ""min_child_samples"": 8, ""num_leaves"": 5, ""reg_lambda"": 0.7851547358743947, ""subsample"": 0.9276950715733973, ""subsample_freq"": 1}"
2,0,48,0,0.18970411823180838,0.17818491537697914,0.0871157146955166,"{""colsample_bytree"": 0.4353208470146336, ""learning_rate"": 0.019863658198318878, ""max_depth"": 4, ""min_child_samples"": 8, ""num_leaves"": 5, ""reg_lambda"": 0.7851547358743947, ""subsample"": 0.9276950715733973, ""subsample_freq"": 1}"
2,0,49,0,0.4111808216396153,0.44937273636367053,0.10863442280338731,"{""colsample_bytree"": 0.4353208470146336, ""learning_rate"": 0.019863658198318878, ""max_depth"": 4, ""min_child_samples"": 8, ""num_leaves"": 5, ""reg_lambda"": 0.7851547358743947, ""subsample"": 0.9276950715733973, ""subsample_freq"": 1}"
2,0,54,0,0.3205386740495712,0.35977407833189146,0.1318940994491894,"{""colsample_bytree"": 0.4353208470146336, ""learning_rate"": 0.019863658198318878, ""max_depth"": 4, ""min_child_samples"": 8, ""num_leaves"": 5, ""reg_lambda"": 0.7851547358743947, ""subsample"": 0.9276950715733973, ""subsample_freq"": 1}"
2,0,59,1,0.8989372539629557,0.9041126437970645,0.045030776333561624,"{""colsample_bytree"": 0.4353208470146336, ""learning_rate"": 0.019863658198318878, ""max_depth"": 4, ""min_child_samples"": 8, ""num_leaves"": 5, ""reg_lambda"": 0.7851547358743947, ""subsample"": 0.9276950715733973, ""subsample_freq"": 1}"
2,0,60,0,0.268093736681261,0.29291371062110105,0.06199025076556418,"{""colsample_bytree"": 0.4353208470146336, ""learning_rate"": 0.019863658198318878, ""max_depth"": 4, ""min_child_samples"": 8, ""num_leaves"": 5, ""reg_lambda"": 0.7851547358743947, ""subsample"": 0.9276950715733973, ""subsample_freq"": 1}"
2,0,67,0,0.55546388307639,0.5878071779736523,0.11284655348091208,"{""colsample_bytree"": 0.4353208470146336, ""learning_rate"": 0.019863658198318878, ""max_depth"": 4, ""min_child_samples"": 8, ""num_leaves"": 5, ""reg_lambda"": 0.7851547358743947, ""subsample"": 0.9276950715733973, ""subsample_freq"": 1}"
2,0,68,0,0.3339550310692896,0.27101389353737265,0.08832780969004828,"{""colsample_bytree"": 0.4353208470146336, ""learning_rate"": 0.019863658198318878, ""max_depth"": 4, ""min_child_samples"": 8, ""num_leaves"": 5, ""reg_lambda"": 0.7851547358743947, ""subsample"": 0.9276950715733973, ""subsample_freq"": 1}"
2,0,70,0,0.2391454162173749,0.20942197275799215,0.09932133497404394,"{""colsample_bytree"": 0.4353208470146336, ""learning_rate"": 0.019863658198318878, ""max_depth"": 4, ""min_child_samples"": 8, ""num_leaves"": 5, ""reg_lambda"": 0.7851547358743947, ""subsample"": 0.9276950715733973, ""subsample_freq"": 1}"
2,0,81,1,0.9248229748473289,0.9164162560649192,0.04004119543770017,"{""colsample_bytree"": 0.4353208470146336, ""learning_rate"": 0.019863658198318878, ""max_depth"": 4, ""min_child_samples"": 8, ""num_leaves"": 5, ""reg_lambda"": 0.7851547358743947, ""subsample"": 0.9276950715733973, ""subsample_freq"": 1}"
2,0,89,1,0.7831447270385384,0.7963993865654111,0.03479946707528484,"{""colsample_bytree"": 0.4353208470146336, ""learning_rate"": 0.019863658198318878, ""max_depth"": 4, ""min_child_samples"": 8, ""num_leaves"": 5, ""reg_lambda"": 0.7851547358743947, ""subsample"": 0.9276950715733973, ""subsample_freq"": 1}"
2,0,90,0,0.6351440422093075,0.57950543167715,0.10386606448166974,"{""colsample_bytree"": 0.4353208470146336, ""learning_rate"": 0.019863658198318878, ""max_depth"": 4, ""min_child_samples"": 8, ""num_leaves"": 5, ""reg_lambda"": 0.7851547358743947, ""subsample"": 0.9276950715733973, ""subsample_freq"": 1}"
2,0,93,1,0.7565466181486284,0.7990015444292302,0.08174217841636133,"{""colsample_bytree"": 0.4353208470146336, ""learning_rate"": 0.019863658198318878, ""max_depth"": 4, ""min_child_samples"": 8, ""num_leaves"": 5, ""reg_lambda"": 0.7851547358743947, ""subsample"": 0.9276950715733973, ""subsample_freq"": 1}"
2,0,94,1,0.8969416432500229,0.890005905788535,0.05412539902374987,"{""colsample_bytree"": 0.4353208470146336, ""learning_rate"": 0.019863658198318878, ""max_depth"": 4, ""min_child_samples"": 8, ""num_leaves"": 5, ""reg_lambda"": 0.7851547358743947, ""subsample"": 0.9276950715733973, ""subsample_freq"": 1}"
2,0,95,1,0.9095988040157279,0.9162527135133116,0.03922963882366522,"{""colsample_bytree"": 0.4353208470146336, ""learning_rate"": 0.019863658198318878, ""max_depth"": 4, ""min_child_samples"": 8, ""num_leaves"": 5, ""reg_lambda"": 0.7851547358743947, ""subsample"": 0.9276950715733973, ""subsample_freq"": 1}"
2,0,98,1,0.8570193611574828,0.8546578171163279,0.06892233325545513,"{""colsample_bytree"": 0.4353208470146336, ""learning_rate"": 0.019863658198318878, ""max_depth"": 4, ""min_child_samples"": 8, ""num_leaves"": 5, ""reg_lambda"": 0.7851547358743947, ""subsample"": 0.9276950715733973, ""subsample_freq"": 1}"
2,0,105,1,0.7399506763417355,0.7734554200498,0.04295103005825297,"{""colsample_bytree"": 0.4353208470146336, ""learning_rate"": 0.019863658198318878, ""max_depth"": 4, ""min_child_samples"": 8, ""num_leaves"": 5, ""reg_lambda"": 0.7851547358743947, ""subsample"": 0.9276950715733973, ""subsample_freq"": 1}"
2,0,107,1,0.38948732932496544,0.41325855689107005,0.029315612892008937,"{""colsample_bytree"": 0.4353208470146336, ""learning_rate"": 0.019863658198318878, ""max_depth"": 4, ""min_child_samples"": 8, ""num_leaves"": 5, ""reg_lambda"": 0.7851547358743947, ""subsample"": 0.9276950715733973, ""subsample_freq"": 1}"
2,0,114,1,0.9248358055289582,0.9308429308717561,0.04188300017791624,"{""colsample_bytree"": 0.4353208470146336, ""learning_rate"": 0.019863658198318878, ""max_depth"": 4, ""min_child_samples"": 8, ""num_leaves"": 5, ""reg_lambda"": 0.7851547358743947, ""subsample"": 0.9276950715733973, ""subsample_freq"": 1}"
2,0,115,0,0.5574672641700574,0.5622417443122871,0.07710319506452686,"{""colsample_bytree"": 0.4353208470146336, ""learning_rate"": 0.019863658198318878, ""max_depth"": 4, ""min_child_samples"": 8, ""num_leaves"": 5, ""reg_lambda"": 0.7851547358743947, ""subsample"": 0.9276950715733973, ""subsample_freq"": 1}"
2,0,118,1,0.695883299022431,0.7351667456821438,0.07993313417541258,"{""colsample_bytree"": 0.4353208470146336, ""learning_rate"": 0.019863658198318878, ""max_depth"": 4, ""min_child_samples"": 8, ""num_leaves"": 5, ""reg_lambda"": 0.7851547358743947, ""subsample"": 0.9276950715733973, ""subsample_freq"": 1}"
2,0,119,1,0.791009514275456,0.7741357466762779,0.08867870454326802,"{""colsample_bytree"": 0.4353208470146336, ""learning_rate"": 0.019863658198318878, ""max_depth"": 4, ""min_child_samples"": 8, ""num_leaves"": 5, ""reg_lambda"": 0.7851547358743947, ""subsample"": 0.9276950715733973, ""subsample_freq"": 1}"
2,0,123,1,0.4493372128647674,0.41807694316943056,0.05698248076169659,"{""colsample_bytree"": 0.4353208470146336, ""learning_rate"": 0.019863658198318878, ""max_depth"": 4, ""min_child_samples"": 8, ""num_leaves"": 5, ""reg_lambda"": 0.7851547358743947, ""subsample"": 0.9276950715733973, ""subsample_freq"": 1}"
2,0,126,1,0.7329260756738627,0.7608810830340635,0.06813345049447977,"{""colsample_bytree"": 0.4353208470146336, ""learning_rate"": 0.019863658198318878, ""max_depth"": 4, ""min_child_samples"": 8, ""num_leaves"": 5, ""reg_lambda"": 0.7851547358743947, ""subsample"": 0.9276950715733973, ""subsample_freq"": 1}"
2,0,128,1,0.717952941725051,0.7464851626307791,0.10774919545429984,"{""colsample_bytree"": 0.4353208470146336, ""learning_rate"": 0.019863658198318878, ""max_depth"": 4, ""min_child_samples"": 8, ""num_leaves"": 5, ""reg_lambda"": 0.7851547358743947, ""subsample"": 0.9276950715733973, ""subsample_freq"": 1}"
2,0,137,0,0.31642978610846145,0.239790303800135,0.09153563855083577,"{""colsample_bytree"": 0.4353208470146336, ""learning_rate"": 0.019863658198318878, ""max_depth"": 4, ""min_child_samples"": 8, ""num_leaves"": 5, ""reg_lambda"": 0.7851547358743947, ""subsample"": 0.9276950715733973, ""subsample_freq"": 1}"
2,0,148,1,0.547066663927687,0.5952010181989426,0.07746299222233483,"{""colsample_bytree"": 0.4353208470146336, ""learning_rate"": 0.019863658198318878, ""max_depth"": 4, ""min_child_samples"": 8, ""num_leaves"": 5, ""reg_lambda"": 0.7851547358743947, ""subsample"": 0.9276950715733973, ""subsample_freq"": 1}"
2,0,149,1,0.7194664762510498,0.6948549016290613,0.06188895720991013,"{""colsample_bytree"": 0.4353208470146336, ""learning_rate"": 0.019863658198318878, ""max_depth"": 4, ""min_child_samples"": 8, ""num_leaves"": 5, ""reg_lambda"": 0.7851547358743947, ""subsample"": 0.9276950715733973, ""subsample_freq"": 1}"
2,0,150,0,0.2954854372605783,0.316782967291371,0.04100513943719212,"{""colsample_bytree"": 0.4353208470146336, ""learning_rate"": 0.019863658198318878, ""max_depth"": 4, ""min_child_samples"": 8, ""num_leaves"": 5, ""reg_lambda"": 0.7851547358743947, ""subsample"": 0.9276950715733973, ""subsample_freq"": 1}"
2,0,152,1,0.3850266251562233,0.3534417386041117,0.08364750062547882,"{""colsample_bytree"": 0.4353208470146336, ""learning_rate"": 0.019863658198318878, ""max_depth"": 4, ""min_child_samples"": 8, ""num_leaves"": 5, ""reg_lambda"": 0.7851547358743947, ""subsample"": 0.9276950715733973, ""subsample_freq"": 1}"
2,0,154,0,0.5739742972132679,0.6029668270090415,0.056717599200182746,"{""colsample_bytree"": 0.4353208470146336, ""learning_rate"": 0.019863658198318878, ""max_depth"": 4, ""min_child_samples"": 8, ""num_leaves"": 5, ""reg_lambda"": 0.7851547358743947, ""subsample"": 0.9276950715733973, ""subsample_freq"": 1}"
2,0,162,1,0.8755082982665788,0.8578463456948426,0.049033669559179295,"{""colsample_bytree"": 0.4353208470146336, ""learning_rate"": 0.019863658198318878, ""max_depth"": 4, ""min_child_samples"": 8, ""num_leaves"": 5, ""reg_lambda"": 0.7851547358743947, ""subsample"": 0.9276950715733973, ""subsample_freq"": 1}"
2,0,166,0,0.18256911953977942,0.17591176908125977,0.08654576376351099,"{""colsample_bytree"": 0.4353208470146336, ""learning_rate"": 0.019863658198318878, ""max_depth"": 4, ""min_child_samples"": 8, ""num_leaves"": 5, ""reg_lambda"": 0.7851547358743947, ""subsample"": 0.9276950715733973, ""subsample_freq"": 1}"
2,0,167,1,0.7995396763739542,0.7897232814730069,0.10465291317206067,"{""colsample_bytree"": 0.4353208470146336, ""learning_rate"": 0.019863658198318878, ""max_depth"": 4, ""min_child_samples"": 8, ""num_leaves"": 5, ""reg_lambda"": 0.7851547358743947, ""subsample"": 0.9276950715733973, ""subsample_freq"": 1}"
2,0,169,0,0.38228482981435874,0.3362197291461768,0.10464007352136588,"{""colsample_bytree"": 0.4353208470146336, ""learning_rate"": 0.019863658198318878, ""max_depth"": 4, ""min_child_samples"": 8, ""num_leaves"": 5, ""reg_lambda"": 0.7851547358743947, ""subsample"": 0.9276950715733973, ""subsample_freq"": 1}"
2,0,170,0,0.3053009878902537,0.26559138958822187,0.12208391026695331,"{""colsample_bytree"": 0.4353208470146336, ""learning_rate"": 0.019863658198318878, ""max_depth"": 4, ""min_child_samples"": 8, ""num_leaves"": 5, ""reg_lambda"": 0.7851547358743947, ""subsample"": 0.9276950715733973, ""subsample_freq"": 1}"
2,0,171,1,0.6143043601063175,0.6611736784170705,0.1305249720465841,"{""colsample_bytree"": 0.4353208470146336, ""learning_rate"": 0.019863658198318878, ""max_depth"": 4, ""min_child_samples"": 8, ""num_leaves"": 5, ""reg_lambda"": 0.7851547358743947, ""subsample"": 0.9276950715733973, ""subsample_freq"": 1}"
2,0,174,1,0.9005258467521019,0.8944692988349038,0.051430511142923324,"{""colsample_bytree"": 0.4353208470146336, ""learning_rate"": 0.019863658198318878, ""max_depth"": 4, ""min_child_samples"": 8, ""num_leaves"": 5, ""reg_lambda"": 0.7851547358743947, ""subsample"": 0.9276950715733973, ""subsample_freq"": 1}"
2,0,176,1,0.24177041414454636,0.2707496096290887,0.07139577402974226,"{""colsample_bytree"": 0.4353208470146336, ""learning_rate"": 0.019863658198318878, ""max_depth"": 4, ""min_child_samples"": 8, ""num_leaves"": 5, ""reg_lambda"": 0.7851547358743947, ""subsample"": 0.9276950715733973, ""subsample_freq"": 1}"
2,0,177,1,0.756208077261634,0.7391029138567331,0.10295443886758637,"{""colsample_bytree"": 0.4353208470146336, ""learning_rate"": 0.019863658198318878, ""max_depth"": 4, ""min_child_samples"": 8, ""num_leaves"": 5, ""reg_lambda"": 0.7851547358743947, ""subsample"": 0.9276950715733973, ""subsample_freq"": 1}"
2,0,182,1,0.4072216408052894,0.44597760300801925,0.12972236682591776,"{""colsample_bytree"": 0.4353208470146336, ""learning_rate"": 0.019863658198318878, ""max_depth"": 4, ""min_child_samples"": 8, ""num_leaves"": 5, ""reg_lambda"": 0.7851547358743947, ""subsample"": 0.9276950715733973, ""subsample_freq"": 1}"
2,0,187,1,0.7864434559140367,0.7850215002042732,0.06133888721497959,"{""colsample_bytree"": 0.4353208470146336, ""learning_rate"": 0.019863658198318878, ""max_depth"": 4, ""min_child_samples"": 8, ""num_leaves"": 5, ""reg_lambda"": 0.7851547358743947, ""subsample"": 0.9276950715733973, ""subsample_freq"": 1}"
2,0,194,0,0.24469981916526862,0.2077325812079783,0.045719337489964776,"{""colsample_bytree"": 0.4353208470146336, ""learning_rate"": 0.019863658198318878, ""max_depth"": 4, ""min_child_samples"": 8, ""num_leaves"": 5, ""reg_lambda"": 0.7851547358743947, ""subsample"": 0.9276950715733973, ""subsample_freq"": 1}"
2,0,201,0,0.32512396485041367,0.3186676129218082,0.10944447518079317,"{""colsample_bytree"": 0.4353208470146336, ""learning_rate"": 0.019863658198318878, ""max_depth"": 4, ""min_child_samples"": 8, ""num_leaves"": 5, ""reg_lambda"": 0.7851547358743947, ""subsample"": 0.9276950715733973, ""subsample_freq"": 1}"
2,0,203,0,0.33995674758528127,0.28769644275190503,0.08198846153106505,"{""colsample_bytree"": 0.4353208470146336, ""learning_rate"": 0.019863658198318878, ""max_depth"": 4, ""min_child_samples"": 8, ""num_leaves"": 5, ""reg_lambda"": 0.7851547358743947, ""subsample"": 0.9276950715733973, ""subsample_freq"": 1}"
2,0,218,0,0.3000425055113973,0.2426427601285309,0.07320077095787068,"{""colsample_bytree"": 0.4353208470146336, ""learning_rate"": 0.019863658198318878, ""max_depth"": 4, ""min_child_samples"": 8, ""num_leaves"": 5, ""reg_lambda"": 0.7851547358743947, ""subsample"": 0.9276950715733973, ""subsample_freq"": 1}"
2,0,226,1,0.6757558925981385,0.6537174577688616,0.08857729159961705,"{""colsample_bytree"": 0.4353208470146336, ""learning_rate"": 0.019863658198318878, ""max_depth"": 4, ""min_child_samples"": 8, ""num_leaves"": 5, ""reg_lambda"": 0.7851547358743947, ""subsample"": 0.9276950715733973, ""subsample_freq"": 1}"
2,0,242,1,0.7545574827153895,0.7571014754992564,0.06452117908020144,"{""colsample_bytree"": 0.4353208470146336, ""learning_rate"": 0.019863658198318878, ""max_depth"": 4, ""min_child_samples"": 8, ""num_leaves"": 5, ""reg_lambda"": 0.7851547358743947, ""subsample"": 0.9276950715733973, ""subsample_freq"": 1}"
2,0,245,1,0.45510011608667766,0.4658229689906471,0.05557893866907096,"{""colsample_bytree"": 0.4353208470146336, ""learning_rate"": 0.019863658198318878, ""max_depth"": 4, ""min_child_samples"": 8, ""num_leaves"": 5, ""reg_lambda"": 0.7851547358743947, ""subsample"": 0.9276950715733973, ""subsample_freq"": 1}"
2,0,247,0,0.12528275401411126,0.12394914430225264,0.05828985982718715,"{""colsample_bytree"": 0.4353208470146336, ""learning_rate"": 0.019863658198318878, ""max_depth"": 4, ""min_child_samples"": 8, ""num_leaves"": 5, ""reg_lambda"": 0.7851547358743947, ""subsample"": 0.9276950715733973, ""subsample_freq"": 1}"
2,0,255,0,0.16766779733254839,0.1441622391857654,0.0863921587219904,"{""colsample_bytree"": 0.4353208470146336, ""learning_rate"": 0.019863658198318878, ""max_depth"": 4, ""min_child_samples"": 8, ""num_leaves"": 5, ""reg_lambda"": 0.7851547358743947, ""subsample"": 0.9276950715733973, ""subsample_freq"": 1}"
2,0,256,0,0.1662625800466567,0.1529707127381266,0.06008770008207496,"{""colsample_bytree"": 0.4353208470146336, ""learning_rate"": 0.019863658198318878, ""max_depth"": 4, ""min_child_samples"": 8, ""num_leaves"": 5, ""reg_lambda"": 0.7851547358743947, ""subsample"": 0.9276950715733973, ""subsample_freq"": 1}"
2,0,258,0,0.22085955844154556,0.18580861336045967,0.10404531198489209,"{""colsample_bytree"": 0.4353208470146336, ""learning_rate"": 0.019863658198318878, ""max_depth"": 4, ""min_child_samples"": 8, ""num_leaves"": 5, ""reg_lambda"": 0.7851547358743947, ""subsample"": 0.9276950715733973, ""subsample_freq"": 1}"
2,0,269,1,0.7277291413147865,0.745737117113086,0.021446959896048466,"{""colsample_bytree"": 0.4353208470146336, ""learning_rate"": 0.019863658198318878, ""max_depth"": 4, ""min_child_samples"": 8, ""num_leaves"": 5, ""reg_lambda"": 0.7851547358743947, ""subsample"": 0.9276950715733973, ""subsample_freq"": 1}"
2,0,271,1,0.9222439567238295,0.9156364528278405,0.03488555130035979,"{""colsample_bytree"": 0.4353208470146336, ""learning_rate"": 0.019863658198318878, ""max_depth"": 4, ""min_child_samples"": 8, ""num_leaves"": 5, ""reg_lambda"": 0.7851547358743947, ""subsample"": 0.9276950715733973, ""subsample_freq"": 1}"
2,0,274,1,0.8875732000424217,0.9211743523543217,0.033452068901770514,"{""colsample_bytree"": 0.4353208470146336, ""learning_rate"": 0.019863658198318878, ""max_depth"": 4, ""min_child_samples"": 8, ""num_leaves"": 5, ""reg_lambda"": 0.7851547358743947, ""subsample"": 0.9276950715733973, ""subsample_freq"": 1}"
2,0,296,0,0.41562410227490887,0.3565401600904021,0.12952473327871356,"{""colsample_bytree"": 0.4353208470146336, ""learning_rate"": 0.019863658198318878, ""max_depth"": 4, ""min_child_samples"": 8, ""num_leaves"": 5, ""reg_lambda"": 0.7851547358743947, ""subsample"": 0.9276950715733973, ""subsample_freq"": 1}"
2,0,301,0,0.2600461354746424,0.24213092259503952,0.10824666054939096,"{""colsample_bytree"": 0.4353208470146336, ""learning_rate"": 0.019863658198318878, ""max_depth"": 4, ""min_child_samples"": 8, ""num_leaves"": 5, ""reg_lambda"": 0.7851547358743947, ""subsample"": 0.9276950715733973, ""subsample_freq"": 1}"
2,0,302,1,0.5769655666773529,0.5175719745142106,0.07073926914463151,"{""colsample_bytree"": 0.4353208470146336, ""learning_rate"": 0.019863658198318878, ""max_depth"": 4, ""min_child_samples"": 8, ""num_leaves"": 5, ""reg_lambda"": 0.7851547358743947, ""subsample"": 0.9276950715733973, ""subsample_freq"": 1}"
2,1,3,0,0.48562317687862827,0.45163537011449406,0.13553534817026888,"{""colsample_bytree"": 0.8332011501391223, ""learning_rate"": 0.014964373329086386, ""max_depth"": 3, ""min_child_samples"": 5, ""num_leaves"": 5, ""reg_lambda"": 2.130951933365803, ""subsample"": 0.7316811194254416, ""subsample_freq"": 1}"
2,1,8,0,0.17324807076589013,0.13444962306551153,0.03801364488119613,"{""colsample_bytree"": 0.8332011501391223, ""learning_rate"": 0.014964373329086386, ""max_depth"": 3, ""min_child_samples"": 5, ""num_leaves"": 5, ""reg_lambda"": 2.130951933365803, ""subsample"": 0.7316811194254416, ""subsample_freq"": 1}"
2,1,9,0,0.7626081926289062,0.8070466662338752,0.06932045731550547,"{""colsample_bytree"": 0.8332011501391223, ""learning_rate"": 0.014964373329086386, ""max_depth"": 3, ""min_child_samples"": 5, ""num_leaves"": 5, ""reg_lambda"": 2.130951933365803, ""subsample"": 0.7316811194254416, ""subsample_freq"": 1}"
2,1,12,1,0.8577589942040148,0.8919484544855873,0.022208845892991987,"{""colsample_bytree"": 0.8332011501391223, ""learning_rate"": 0.014964373329086386, ""max_depth"": 3, ""min_child_samples"": 5, ""num_leaves"": 5, ""reg_lambda"": 2.130951933365803, ""subsample"": 0.7316811194254416, ""subsample_freq"": 1}"
2,1,20,0,0.17386696648203526,0.14069862496416313,0.060690592719711715,"{""colsample_bytree"": 0.8332011501391223, ""learning_rate"": 0.014964373329086386, ""max_depth"": 3, ""min_child_samples"": 5, ""num_leaves"": 5, ""reg_lambda"": 2.130951933365803, ""subsample"": 0.7316811194254416, ""subsample_freq"": 1}"
2,1,21,1,0.5709494084149178,0.5878275053466201,0.030190857060302632,"{""colsample_bytree"": 0.8332011501391223, ""learning_rate"": 0.014964373329086386, ""max_depth"": 3, ""min_child_samples"": 5, ""num_leaves"": 5, ""reg_lambda"": 2.130951933365803, ""subsample"": 0.7316811194254416, ""subsample_freq"": 1}"
2,1,33,1,0.5838781446276147,0.6815608289095777,0.07011584012714042,"{""colsample_bytree"": 0.8332011501391223, ""learning_rate"": 0.014964373329086386, ""max_depth"": 3, ""min_child_samples"": 5, ""num_leaves"": 5, ""reg_lambda"": 2.130951933365803, ""subsample"": 0.7316811194254416, ""subsample_freq"": 1}"
2,1,37,1,0.7741872060040214,0.7713427204638492,0.08185751204879814,"{""colsample_bytree"": 0.8332011501391223, ""learning_rate"": 0.014964373329086386, ""max_depth"": 3, ""min_child_samples"": 5, ""num_leaves"": 5, ""reg_lambda"": 2.130951933365803, ""subsample"": 0.7316811194254416, ""subsample_freq"": 1}"
2,1,39,1,0.8996871038116425,0.9247102594227842,0.02646307282503815,"{""colsample_bytree"": 0.8332011501391223, ""learning_rate"": 0.014964373329086386, ""max_depth"": 3, ""min_child_samples"": 5, ""num_leaves"": 5, ""reg_lambda"": 2.130951933365803, ""subsample"": 0.7316811194254416, ""subsample_freq"": 1}"
2,1,40,1,0.8571334722060356,0.8744363867229408,0.020026914324116414,"{""colsample_bytree"": 0.8332011501391223, ""learning_rate"": 0.014964373329086386, ""max_depth"": 3, ""min_child_samples"": 5, ""num_leaves"": 5, ""reg_lambda"": 2.130951933365803, ""subsample"": 0.7316811194254416, ""subsample_freq"": 1}"
2,1,41,0,0.21833422797657956,0.16951576668398477,0.06561816265329366,"{""colsample_bytree"": 0.8332011501391223, ""learning_rate"": 0.014964373329086386, ""max_depth"": 3, ""min_child_samples"": 5, ""num_leaves"": 5, ""reg_lambda"": 2.130951933365803, ""subsample"": 0.7316811194254416, ""subsample_freq"": 1}"
2,1,43,1,0.6946413786916752,0.6966370219216353,0.0973814829750897,"{""colsample_bytree"": 0.8332011501391223, ""learning_rate"": 0.014964373329086386, ""max_depth"": 3, ""min_child_samples"": 5, ""num_leaves"": 5, ""reg_lambda"": 2.130951933365803, ""subsample"": 0.7316811194254416, ""subsample_freq"": 1}"
2,1,47,1,0.8255402465685795,0.861537534881994,0.014454084350895577,"{""colsample_bytree"": 0.8332011501391223, ""learning_rate"": 0.014964373329086386, ""max_depth"": 3, ""min_child_samples"": 5, ""num_leaves"": 5, ""reg_lambda"": 2.130951933365803, ""subsample"": 0.7316811194254416, ""subsample_freq"": 1}"
2,1,50,0,0.4357361676837201,0.4258669707653187,0.06516290201529422,"{""colsample_bytree"": 0.8332011501391223, ""learning_rate"": 0.014964373329086386, ""max_depth"": 3, ""min_child_samples"": 5, ""num_leaves"": 5, ""reg_lambda"": 2.130951933365803, ""subsample"": 0.7316811194254416, ""subsample_freq"": 1}"
2,1,53,0,0.5318583882067722,0.5487767837058827,0.11830625702031643,"{""colsample_bytree"": 0.8332011501391223, ""learning_rate"": 0.014964373329086386, ""max_depth"": 3, ""min_child_samples"": 5, ""num_leaves"": 5, ""reg_lambda"": 2.130951933365803, ""subsample"": 0.7316811194254416, ""subsample_freq"": 1}"
2,1,57,1,0.8817736766395186,0.9202486727502384,0.017001632551948122,"{""colsample_bytree"": 0.8332011501391223, ""learning_rate"": 0.014964373329086386, ""max_depth"": 3, ""min_child_samples"": 5, ""num_leaves"": 5, ""reg_lambda"": 2.130951933365803, ""subsample"": 0.7316811194254416, ""subsample_freq"": 1}"
2,1,58,1,0.4170063838978335,0.31640901321007125,0.08212341542354329,"{""colsample_bytree"": 0.8332011501391223, ""learning_rate"": 0.014964373329086386, ""max_depth"": 3, ""min_child_samples"": 5, ""num_leaves"": 5, ""reg_lambda"": 2.130951933365803, ""subsample"": 0.7316811194254416, ""subsample_freq"": 1}"
2,1,62,1,0.12466469121627043,0.08481458846908127,0.01451800229176989,"{""colsample_bytree"": 0.8332011501391223, ""learning_rate"": 0.014964373329086386, ""max_depth"": 3, ""min_child_samples"": 5, ""num_leaves"": 5, ""reg_lambda"": 2.130951933365803, ""subsample"": 0.7316811194254416, ""subsample_freq"": 1}"
2,1,65,0,0.6707705647347948,0.6852675883676372,0.04685033131960734,"{""colsample_bytree"": 0.8332011501391223, ""learning_rate"": 0.014964373329086386, ""max_depth"": 3, ""min_child_samples"": 5, ""num_leaves"": 5, ""reg_lambda"": 2.130951933365803, ""subsample"": 0.7316811194254416, ""subsample_freq"": 1}"
2,1,69,1,0.7275514713377785,0.7202362954791551,0.04222210822944988,"{""colsample_bytree"": 0.8332011501391223, ""learning_rate"": 0.014964373329086386, ""max_depth"": 3, ""min_child_samples"": 5, ""num_leaves"": 5, ""reg_lambda"": 2.130951933365803, ""subsample"": 0.7316811194254416, ""subsample_freq"": 1}"
2,1,82,1,0.4598253056531806,0.4418323116198903,0.03681311990051859,"{""colsample_bytree"": 0.8332011501391223, ""learning_rate"": 0.014964373329086386, ""max_depth"": 3, ""min_child_samples"": 5, ""num_leaves"": 5, ""reg_lambda"": 2.130951933365803, ""subsample"": 0.7316811194254416, ""subsample_freq"": 1}"
2,1,85,0,0.39568009276181293,0.3995433098738005,0.07298972279225682,"{""colsample_bytree"": 0.8332011501391223, ""learning_rate"": 0.014964373329086386, ""max_depth"": 3, ""min_child_samples"": 5, ""num_leaves"": 5, ""reg_lambda"": 2.130951933365803, ""subsample"": 0.7316811194254416, ""subsample_freq"": 1}"
2,1,86,1,0.7339625853751065,0.6985417428293228,0.05485509408593686,"{""colsample_bytree"": 0.8332011501391223, ""learning_rate"": 0.014964373329086386, ""max_depth"": 3, ""min_child_samples"": 5, ""num_leaves"": 5, ""reg_lambda"": 2.130951933365803, ""subsample"": 0.7316811194254416, ""subsample_freq"": 1}"
2,1,104,0,0.6303173996364853,0.6389465664998981,0.06252811261652975,"{""colsample_bytree"": 0.8332011501391223, ""learning_rate"": 0.014964373329086386, ""max_depth"": 3, ""min_child_samples"": 5, ""num_leaves"": 5, ""reg_lambda"": 2.130951933365803, ""subsample"": 0.7316811194254416, ""subsample_freq"": 1}"
2,1,111,1,0.7589308738296522,0.7846538990521444,0.03253977242045689,"{""colsample_bytree"": 0.8332011501391223, ""learning_rate"": 0.014964373329086386, ""max_depth"": 3, ""min_child_samples"": 5, ""num_leaves"": 5, ""reg_lambda"": 2.130951933365803, ""subsample"": 0.7316811194254416, ""subsample_freq"": 1}"
2,1,113,0,0.13366369935916736,0.0898032958263142,0.02360895131258455,"{""colsample_bytree"": 0.8332011501391223, ""learning_rate"": 0.014964373329086386, ""max_depth"": 3, ""min_child_samples"": 5, ""num_leaves"": 5, ""reg_lambda"": 2.130951933365803, ""subsample"": 0.7316811194254416, ""subsample_freq"": 1}"
2,1,117,1,0.8295888629949936,0.8364017081662528,0.040303855843064916,"{""colsample_bytree"": 0.8332011501391223, ""learning_rate"": 0.014964373329086386, ""max_depth"": 3, ""min_child_samples"": 5, ""num_leaves"": 5, ""reg_lambda"": 2.130951933365803, ""subsample"": 0.7316811194254416, ""subsample_freq"": 1}"
2,1,120,1,0.8102609899079262,0.8341717457656366,0.02986991166536729,"{""colsample_bytree"": 0.8332011501391223, ""learning_rate"": 0.014964373329086386, ""max_depth"": 3, ""min_child_samples"": 5, ""num_leaves"": 5, ""reg_lambda"": 2.130951933365803, ""subsample"": 0.7316811194254416, ""subsample_freq"": 1}"
2,1,122,0,0.7837779176108489,0.793808901827591,0.05499664965544813,"{""colsample_bytree"": 0.8332011501391223, ""learning_rate"": 0.014964373329086386, ""max_depth"": 3, ""min_child_samples"": 5, ""num_leaves"": 5, ""reg_lambda"": 2.130951933365803, ""subsample"": 0.7316811194254416, ""subsample_freq"": 1}"
2,1,131,1,0.9054148529084962,0.9394818850419153,0.013141054107183348,"{""colsample_bytree"": 0.8332011501391223, ""learning_rate"": 0.014964373329086386, ""max_depth"": 3, ""min_child_samples"": 5, ""num_leaves"": 5, ""reg_lambda"": 2.130951933365803, ""subsample"": 0.7316811194254416, ""subsample_freq"": 1}"
2,1,133,0,0.46244830836585665,0.4509861648326603,0.0407574175892254,"{""colsample_bytree"": 0.8332011501391223, ""learning_rate"": 0.014964373329086386, ""max_depth"": 3, ""min_child_samples"": 5, ""num_leaves"": 5, ""reg_lambda"": 2.130951933365803, ""subsample"": 0.7316811194254416, ""subsample_freq"": 1}"
2,1,134,1,0.49798334004519273,0.4926806369113946,0.09226458821747104,"{""colsample_bytree"": 0.8332011501391223, ""learning_rate"": 0.014964373329086386, ""max_depth"": 3, ""min_child_samples"": 5, ""num_leaves"": 5, ""reg_lambda"": 2.130951933365803, ""subsample"": 0.7316811194254416, ""subsample_freq"": 1}"
2,1,135,1,0.51661529649025,0.5060178162563981,0.05870581634493439,"{""colsample_bytree"": 0.8332011501391223, ""learning_rate"": 0.014964373329086386, ""max_depth"": 3, ""min_child_samples"": 5, ""num_leaves"": 5, ""reg_lambda"": 2.130951933365803, ""subsample"": 0.7316811194254416, ""subsample_freq"": 1}"
2,1,136,0,0.22059743947459,0.20285713341420109,0.04737855339661446,"{""colsample_bytree"": 0.8332011501391223, ""learning_rate"": 0.014964373329086386, ""max_depth"": 3, ""min_child_samples"": 5, ""num_leaves"": 5, ""reg_lambda"": 2.130951933365803, ""subsample"": 0.7316811194254416, ""subsample_freq"": 1}"
2,1,139,1,0.8444063209465968,0.850547743473663,0.012655514731929352,"{""colsample_bytree"": 0.8332011501391223, ""learning_rate"": 0.014964373329086386, ""max_depth"": 3, ""min_child_samples"": 5, ""num_leaves"": 5, ""reg_lambda"": 2.130951933365803, ""subsample"": 0.7316811194254416, ""subsample_freq"": 1}"
2,1,140,1,0.8700165026111649,0.9151932167498884,0.020429474049253507,"{""colsample_bytree"": 0.8332011501391223, ""learning_rate"": 0.014964373329086386, ""max_depth"": 3, ""min_child_samples"": 5, ""num_leaves"": 5, ""reg_lambda"": 2.130951933365803, ""subsample"": 0.7316811194254416, ""subsample_freq"": 1}"
2,1,143,0,0.11572575873654063,0.06423871771211849,0.019565556119608963,"{""colsample_bytree"": 0.8332011501391223, ""learning_rate"": 0.014964373329086386, ""max_depth"": 3, ""min_child_samples"": 5, ""num_leaves"": 5, ""reg_lambda"": 2.130951933365803, ""subsample"": 0.7316811194254416, ""subsample_freq"": 1}"
2,1,156,1,0.48215475607531566,0.5118082301759763,0.11689129130474081,"{""colsample_bytree"": 0.8332011501391223, ""learning_rate"": 0.014964373329086386, ""max_depth"": 3, ""min_child_samples"": 5, ""num_leaves"": 5, ""reg_lambda"": 2.130951933365803, ""subsample"": 0.7316811194254416, ""subsample_freq"": 1}"
2,1,158,0,0.5401986205448882,0.4855449975814354,0.10616266970572676,"{""colsample_bytree"": 0.8332011501391223, ""learning_rate"": 0.014964373329086386, ""max_depth"": 3, ""min_child_samples"": 5, ""num_leaves"": 5, ""reg_lambda"": 2.130951933365803, ""subsample"": 0.7316811194254416, ""subsample_freq"": 1}"
2,1,160,0,0.782014732955925,0.7924329215564935,0.038537082685802096,"{""colsample_bytree"": 0.8332011501391223, ""learning_rate"": 0.014964373329086386, ""max_depth"": 3, ""min_child_samples"": 5, ""num_leaves"": 5, ""reg_lambda"": 2.130951933365803, ""subsample"": 0.7316811194254416, ""subsample_freq"": 1}"
2,1,172,1,0.6094275486617516,0.6030263238765995,0.05417907208226125,"{""colsample_bytree"": 0.8332011501391223, ""learning_rate"": 0.014964373329086386, ""max_depth"": 3, ""min_child_samples"": 5, ""num_leaves"": 5, ""reg_lambda"": 2.130951933365803, ""subsample"": 0.7316811194254416, ""subsample_freq"": 1}"
2,1,178,1,0.6178741757081624,0.6758458740380281,0.07685773199606838,"{""colsample_bytree"": 0.8332011501391223, ""learning_rate"": 0.014964373329086386, ""max_depth"": 3, ""min_child_samples"": 5, ""num_leaves"": 5, ""reg_lambda"": 2.130951933365803, ""subsample"": 0.7316811194254416, ""subsample_freq"": 1}"
2,1,184,1,0.8438974591832562,0.8725531623094019,0.02794544374463397,"{""colsample_bytree"": 0.8332011501391223, ""learning_rate"": 0.014964373329086386, ""max_depth"": 3, ""min_child_samples"": 5, ""num_leaves"": 5, ""reg_lambda"": 2.130951933365803, ""subsample"": 0.7316811194254416, ""subsample_freq"": 1}"
2,1,186,0,0.5223876962812711,0.5342303445271391,0.0871289783069292,"{""colsample_bytree"": 0.8332011501391223, ""learning_rate"": 0.014964373329086386, ""max_depth"": 3, ""min_child_samples"": 5, ""num_leaves"": 5, ""reg_lambda"": 2.130951933365803, ""subsample"": 0.7316811194254416, ""subsample_freq"": 1}"
2,1,190,0,0.7340644201793397,0.7371165003285827,0.058144671556661275,"{""colsample_bytree"": 0.8332011501391223, ""learning_rate"": 0.014964373329086386, ""max_depth"": 3, ""min_child_samples"": 5, ""num_leaves"": 5, ""reg_lambda"": 2.130951933365803, ""subsample"": 0.7316811194254416, ""subsample_freq"": 1}"
2,1,208,1,0.48518289169986484,0.49750073548147833,0.05403382342617799,"{""colsample_bytree"": 0.8332011501391223, ""learning_rate"": 0.014964373329086386, ""max_depth"": 3, ""min_child_samples"": 5, ""num_leaves"": 5, ""reg_lambda"": 2.130951933365803, ""subsample"": 0.7316811194254416, ""subsample_freq"": 1}"
2,1,211,1,0.4236624700366549,0.4909956322063909,0.09410012533375195,"{""colsample_bytree"": 0.8332011501391223, ""learning_rate"": 0.014964373329086386, ""max_depth"": 3, ""min_child_samples"": 5, ""num_leaves"": 5, ""reg_lambda"": 2.130951933365803, ""subsample"": 0.7316811194254416, ""subsample_freq"": 1}"
2,1,213,0,0.47461977646443704,0.4571764286388042,0.07310630500186371,"{""colsample_bytree"": 0.8332011501391223, ""learning_rate"": 0.014964373329086386, ""max_depth"": 3, ""min_child_samples"": 5, ""num_leaves"": 5, ""reg_lambda"": 2.130951933365803, ""subsample"": 0.7316811194254416, ""subsample_freq"": 1}"
2,1,221,1,0.4519416504679791,0.43585486328656453,0.05100829505481566,"{""colsample_bytree"": 0.8332011501391223, ""learning_rate"": 0.014964373329086386, ""max_depth"": 3, ""min_child_samples"": 5, ""num_leaves"": 5, ""reg_lambda"": 2.130951933365803, ""subsample"": 0.7316811194254416, ""subsample_freq"": 1}"
2,1,225,0,0.4555546721047976,0.4834823420040939,0.0949066777444442,"{""colsample_bytree"": 0.8332011501391223, ""learning_rate"": 0.014964373329086386, ""max_depth"": 3, ""min_child_samples"": 5, ""num_leaves"": 5, ""reg_lambda"": 2.130951933365803, ""subsample"": 0.7316811194254416, ""subsample_freq"": 1}"
2,1,229,1,0.49973221747923563,0.581591192802245,0.09431214316066684,"{""colsample_bytree"": 0.8332011501391223, ""learning_rate"": 0.014964373329086386, ""max_depth"": 3, ""min_child_samples"": 5, ""num_leaves"": 5, ""reg_lambda"": 2.130951933365803, ""subsample"": 0.7316811194254416, ""subsample_freq"": 1}"
2,1,230,1,0.8970513993087182,0.9274803015524299,0.02118659389051808,"{""colsample_bytree"": 0.8332011501391223, ""learning_rate"": 0.014964373329086386, ""max_depth"": 3, ""min_child_samples"": 5, ""num_leaves"": 5, ""reg_lambda"": 2.130951933365803, ""subsample"": 0.7316811194254416, ""subsample_freq"": 1}"
2,1,237,1,0.7231839382130528,0.7260072821169692,0.03969798921249144,"{""colsample_bytree"": 0.8332011501391223, ""learning_rate"": 0.014964373329086386, ""max_depth"": 3, ""min_child_samples"": 5, ""num_leaves"": 5, ""reg_lambda"": 2.130951933365803, ""subsample"": 0.7316811194254416, ""subsample_freq"": 1}"
2,1,244,1,0.24515034068190433,0.21307035602844807,0.06897194296001026,"{""colsample_bytree"": 0.8332011501391223, ""learning_rate"": 0.014964373329086386, ""max_depth"": 3, ""min_child_samples"": 5, ""num_leaves"": 5, ""reg_lambda"": 2.130951933365803, ""subsample"": 0.7316811194254416, ""subsample_freq"": 1}"
2,1,248,1,0.9052244752789875,0.9227801886775293,0.030917984224252106,"{""colsample_bytree"": 0.8332011501391223, ""learning_rate"": 0.014964373329086386, ""max_depth"": 3, ""min_child_samples"": 5, ""num_leaves"": 5, ""reg_lambda"": 2.130951933365803, ""subsample"": 0.7316811194254416, ""subsample_freq"": 1}"
2,1,249,1,0.7896176326120273,0.8046356050471957,0.0541181246359056,"{""colsample_bytree"": 0.8332011501391223, ""learning_rate"": 0.014964373329086386, ""max_depth"": 3, ""min_child_samples"": 5, ""num_leaves"": 5, ""reg_lambda"": 2.130951933365803, ""subsample"": 0.7316811194254416, ""subsample_freq"": 1}"
2,1,252,1,0.7182266669131186,0.7355463759486044,0.08182521833182539,"{""colsample_bytree"": 0.8332011501391223, ""learning_rate"": 0.014964373329086386, ""max_depth"": 3, ""min_child_samples"": 5, ""num_leaves"": 5, ""reg_lambda"": 2.130951933365803, ""subsample"": 0.7316811194254416, ""subsample_freq"": 1}"
2,1,257,0,0.23212703958736533,0.1916743200842251,0.0875189653422353,"{""colsample_bytree"": 0.8332011501391223, ""learning_rate"": 0.014964373329086386, ""max_depth"": 3, ""min_child_samples"": 5, ""num_leaves"": 5, ""reg_lambda"": 2.130951933365803, ""subsample"": 0.7316811194254416, ""subsample_freq"": 1}"
2,1,283,0,0.3897652483996147,0.35572876140630605,0.05430206600532603,"{""colsample_bytree"": 0.8332011501391223, ""learning_rate"": 0.014964373329086386, ""max_depth"": 3, ""min_child_samples"": 5, ""num_leaves"": 5, ""reg_lambda"": 2.130951933365803, ""subsample"": 0.7316811194254416, ""subsample_freq"": 1}"
2,1,286,0,0.281474591438544,0.23549333557513247,0.07902504200967145,"{""colsample_bytree"": 0.8332011501391223, ""learning_rate"": 0.014964373329086386, ""max_depth"": 3, ""min_child_samples"": 5, ""num_leaves"": 5, ""reg_lambda"": 2.130951933365803, ""subsample"": 0.7316811194254416, ""subsample_freq"": 1}"
2,1,290,0,0.2717978640546191,0.20626882491458193,0.054076548138581634,"{""colsample_bytree"": 0.8332011501391223, ""learning_rate"": 0.014964373329086386, ""max_depth"": 3, ""min_child_samples"": 5, ""num_leaves"": 5, ""reg_lambda"": 2.130951933365803, ""subsample"": 0.7316811194254416, ""subsample_freq"": 1}"
2,2,4,0,0.21843284062865623,0.2400402549281929,0.07251511834339756,"{""colsample_bytree"": 0.6521097802844643, ""learning_rate"": 0.03439923476704805, ""max_depth"": 3, ""min_child_samples"": 5, ""num_leaves"": 12, ""reg_lambda"": 0.10466498202553215, ""subsample"": 0.9875744826877945, ""subsample_freq"": 1}"
2,2,5,1,0.8149879352949572,0.7151328350972019,0.05357135785791309,"{""colsample_bytree"": 0.6521097802844643, ""learning_rate"": 0.03439923476704805, ""max_depth"": 3, ""min_child_samples"": 5, ""num_leaves"": 12, ""reg_lambda"": 0.10466498202553215, ""subsample"": 0.9875744826877945, ""subsample_freq"": 1}"
2,2,6,1,0.9456061261371917,0.8426876706069745,0.0685491089720284,"{""colsample_bytree"": 0.6521097802844643, ""learning_rate"": 0.03439923476704805, ""max_depth"": 3, ""min_child_samples"": 5, ""num_leaves"": 12, ""reg_lambda"": 0.10466498202553215, ""subsample"": 0.9875744826877945, ""subsample_freq"": 1}"
2,2,11,1,0.9921427308176958,0.9598048175806191,0.02592259185823254,"{""colsample_bytree"": 0.6521097802844643, ""learning_rate"": 0.03439923476704805, ""max_depth"": 3, ""min_child_samples"": 5, ""num_leaves"": 12, ""reg_lambda"": 0.10466498202553215, ""subsample"": 0.9875744826877945, ""subsample_freq"": 1}"
2,2,15,1,0.8285344198034192,0.7534804635100298,0.0385737702140279,"{""colsample_bytree"": 0.6521097802844643, ""learning_rate"": 0.03439923476704805, ""max_depth"": 3, ""min_child_samples"": 5, ""num_leaves"": 12, ""reg_lambda"": 0.10466498202553215, ""subsample"": 0.9875744826877945, ""subsample_freq"": 1}"
2,2,17,0,0.28698015498586293,0.353000040402219,0.1620340952806607,"{""colsample_bytree"": 0.6521097802844643, ""learning_rate"": 0.03439923476704805, ""max_depth"": 3, ""min_child_samples"": 5, ""num_leaves"": 12, ""reg_lambda"": 0.10466498202553215, ""subsample"": 0.9875744826877945, ""subsample_freq"": 1}"
2,2,22,1,0.7404328653533744,0.7773984540265431,0.04046354342711829,"{""colsample_bytree"": 0.6521097802844643, ""learning_rate"": 0.03439923476704805, ""max_depth"": 3, ""min_child_samples"": 5, ""num_leaves"": 12, ""reg_lambda"": 0.10466498202553215, ""subsample"": 0.9875744826877945, ""subsample_freq"": 1}"
2,2,27,0,0.28059050651710016,0.27813886216062195,0.07895697911100481,"{""colsample_bytree"": 0.6521097802844643, ""learning_rate"": 0.03439923476704805, ""max_depth"": 3, ""min_child_samples"": 5, ""num_leaves"": 12, ""reg_lambda"": 0.10466498202553215, ""subsample"": 0.9875744826877945, ""subsample_freq"": 1}"
2,2,31,0,0.3193979547020437,0.49043786677967904,0.16518827258708946,"{""colsample_bytree"": 0.6521097802844643, ""learning_rate"": 0.03439923476704805, ""max_depth"": 3, ""min_child_samples"": 5, ""num_leaves"": 12, ""reg_lambda"": 0.10466498202553215, ""subsample"": 0.9875744826877945, ""subsample_freq"": 1}"
2,2,32,1,0.7076132911015824,0.6906054729607244,0.08799825921131167,"{""colsample_bytree"": 0.6521097802844643, ""learning_rate"": 0.03439923476704805, ""max_depth"": 3, ""min_child_samples"": 5, ""num_leaves"": 12, ""reg_lambda"": 0.10466498202553215, ""subsample"": 0.9875744826877945, ""subsample_freq"": 1}"
2,2,34,1,0.7567396101459746,0.7287622938537198,0.051551306191495616,"{""colsample_bytree"": 0.6521097802844643, ""learning_rate"": 0.03439923476704805, ""max_depth"": 3, ""min_child_samples"": 5, ""num_leaves"": 12, ""reg_lambda"": 0.10466498202553215, ""subsample"": 0.9875744826877945, ""subsample_freq"": 1}"
2,2,42,0,0.03753189770786517,0.1414020100556229,0.05171307146572642,"{""colsample_bytree"": 0.6521097802844643, ""learning_rate"": 0.03439923476704805, ""max_depth"": 3, ""min_child_samples"": 5, ""num_leaves"": 12, ""reg_lambda"": 0.10466498202553215, ""subsample"": 0.9875744826877945, ""subsample_freq"": 1}"
2,2,55,1,0.9612930883197227,0.9048745267630954,0.029996742983144652,"{""colsample_bytree"": 0.6521097802844643, ""learning_rate"": 0.03439923476704805, ""max_depth"": 3, ""min_child_samples"": 5, ""num_leaves"": 12, ""reg_lambda"": 0.10466498202553215, ""subsample"": 0.9875744826877945, ""subsample_freq"": 1}"
2,2,64,0,0.2714951523628082,0.2658929656732615,0.041517170749088776,"{""colsample_bytree"": 0.6521097802844643, ""learning_rate"": 0.03439923476704805, ""max_depth"": 3, ""min_child_samples"": 5, ""num_leaves"": 12, ""reg_lambda"": 0.10466498202553215, ""subsample"": 0.9875744826877945, ""subsample_freq"": 1}"
2,2,71,1,0.9261492221171408,0.8482707595150764,0.04595498760426099,"{""colsample_bytree"": 0.6521097802844643, ""learning_rate"": 0.03439923476704805, ""max_depth"": 3, ""min_child_samples"": 5, ""num_leaves"": 12, ""reg_lambda"": 0.10466498202553215, ""subsample"": 0.9875744826877945, ""subsample_freq"": 1}"
2,2,72,1,0.8065037819010709,0.7061908247825717,0.10484223140640696,"{""colsample_bytree"": 0.6521097802844643, ""learning_rate"": 0.03439923476704805, ""max_depth"": 3, ""min_child_samples"": 5, ""num_leaves"": 12, ""reg_lambda"": 0.10466498202553215, ""subsample"": 0.9875744826877945, ""subsample_freq"": 1}"
2,2,74,1,0.9733799192968966,0.9285217648512569,0.03127094434002884,"{""colsample_bytree"": 0.6521097802844643, ""learning_rate"": 0.03439923476704805, ""max_depth"": 3, ""min_child_samples"": 5, ""num_leaves"": 12, ""reg_lambda"": 0.10466498202553215, ""subsample"": 0.9875744826877945, ""subsample_freq"": 1}"
2,2,78,1,0.34383677293822007,0.5753161372944715,0.1554165797944515,"{""colsample_bytree"": 0.6521097802844643, ""learning_rate"": 0.03439923476704805, ""max_depth"": 3, ""min_child_samples"": 5, ""num_leaves"": 12, ""reg_lambda"": 0.10466498202553215, ""subsample"": 0.9875744826877945, ""subsample_freq"": 1}"
2,2,80,1,0.9413537979246485,0.8703086366178082,0.04070134484267211,"{""colsample_bytree"": 0.6521097802844643, ""learning_rate"": 0.03439923476704805, ""max_depth"": 3, ""min_child_samples"": 5, ""num_leaves"": 12, ""reg_lambda"": 0.10466498202553215, ""subsample"": 0.9875744826877945, ""subsample_freq"": 1}"
2,2,83,1,0.5260393806232468,0.550467032376168,0.1343701696256756,"{""colsample_bytree"": 0.6521097802844643, ""learning_rate"": 0.03439923476704805, ""max_depth"": 3, ""min_child_samples"": 5, ""num_leaves"": 12, ""reg_lambda"": 0.10466498202553215, ""subsample"": 0.9875744826877945, ""subsample_freq"": 1}"
2,2,97,1,0.931300417691245,0.8190686256931292,0.10637630276126434,"{""colsample_bytree"": 0.6521097802844643, ""learning_rate"": 0.03439923476704805, ""max_depth"": 3, ""min_child_samples"": 5, ""num_leaves"": 12, ""reg_lambda"": 0.10466498202553215, ""subsample"": 0.9875744826877945, ""subsample_freq"": 1}"
2,2,101,1,0.9810303609305084,0.9304898739992498,0.015662213792273554,"{""colsample_bytree"": 0.6521097802844643, ""learning_rate"": 0.03439923476704805, ""max_depth"": 3, ""min_child_samples"": 5, ""num_leaves"": 12, ""reg_lambda"": 0.10466498202553215, ""subsample"": 0.9875744826877945, ""subsample_freq"": 1}"
2,2,108,0,0.5100096086187016,0.46190521537566076,0.05349170495880115,"{""colsample_bytree"": 0.6521097802844643, ""learning_rate"": 0.03439923476704805, ""max_depth"": 3, ""min_child_samples"": 5, ""num_leaves"": 12, ""reg_lambda"": 0.10466498202553215, ""subsample"": 0.9875744826877945, ""subsample_freq"": 1}"
2,2,112,0,0.7953338126294948,0.7486221138256073,0.047765200112300295,"{""colsample_bytree"": 0.6521097802844643, ""learning_rate"": 0.03439923476704805, ""max_depth"": 3, ""min_child_samples"": 5, ""num_leaves"": 12, ""reg_lambda"": 0.10466498202553215, ""subsample"": 0.9875744826877945, ""subsample_freq"": 1}"
2,2,121,0,0.913724622350266,0.8399144847369809,0.098878075903267,"{""colsample_bytree"": 0.6521097802844643, ""learning_rate"": 0.03439923476704805, ""max_depth"": 3, ""min_child_samples"": 5, ""num_leaves"": 12, ""reg_lambda"": 0.10466498202553215, ""subsample"": 0.9875744826877945, ""subsample_freq"": 1}"
2,2,125,1,0.655676390920528,0.7500293884779963,0.04453384255673414,"{""colsample_bytree"": 0.6521097802844643, ""learning_rate"": 0.03439923476704805, ""max_depth"": 3, ""min_child_samples"": 5, ""num_leaves"": 12, ""reg_lambda"": 0.10466498202553215, ""subsample"": 0.9875744826877945, ""subsample_freq"": 1}"
2,2,127,1,0.9020304715794358,0.8626455443047375,0.03922233894550159,"{""colsample_bytree"": 0.6521097802844643, ""learning_rate"": 0.03439923476704805, ""max_depth"": 3, ""min_child_samples"": 5, ""num_leaves"": 12, ""reg_lambda"": 0.10466498202553215, ""subsample"": 0.9875744826877945, ""subsample_freq"": 1}"
2,2,138,1,0.7177205042594024,0.553934739229952,0.09870797415418762,"{""colsample_bytree"": 0.6521097802844643, ""learning_rate"": 0.03439923476704805, ""max_depth"": 3, ""min_child_samples"": 5, ""num_leaves"": 12, ""reg_lambda"": 0.10466498202553215, ""subsample"": 0.9875744826877945, ""subsample_freq"": 1}"
2,2,142,1,0.05480617782524262,0.1559498352241449,0.03702134495548318,"{""colsample_bytree"": 0.6521097802844643, ""learning_rate"": 0.03439923476704805, ""max_depth"": 3, ""min_child_samples"": 5, ""num_leaves"": 12, ""reg_lambda"": 0.10466498202553215, ""subsample"": 0.9875744826877945, ""subsample_freq"": 1}"
2,2,145,0,0.854408589606271,0.8074095080564186,0.13455790805880274,"{""colsample_bytree"": 0.6521097802844643, ""learning_rate"": 0.03439923476704805, ""max_depth"": 3, ""min_child_samples"": 5, ""num_leaves"": 12, ""reg_lambda"": 0.10466498202553215, ""subsample"": 0.9875744826877945, ""subsample_freq"": 1}"
2,2,153,0,0.6919221880013539,0.57658860236438,0.1340387343237932,"{""colsample_bytree"": 0.6521097802844643, ""learning_rate"": 0.03439923476704805, ""max_depth"": 3, ""min_child_samples"": 5, ""num_leaves"": 12, ""reg_lambda"": 0.10466498202553215, ""subsample"": 0.9875744826877945, ""subsample_freq"": 1}"
2,2,155,1,0.9701802941832445,0.9067180732449843,0.043972756650076064,"{""colsample_bytree"": 0.6521097802844643, ""learning_rate"": 0.03439923476704805, ""max_depth"": 3, ""min_child_samples"": 5, ""num_leaves"": 12, ""reg_lambda"": 0.10466498202553215, ""subsample"": 0.9875744826877945, ""subsample_freq"": 1}"
2,2,159,1,0.9635134300254139,0.9018114485257984,0.030768658959667954,"{""colsample_bytree"": 0.6521097802844643, ""learning_rate"": 0.03439923476704805, ""max_depth"": 3, ""min_child_samples"": 5, ""num_leaves"": 12, ""reg_lambda"": 0.10466498202553215, ""subsample"": 0.9875744826877945, ""subsample_freq"": 1}"
2,2,161,1,0.9107375811063821,0.8285147910872002,0.026326520404688608,"{""colsample_bytree"": 0.6521097802844643, ""learning_rate"": 0.03439923476704805, ""max_depth"": 3, ""min_child_samples"": 5, ""num_leaves"": 12, ""reg_lambda"": 0.10466498202553215, ""subsample"": 0.9875744826877945, ""subsample_freq"": 1}"
2,2,165,1,0.5335517371775952,0.5375563725813186,0.14791141141278083,"{""colsample_bytree"": 0.6521097802844643, ""learning_rate"": 0.03439923476704805, ""max_depth"": 3, ""min_child_samples"": 5, ""num_leaves"": 12, ""reg_lambda"": 0.10466498202553215, ""subsample"": 0.9875744826877945, ""subsample_freq"": 1}"
2,2,179,0,0.09185347474402024,0.2422295037778511,0.08973339221669736,"{""colsample_bytree"": 0.6521097802844643, ""learning_rate"": 0.03439923476704805, ""max_depth"": 3, ""min_child_samples"": 5, ""num_leaves"": 12, ""reg_lambda"": 0.10466498202553215, ""subsample"": 0.9875744826877945, ""subsample_freq"": 1}"
2,2,183,0,0.33644224025030994,0.5395172522248131,0.09637852541721366,"{""colsample_bytree"": 0.6521097802844643, ""learning_rate"": 0.03439923476704805, ""max_depth"": 3, ""min_child_samples"": 5, ""num_leaves"": 12, ""reg_lambda"": 0.10466498202553215, ""subsample"": 0.9875744826877945, ""subsample_freq"": 1}"
2,2,189,1,0.8301869348182158,0.6935877020426562,0.03744567020749312,"{""colsample_bytree"": 0.6521097802844643, ""learning_rate"": 0.03439923476704805, ""max_depth"": 3, ""min_child_samples"": 5, ""num_leaves"": 12, ""reg_lambda"": 0.10466498202553215, ""subsample"": 0.9875744826877945, ""subsample_freq"": 1}"
2,2,192,0,0.042865489504658565,0.11091995747798018,0.029770545458194964,"{""colsample_bytree"": 0.6521097802844643, ""learning_rate"": 0.03439923476704805, ""max_depth"": 3, ""min_child_samples"": 5, ""num_leaves"": 12, ""reg_lambda"": 0.10466498202553215, ""subsample"": 0.9875744826877945, ""subsample_freq"": 1}"
2,2,193,0,0.8792556857314302,0.6912342233256363,0.14758021981813288,"{""colsample_bytree"": 0.6521097802844643, ""learning_rate"": 0.03439923476704805, ""max_depth"": 3, ""min_child_samples"": 5, ""num_leaves"": 12, ""reg_lambda"": 0.10466498202553215, ""subsample"": 0.9875744826877945, ""subsample_freq"": 1}"
2,2,197,1,0.961170682017872,0.9126094433479016,0.03511009344775965,"{""colsample_bytree"": 0.6521097802844643, ""learning_rate"": 0.03439923476704805, ""max_depth"": 3, ""min_child_samples"": 5, ""num_leaves"": 12, ""reg_lambda"": 0.10466498202553215, ""subsample"": 0.9875744826877945, ""subsample_freq"": 1}"
2,2,200,1,0.8336060854569565,0.6819727814132657,0.05316805978685208,"{""colsample_bytree"": 0.6521097802844643, ""learning_rate"": 0.03439923476704805, ""max_depth"": 3, ""min_child_samples"": 5, ""num_leaves"": 12, ""reg_lambda"": 0.10466498202553215, ""subsample"": 0.9875744826877945, ""subsample_freq"": 1}"
2,2,202,1,0.8763174078947505,0.8012193221464988,0.07382668726855653,"{""colsample_bytree"": 0.6521097802844643, ""learning_rate"": 0.03439923476704805, ""max_depth"": 3, ""min_child_samples"": 5, ""num_leaves"": 12, ""reg_lambda"": 0.10466498202553215, ""subsample"": 0.9875744826877945, ""subsample_freq"": 1}"
2,2,205,0,0.2985251637945979,0.3491474979055347,0.05526227413281872,"{""colsample_bytree"": 0.6521097802844643, ""learning_rate"": 0.03439923476704805, ""max_depth"": 3, ""min_child_samples"": 5, ""num_leaves"": 12, ""reg_lambda"": 0.10466498202553215, ""subsample"": 0.9875744826877945, ""subsample_freq"": 1}"
2,2,207,1,0.7830060339155122,0.6810603860682496,0.06876783675014872,"{""colsample_bytree"": 0.6521097802844643, ""learning_rate"": 0.03439923476704805, ""max_depth"": 3, ""min_child_samples"": 5, ""num_leaves"": 12, ""reg_lambda"": 0.10466498202553215, ""subsample"": 0.9875744826877945, ""subsample_freq"": 1}"
2,2,217,0,0.2575034333876747,0.24690752397202448,0.08147726814142366,"{""colsample_bytree"": 0.6521097802844643, ""learning_rate"": 0.03439923476704805, ""max_depth"": 3, ""min_child_samples"": 5, ""num_leaves"": 12, ""reg_lambda"": 0.10466498202553215, ""subsample"": 0.9875744826877945, ""subsample_freq"": 1}"
2,2,223,1,0.6116184893304297,0.6343950371287654,0.06875157764713515,"{""colsample_bytree"": 0.6521097802844643, ""learning_rate"": 0.03439923476704805, ""max_depth"": 3, ""min_child_samples"": 5, ""num_leaves"": 12, ""reg_lambda"": 0.10466498202553215, ""subsample"": 0.9875744826877945, ""subsample_freq"": 1}"
2,2,227,1,0.8132794280736688,0.7398146762392579,0.09594319739553199,"{""colsample_bytree"": 0.6521097802844643, ""learning_rate"": 0.03439923476704805, ""max_depth"": 3, ""min_child_samples"": 5, ""num_leaves"": 12, ""reg_lambda"": 0.10466498202553215, ""subsample"": 0.9875744826877945, ""subsample_freq"": 1}"
2,2,231,0,0.9605153950232695,0.9074592088990034,0.030170285242349326,"{""colsample_bytree"": 0.6521097802844643, ""learning_rate"": 0.03439923476704805, ""max_depth"": 3, ""min_child_samples"": 5, ""num_leaves"": 12, ""reg_lambda"": 0.10466498202553215, ""subsample"": 0.9875744826877945, ""subsample_freq"": 1}"
2,2,239,1,0.8809646550997093,0.817838428019817,0.03186972937050273,"{""colsample_bytree"": 0.6521097802844643, ""learning_rate"": 0.03439923476704805, ""max_depth"": 3, ""min_child_samples"": 5, ""num_leaves"": 12, ""reg_lambda"": 0.10466498202553215, ""subsample"": 0.9875744826877945, ""subsample_freq"": 1}"
2,2,240,1,0.9882143394164257,0.9483266002140122,0.019848358897704216,"{""colsample_bytree"": 0.6521097802844643, ""learning_rate"": 0.03439923476704805, ""max_depth"": 3, ""min_child_samples"": 5, ""num_leaves"": 12, ""reg_lambda"": 0.10466498202553215, ""subsample"": 0.9875744826877945, ""subsample_freq"": 1}"
2,2,243,0,0.8867888088910981,0.8312621489428877,0.027564362691148862,"{""colsample_bytree"": 0.6521097802844643, ""learning_rate"": 0.03439923476704805, ""max_depth"": 3, ""min_child_samples"": 5, ""num_leaves"": 12, ""reg_lambda"": 0.10466498202553215, ""subsample"": 0.9875744826877945, ""subsample_freq"": 1}"
2,2,251,1,0.21406592780966907,0.3339021259906934,0.09787041913770513,"{""colsample_bytree"": 0.6521097802844643, ""learning_rate"": 0.03439923476704805, ""max_depth"": 3, ""min_child_samples"": 5, ""num_leaves"": 12, ""reg_lambda"": 0.10466498202553215, ""subsample"": 0.9875744826877945, ""subsample_freq"": 1}"
2,2,254,0,0.34837656618600993,0.45412142209265716,0.05294207084555899,"{""colsample_bytree"": 0.6521097802844643, ""learning_rate"": 0.03439923476704805, ""max_depth"": 3, ""min_child_samples"": 5, ""num_leaves"": 12, ""reg_lambda"": 0.10466498202553215, ""subsample"": 0.9875744826877945, ""subsample_freq"": 1}"
2,2,260,1,0.8859190902825569,0.7323640754339361,0.12925394645701854,"{""colsample_bytree"": 0.6521097802844643, ""learning_rate"": 0.03439923476704805, ""max_depth"": 3, ""min_child_samples"": 5, ""num_leaves"": 12, ""reg_lambda"": 0.10466498202553215, ""subsample"": 0.9875744826877945, ""subsample_freq"": 1}"
2,2,272,0,0.869049896381202,0.7106162425320074,0.04297761589528992,"{""colsample_bytree"": 0.6521097802844643, ""learning_rate"": 0.03439923476704805, ""max_depth"": 3, ""min_child_samples"": 5, ""num_leaves"": 12, ""reg_lambda"": 0.10466498202553215, ""subsample"": 0.9875744826877945, ""subsample_freq"": 1}"
2,2,278,0,0.9244099608986713,0.8598327502434,0.02440031816220529,"{""colsample_bytree"": 0.6521097802844643, ""learning_rate"": 0.03439923476704805, ""max_depth"": 3, ""min_child_samples"": 5, ""num_leaves"": 12, ""reg_lambda"": 0.10466498202553215, ""subsample"": 0.9875744826877945, ""subsample_freq"": 1}"
2,2,289,0,0.2557897992688014,0.34689413387582146,0.09734655610332556,"{""colsample_bytree"": 0.6521097802844643, ""learning_rate"": 0.03439923476704805, ""max_depth"": 3, ""min_child_samples"": 5, ""num_leaves"": 12, ""reg_lambda"": 0.10466498202553215, ""subsample"": 0.9875744826877945, ""subsample_freq"": 1}"
2,2,292,0,0.39210556568559835,0.43463004953227147,0.11252714930163796,"{""colsample_bytree"": 0.6521097802844643, ""learning_rate"": 0.03439923476704805, ""max_depth"": 3, ""min_child_samples"": 5, ""num_leaves"": 12, ""reg_lambda"": 0.10466498202553215, ""subsample"": 0.9875744826877945, ""subsample_freq"": 1}"
2,2,293,0,0.5838412902032942,0.43530217531357807,0.13341428420131146,"{""colsample_bytree"": 0.6521097802844643, ""learning_rate"": 0.03439923476704805, ""max_depth"": 3, ""min_child_samples"": 5, ""num_leaves"": 12, ""reg_lambda"": 0.10466498202553215, ""subsample"": 0.9875744826877945, ""subsample_freq"": 1}"
2,2,295,0,0.3216681903919968,0.49988129733949355,0.1411796080717722,"{""colsample_bytree"": 0.6521097802844643, ""learning_rate"": 0.03439923476704805, ""max_depth"": 3, ""min_child_samples"": 5, ""num_leaves"": 12, ""reg_lambda"": 0.10466498202553215, ""subsample"": 0.9875744826877945, ""subsample_freq"": 1}"
2,3,1,1,0.9075530804493352,0.9441485136684747,0.02466423315303323,"{""colsample_bytree"": 0.514779255921161, ""learning_rate"": 0.015524132617017647, ""max_depth"": 3, ""min_child_samples"": 22, ""num_leaves"": 11, ""reg_lambda"": 4.616746782712124, ""subsample"": 0.973625192042553, ""subsample_freq"": 1}"
2,3,2,1,0.8763605225934415,0.8953801726539368,0.00650521695744293,"{""colsample_bytree"": 0.514779255921161, ""learning_rate"": 0.015524132617017647, ""max_depth"": 3, ""min_child_samples"": 22, ""num_leaves"": 11, ""reg_lambda"": 4.616746782712124, ""subsample"": 0.973625192042553, ""subsample_freq"": 1}"
2,3,7,1,0.8509747700681001,0.9000051265273286,0.017669646234672758,"{""colsample_bytree"": 0.514779255921161, ""learning_rate"": 0.015524132617017647, ""max_depth"": 3, ""min_child_samples"": 22, ""num_leaves"": 11, ""reg_lambda"": 4.616746782712124, ""subsample"": 0.973625192042553, ""subsample_freq"": 1}"
2,3,13,1,0.6070619988452602,0.6349084680037891,0.06183389105574118,"{""colsample_bytree"": 0.514779255921161, ""learning_rate"": 0.015524132617017647, ""max_depth"": 3, ""min_child_samples"": 22, ""num_leaves"": 11, ""reg_lambda"": 4.616746782712124, ""subsample"": 0.973625192042553, ""subsample_freq"": 1}"
2,3,16,0,0.4506813562269241,0.44101906367019306,0.14055252235689358,"{""colsample_bytree"": 0.514779255921161, ""learning_rate"": 0.015524132617017647, ""max_depth"": 3, ""min_child_samples"": 22, ""num_leaves"": 11, ""reg_lambda"": 4.616746782712124, ""subsample"": 0.973625192042553, ""subsample_freq"": 1}"
2,3,23,1,0.8644563710777834,0.882840033191056,0.04272871098438265,"{""colsample_bytree"": 0.514779255921161, ""learning_rate"": 0.015524132617017647, ""max_depth"": 3, ""min_child_samples"": 22, ""num_leaves"": 11, ""reg_lambda"": 4.616746782712124, ""subsample"": 0.973625192042553, ""subsample_freq"": 1}"
2,3,24,1,0.7550488514833996,0.7589429783558315,0.047781144692443926,"{""colsample_bytree"": 0.514779255921161, ""learning_rate"": 0.015524132617017647, ""max_depth"": 3, ""min_child_samples"": 22, ""num_leaves"": 11, ""reg_lambda"": 4.616746782712124, ""subsample"": 0.973625192042553, ""subsample_freq"": 1}"
2,3,29,0,0.783302610498569,0.8653181420186213,0.03581775426321141,"{""colsample_bytree"": 0.514779255921161, ""learning_rate"": 0.015524132617017647, ""max_depth"": 3, ""min_child_samples"": 22, ""num_leaves"": 11, ""reg_lambda"": 4.616746782712124, ""subsample"": 0.973625192042553, ""subsample_freq"": 1}"
2,3,35,0,0.24134026279086696,0.19452857125308554,0.049019220419056764,"{""colsample_bytree"": 0.514779255921161, ""learning_rate"": 0.015524132617017647, ""max_depth"": 3, ""min_child_samples"": 22, ""num_leaves"": 11, ""reg_lambda"": 4.616746782712124, ""subsample"": 0.973625192042553, ""subsample_freq"": 1}"
2,3,38,1,0.7409172198683174,0.7302072331596843,0.08374981829221032,"{""colsample_bytree"": 0.514779255921161, ""learning_rate"": 0.015524132617017647, ""max_depth"": 3, ""min_child_samples"": 22, ""num_leaves"": 11, ""reg_lambda"": 4.616746782712124, ""subsample"": 0.973625192042553, ""subsample_freq"": 1}"
2,3,44,0,0.6865271399816153,0.6884135140535566,0.08908504345198144,"{""colsample_bytree"": 0.514779255921161, ""learning_rate"": 0.015524132617017647, ""max_depth"": 3, ""min_child_samples"": 22, ""num_leaves"": 11, ""reg_lambda"": 4.616746782712124, ""subsample"": 0.973625192042553, ""subsample_freq"": 1}"
2,3,46,1,0.5927079875038999,0.6163690594367,0.05964617193808463,"{""colsample_bytree"": 0.514779255921161, ""learning_rate"": 0.015524132617017647, ""max_depth"": 3, ""min_child_samples"": 22, ""num_leaves"": 11, ""reg_lambda"": 4.616746782712124, ""subsample"": 0.973625192042553, ""subsample_freq"": 1}"
2,3,61,1,0.48281856383977834,0.45730683486682466,0.09731292421794759,"{""colsample_bytree"": 0.514779255921161, ""learning_rate"": 0.015524132617017647, ""max_depth"": 3, ""min_child_samples"": 22, ""num_leaves"": 11, ""reg_lambda"": 4.616746782712124, ""subsample"": 0.973625192042553, ""subsample_freq"": 1}"
2,3,63,1,0.6753689934275635,0.681693699979297,0.07497223188978147,"{""colsample_bytree"": 0.514779255921161, ""learning_rate"": 0.015524132617017647, ""max_depth"": 3, ""min_child_samples"": 22, ""num_leaves"": 11, ""reg_lambda"": 4.616746782712124, ""subsample"": 0.973625192042553, ""subsample_freq"": 1}"
2,3,66,1,0.8594844026045758,0.9038502063977989,0.022323016035651913,"{""colsample_bytree"": 0.514779255921161, ""learning_rate"": 0.015524132617017647, ""max_depth"": 3, ""min_child_samples"": 22, ""num_leaves"": 11, ""reg_lambda"": 4.616746782712124, ""subsample"": 0.973625192042553, ""subsample_freq"": 1}"
2,3,73,0,0.6274651585976744,0.5614471848708599,0.05610712419478767,"{""colsample_bytree"": 0.514779255921161, ""learning_rate"": 0.015524132617017647, ""max_depth"": 3, ""min_child_samples"": 22, ""num_leaves"": 11, ""reg_lambda"": 4.616746782712124, ""subsample"": 0.973625192042553, ""subsample_freq"": 1}"
2,3,76,1,0.7960748095029925,0.8682066659852874,0.04938260978754928,"{""colsample_bytree"": 0.514779255921161, ""learning_rate"": 0.015524132617017647, ""max_depth"": 3, ""min_child_samples"": 22, ""num_leaves"": 11, ""reg_lambda"": 4.616746782712124, ""subsample"": 0.973625192042553, ""subsample_freq"": 1}"
2,3,77,0,0.6455994693671978,0.6645871043622312,0.08120694067214515,"{""colsample_bytree"": 0.514779255921161, ""learning_rate"": 0.015524132617017647, ""max_depth"": 3, ""min_child_samples"": 22, ""num_leaves"": 11, ""reg_lambda"": 4.616746782712124, ""subsample"": 0.973625192042553, ""subsample_freq"": 1}"
2,3,96,1,0.8571940986086521,0.8878586671230883,0.02297870078577517,"{""colsample_bytree"": 0.514779255921161, ""learning_rate"": 0.015524132617017647, ""max_depth"": 3, ""min_child_samples"": 22, ""num_leaves"": 11, ""reg_lambda"": 4.616746782712124, ""subsample"": 0.973625192042553, ""subsample_freq"": 1}"
2,3,99,1,0.5752669859366568,0.6382714441079921,0.05577687216940522,"{""colsample_bytree"": 0.514779255921161, ""learning_rate"": 0.015524132617017647, ""max_depth"": 3, ""min_child_samples"": 22, ""num_leaves"": 11, ""reg_lambda"": 4.616746782712124, ""subsample"": 0.973625192042553, ""subsample_freq"": 1}"
2,3,109,0,0.6565691065058719,0.6993685175294815,0.051556055727373803,"{""colsample_bytree"": 0.514779255921161, ""learning_rate"": 0.015524132617017647, ""max_depth"": 3, ""min_child_samples"": 22, ""num_leaves"": 11, ""reg_lambda"": 4.616746782712124, ""subsample"": 0.973625192042553, ""subsample_freq"": 1}"
2,3,110,0,0.26265739740765276,0.2254272008841549,0.029379312683641495,"{""colsample_bytree"": 0.514779255921161, ""learning_rate"": 0.015524132617017647, ""max_depth"": 3, ""min_child_samples"": 22, ""num_leaves"": 11, ""reg_lambda"": 4.616746782712124, ""subsample"": 0.973625192042553, ""subsample_freq"": 1}"
2,3,116,1,0.8046159445843482,0.879086713435672,0.020751275004400806,"{""colsample_bytree"": 0.514779255921161, ""learning_rate"": 0.015524132617017647, ""max_depth"": 3, ""min_child_samples"": 22, ""num_leaves"": 11, ""reg_lambda"": 4.616746782712124, ""subsample"": 0.973625192042553, ""subsample_freq"": 1}"
2,3,130,0,0.35211686897977856,0.33595435469589646,0.07951628630134804,"{""colsample_bytree"": 0.514779255921161, ""learning_rate"": 0.015524132617017647, ""max_depth"": 3, ""min_child_samples"": 22, ""num_leaves"": 11, ""reg_lambda"": 4.616746782712124, ""subsample"": 0.973625192042553, ""subsample_freq"": 1}"
2,3,141,1,0.7895962979021246,0.8409818053068434,0.03534223175191018,"{""colsample_bytree"": 0.514779255921161, ""learning_rate"": 0.015524132617017647, ""max_depth"": 3, ""min_child_samples"": 22, ""num_leaves"": 11, ""reg_lambda"": 4.616746782712124, ""subsample"": 0.973625192042553, ""subsample_freq"": 1}"
2,3,147,1,0.644885376836324,0.6834784881509746,0.044873123902474325,"{""colsample_bytree"": 0.514779255921161, ""learning_rate"": 0.015524132617017647, ""max_depth"": 3, ""min_child_samples"": 22, ""num_leaves"": 11, ""reg_lambda"": 4.616746782712124, ""subsample"": 0.973625192042553, ""subsample_freq"": 1}"
2,3,164,1,0.8322178126144175,0.9016542369164057,0.03254481146875824,"{""colsample_bytree"": 0.514779255921161, ""learning_rate"": 0.015524132617017647, ""max_depth"": 3, ""min_child_samples"": 22, ""num_leaves"": 11, ""reg_lambda"": 4.616746782712124, ""subsample"": 0.973625192042553, ""subsample_freq"": 1}"
2,3,168,0,0.20016401525894104,0.1604411160700056,0.05862208350012037,"{""colsample_bytree"": 0.514779255921161, ""learning_rate"": 0.015524132617017647, ""max_depth"": 3, ""min_child_samples"": 22, ""num_leaves"": 11, ""reg_lambda"": 4.616746782712124, ""subsample"": 0.973625192042553, ""subsample_freq"": 1}"
2,3,180,1,0.4690723417168195,0.49622273986231746,0.12821212596228773,"{""colsample_bytree"": 0.514779255921161, ""learning_rate"": 0.015524132617017647, ""max_depth"": 3, ""min_child_samples"": 22, ""num_leaves"": 11, ""reg_lambda"": 4.616746782712124, ""subsample"": 0.973625192042553, ""subsample_freq"": 1}"
2,3,181,1,0.8118063437214543,0.8491794905372938,0.03477517890152308,"{""colsample_bytree"": 0.514779255921161, ""learning_rate"": 0.015524132617017647, ""max_depth"": 3, ""min_child_samples"": 22, ""num_leaves"": 11, ""reg_lambda"": 4.616746782712124, ""subsample"": 0.973625192042553, ""subsample_freq"": 1}"
2,3,195,0,0.7906041276935984,0.8140936220231684,0.023874102974127724,"{""colsample_bytree"": 0.514779255921161, ""learning_rate"": 0.015524132617017647, ""max_depth"": 3, ""min_child_samples"": 22, ""num_leaves"": 11, ""reg_lambda"": 4.616746782712124, ""subsample"": 0.973625192042553, ""subsample_freq"": 1}"
2,3,196,0,0.23355767902682012,0.21629793573906878,0.06902255048275996,"{""colsample_bytree"": 0.514779255921161, ""learning_rate"": 0.015524132617017647, ""max_depth"": 3, ""min_child_samples"": 22, ""num_leaves"": 11, ""reg_lambda"": 4.616746782712124, ""subsample"": 0.973625192042553, ""subsample_freq"": 1}"
2,3,198,1,0.8202862583094152,0.8434200835331097,0.04542429957735326,"{""colsample_bytree"": 0.514779255921161, ""learning_rate"": 0.015524132617017647, ""max_depth"": 3, ""min_child_samples"": 22, ""num_leaves"": 11, ""reg_lambda"": 4.616746782712124, ""subsample"": 0.973625192042553, ""subsample_freq"": 1}"
2,3,199,0,0.33033978172481404,0.29470685759270243,0.06909677201330525,"{""colsample_bytree"": 0.514779255921161, ""learning_rate"": 0.015524132617017647, ""max_depth"": 3, ""min_child_samples"": 22, ""num_leaves"": 11, ""reg_lambda"": 4.616746782712124, ""subsample"": 0.973625192042553, ""subsample_freq"": 1}"
2,3,204,0,0.4412814277166895,0.46448800760945463,0.14835656494775934,"{""colsample_bytree"": 0.514779255921161, ""learning_rate"": 0.015524132617017647, ""max_depth"": 3, ""min_child_samples"": 22, ""num_leaves"": 11, ""reg_lambda"": 4.616746782712124, ""subsample"": 0.973625192042553, ""subsample_freq"": 1}"
2,3,206,1,0.6308017282258853,0.6924096866250118,0.06506757761220813,"{""colsample_bytree"": 0.514779255921161, ""learning_rate"": 0.015524132617017647, ""max_depth"": 3, ""min_child_samples"": 22, ""num_leaves"": 11, ""reg_lambda"": 4.616746782712124, ""subsample"": 0.973625192042553, ""subsample_freq"": 1}"
2,3,214,0,0.8412964777494679,0.8895577528116286,0.038557078497342294,"{""colsample_bytree"": 0.514779255921161, ""learning_rate"": 0.015524132617017647, ""max_depth"": 3, ""min_child_samples"": 22, ""num_leaves"": 11, ""reg_lambda"": 4.616746782712124, ""subsample"": 0.973625192042553, ""subsample_freq"": 1}"
2,3,219,1,0.1751050602477024,0.12805595262538924,0.03744734980006743,"{""colsample_bytree"": 0.514779255921161, ""learning_rate"": 0.015524132617017647, ""max_depth"": 3, ""min_child_samples"": 22, ""num_leaves"": 11, ""reg_lambda"": 4.616746782712124, ""subsample"": 0.973625192042553, ""subsample_freq"": 1}"
2,3,220,1,0.6075879340696914,0.6506242950419118,0.06611172690145731,"{""colsample_bytree"": 0.514779255921161, ""learning_rate"": 0.015524132617017647, ""max_depth"": 3, ""min_child_samples"": 22, ""num_leaves"": 11, ""reg_lambda"": 4.616746782712124, ""subsample"": 0.973625192042553, ""subsample_freq"": 1}"
2,3,222,1,0.6692134358600068,0.724634070828845,0.04059166218068728,"{""colsample_bytree"": 0.514779255921161, ""learning_rate"": 0.015524132617017647, ""max_depth"": 3, ""min_child_samples"": 22, ""num_leaves"": 11, ""reg_lambda"": 4.616746782712124, ""subsample"": 0.973625192042553, ""subsample_freq"": 1}"
2,3,224,1,0.9045976037049139,0.9385513855988851,0.01370809917230463,"{""colsample_bytree"": 0.514779255921161, ""learning_rate"": 0.015524132617017647, ""max_depth"": 3, ""min_child_samples"": 22, ""num_leaves"": 11, ""reg_lambda"": 4.616746782712124, ""subsample"": 0.973625192042553, ""subsample_freq"": 1}"
2,3,228,1,0.5975861221558275,0.5852737396015972,0.10751896568988661,"{""colsample_bytree"": 0.514779255921161, ""learning_rate"": 0.015524132617017647, ""max_depth"": 3, ""min_child_samples"": 22, ""num_leaves"": 11, ""reg_lambda"": 4.616746782712124, ""subsample"": 0.973625192042553, ""subsample_freq"": 1}"
2,3,233,0,0.2345036403607213,0.20593274495647607,0.0382713325221831,"{""colsample_bytree"": 0.514779255921161, ""learning_rate"": 0.015524132617017647, ""max_depth"": 3, ""min_child_samples"": 22, ""num_leaves"": 11, ""reg_lambda"": 4.616746782712124, ""subsample"": 0.973625192042553, ""subsample_freq"": 1}"
2,3,236,1,0.7305697717013984,0.6605899984492627,0.15424510792776527,"{""colsample_bytree"": 0.514779255921161, ""learning_rate"": 0.015524132617017647, ""max_depth"": 3, ""min_child_samples"": 22, ""num_leaves"": 11, ""reg_lambda"": 4.616746782712124, ""subsample"": 0.973625192042553, ""subsample_freq"": 1}"
2,3,241,1,0.27199671731119385,0.2716350440219243,0.07005863465557505,"{""colsample_bytree"": 0.514779255921161, ""learning_rate"": 0.015524132617017647, ""max_depth"": 3, ""min_child_samples"": 22, ""num_leaves"": 11, ""reg_lambda"": 4.616746782712124, ""subsample"": 0.973625192042553, ""subsample_freq"": 1}"
2,3,246,1,0.8322499135086967,0.8952875857748633,0.025652948163725063,"{""colsample_bytree"": 0.514779255921161, ""learning_rate"": 0.015524132617017647, ""max_depth"": 3, ""min_child_samples"": 22, ""num_leaves"": 11, ""reg_lambda"": 4.616746782712124, ""subsample"": 0.973625192042553, ""subsample_freq"": 1}"
2,3,253,1,0.6359303731409076,0.6593837788221192,0.04664421895429759,"{""colsample_bytree"": 0.514779255921161, ""learning_rate"": 0.015524132617017647, ""max_depth"": 3, ""min_child_samples"": 22, ""num_leaves"": 11, ""reg_lambda"": 4.616746782712124, ""subsample"": 0.973625192042553, ""subsample_freq"": 1}"
2,3,259,1,0.5873537560171708,0.5837483594450614,0.10671036244042244,"{""colsample_bytree"": 0.514779255921161, ""learning_rate"": 0.015524132617017647, ""max_depth"": 3, ""min_child_samples"": 22, ""num_leaves"": 11, ""reg_lambda"": 4.616746782712124, ""subsample"": 0.973625192042553, ""subsample_freq"": 1}"
2,3,261,0,0.13218691566495588,0.10303661234543712,0.020376910906288088,"{""colsample_bytree"": 0.514779255921161, ""learning_rate"": 0.015524132617017647, ""max_depth"": 3, ""min_child_samples"": 22, ""num_leaves"": 11, ""reg_lambda"": 4.616746782712124, ""subsample"": 0.973625192042553, ""subsample_freq"": 1}"
2,3,266,0,0.6764498968603375,0.7290813376388884,0.04380126603019367,"{""colsample_bytree"": 0.514779255921161, ""learning_rate"": 0.015524132617017647, ""max_depth"": 3, ""min_child_samples"": 22, ""num_leaves"": 11, ""reg_lambda"": 4.616746782712124, ""subsample"": 0.973625192042553, ""subsample_freq"": 1}"
2,3,268,0,0.6347255411469132,0.5516910079980795,0.05830201902429078,"{""colsample_bytree"": 0.514779255921161, ""learning_rate"": 0.015524132617017647, ""max_depth"": 3, ""min_child_samples"": 22, ""num_leaves"": 11, ""reg_lambda"": 4.616746782712124, ""subsample"": 0.973625192042553, ""subsample_freq"": 1}"
2,3,273,1,0.8272891380963371,0.8698354380920819,0.050250063907873205,"{""colsample_bytree"": 0.514779255921161, ""learning_rate"": 0.015524132617017647, ""max_depth"": 3, ""min_child_samples"": 22, ""num_leaves"": 11, ""reg_lambda"": 4.616746782712124, ""subsample"": 0.973625192042553, ""subsample_freq"": 1}"
2,3,275,1,0.7824842018277547,0.812018753533905,0.03706391638078686,"{""colsample_bytree"": 0.514779255921161, ""learning_rate"": 0.015524132617017647, ""max_depth"": 3, ""min_child_samples"": 22, ""num_leaves"": 11, ""reg_lambda"": 4.616746782712124, ""subsample"": 0.973625192042553, ""subsample_freq"": 1}"
2,3,280,0,0.21448733156003394,0.20434864346408518,0.06978749117586254,"{""colsample_bytree"": 0.514779255921161, ""learning_rate"": 0.015524132617017647, ""max_depth"": 3, ""min_child_samples"": 22, ""num_leaves"": 11, ""reg_lambda"": 4.616746782712124, ""subsample"": 0.973625192042553, ""subsample_freq"": 1}"
2,3,284,0,0.497353527143874,0.47984323478749147,0.09844924668633445,"{""colsample_bytree"": 0.514779255921161, ""learning_rate"": 0.015524132617017647, ""max_depth"": 3, ""min_child_samples"": 22, ""num_leaves"": 11, ""reg_lambda"": 4.616746782712124, ""subsample"": 0.973625192042553, ""subsample_freq"": 1}"
2,3,288,0,0.523663616894365,0.4694636675842004,0.10696398351526415,"{""colsample_bytree"": 0.514779255921161, ""learning_rate"": 0.015524132617017647, ""max_depth"": 3, ""min_child_samples"": 22, ""num_leaves"": 11, ""reg_lambda"": 4.616746782712124, ""subsample"": 0.973625192042553, ""subsample_freq"": 1}"
2,3,294,1,0.43591638481588973,0.45559019051725586,0.1158990330901754,"{""colsample_bytree"": 0.514779255921161, ""learning_rate"": 0.015524132617017647, ""max_depth"": 3, ""min_child_samples"": 22, ""num_leaves"": 11, ""reg_lambda"": 4.616746782712124, ""subsample"": 0.973625192042553, ""subsample_freq"": 1}"
2,3,297,0,0.30854625306448297,0.26788396537717507,0.07399298981813159,"{""colsample_bytree"": 0.514779255921161, ""learning_rate"": 0.015524132617017647, ""max_depth"": 3, ""min_child_samples"": 22, ""num_leaves"": 11, ""reg_lambda"": 4.616746782712124, ""subsample"": 0.973625192042553, ""subsample_freq"": 1}"
2,3,299,0,0.34806701248290256,0.3026530266345552,0.06223817913191476,"{""colsample_bytree"": 0.514779255921161, ""learning_rate"": 0.015524132617017647, ""max_depth"": 3, ""min_child_samples"": 22, ""num_leaves"": 11, ""reg_lambda"": 4.616746782712124, ""subsample"": 0.973625192042553, ""subsample_freq"": 1}"
2,3,300,0,0.1612474096546569,0.1358081955587943,0.033149367611137855,"{""colsample_bytree"": 0.514779255921161, ""learning_rate"": 0.015524132617017647, ""max_depth"": 3, ""min_child_samples"": 22, ""num_leaves"": 11, ""reg_lambda"": 4.616746782712124, ""subsample"": 0.973625192042553, ""subsample_freq"": 1}"
2,4,0,1,0.4216281967219571,0.3882277889802469,0.047340883000843784,"{""colsample_bytree"": 0.9905151103255461, ""learning_rate"": 0.03108066803068162, ""max_depth"": 4, ""min_child_samples"": 16, ""num_leaves"": 14, ""reg_lambda"": 2.3959641374700134, ""subsample"": 0.6727002138297735, ""subsample_freq"": 1}"
2,4,10,1,0.5063310278498905,0.6139567498883419,0.0922336629475955,"{""colsample_bytree"": 0.9905151103255461, ""learning_rate"": 0.03108066803068162, ""max_depth"": 4, ""min_child_samples"": 16, ""num_leaves"": 14, ""reg_lambda"": 2.3959641374700134, ""subsample"": 0.6727002138297735, ""subsample_freq"": 1}"
2,4,14,1,0.4001397801009044,0.45044834739843925,0.08538948951468286,"{""colsample_bytree"": 0.9905151103255461, ""learning_rate"": 0.03108066803068162, ""max_depth"": 4, ""min_child_samples"": 16, ""num_leaves"": 14, ""reg_lambda"": 2.3959641374700134, ""subsample"": 0.6727002138297735, ""subsample_freq"": 1}"
2,4,18,1,0.6911878511390501,0.6853385938494271,0.11018008077308993,"{""colsample_bytree"": 0.9905151103255461, ""learning_rate"": 0.03108066803068162, ""max_depth"": 4, ""min_child_samples"": 16, ""num_leaves"": 14, ""reg_lambda"": 2.3959641374700134, ""subsample"": 0.6727002138297735, ""subsample_freq"": 1}"
2,4,19,0,0.6811882430328261,0.7174440659432354,0.03914285287162943,"{""colsample_bytree"": 0.9905151103255461, ""learning_rate"": 0.03108066803068162, ""max_depth"": 4, ""min_child_samples"": 16, ""num_leaves"": 14, ""reg_lambda"": 2.3959641374700134, ""subsample"": 0.6727002138297735, ""subsample_freq"": 1}"
2,4,25,1,0.9760023748331187,0.9330718831287627,0.08301840277124024,"{""colsample_bytree"": 0.9905151103255461, ""learning_rate"": 0.03108066803068162, ""max_depth"": 4, ""min_child_samples"": 16, ""num_leaves"": 14, ""reg_lambda"": 2.3959641374700134, ""subsample"": 0.6727002138297735, ""subsample_freq"": 1}"
2,4,26,0,0.3380325819777232,0.4744582916059574,0.10152868475264108,"{""colsample_bytree"": 0.9905151103255461, ""learning_rate"": 0.03108066803068162, ""max_depth"": 4, ""min_child_samples"": 16, ""num_leaves"": 14, ""reg_lambda"": 2.3959641374700134, ""subsample"": 0.6727002138297735, ""subsample_freq"": 1}"
2,4,28,1,0.9549927539717885,0.9023782494754796,0.052909712248526815,"{""colsample_bytree"": 0.9905151103255461, ""learning_rate"": 0.03108066803068162, ""max_depth"": 4, ""min_child_samples"": 16, ""num_leaves"": 14, ""reg_lambda"": 2.3959641374700134, ""subsample"": 0.6727002138297735, ""subsample_freq"": 1}"
2,4,51,1,0.5605598691087073,0.6376701165723764,0.05748828851903867,"{""colsample_bytree"": 0.9905151103255461, ""learning_rate"": 0.03108066803068162, ""max_depth"": 4, ""min_child_samples"": 16, ""num_leaves"": 14, ""reg_lambda"": 2.3959641374700134, ""subsample"": 0.6727002138297735, ""subsample_freq"": 1}"
2,4,52,1,0.97301141541931,0.9436040189198414,0.04106478459199935,"{""colsample_bytree"": 0.9905151103255461, ""learning_rate"": 0.03108066803068162, ""max_depth"": 4, ""min_child_samples"": 16, ""num_leaves"": 14, ""reg_lambda"": 2.3959641374700134, ""subsample"": 0.6727002138297735, ""subsample_freq"": 1}"
2,4,56,1,0.5736523790312189,0.6946088736309572,0.0540466049004723,"{""colsample_bytree"": 0.9905151103255461, ""learning_rate"": 0.03108066803068162, ""max_depth"": 4, ""min_child_samples"": 16, ""num_leaves"": 14, ""reg_lambda"": 2.3959641374700134, ""subsample"": 0.6727002138297735, ""subsample_freq"": 1}"
2,4,75,1,0.3389651706947877,0.343165266183466,0.07918238308611443,"{""colsample_bytree"": 0.9905151103255461, ""learning_rate"": 0.03108066803068162, ""max_depth"": 4, ""min_child_samples"": 16, ""num_leaves"": 14, ""reg_lambda"": 2.3959641374700134, ""subsample"": 0.6727002138297735, ""subsample_freq"": 1}"
2,4,79,0,0.10783680475975291,0.19263870448237572,0.03325237156874447,"{""colsample_bytree"": 0.9905151103255461, ""learning_rate"": 0.03108066803068162, ""max_depth"": 4, ""min_child_samples"": 16, ""num_leaves"": 14, ""reg_lambda"": 2.3959641374700134, ""subsample"": 0.6727002138297735, ""subsample_freq"": 1}"
2,4,84,0,0.9151588193079734,0.8799671625885861,0.07104723975271254,"{""colsample_bytree"": 0.9905151103255461, ""learning_rate"": 0.03108066803068162, ""max_depth"": 4, ""min_child_samples"": 16, ""num_leaves"": 14, ""reg_lambda"": 2.3959641374700134, ""subsample"": 0.6727002138297735, ""subsample_freq"": 1}"
2,4,87,1,0.7986449706087124,0.787849074731181,0.05134811934713708,"{""colsample_bytree"": 0.9905151103255461, ""learning_rate"": 0.03108066803068162, ""max_depth"": 4, ""min_child_samples"": 16, ""num_leaves"": 14, ""reg_lambda"": 2.3959641374700134, ""subsample"": 0.6727002138297735, ""subsample_freq"": 1}"
2,4,88,0,0.9363688251176959,0.8778782012599547,0.06700762109618237,"{""colsample_bytree"": 0.9905151103255461, ""learning_rate"": 0.03108066803068162, ""max_depth"": 4, ""min_child_samples"": 16, ""num_leaves"": 14, ""reg_lambda"": 2.3959641374700134, ""subsample"": 0.6727002138297735, ""subsample_freq"": 1}"
2,4,91,0,0.2170002996515113,0.27069573965194504,0.06095181037341648,"{""colsample_bytree"": 0.9905151103255461, ""learning_rate"": 0.03108066803068162, ""max_depth"": 4, ""min_child_samples"": 16, ""num_leaves"": 14, ""reg_lambda"": 2.3959641374700134, ""subsample"": 0.6727002138297735, ""subsample_freq"": 1}"
2,4,92,1,0.9609589389551391,0.9319418768660974,0.05855716851583324,"{""colsample_bytree"": 0.9905151103255461, ""learning_rate"": 0.03108066803068162, ""max_depth"": 4, ""min_child_samples"": 16, ""num_leaves"": 14, ""reg_lambda"": 2.3959641374700134, ""subsample"": 0.6727002138297735, ""subsample_freq"": 1}"
2,4,100,1,0.8117131543307458,0.7997323320219076,0.0904735856667598,"{""colsample_bytree"": 0.9905151103255461, ""learning_rate"": 0.03108066803068162, ""max_depth"": 4, ""min_child_samples"": 16, ""num_leaves"": 14, ""reg_lambda"": 2.3959641374700134, ""subsample"": 0.6727002138297735, ""subsample_freq"": 1}"
2,4,102,0,0.06474135621400204,0.1378947122881395,0.05996355853905728,"{""colsample_bytree"": 0.9905151103255461, ""learning_rate"": 0.03108066803068162, ""max_depth"": 4, ""min_child_samples"": 16, ""num_leaves"": 14, ""reg_lambda"": 2.3959641374700134, ""subsample"": 0.6727002138297735, ""subsample_freq"": 1}"
2,4,103,1,0.95846087208361,0.9200703581318823,0.05337258069304028,"{""colsample_bytree"": 0.9905151103255461, ""learning_rate"": 0.03108066803068162, ""max_depth"": 4, ""min_child_samples"": 16, ""num_leaves"": 14, ""reg_lambda"": 2.3959641374700134, ""subsample"": 0.6727002138297735, ""subsample_freq"": 1}"
2,4,106,1,0.7542280140152765,0.694756243055463,0.0675266014598867,"{""colsample_bytree"": 0.9905151103255461, ""learning_rate"": 0.03108066803068162, ""max_depth"": 4, ""min_child_samples"": 16, ""num_leaves"": 14, ""reg_lambda"": 2.3959641374700134, ""subsample"": 0.6727002138297735, ""subsample_freq"": 1}"
2,4,124,1,0.6794528353087653,0.5840734352884784,0.0796057946655396,"{""colsample_bytree"": 0.9905151103255461, ""learning_rate"": 0.03108066803068162, ""max_depth"": 4, ""min_child_samples"": 16, ""num_leaves"": 14, ""reg_lambda"": 2.3959641374700134, ""subsample"": 0.6727002138297735, ""subsample_freq"": 1}"
2,4,129,0,0.2209518400737868,0.3455549209999161,0.12711891990136656,"{""colsample_bytree"": 0.9905151103255461, ""learning_rate"": 0.03108066803068162, ""max_depth"": 4, ""min_child_samples"": 16, ""num_leaves"": 14, ""reg_lambda"": 2.3959641374700134, ""subsample"": 0.6727002138297735, ""subsample_freq"": 1}"
2,4,132,1,0.9426973220979472,0.9150401134525239,0.06559741593718253,"{""colsample_bytree"": 0.9905151103255461, ""learning_rate"": 0.03108066803068162, ""max_depth"": 4, ""min_child_samples"": 16, ""num_leaves"": 14, ""reg_lambda"": 2.3959641374700134, ""subsample"": 0.6727002138297735, ""subsample_freq"": 1}"
2,4,144,1,0.9445686901577215,0.9104518097474384,0.0658739667698131,"{""colsample_bytree"": 0.9905151103255461, ""learning_rate"": 0.03108066803068162, ""max_depth"": 4, ""min_child_samples"": 16, ""num_leaves"": 14, ""reg_lambda"": 2.3959641374700134, ""subsample"": 0.6727002138297735, ""subsample_freq"": 1}"
2,4,146,1,0.9644593949074195,0.9319406697071996,0.08511423896141439,"{""colsample_bytree"": 0.9905151103255461, ""learning_rate"": 0.03108066803068162, ""max_depth"": 4, ""min_child_samples"": 16, ""num_leaves"": 14, ""reg_lambda"": 2.3959641374700134, ""subsample"": 0.6727002138297735, ""subsample_freq"": 1}"
2,4,151,0,0.37757664164073956,0.44452758456521463,0.09606159722473309,"{""colsample_bytree"": 0.9905151103255461, ""learning_rate"": 0.03108066803068162, ""max_depth"": 4, ""min_child_samples"": 16, ""num_leaves"": 14, ""reg_lambda"": 2.3959641374700134, ""subsample"": 0.6727002138297735, ""subsample_freq"": 1}"
2,4,157,1,0.8168238576602945,0.765737902332884,0.1097493246548135,"{""colsample_bytree"": 0.9905151103255461, ""learning_rate"": 0.03108066803068162, ""max_depth"": 4, ""min_child_samples"": 16, ""num_leaves"": 14, ""reg_lambda"": 2.3959641374700134, ""subsample"": 0.6727002138297735, ""subsample_freq"": 1}"
2,4,163,1,0.6321442842740873,0.6641055210563388,0.0626803529657539,"{""colsample_bytree"": 0.9905151103255461, ""learning_rate"": 0.03108066803068162, ""max_depth"": 4, ""min_child_samples"": 16, ""num_leaves"": 14, ""reg_lambda"": 2.3959641374700134, ""subsample"": 0.6727002138297735, ""subsample_freq"": 1}"
2,4,173,1,0.7487636087779145,0.7098429395628608,0.1421323310018062,"{""colsample_bytree"": 0.9905151103255461, ""learning_rate"": 0.03108066803068162, ""max_depth"": 4, ""min_child_samples"": 16, ""num_leaves"": 14, ""reg_lambda"": 2.3959641374700134, ""subsample"": 0.6727002138297735, ""subsample_freq"": 1}"
2,4,175,0,0.32005118256269594,0.42640752410084726,0.015349330016260713,"{""colsample_bytree"": 0.9905151103255461, ""learning_rate"": 0.03108066803068162, ""max_depth"": 4, ""min_child_samples"": 16, ""num_leaves"": 14, ""reg_lambda"": 2.3959641374700134, ""subsample"": 0.6727002138297735, ""subsample_freq"": 1}"
2,4,185,0,0.638983992480969,0.5896404748247523,0.12654857368786163,"{""colsample_bytree"": 0.9905151103255461, ""learning_rate"": 0.03108066803068162, ""max_depth"": 4, ""min_child_samples"": 16, ""num_leaves"": 14, ""reg_lambda"": 2.3959641374700134, ""subsample"": 0.6727002138297735, ""subsample_freq"": 1}"
2,4,188,1,0.36946834169454634,0.4143623554813275,0.07686060263581698,"{""colsample_bytree"": 0.9905151103255461, ""learning_rate"": 0.03108066803068162, ""max_depth"": 4, ""min_child_samples"": 16, ""num_leaves"": 14, ""reg_lambda"": 2.3959641374700134, ""subsample"": 0.6727002138297735, ""subsample_freq"": 1}"
2,4,191,1,0.924319388671347,0.8685268704792077,0.08571970749799537,"{""colsample_bytree"": 0.9905151103255461, ""learning_rate"": 0.03108066803068162, ""max_depth"": 4, ""min_child_samples"": 16, ""num_leaves"": 14, ""reg_lambda"": 2.3959641374700134, ""subsample"": 0.6727002138297735, ""subsample_freq"": 1}"
2,4,209,1,0.8083631776914348,0.7823730267818727,0.10676152197416486,"{""colsample_bytree"": 0.9905151103255461, ""learning_rate"": 0.03108066803068162, ""max_depth"": 4, ""min_child_samples"": 16, ""num_leaves"": 14, ""reg_lambda"": 2.3959641374700134, ""subsample"": 0.6727002138297735, ""subsample_freq"": 1}"
2,4,210,0,0.05867323736273185,0.08969423742603551,0.0382287092658046,"{""colsample_bytree"": 0.9905151103255461, ""learning_rate"": 0.03108066803068162, ""max_depth"": 4, ""min_child_samples"": 16, ""num_leaves"": 14, ""reg_lambda"": 2.3959641374700134, ""subsample"": 0.6727002138297735, ""subsample_freq"": 1}"
2,4,212,0,0.054005232060039404,0.11598984621313328,0.05017988697867325,"{""colsample_bytree"": 0.9905151103255461, ""learning_rate"": 0.03108066803068162, ""max_depth"": 4, ""min_child_samples"": 16, ""num_leaves"": 14, ""reg_lambda"": 2.3959641374700134, ""subsample"": 0.6727002138297735, ""subsample_freq"": 1}"
2,4,215,1,0.7139983547078256,0.7134387792608405,0.10227861121509466,"{""colsample_bytree"": 0.9905151103255461, ""learning_rate"": 0.03108066803068162, ""max_depth"": 4, ""min_child_samples"": 16, ""num_leaves"": 14, ""reg_lambda"": 2.3959641374700134, ""subsample"": 0.6727002138297735, ""subsample_freq"": 1}"
2,4,216,0,0.708682613740009,0.7136250224204007,0.07078642074289433,"{""colsample_bytree"": 0.9905151103255461, ""learning_rate"": 0.03108066803068162, ""max_depth"": 4, ""min_child_samples"": 16, ""num_leaves"": 14, ""reg_lambda"": 2.3959641374700134, ""subsample"": 0.6727002138297735, ""subsample_freq"": 1}"
2,4,232,1,0.9147977634639857,0.8832918174028631,0.07579157381638296,"{""colsample_bytree"": 0.9905151103255461, ""learning_rate"": 0.03108066803068162, ""max_depth"": 4, ""min_child_samples"": 16, ""num_leaves"": 14, ""reg_lambda"": 2.3959641374700134, ""subsample"": 0.6727002138297735, ""subsample_freq"": 1}"
2,4,234,0,0.20676500384429278,0.2576294072857276,0.08832699388653198,"{""colsample_bytree"": 0.9905151103255461, ""learning_rate"": 0.03108066803068162, ""max_depth"": 4, ""min_child_samples"": 16, ""num_leaves"": 14, ""reg_lambda"": 2.3959641374700134, ""subsample"": 0.6727002138297735, ""subsample_freq"": 1}"
2,4,235,1,0.9541210108333835,0.9036169702150951,0.1111594824150493,"{""colsample_bytree"": 0.9905151103255461, ""learning_rate"": 0.03108066803068162, ""max_depth"": 4, ""min_child_samples"": 16, ""num_leaves"": 14, ""reg_lambda"": 2.3959641374700134, ""subsample"": 0.6727002138297735, ""subsample_freq"": 1}"
2,4,238,1,0.10243146301412186,0.16019928243206505,0.07447464959238896,"{""colsample_bytree"": 0.9905151103255461, ""learning_rate"": 0.03108066803068162, ""max_depth"": 4, ""min_child_samples"": 16, ""num_leaves"": 14, ""reg_lambda"": 2.3959641374700134, ""subsample"": 0.6727002138297735, ""subsample_freq"": 1}"
2,4,250,1,0.5379786415714332,0.5676160155487711,0.05946222878461459,"{""colsample_bytree"": 0.9905151103255461, ""learning_rate"": 0.03108066803068162, ""max_depth"": 4, ""min_child_samples"": 16, ""num_leaves"": 14, ""reg_lambda"": 2.3959641374700134, ""subsample"": 0.6727002138297735, ""subsample_freq"": 1}"
2,4,262,1,0.47327043549710035,0.46162086351903114,0.12105371773072672,"{""colsample_bytree"": 0.9905151103255461, ""learning_rate"": 0.03108066803068162, ""max_depth"": 4, ""min_child_samples"": 16, ""num_leaves"": 14, ""reg_lambda"": 2.3959641374700134, ""subsample"": 0.6727002138297735, ""subsample_freq"": 1}"
2,4,263,0,0.09008688668929868,0.11941885136282089,0.05623202373051923,"{""colsample_bytree"": 0.9905151103255461, ""learning_rate"": 0.03108066803068162, ""max_depth"": 4, ""min_child_samples"": 16, ""num_leaves"": 14, ""reg_lambda"": 2.3959641374700134, ""subsample"": 0.6727002138297735, ""subsample_freq"": 1}"
2,4,264,0,0.10598189825131539,0.15273014346294625,0.06798437965881228,"{""colsample_bytree"": 0.9905151103255461, ""learning_rate"": 0.03108066803068162, ""max_depth"": 4, ""min_child_samples"": 16, ""num_leaves"": 14, ""reg_lambda"": 2.3959641374700134, ""subsample"": 0.6727002138297735, ""subsample_freq"": 1}"
2,4,265,0,0.6988362696884861,0.7067907488970534,0.08843872072056973,"{""colsample_bytree"": 0.9905151103255461, ""learning_rate"": 0.03108066803068162, ""max_depth"": 4, ""min_child_samples"": 16, ""num_leaves"": 14, ""reg_lambda"": 2.3959641374700134, ""subsample"": 0.6727002138297735, ""subsample_freq"": 1}"
2,4,267,1,0.8908795896892443,0.8532667646353882,0.10018958824402614,"{""colsample_bytree"": 0.9905151103255461, ""learning_rate"": 0.03108066803068162, ""max_depth"": 4, ""min_child_samples"": 16, ""num_leaves"": 14, ""reg_lambda"": 2.3959641374700134, ""subsample"": 0.6727002138297735, ""subsample_freq"": 1}"
2,4,270,0,0.03214897518832334,0.09136214246837507,0.04935586314367187,"{""colsample_bytree"": 0.9905151103255461, ""learning_rate"": 0.03108066803068162, ""max_depth"": 4, ""min_child_samples"": 16, ""num_leaves"": 14, ""reg_lambda"": 2.3959641374700134, ""subsample"": 0.6727002138297735, ""subsample_freq"": 1}"
2,4,276,0,0.26339292762442384,0.28213340650447466,0.09292937519605221,"{""colsample_bytree"": 0.9905151103255461, ""learning_rate"": 0.03108066803068162, ""max_depth"": 4, ""min_child_samples"": 16, ""num_leaves"": 14, ""reg_lambda"": 2.3959641374700134, ""subsample"": 0.6727002138297735, ""subsample_freq"": 1}"
2,4,277,1,0.9464506498762559,0.9147126448281341,0.0730575189645051,"{""colsample_bytree"": 0.9905151103255461, ""learning_rate"": 0.03108066803068162, ""max_depth"": 4, ""min_child_samples"": 16, ""num_leaves"": 14, ""reg_lambda"": 2.3959641374700134, ""subsample"": 0.6727002138297735, ""subsample_freq"": 1}"
2,4,279,0,0.5493588000689201,0.5919813837764306,0.028341487048823923,"{""colsample_bytree"": 0.9905151103255461, ""learning_rate"": 0.03108066803068162, ""max_depth"": 4, ""min_child_samples"": 16, ""num_leaves"": 14, ""reg_lambda"": 2.3959641374700134, ""subsample"": 0.6727002138297735, ""subsample_freq"": 1}"
2,4,281,1,0.5767491448535009,0.5495679857289996,0.10270845928842526,"{""colsample_bytree"": 0.9905151103255461, ""learning_rate"": 0.03108066803068162, ""max_depth"": 4, ""min_child_samples"": 16, ""num_leaves"": 14, ""reg_lambda"": 2.3959641374700134, ""subsample"": 0.6727002138297735, ""subsample_freq"": 1}"
2,4,282,0,0.8820018269584079,0.8362853343451457,0.08401030768613618,"{""colsample_bytree"": 0.9905151103255461, ""learning_rate"": 0.03108066803068162, ""max_depth"": 4, ""min_child_samples"": 16, ""num_leaves"": 14, ""reg_lambda"": 2.3959641374700134, ""subsample"": 0.6727002138297735, ""subsample_freq"": 1}"
2,4,285,0,0.2443269718149278,0.29484150341865745,0.05732637050912616,"{""colsample_bytree"": 0.9905151103255461, ""learning_rate"": 0.03108066803068162, ""max_depth"": 4, ""min_child_samples"": 16, ""num_leaves"": 14, ""reg_lambda"": 2.3959641374700134, ""subsample"": 0.6727002138297735, ""subsample_freq"": 1}"
2,4,287,0,0.35726128560508114,0.4416883671573054,0.04233617230592569,"{""colsample_bytree"": 0.9905151103255461, ""learning_rate"": 0.03108066803068162, ""max_depth"": 4, ""min_child_samples"": 16, ""num_leaves"": 14, ""reg_lambda"": 2.3959641374700134, ""subsample"": 0.6727002138297735, ""subsample_freq"": 1}"
2,4,291,0,0.39154948142293583,0.4262957427075705,0.07927851608087755,"{""colsample_bytree"": 0.9905151103255461, ""learning_rate"": 0.03108066803068162, ""max_depth"": 4, ""min_child_samples"": 16, ""num_leaves"": 14, ""reg_lambda"": 2.3959641374700134, ""subsample"": 0.6727002138297735, ""subsample_freq"": 1}"
2,4,298,1,0.8261124156229437,0.7224477720983467,0.08242758230421864,"{""colsample_bytree"": 0.9905151103255461, ""learning_rate"": 0.03108066803068162, ""max_depth"": 4, ""min_child_samples"": 16, ""num_leaves"": 14, ""reg_lambda"": 2.3959641374700134, ""subsample"": 0.6727002138297735, ""subsample_freq"": 1}"
3,0,0,1,0.2999414820135111,0.24157780712703847,0.06849359552326117,"{""colsample_bytree"": 0.4619528213637528, ""learning_rate"": 0.01589243596443009, ""max_depth"": 4, ""min_child_samples"": 26, ""num_leaves"": 10, ""reg_lambda"": 1.4699057369447175, ""subsample"": 0.7109428182366282, ""subsample_freq"": 1}"
3,0,9,0,0.8693830121215861,0.901306669363013,0.045253797794360257,"{""colsample_bytree"": 0.4619528213637528, ""learning_rate"": 0.01589243596443009, ""max_depth"": 4, ""min_child_samples"": 26, ""num_leaves"": 10, ""reg_lambda"": 1.4699057369447175, ""subsample"": 0.7109428182366282, ""subsample_freq"": 1}"
3,0,12,1,0.7930897872354893,0.8003169760376126,0.08439563919705527,"{""colsample_bytree"": 0.4619528213637528, ""learning_rate"": 0.01589243596443009, ""max_depth"": 4, ""min_child_samples"": 26, ""num_leaves"": 10, ""reg_lambda"": 1.4699057369447175, ""subsample"": 0.7109428182366282, ""subsample_freq"": 1}"
3,0,19,0,0.8223012632068198,0.8762576562095818,0.08196826774271145,"{""colsample_bytree"": 0.4619528213637528, ""learning_rate"": 0.01589243596443009, ""max_depth"": 4, ""min_child_samples"": 26, ""num_leaves"": 10, ""reg_lambda"": 1.4699057369447175, ""subsample"": 0.7109428182366282, ""subsample_freq"": 1}"
3,0,21,1,0.628485539421043,0.6935029921016325,0.09822799956958428,"{""colsample_bytree"": 0.4619528213637528, ""learning_rate"": 0.01589243596443009, ""max_depth"": 4, ""min_child_samples"": 26, ""num_leaves"": 10, ""reg_lambda"": 1.4699057369447175, ""subsample"": 0.7109428182366282, ""subsample_freq"": 1}"
3,0,29,0,0.871903422064935,0.8990591258787873,0.06257580436323937,"{""colsample_bytree"": 0.4619528213637528, ""learning_rate"": 0.01589243596443009, ""max_depth"": 4, ""min_child_samples"": 26, ""num_leaves"": 10, ""reg_lambda"": 1.4699057369447175, ""subsample"": 0.7109428182366282, ""subsample_freq"": 1}"
3,0,32,1,0.7312554653392745,0.7687137940865654,0.09294957520837799,"{""colsample_bytree"": 0.4619528213637528, ""learning_rate"": 0.01589243596443009, ""max_depth"": 4, ""min_child_samples"": 26, ""num_leaves"": 10, ""reg_lambda"": 1.4699057369447175, ""subsample"": 0.7109428182366282, ""subsample_freq"": 1}"
3,0,41,0,0.21410345315225868,0.15565817616318162,0.049609869801399815,"{""colsample_bytree"": 0.4619528213637528, ""learning_rate"": 0.01589243596443009, ""max_depth"": 4, ""min_child_samples"": 26, ""num_leaves"": 10, ""reg_lambda"": 1.4699057369447175, ""subsample"": 0.7109428182366282, ""subsample_freq"": 1}"
3,0,57,1,0.8695328264692838,0.9150267312941528,0.04762769720230728,"{""colsample_bytree"": 0.4619528213637528, ""learning_rate"": 0.01589243596443009, ""max_depth"": 4, ""min_child_samples"": 26, ""num_leaves"": 10, ""reg_lambda"": 1.4699057369447175, ""subsample"": 0.7109428182366282, ""subsample_freq"": 1}"
3,0,63,1,0.6141151488896963,0.6646877232553381,0.09269735966804381,"{""colsample_bytree"": 0.4619528213637528, ""learning_rate"": 0.01589243596443009, ""max_depth"": 4, ""min_child_samples"": 26, ""num_leaves"": 10, ""reg_lambda"": 1.4699057369447175, ""subsample"": 0.7109428182366282, ""subsample_freq"": 1}"
3,0,67,0,0.6095608529486353,0.6067433155656097,0.1054317111478935,"{""colsample_bytree"": 0.4619528213637528, ""learning_rate"": 0.01589243596443009, ""max_depth"": 4, ""min_child_samples"": 26, ""num_leaves"": 10, ""reg_lambda"": 1.4699057369447175, ""subsample"": 0.7109428182366282, ""subsample_freq"": 1}"
3,0,68,0,0.17595270222660042,0.1263834552304849,0.055844449216051195,"{""colsample_bytree"": 0.4619528213637528, ""learning_rate"": 0.01589243596443009, ""max_depth"": 4, ""min_child_samples"": 26, ""num_leaves"": 10, ""reg_lambda"": 1.4699057369447175, ""subsample"": 0.7109428182366282, ""subsample_freq"": 1}"
3,0,70,0,0.13748319147135518,0.10577153379682672,0.05926954560732689,"{""colsample_bytree"": 0.4619528213637528, ""learning_rate"": 0.01589243596443009, ""max_depth"": 4, ""min_child_samples"": 26, ""num_leaves"": 10, ""reg_lambda"": 1.4699057369447175, ""subsample"": 0.7109428182366282, ""subsample_freq"": 1}"
3,0,83,1,0.6728782248006066,0.69333149274573,0.08400361701842637,"{""colsample_bytree"": 0.4619528213637528, ""learning_rate"": 0.01589243596443009, ""max_depth"": 4, ""min_child_samples"": 26, ""num_leaves"": 10, ""reg_lambda"": 1.4699057369447175, ""subsample"": 0.7109428182366282, ""subsample_freq"": 1}"
3,0,85,0,0.6591774927924693,0.6826743272822972,0.12239797876141742,"{""colsample_bytree"": 0.4619528213637528, ""learning_rate"": 0.01589243596443009, ""max_depth"": 4, ""min_child_samples"": 26, ""num_leaves"": 10, ""reg_lambda"": 1.4699057369447175, ""subsample"": 0.7109428182366282, ""subsample_freq"": 1}"
3,0,94,1,0.88177908134379,0.9088422503954414,0.04738024533715169,"{""colsample_bytree"": 0.4619528213637528, ""learning_rate"": 0.01589243596443009, ""max_depth"": 4, ""min_child_samples"": 26, ""num_leaves"": 10, ""reg_lambda"": 1.4699057369447175, ""subsample"": 0.7109428182366282, ""subsample_freq"": 1}"
3,0,96,1,0.8288596064190233,0.8892415841145093,0.06284802161757606,"{""colsample_bytree"": 0.4619528213637528, ""learning_rate"": 0.01589243596443009, ""max_depth"": 4, ""min_child_samples"": 26, ""num_leaves"": 10, ""reg_lambda"": 1.4699057369447175, ""subsample"": 0.7109428182366282, ""subsample_freq"": 1}"
3,0,102,0,0.2023660357416047,0.14091758108876007,0.06383084048107437,"{""colsample_bytree"": 0.4619528213637528, ""learning_rate"": 0.01589243596443009, ""max_depth"": 4, ""min_child_samples"": 26, ""num_leaves"": 10, ""reg_lambda"": 1.4699057369447175, ""subsample"": 0.7109428182366282, ""subsample_freq"": 1}"
3,0,104,0,0.5167953672328941,0.5067269972482066,0.10396357758909605,"{""colsample_bytree"": 0.4619528213637528, ""learning_rate"": 0.01589243596443009, ""max_depth"": 4, ""min_child_samples"": 26, ""num_leaves"": 10, ""reg_lambda"": 1.4699057369447175, ""subsample"": 0.7109428182366282, ""subsample_freq"": 1}"
3,0,113,0,0.15096730370030323,0.11677340085571986,0.03743440529525032,"{""colsample_bytree"": 0.4619528213637528, ""learning_rate"": 0.01589243596443009, ""max_depth"": 4, ""min_child_samples"": 26, ""num_leaves"": 10, ""reg_lambda"": 1.4699057369447175, ""subsample"": 0.7109428182366282, ""subsample_freq"": 1}"
3,0,114,1,0.8938267867785973,0.9232038140584061,0.040101232347286186,"{""colsample_bytree"": 0.4619528213637528, ""learning_rate"": 0.01589243596443009, ""max_depth"": 4, ""min_child_samples"": 26, ""num_leaves"": 10, ""reg_lambda"": 1.4699057369447175, ""subsample"": 0.7109428182366282, ""subsample_freq"": 1}"
3,0,117,1,0.7505171425347072,0.7899550017331356,0.05599872748701639,"{""colsample_bytree"": 0.4619528213637528, ""learning_rate"": 0.01589243596443009, ""max_depth"": 4, ""min_child_samples"": 26, ""num_leaves"": 10, ""reg_lambda"": 1.4699057369447175, ""subsample"": 0.7109428182366282, ""subsample_freq"": 1}"
3,0,118,1,0.7367895257563198,0.785274979014684,0.08389024584946397,"{""colsample_bytree"": 0.4619528213637528, ""learning_rate"": 0.01589243596443009, ""max_depth"": 4, ""min_child_samples"": 26, ""num_leaves"": 10, ""reg_lambda"": 1.4699057369447175, ""subsample"": 0.7109428182366282, ""subsample_freq"": 1}"
3,0,120,1,0.647083102501296,0.6831935503915625,0.10779543425496817,"{""colsample_bytree"": 0.4619528213637528, ""learning_rate"": 0.01589243596443009, ""max_depth"": 4, ""min_child_samples"": 26, ""num_leaves"": 10, ""reg_lambda"": 1.4699057369447175, ""subsample"": 0.7109428182366282, ""subsample_freq"": 1}"
3,0,123,1,0.3519593636241166,0.2900350841871956,0.04149202265353017,"{""colsample_bytree"": 0.4619528213637528, ""learning_rate"": 0.01589243596443009, ""max_depth"": 4, ""min_child_samples"": 26, ""num_leaves"": 10, ""reg_lambda"": 1.4699057369447175, ""subsample"": 0.7109428182366282, ""subsample_freq"": 1}"
3,0,132,1,0.7959797236758623,0.8527812071105842,0.07481094447037528,"{""colsample_bytree"": 0.4619528213637528, ""learning_rate"": 0.01589243596443009, ""max_depth"": 4, ""min_child_samples"": 26, ""num_leaves"": 10, ""reg_lambda"": 1.4699057369447175, ""subsample"": 0.7109428182366282, ""subsample_freq"": 1}"
3,0,138,1,0.6155131790161589,0.6761596410031974,0.046593712262585484,"{""colsample_bytree"": 0.4619528213637528, ""learning_rate"": 0.01589243596443009, ""max_depth"": 4, ""min_child_samples"": 26, ""num_leaves"": 10, ""reg_lambda"": 1.4699057369447175, ""subsample"": 0.7109428182366282, ""subsample_freq"": 1}"
3,0,140,1,0.8475321618912778,0.8862156057993891,0.058905784839590546,"{""colsample_bytree"": 0.4619528213637528, ""learning_rate"": 0.01589243596443009, ""max_depth"": 4, ""min_child_samples"": 26, ""num_leaves"": 10, ""reg_lambda"": 1.4699057369447175, ""subsample"": 0.7109428182366282, ""subsample_freq"": 1}"
3,0,146,1,0.9037180661275838,0.9360363250907818,0.03833026194953493,"{""colsample_bytree"": 0.4619528213637528, ""learning_rate"": 0.01589243596443009, ""max_depth"": 4, ""min_child_samples"": 26, ""num_leaves"": 10, ""reg_lambda"": 1.4699057369447175, ""subsample"": 0.7109428182366282, ""subsample_freq"": 1}"
3,0,148,1,0.5178239979423392,0.45391200240092955,0.05890114166740202,"{""colsample_bytree"": 0.4619528213637528, ""learning_rate"": 0.01589243596443009, ""max_depth"": 4, ""min_child_samples"": 26, ""num_leaves"": 10, ""reg_lambda"": 1.4699057369447175, ""subsample"": 0.7109428182366282, ""subsample_freq"": 1}"
3,0,156,1,0.5816488768995307,0.5407440075673778,0.10782777852919889,"{""colsample_bytree"": 0.4619528213637528, ""learning_rate"": 0.01589243596443009, ""max_depth"": 4, ""min_child_samples"": 26, ""num_leaves"": 10, ""reg_lambda"": 1.4699057369447175, ""subsample"": 0.7109428182366282, ""subsample_freq"": 1}"
3,0,159,1,0.9070750810918317,0.9385419276571094,0.04131692740117395,"{""colsample_bytree"": 0.4619528213637528, ""learning_rate"": 0.01589243596443009, ""max_depth"": 4, ""min_child_samples"": 26, ""num_leaves"": 10, ""reg_lambda"": 1.4699057369447175, ""subsample"": 0.7109428182366282, ""subsample_freq"": 1}"
3,0,162,1,0.8498290223905612,0.9027060333691758,0.06316747560488244,"{""colsample_bytree"": 0.4619528213637528, ""learning_rate"": 0.01589243596443009, ""max_depth"": 4, ""min_child_samples"": 26, ""num_leaves"": 10, ""reg_lambda"": 1.4699057369447175, ""subsample"": 0.7109428182366282, ""subsample_freq"": 1}"
3,0,163,1,0.5538428623660018,0.5170118557911634,0.1122969957981367,"{""colsample_bytree"": 0.4619528213637528, ""learning_rate"": 0.01589243596443009, ""max_depth"": 4, ""min_child_samples"": 26, ""num_leaves"": 10, ""reg_lambda"": 1.4699057369447175, ""subsample"": 0.7109428182366282, ""subsample_freq"": 1}"
3,0,167,1,0.8093012345410369,0.8514966035590762,0.09102782786225835,"{""colsample_bytree"": 0.4619528213637528, ""learning_rate"": 0.01589243596443009, ""max_depth"": 4, ""min_child_samples"": 26, ""num_leaves"": 10, ""reg_lambda"": 1.4699057369447175, ""subsample"": 0.7109428182366282, ""subsample_freq"": 1}"
3,0,168,0,0.18575116805544106,0.15335583841303405,0.06012425072986665,"{""colsample_bytree"": 0.4619528213637528, ""learning_rate"": 0.01589243596443009, ""max_depth"": 4, ""min_child_samples"": 26, ""num_leaves"": 10, ""reg_lambda"": 1.4699057369447175, ""subsample"": 0.7109428182366282, ""subsample_freq"": 1}"
3,0,174,1,0.8826141689100377,0.9139945078859938,0.044111581228340725,"{""colsample_bytree"": 0.4619528213637528, ""learning_rate"": 0.01589243596443009, ""max_depth"": 4, ""min_child_samples"": 26, ""num_leaves"": 10, ""reg_lambda"": 1.4699057369447175, ""subsample"": 0.7109428182366282, ""subsample_freq"": 1}"
3,0,175,0,0.46433776691994605,0.4472674633893086,0.07264557747909083,"{""colsample_bytree"": 0.4619528213637528, ""learning_rate"": 0.01589243596443009, ""max_depth"": 4, ""min_child_samples"": 26, ""num_leaves"": 10, ""reg_lambda"": 1.4699057369447175, ""subsample"": 0.7109428182366282, ""subsample_freq"": 1}"
3,0,193,0,0.4181353453813906,0.3733925571287017,0.042221677981321745,"{""colsample_bytree"": 0.4619528213637528, ""learning_rate"": 0.01589243596443009, ""max_depth"": 4, ""min_child_samples"": 26, ""num_leaves"": 10, ""reg_lambda"": 1.4699057369447175, ""subsample"": 0.7109428182366282, ""subsample_freq"": 1}"
3,0,212,0,0.15121482678297254,0.11486096127684917,0.03586637133078954,"{""colsample_bytree"": 0.4619528213637528, ""learning_rate"": 0.01589243596443009, ""max_depth"": 4, ""min_child_samples"": 26, ""num_leaves"": 10, ""reg_lambda"": 1.4699057369447175, ""subsample"": 0.7109428182366282, ""subsample_freq"": 1}"
3,0,216,0,0.4631845943401952,0.3945596839181717,0.02126475750561603,"{""colsample_bytree"": 0.4619528213637528, ""learning_rate"": 0.01589243596443009, ""max_depth"": 4, ""min_child_samples"": 26, ""num_leaves"": 10, ""reg_lambda"": 1.4699057369447175, ""subsample"": 0.7109428182366282, ""subsample_freq"": 1}"
3,0,218,0,0.26530667476183667,0.20021603792543985,0.10223530316832043,"{""colsample_bytree"": 0.4619528213637528, ""learning_rate"": 0.01589243596443009, ""max_depth"": 4, ""min_child_samples"": 26, ""num_leaves"": 10, ""reg_lambda"": 1.4699057369447175, ""subsample"": 0.7109428182366282, ""subsample_freq"": 1}"
3,0,219,1,0.19953803893049002,0.13901107520800154,0.06744339406891954,"{""colsample_bytree"": 0.4619528213637528, ""learning_rate"": 0.01589243596443009, ""max_depth"": 4, ""min_child_samples"": 26, ""num_leaves"": 10, ""reg_lambda"": 1.4699057369447175, ""subsample"": 0.7109428182366282, ""subsample_freq"": 1}"
3,0,221,1,0.5779967667254473,0.572114305969914,0.05186074274262001,"{""colsample_bytree"": 0.4619528213637528, ""learning_rate"": 0.01589243596443009, ""max_depth"": 4, ""min_child_samples"": 26, ""num_leaves"": 10, ""reg_lambda"": 1.4699057369447175, ""subsample"": 0.7109428182366282, ""subsample_freq"": 1}"
3,0,232,1,0.8620182158816447,0.8939483845661671,0.05740853394230184,"{""colsample_bytree"": 0.4619528213637528, ""learning_rate"": 0.01589243596443009, ""max_depth"": 4, ""min_child_samples"": 26, ""num_leaves"": 10, ""reg_lambda"": 1.4699057369447175, ""subsample"": 0.7109428182366282, ""subsample_freq"": 1}"
3,0,233,0,0.3120575676173252,0.2908292731908659,0.0648830025786625,"{""colsample_bytree"": 0.4619528213637528, ""learning_rate"": 0.01589243596443009, ""max_depth"": 4, ""min_child_samples"": 26, ""num_leaves"": 10, ""reg_lambda"": 1.4699057369447175, ""subsample"": 0.7109428182366282, ""subsample_freq"": 1}"
3,0,234,0,0.2626825344838016,0.1947718176265464,0.051140982058133826,"{""colsample_bytree"": 0.4619528213637528, ""learning_rate"": 0.01589243596443009, ""max_depth"": 4, ""min_child_samples"": 26, ""num_leaves"": 10, ""reg_lambda"": 1.4699057369447175, ""subsample"": 0.7109428182366282, ""subsample_freq"": 1}"
3,0,237,1,0.5281921556483786,0.5900781959453957,0.10582848195201076,"{""colsample_bytree"": 0.4619528213637528, ""learning_rate"": 0.01589243596443009, ""max_depth"": 4, ""min_child_samples"": 26, ""num_leaves"": 10, ""reg_lambda"": 1.4699057369447175, ""subsample"": 0.7109428182366282, ""subsample_freq"": 1}"
3,0,238,1,0.21749154627751952,0.16041067675684578,0.06406517391479381,"{""colsample_bytree"": 0.4619528213637528, ""learning_rate"": 0.01589243596443009, ""max_depth"": 4, ""min_child_samples"": 26, ""num_leaves"": 10, ""reg_lambda"": 1.4699057369447175, ""subsample"": 0.7109428182366282, ""subsample_freq"": 1}"
3,0,244,1,0.27394895325473567,0.22940014830855265,0.07548001920616906,"{""colsample_bytree"": 0.4619528213637528, ""learning_rate"": 0.01589243596443009, ""max_depth"": 4, ""min_child_samples"": 26, ""num_leaves"": 10, ""reg_lambda"": 1.4699057369447175, ""subsample"": 0.7109428182366282, ""subsample_freq"": 1}"
3,0,245,1,0.4927723280553283,0.47989715330459626,0.052176544629439714,"{""colsample_bytree"": 0.4619528213637528, ""learning_rate"": 0.01589243596443009, ""max_depth"": 4, ""min_child_samples"": 26, ""num_leaves"": 10, ""reg_lambda"": 1.4699057369447175, ""subsample"": 0.7109428182366282, ""subsample_freq"": 1}"
3,0,251,1,0.2893313091375894,0.24224624632237063,0.056333180821657884,"{""colsample_bytree"": 0.4619528213637528, ""learning_rate"": 0.01589243596443009, ""max_depth"": 4, ""min_child_samples"": 26, ""num_leaves"": 10, ""reg_lambda"": 1.4699057369447175, ""subsample"": 0.7109428182366282, ""subsample_freq"": 1}"
3,0,253,1,0.613620952155354,0.6731448267734392,0.09929590631354937,"{""colsample_bytree"": 0.4619528213637528, ""learning_rate"": 0.01589243596443009, ""max_depth"": 4, ""min_child_samples"": 26, ""num_leaves"": 10, ""reg_lambda"": 1.4699057369447175, ""subsample"": 0.7109428182366282, ""subsample_freq"": 1}"
3,0,263,0,0.11524414148341368,0.08544555586618079,0.041527063980008466,"{""colsample_bytree"": 0.4619528213637528, ""learning_rate"": 0.01589243596443009, ""max_depth"": 4, ""min_child_samples"": 26, ""num_leaves"": 10, ""reg_lambda"": 1.4699057369447175, ""subsample"": 0.7109428182366282, ""subsample_freq"": 1}"
3,0,275,1,0.7768867344775482,0.8008201686835245,0.09755173535199207,"{""colsample_bytree"": 0.4619528213637528, ""learning_rate"": 0.01589243596443009, ""max_depth"": 4, ""min_child_samples"": 26, ""num_leaves"": 10, ""reg_lambda"": 1.4699057369447175, ""subsample"": 0.7109428182366282, ""subsample_freq"": 1}"
3,0,276,0,0.21718691710030236,0.1846602379165206,0.03757235570124148,"{""colsample_bytree"": 0.4619528213637528, ""learning_rate"": 0.01589243596443009, ""max_depth"": 4, ""min_child_samples"": 26, ""num_leaves"": 10, ""reg_lambda"": 1.4699057369447175, ""subsample"": 0.7109428182366282, ""subsample_freq"": 1}"
3,0,279,0,0.6425788205542722,0.6609399278546837,0.12239691813199541,"{""colsample_bytree"": 0.4619528213637528, ""learning_rate"": 0.01589243596443009, ""max_depth"": 4, ""min_child_samples"": 26, ""num_leaves"": 10, ""reg_lambda"": 1.4699057369447175, ""subsample"": 0.7109428182366282, ""subsample_freq"": 1}"
3,0,281,1,0.3088231288811094,0.3069267325091574,0.0567765369566158,"{""colsample_bytree"": 0.4619528213637528, ""learning_rate"": 0.01589243596443009, ""max_depth"": 4, ""min_child_samples"": 26, ""num_leaves"": 10, ""reg_lambda"": 1.4699057369447175, ""subsample"": 0.7109428182366282, ""subsample_freq"": 1}"
3,0,288,0,0.35939181635030254,0.36687077757808334,0.08497238390708343,"{""colsample_bytree"": 0.4619528213637528, ""learning_rate"": 0.01589243596443009, ""max_depth"": 4, ""min_child_samples"": 26, ""num_leaves"": 10, ""reg_lambda"": 1.4699057369447175, ""subsample"": 0.7109428182366282, ""subsample_freq"": 1}"
3,0,292,0,0.4016830941722993,0.38874002436142663,0.059811072200071744,"{""colsample_bytree"": 0.4619528213637528, ""learning_rate"": 0.01589243596443009, ""max_depth"": 4, ""min_child_samples"": 26, ""num_leaves"": 10, ""reg_lambda"": 1.4699057369447175, ""subsample"": 0.7109428182366282, ""subsample_freq"": 1}"
3,0,293,0,0.23525216292111462,0.2072119256706289,0.06236551893962383,"{""colsample_bytree"": 0.4619528213637528, ""learning_rate"": 0.01589243596443009, ""max_depth"": 4, ""min_child_samples"": 26, ""num_leaves"": 10, ""reg_lambda"": 1.4699057369447175, ""subsample"": 0.7109428182366282, ""subsample_freq"": 1}"
3,1,4,0,0.27637974772678187,0.26330864655769937,0.058429572605134636,"{""colsample_bytree"": 0.9643143443876712, ""learning_rate"": 0.011584901035047581, ""max_depth"": 2, ""min_child_samples"": 6, ""num_leaves"": 7, ""reg_lambda"": 0.14685704360666896, ""subsample"": 0.711167546097343, ""subsample_freq"": 1}"
3,1,6,1,0.6790247356583087,0.7677243841637726,0.08543801980539562,"{""colsample_bytree"": 0.9643143443876712, ""learning_rate"": 0.011584901035047581, ""max_depth"": 2, ""min_child_samples"": 6, ""num_leaves"": 7, ""reg_lambda"": 0.14685704360666896, ""subsample"": 0.711167546097343, ""subsample_freq"": 1}"
3,1,11,1,0.8982305039456345,0.9281234553283403,0.017894275447953346,"{""colsample_bytree"": 0.9643143443876712, ""learning_rate"": 0.011584901035047581, ""max_depth"": 2, ""min_child_samples"": 6, ""num_leaves"": 7, ""reg_lambda"": 0.14685704360666896, ""subsample"": 0.711167546097343, ""subsample_freq"": 1}"
3,1,14,1,0.347884631783311,0.3108116096247529,0.04743127877360555,"{""colsample_bytree"": 0.9643143443876712, ""learning_rate"": 0.011584901035047581, ""max_depth"": 2, ""min_child_samples"": 6, ""num_leaves"": 7, ""reg_lambda"": 0.14685704360666896, ""subsample"": 0.711167546097343, ""subsample_freq"": 1}"
3,1,15,1,0.8013687127048869,0.8472628137929096,0.026647610272651053,"{""colsample_bytree"": 0.9643143443876712, ""learning_rate"": 0.011584901035047581, ""max_depth"": 2, ""min_child_samples"": 6, ""num_leaves"": 7, ""reg_lambda"": 0.14685704360666896, ""subsample"": 0.711167546097343, ""subsample_freq"": 1}"
3,1,27,0,0.36333793863016456,0.32298308622732314,0.09323119608317827,"{""colsample_bytree"": 0.9643143443876712, ""learning_rate"": 0.011584901035047581, ""max_depth"": 2, ""min_child_samples"": 6, ""num_leaves"": 7, ""reg_lambda"": 0.14685704360666896, ""subsample"": 0.711167546097343, ""subsample_freq"": 1}"
3,1,33,1,0.42376295295687666,0.49288166407668826,0.09572543554324785,"{""colsample_bytree"": 0.9643143443876712, ""learning_rate"": 0.011584901035047581, ""max_depth"": 2, ""min_child_samples"": 6, ""num_leaves"": 7, ""reg_lambda"": 0.14685704360666896, ""subsample"": 0.711167546097343, ""subsample_freq"": 1}"
3,1,35,0,0.23665864929109967,0.16217270701219483,0.04701287924759076,"{""colsample_bytree"": 0.9643143443876712, ""learning_rate"": 0.011584901035047581, ""max_depth"": 2, ""min_child_samples"": 6, ""num_leaves"": 7, ""reg_lambda"": 0.14685704360666896, ""subsample"": 0.711167546097343, ""subsample_freq"": 1}"
3,1,37,1,0.7551127903843635,0.7364787271283246,0.052594716044915675,"{""colsample_bytree"": 0.9643143443876712, ""learning_rate"": 0.011584901035047581, ""max_depth"": 2, ""min_child_samples"": 6, ""num_leaves"": 7, ""reg_lambda"": 0.14685704360666896, ""subsample"": 0.711167546097343, ""subsample_freq"": 1}"
3,1,40,1,0.7881294923136436,0.8451047519940694,0.052897053210526464,"{""colsample_bytree"": 0.9643143443876712, ""learning_rate"": 0.011584901035047581, ""max_depth"": 2, ""min_child_samples"": 6, ""num_leaves"": 7, ""reg_lambda"": 0.14685704360666896, ""subsample"": 0.711167546097343, ""subsample_freq"": 1}"
3,1,44,0,0.5690175894525058,0.6093978844067637,0.03483398105130829,"{""colsample_bytree"": 0.9643143443876712, ""learning_rate"": 0.011584901035047581, ""max_depth"": 2, ""min_child_samples"": 6, ""num_leaves"": 7, ""reg_lambda"": 0.14685704360666896, ""subsample"": 0.711167546097343, ""subsample_freq"": 1}"
3,1,47,1,0.8191565976031042,0.8868341241336475,0.01456077634898284,"{""colsample_bytree"": 0.9643143443876712, ""learning_rate"": 0.011584901035047581, ""max_depth"": 2, ""min_child_samples"": 6, ""num_leaves"": 7, ""reg_lambda"": 0.14685704360666896, ""subsample"": 0.711167546097343, ""subsample_freq"": 1}"
3,1,48,0,0.24150283911615333,0.20596123969637842,0.08260327960785989,"{""colsample_bytree"": 0.9643143443876712, ""learning_rate"": 0.011584901035047581, ""max_depth"": 2, ""min_child_samples"": 6, ""num_leaves"": 7, ""reg_lambda"": 0.14685704360666896, ""subsample"": 0.711167546097343, ""subsample_freq"": 1}"
3,1,50,0,0.5341610764918245,0.5543018905549055,0.10023467250057665,"{""colsample_bytree"": 0.9643143443876712, ""learning_rate"": 0.011584901035047581, ""max_depth"": 2, ""min_child_samples"": 6, ""num_leaves"": 7, ""reg_lambda"": 0.14685704360666896, ""subsample"": 0.711167546097343, ""subsample_freq"": 1}"
3,1,54,0,0.40919553649814794,0.4301315680254091,0.12414110549878987,"{""colsample_bytree"": 0.9643143443876712, ""learning_rate"": 0.011584901035047581, ""max_depth"": 2, ""min_child_samples"": 6, ""num_leaves"": 7, ""reg_lambda"": 0.14685704360666896, ""subsample"": 0.711167546097343, ""subsample_freq"": 1}"
3,1,58,1,0.3437471395303622,0.2654234363648499,0.04097281079747911,"{""colsample_bytree"": 0.9643143443876712, ""learning_rate"": 0.011584901035047581, ""max_depth"": 2, ""min_child_samples"": 6, ""num_leaves"": 7, ""reg_lambda"": 0.14685704360666896, ""subsample"": 0.711167546097343, ""subsample_freq"": 1}"
3,1,59,1,0.8519609472236636,0.9106624878497191,0.02838050357602021,"{""colsample_bytree"": 0.9643143443876712, ""learning_rate"": 0.011584901035047581, ""max_depth"": 2, ""min_child_samples"": 6, ""num_leaves"": 7, ""reg_lambda"": 0.14685704360666896, ""subsample"": 0.711167546097343, ""subsample_freq"": 1}"
3,1,73,0,0.629119118122419,0.6377047783873065,0.052870912391491484,"{""colsample_bytree"": 0.9643143443876712, ""learning_rate"": 0.011584901035047581, ""max_depth"": 2, ""min_child_samples"": 6, ""num_leaves"": 7, ""reg_lambda"": 0.14685704360666896, ""subsample"": 0.711167546097343, ""subsample_freq"": 1}"
3,1,80,1,0.871280606863456,0.9074936385436349,0.029046086667547374,"{""colsample_bytree"": 0.9643143443876712, ""learning_rate"": 0.011584901035047581, ""max_depth"": 2, ""min_child_samples"": 6, ""num_leaves"": 7, ""reg_lambda"": 0.14685704360666896, ""subsample"": 0.711167546097343, ""subsample_freq"": 1}"
3,1,89,1,0.7150718456343071,0.7711067913469808,0.053471237683413164,"{""colsample_bytree"": 0.9643143443876712, ""learning_rate"": 0.011584901035047581, ""max_depth"": 2, ""min_child_samples"": 6, ""num_leaves"": 7, ""reg_lambda"": 0.14685704360666896, ""subsample"": 0.711167546097343, ""subsample_freq"": 1}"
3,1,90,0,0.622107317785092,0.6398702869599374,0.03976279731324067,"{""colsample_bytree"": 0.9643143443876712, ""learning_rate"": 0.011584901035047581, ""max_depth"": 2, ""min_child_samples"": 6, ""num_leaves"": 7, ""reg_lambda"": 0.14685704360666896, ""subsample"": 0.711167546097343, ""subsample_freq"": 1}"
3,1,95,1,0.8757001420081831,0.9068302226577727,0.04043577201797733,"{""colsample_bytree"": 0.9643143443876712, ""learning_rate"": 0.011584901035047581, ""max_depth"": 2, ""min_child_samples"": 6, ""num_leaves"": 7, ""reg_lambda"": 0.14685704360666896, ""subsample"": 0.711167546097343, ""subsample_freq"": 1}"
3,1,105,1,0.6898005099576847,0.7064498735418848,0.06136780214186622,"{""colsample_bytree"": 0.9643143443876712, ""learning_rate"": 0.011584901035047581, ""max_depth"": 2, ""min_child_samples"": 6, ""num_leaves"": 7, ""reg_lambda"": 0.14685704360666896, ""subsample"": 0.711167546097343, ""subsample_freq"": 1}"
3,1,107,1,0.5618359013981716,0.5800622806170571,0.01821840934832332,"{""colsample_bytree"": 0.9643143443876712, ""learning_rate"": 0.011584901035047581, ""max_depth"": 2, ""min_child_samples"": 6, ""num_leaves"": 7, ""reg_lambda"": 0.14685704360666896, ""subsample"": 0.711167546097343, ""subsample_freq"": 1}"
3,1,111,1,0.7946349389451184,0.8163142266918684,0.027616335350972677,"{""colsample_bytree"": 0.9643143443876712, ""learning_rate"": 0.011584901035047581, ""max_depth"": 2, ""min_child_samples"": 6, ""num_leaves"": 7, ""reg_lambda"": 0.14685704360666896, ""subsample"": 0.711167546097343, ""subsample_freq"": 1}"
3,1,115,0,0.4476744003693903,0.4448281227086544,0.06118102201378862,"{""colsample_bytree"": 0.9643143443876712, ""learning_rate"": 0.011584901035047581, ""max_depth"": 2, ""min_child_samples"": 6, ""num_leaves"": 7, ""reg_lambda"": 0.14685704360666896, ""subsample"": 0.711167546097343, ""subsample_freq"": 1}"
3,1,125,1,0.684727230861999,0.7472111216211672,0.07543591202980277,"{""colsample_bytree"": 0.9643143443876712, ""learning_rate"": 0.011584901035047581, ""max_depth"": 2, ""min_child_samples"": 6, ""num_leaves"": 7, ""reg_lambda"": 0.14685704360666896, ""subsample"": 0.711167546097343, ""subsample_freq"": 1}"
3,1,126,1,0.7744143831783915,0.8143350845027617,0.0380036439137887,"{""colsample_bytree"": 0.9643143443876712, ""learning_rate"": 0.011584901035047581, ""max_depth"": 2, ""min_child_samples"": 6, ""num_leaves"": 7, ""reg_lambda"": 0.14685704360666896, ""subsample"": 0.711167546097343, ""subsample_freq"": 1}"
3,1,130,0,0.3575773354750621,0.28491377453912176,0.05084806947177723,"{""colsample_bytree"": 0.9643143443876712, ""learning_rate"": 0.011584901035047581, ""max_depth"": 2, ""min_child_samples"": 6, ""num_leaves"": 7, ""reg_lambda"": 0.14685704360666896, ""subsample"": 0.711167546097343, ""subsample_freq"": 1}"
3,1,141,1,0.7735791171399655,0.8407255165423472,0.036216709446325615,"{""colsample_bytree"": 0.9643143443876712, ""learning_rate"": 0.011584901035047581, ""max_depth"": 2, ""min_child_samples"": 6, ""num_leaves"": 7, ""reg_lambda"": 0.14685704360666896, ""subsample"": 0.711167546097343, ""subsample_freq"": 1}"
3,1,149,1,0.7446206428256005,0.7766761239762964,0.0633823342378436,"{""colsample_bytree"": 0.9643143443876712, ""learning_rate"": 0.011584901035047581, ""max_depth"": 2, ""min_child_samples"": 6, ""num_leaves"": 7, ""reg_lambda"": 0.14685704360666896, ""subsample"": 0.711167546097343, ""subsample_freq"": 1}"
3,1,152,1,0.3370267320211138,0.3136921721631736,0.09316746515679576,"{""colsample_bytree"": 0.9643143443876712, ""learning_rate"": 0.011584901035047581, ""max_depth"": 2, ""min_child_samples"": 6, ""num_leaves"": 7, ""reg_lambda"": 0.14685704360666896, ""subsample"": 0.711167546097343, ""subsample_freq"": 1}"
3,1,161,1,0.8235908920684466,0.8991791020386902,0.018808231881321875,"{""colsample_bytree"": 0.9643143443876712, ""learning_rate"": 0.011584901035047581, ""max_depth"": 2, ""min_child_samples"": 6, ""num_leaves"": 7, ""reg_lambda"": 0.14685704360666896, ""subsample"": 0.711167546097343, ""subsample_freq"": 1}"
3,1,177,1,0.7951858167933035,0.8264150294708396,0.013359691695737327,"{""colsample_bytree"": 0.9643143443876712, ""learning_rate"": 0.011584901035047581, ""max_depth"": 2, ""min_child_samples"": 6, ""num_leaves"": 7, ""reg_lambda"": 0.14685704360666896, ""subsample"": 0.711167546097343, ""subsample_freq"": 1}"
3,1,185,0,0.38150563820041544,0.3699175452305732,0.06618148960656499,"{""colsample_bytree"": 0.9643143443876712, ""learning_rate"": 0.011584901035047581, ""max_depth"": 2, ""min_child_samples"": 6, ""num_leaves"": 7, ""reg_lambda"": 0.14685704360666896, ""subsample"": 0.711167546097343, ""subsample_freq"": 1}"
3,1,186,0,0.5991768167145358,0.5507128906174711,0.11945535005200311,"{""colsample_bytree"": 0.9643143443876712, ""learning_rate"": 0.011584901035047581, ""max_depth"": 2, ""min_child_samples"": 6, ""num_leaves"": 7, ""reg_lambda"": 0.14685704360666896, ""subsample"": 0.711167546097343, ""subsample_freq"": 1}"
3,1,188,1,0.4840224573627432,0.44213151524161526,0.10435993170943857,"{""colsample_bytree"": 0.9643143443876712, ""learning_rate"": 0.011584901035047581, ""max_depth"": 2, ""min_child_samples"": 6, ""num_leaves"": 7, ""reg_lambda"": 0.14685704360666896, ""subsample"": 0.711167546097343, ""subsample_freq"": 1}"
3,1,191,1,0.8349453249145021,0.8819213914455697,0.03573954714914428,"{""colsample_bytree"": 0.9643143443876712, ""learning_rate"": 0.011584901035047581, ""max_depth"": 2, ""min_child_samples"": 6, ""num_leaves"": 7, ""reg_lambda"": 0.14685704360666896, ""subsample"": 0.711167546097343, ""subsample_freq"": 1}"
3,1,196,0,0.3456904464020725,0.2703421352565002,0.11696920676085677,"{""colsample_bytree"": 0.9643143443876712, ""learning_rate"": 0.011584901035047581, ""max_depth"": 2, ""min_child_samples"": 6, ""num_leaves"": 7, ""reg_lambda"": 0.14685704360666896, ""subsample"": 0.711167546097343, ""subsample_freq"": 1}"
3,1,211,1,0.5436529526612631,0.6164017553441752,0.07184434391585139,"{""colsample_bytree"": 0.9643143443876712, ""learning_rate"": 0.011584901035047581, ""max_depth"": 2, ""min_child_samples"": 6, ""num_leaves"": 7, ""reg_lambda"": 0.14685704360666896, ""subsample"": 0.711167546097343, ""subsample_freq"": 1}"
3,1,213,0,0.48359208565884654,0.4880782332677519,0.07964414789598745,"{""colsample_bytree"": 0.9643143443876712, ""learning_rate"": 0.011584901035047581, ""max_depth"": 2, ""min_child_samples"": 6, ""num_leaves"": 7, ""reg_lambda"": 0.14685704360666896, ""subsample"": 0.711167546097343, ""subsample_freq"": 1}"
3,1,220,1,0.7045631998873482,0.7049170645432964,0.048764333989630745,"{""colsample_bytree"": 0.9643143443876712, ""learning_rate"": 0.011584901035047581, ""max_depth"": 2, ""min_child_samples"": 6, ""num_leaves"": 7, ""reg_lambda"": 0.14685704360666896, ""subsample"": 0.711167546097343, ""subsample_freq"": 1}"
3,1,224,1,0.8590545777538456,0.9070006588792021,0.03316079799692797,"{""colsample_bytree"": 0.9643143443876712, ""learning_rate"": 0.011584901035047581, ""max_depth"": 2, ""min_child_samples"": 6, ""num_leaves"": 7, ""reg_lambda"": 0.14685704360666896, ""subsample"": 0.711167546097343, ""subsample_freq"": 1}"
3,1,228,1,0.6454606311970588,0.6806417411986408,0.07062229168117685,"{""colsample_bytree"": 0.9643143443876712, ""learning_rate"": 0.011584901035047581, ""max_depth"": 2, ""min_child_samples"": 6, ""num_leaves"": 7, ""reg_lambda"": 0.14685704360666896, ""subsample"": 0.711167546097343, ""subsample_freq"": 1}"
3,1,236,1,0.6789150981731039,0.6940678786824792,0.043200192249037365,"{""colsample_bytree"": 0.9643143443876712, ""learning_rate"": 0.011584901035047581, ""max_depth"": 2, ""min_child_samples"": 6, ""num_leaves"": 7, ""reg_lambda"": 0.14685704360666896, ""subsample"": 0.711167546097343, ""subsample_freq"": 1}"
3,1,241,1,0.27785384251342926,0.25244876392635107,0.053561764921720004,"{""colsample_bytree"": 0.9643143443876712, ""learning_rate"": 0.011584901035047581, ""max_depth"": 2, ""min_child_samples"": 6, ""num_leaves"": 7, ""reg_lambda"": 0.14685704360666896, ""subsample"": 0.711167546097343, ""subsample_freq"": 1}"
3,1,242,1,0.7649398916075254,0.8260391399065184,0.044617275362825726,"{""colsample_bytree"": 0.9643143443876712, ""learning_rate"": 0.011584901035047581, ""max_depth"": 2, ""min_child_samples"": 6, ""num_leaves"": 7, ""reg_lambda"": 0.14685704360666896, ""subsample"": 0.711167546097343, ""subsample_freq"": 1}"
3,1,248,1,0.8654077434994658,0.9064331239960712,0.023286055754585745,"{""colsample_bytree"": 0.9643143443876712, ""learning_rate"": 0.011584901035047581, ""max_depth"": 2, ""min_child_samples"": 6, ""num_leaves"": 7, ""reg_lambda"": 0.14685704360666896, ""subsample"": 0.711167546097343, ""subsample_freq"": 1}"
3,1,254,0,0.5813331159803204,0.5865602643507039,0.05162760534803245,"{""colsample_bytree"": 0.9643143443876712, ""learning_rate"": 0.011584901035047581, ""max_depth"": 2, ""min_child_samples"": 6, ""num_leaves"": 7, ""reg_lambda"": 0.14685704360666896, ""subsample"": 0.711167546097343, ""subsample_freq"": 1}"
3,1,255,0,0.1933849341991452,0.13671008060688222,0.040252707354734095,"{""colsample_bytree"": 0.9643143443876712, ""learning_rate"": 0.011584901035047581, ""max_depth"": 2, ""min_child_samples"": 6, ""num_leaves"": 7, ""reg_lambda"": 0.14685704360666896, ""subsample"": 0.711167546097343, ""subsample_freq"": 1}"
3,1,257,0,0.2688549551919022,0.2167445657150469,0.06250753593561946,"{""colsample_bytree"": 0.9643143443876712, ""learning_rate"": 0.011584901035047581, ""max_depth"": 2, ""min_child_samples"": 6, ""num_leaves"": 7, ""reg_lambda"": 0.14685704360666896, ""subsample"": 0.711167546097343, ""subsample_freq"": 1}"
3,1,264,0,0.28023872348345547,0.22778353137953838,0.08938428293239745,"{""colsample_bytree"": 0.9643143443876712, ""learning_rate"": 0.011584901035047581, ""max_depth"": 2, ""min_child_samples"": 6, ""num_leaves"": 7, ""reg_lambda"": 0.14685704360666896, ""subsample"": 0.711167546097343, ""subsample_freq"": 1}"
3,1,269,1,0.6061793135003352,0.6901658437283249,0.04247148361614637,"{""colsample_bytree"": 0.9643143443876712, ""learning_rate"": 0.011584901035047581, ""max_depth"": 2, ""min_child_samples"": 6, ""num_leaves"": 7, ""reg_lambda"": 0.14685704360666896, ""subsample"": 0.711167546097343, ""subsample_freq"": 1}"
3,1,273,1,0.8336424435250073,0.8798291844269622,0.013907162553880697,"{""colsample_bytree"": 0.9643143443876712, ""learning_rate"": 0.011584901035047581, ""max_depth"": 2, ""min_child_samples"": 6, ""num_leaves"": 7, ""reg_lambda"": 0.14685704360666896, ""subsample"": 0.711167546097343, ""subsample_freq"": 1}"
3,1,278,0,0.770771260405912,0.8139524950591595,0.020979677965950162,"{""colsample_bytree"": 0.9643143443876712, ""learning_rate"": 0.011584901035047581, ""max_depth"": 2, ""min_child_samples"": 6, ""num_leaves"": 7, ""reg_lambda"": 0.14685704360666896, ""subsample"": 0.711167546097343, ""subsample_freq"": 1}"
3,1,286,0,0.35323292647641996,0.3047978584757341,0.11433695921124676,"{""colsample_bytree"": 0.9643143443876712, ""learning_rate"": 0.011584901035047581, ""max_depth"": 2, ""min_child_samples"": 6, ""num_leaves"": 7, ""reg_lambda"": 0.14685704360666896, ""subsample"": 0.711167546097343, ""subsample_freq"": 1}"
3,1,287,0,0.5772964510160504,0.5073375881093867,0.12721105405950486,"{""colsample_bytree"": 0.9643143443876712, ""learning_rate"": 0.011584901035047581, ""max_depth"": 2, ""min_child_samples"": 6, ""num_leaves"": 7, ""reg_lambda"": 0.14685704360666896, ""subsample"": 0.711167546097343, ""subsample_freq"": 1}"
3,1,289,0,0.3002241845458843,0.2741931308194312,0.08907383968315313,"{""colsample_bytree"": 0.9643143443876712, ""learning_rate"": 0.011584901035047581, ""max_depth"": 2, ""min_child_samples"": 6, ""num_leaves"": 7, ""reg_lambda"": 0.14685704360666896, ""subsample"": 0.711167546097343, ""subsample_freq"": 1}"
3,1,294,1,0.4746924087383641,0.4580600786330812,0.038133870869454634,"{""colsample_bytree"": 0.9643143443876712, ""learning_rate"": 0.011584901035047581, ""max_depth"": 2, ""min_child_samples"": 6, ""num_leaves"": 7, ""reg_lambda"": 0.14685704360666896, ""subsample"": 0.711167546097343, ""subsample_freq"": 1}"
3,1,299,0,0.38599249777756595,0.3032209097621511,0.07461623499938737,"{""colsample_bytree"": 0.9643143443876712, ""learning_rate"": 0.011584901035047581, ""max_depth"": 2, ""min_child_samples"": 6, ""num_leaves"": 7, ""reg_lambda"": 0.14685704360666896, ""subsample"": 0.711167546097343, ""subsample_freq"": 1}"
3,1,301,0,0.20169878436561253,0.15305916166684796,0.035194150325016084,"{""colsample_bytree"": 0.9643143443876712, ""learning_rate"": 0.011584901035047581, ""max_depth"": 2, ""min_child_samples"": 6, ""num_leaves"": 7, ""reg_lambda"": 0.14685704360666896, ""subsample"": 0.711167546097343, ""subsample_freq"": 1}"
3,2,1,1,0.9939574072227991,0.9323596907104454,0.03207191969481156,"{""colsample_bytree"": 0.7423223380602815, ""learning_rate"": 0.04743832723653599, ""max_depth"": 4, ""min_child_samples"": 9, ""num_leaves"": 14, ""reg_lambda"": 0.2891345252838171, ""subsample"": 0.7138910133790726, ""subsample_freq"": 1}"
3,2,5,1,0.8476843953298755,0.7816463543403944,0.07420596956206713,"{""colsample_bytree"": 0.7423223380602815, ""learning_rate"": 0.04743832723653599, ""max_depth"": 4, ""min_child_samples"": 9, ""num_leaves"": 14, ""reg_lambda"": 0.2891345252838171, ""subsample"": 0.7138910133790726, ""subsample_freq"": 1}"
3,2,10,1,0.573863441906998,0.556905858025141,0.05459836442839519,"{""colsample_bytree"": 0.7423223380602815, ""learning_rate"": 0.04743832723653599, ""max_depth"": 4, ""min_child_samples"": 9, ""num_leaves"": 14, ""reg_lambda"": 0.2891345252838171, ""subsample"": 0.7138910133790726, ""subsample_freq"": 1}"
3,2,13,1,0.7273572364655775,0.7054801787588256,0.10791415615886604,"{""colsample_bytree"": 0.7423223380602815, ""learning_rate"": 0.04743832723653599, ""max_depth"": 4, ""min_child_samples"": 9, ""num_leaves"": 14, ""reg_lambda"": 0.2891345252838171, ""subsample"": 0.7138910133790726, ""subsample_freq"": 1}"
3,2,16,0,0.2444436585864446,0.2844799634003682,0.07216889744516834,"{""colsample_bytree"": 0.7423223380602815, ""learning_rate"": 0.04743832723653599, ""max_depth"": 4, ""min_child_samples"": 9, ""num_leaves"": 14, ""reg_lambda"": 0.2891345252838171, ""subsample"": 0.7138910133790726, ""subsample_freq"": 1}"
3,2,18,1,0.7115118635440009,0.601835899142386,0.09082872442374736,"{""colsample_bytree"": 0.7423223380602815, ""learning_rate"": 0.04743832723653599, ""max_depth"": 4, ""min_child_samples"": 9, ""num_leaves"": 14, ""reg_lambda"": 0.2891345252838171, ""subsample"": 0.7138910133790726, ""subsample_freq"": 1}"
3,2,20,0,0.027713202794416195,0.1146345439025706,0.030600209196581896,"{""colsample_bytree"": 0.7423223380602815, ""learning_rate"": 0.04743832723653599, ""max_depth"": 4, ""min_child_samples"": 9, ""num_leaves"": 14, ""reg_lambda"": 0.2891345252838171, ""subsample"": 0.7138910133790726, ""subsample_freq"": 1}"
3,2,25,1,0.9808213512841542,0.9019343250581183,0.0495596046794811,"{""colsample_bytree"": 0.7423223380602815, ""learning_rate"": 0.04743832723653599, ""max_depth"": 4, ""min_child_samples"": 9, ""num_leaves"": 14, ""reg_lambda"": 0.2891345252838171, ""subsample"": 0.7138910133790726, ""subsample_freq"": 1}"
3,2,26,0,0.1738286333361285,0.34293614740085615,0.06771017960815816,"{""colsample_bytree"": 0.7423223380602815, ""learning_rate"": 0.04743832723653599, ""max_depth"": 4, ""min_child_samples"": 9, ""num_leaves"": 14, ""reg_lambda"": 0.2891345252838171, ""subsample"": 0.7138910133790726, ""subsample_freq"": 1}"
3,2,28,1,0.9808593007460044,0.9020694247756197,0.03406344143216316,"{""colsample_bytree"": 0.7423223380602815, ""learning_rate"": 0.04743832723653599, ""max_depth"": 4, ""min_child_samples"": 9, ""num_leaves"": 14, ""reg_lambda"": 0.2891345252838171, ""subsample"": 0.7138910133790726, ""subsample_freq"": 1}"
3,2,31,0,0.5176880841621392,0.4767975354446775,0.07230920780227014,"{""colsample_bytree"": 0.7423223380602815, ""learning_rate"": 0.04743832723653599, ""max_depth"": 4, ""min_child_samples"": 9, ""num_leaves"": 14, ""reg_lambda"": 0.2891345252838171, ""subsample"": 0.7138910133790726, ""subsample_freq"": 1}"
3,2,34,1,0.7963551788286742,0.6854707732717445,0.10811272434722348,"{""colsample_bytree"": 0.7423223380602815, ""learning_rate"": 0.04743832723653599, ""max_depth"": 4, ""min_child_samples"": 9, ""num_leaves"": 14, ""reg_lambda"": 0.2891345252838171, ""subsample"": 0.7138910133790726, ""subsample_freq"": 1}"
3,2,38,1,0.6338596263391939,0.5930791131058094,0.182102301483057,"{""colsample_bytree"": 0.7423223380602815, ""learning_rate"": 0.04743832723653599, ""max_depth"": 4, ""min_child_samples"": 9, ""num_leaves"": 14, ""reg_lambda"": 0.2891345252838171, ""subsample"": 0.7138910133790726, ""subsample_freq"": 1}"
3,2,45,1,0.9886837802413282,0.8924962004712809,0.06676045500599978,"{""colsample_bytree"": 0.7423223380602815, ""learning_rate"": 0.04743832723653599, ""max_depth"": 4, ""min_child_samples"": 9, ""num_leaves"": 14, ""reg_lambda"": 0.2891345252838171, ""subsample"": 0.7138910133790726, ""subsample_freq"": 1}"
3,2,49,0,0.7157395584464249,0.46825605817951316,0.12735877409985702,"{""colsample_bytree"": 0.7423223380602815, ""learning_rate"": 0.04743832723653599, ""max_depth"": 4, ""min_child_samples"": 9, ""num_leaves"": 14, ""reg_lambda"": 0.2891345252838171, ""subsample"": 0.7138910133790726, ""subsample_freq"": 1}"
3,2,52,1,0.9965029598399271,0.9494095678757818,0.020178430133589467,"{""colsample_bytree"": 0.7423223380602815, ""learning_rate"": 0.04743832723653599, ""max_depth"": 4, ""min_child_samples"": 9, ""num_leaves"": 14, ""reg_lambda"": 0.2891345252838171, ""subsample"": 0.7138910133790726, ""subsample_freq"": 1}"
3,2,55,1,0.9944880975384041,0.9574711546857888,0.02476364122309479,"{""colsample_bytree"": 0.7423223380602815, ""learning_rate"": 0.04743832723653599, ""max_depth"": 4, ""min_child_samples"": 9, ""num_leaves"": 14, ""reg_lambda"": 0.2891345252838171, ""subsample"": 0.7138910133790726, ""subsample_freq"": 1}"
3,2,62,1,0.02373528930930782,0.10583820446585497,0.010788077329668402,"{""colsample_bytree"": 0.7423223380602815, ""learning_rate"": 0.04743832723653599, ""max_depth"": 4, ""min_child_samples"": 9, ""num_leaves"": 14, ""reg_lambda"": 0.2891345252838171, ""subsample"": 0.7138910133790726, ""subsample_freq"": 1}"
3,2,65,0,0.9151565204454826,0.761742339307358,0.06953306484586848,"{""colsample_bytree"": 0.7423223380602815, ""learning_rate"": 0.04743832723653599, ""max_depth"": 4, ""min_child_samples"": 9, ""num_leaves"": 14, ""reg_lambda"": 0.2891345252838171, ""subsample"": 0.7138910133790726, ""subsample_freq"": 1}"
3,2,82,1,0.508280648082535,0.4677874512349872,0.11759930353023249,"{""colsample_bytree"": 0.7423223380602815, ""learning_rate"": 0.04743832723653599, ""max_depth"": 4, ""min_child_samples"": 9, ""num_leaves"": 14, ""reg_lambda"": 0.2891345252838171, ""subsample"": 0.7138910133790726, ""subsample_freq"": 1}"
3,2,87,1,0.9821618738813487,0.873914893255088,0.05223179044106652,"{""colsample_bytree"": 0.7423223380602815, ""learning_rate"": 0.04743832723653599, ""max_depth"": 4, ""min_child_samples"": 9, ""num_leaves"": 14, ""reg_lambda"": 0.2891345252838171, ""subsample"": 0.7138910133790726, ""subsample_freq"": 1}"
3,2,92,1,0.9861195768176083,0.9291853959779157,0.0221177055811363,"{""colsample_bytree"": 0.7423223380602815, ""learning_rate"": 0.04743832723653599, ""max_depth"": 4, ""min_child_samples"": 9, ""num_leaves"": 14, ""reg_lambda"": 0.2891345252838171, ""subsample"": 0.7138910133790726, ""subsample_freq"": 1}"
3,2,98,1,0.9699961287552025,0.8592312725972218,0.031122429407862456,"{""colsample_bytree"": 0.7423223380602815, ""learning_rate"": 0.04743832723653599, ""max_depth"": 4, ""min_child_samples"": 9, ""num_leaves"": 14, ""reg_lambda"": 0.2891345252838171, ""subsample"": 0.7138910133790726, ""subsample_freq"": 1}"
3,2,99,1,0.7837717891160115,0.6518861762502163,0.0253842878704877,"{""colsample_bytree"": 0.7423223380602815, ""learning_rate"": 0.04743832723653599, ""max_depth"": 4, ""min_child_samples"": 9, ""num_leaves"": 14, ""reg_lambda"": 0.2891345252838171, ""subsample"": 0.7138910133790726, ""subsample_freq"": 1}"
3,2,101,1,0.9948112404528862,0.9487638019069637,0.024575781064128173,"{""colsample_bytree"": 0.7423223380602815, ""learning_rate"": 0.04743832723653599, ""max_depth"": 4, ""min_child_samples"": 9, ""num_leaves"": 14, ""reg_lambda"": 0.2891345252838171, ""subsample"": 0.7138910133790726, ""subsample_freq"": 1}"
3,2,103,1,0.9832680253461005,0.9105933929217551,0.046448002397160765,"{""colsample_bytree"": 0.7423223380602815, ""learning_rate"": 0.04743832723653599, ""max_depth"": 4, ""min_child_samples"": 9, ""num_leaves"": 14, ""reg_lambda"": 0.2891345252838171, ""subsample"": 0.7138910133790726, ""subsample_freq"": 1}"
3,2,110,0,0.0689353387074893,0.19590860554734896,0.08503500688626207,"{""colsample_bytree"": 0.7423223380602815, ""learning_rate"": 0.04743832723653599, ""max_depth"": 4, ""min_child_samples"": 9, ""num_leaves"": 14, ""reg_lambda"": 0.2891345252838171, ""subsample"": 0.7138910133790726, ""subsample_freq"": 1}"
3,2,116,1,0.9741134109817307,0.888262196865241,0.027652855437495804,"{""colsample_bytree"": 0.7423223380602815, ""learning_rate"": 0.04743832723653599, ""max_depth"": 4, ""min_child_samples"": 9, ""num_leaves"": 14, ""reg_lambda"": 0.2891345252838171, ""subsample"": 0.7138910133790726, ""subsample_freq"": 1}"
3,2,122,0,0.8630952422555928,0.7110204827864217,0.06464473570822789,"{""colsample_bytree"": 0.7423223380602815, ""learning_rate"": 0.04743832723653599, ""max_depth"": 4, ""min_child_samples"": 9, ""num_leaves"": 14, ""reg_lambda"": 0.2891345252838171, ""subsample"": 0.7138910133790726, ""subsample_freq"": 1}"
3,2,124,1,0.8303404867877919,0.686667816182948,0.07376962740448519,"{""colsample_bytree"": 0.7423223380602815, ""learning_rate"": 0.04743832723653599, ""max_depth"": 4, ""min_child_samples"": 9, ""num_leaves"": 14, ""reg_lambda"": 0.2891345252838171, ""subsample"": 0.7138910133790726, ""subsample_freq"": 1}"
3,2,133,0,0.05568622426552168,0.22852329320000858,0.09065227750056078,"{""colsample_bytree"": 0.7423223380602815, ""learning_rate"": 0.04743832723653599, ""max_depth"": 4, ""min_child_samples"": 9, ""num_leaves"": 14, ""reg_lambda"": 0.2891345252838171, ""subsample"": 0.7138910133790726, ""subsample_freq"": 1}"
3,2,135,1,0.07014484052833032,0.27258178443768527,0.07299809611783356,"{""colsample_bytree"": 0.7423223380602815, ""learning_rate"": 0.04743832723653599, ""max_depth"": 4, ""min_child_samples"": 9, ""num_leaves"": 14, ""reg_lambda"": 0.2891345252838171, ""subsample"": 0.7138910133790726, ""subsample_freq"": 1}"
3,2,145,0,0.8920555177229431,0.7472715092501258,0.062282358801632666,"{""colsample_bytree"": 0.7423223380602815, ""learning_rate"": 0.04743832723653599, ""max_depth"": 4, ""min_child_samples"": 9, ""num_leaves"": 14, ""reg_lambda"": 0.2891345252838171, ""subsample"": 0.7138910133790726, ""subsample_freq"": 1}"
3,2,147,1,0.1498166175269568,0.4002473885621911,0.15121076778786893,"{""colsample_bytree"": 0.7423223380602815, ""learning_rate"": 0.04743832723653599, ""max_depth"": 4, ""min_child_samples"": 9, ""num_leaves"": 14, ""reg_lambda"": 0.2891345252838171, ""subsample"": 0.7138910133790726, ""subsample_freq"": 1}"
3,2,151,0,0.23799370919713417,0.31876996484465225,0.03389648241289111,"{""colsample_bytree"": 0.7423223380602815, ""learning_rate"": 0.04743832723653599, ""max_depth"": 4, ""min_child_samples"": 9, ""num_leaves"": 14, ""reg_lambda"": 0.2891345252838171, ""subsample"": 0.7138910133790726, ""subsample_freq"": 1}"
3,2,153,0,0.14076620462421047,0.2013947804150964,0.05333588116348968,"{""colsample_bytree"": 0.7423223380602815, ""learning_rate"": 0.04743832723653599, ""max_depth"": 4, ""min_child_samples"": 9, ""num_leaves"": 14, ""reg_lambda"": 0.2891345252838171, ""subsample"": 0.7138910133790726, ""subsample_freq"": 1}"
3,2,154,0,0.2581899229912879,0.4096766731961921,0.1038719468815348,"{""colsample_bytree"": 0.7423223380602815, ""learning_rate"": 0.04743832723653599, ""max_depth"": 4, ""min_child_samples"": 9, ""num_leaves"": 14, ""reg_lambda"": 0.2891345252838171, ""subsample"": 0.7138910133790726, ""subsample_freq"": 1}"
3,2,157,1,0.5653789232000902,0.591107216018024,0.09362855818075305,"{""colsample_bytree"": 0.7423223380602815, ""learning_rate"": 0.04743832723653599, ""max_depth"": 4, ""min_child_samples"": 9, ""num_leaves"": 14, ""reg_lambda"": 0.2891345252838171, ""subsample"": 0.7138910133790726, ""subsample_freq"": 1}"
3,2,164,1,0.9853491116470673,0.9268128278387273,0.028057373662746715,"{""colsample_bytree"": 0.7423223380602815, ""learning_rate"": 0.04743832723653599, ""max_depth"": 4, ""min_child_samples"": 9, ""num_leaves"": 14, ""reg_lambda"": 0.2891345252838171, ""subsample"": 0.7138910133790726, ""subsample_freq"": 1}"
3,2,165,1,0.544961825033178,0.622927515353797,0.11319642774719726,"{""colsample_bytree"": 0.7423223380602815, ""learning_rate"": 0.04743832723653599, ""max_depth"": 4, ""min_child_samples"": 9, ""num_leaves"": 14, ""reg_lambda"": 0.2891345252838171, ""subsample"": 0.7138910133790726, ""subsample_freq"": 1}"
3,2,169,0,0.14709701659365151,0.26227086402710037,0.07983689169074447,"{""colsample_bytree"": 0.7423223380602815, ""learning_rate"": 0.04743832723653599, ""max_depth"": 4, ""min_child_samples"": 9, ""num_leaves"": 14, ""reg_lambda"": 0.2891345252838171, ""subsample"": 0.7138910133790726, ""subsample_freq"": 1}"
3,2,192,0,0.007983825886176889,0.05573743677740094,0.0301064397949701,"{""colsample_bytree"": 0.7423223380602815, ""learning_rate"": 0.04743832723653599, ""max_depth"": 4, ""min_child_samples"": 9, ""num_leaves"": 14, ""reg_lambda"": 0.2891345252838171, ""subsample"": 0.7138910133790726, ""subsample_freq"": 1}"
3,2,197,1,0.9837497578990222,0.933400448397343,0.0361988503509925,"{""colsample_bytree"": 0.7423223380602815, ""learning_rate"": 0.04743832723653599, ""max_depth"": 4, ""min_child_samples"": 9, ""num_leaves"": 14, ""reg_lambda"": 0.2891345252838171, ""subsample"": 0.7138910133790726, ""subsample_freq"": 1}"
3,2,204,0,0.27454229339955494,0.4003444902486293,0.1408429308044327,"{""colsample_bytree"": 0.7423223380602815, ""learning_rate"": 0.04743832723653599, ""max_depth"": 4, ""min_child_samples"": 9, ""num_leaves"": 14, ""reg_lambda"": 0.2891345252838171, ""subsample"": 0.7138910133790726, ""subsample_freq"": 1}"
3,2,205,0,0.4097680615501609,0.49553195747645884,0.10104980090644569,"{""colsample_bytree"": 0.7423223380602815, ""learning_rate"": 0.04743832723653599, ""max_depth"": 4, ""min_child_samples"": 9, ""num_leaves"": 14, ""reg_lambda"": 0.2891345252838171, ""subsample"": 0.7138910133790726, ""subsample_freq"": 1}"
3,2,207,1,0.6192204050047002,0.6068185835506043,0.061955723373595686,"{""colsample_bytree"": 0.7423223380602815, ""learning_rate"": 0.04743832723653599, ""max_depth"": 4, ""min_child_samples"": 9, ""num_leaves"": 14, ""reg_lambda"": 0.2891345252838171, ""subsample"": 0.7138910133790726, ""subsample_freq"": 1}"
3,2,217,0,0.3511420852337328,0.4692059602718655,0.1464964856650912,"{""colsample_bytree"": 0.7423223380602815, ""learning_rate"": 0.04743832723653599, ""max_depth"": 4, ""min_child_samples"": 9, ""num_leaves"": 14, ""reg_lambda"": 0.2891345252838171, ""subsample"": 0.7138910133790726, ""subsample_freq"": 1}"
3,2,226,1,0.8627668860817326,0.7432738182733548,0.09587619142127886,"{""colsample_bytree"": 0.7423223380602815, ""learning_rate"": 0.04743832723653599, ""max_depth"": 4, ""min_child_samples"": 9, ""num_leaves"": 14, ""reg_lambda"": 0.2891345252838171, ""subsample"": 0.7138910133790726, ""subsample_freq"": 1}"
3,2,229,1,0.47033894169176754,0.4687571548324236,0.1155448314983122,"{""colsample_bytree"": 0.7423223380602815, ""learning_rate"": 0.04743832723653599, ""max_depth"": 4, ""min_child_samples"": 9, ""num_leaves"": 14, ""reg_lambda"": 0.2891345252838171, ""subsample"": 0.7138910133790726, ""subsample_freq"": 1}"
3,2,230,1,0.9815201939218584,0.9111245106840224,0.03618267472625723,"{""colsample_bytree"": 0.7423223380602815, ""learning_rate"": 0.04743832723653599, ""max_depth"": 4, ""min_child_samples"": 9, ""num_leaves"": 14, ""reg_lambda"": 0.2891345252838171, ""subsample"": 0.7138910133790726, ""subsample_freq"": 1}"
3,2,243,0,0.8861735707486467,0.7223623265607109,0.079775547821619,"{""colsample_bytree"": 0.7423223380602815, ""learning_rate"": 0.04743832723653599, ""max_depth"": 4, ""min_child_samples"": 9, ""num_leaves"": 14, ""reg_lambda"": 0.2891345252838171, ""subsample"": 0.7138910133790726, ""subsample_freq"": 1}"
3,2,246,1,0.949853348641044,0.8554445065918828,0.05705395328163102,"{""colsample_bytree"": 0.7423223380602815, ""learning_rate"": 0.04743832723653599, ""max_depth"": 4, ""min_child_samples"": 9, ""num_leaves"": 14, ""reg_lambda"": 0.2891345252838171, ""subsample"": 0.7138910133790726, ""subsample_freq"": 1}"
3,2,249,1,0.9760709820667227,0.8955828451206356,0.030460494924916637,"{""colsample_bytree"": 0.7423223380602815, ""learning_rate"": 0.04743832723653599, ""max_depth"": 4, ""min_child_samples"": 9, ""num_leaves"": 14, ""reg_lambda"": 0.2891345252838171, ""subsample"": 0.7138910133790726, ""subsample_freq"": 1}"
3,2,265,0,0.8796659631869399,0.7864026386628836,0.1391176671743622,"{""colsample_bytree"": 0.7423223380602815, ""learning_rate"": 0.04743832723653599, ""max_depth"": 4, ""min_child_samples"": 9, ""num_leaves"": 14, ""reg_lambda"": 0.2891345252838171, ""subsample"": 0.7138910133790726, ""subsample_freq"": 1}"
3,2,280,0,0.07374923417821531,0.22520864543455268,0.09529382260705903,"{""colsample_bytree"": 0.7423223380602815, ""learning_rate"": 0.04743832723653599, ""max_depth"": 4, ""min_child_samples"": 9, ""num_leaves"": 14, ""reg_lambda"": 0.2891345252838171, ""subsample"": 0.7138910133790726, ""subsample_freq"": 1}"
3,2,282,0,0.8856790077799616,0.799844981359999,0.07477444493427182,"{""colsample_bytree"": 0.7423223380602815, ""learning_rate"": 0.04743832723653599, ""max_depth"": 4, ""min_child_samples"": 9, ""num_leaves"": 14, ""reg_lambda"": 0.2891345252838171, ""subsample"": 0.7138910133790726, ""subsample_freq"": 1}"
3,2,291,0,0.56542722002842,0.522409923606237,0.11821931346781855,"{""colsample_bytree"": 0.7423223380602815, ""learning_rate"": 0.04743832723653599, ""max_depth"": 4, ""min_child_samples"": 9, ""num_leaves"": 14, ""reg_lambda"": 0.2891345252838171, ""subsample"": 0.7138910133790726, ""subsample_freq"": 1}"
3,2,295,0,0.7355990065023876,0.5864462724962878,0.10105614125637793,"{""colsample_bytree"": 0.7423223380602815, ""learning_rate"": 0.04743832723653599, ""max_depth"": 4, ""min_child_samples"": 9, ""num_leaves"": 14, ""reg_lambda"": 0.2891345252838171, ""subsample"": 0.7138910133790726, ""subsample_freq"": 1}"
3,2,297,0,0.027283566607720813,0.15746176727440464,0.075968225791131,"{""colsample_bytree"": 0.7423223380602815, ""learning_rate"": 0.04743832723653599, ""max_depth"": 4, ""min_child_samples"": 9, ""num_leaves"": 14, ""reg_lambda"": 0.2891345252838171, ""subsample"": 0.7138910133790726, ""subsample_freq"": 1}"
3,2,300,0,0.00915913738725282,0.06869719039937969,0.02998441778319831,"{""colsample_bytree"": 0.7423223380602815, ""learning_rate"": 0.04743832723653599, ""max_depth"": 4, ""min_child_samples"": 9, ""num_leaves"": 14, ""reg_lambda"": 0.2891345252838171, ""subsample"": 0.7138910133790726, ""subsample_freq"": 1}"
3,2,302,1,0.7901010835353298,0.6627369892070678,0.07623321570305208,"{""colsample_bytree"": 0.7423223380602815, ""learning_rate"": 0.04743832723653599, ""max_depth"": 4, ""min_child_samples"": 9, ""num_leaves"": 14, ""reg_lambda"": 0.2891345252838171, ""subsample"": 0.7138910133790726, ""subsample_freq"": 1}"
3,3,7,1,0.8311458939210825,0.8786804429725172,0.05409104830794613,"{""colsample_bytree"": 0.705763809202693, ""learning_rate"": 0.012169686444094326, ""max_depth"": 3, ""min_child_samples"": 25, ""num_leaves"": 4, ""reg_lambda"": 0.6901405848937009, ""subsample"": 0.6172625660539072, ""subsample_freq"": 1}"
3,3,8,0,0.22245630286955242,0.18054490245790394,0.11584884392451605,"{""colsample_bytree"": 0.705763809202693, ""learning_rate"": 0.012169686444094326, ""max_depth"": 3, ""min_child_samples"": 25, ""num_leaves"": 4, ""reg_lambda"": 0.6901405848937009, ""subsample"": 0.6172625660539072, ""subsample_freq"": 1}"
3,3,17,0,0.3039340985625705,0.23950444862648262,0.09375280834481797,"{""colsample_bytree"": 0.705763809202693, ""learning_rate"": 0.012169686444094326, ""max_depth"": 3, ""min_child_samples"": 25, ""num_leaves"": 4, ""reg_lambda"": 0.6901405848937009, ""subsample"": 0.6172625660539072, ""subsample_freq"": 1}"
3,3,22,1,0.7153862825707888,0.7894349174851614,0.0704943540491371,"{""colsample_bytree"": 0.705763809202693, ""learning_rate"": 0.012169686444094326, ""max_depth"": 3, ""min_child_samples"": 25, ""num_leaves"": 4, ""reg_lambda"": 0.6901405848937009, ""subsample"": 0.6172625660539072, ""subsample_freq"": 1}"
3,3,23,1,0.7696739266311857,0.8407586889160517,0.06718185714047366,"{""colsample_bytree"": 0.705763809202693, ""learning_rate"": 0.012169686444094326, ""max_depth"": 3, ""min_child_samples"": 25, ""num_leaves"": 4, ""reg_lambda"": 0.6901405848937009, ""subsample"": 0.6172625660539072, ""subsample_freq"": 1}"
3,3,24,1,0.5565913883902546,0.540910735957964,0.10887612803776218,"{""colsample_bytree"": 0.705763809202693, ""learning_rate"": 0.012169686444094326, ""max_depth"": 3, ""min_child_samples"": 25, ""num_leaves"": 4, ""reg_lambda"": 0.6901405848937009, ""subsample"": 0.6172625660539072, ""subsample_freq"": 1}"
3,3,36,1,0.74457556717219,0.7343227105949854,0.1065791989395647,"{""colsample_bytree"": 0.705763809202693, ""learning_rate"": 0.012169686444094326, ""max_depth"": 3, ""min_child_samples"": 25, ""num_leaves"": 4, ""reg_lambda"": 0.6901405848937009, ""subsample"": 0.6172625660539072, ""subsample_freq"": 1}"
3,3,51,1,0.6561886817261549,0.6969696123373421,0.06522128123813783,"{""colsample_bytree"": 0.705763809202693, ""learning_rate"": 0.012169686444094326, ""max_depth"": 3, ""min_child_samples"": 25, ""num_leaves"": 4, ""reg_lambda"": 0.6901405848937009, ""subsample"": 0.6172625660539072, ""subsample_freq"": 1}"
3,3,56,1,0.6518768767403231,0.7027484398991962,0.05912555446874935,"{""colsample_bytree"": 0.705763809202693, ""learning_rate"": 0.012169686444094326, ""max_depth"": 3, ""min_child_samples"": 25, ""num_leaves"": 4, ""reg_lambda"": 0.6901405848937009, ""subsample"": 0.6172625660539072, ""subsample_freq"": 1}"
3,3,60,0,0.38802159047617063,0.3619144947016578,0.06532653660496832,"{""colsample_bytree"": 0.705763809202693, ""learning_rate"": 0.012169686444094326, ""max_depth"": 3, ""min_child_samples"": 25, ""num_leaves"": 4, ""reg_lambda"": 0.6901405848937009, ""subsample"": 0.6172625660539072, ""subsample_freq"": 1}"
3,3,64,0,0.2893577141878008,0.2359377562331355,0.09544139027533313,"{""colsample_bytree"": 0.705763809202693, ""learning_rate"": 0.012169686444094326, ""max_depth"": 3, ""min_child_samples"": 25, ""num_leaves"": 4, ""reg_lambda"": 0.6901405848937009, ""subsample"": 0.6172625660539072, ""subsample_freq"": 1}"
3,3,66,1,0.8263895741880269,0.8564839293410614,0.07955847737868717,"{""colsample_bytree"": 0.705763809202693, ""learning_rate"": 0.012169686444094326, ""max_depth"": 3, ""min_child_samples"": 25, ""num_leaves"": 4, ""reg_lambda"": 0.6901405848937009, ""subsample"": 0.6172625660539072, ""subsample_freq"": 1}"
3,3,75,1,0.3868014996455417,0.30574963470494865,0.0956482725523312,"{""colsample_bytree"": 0.705763809202693, ""learning_rate"": 0.012169686444094326, ""max_depth"": 3, ""min_child_samples"": 25, ""num_leaves"": 4, ""reg_lambda"": 0.6901405848937009, ""subsample"": 0.6172625660539072, ""subsample_freq"": 1}"
3,3,77,0,0.5719163004496658,0.5943957024779408,0.05833564026454911,"{""colsample_bytree"": 0.705763809202693, ""learning_rate"": 0.012169686444094326, ""max_depth"": 3, ""min_child_samples"": 25, ""num_leaves"": 4, ""reg_lambda"": 0.6901405848937009, ""subsample"": 0.6172625660539072, ""subsample_freq"": 1}"
3,3,78,1,0.8012318312535768,0.8537184874143728,0.06431642128775412,"{""colsample_bytree"": 0.705763809202693, ""learning_rate"": 0.012169686444094326, ""max_depth"": 3, ""min_child_samples"": 25, ""num_leaves"": 4, ""reg_lambda"": 0.6901405848937009, ""subsample"": 0.6172625660539072, ""subsample_freq"": 1}"
3,3,91,0,0.36604352575573534,0.32691533020010033,0.053998807167805696,"{""colsample_bytree"": 0.705763809202693, ""learning_rate"": 0.012169686444094326, ""max_depth"": 3, ""min_child_samples"": 25, ""num_leaves"": 4, ""reg_lambda"": 0.6901405848937009, ""subsample"": 0.6172625660539072, ""subsample_freq"": 1}"
3,3,93,1,0.6822052260122282,0.7825090465854849,0.04570959441150362,"{""colsample_bytree"": 0.705763809202693, ""learning_rate"": 0.012169686444094326, ""max_depth"": 3, ""min_child_samples"": 25, ""num_leaves"": 4, ""reg_lambda"": 0.6901405848937009, ""subsample"": 0.6172625660539072, ""subsample_freq"": 1}"
3,3,97,1,0.749591965269622,0.8169784157164978,0.0988038545027457,"{""colsample_bytree"": 0.705763809202693, ""learning_rate"": 0.012169686444094326, ""max_depth"": 3, ""min_child_samples"": 25, ""num_leaves"": 4, ""reg_lambda"": 0.6901405848937009, ""subsample"": 0.6172625660539072, ""subsample_freq"": 1}"
3,3,106,1,0.646572551194876,0.6677651151285035,0.07146268997665042,"{""colsample_bytree"": 0.705763809202693, ""learning_rate"": 0.012169686444094326, ""max_depth"": 3, ""min_child_samples"": 25, ""num_leaves"": 4, ""reg_lambda"": 0.6901405848937009, ""subsample"": 0.6172625660539072, ""subsample_freq"": 1}"
3,3,108,0,0.2567245747085894,0.19580295699747513,0.09648538474584678,"{""colsample_bytree"": 0.705763809202693, ""learning_rate"": 0.012169686444094326, ""max_depth"": 3, ""min_child_samples"": 25, ""num_leaves"": 4, ""reg_lambda"": 0.6901405848937009, ""subsample"": 0.6172625660539072, ""subsample_freq"": 1}"
3,3,112,0,0.6096470527466075,0.6240748344485496,0.08233855591810589,"{""colsample_bytree"": 0.705763809202693, ""learning_rate"": 0.012169686444094326, ""max_depth"": 3, ""min_child_samples"": 25, ""num_leaves"": 4, ""reg_lambda"": 0.6901405848937009, ""subsample"": 0.6172625660539072, ""subsample_freq"": 1}"
3,3,119,1,0.6709327007576592,0.7728221686236261,0.08212830048542975,"{""colsample_bytree"": 0.705763809202693, ""learning_rate"": 0.012169686444094326, ""max_depth"": 3, ""min_child_samples"": 25, ""num_leaves"": 4, ""reg_lambda"": 0.6901405848937009, ""subsample"": 0.6172625660539072, ""subsample_freq"": 1}"
3,3,128,1,0.6733325124257603,0.7285793175030475,0.050212053563404684,"{""colsample_bytree"": 0.705763809202693, ""learning_rate"": 0.012169686444094326, ""max_depth"": 3, ""min_child_samples"": 25, ""num_leaves"": 4, ""reg_lambda"": 0.6901405848937009, ""subsample"": 0.6172625660539072, ""subsample_freq"": 1}"
3,3,134,1,0.5031867110082314,0.4797380716751299,0.059520400041792154,"{""colsample_bytree"": 0.705763809202693, ""learning_rate"": 0.012169686444094326, ""max_depth"": 3, ""min_child_samples"": 25, ""num_leaves"": 4, ""reg_lambda"": 0.6901405848937009, ""subsample"": 0.6172625660539072, ""subsample_freq"": 1}"
3,3,136,0,0.3462913044803009,0.3092675346894934,0.07869513999126056,"{""colsample_bytree"": 0.705763809202693, ""learning_rate"": 0.012169686444094326, ""max_depth"": 3, ""min_child_samples"": 25, ""num_leaves"": 4, ""reg_lambda"": 0.6901405848937009, ""subsample"": 0.6172625660539072, ""subsample_freq"": 1}"
3,3,137,0,0.23586753127852658,0.16846621041203483,0.0837139123639315,"{""colsample_bytree"": 0.705763809202693, ""learning_rate"": 0.012169686444094326, ""max_depth"": 3, ""min_child_samples"": 25, ""num_leaves"": 4, ""reg_lambda"": 0.6901405848937009, ""subsample"": 0.6172625660539072, ""subsample_freq"": 1}"
3,3,139,1,0.7738591142747784,0.8054409073641657,0.07253569355130303,"{""colsample_bytree"": 0.705763809202693, ""learning_rate"": 0.012169686444094326, ""max_depth"": 3, ""min_child_samples"": 25, ""num_leaves"": 4, ""reg_lambda"": 0.6901405848937009, ""subsample"": 0.6172625660539072, ""subsample_freq"": 1}"
3,3,142,1,0.32940928343578524,0.24692353547624438,0.10785308106830527,"{""colsample_bytree"": 0.705763809202693, ""learning_rate"": 0.012169686444094326, ""max_depth"": 3, ""min_child_samples"": 25, ""num_leaves"": 4, ""reg_lambda"": 0.6901405848937009, ""subsample"": 0.6172625660539072, ""subsample_freq"": 1}"
3,3,150,0,0.3601080458580061,0.32699157936834944,0.10798053823729364,"{""colsample_bytree"": 0.705763809202693, ""learning_rate"": 0.012169686444094326, ""max_depth"": 3, ""min_child_samples"": 25, ""num_leaves"": 4, ""reg_lambda"": 0.6901405848937009, ""subsample"": 0.6172625660539072, ""subsample_freq"": 1}"
3,3,158,0,0.5397702196512483,0.5206597769578576,0.11537647469019406,"{""colsample_bytree"": 0.705763809202693, ""learning_rate"": 0.012169686444094326, ""max_depth"": 3, ""min_child_samples"": 25, ""num_leaves"": 4, ""reg_lambda"": 0.6901405848937009, ""subsample"": 0.6172625660539072, ""subsample_freq"": 1}"
3,3,160,0,0.6667898396601616,0.7050339853462952,0.04863980262360109,"{""colsample_bytree"": 0.705763809202693, ""learning_rate"": 0.012169686444094326, ""max_depth"": 3, ""min_child_samples"": 25, ""num_leaves"": 4, ""reg_lambda"": 0.6901405848937009, ""subsample"": 0.6172625660539072, ""subsample_freq"": 1}"
3,3,166,0,0.24416884555356141,0.16557263860506674,0.09647096619312637,"{""colsample_bytree"": 0.705763809202693, ""learning_rate"": 0.012169686444094326, ""max_depth"": 3, ""min_child_samples"": 25, ""num_leaves"": 4, ""reg_lambda"": 0.6901405848937009, ""subsample"": 0.6172625660539072, ""subsample_freq"": 1}"
3,3,170,0,0.2964658395446303,0.21498428504420194,0.10430228494708996,"{""colsample_bytree"": 0.705763809202693, ""learning_rate"": 0.012169686444094326, ""max_depth"": 3, ""min_child_samples"": 25, ""num_leaves"": 4, ""reg_lambda"": 0.6901405848937009, ""subsample"": 0.6172625660539072, ""subsample_freq"": 1}"
3,3,172,1,0.5640233461808372,0.5371065924926135,0.09352476193679757,"{""colsample_bytree"": 0.705763809202693, ""learning_rate"": 0.012169686444094326, ""max_depth"": 3, ""min_child_samples"": 25, ""num_leaves"": 4, ""reg_lambda"": 0.6901405848937009, ""subsample"": 0.6172625660539072, ""subsample_freq"": 1}"
3,3,178,1,0.5615462070016417,0.6190709764822365,0.0922897746160486,"{""colsample_bytree"": 0.705763809202693, ""learning_rate"": 0.012169686444094326, ""max_depth"": 3, ""min_child_samples"": 25, ""num_leaves"": 4, ""reg_lambda"": 0.6901405848937009, ""subsample"": 0.6172625660539072, ""subsample_freq"": 1}"
3,3,179,0,0.25258758754812005,0.19247539472291342,0.06574278502998408,"{""colsample_bytree"": 0.705763809202693, ""learning_rate"": 0.012169686444094326, ""max_depth"": 3, ""min_child_samples"": 25, ""num_leaves"": 4, ""reg_lambda"": 0.6901405848937009, ""subsample"": 0.6172625660539072, ""subsample_freq"": 1}"
3,3,182,1,0.4534218782140424,0.41711305177647084,0.12028099083929575,"{""colsample_bytree"": 0.705763809202693, ""learning_rate"": 0.012169686444094326, ""max_depth"": 3, ""min_child_samples"": 25, ""num_leaves"": 4, ""reg_lambda"": 0.6901405848937009, ""subsample"": 0.6172625660539072, ""subsample_freq"": 1}"
3,3,184,1,0.7803886646061462,0.8528446246826903,0.06748272826711665,"{""colsample_bytree"": 0.705763809202693, ""learning_rate"": 0.012169686444094326, ""max_depth"": 3, ""min_child_samples"": 25, ""num_leaves"": 4, ""reg_lambda"": 0.6901405848937009, ""subsample"": 0.6172625660539072, ""subsample_freq"": 1}"
3,3,187,1,0.7678854453849084,0.8122101740621961,0.06315493590953403,"{""colsample_bytree"": 0.705763809202693, ""learning_rate"": 0.012169686444094326, ""max_depth"": 3, ""min_child_samples"": 25, ""num_leaves"": 4, ""reg_lambda"": 0.6901405848937009, ""subsample"": 0.6172625660539072, ""subsample_freq"": 1}"
3,3,195,0,0.6938850346460186,0.6774529376070655,0.07545872806913885,"{""colsample_bytree"": 0.705763809202693, ""learning_rate"": 0.012169686444094326, ""max_depth"": 3, ""min_child_samples"": 25, ""num_leaves"": 4, ""reg_lambda"": 0.6901405848937009, ""subsample"": 0.6172625660539072, ""subsample_freq"": 1}"
3,3,198,1,0.7092825250695683,0.7852574680449537,0.06471663032478667,"{""colsample_bytree"": 0.705763809202693, ""learning_rate"": 0.012169686444094326, ""max_depth"": 3, ""min_child_samples"": 25, ""num_leaves"": 4, ""reg_lambda"": 0.6901405848937009, ""subsample"": 0.6172625660539072, ""subsample_freq"": 1}"
3,3,200,1,0.5984794837638319,0.5925889776624775,0.08948777446709125,"{""colsample_bytree"": 0.705763809202693, ""learning_rate"": 0.012169686444094326, ""max_depth"": 3, ""min_child_samples"": 25, ""num_leaves"": 4, ""reg_lambda"": 0.6901405848937009, ""subsample"": 0.6172625660539072, ""subsample_freq"": 1}"
3,3,201,0,0.39975331268419523,0.34662228387217364,0.10722723178602399,"{""colsample_bytree"": 0.705763809202693, ""learning_rate"": 0.012169686444094326, ""max_depth"": 3, ""min_child_samples"": 25, ""num_leaves"": 4, ""reg_lambda"": 0.6901405848937009, ""subsample"": 0.6172625660539072, ""subsample_freq"": 1}"
3,3,203,0,0.34083701646873577,0.2542273513907105,0.11116648298304324,"{""colsample_bytree"": 0.705763809202693, ""learning_rate"": 0.012169686444094326, ""max_depth"": 3, ""min_child_samples"": 25, ""num_leaves"": 4, ""reg_lambda"": 0.6901405848937009, ""subsample"": 0.6172625660539072, ""subsample_freq"": 1}"
3,3,206,1,0.5870494618442748,0.576999833168872,0.04133872446101034,"{""colsample_bytree"": 0.705763809202693, ""learning_rate"": 0.012169686444094326, ""max_depth"": 3, ""min_child_samples"": 25, ""num_leaves"": 4, ""reg_lambda"": 0.6901405848937009, ""subsample"": 0.6172625660539072, ""subsample_freq"": 1}"
3,3,222,1,0.7623563766293946,0.803801759263019,0.10349968760453526,"{""colsample_bytree"": 0.705763809202693, ""learning_rate"": 0.012169686444094326, ""max_depth"": 3, ""min_child_samples"": 25, ""num_leaves"": 4, ""reg_lambda"": 0.6901405848937009, ""subsample"": 0.6172625660539072, ""subsample_freq"": 1}"
3,3,223,1,0.4185437446139712,0.39472676526684863,0.08781757703115584,"{""colsample_bytree"": 0.705763809202693, ""learning_rate"": 0.012169686444094326, ""max_depth"": 3, ""min_child_samples"": 25, ""num_leaves"": 4, ""reg_lambda"": 0.6901405848937009, ""subsample"": 0.6172625660539072, ""subsample_freq"": 1}"
3,3,235,1,0.8317867595212669,0.8842494787327417,0.07854631143342453,"{""colsample_bytree"": 0.705763809202693, ""learning_rate"": 0.012169686444094326, ""max_depth"": 3, ""min_child_samples"": 25, ""num_leaves"": 4, ""reg_lambda"": 0.6901405848937009, ""subsample"": 0.6172625660539072, ""subsample_freq"": 1}"
3,3,239,1,0.8105492918067144,0.8631527272567746,0.07160683772661991,"{""colsample_bytree"": 0.705763809202693, ""learning_rate"": 0.012169686444094326, ""max_depth"": 3, ""min_child_samples"": 25, ""num_leaves"": 4, ""reg_lambda"": 0.6901405848937009, ""subsample"": 0.6172625660539072, ""subsample_freq"": 1}"
3,3,250,1,0.6496804491851893,0.6494920430149159,0.08441845530312993,"{""colsample_bytree"": 0.705763809202693, ""learning_rate"": 0.012169686444094326, ""max_depth"": 3, ""min_child_samples"": 25, ""num_leaves"": 4, ""reg_lambda"": 0.6901405848937009, ""subsample"": 0.6172625660539072, ""subsample_freq"": 1}"
3,3,256,0,0.32042712350934943,0.2562116180401154,0.05785946437688586,"{""colsample_bytree"": 0.705763809202693, ""learning_rate"": 0.012169686444094326, ""max_depth"": 3, ""min_child_samples"": 25, ""num_leaves"": 4, ""reg_lambda"": 0.6901405848937009, ""subsample"": 0.6172625660539072, ""subsample_freq"": 1}"
3,3,258,0,0.2413400593724694,0.18927871689604225,0.09071284261185127,"{""colsample_bytree"": 0.705763809202693, ""learning_rate"": 0.012169686444094326, ""max_depth"": 3, ""min_child_samples"": 25, ""num_leaves"": 4, ""reg_lambda"": 0.6901405848937009, ""subsample"": 0.6172625660539072, ""subsample_freq"": 1}"
3,3,260,1,0.7667100717738876,0.7997582874385974,0.05949918476437949,"{""colsample_bytree"": 0.705763809202693, ""learning_rate"": 0.012169686444094326, ""max_depth"": 3, ""min_child_samples"": 25, ""num_leaves"": 4, ""reg_lambda"": 0.6901405848937009, ""subsample"": 0.6172625660539072, ""subsample_freq"": 1}"
3,3,267,1,0.69656986046125,0.7981656345392836,0.07328028149507691,"{""colsample_bytree"": 0.705763809202693, ""learning_rate"": 0.012169686444094326, ""max_depth"": 3, ""min_child_samples"": 25, ""num_leaves"": 4, ""reg_lambda"": 0.6901405848937009, ""subsample"": 0.6172625660539072, ""subsample_freq"": 1}"
3,3,271,1,0.8483975480980154,0.8930605289387457,0.05210211738100248,"{""colsample_bytree"": 0.705763809202693, ""learning_rate"": 0.012169686444094326, ""max_depth"": 3, ""min_child_samples"": 25, ""num_leaves"": 4, ""reg_lambda"": 0.6901405848937009, ""subsample"": 0.6172625660539072, ""subsample_freq"": 1}"
3,3,283,0,0.4448797959203241,0.36631702638047264,0.09881894779733978,"{""colsample_bytree"": 0.705763809202693, ""learning_rate"": 0.012169686444094326, ""max_depth"": 3, ""min_child_samples"": 25, ""num_leaves"": 4, ""reg_lambda"": 0.6901405848937009, ""subsample"": 0.6172625660539072, ""subsample_freq"": 1}"
3,3,285,0,0.35064645544705125,0.3219216731230606,0.04933985897463174,"{""colsample_bytree"": 0.705763809202693, ""learning_rate"": 0.012169686444094326, ""max_depth"": 3, ""min_child_samples"": 25, ""num_leaves"": 4, ""reg_lambda"": 0.6901405848937009, ""subsample"": 0.6172625660539072, ""subsample_freq"": 1}"
3,3,290,0,0.2626789740872951,0.18993631001245243,0.10155227701313466,"{""colsample_bytree"": 0.705763809202693, ""learning_rate"": 0.012169686444094326, ""max_depth"": 3, ""min_child_samples"": 25, ""num_leaves"": 4, ""reg_lambda"": 0.6901405848937009, ""subsample"": 0.6172625660539072, ""subsample_freq"": 1}"
3,3,296,0,0.35374914129348567,0.28959521499802116,0.09295903242790184,"{""colsample_bytree"": 0.705763809202693, ""learning_rate"": 0.012169686444094326, ""max_depth"": 3, ""min_child_samples"": 25, ""num_leaves"": 4, ""reg_lambda"": 0.6901405848937009, ""subsample"": 0.6172625660539072, ""subsample_freq"": 1}"
3,3,298,1,0.6603350333091055,0.7226204450189936,0.018726360663625687,"{""colsample_bytree"": 0.705763809202693, ""learning_rate"": 0.012169686444094326, ""max_depth"": 3, ""min_child_samples"": 25, ""num_leaves"": 4, ""reg_lambda"": 0.6901405848937009, ""subsample"": 0.6172625660539072, ""subsample_freq"": 1}"
3,4,2,1,0.8824134252912493,0.9007977195746358,0.05670732422578234,"{""colsample_bytree"": 0.8611027099295364, ""learning_rate"": 0.02406294563289016, ""max_depth"": 4, ""min_child_samples"": 17, ""num_leaves"": 13, ""reg_lambda"": 3.113767074439039, ""subsample"": 0.6963707666781905, ""subsample_freq"": 1}"
3,4,3,0,0.6326756228014778,0.582809559866327,0.044853297413716804,"{""colsample_bytree"": 0.8611027099295364, ""learning_rate"": 0.02406294563289016, ""max_depth"": 4, ""min_child_samples"": 17, ""num_leaves"": 13, ""reg_lambda"": 3.113767074439039, ""subsample"": 0.6963707666781905, ""subsample_freq"": 1}"
3,4,30,1,0.8057128004320556,0.7894818052506828,0.027003855060296508,"{""colsample_bytree"": 0.8611027099295364, ""learning_rate"": 0.02406294563289016, ""max_depth"": 4, ""min_child_samples"": 17, ""num_leaves"": 13, ""reg_lambda"": 3.113767074439039, ""subsample"": 0.6963707666781905, ""subsample_freq"": 1}"
3,4,39,1,0.8951277811832483,0.9033739177298916,0.05040133361449812,"{""colsample_bytree"": 0.8611027099295364, ""learning_rate"": 0.02406294563289016, ""max_depth"": 4, ""min_child_samples"": 17, ""num_leaves"": 13, ""reg_lambda"": 3.113767074439039, ""subsample"": 0.6963707666781905, ""subsample_freq"": 1}"
3,4,42,0,0.18775668461036196,0.1549767898624254,0.059346622631475256,"{""colsample_bytree"": 0.8611027099295364, ""learning_rate"": 0.02406294563289016, ""max_depth"": 4, ""min_child_samples"": 17, ""num_leaves"": 13, ""reg_lambda"": 3.113767074439039, ""subsample"": 0.6963707666781905, ""subsample_freq"": 1}"
3,4,43,1,0.5699097524829286,0.6179555130763138,0.1568677823381326,"{""colsample_bytree"": 0.8611027099295364, ""learning_rate"": 0.02406294563289016, ""max_depth"": 4, ""min_child_samples"": 17, ""num_leaves"": 13, ""reg_lambda"": 3.113767074439039, ""subsample"": 0.6963707666781905, ""subsample_freq"": 1}"
3,4,46,1,0.5600064254884998,0.5399512496487967,0.12030075350942188,"{""colsample_bytree"": 0.8611027099295364, ""learning_rate"": 0.02406294563289016, ""max_depth"": 4, ""min_child_samples"": 17, ""num_leaves"": 13, ""reg_lambda"": 3.113767074439039, ""subsample"": 0.6963707666781905, ""subsample_freq"": 1}"
3,4,53,0,0.7154940740929028,0.5768249718759326,0.15084682651704273,"{""colsample_bytree"": 0.8611027099295364, ""learning_rate"": 0.02406294563289016, ""max_depth"": 4, ""min_child_samples"": 17, ""num_leaves"": 13, ""reg_lambda"": 3.113767074439039, ""subsample"": 0.6963707666781905, ""subsample_freq"": 1}"
3,4,61,1,0.3335099500309215,0.35863371077864975,0.05423008334084776,"{""colsample_bytree"": 0.8611027099295364, ""learning_rate"": 0.02406294563289016, ""max_depth"": 4, ""min_child_samples"": 17, ""num_leaves"": 13, ""reg_lambda"": 3.113767074439039, ""subsample"": 0.6963707666781905, ""subsample_freq"": 1}"
3,4,69,1,0.695056555016591,0.718936722677853,0.09418900833909624,"{""colsample_bytree"": 0.8611027099295364, ""learning_rate"": 0.02406294563289016, ""max_depth"": 4, ""min_child_samples"": 17, ""num_leaves"": 13, ""reg_lambda"": 3.113767074439039, ""subsample"": 0.6963707666781905, ""subsample_freq"": 1}"
3,4,71,1,0.8736091753170678,0.906223682202088,0.027888910457086795,"{""colsample_bytree"": 0.8611027099295364, ""learning_rate"": 0.02406294563289016, ""max_depth"": 4, ""min_child_samples"": 17, ""num_leaves"": 13, ""reg_lambda"": 3.113767074439039, ""subsample"": 0.6963707666781905, ""subsample_freq"": 1}"
3,4,72,1,0.5799858677057652,0.6460255446203964,0.08852732045241878,"{""colsample_bytree"": 0.8611027099295364, ""learning_rate"": 0.02406294563289016, ""max_depth"": 4, ""min_child_samples"": 17, ""num_leaves"": 13, ""reg_lambda"": 3.113767074439039, ""subsample"": 0.6963707666781905, ""subsample_freq"": 1}"
3,4,74,1,0.917968158941216,0.941256110650811,0.026506367490919804,"{""colsample_bytree"": 0.8611027099295364, ""learning_rate"": 0.02406294563289016, ""max_depth"": 4, ""min_child_samples"": 17, ""num_leaves"": 13, ""reg_lambda"": 3.113767074439039, ""subsample"": 0.6963707666781905, ""subsample_freq"": 1}"
3,4,76,1,0.7889702655444577,0.8000484813495718,0.06471996934206203,"{""colsample_bytree"": 0.8611027099295364, ""learning_rate"": 0.02406294563289016, ""max_depth"": 4, ""min_child_samples"": 17, ""num_leaves"": 13, ""reg_lambda"": 3.113767074439039, ""subsample"": 0.6963707666781905, ""subsample_freq"": 1}"
3,4,79,0,0.12412020161136385,0.10682259359420518,0.0709214430534742,"{""colsample_bytree"": 0.8611027099295364, ""learning_rate"": 0.02406294563289016, ""max_depth"": 4, ""min_child_samples"": 17, ""num_leaves"": 13, ""reg_lambda"": 3.113767074439039, ""subsample"": 0.6963707666781905, ""subsample_freq"": 1}"
3,4,81,1,0.9407240882633982,0.9450232517696364,0.022941666222340354,"{""colsample_bytree"": 0.8611027099295364, ""learning_rate"": 0.02406294563289016, ""max_depth"": 4, ""min_child_samples"": 17, ""num_leaves"": 13, ""reg_lambda"": 3.113767074439039, ""subsample"": 0.6963707666781905, ""subsample_freq"": 1}"
3,4,84,0,0.9011046552199548,0.8972055769222994,0.03812103198954444,"{""colsample_bytree"": 0.8611027099295364, ""learning_rate"": 0.02406294563289016, ""max_depth"": 4, ""min_child_samples"": 17, ""num_leaves"": 13, ""reg_lambda"": 3.113767074439039, ""subsample"": 0.6963707666781905, ""subsample_freq"": 1}"
3,4,86,1,0.7345037633173074,0.7393038344192496,0.02263587396257526,"{""colsample_bytree"": 0.8611027099295364, ""learning_rate"": 0.02406294563289016, ""max_depth"": 4, ""min_child_samples"": 17, ""num_leaves"": 13, ""reg_lambda"": 3.113767074439039, ""subsample"": 0.6963707666781905, ""subsample_freq"": 1}"
3,4,88,0,0.9061451445399704,0.9132293707165957,0.034519408184737636,"{""colsample_bytree"": 0.8611027099295364, ""learning_rate"": 0.02406294563289016, ""max_depth"": 4, ""min_child_samples"": 17, ""num_leaves"": 13, ""reg_lambda"": 3.113767074439039, ""subsample"": 0.6963707666781905, ""subsample_freq"": 1}"
3,4,100,1,0.8507635645998183,0.8743097284569004,0.032704037113318075,"{""colsample_bytree"": 0.8611027099295364, ""learning_rate"": 0.02406294563289016, ""max_depth"": 4, ""min_child_samples"": 17, ""num_leaves"": 13, ""reg_lambda"": 3.113767074439039, ""subsample"": 0.6963707666781905, ""subsample_freq"": 1}"
3,4,109,0,0.644830124600366,0.7060723534219784,0.05193229455480668,"{""colsample_bytree"": 0.8611027099295364, ""learning_rate"": 0.02406294563289016, ""max_depth"": 4, ""min_child_samples"": 17, ""num_leaves"": 13, ""reg_lambda"": 3.113767074439039, ""subsample"": 0.6963707666781905, ""subsample_freq"": 1}"
3,4,121,0,0.6831976747784442,0.598119802544697,0.0338503147297902,"{""colsample_bytree"": 0.8611027099295364, ""learning_rate"": 0.02406294563289016, ""max_depth"": 4, ""min_child_samples"": 17, ""num_leaves"": 13, ""reg_lambda"": 3.113767074439039, ""subsample"": 0.6963707666781905, ""subsample_freq"": 1}"
3,4,127,1,0.9039075591875724,0.9128454949137408,0.05051085909878331,"{""colsample_bytree"": 0.8611027099295364, ""learning_rate"": 0.02406294563289016, ""max_depth"": 4, ""min_child_samples"": 17, ""num_leaves"": 13, ""reg_lambda"": 3.113767074439039, ""subsample"": 0.6963707666781905, ""subsample_freq"": 1}"
3,4,129,0,0.275788700266353,0.23474985443948246,0.12169287862885161,"{""colsample_bytree"": 0.8611027099295364, ""learning_rate"": 0.02406294563289016, ""max_depth"": 4, ""min_child_samples"": 17, ""num_leaves"": 13, ""reg_lambda"": 3.113767074439039, ""subsample"": 0.6963707666781905, ""subsample_freq"": 1}"
3,4,131,1,0.9459133331948849,0.9461281146269863,0.036532498449450286,"{""colsample_bytree"": 0.8611027099295364, ""learning_rate"": 0.02406294563289016, ""max_depth"": 4, ""min_child_samples"": 17, ""num_leaves"": 13, ""reg_lambda"": 3.113767074439039, ""subsample"": 0.6963707666781905, ""subsample_freq"": 1}"
3,4,143,0,0.05383506401603784,0.03901324281256964,0.03184469703556855,"{""colsample_bytree"": 0.8611027099295364, ""learning_rate"": 0.02406294563289016, ""max_depth"": 4, ""min_child_samples"": 17, ""num_leaves"": 13, ""reg_lambda"": 3.113767074439039, ""subsample"": 0.6963707666781905, ""subsample_freq"": 1}"
3,4,144,1,0.8867860228500151,0.8976989942686314,0.026754701044913055,"{""colsample_bytree"": 0.8611027099295364, ""learning_rate"": 0.02406294563289016, ""max_depth"": 4, ""min_child_samples"": 17, ""num_leaves"": 13, ""reg_lambda"": 3.113767074439039, ""subsample"": 0.6963707666781905, ""subsample_freq"": 1}"
3,4,155,1,0.9270162726289386,0.929129049122827,0.04020753823348093,"{""colsample_bytree"": 0.8611027099295364, ""learning_rate"": 0.02406294563289016, ""max_depth"": 4, ""min_child_samples"": 17, ""num_leaves"": 13, ""reg_lambda"": 3.113767074439039, ""subsample"": 0.6963707666781905, ""subsample_freq"": 1}"
3,4,171,1,0.6953065912063965,0.654128705127839,0.1189038863737876,"{""colsample_bytree"": 0.8611027099295364, ""learning_rate"": 0.02406294563289016, ""max_depth"": 4, ""min_child_samples"": 17, ""num_leaves"": 13, ""reg_lambda"": 3.113767074439039, ""subsample"": 0.6963707666781905, ""subsample_freq"": 1}"
3,4,173,1,0.7948947006346296,0.8175205839204388,0.04917663176261693,"{""colsample_bytree"": 0.8611027099295364, ""learning_rate"": 0.02406294563289016, ""max_depth"": 4, ""min_child_samples"": 17, ""num_leaves"": 13, ""reg_lambda"": 3.113767074439039, ""subsample"": 0.6963707666781905, ""subsample_freq"": 1}"
3,4,176,1,0.1756695225151347,0.19961019440574237,0.08605360741478774,"{""colsample_bytree"": 0.8611027099295364, ""learning_rate"": 0.02406294563289016, ""max_depth"": 4, ""min_child_samples"": 17, ""num_leaves"": 13, ""reg_lambda"": 3.113767074439039, ""subsample"": 0.6963707666781905, ""subsample_freq"": 1}"
3,4,180,1,0.44497149997830227,0.40195800666614295,0.11315796466386811,"{""colsample_bytree"": 0.8611027099295364, ""learning_rate"": 0.02406294563289016, ""max_depth"": 4, ""min_child_samples"": 17, ""num_leaves"": 13, ""reg_lambda"": 3.113767074439039, ""subsample"": 0.6963707666781905, ""subsample_freq"": 1}"
3,4,181,1,0.6873508615164353,0.7331671076416088,0.08904374366877037,"{""colsample_bytree"": 0.8611027099295364, ""learning_rate"": 0.02406294563289016, ""max_depth"": 4, ""min_child_samples"": 17, ""num_leaves"": 13, ""reg_lambda"": 3.113767074439039, ""subsample"": 0.6963707666781905, ""subsample_freq"": 1}"
3,4,183,0,0.5093435574254769,0.561538201927372,0.0991420116558723,"{""colsample_bytree"": 0.8611027099295364, ""learning_rate"": 0.02406294563289016, ""max_depth"": 4, ""min_child_samples"": 17, ""num_leaves"": 13, ""reg_lambda"": 3.113767074439039, ""subsample"": 0.6963707666781905, ""subsample_freq"": 1}"
3,4,189,1,0.8660159154254211,0.8607787275965775,0.04794988600931594,"{""colsample_bytree"": 0.8611027099295364, ""learning_rate"": 0.02406294563289016, ""max_depth"": 4, ""min_child_samples"": 17, ""num_leaves"": 13, ""reg_lambda"": 3.113767074439039, ""subsample"": 0.6963707666781905, ""subsample_freq"": 1}"
3,4,190,0,0.7403607533391156,0.7594794039556568,0.11769435573202962,"{""colsample_bytree"": 0.8611027099295364, ""learning_rate"": 0.02406294563289016, ""max_depth"": 4, ""min_child_samples"": 17, ""num_leaves"": 13, ""reg_lambda"": 3.113767074439039, ""subsample"": 0.6963707666781905, ""subsample_freq"": 1}"
3,4,194,0,0.20071165070159908,0.18117758553720925,0.10109276174637116,"{""colsample_bytree"": 0.8611027099295364, ""learning_rate"": 0.02406294563289016, ""max_depth"": 4, ""min_child_samples"": 17, ""num_leaves"": 13, ""reg_lambda"": 3.113767074439039, ""subsample"": 0.6963707666781905, ""subsample_freq"": 1}"
3,4,199,0,0.22553479834509407,0.2763319193405572,0.06752555456607713,"{""colsample_bytree"": 0.8611027099295364, ""learning_rate"": 0.02406294563289016, ""max_depth"": 4, ""min_child_samples"": 17, ""num_leaves"": 13, ""reg_lambda"": 3.113767074439039, ""subsample"": 0.6963707666781905, ""subsample_freq"": 1}"
3,4,202,1,0.8919398487187571,0.9225430953727816,0.03752489245429113,"{""colsample_bytree"": 0.8611027099295364, ""learning_rate"": 0.02406294563289016, ""max_depth"": 4, ""min_child_samples"": 17, ""num_leaves"": 13, ""reg_lambda"": 3.113767074439039, ""subsample"": 0.6963707666781905, ""subsample_freq"": 1}"
3,4,208,1,0.5571711297028981,0.5098104279840594,0.07083689632007577,"{""colsample_bytree"": 0.8611027099295364, ""learning_rate"": 0.02406294563289016, ""max_depth"": 4, ""min_child_samples"": 17, ""num_leaves"": 13, ""reg_lambda"": 3.113767074439039, ""subsample"": 0.6963707666781905, ""subsample_freq"": 1}"
3,4,209,1,0.6443059546306383,0.6487737583475813,0.13146529486587005,"{""colsample_bytree"": 0.8611027099295364, ""learning_rate"": 0.02406294563289016, ""max_depth"": 4, ""min_child_samples"": 17, ""num_leaves"": 13, ""reg_lambda"": 3.113767074439039, ""subsample"": 0.6963707666781905, ""subsample_freq"": 1}"
3,4,210,0,0.073186009525256,0.06278207916170797,0.04650916997147031,"{""colsample_bytree"": 0.8611027099295364, ""learning_rate"": 0.02406294563289016, ""max_depth"": 4, ""min_child_samples"": 17, ""num_leaves"": 13, ""reg_lambda"": 3.113767074439039, ""subsample"": 0.6963707666781905, ""subsample_freq"": 1}"
3,4,214,0,0.8764584954196325,0.892168263499672,0.027882673593751787,"{""colsample_bytree"": 0.8611027099295364, ""learning_rate"": 0.02406294563289016, ""max_depth"": 4, ""min_child_samples"": 17, ""num_leaves"": 13, ""reg_lambda"": 3.113767074439039, ""subsample"": 0.6963707666781905, ""subsample_freq"": 1}"
3,4,215,1,0.6862298267789085,0.7125298233220072,0.07067664617190397,"{""colsample_bytree"": 0.8611027099295364, ""learning_rate"": 0.02406294563289016, ""max_depth"": 4, ""min_child_samples"": 17, ""num_leaves"": 13, ""reg_lambda"": 3.113767074439039, ""subsample"": 0.6963707666781905, ""subsample_freq"": 1}"
3,4,225,0,0.5271295734286564,0.5044016553387471,0.10751829932024838,"{""colsample_bytree"": 0.8611027099295364, ""learning_rate"": 0.02406294563289016, ""max_depth"": 4, ""min_child_samples"": 17, ""num_leaves"": 13, ""reg_lambda"": 3.113767074439039, ""subsample"": 0.6963707666781905, ""subsample_freq"": 1}"
3,4,227,1,0.421991589998175,0.3970859952983301,0.06781438772078034,"{""colsample_bytree"": 0.8611027099295364, ""learning_rate"": 0.02406294563289016, ""max_depth"": 4, ""min_child_samples"": 17, ""num_leaves"": 13, ""reg_lambda"": 3.113767074439039, ""subsample"": 0.6963707666781905, ""subsample_freq"": 1}"
3,4,231,0,0.8892145879840552,0.8848901125419071,0.053348917787231526,"{""colsample_bytree"": 0.8611027099295364, ""learning_rate"": 0.02406294563289016, ""max_depth"": 4, ""min_child_samples"": 17, ""num_leaves"": 13, ""reg_lambda"": 3.113767074439039, ""subsample"": 0.6963707666781905, ""subsample_freq"": 1}"
3,4,240,1,0.9650966929384016,0.9724900921477845,0.02142351227121937,"{""colsample_bytree"": 0.8611027099295364, ""learning_rate"": 0.02406294563289016, ""max_depth"": 4, ""min_child_samples"": 17, ""num_leaves"": 13, ""reg_lambda"": 3.113767074439039, ""subsample"": 0.6963707666781905, ""subsample_freq"": 1}"
3,4,247,0,0.10512959229604474,0.09650072112271799,0.07777609741060962,"{""colsample_bytree"": 0.8611027099295364, ""learning_rate"": 0.02406294563289016, ""max_depth"": 4, ""min_child_samples"": 17, ""num_leaves"": 13, ""reg_lambda"": 3.113767074439039, ""subsample"": 0.6963707666781905, ""subsample_freq"": 1}"
3,4,252,1,0.7591864885931706,0.7721491499519055,0.067224309262975,"{""colsample_bytree"": 0.8611027099295364, ""learning_rate"": 0.02406294563289016, ""max_depth"": 4, ""min_child_samples"": 17, ""num_leaves"": 13, ""reg_lambda"": 3.113767074439039, ""subsample"": 0.6963707666781905, ""subsample_freq"": 1}"
3,4,259,1,0.5569450950699402,0.561393180538772,0.04518979920431995,"{""colsample_bytree"": 0.8611027099295364, ""learning_rate"": 0.02406294563289016, ""max_depth"": 4, ""min_child_samples"": 17, ""num_leaves"": 13, ""reg_lambda"": 3.113767074439039, ""subsample"": 0.6963707666781905, ""subsample_freq"": 1}"
3,4,261,0,0.06782142727602226,0.05110094829982004,0.04639821700962539,"{""colsample_bytree"": 0.8611027099295364, ""learning_rate"": 0.02406294563289016, ""max_depth"": 4, ""min_child_samples"": 17, ""num_leaves"": 13, ""reg_lambda"": 3.113767074439039, ""subsample"": 0.6963707666781905, ""subsample_freq"": 1}"
3,4,262,1,0.4096020359414761,0.3636283278507889,0.07125928495179418,"{""colsample_bytree"": 0.8611027099295364, ""learning_rate"": 0.02406294563289016, ""max_depth"": 4, ""min_child_samples"": 17, ""num_leaves"": 13, ""reg_lambda"": 3.113767074439039, ""subsample"": 0.6963707666781905, ""subsample_freq"": 1}"
3,4,266,0,0.7488573621788942,0.7553908472716332,0.08667417693414796,"{""colsample_bytree"": 0.8611027099295364, ""learning_rate"": 0.02406294563289016, ""max_depth"": 4, ""min_child_samples"": 17, ""num_leaves"": 13, ""reg_lambda"": 3.113767074439039, ""subsample"": 0.6963707666781905, ""subsample_freq"": 1}"
3,4,268,0,0.6658853095385417,0.6246338599482785,0.13782608484350936,"{""colsample_bytree"": 0.8611027099295364, ""learning_rate"": 0.02406294563289016, ""max_depth"": 4, ""min_child_samples"": 17, ""num_leaves"": 13, ""reg_lambda"": 3.113767074439039, ""subsample"": 0.6963707666781905, ""subsample_freq"": 1}"
3,4,270,0,0.09996397076485415,0.07907629425595564,0.06536265588426136,"{""colsample_bytree"": 0.8611027099295364, ""learning_rate"": 0.02406294563289016, ""max_depth"": 4, ""min_child_samples"": 17, ""num_leaves"": 13, ""reg_lambda"": 3.113767074439039, ""subsample"": 0.6963707666781905, ""subsample_freq"": 1}"
3,4,272,0,0.6199923225746056,0.6391971044744775,0.0991229463179764,"{""colsample_bytree"": 0.8611027099295364, ""learning_rate"": 0.02406294563289016, ""max_depth"": 4, ""min_child_samples"": 17, ""num_leaves"": 13, ""reg_lambda"": 3.113767074439039, ""subsample"": 0.6963707666781905, ""subsample_freq"": 1}"
3,4,274,1,0.9640999003462695,0.9650654049317039,0.023557581296304215,"{""colsample_bytree"": 0.8611027099295364, ""learning_rate"": 0.02406294563289016, ""max_depth"": 4, ""min_child_samples"": 17, ""num_leaves"": 13, ""reg_lambda"": 3.113767074439039, ""subsample"": 0.6963707666781905, ""subsample_freq"": 1}"
3,4,277,1,0.9442745001510314,0.9548190457444647,0.024196042273189562,"{""colsample_bytree"": 0.8611027099295364, ""learning_rate"": 0.02406294563289016, ""max_depth"": 4, ""min_child_samples"": 17, ""num_leaves"": 13, ""reg_lambda"": 3.113767074439039, ""subsample"": 0.6963707666781905, ""subsample_freq"": 1}"
3,4,284,0,0.41567383392746027,0.381680843022705,0.13755627367091056,"{""colsample_bytree"": 0.8611027099295364, ""learning_rate"": 0.02406294563289016, ""max_depth"": 4, ""min_child_samples"": 17, ""num_leaves"": 13, ""reg_lambda"": 3.113767074439039, ""subsample"": 0.6963707666781905, ""subsample_freq"": 1}"
4,0,2,1,0.8785018228370264,0.9237715321927016,0.05057380114383166,"{""colsample_bytree"": 0.500480287083363, ""learning_rate"": 0.012423947684187758, ""max_depth"": 3, ""min_child_samples"": 6, ""num_leaves"": 5, ""reg_lambda"": 1.3722750942986546, ""subsample"": 0.8202418006195754, ""subsample_freq"": 1}"
4,0,19,0,0.7677406523942062,0.8251270613697541,0.09253067013416308,"{""colsample_bytree"": 0.500480287083363, ""learning_rate"": 0.012423947684187758, ""max_depth"": 3, ""min_child_samples"": 6, ""num_leaves"": 5, ""reg_lambda"": 1.3722750942986546, ""subsample"": 0.8202418006195754, ""subsample_freq"": 1}"
4,0,26,0,0.3609147454444342,0.2956399188083023,0.048101918814757776,"{""colsample_bytree"": 0.500480287083363, ""learning_rate"": 0.012423947684187758, ""max_depth"": 3, ""min_child_samples"": 6, ""num_leaves"": 5, ""reg_lambda"": 1.3722750942986546, ""subsample"": 0.8202418006195754, ""subsample_freq"": 1}"
4,0,31,0,0.5955566544068273,0.6383312429860309,0.07585321090051729,"{""colsample_bytree"": 0.500480287083363, ""learning_rate"": 0.012423947684187758, ""max_depth"": 3, ""min_child_samples"": 6, ""num_leaves"": 5, ""reg_lambda"": 1.3722750942986546, ""subsample"": 0.8202418006195754, ""subsample_freq"": 1}"
4,0,32,1,0.7968757396169182,0.8698783755993,0.06203581283523205,"{""colsample_bytree"": 0.500480287083363, ""learning_rate"": 0.012423947684187758, ""max_depth"": 3, ""min_child_samples"": 6, ""num_leaves"": 5, ""reg_lambda"": 1.3722750942986546, ""subsample"": 0.8202418006195754, ""subsample_freq"": 1}"
4,0,36,1,0.7480434453719269,0.816877051118753,0.049320619400032586,"{""colsample_bytree"": 0.500480287083363, ""learning_rate"": 0.012423947684187758, ""max_depth"": 3, ""min_child_samples"": 6, ""num_leaves"": 5, ""reg_lambda"": 1.3722750942986546, ""subsample"": 0.8202418006195754, ""subsample_freq"": 1}"
4,0,41,0,0.23587120829402228,0.15844404717002006,0.048005235062103725,"{""colsample_bytree"": 0.500480287083363, ""learning_rate"": 0.012423947684187758, ""max_depth"": 3, ""min_child_samples"": 6, ""num_leaves"": 5, ""reg_lambda"": 1.3722750942986546, ""subsample"": 0.8202418006195754, ""subsample_freq"": 1}"
4,0,59,1,0.884777392311246,0.9353420366781116,0.03751654327703809,"{""colsample_bytree"": 0.500480287083363, ""learning_rate"": 0.012423947684187758, ""max_depth"": 3, ""min_child_samples"": 6, ""num_leaves"": 5, ""reg_lambda"": 1.3722750942986546, ""subsample"": 0.8202418006195754, ""subsample_freq"": 1}"
4,0,68,0,0.304116998373117,0.19052792435682564,0.04837021286348759,"{""colsample_bytree"": 0.500480287083363, ""learning_rate"": 0.012423947684187758, ""max_depth"": 3, ""min_child_samples"": 6, ""num_leaves"": 5, ""reg_lambda"": 1.3722750942986546, ""subsample"": 0.8202418006195754, ""subsample_freq"": 1}"
4,0,78,1,0.8412924235700866,0.8834656469893026,0.04713040204072203,"{""colsample_bytree"": 0.500480287083363, ""learning_rate"": 0.012423947684187758, ""max_depth"": 3, ""min_child_samples"": 6, ""num_leaves"": 5, ""reg_lambda"": 1.3722750942986546, ""subsample"": 0.8202418006195754, ""subsample_freq"": 1}"
4,0,80,1,0.8723060985126401,0.9283350343934546,0.04660502890582248,"{""colsample_bytree"": 0.500480287083363, ""learning_rate"": 0.012423947684187758, ""max_depth"": 3, ""min_child_samples"": 6, ""num_leaves"": 5, ""reg_lambda"": 1.3722750942986546, ""subsample"": 0.8202418006195754, ""subsample_freq"": 1}"
4,0,81,1,0.8922365747804721,0.9485321959474422,0.025089582743049423,"{""colsample_bytree"": 0.500480287083363, ""learning_rate"": 0.012423947684187758, ""max_depth"": 3, ""min_child_samples"": 6, ""num_leaves"": 5, ""reg_lambda"": 1.3722750942986546, ""subsample"": 0.8202418006195754, ""subsample_freq"": 1}"
4,0,82,1,0.4042639431500611,0.3979125840279226,0.11832071488326487,"{""colsample_bytree"": 0.500480287083363, ""learning_rate"": 0.012423947684187758, ""max_depth"": 3, ""min_child_samples"": 6, ""num_leaves"": 5, ""reg_lambda"": 1.3722750942986546, ""subsample"": 0.8202418006195754, ""subsample_freq"": 1}"
4,0,84,0,0.7986987023033527,0.8615118891591098,0.06549356203339385,"{""colsample_bytree"": 0.500480287083363, ""learning_rate"": 0.012423947684187758, ""max_depth"": 3, ""min_child_samples"": 6, ""num_leaves"": 5, ""reg_lambda"": 1.3722750942986546, ""subsample"": 0.8202418006195754, ""subsample_freq"": 1}"
4,0,88,0,0.8120431088733865,0.8705234112956461,0.0593760398539663,"{""colsample_bytree"": 0.500480287083363, ""learning_rate"": 0.012423947684187758, ""max_depth"": 3, ""min_child_samples"": 6, ""num_leaves"": 5, ""reg_lambda"": 1.3722750942986546, ""subsample"": 0.8202418006195754, ""subsample_freq"": 1}"
4,0,91,0,0.419984738775714,0.31317804450817716,0.09519976130359181,"{""colsample_bytree"": 0.500480287083363, ""learning_rate"": 0.012423947684187758, ""max_depth"": 3, ""min_child_samples"": 6, ""num_leaves"": 5, ""reg_lambda"": 1.3722750942986546, ""subsample"": 0.8202418006195754, ""subsample_freq"": 1}"
4,0,97,1,0.6852215359673351,0.7556562732279832,0.10144165697596648,"{""colsample_bytree"": 0.500480287083363, ""learning_rate"": 0.012423947684187758, ""max_depth"": 3, ""min_child_samples"": 6, ""num_leaves"": 5, ""reg_lambda"": 1.3722750942986546, ""subsample"": 0.8202418006195754, ""subsample_freq"": 1}"
4,0,98,1,0.8604940701249382,0.9138148464389465,0.06275372535726259,"{""colsample_bytree"": 0.500480287083363, ""learning_rate"": 0.012423947684187758, ""max_depth"": 3, ""min_child_samples"": 6, ""num_leaves"": 5, ""reg_lambda"": 1.3722750942986546, ""subsample"": 0.8202418006195754, ""subsample_freq"": 1}"
4,0,104,0,0.5942884695732198,0.5741472800074308,0.10019613074623719,"{""colsample_bytree"": 0.500480287083363, ""learning_rate"": 0.012423947684187758, ""max_depth"": 3, ""min_child_samples"": 6, ""num_leaves"": 5, ""reg_lambda"": 1.3722750942986546, ""subsample"": 0.8202418006195754, ""subsample_freq"": 1}"
4,0,111,1,0.7846439888787073,0.8367293425105178,0.05728277239978365,"{""colsample_bytree"": 0.500480287083363, ""learning_rate"": 0.012423947684187758, ""max_depth"": 3, ""min_child_samples"": 6, ""num_leaves"": 5, ""reg_lambda"": 1.3722750942986546, ""subsample"": 0.8202418006195754, ""subsample_freq"": 1}"
4,0,114,1,0.880761868859626,0.9432197216730925,0.031796218302945885,"{""colsample_bytree"": 0.500480287083363, ""learning_rate"": 0.012423947684187758, ""max_depth"": 3, ""min_child_samples"": 6, ""num_leaves"": 5, ""reg_lambda"": 1.3722750942986546, ""subsample"": 0.8202418006195754, ""subsample_freq"": 1}"
4,0,116,1,0.8778431166385704,0.9314263403135165,0.037337468968574164,"{""colsample_bytree"": 0.500480287083363, ""learning_rate"": 0.012423947684187758, ""max_depth"": 3, ""min_child_samples"": 6, ""num_leaves"": 5, ""reg_lambda"": 1.3722750942986546, ""subsample"": 0.8202418006195754, ""subsample_freq"": 1}"
4,0,118,1,0.7939743946440945,0.8267438082246891,0.05201647341971772,"{""colsample_bytree"": 0.500480287083363, ""learning_rate"": 0.012423947684187758, ""max_depth"": 3, ""min_child_samples"": 6, ""num_leaves"": 5, ""reg_lambda"": 1.3722750942986546, ""subsample"": 0.8202418006195754, ""subsample_freq"": 1}"
4,0,131,1,0.8964152543696923,0.9456174759375081,0.029045070493400726,"{""colsample_bytree"": 0.500480287083363, ""learning_rate"": 0.012423947684187758, ""max_depth"": 3, ""min_child_samples"": 6, ""num_leaves"": 5, ""reg_lambda"": 1.3722750942986546, ""subsample"": 0.8202418006195754, ""subsample_freq"": 1}"
4,0,135,1,0.5638145953116998,0.5582636101218322,0.11358615491953912,"{""colsample_bytree"": 0.500480287083363, ""learning_rate"": 0.012423947684187758, ""max_depth"": 3, ""min_child_samples"": 6, ""num_leaves"": 5, ""reg_lambda"": 1.3722750942986546, ""subsample"": 0.8202418006195754, ""subsample_freq"": 1}"
4,0,137,0,0.24917769000451478,0.1305532987555517,0.03382896430659165,"{""colsample_bytree"": 0.500480287083363, ""learning_rate"": 0.012423947684187758, ""max_depth"": 3, ""min_child_samples"": 6, ""num_leaves"": 5, ""reg_lambda"": 1.3722750942986546, ""subsample"": 0.8202418006195754, ""subsample_freq"": 1}"
4,0,140,1,0.8747636028783952,0.9286081079006527,0.03803077340825064,"{""colsample_bytree"": 0.500480287083363, ""learning_rate"": 0.012423947684187758, ""max_depth"": 3, ""min_child_samples"": 6, ""num_leaves"": 5, ""reg_lambda"": 1.3722750942986546, ""subsample"": 0.8202418006195754, ""subsample_freq"": 1}"
4,0,142,1,0.3570877145675006,0.26532414413019484,0.04486141499227286,"{""colsample_bytree"": 0.500480287083363, ""learning_rate"": 0.012423947684187758, ""max_depth"": 3, ""min_child_samples"": 6, ""num_leaves"": 5, ""reg_lambda"": 1.3722750942986546, ""subsample"": 0.8202418006195754, ""subsample_freq"": 1}"
4,0,148,1,0.4491166264758703,0.4708634148310257,0.04979367396004201,"{""colsample_bytree"": 0.500480287083363, ""learning_rate"": 0.012423947684187758, ""max_depth"": 3, ""min_child_samples"": 6, ""num_leaves"": 5, ""reg_lambda"": 1.3722750942986546, ""subsample"": 0.8202418006195754, ""subsample_freq"": 1}"
4,0,149,1,0.692753977939679,0.7535821582483184,0.08087714395369767,"{""colsample_bytree"": 0.500480287083363, ""learning_rate"": 0.012423947684187758, ""max_depth"": 3, ""min_child_samples"": 6, ""num_leaves"": 5, ""reg_lambda"": 1.3722750942986546, ""subsample"": 0.8202418006195754, ""subsample_freq"": 1}"
4,0,157,1,0.6349882418075827,0.6489393408643516,0.10039498282170832,"{""colsample_bytree"": 0.500480287083363, ""learning_rate"": 0.012423947684187758, ""max_depth"": 3, ""min_child_samples"": 6, ""num_leaves"": 5, ""reg_lambda"": 1.3722750942986546, ""subsample"": 0.8202418006195754, ""subsample_freq"": 1}"
4,0,163,1,0.44715033490339756,0.4337368341629174,0.08309805545189226,"{""colsample_bytree"": 0.500480287083363, ""learning_rate"": 0.012423947684187758, ""max_depth"": 3, ""min_child_samples"": 6, ""num_leaves"": 5, ""reg_lambda"": 1.3722750942986546, ""subsample"": 0.8202418006195754, ""subsample_freq"": 1}"
4,0,170,0,0.2818773318554675,0.1797337079660502,0.060455605276452454,"{""colsample_bytree"": 0.500480287083363, ""learning_rate"": 0.012423947684187758, ""max_depth"": 3, ""min_child_samples"": 6, ""num_leaves"": 5, ""reg_lambda"": 1.3722750942986546, ""subsample"": 0.8202418006195754, ""subsample_freq"": 1}"
4,0,171,1,0.6615408396787437,0.7112548516713881,0.021079571240660604,"{""colsample_bytree"": 0.500480287083363, ""learning_rate"": 0.012423947684187758, ""max_depth"": 3, ""min_child_samples"": 6, ""num_leaves"": 5, ""reg_lambda"": 1.3722750942986546, ""subsample"": 0.8202418006195754, ""subsample_freq"": 1}"
4,0,172,1,0.7156424096133616,0.771726424885889,0.10650737726014449,"{""colsample_bytree"": 0.500480287083363, ""learning_rate"": 0.012423947684187758, ""max_depth"": 3, ""min_child_samples"": 6, ""num_leaves"": 5, ""reg_lambda"": 1.3722750942986546, ""subsample"": 0.8202418006195754, ""subsample_freq"": 1}"
4,0,176,1,0.2610496272012834,0.15057818468991951,0.034876306273816195,"{""colsample_bytree"": 0.500480287083363, ""learning_rate"": 0.012423947684187758, ""max_depth"": 3, ""min_child_samples"": 6, ""num_leaves"": 5, ""reg_lambda"": 1.3722750942986546, ""subsample"": 0.8202418006195754, ""subsample_freq"": 1}"
4,0,182,1,0.38488740193389115,0.3627715114582858,0.07985132719489532,"{""colsample_bytree"": 0.500480287083363, ""learning_rate"": 0.012423947684187758, ""max_depth"": 3, ""min_child_samples"": 6, ""num_leaves"": 5, ""reg_lambda"": 1.3722750942986546, ""subsample"": 0.8202418006195754, ""subsample_freq"": 1}"
4,0,186,0,0.4838096632744409,0.4992947972334683,0.13298721197211472,"{""colsample_bytree"": 0.500480287083363, ""learning_rate"": 0.012423947684187758, ""max_depth"": 3, ""min_child_samples"": 6, ""num_leaves"": 5, ""reg_lambda"": 1.3722750942986546, ""subsample"": 0.8202418006195754, ""subsample_freq"": 1}"
4,0,192,0,0.16298224077936502,0.0719256932160117,0.02024329581599254,"{""colsample_bytree"": 0.500480287083363, ""learning_rate"": 0.012423947684187758, ""max_depth"": 3, ""min_child_samples"": 6, ""num_leaves"": 5, ""reg_lambda"": 1.3722750942986546, ""subsample"": 0.8202418006195754, ""subsample_freq"": 1}"
4,0,193,0,0.43825314563623646,0.4338147258194576,0.11842452601149472,"{""colsample_bytree"": 0.500480287083363, ""learning_rate"": 0.012423947684187758, ""max_depth"": 3, ""min_child_samples"": 6, ""num_leaves"": 5, ""reg_lambda"": 1.3722750942986546, ""subsample"": 0.8202418006195754, ""subsample_freq"": 1}"
4,0,195,0,0.8028678210126663,0.8330061678131451,0.07837387437582494,"{""colsample_bytree"": 0.500480287083363, ""learning_rate"": 0.012423947684187758, ""max_depth"": 3, ""min_child_samples"": 6, ""num_leaves"": 5, ""reg_lambda"": 1.3722750942986546, ""subsample"": 0.8202418006195754, ""subsample_freq"": 1}"
4,0,197,1,0.7770179008735019,0.8664385885994218,0.05338252820887372,"{""colsample_bytree"": 0.500480287083363, ""learning_rate"": 0.012423947684187758, ""max_depth"": 3, ""min_child_samples"": 6, ""num_leaves"": 5, ""reg_lambda"": 1.3722750942986546, ""subsample"": 0.8202418006195754, ""subsample_freq"": 1}"
4,0,201,0,0.3501996988474661,0.2237179883536878,0.08157210095606823,"{""colsample_bytree"": 0.500480287083363, ""learning_rate"": 0.012423947684187758, ""max_depth"": 3, ""min_child_samples"": 6, ""num_leaves"": 5, ""reg_lambda"": 1.3722750942986546, ""subsample"": 0.8202418006195754, ""subsample_freq"": 1}"
4,0,203,0,0.3353753383729807,0.23723260046647843,0.04567442857830511,"{""colsample_bytree"": 0.500480287083363, ""learning_rate"": 0.012423947684187758, ""max_depth"": 3, ""min_child_samples"": 6, ""num_leaves"": 5, ""reg_lambda"": 1.3722750942986546, ""subsample"": 0.8202418006195754, ""subsample_freq"": 1}"
4,0,211,1,0.6226721943961181,0.6922213794977365,0.07346435668349469,"{""colsample_bytree"": 0.500480287083363, ""learning_rate"": 0.012423947684187758, ""max_depth"": 3, ""min_child_samples"": 6, ""num_leaves"": 5, ""reg_lambda"": 1.3722750942986546, ""subsample"": 0.8202418006195754, ""subsample_freq"": 1}"
4,0,214,0,0.7998419256899024,0.8735262805961452,0.04901186782798282,"{""colsample_bytree"": 0.500480287083363, ""learning_rate"": 0.012423947684187758, ""max_depth"": 3, ""min_child_samples"": 6, ""num_leaves"": 5, ""reg_lambda"": 1.3722750942986546, ""subsample"": 0.8202418006195754, ""subsample_freq"": 1}"
4,0,240,1,0.9037631343561824,0.9557365645157262,0.026563957451070215,"{""colsample_bytree"": 0.500480287083363, ""learning_rate"": 0.012423947684187758, ""max_depth"": 3, ""min_child_samples"": 6, ""num_leaves"": 5, ""reg_lambda"": 1.3722750942986546, ""subsample"": 0.8202418006195754, ""subsample_freq"": 1}"
4,0,246,1,0.8437294093701605,0.8979796601165025,0.037287678329826435,"{""colsample_bytree"": 0.500480287083363, ""learning_rate"": 0.012423947684187758, ""max_depth"": 3, ""min_child_samples"": 6, ""num_leaves"": 5, ""reg_lambda"": 1.3722750942986546, ""subsample"": 0.8202418006195754, ""subsample_freq"": 1}"
4,0,247,0,0.1553673198125352,0.07306179532580673,0.024535364828887685,"{""colsample_bytree"": 0.500480287083363, ""learning_rate"": 0.012423947684187758, ""max_depth"": 3, ""min_child_samples"": 6, ""num_leaves"": 5, ""reg_lambda"": 1.3722750942986546, ""subsample"": 0.8202418006195754, ""subsample_freq"": 1}"
4,0,254,0,0.6341649361237119,0.660502684961204,0.09045676714699648,"{""colsample_bytree"": 0.500480287083363, ""learning_rate"": 0.012423947684187758, ""max_depth"": 3, ""min_child_samples"": 6, ""num_leaves"": 5, ""reg_lambda"": 1.3722750942986546, ""subsample"": 0.8202418006195754, ""subsample_freq"": 1}"
4,0,260,1,0.8133295850699199,0.8565390876943635,0.04933418037271319,"{""colsample_bytree"": 0.500480287083363, ""learning_rate"": 0.012423947684187758, ""max_depth"": 3, ""min_child_samples"": 6, ""num_leaves"": 5, ""reg_lambda"": 1.3722750942986546, ""subsample"": 0.8202418006195754, ""subsample_freq"": 1}"
4,0,262,1,0.5224292774866697,0.5048249909608876,0.05744610363391349,"{""colsample_bytree"": 0.500480287083363, ""learning_rate"": 0.012423947684187758, ""max_depth"": 3, ""min_child_samples"": 6, ""num_leaves"": 5, ""reg_lambda"": 1.3722750942986546, ""subsample"": 0.8202418006195754, ""subsample_freq"": 1}"
4,0,267,1,0.7578164068572197,0.8257746297143918,0.037434116965304194,"{""colsample_bytree"": 0.500480287083363, ""learning_rate"": 0.012423947684187758, ""max_depth"": 3, ""min_child_samples"": 6, ""num_leaves"": 5, ""reg_lambda"": 1.3722750942986546, ""subsample"": 0.8202418006195754, ""subsample_freq"": 1}"
4,0,268,0,0.5964583341053981,0.5838405781263812,0.12006820347977666,"{""colsample_bytree"": 0.500480287083363, ""learning_rate"": 0.012423947684187758, ""max_depth"": 3, ""min_child_samples"": 6, ""num_leaves"": 5, ""reg_lambda"": 1.3722750942986546, ""subsample"": 0.8202418006195754, ""subsample_freq"": 1}"
4,0,273,1,0.850000607051426,0.9158889521316652,0.052968024251802796,"{""colsample_bytree"": 0.500480287083363, ""learning_rate"": 0.012423947684187758, ""max_depth"": 3, ""min_child_samples"": 6, ""num_leaves"": 5, ""reg_lambda"": 1.3722750942986546, ""subsample"": 0.8202418006195754, ""subsample_freq"": 1}"
4,0,275,1,0.7878339848266436,0.8599913128203633,0.03976787995394258,"{""colsample_bytree"": 0.500480287083363, ""learning_rate"": 0.012423947684187758, ""max_depth"": 3, ""min_child_samples"": 6, ""num_leaves"": 5, ""reg_lambda"": 1.3722750942986546, ""subsample"": 0.8202418006195754, ""subsample_freq"": 1}"
4,0,280,0,0.2494997242533496,0.16045791535704992,0.02910419810541773,"{""colsample_bytree"": 0.500480287083363, ""learning_rate"": 0.012423947684187758, ""max_depth"": 3, ""min_child_samples"": 6, ""num_leaves"": 5, ""reg_lambda"": 1.3722750942986546, ""subsample"": 0.8202418006195754, ""subsample_freq"": 1}"
4,0,281,1,0.558383837071095,0.5190593385845323,0.052309835119240596,"{""colsample_bytree"": 0.500480287083363, ""learning_rate"": 0.012423947684187758, ""max_depth"": 3, ""min_child_samples"": 6, ""num_leaves"": 5, ""reg_lambda"": 1.3722750942986546, ""subsample"": 0.8202418006195754, ""subsample_freq"": 1}"
4,0,282,0,0.7752966856577999,0.8383542567766236,0.07040970985299755,"{""colsample_bytree"": 0.500480287083363, ""learning_rate"": 0.012423947684187758, ""max_depth"": 3, ""min_child_samples"": 6, ""num_leaves"": 5, ""reg_lambda"": 1.3722750942986546, ""subsample"": 0.8202418006195754, ""subsample_freq"": 1}"
4,0,291,0,0.3035988569140034,0.2253579749718068,0.10602247624541317,"{""colsample_bytree"": 0.500480287083363, ""learning_rate"": 0.012423947684187758, ""max_depth"": 3, ""min_child_samples"": 6, ""num_leaves"": 5, ""reg_lambda"": 1.3722750942986546, ""subsample"": 0.8202418006195754, ""subsample_freq"": 1}"
4,0,295,0,0.4170753277247047,0.4008566384575838,0.05404789575231488,"{""colsample_bytree"": 0.500480287083363, ""learning_rate"": 0.012423947684187758, ""max_depth"": 3, ""min_child_samples"": 6, ""num_leaves"": 5, ""reg_lambda"": 1.3722750942986546, ""subsample"": 0.8202418006195754, ""subsample_freq"": 1}"
4,1,4,0,0.26666121715935354,0.27485887653642915,0.08430728845093421,"{""colsample_bytree"": 0.9460906889173898, ""learning_rate"": 0.01851300398120836, ""max_depth"": 2, ""min_child_samples"": 21, ""num_leaves"": 4, ""reg_lambda"": 3.5942890586787706, ""subsample"": 0.9039349971468026, ""subsample_freq"": 1}"
4,1,5,1,0.6467461711061953,0.6447622986576231,0.09093270602815057,"{""colsample_bytree"": 0.9460906889173898, ""learning_rate"": 0.01851300398120836, ""max_depth"": 2, ""min_child_samples"": 21, ""num_leaves"": 4, ""reg_lambda"": 3.5942890586787706, ""subsample"": 0.9039349971468026, ""subsample_freq"": 1}"
4,1,8,0,0.2705532392199951,0.2610026308760263,0.0752329978958951,"{""colsample_bytree"": 0.9460906889173898, ""learning_rate"": 0.01851300398120836, ""max_depth"": 2, ""min_child_samples"": 21, ""num_leaves"": 4, ""reg_lambda"": 3.5942890586787706, ""subsample"": 0.9039349971468026, ""subsample_freq"": 1}"
4,1,10,1,0.4919259465863181,0.5180858764601386,0.0679392498406723,"{""colsample_bytree"": 0.9460906889173898, ""learning_rate"": 0.01851300398120836, ""max_depth"": 2, ""min_child_samples"": 21, ""num_leaves"": 4, ""reg_lambda"": 3.5942890586787706, ""subsample"": 0.9039349971468026, ""subsample_freq"": 1}"
4,1,11,1,0.878985960250537,0.8831652510973884,0.032851627797653896,"{""colsample_bytree"": 0.9460906889173898, ""learning_rate"": 0.01851300398120836, ""max_depth"": 2, ""min_child_samples"": 21, ""num_leaves"": 4, ""reg_lambda"": 3.5942890586787706, ""subsample"": 0.9039349971468026, ""subsample_freq"": 1}"
4,1,16,0,0.47405632962932565,0.45288183119488606,0.07219183253209746,"{""colsample_bytree"": 0.9460906889173898, ""learning_rate"": 0.01851300398120836, ""max_depth"": 2, ""min_child_samples"": 21, ""num_leaves"": 4, ""reg_lambda"": 3.5942890586787706, ""subsample"": 0.9039349971468026, ""subsample_freq"": 1}"
4,1,21,1,0.6411385494554674,0.622265171291359,0.05877704395594506,"{""colsample_bytree"": 0.9460906889173898, ""learning_rate"": 0.01851300398120836, ""max_depth"": 2, ""min_child_samples"": 21, ""num_leaves"": 4, ""reg_lambda"": 3.5942890586787706, ""subsample"": 0.9039349971468026, ""subsample_freq"": 1}"
4,1,49,0,0.3902903114835555,0.44428140932114923,0.023842274238070504,"{""colsample_bytree"": 0.9460906889173898, ""learning_rate"": 0.01851300398120836, ""max_depth"": 2, ""min_child_samples"": 21, ""num_leaves"": 4, ""reg_lambda"": 3.5942890586787706, ""subsample"": 0.9039349971468026, ""subsample_freq"": 1}"
4,1,52,1,0.922257365379703,0.9132418437667053,0.022489338733009505,"{""colsample_bytree"": 0.9460906889173898, ""learning_rate"": 0.01851300398120836, ""max_depth"": 2, ""min_child_samples"": 21, ""num_leaves"": 4, ""reg_lambda"": 3.5942890586787706, ""subsample"": 0.9039349971468026, ""subsample_freq"": 1}"
4,1,54,0,0.5141698348343178,0.506632208443663,0.053027047204119646,"{""colsample_bytree"": 0.9460906889173898, ""learning_rate"": 0.01851300398120836, ""max_depth"": 2, ""min_child_samples"": 21, ""num_leaves"": 4, ""reg_lambda"": 3.5942890586787706, ""subsample"": 0.9039349971468026, ""subsample_freq"": 1}"
4,1,60,0,0.3972748627765905,0.42633501896764725,0.04263822143682851,"{""colsample_bytree"": 0.9460906889173898, ""learning_rate"": 0.01851300398120836, ""max_depth"": 2, ""min_child_samples"": 21, ""num_leaves"": 4, ""reg_lambda"": 3.5942890586787706, ""subsample"": 0.9039349971468026, ""subsample_freq"": 1}"
4,1,61,1,0.43878373952828753,0.4217464634014478,0.03854760065204031,"{""colsample_bytree"": 0.9460906889173898, ""learning_rate"": 0.01851300398120836, ""max_depth"": 2, ""min_child_samples"": 21, ""num_leaves"": 4, ""reg_lambda"": 3.5942890586787706, ""subsample"": 0.9039349971468026, ""subsample_freq"": 1}"
4,1,64,0,0.3158566914952006,0.2813565958186617,0.09526766372861925,"{""colsample_bytree"": 0.9460906889173898, ""learning_rate"": 0.01851300398120836, ""max_depth"": 2, ""min_child_samples"": 21, ""num_leaves"": 4, ""reg_lambda"": 3.5942890586787706, ""subsample"": 0.9039349971468026, ""subsample_freq"": 1}"
4,1,71,1,0.8130139187394413,0.7964175219982973,0.030380438023449762,"{""colsample_bytree"": 0.9460906889173898, ""learning_rate"": 0.01851300398120836, ""max_depth"": 2, ""min_child_samples"": 21, ""num_leaves"": 4, ""reg_lambda"": 3.5942890586787706, ""subsample"": 0.9039349971468026, ""subsample_freq"": 1}"
4,1,74,1,0.8761498771532854,0.8627686709239946,0.03946729435192044,"{""colsample_bytree"": 0.9460906889173898, ""learning_rate"": 0.01851300398120836, ""max_depth"": 2, ""min_child_samples"": 21, ""num_leaves"": 4, ""reg_lambda"": 3.5942890586787706, ""subsample"": 0.9039349971468026, ""subsample_freq"": 1}"
4,1,76,1,0.7541736863652798,0.7785623450505341,0.04399694675725509,"{""colsample_bytree"": 0.9460906889173898, ""learning_rate"": 0.01851300398120836, ""max_depth"": 2, ""min_child_samples"": 21, ""num_leaves"": 4, ""reg_lambda"": 3.5942890586787706, ""subsample"": 0.9039349971468026, ""subsample_freq"": 1}"
4,1,77,0,0.6169517066308906,0.5953710943164678,0.044184586806202616,"{""colsample_bytree"": 0.9460906889173898, ""learning_rate"": 0.01851300398120836, ""max_depth"": 2, ""min_child_samples"": 21, ""num_leaves"": 4, ""reg_lambda"": 3.5942890586787706, ""subsample"": 0.9039349971468026, ""subsample_freq"": 1}"
4,1,93,1,0.7515654930136854,0.7657937327728384,0.048855646345316014,"{""colsample_bytree"": 0.9460906889173898, ""learning_rate"": 0.01851300398120836, ""max_depth"": 2, ""min_child_samples"": 21, ""num_leaves"": 4, ""reg_lambda"": 3.5942890586787706, ""subsample"": 0.9039349971468026, ""subsample_freq"": 1}"
4,1,100,1,0.703188512885935,0.7204043173994672,0.05166428113820052,"{""colsample_bytree"": 0.9460906889173898, ""learning_rate"": 0.01851300398120836, ""max_depth"": 2, ""min_child_samples"": 21, ""num_leaves"": 4, ""reg_lambda"": 3.5942890586787706, ""subsample"": 0.9039349971468026, ""subsample_freq"": 1}"
4,1,101,1,0.7728449342710072,0.7931790772633808,0.0227126394371787,"{""colsample_bytree"": 0.9460906889173898, ""learning_rate"": 0.01851300398120836, ""max_depth"": 2, ""min_child_samples"": 21, ""num_leaves"": 4, ""reg_lambda"": 3.5942890586787706, ""subsample"": 0.9039349971468026, ""subsample_freq"": 1}"
4,1,107,1,0.4859151656237783,0.47926295481871317,0.09343580575262153,"{""colsample_bytree"": 0.9460906889173898, ""learning_rate"": 0.01851300398120836, ""max_depth"": 2, ""min_child_samples"": 21, ""num_leaves"": 4, ""reg_lambda"": 3.5942890586787706, ""subsample"": 0.9039349971468026, ""subsample_freq"": 1}"
4,1,113,0,0.14715893132825392,0.14819117776384244,0.034968768672165806,"{""colsample_bytree"": 0.9460906889173898, ""learning_rate"": 0.01851300398120836, ""max_depth"": 2, ""min_child_samples"": 21, ""num_leaves"": 4, ""reg_lambda"": 3.5942890586787706, ""subsample"": 0.9039349971468026, ""subsample_freq"": 1}"
4,1,119,1,0.7353659908198086,0.7009996464646582,0.033779203784317445,"{""colsample_bytree"": 0.9460906889173898, ""learning_rate"": 0.01851300398120836, ""max_depth"": 2, ""min_child_samples"": 21, ""num_leaves"": 4, ""reg_lambda"": 3.5942890586787706, ""subsample"": 0.9039349971468026, ""subsample_freq"": 1}"
4,1,120,1,0.6671461011349258,0.6533831285522533,0.09813318082506262,"{""colsample_bytree"": 0.9460906889173898, ""learning_rate"": 0.01851300398120836, ""max_depth"": 2, ""min_child_samples"": 21, ""num_leaves"": 4, ""reg_lambda"": 3.5942890586787706, ""subsample"": 0.9039349971468026, ""subsample_freq"": 1}"
4,1,121,0,0.5388958509506235,0.4929008682593401,0.09049259088254562,"{""colsample_bytree"": 0.9460906889173898, ""learning_rate"": 0.01851300398120836, ""max_depth"": 2, ""min_child_samples"": 21, ""num_leaves"": 4, ""reg_lambda"": 3.5942890586787706, ""subsample"": 0.9039349971468026, ""subsample_freq"": 1}"
4,1,125,1,0.5709494734464056,0.5739235423486742,0.11352484619648708,"{""colsample_bytree"": 0.9460906889173898, ""learning_rate"": 0.01851300398120836, ""max_depth"": 2, ""min_child_samples"": 21, ""num_leaves"": 4, ""reg_lambda"": 3.5942890586787706, ""subsample"": 0.9039349971468026, ""subsample_freq"": 1}"
4,1,129,0,0.4541388956352397,0.47019083705280995,0.06826475285435489,"{""colsample_bytree"": 0.9460906889173898, ""learning_rate"": 0.01851300398120836, ""max_depth"": 2, ""min_child_samples"": 21, ""num_leaves"": 4, ""reg_lambda"": 3.5942890586787706, ""subsample"": 0.9039349971468026, ""subsample_freq"": 1}"
4,1,130,0,0.4112890840399043,0.42673227006432946,0.04324559366620214,"{""colsample_bytree"": 0.9460906889173898, ""learning_rate"": 0.01851300398120836, ""max_depth"": 2, ""min_child_samples"": 21, ""num_leaves"": 4, ""reg_lambda"": 3.5942890586787706, ""subsample"": 0.9039349971468026, ""subsample_freq"": 1}"
4,1,132,1,0.8298711412262325,0.831469794022559,0.05607399548073995,"{""colsample_bytree"": 0.9460906889173898, ""learning_rate"": 0.01851300398120836, ""max_depth"": 2, ""min_child_samples"": 21, ""num_leaves"": 4, ""reg_lambda"": 3.5942890586787706, ""subsample"": 0.9039349971468026, ""subsample_freq"": 1}"
4,1,134,1,0.4652834355521363,0.4778319431269685,0.08804478221366001,"{""colsample_bytree"": 0.9460906889173898, ""learning_rate"": 0.01851300398120836, ""max_depth"": 2, ""min_child_samples"": 21, ""num_leaves"": 4, ""reg_lambda"": 3.5942890586787706, ""subsample"": 0.9039349971468026, ""subsample_freq"": 1}"
4,1,138,1,0.7489303657737406,0.7425743595989657,0.0788541843755027,"{""colsample_bytree"": 0.9460906889173898, ""learning_rate"": 0.01851300398120836, ""max_depth"": 2, ""min_child_samples"": 21, ""num_leaves"": 4, ""reg_lambda"": 3.5942890586787706, ""subsample"": 0.9039349971468026, ""subsample_freq"": 1}"
4,1,152,1,0.404574081043829,0.41828800738348304,0.07850936548694178,"{""colsample_bytree"": 0.9460906889173898, ""learning_rate"": 0.01851300398120836, ""max_depth"": 2, ""min_child_samples"": 21, ""num_leaves"": 4, ""reg_lambda"": 3.5942890586787706, ""subsample"": 0.9039349971468026, ""subsample_freq"": 1}"
4,1,155,1,0.8064782959629263,0.790192845463122,0.048120488540088276,"{""colsample_bytree"": 0.9460906889173898, ""learning_rate"": 0.01851300398120836, ""max_depth"": 2, ""min_child_samples"": 21, ""num_leaves"": 4, ""reg_lambda"": 3.5942890586787706, ""subsample"": 0.9039349971468026, ""subsample_freq"": 1}"
4,1,161,1,0.8531715134284327,0.8459920493737417,0.0437148783740896,"{""colsample_bytree"": 0.9460906889173898, ""learning_rate"": 0.01851300398120836, ""max_depth"": 2, ""min_child_samples"": 21, ""num_leaves"": 4, ""reg_lambda"": 3.5942890586787706, ""subsample"": 0.9039349971468026, ""subsample_freq"": 1}"
4,1,168,0,0.20563566067654343,0.1978793503938955,0.036911912673480894,"{""colsample_bytree"": 0.9460906889173898, ""learning_rate"": 0.01851300398120836, ""max_depth"": 2, ""min_child_samples"": 21, ""num_leaves"": 4, ""reg_lambda"": 3.5942890586787706, ""subsample"": 0.9039349971468026, ""subsample_freq"": 1}"
4,1,169,0,0.32349137356345736,0.3149913013638682,0.0615350452011449,"{""colsample_bytree"": 0.9460906889173898, ""learning_rate"": 0.01851300398120836, ""max_depth"": 2, ""min_child_samples"": 21, ""num_leaves"": 4, ""reg_lambda"": 3.5942890586787706, ""subsample"": 0.9039349971468026, ""subsample_freq"": 1}"
4,1,175,0,0.42784764825687166,0.3548679760001348,0.045515246069338794,"{""colsample_bytree"": 0.9460906889173898, ""learning_rate"": 0.01851300398120836, ""max_depth"": 2, ""min_child_samples"": 21, ""num_leaves"": 4, ""reg_lambda"": 3.5942890586787706, ""subsample"": 0.9039349971468026, ""subsample_freq"": 1}"
4,1,178,1,0.48884692258623297,0.5029000956556569,0.07800506654250443,"{""colsample_bytree"": 0.9460906889173898, ""learning_rate"": 0.01851300398120836, ""max_depth"": 2, ""min_child_samples"": 21, ""num_leaves"": 4, ""reg_lambda"": 3.5942890586787706, ""subsample"": 0.9039349971468026, ""subsample_freq"": 1}"
4,1,185,0,0.3928405199356584,0.39628173904886366,0.09119596339127291,"{""colsample_bytree"": 0.9460906889173898, ""learning_rate"": 0.01851300398120836, ""max_depth"": 2, ""min_child_samples"": 21, ""num_leaves"": 4, ""reg_lambda"": 3.5942890586787706, ""subsample"": 0.9039349971468026, ""subsample_freq"": 1}"
4,1,188,1,0.4752516838788316,0.4394466556553918,0.12010421352157652,"{""colsample_bytree"": 0.9460906889173898, ""learning_rate"": 0.01851300398120836, ""max_depth"": 2, ""min_child_samples"": 21, ""num_leaves"": 4, ""reg_lambda"": 3.5942890586787706, ""subsample"": 0.9039349971468026, ""subsample_freq"": 1}"
4,1,191,1,0.9058981244755764,0.869421795035643,0.014725834532199762,"{""colsample_bytree"": 0.9460906889173898, ""learning_rate"": 0.01851300398120836, ""max_depth"": 2, ""min_child_samples"": 21, ""num_leaves"": 4, ""reg_lambda"": 3.5942890586787706, ""subsample"": 0.9039349971468026, ""subsample_freq"": 1}"
4,1,200,1,0.6959462603412145,0.6717193647564582,0.09272758173022873,"{""colsample_bytree"": 0.9460906889173898, ""learning_rate"": 0.01851300398120836, ""max_depth"": 2, ""min_child_samples"": 21, ""num_leaves"": 4, ""reg_lambda"": 3.5942890586787706, ""subsample"": 0.9039349971468026, ""subsample_freq"": 1}"
4,1,204,0,0.3594822036353631,0.375104551541079,0.07422267219251168,"{""colsample_bytree"": 0.9460906889173898, ""learning_rate"": 0.01851300398120836, ""max_depth"": 2, ""min_child_samples"": 21, ""num_leaves"": 4, ""reg_lambda"": 3.5942890586787706, ""subsample"": 0.9039349971468026, ""subsample_freq"": 1}"
4,1,212,0,0.1779543560259559,0.17523005697901922,0.045086941794607156,"{""colsample_bytree"": 0.9460906889173898, ""learning_rate"": 0.01851300398120836, ""max_depth"": 2, ""min_child_samples"": 21, ""num_leaves"": 4, ""reg_lambda"": 3.5942890586787706, ""subsample"": 0.9039349971468026, ""subsample_freq"": 1}"
4,1,221,1,0.5359886827260864,0.5690918199618978,0.08523962156530702,"{""colsample_bytree"": 0.9460906889173898, ""learning_rate"": 0.01851300398120836, ""max_depth"": 2, ""min_child_samples"": 21, ""num_leaves"": 4, ""reg_lambda"": 3.5942890586787706, ""subsample"": 0.9039349971468026, ""subsample_freq"": 1}"
4,1,223,1,0.34820332109922075,0.37332915828289126,0.09258029098514595,"{""colsample_bytree"": 0.9460906889173898, ""learning_rate"": 0.01851300398120836, ""max_depth"": 2, ""min_child_samples"": 21, ""num_leaves"": 4, ""reg_lambda"": 3.5942890586787706, ""subsample"": 0.9039349971468026, ""subsample_freq"": 1}"
4,1,224,1,0.9023532949766397,0.8926608911149083,0.021136614878397686,"{""colsample_bytree"": 0.9460906889173898, ""learning_rate"": 0.01851300398120836, ""max_depth"": 2, ""min_child_samples"": 21, ""num_leaves"": 4, ""reg_lambda"": 3.5942890586787706, ""subsample"": 0.9039349971468026, ""subsample_freq"": 1}"
4,1,226,1,0.6749878117271186,0.6682720557302387,0.06399961718696426,"{""colsample_bytree"": 0.9460906889173898, ""learning_rate"": 0.01851300398120836, ""max_depth"": 2, ""min_child_samples"": 21, ""num_leaves"": 4, ""reg_lambda"": 3.5942890586787706, ""subsample"": 0.9039349971468026, ""subsample_freq"": 1}"
4,1,227,1,0.5880895445817741,0.5556886392418241,0.048359467524771806,"{""colsample_bytree"": 0.9460906889173898, ""learning_rate"": 0.01851300398120836, ""max_depth"": 2, ""min_child_samples"": 21, ""num_leaves"": 4, ""reg_lambda"": 3.5942890586787706, ""subsample"": 0.9039349971468026, ""subsample_freq"": 1}"
4,1,228,1,0.5333494775306773,0.47167518824215227,0.033260369242407745,"{""colsample_bytree"": 0.9460906889173898, ""learning_rate"": 0.01851300398120836, ""max_depth"": 2, ""min_child_samples"": 21, ""num_leaves"": 4, ""reg_lambda"": 3.5942890586787706, ""subsample"": 0.9039349971468026, ""subsample_freq"": 1}"
4,1,245,1,0.4910572669816553,0.5265741043460999,0.059217962475695676,"{""colsample_bytree"": 0.9460906889173898, ""learning_rate"": 0.01851300398120836, ""max_depth"": 2, ""min_child_samples"": 21, ""num_leaves"": 4, ""reg_lambda"": 3.5942890586787706, ""subsample"": 0.9039349971468026, ""subsample_freq"": 1}"
4,1,250,1,0.5809066406194787,0.5951287600938152,0.0488107437335313,"{""colsample_bytree"": 0.9460906889173898, ""learning_rate"": 0.01851300398120836, ""max_depth"": 2, ""min_child_samples"": 21, ""num_leaves"": 4, ""reg_lambda"": 3.5942890586787706, ""subsample"": 0.9039349971468026, ""subsample_freq"": 1}"
4,1,263,0,0.13502245788674966,0.1460087505404242,0.025748842424141168,"{""colsample_bytree"": 0.9460906889173898, ""learning_rate"": 0.01851300398120836, ""max_depth"": 2, ""min_child_samples"": 21, ""num_leaves"": 4, ""reg_lambda"": 3.5942890586787706, ""subsample"": 0.9039349971468026, ""subsample_freq"": 1}"
4,1,272,0,0.4934311125165939,0.4931253187532911,0.072343634482845,"{""colsample_bytree"": 0.9460906889173898, ""learning_rate"": 0.01851300398120836, ""max_depth"": 2, ""min_child_samples"": 21, ""num_leaves"": 4, ""reg_lambda"": 3.5942890586787706, ""subsample"": 0.9039349971468026, ""subsample_freq"": 1}"
4,1,274,1,0.9193286697102906,0.9059143698282714,0.02771204934731779,"{""colsample_bytree"": 0.9460906889173898, ""learning_rate"": 0.01851300398120836, ""max_depth"": 2, ""min_child_samples"": 21, ""num_leaves"": 4, ""reg_lambda"": 3.5942890586787706, ""subsample"": 0.9039349971468026, ""subsample_freq"": 1}"
4,1,287,0,0.4890242136405065,0.4825187821746675,0.07735655665868615,"{""colsample_bytree"": 0.9460906889173898, ""learning_rate"": 0.01851300398120836, ""max_depth"": 2, ""min_child_samples"": 21, ""num_leaves"": 4, ""reg_lambda"": 3.5942890586787706, ""subsample"": 0.9039349971468026, ""subsample_freq"": 1}"
4,1,292,0,0.3268311761330065,0.29159742215313134,0.07685714645968213,"{""colsample_bytree"": 0.9460906889173898, ""learning_rate"": 0.01851300398120836, ""max_depth"": 2, ""min_child_samples"": 21, ""num_leaves"": 4, ""reg_lambda"": 3.5942890586787706, ""subsample"": 0.9039349971468026, ""subsample_freq"": 1}"
4,1,293,0,0.2972299456928898,0.2997032278750601,0.10286185832915862,"{""colsample_bytree"": 0.9460906889173898, ""learning_rate"": 0.01851300398120836, ""max_depth"": 2, ""min_child_samples"": 21, ""num_leaves"": 4, ""reg_lambda"": 3.5942890586787706, ""subsample"": 0.9039349971468026, ""subsample_freq"": 1}"
4,1,294,1,0.44725112357790453,0.4567955219967404,0.08984971878578721,"{""colsample_bytree"": 0.9460906889173898, ""learning_rate"": 0.01851300398120836, ""max_depth"": 2, ""min_child_samples"": 21, ""num_leaves"": 4, ""reg_lambda"": 3.5942890586787706, ""subsample"": 0.9039349971468026, ""subsample_freq"": 1}"
4,1,296,0,0.4176919121261737,0.35775799845670486,0.0880605101704027,"{""colsample_bytree"": 0.9460906889173898, ""learning_rate"": 0.01851300398120836, ""max_depth"": 2, ""min_child_samples"": 21, ""num_leaves"": 4, ""reg_lambda"": 3.5942890586787706, ""subsample"": 0.9039349971468026, ""subsample_freq"": 1}"
4,1,299,0,0.38858754693520164,0.4255188222104126,0.08681003674515894,"{""colsample_bytree"": 0.9460906889173898, ""learning_rate"": 0.01851300398120836, ""max_depth"": 2, ""min_child_samples"": 21, ""num_leaves"": 4, ""reg_lambda"": 3.5942890586787706, ""subsample"": 0.9039349971468026, ""subsample_freq"": 1}"
4,2,1,1,0.9048048659507945,0.9347436042060158,0.028020958600455014,"{""colsample_bytree"": 0.9267138253886991, ""learning_rate"": 0.032557266594990475, ""max_depth"": 2, ""min_child_samples"": 5, ""num_leaves"": 13, ""reg_lambda"": 13.207566746425849, ""subsample"": 0.6670691839205515, ""subsample_freq"": 1}"
4,2,9,0,0.7827745094618763,0.8140063141987269,0.05727917425716894,"{""colsample_bytree"": 0.9267138253886991, ""learning_rate"": 0.032557266594990475, ""max_depth"": 2, ""min_child_samples"": 5, ""num_leaves"": 13, ""reg_lambda"": 13.207566746425849, ""subsample"": 0.6670691839205515, ""subsample_freq"": 1}"
4,2,12,1,0.8357546306342324,0.8610454377491633,0.0386562159968816,"{""colsample_bytree"": 0.9267138253886991, ""learning_rate"": 0.032557266594990475, ""max_depth"": 2, ""min_child_samples"": 5, ""num_leaves"": 13, ""reg_lambda"": 13.207566746425849, ""subsample"": 0.6670691839205515, ""subsample_freq"": 1}"
4,2,17,0,0.311631352529848,0.2227821746776654,0.07723848513925283,"{""colsample_bytree"": 0.9267138253886991, ""learning_rate"": 0.032557266594990475, ""max_depth"": 2, ""min_child_samples"": 5, ""num_leaves"": 13, ""reg_lambda"": 13.207566746425849, ""subsample"": 0.6670691839205515, ""subsample_freq"": 1}"
4,2,25,1,0.8771187697799091,0.9068174472424012,0.01998132766563863,"{""colsample_bytree"": 0.9267138253886991, ""learning_rate"": 0.032557266594990475, ""max_depth"": 2, ""min_child_samples"": 5, ""num_leaves"": 13, ""reg_lambda"": 13.207566746425849, ""subsample"": 0.6670691839205515, ""subsample_freq"": 1}"
4,2,29,0,0.8611801146667831,0.8952864228169387,0.03633906612362375,"{""colsample_bytree"": 0.9267138253886991, ""learning_rate"": 0.032557266594990475, ""max_depth"": 2, ""min_child_samples"": 5, ""num_leaves"": 13, ""reg_lambda"": 13.207566746425849, ""subsample"": 0.6670691839205515, ""subsample_freq"": 1}"
4,2,30,1,0.776753619857379,0.8435278160685782,0.04493234800398125,"{""colsample_bytree"": 0.9267138253886991, ""learning_rate"": 0.032557266594990475, ""max_depth"": 2, ""min_child_samples"": 5, ""num_leaves"": 13, ""reg_lambda"": 13.207566746425849, ""subsample"": 0.6670691839205515, ""subsample_freq"": 1}"
4,2,33,1,0.6556331439524653,0.70157589380973,0.07952145843476954,"{""colsample_bytree"": 0.9267138253886991, ""learning_rate"": 0.032557266594990475, ""max_depth"": 2, ""min_child_samples"": 5, ""num_leaves"": 13, ""reg_lambda"": 13.207566746425849, ""subsample"": 0.6670691839205515, ""subsample_freq"": 1}"
4,2,38,1,0.6885531109931694,0.682536186268462,0.07579199677699482,"{""colsample_bytree"": 0.9267138253886991, ""learning_rate"": 0.032557266594990475, ""max_depth"": 2, ""min_child_samples"": 5, ""num_leaves"": 13, ""reg_lambda"": 13.207566746425849, ""subsample"": 0.6670691839205515, ""subsample_freq"": 1}"
4,2,42,0,0.22179803121588676,0.18702240108637422,0.04056909598333698,"{""colsample_bytree"": 0.9267138253886991, ""learning_rate"": 0.032557266594990475, ""max_depth"": 2, ""min_child_samples"": 5, ""num_leaves"": 13, ""reg_lambda"": 13.207566746425849, ""subsample"": 0.6670691839205515, ""subsample_freq"": 1}"
4,2,43,1,0.5250240353961202,0.5374756065107226,0.047421147568653,"{""colsample_bytree"": 0.9267138253886991, ""learning_rate"": 0.032557266594990475, ""max_depth"": 2, ""min_child_samples"": 5, ""num_leaves"": 13, ""reg_lambda"": 13.207566746425849, ""subsample"": 0.6670691839205515, ""subsample_freq"": 1}"
4,2,44,0,0.6831249040959352,0.6416184383097198,0.052530501055091515,"{""colsample_bytree"": 0.9267138253886991, ""learning_rate"": 0.032557266594990475, ""max_depth"": 2, ""min_child_samples"": 5, ""num_leaves"": 13, ""reg_lambda"": 13.207566746425849, ""subsample"": 0.6670691839205515, ""subsample_freq"": 1}"
4,2,48,0,0.21450180853126197,0.16908961454772187,0.05265872983847861,"{""colsample_bytree"": 0.9267138253886991, ""learning_rate"": 0.032557266594990475, ""max_depth"": 2, ""min_child_samples"": 5, ""num_leaves"": 13, ""reg_lambda"": 13.207566746425849, ""subsample"": 0.6670691839205515, ""subsample_freq"": 1}"
4,2,55,1,0.9255283326873156,0.9403592067506304,0.022089689396576604,"{""colsample_bytree"": 0.9267138253886991, ""learning_rate"": 0.032557266594990475, ""max_depth"": 2, ""min_child_samples"": 5, ""num_leaves"": 13, ""reg_lambda"": 13.207566746425849, ""subsample"": 0.6670691839205515, ""subsample_freq"": 1}"
4,2,56,1,0.7828928828857649,0.7936562530907318,0.058764834556388514,"{""colsample_bytree"": 0.9267138253886991, ""learning_rate"": 0.032557266594990475, ""max_depth"": 2, ""min_child_samples"": 5, ""num_leaves"": 13, ""reg_lambda"": 13.207566746425849, ""subsample"": 0.6670691839205515, ""subsample_freq"": 1}"
4,2,57,1,0.871709502208595,0.9200906956551632,0.026698861333728313,"{""colsample_bytree"": 0.9267138253886991, ""learning_rate"": 0.032557266594990475, ""max_depth"": 2, ""min_child_samples"": 5, ""num_leaves"": 13, ""reg_lambda"": 13.207566746425849, ""subsample"": 0.6670691839205515, ""subsample_freq"": 1}"
4,2,72,1,0.8089459931055758,0.8162233607096482,0.02951011947296649,"{""colsample_bytree"": 0.9267138253886991, ""learning_rate"": 0.032557266594990475, ""max_depth"": 2, ""min_child_samples"": 5, ""num_leaves"": 13, ""reg_lambda"": 13.207566746425849, ""subsample"": 0.6670691839205515, ""subsample_freq"": 1}"
4,2,73,0,0.6572439762815431,0.6391591303300301,0.0805637039200048,"{""colsample_bytree"": 0.9267138253886991, ""learning_rate"": 0.032557266594990475, ""max_depth"": 2, ""min_child_samples"": 5, ""num_leaves"": 13, ""reg_lambda"": 13.207566746425849, ""subsample"": 0.6670691839205515, ""subsample_freq"": 1}"
4,2,79,0,0.19208561550055414,0.16348669542829564,0.06215569255375942,"{""colsample_bytree"": 0.9267138253886991, ""learning_rate"": 0.032557266594990475, ""max_depth"": 2, ""min_child_samples"": 5, ""num_leaves"": 13, ""reg_lambda"": 13.207566746425849, ""subsample"": 0.6670691839205515, ""subsample_freq"": 1}"
4,2,83,1,0.6120795115757058,0.6266909397256022,0.09153502792244539,"{""colsample_bytree"": 0.9267138253886991, ""learning_rate"": 0.032557266594990475, ""max_depth"": 2, ""min_child_samples"": 5, ""num_leaves"": 13, ""reg_lambda"": 13.207566746425849, ""subsample"": 0.6670691839205515, ""subsample_freq"": 1}"
4,2,85,0,0.5765864469487827,0.6300319836738351,0.10095568529392863,"{""colsample_bytree"": 0.9267138253886991, ""learning_rate"": 0.032557266594990475, ""max_depth"": 2, ""min_child_samples"": 5, ""num_leaves"": 13, ""reg_lambda"": 13.207566746425849, ""subsample"": 0.6670691839205515, ""subsample_freq"": 1}"
4,2,87,1,0.8132036957353259,0.834287833936728,0.01895270664909995,"{""colsample_bytree"": 0.9267138253886991, ""learning_rate"": 0.032557266594990475, ""max_depth"": 2, ""min_child_samples"": 5, ""num_leaves"": 13, ""reg_lambda"": 13.207566746425849, ""subsample"": 0.6670691839205515, ""subsample_freq"": 1}"
4,2,95,1,0.8800358674855812,0.9078792464433653,0.026530139143226907,"{""colsample_bytree"": 0.9267138253886991, ""learning_rate"": 0.032557266594990475, ""max_depth"": 2, ""min_child_samples"": 5, ""num_leaves"": 13, ""reg_lambda"": 13.207566746425849, ""subsample"": 0.6670691839205515, ""subsample_freq"": 1}"
4,2,96,1,0.835851867098567,0.8730258443411335,0.050526248017805274,"{""colsample_bytree"": 0.9267138253886991, ""learning_rate"": 0.032557266594990475, ""max_depth"": 2, ""min_child_samples"": 5, ""num_leaves"": 13, ""reg_lambda"": 13.207566746425849, ""subsample"": 0.6670691839205515, ""subsample_freq"": 1}"
4,2,99,1,0.590424168088897,0.6281949601982237,0.09436844678753481,"{""colsample_bytree"": 0.9267138253886991, ""learning_rate"": 0.032557266594990475, ""max_depth"": 2, ""min_child_samples"": 5, ""num_leaves"": 13, ""reg_lambda"": 13.207566746425849, ""subsample"": 0.6670691839205515, ""subsample_freq"": 1}"
4,2,102,0,0.14521024440925034,0.1057236443048892,0.05885952613383593,"{""colsample_bytree"": 0.9267138253886991, ""learning_rate"": 0.032557266594990475, ""max_depth"": 2, ""min_child_samples"": 5, ""num_leaves"": 13, ""reg_lambda"": 13.207566746425849, ""subsample"": 0.6670691839205515, ""subsample_freq"": 1}"
4,2,105,1,0.5635374176791828,0.5660991018761271,0.09004964005350419,"{""colsample_bytree"": 0.9267138253886991, ""learning_rate"": 0.032557266594990475, ""max_depth"": 2, ""min_child_samples"": 5, ""num_leaves"": 13, ""reg_lambda"": 13.207566746425849, ""subsample"": 0.6670691839205515, ""subsample_freq"": 1}"
4,2,106,1,0.7845705276616795,0.8101339545650645,0.05021052882247556,"{""colsample_bytree"": 0.9267138253886991, ""learning_rate"": 0.032557266594990475, ""max_depth"": 2, ""min_child_samples"": 5, ""num_leaves"": 13, ""reg_lambda"": 13.207566746425849, ""subsample"": 0.6670691839205515, ""subsample_freq"": 1}"
4,2,109,0,0.6688614887502481,0.7259356095039516,0.07743654120397196,"{""colsample_bytree"": 0.9267138253886991, ""learning_rate"": 0.032557266594990475, ""max_depth"": 2, ""min_child_samples"": 5, ""num_leaves"": 13, ""reg_lambda"": 13.207566746425849, ""subsample"": 0.6670691839205515, ""subsample_freq"": 1}"
4,2,110,0,0.23089232805641086,0.16973391986074196,0.05379021535188635,"{""colsample_bytree"": 0.9267138253886991, ""learning_rate"": 0.032557266594990475, ""max_depth"": 2, ""min_child_samples"": 5, ""num_leaves"": 13, ""reg_lambda"": 13.207566746425849, ""subsample"": 0.6670691839205515, ""subsample_freq"": 1}"
4,2,117,1,0.7838404781135803,0.819896540229425,0.06542601357745421,"{""colsample_bytree"": 0.9267138253886991, ""learning_rate"": 0.032557266594990475, ""max_depth"": 2, ""min_child_samples"": 5, ""num_leaves"": 13, ""reg_lambda"": 13.207566746425849, ""subsample"": 0.6670691839205515, ""subsample_freq"": 1}"
4,2,128,1,0.6832782057166104,0.6661360242453769,0.09384637932136664,"{""colsample_bytree"": 0.9267138253886991, ""learning_rate"": 0.032557266594990475, ""max_depth"": 2, ""min_child_samples"": 5, ""num_leaves"": 13, ""reg_lambda"": 13.207566746425849, ""subsample"": 0.6670691839205515, ""subsample_freq"": 1}"
4,2,141,1,0.8013271745836936,0.8569348036255879,0.018874170306067018,"{""colsample_bytree"": 0.9267138253886991, ""learning_rate"": 0.032557266594990475, ""max_depth"": 2, ""min_child_samples"": 5, ""num_leaves"": 13, ""reg_lambda"": 13.207566746425849, ""subsample"": 0.6670691839205515, ""subsample_freq"": 1}"
4,2,145,0,0.6531448158695587,0.6186330628098144,0.07453037042943575,"{""colsample_bytree"": 0.9267138253886991, ""learning_rate"": 0.032557266594990475, ""max_depth"": 2, ""min_child_samples"": 5, ""num_leaves"": 13, ""reg_lambda"": 13.207566746425849, ""subsample"": 0.6670691839205515, ""subsample_freq"": 1}"
4,2,147,1,0.6188606006486351,0.6362411601034299,0.03949017081305184,"{""colsample_bytree"": 0.9267138253886991, ""learning_rate"": 0.032557266594990475, ""max_depth"": 2, ""min_child_samples"": 5, ""num_leaves"": 13, ""reg_lambda"": 13.207566746425849, ""subsample"": 0.6670691839205515, ""subsample_freq"": 1}"
4,2,150,0,0.37227096355883027,0.35480747028017146,0.10541142925471911,"{""colsample_bytree"": 0.9267138253886991, ""learning_rate"": 0.032557266594990475, ""max_depth"": 2, ""min_child_samples"": 5, ""num_leaves"": 13, ""reg_lambda"": 13.207566746425849, ""subsample"": 0.6670691839205515, ""subsample_freq"": 1}"
4,2,151,0,0.36183448287769826,0.3219991282151119,0.0919554680657809,"{""colsample_bytree"": 0.9267138253886991, ""learning_rate"": 0.032557266594990475, ""max_depth"": 2, ""min_child_samples"": 5, ""num_leaves"": 13, ""reg_lambda"": 13.207566746425849, ""subsample"": 0.6670691839205515, ""subsample_freq"": 1}"
4,2,166,0,0.21704720136961414,0.19086070260702104,0.05535086546821865,"{""colsample_bytree"": 0.9267138253886991, ""learning_rate"": 0.032557266594990475, ""max_depth"": 2, ""min_child_samples"": 5, ""num_leaves"": 13, ""reg_lambda"": 13.207566746425849, ""subsample"": 0.6670691839205515, ""subsample_freq"": 1}"
4,2,174,1,0.8808378237134499,0.9187803625142725,0.04062995697216289,"{""colsample_bytree"": 0.9267138253886991, ""learning_rate"": 0.032557266594990475, ""max_depth"": 2, ""min_child_samples"": 5, ""num_leaves"": 13, ""reg_lambda"": 13.207566746425849, ""subsample"": 0.6670691839205515, ""subsample_freq"": 1}"
4,2,177,1,0.7962955930776464,0.841226399296156,0.05531827092148437,"{""colsample_bytree"": 0.9267138253886991, ""learning_rate"": 0.032557266594990475, ""max_depth"": 2, ""min_child_samples"": 5, ""num_leaves"": 13, ""reg_lambda"": 13.207566746425849, ""subsample"": 0.6670691839205515, ""subsample_freq"": 1}"
4,2,181,1,0.8285352828234522,0.8757451045127969,0.03941313467520798,"{""colsample_bytree"": 0.9267138253886991, ""learning_rate"": 0.032557266594990475, ""max_depth"": 2, ""min_child_samples"": 5, ""num_leaves"": 13, ""reg_lambda"": 13.207566746425849, ""subsample"": 0.6670691839205515, ""subsample_freq"": 1}"
4,2,184,1,0.801735525746319,0.8286882878881954,0.05250034628604453,"{""colsample_bytree"": 0.9267138253886991, ""learning_rate"": 0.032557266594990475, ""max_depth"": 2, ""min_child_samples"": 5, ""num_leaves"": 13, ""reg_lambda"": 13.207566746425849, ""subsample"": 0.6670691839205515, ""subsample_freq"": 1}"
4,2,198,1,0.7960702625166256,0.8632166056097003,0.0571593267359486,"{""colsample_bytree"": 0.9267138253886991, ""learning_rate"": 0.032557266594990475, ""max_depth"": 2, ""min_child_samples"": 5, ""num_leaves"": 13, ""reg_lambda"": 13.207566746425849, ""subsample"": 0.6670691839205515, ""subsample_freq"": 1}"
4,2,199,0,0.3129706336517445,0.2601902485496623,0.04680807510468827,"{""colsample_bytree"": 0.9267138253886991, ""learning_rate"": 0.032557266594990475, ""max_depth"": 2, ""min_child_samples"": 5, ""num_leaves"": 13, ""reg_lambda"": 13.207566746425849, ""subsample"": 0.6670691839205515, ""subsample_freq"": 1}"
4,2,208,1,0.6410006044753297,0.6569723269947888,0.08410863879583685,"{""colsample_bytree"": 0.9267138253886991, ""learning_rate"": 0.032557266594990475, ""max_depth"": 2, ""min_child_samples"": 5, ""num_leaves"": 13, ""reg_lambda"": 13.207566746425849, ""subsample"": 0.6670691839205515, ""subsample_freq"": 1}"
4,2,209,1,0.7489224144025267,0.7756003306653632,0.04508022861445882,"{""colsample_bytree"": 0.9267138253886991, ""learning_rate"": 0.032557266594990475, ""max_depth"": 2, ""min_child_samples"": 5, ""num_leaves"": 13, ""reg_lambda"": 13.207566746425849, ""subsample"": 0.6670691839205515, ""subsample_freq"": 1}"
4,2,219,1,0.1782697334217883,0.15203283447861682,0.04869461915474306,"{""colsample_bytree"": 0.9267138253886991, ""learning_rate"": 0.032557266594990475, ""max_depth"": 2, ""min_child_samples"": 5, ""num_leaves"": 13, ""reg_lambda"": 13.207566746425849, ""subsample"": 0.6670691839205515, ""subsample_freq"": 1}"
4,2,220,1,0.6791545711167348,0.6745692615098926,0.06958892976107241,"{""colsample_bytree"": 0.9267138253886991, ""learning_rate"": 0.032557266594990475, ""max_depth"": 2, ""min_child_samples"": 5, ""num_leaves"": 13, ""reg_lambda"": 13.207566746425849, ""subsample"": 0.6670691839205515, ""subsample_freq"": 1}"
4,2,225,0,0.5407656600702476,0.5158648740788455,0.11662804130864793,"{""colsample_bytree"": 0.9267138253886991, ""learning_rate"": 0.032557266594990475, ""max_depth"": 2, ""min_child_samples"": 5, ""num_leaves"": 13, ""reg_lambda"": 13.207566746425849, ""subsample"": 0.6670691839205515, ""subsample_freq"": 1}"
4,2,230,1,0.8775629379978606,0.9157197992564126,0.04266224921340552,"{""colsample_bytree"": 0.9267138253886991, ""learning_rate"": 0.032557266594990475, ""max_depth"": 2, ""min_child_samples"": 5, ""num_leaves"": 13, ""reg_lambda"": 13.207566746425849, ""subsample"": 0.6670691839205515, ""subsample_freq"": 1}"
4,2,231,0,0.8640511386408853,0.892452853555642,0.02597097699968111,"{""colsample_bytree"": 0.9267138253886991, ""learning_rate"": 0.032557266594990475, ""max_depth"": 2, ""min_child_samples"": 5, ""num_leaves"": 13, ""reg_lambda"": 13.207566746425849, ""subsample"": 0.6670691839205515, ""subsample_freq"": 1}"
4,2,237,1,0.6964514389080217,0.7127672407887737,0.05436251966936399,"{""colsample_bytree"": 0.9267138253886991, ""learning_rate"": 0.032557266594990475, ""max_depth"": 2, ""min_child_samples"": 5, ""num_leaves"": 13, ""reg_lambda"": 13.207566746425849, ""subsample"": 0.6670691839205515, ""subsample_freq"": 1}"
4,2,244,1,0.3474016961993399,0.29953148969515825,0.06504478823525364,"{""colsample_bytree"": 0.9267138253886991, ""learning_rate"": 0.032557266594990475, ""max_depth"": 2, ""min_child_samples"": 5, ""num_leaves"": 13, ""reg_lambda"": 13.207566746425849, ""subsample"": 0.6670691839205515, ""subsample_freq"": 1}"
4,2,258,0,0.17660850820063617,0.14199412350392324,0.06273806350041354,"{""colsample_bytree"": 0.9267138253886991, ""learning_rate"": 0.032557266594990475, ""max_depth"": 2, ""min_child_samples"": 5, ""num_leaves"": 13, ""reg_lambda"": 13.207566746425849, ""subsample"": 0.6670691839205515, ""subsample_freq"": 1}"
4,2,259,1,0.6732669674338673,0.652656452159505,0.10487774442764539,"{""colsample_bytree"": 0.9267138253886991, ""learning_rate"": 0.032557266594990475, ""max_depth"": 2, ""min_child_samples"": 5, ""num_leaves"": 13, ""reg_lambda"": 13.207566746425849, ""subsample"": 0.6670691839205515, ""subsample_freq"": 1}"
4,2,264,0,0.25220486553825927,0.19258130469116558,0.06780375205645191,"{""colsample_bytree"": 0.9267138253886991, ""learning_rate"": 0.032557266594990475, ""max_depth"": 2, ""min_child_samples"": 5, ""num_leaves"": 13, ""reg_lambda"": 13.207566746425849, ""subsample"": 0.6670691839205515, ""subsample_freq"": 1}"
4,2,265,0,0.7172901409166437,0.726977706790017,0.05646148581635844,"{""colsample_bytree"": 0.9267138253886991, ""learning_rate"": 0.032557266594990475, ""max_depth"": 2, ""min_child_samples"": 5, ""num_leaves"": 13, ""reg_lambda"": 13.207566746425849, ""subsample"": 0.6670691839205515, ""subsample_freq"": 1}"
4,2,266,0,0.8050825846659028,0.8330556912074274,0.04400159318563873,"{""colsample_bytree"": 0.9267138253886991, ""learning_rate"": 0.032557266594990475, ""max_depth"": 2, ""min_child_samples"": 5, ""num_leaves"": 13, ""reg_lambda"": 13.207566746425849, ""subsample"": 0.6670691839205515, ""subsample_freq"": 1}"
4,2,276,0,0.24663309855618112,0.20733995447040235,0.05056727014272573,"{""colsample_bytree"": 0.9267138253886991, ""learning_rate"": 0.032557266594990475, ""max_depth"": 2, ""min_child_samples"": 5, ""num_leaves"": 13, ""reg_lambda"": 13.207566746425849, ""subsample"": 0.6670691839205515, ""subsample_freq"": 1}"
4,2,286,0,0.2686938401659484,0.26947615534624114,0.041093611676901204,"{""colsample_bytree"": 0.9267138253886991, ""learning_rate"": 0.032557266594990475, ""max_depth"": 2, ""min_child_samples"": 5, ""num_leaves"": 13, ""reg_lambda"": 13.207566746425849, ""subsample"": 0.6670691839205515, ""subsample_freq"": 1}"
4,2,300,0,0.1752970697957501,0.12177752080312623,0.04271121141127446,"{""colsample_bytree"": 0.9267138253886991, ""learning_rate"": 0.032557266594990475, ""max_depth"": 2, ""min_child_samples"": 5, ""num_leaves"": 13, ""reg_lambda"": 13.207566746425849, ""subsample"": 0.6670691839205515, ""subsample_freq"": 1}"
4,3,0,1,0.30243492760894986,0.2314328441337481,0.027079930788142286,"{""colsample_bytree"": 0.5311870300883237, ""learning_rate"": 0.011127193090372703, ""max_depth"": 3, ""min_child_samples"": 12, ""num_leaves"": 12, ""reg_lambda"": 0.9254353068921307, ""subsample"": 0.8281451557962602, ""subsample_freq"": 1}"
4,3,6,1,0.6845390779653883,0.766203134538352,0.06454622771684146,"{""colsample_bytree"": 0.5311870300883237, ""learning_rate"": 0.011127193090372703, ""max_depth"": 3, ""min_child_samples"": 12, ""num_leaves"": 12, ""reg_lambda"": 0.9254353068921307, ""subsample"": 0.8281451557962602, ""subsample_freq"": 1}"
4,3,13,1,0.6802575778040251,0.6692112161638377,0.03066965634250829,"{""colsample_bytree"": 0.5311870300883237, ""learning_rate"": 0.011127193090372703, ""max_depth"": 3, ""min_child_samples"": 12, ""num_leaves"": 12, ""reg_lambda"": 0.9254353068921307, ""subsample"": 0.8281451557962602, ""subsample_freq"": 1}"
4,3,14,1,0.47008640406509034,0.3825013335535695,0.04489824653903973,"{""colsample_bytree"": 0.5311870300883237, ""learning_rate"": 0.011127193090372703, ""max_depth"": 3, ""min_child_samples"": 12, ""num_leaves"": 12, ""reg_lambda"": 0.9254353068921307, ""subsample"": 0.8281451557962602, ""subsample_freq"": 1}"
4,3,18,1,0.6674565768776802,0.6763066959752125,0.07500926122244982,"{""colsample_bytree"": 0.5311870300883237, ""learning_rate"": 0.011127193090372703, ""max_depth"": 3, ""min_child_samples"": 12, ""num_leaves"": 12, ""reg_lambda"": 0.9254353068921307, ""subsample"": 0.8281451557962602, ""subsample_freq"": 1}"
4,3,22,1,0.7517858125103168,0.775805504064259,0.05765471117714595,"{""colsample_bytree"": 0.5311870300883237, ""learning_rate"": 0.011127193090372703, ""max_depth"": 3, ""min_child_samples"": 12, ""num_leaves"": 12, ""reg_lambda"": 0.9254353068921307, ""subsample"": 0.8281451557962602, ""subsample_freq"": 1}"
4,3,24,1,0.6888425583192096,0.669521927465273,0.03776993111544476,"{""colsample_bytree"": 0.5311870300883237, ""learning_rate"": 0.011127193090372703, ""max_depth"": 3, ""min_child_samples"": 12, ""num_leaves"": 12, ""reg_lambda"": 0.9254353068921307, ""subsample"": 0.8281451557962602, ""subsample_freq"": 1}"
4,3,27,0,0.2648954060252806,0.20445785847078285,0.05550830538532504,"{""colsample_bytree"": 0.5311870300883237, ""learning_rate"": 0.011127193090372703, ""max_depth"": 3, ""min_child_samples"": 12, ""num_leaves"": 12, ""reg_lambda"": 0.9254353068921307, ""subsample"": 0.8281451557962602, ""subsample_freq"": 1}"
4,3,34,1,0.6351853968633873,0.6248081521576093,0.06365036636896045,"{""colsample_bytree"": 0.5311870300883237, ""learning_rate"": 0.011127193090372703, ""max_depth"": 3, ""min_child_samples"": 12, ""num_leaves"": 12, ""reg_lambda"": 0.9254353068921307, ""subsample"": 0.8281451557962602, ""subsample_freq"": 1}"
4,3,37,1,0.5912650104861199,0.528080179426474,0.11738922208248742,"{""colsample_bytree"": 0.5311870300883237, ""learning_rate"": 0.011127193090372703, ""max_depth"": 3, ""min_child_samples"": 12, ""num_leaves"": 12, ""reg_lambda"": 0.9254353068921307, ""subsample"": 0.8281451557962602, ""subsample_freq"": 1}"
4,3,40,1,0.7915611605324095,0.8325552775813669,0.04410943874135806,"{""colsample_bytree"": 0.5311870300883237, ""learning_rate"": 0.011127193090372703, ""max_depth"": 3, ""min_child_samples"": 12, ""num_leaves"": 12, ""reg_lambda"": 0.9254353068921307, ""subsample"": 0.8281451557962602, ""subsample_freq"": 1}"
4,3,46,1,0.538298022227456,0.4922224871210498,0.04634057185752742,"{""colsample_bytree"": 0.5311870300883237, ""learning_rate"": 0.011127193090372703, ""max_depth"": 3, ""min_child_samples"": 12, ""num_leaves"": 12, ""reg_lambda"": 0.9254353068921307, ""subsample"": 0.8281451557962602, ""subsample_freq"": 1}"
4,3,47,1,0.8553624561044377,0.9176642089855139,0.02363353058189152,"{""colsample_bytree"": 0.5311870300883237, ""learning_rate"": 0.011127193090372703, ""max_depth"": 3, ""min_child_samples"": 12, ""num_leaves"": 12, ""reg_lambda"": 0.9254353068921307, ""subsample"": 0.8281451557962602, ""subsample_freq"": 1}"
4,3,50,0,0.4615333818762803,0.429792900719173,0.060276678038269554,"{""colsample_bytree"": 0.5311870300883237, ""learning_rate"": 0.011127193090372703, ""max_depth"": 3, ""min_child_samples"": 12, ""num_leaves"": 12, ""reg_lambda"": 0.9254353068921307, ""subsample"": 0.8281451557962602, ""subsample_freq"": 1}"
4,3,53,0,0.5600965923507587,0.4702856341674563,0.09596548359741221,"{""colsample_bytree"": 0.5311870300883237, ""learning_rate"": 0.011127193090372703, ""max_depth"": 3, ""min_child_samples"": 12, ""num_leaves"": 12, ""reg_lambda"": 0.9254353068921307, ""subsample"": 0.8281451557962602, ""subsample_freq"": 1}"
4,3,62,1,0.17982615210553812,0.10211766986018851,0.0534449314138468,"{""colsample_bytree"": 0.5311870300883237, ""learning_rate"": 0.011127193090372703, ""max_depth"": 3, ""min_child_samples"": 12, ""num_leaves"": 12, ""reg_lambda"": 0.9254353068921307, ""subsample"": 0.8281451557962602, ""subsample_freq"": 1}"
4,3,65,0,0.5886023729870329,0.6207256866914782,0.027334474435302833,"{""colsample_bytree"": 0.5311870300883237, ""learning_rate"": 0.011127193090372703, ""max_depth"": 3, ""min_child_samples"": 12, ""num_leaves"": 12, ""reg_lambda"": 0.9254353068921307, ""subsample"": 0.8281451557962602, ""subsample_freq"": 1}"
4,3,67,0,0.6179564444511009,0.5881492844661504,0.07945009296381454,"{""colsample_bytree"": 0.5311870300883237, ""learning_rate"": 0.011127193090372703, ""max_depth"": 3, ""min_child_samples"": 12, ""num_leaves"": 12, ""reg_lambda"": 0.9254353068921307, ""subsample"": 0.8281451557962602, ""subsample_freq"": 1}"
4,3,69,1,0.7133456404406091,0.6974503758102351,0.07711043867717667,"{""colsample_bytree"": 0.5311870300883237, ""learning_rate"": 0.011127193090372703, ""max_depth"": 3, ""min_child_samples"": 12, ""num_leaves"": 12, ""reg_lambda"": 0.9254353068921307, ""subsample"": 0.8281451557962602, ""subsample_freq"": 1}"
4,3,70,0,0.1518593486733555,0.07029355430599407,0.03841964113960918,"{""colsample_bytree"": 0.5311870300883237, ""learning_rate"": 0.011127193090372703, ""max_depth"": 3, ""min_child_samples"": 12, ""num_leaves"": 12, ""reg_lambda"": 0.9254353068921307, ""subsample"": 0.8281451557962602, ""subsample_freq"": 1}"
4,3,75,1,0.46304168911807575,0.34148149541650674,0.07996448002291626,"{""colsample_bytree"": 0.5311870300883237, ""learning_rate"": 0.011127193090372703, ""max_depth"": 3, ""min_child_samples"": 12, ""num_leaves"": 12, ""reg_lambda"": 0.9254353068921307, ""subsample"": 0.8281451557962602, ""subsample_freq"": 1}"
4,3,86,1,0.5647804137732894,0.5483034076255486,0.07388629929521442,"{""colsample_bytree"": 0.5311870300883237, ""learning_rate"": 0.011127193090372703, ""max_depth"": 3, ""min_child_samples"": 12, ""num_leaves"": 12, ""reg_lambda"": 0.9254353068921307, ""subsample"": 0.8281451557962602, ""subsample_freq"": 1}"
4,3,90,0,0.5612269709191803,0.5411705026167238,0.11203711730441461,"{""colsample_bytree"": 0.5311870300883237, ""learning_rate"": 0.011127193090372703, ""max_depth"": 3, ""min_child_samples"": 12, ""num_leaves"": 12, ""reg_lambda"": 0.9254353068921307, ""subsample"": 0.8281451557962602, ""subsample_freq"": 1}"
4,3,108,0,0.33486175458342343,0.21938235725707486,0.06130096393642793,"{""colsample_bytree"": 0.5311870300883237, ""learning_rate"": 0.011127193090372703, ""max_depth"": 3, ""min_child_samples"": 12, ""num_leaves"": 12, ""reg_lambda"": 0.9254353068921307, ""subsample"": 0.8281451557962602, ""subsample_freq"": 1}"
4,3,124,1,0.6712326080255269,0.6264806839804788,0.10011246995731421,"{""colsample_bytree"": 0.5311870300883237, ""learning_rate"": 0.011127193090372703, ""max_depth"": 3, ""min_child_samples"": 12, ""num_leaves"": 12, ""reg_lambda"": 0.9254353068921307, ""subsample"": 0.8281451557962602, ""subsample_freq"": 1}"
4,3,136,0,0.32135657623605784,0.25311016252971524,0.1355708407527579,"{""colsample_bytree"": 0.5311870300883237, ""learning_rate"": 0.011127193090372703, ""max_depth"": 3, ""min_child_samples"": 12, ""num_leaves"": 12, ""reg_lambda"": 0.9254353068921307, ""subsample"": 0.8281451557962602, ""subsample_freq"": 1}"
4,3,139,1,0.7754648968670413,0.8175776511419024,0.07513831058909391,"{""colsample_bytree"": 0.5311870300883237, ""learning_rate"": 0.011127193090372703, ""max_depth"": 3, ""min_child_samples"": 12, ""num_leaves"": 12, ""reg_lambda"": 0.9254353068921307, ""subsample"": 0.8281451557962602, ""subsample_freq"": 1}"
4,3,146,1,0.8665143594523388,0.9069949199187628,0.02471634041572825,"{""colsample_bytree"": 0.5311870300883237, ""learning_rate"": 0.011127193090372703, ""max_depth"": 3, ""min_child_samples"": 12, ""num_leaves"": 12, ""reg_lambda"": 0.9254353068921307, ""subsample"": 0.8281451557962602, ""subsample_freq"": 1}"
4,3,154,0,0.6314617561822055,0.604709172038363,0.1016219739799426,"{""colsample_bytree"": 0.5311870300883237, ""learning_rate"": 0.011127193090372703, ""max_depth"": 3, ""min_child_samples"": 12, ""num_leaves"": 12, ""reg_lambda"": 0.9254353068921307, ""subsample"": 0.8281451557962602, ""subsample_freq"": 1}"
4,3,164,1,0.8143023361551788,0.8894580732396973,0.04358170227133354,"{""colsample_bytree"": 0.5311870300883237, ""learning_rate"": 0.011127193090372703, ""max_depth"": 3, ""min_child_samples"": 12, ""num_leaves"": 12, ""reg_lambda"": 0.9254353068921307, ""subsample"": 0.8281451557962602, ""subsample_freq"": 1}"
4,3,167,1,0.6539420068597793,0.6693564976719842,0.09307218733427985,"{""colsample_bytree"": 0.5311870300883237, ""learning_rate"": 0.011127193090372703, ""max_depth"": 3, ""min_child_samples"": 12, ""num_leaves"": 12, ""reg_lambda"": 0.9254353068921307, ""subsample"": 0.8281451557962602, ""subsample_freq"": 1}"
4,3,179,0,0.1579778058844514,0.0952145434566071,0.048032828155335085,"{""colsample_bytree"": 0.5311870300883237, ""learning_rate"": 0.011127193090372703, ""max_depth"": 3, ""min_child_samples"": 12, ""num_leaves"": 12, ""reg_lambda"": 0.9254353068921307, ""subsample"": 0.8281451557962602, ""subsample_freq"": 1}"
4,3,183,0,0.5410967842547096,0.5409014458440193,0.0812840372024614,"{""colsample_bytree"": 0.5311870300883237, ""learning_rate"": 0.011127193090372703, ""max_depth"": 3, ""min_child_samples"": 12, ""num_leaves"": 12, ""reg_lambda"": 0.9254353068921307, ""subsample"": 0.8281451557962602, ""subsample_freq"": 1}"
4,3,187,1,0.7924585552487645,0.8488983816417403,0.029441419951828907,"{""colsample_bytree"": 0.5311870300883237, ""learning_rate"": 0.011127193090372703, ""max_depth"": 3, ""min_child_samples"": 12, ""num_leaves"": 12, ""reg_lambda"": 0.9254353068921307, ""subsample"": 0.8281451557962602, ""subsample_freq"": 1}"
4,3,189,1,0.6939172828300626,0.7574099449622435,0.052530484415762614,"{""colsample_bytree"": 0.5311870300883237, ""learning_rate"": 0.011127193090372703, ""max_depth"": 3, ""min_child_samples"": 12, ""num_leaves"": 12, ""reg_lambda"": 0.9254353068921307, ""subsample"": 0.8281451557962602, ""subsample_freq"": 1}"
4,3,194,0,0.24918539573476736,0.15838314457244768,0.06386413257090692,"{""colsample_bytree"": 0.5311870300883237, ""learning_rate"": 0.011127193090372703, ""max_depth"": 3, ""min_child_samples"": 12, ""num_leaves"": 12, ""reg_lambda"": 0.9254353068921307, ""subsample"": 0.8281451557962602, ""subsample_freq"": 1}"
4,3,202,1,0.8087947531252686,0.8452847210647306,0.03872713217040813,"{""colsample_bytree"": 0.5311870300883237, ""learning_rate"": 0.011127193090372703, ""max_depth"": 3, ""min_child_samples"": 12, ""num_leaves"": 12, ""reg_lambda"": 0.9254353068921307, ""subsample"": 0.8281451557962602, ""subsample_freq"": 1}"
4,3,216,0,0.6124023446271528,0.6009355038219603,0.018262568619198172,"{""colsample_bytree"": 0.5311870300883237, ""learning_rate"": 0.011127193090372703, ""max_depth"": 3, ""min_child_samples"": 12, ""num_leaves"": 12, ""reg_lambda"": 0.9254353068921307, ""subsample"": 0.8281451557962602, ""subsample_freq"": 1}"
4,3,217,0,0.32355841375952726,0.2600077261219287,0.11785784003672077,"{""colsample_bytree"": 0.5311870300883237, ""learning_rate"": 0.011127193090372703, ""max_depth"": 3, ""min_child_samples"": 12, ""num_leaves"": 12, ""reg_lambda"": 0.9254353068921307, ""subsample"": 0.8281451557962602, ""subsample_freq"": 1}"
4,3,232,1,0.8099549547188597,0.870448526369041,0.035534709183847026,"{""colsample_bytree"": 0.5311870300883237, ""learning_rate"": 0.011127193090372703, ""max_depth"": 3, ""min_child_samples"": 12, ""num_leaves"": 12, ""reg_lambda"": 0.9254353068921307, ""subsample"": 0.8281451557962602, ""subsample_freq"": 1}"
4,3,233,0,0.36899852475934497,0.3292679255941212,0.10409200491016656,"{""colsample_bytree"": 0.5311870300883237, ""learning_rate"": 0.011127193090372703, ""max_depth"": 3, ""min_child_samples"": 12, ""num_leaves"": 12, ""reg_lambda"": 0.9254353068921307, ""subsample"": 0.8281451557962602, ""subsample_freq"": 1}"
4,3,234,0,0.2659807249905595,0.19393885577696685,0.06969675425255667,"{""colsample_bytree"": 0.5311870300883237, ""learning_rate"": 0.011127193090372703, ""max_depth"": 3, ""min_child_samples"": 12, ""num_leaves"": 12, ""reg_lambda"": 0.9254353068921307, ""subsample"": 0.8281451557962602, ""subsample_freq"": 1}"
4,3,238,1,0.22520101285330923,0.13692987651270744,0.0722873917765559,"{""colsample_bytree"": 0.5311870300883237, ""learning_rate"": 0.011127193090372703, ""max_depth"": 3, ""min_child_samples"": 12, ""num_leaves"": 12, ""reg_lambda"": 0.9254353068921307, ""subsample"": 0.8281451557962602, ""subsample_freq"": 1}"
4,3,239,1,0.8191108539971285,0.8671571859623308,0.018509588669806818,"{""colsample_bytree"": 0.5311870300883237, ""learning_rate"": 0.011127193090372703, ""max_depth"": 3, ""min_child_samples"": 12, ""num_leaves"": 12, ""reg_lambda"": 0.9254353068921307, ""subsample"": 0.8281451557962602, ""subsample_freq"": 1}"
4,3,242,1,0.6667478131086341,0.670592720408522,0.12088415659207111,"{""colsample_bytree"": 0.5311870300883237, ""learning_rate"": 0.011127193090372703, ""max_depth"": 3, ""min_child_samples"": 12, ""num_leaves"": 12, ""reg_lambda"": 0.9254353068921307, ""subsample"": 0.8281451557962602, ""subsample_freq"": 1}"
4,3,243,0,0.8061536041634518,0.8557791023353488,0.04760091909768794,"{""colsample_bytree"": 0.5311870300883237, ""learning_rate"": 0.011127193090372703, ""max_depth"": 3, ""min_child_samples"": 12, ""num_leaves"": 12, ""reg_lambda"": 0.9254353068921307, ""subsample"": 0.8281451557962602, ""subsample_freq"": 1}"
4,3,248,1,0.72431682408981,0.8164541945141366,0.05964033296793416,"{""colsample_bytree"": 0.5311870300883237, ""learning_rate"": 0.011127193090372703, ""max_depth"": 3, ""min_child_samples"": 12, ""num_leaves"": 12, ""reg_lambda"": 0.9254353068921307, ""subsample"": 0.8281451557962602, ""subsample_freq"": 1}"
4,3,249,1,0.81473890703034,0.8574163563453159,0.054685489771911955,"{""colsample_bytree"": 0.5311870300883237, ""learning_rate"": 0.011127193090372703, ""max_depth"": 3, ""min_child_samples"": 12, ""num_leaves"": 12, ""reg_lambda"": 0.9254353068921307, ""subsample"": 0.8281451557962602, ""subsample_freq"": 1}"
4,3,251,1,0.3661720439783908,0.2680054300337207,0.0753224805918309,"{""colsample_bytree"": 0.5311870300883237, ""learning_rate"": 0.011127193090372703, ""max_depth"": 3, ""min_child_samples"": 12, ""num_leaves"": 12, ""reg_lambda"": 0.9254353068921307, ""subsample"": 0.8281451557962602, ""subsample_freq"": 1}"
4,3,252,1,0.7727374351660138,0.8140014049992779,0.03366994876907235,"{""colsample_bytree"": 0.5311870300883237, ""learning_rate"": 0.011127193090372703, ""max_depth"": 3, ""min_child_samples"": 12, ""num_leaves"": 12, ""reg_lambda"": 0.9254353068921307, ""subsample"": 0.8281451557962602, ""subsample_freq"": 1}"
4,3,253,1,0.6839594727174398,0.6828784895814995,0.10506997343434397,"{""colsample_bytree"": 0.5311870300883237, ""learning_rate"": 0.011127193090372703, ""max_depth"": 3, ""min_child_samples"": 12, ""num_leaves"": 12, ""reg_lambda"": 0.9254353068921307, ""subsample"": 0.8281451557962602, ""subsample_freq"": 1}"
4,3,255,0,0.1936493803861645,0.11300744377630352,0.05230807938578414,"{""colsample_bytree"": 0.5311870300883237, ""learning_rate"": 0.011127193090372703, ""max_depth"": 3, ""min_child_samples"": 12, ""num_leaves"": 12, ""reg_lambda"": 0.9254353068921307, ""subsample"": 0.8281451557962602, ""subsample_freq"": 1}"
4,3,256,0,0.20483838756049602,0.12094608601564572,0.05605002132367792,"{""colsample_bytree"": 0.5311870300883237, ""learning_rate"": 0.011127193090372703, ""max_depth"": 3, ""min_child_samples"": 12, ""num_leaves"": 12, ""reg_lambda"": 0.9254353068921307, ""subsample"": 0.8281451557962602, ""subsample_freq"": 1}"
4,3,257,0,0.33488402393686356,0.283084118012616,0.08466714103981493,"{""colsample_bytree"": 0.5311870300883237, ""learning_rate"": 0.011127193090372703, ""max_depth"": 3, ""min_child_samples"": 12, ""num_leaves"": 12, ""reg_lambda"": 0.9254353068921307, ""subsample"": 0.8281451557962602, ""subsample_freq"": 1}"
4,3,283,0,0.40703896470632567,0.3903373894443294,0.09526145418816884,"{""colsample_bytree"": 0.5311870300883237, ""learning_rate"": 0.011127193090372703, ""max_depth"": 3, ""min_child_samples"": 12, ""num_leaves"": 12, ""reg_lambda"": 0.9254353068921307, ""subsample"": 0.8281451557962602, ""subsample_freq"": 1}"
4,3,285,0,0.276162463169227,0.23756874630055283,0.07671426196491174,"{""colsample_bytree"": 0.5311870300883237, ""learning_rate"": 0.011127193090372703, ""max_depth"": 3, ""min_child_samples"": 12, ""num_leaves"": 12, ""reg_lambda"": 0.9254353068921307, ""subsample"": 0.8281451557962602, ""subsample_freq"": 1}"
4,3,289,0,0.41027144759891954,0.3547823321450353,0.04865858076657709,"{""colsample_bytree"": 0.5311870300883237, ""learning_rate"": 0.011127193090372703, ""max_depth"": 3, ""min_child_samples"": 12, ""num_leaves"": 12, ""reg_lambda"": 0.9254353068921307, ""subsample"": 0.8281451557962602, ""subsample_freq"": 1}"
4,3,298,1,0.7586074871640125,0.8165581839251006,0.04166129438021598,"{""colsample_bytree"": 0.5311870300883237, ""learning_rate"": 0.011127193090372703, ""max_depth"": 3, ""min_child_samples"": 12, ""num_leaves"": 12, ""reg_lambda"": 0.9254353068921307, ""subsample"": 0.8281451557962602, ""subsample_freq"": 1}"
4,3,301,0,0.2679303369414369,0.1824146544195146,0.07209542537634495,"{""colsample_bytree"": 0.5311870300883237, ""learning_rate"": 0.011127193090372703, ""max_depth"": 3, ""min_child_samples"": 12, ""num_leaves"": 12, ""reg_lambda"": 0.9254353068921307, ""subsample"": 0.8281451557962602, ""subsample_freq"": 1}"
4,3,302,1,0.6364766400271546,0.6596587080216509,0.06670722598798758,"{""colsample_bytree"": 0.5311870300883237, ""learning_rate"": 0.011127193090372703, ""max_depth"": 3, ""min_child_samples"": 12, ""num_leaves"": 12, ""reg_lambda"": 0.9254353068921307, ""subsample"": 0.8281451557962602, ""subsample_freq"": 1}"
4,4,3,0,0.3745706333626379,0.33824278339379593,0.06241256984772085,"{""colsample_bytree"": 0.8492155729054194, ""learning_rate"": 0.014376180530422151, ""max_depth"": 2, ""min_child_samples"": 18, ""num_leaves"": 12, ""reg_lambda"": 0.680570180358003, ""subsample"": 0.8599419150245193, ""subsample_freq"": 1}"
4,4,7,1,0.9001183700204175,0.9073148684277402,0.041481872312067514,"{""colsample_bytree"": 0.8492155729054194, ""learning_rate"": 0.014376180530422151, ""max_depth"": 2, ""min_child_samples"": 18, ""num_leaves"": 12, ""reg_lambda"": 0.680570180358003, ""subsample"": 0.8599419150245193, ""subsample_freq"": 1}"
4,4,15,1,0.7512324455329241,0.7422954761670114,0.07004270195258515,"{""colsample_bytree"": 0.8492155729054194, ""learning_rate"": 0.014376180530422151, ""max_depth"": 2, ""min_child_samples"": 18, ""num_leaves"": 12, ""reg_lambda"": 0.680570180358003, ""subsample"": 0.8599419150245193, ""subsample_freq"": 1}"
4,4,20,0,0.2942740126205721,0.26493631088612296,0.06454522210885799,"{""colsample_bytree"": 0.8492155729054194, ""learning_rate"": 0.014376180530422151, ""max_depth"": 2, ""min_child_samples"": 18, ""num_leaves"": 12, ""reg_lambda"": 0.680570180358003, ""subsample"": 0.8599419150245193, ""subsample_freq"": 1}"
4,4,23,1,0.8382180105494618,0.8454119206327931,0.062357125664539374,"{""colsample_bytree"": 0.8492155729054194, ""learning_rate"": 0.014376180530422151, ""max_depth"": 2, ""min_child_samples"": 18, ""num_leaves"": 12, ""reg_lambda"": 0.680570180358003, ""subsample"": 0.8599419150245193, ""subsample_freq"": 1}"
4,4,28,1,0.9057356951040012,0.9030602058298356,0.03735947660344816,"{""colsample_bytree"": 0.8492155729054194, ""learning_rate"": 0.014376180530422151, ""max_depth"": 2, ""min_child_samples"": 18, ""num_leaves"": 12, ""reg_lambda"": 0.680570180358003, ""subsample"": 0.8599419150245193, ""subsample_freq"": 1}"
4,4,35,0,0.22777202477542094,0.18264259269137076,0.04400844320000393,"{""colsample_bytree"": 0.8492155729054194, ""learning_rate"": 0.014376180530422151, ""max_depth"": 2, ""min_child_samples"": 18, ""num_leaves"": 12, ""reg_lambda"": 0.680570180358003, ""subsample"": 0.8599419150245193, ""subsample_freq"": 1}"
4,4,39,1,0.8943527385833919,0.8849854675518127,0.020701118473306718,"{""colsample_bytree"": 0.8492155729054194, ""learning_rate"": 0.014376180530422151, ""max_depth"": 2, ""min_child_samples"": 18, ""num_leaves"": 12, ""reg_lambda"": 0.680570180358003, ""subsample"": 0.8599419150245193, ""subsample_freq"": 1}"
4,4,45,1,0.8939169368322226,0.8967947371902291,0.03519525931251605,"{""colsample_bytree"": 0.8492155729054194, ""learning_rate"": 0.014376180530422151, ""max_depth"": 2, ""min_child_samples"": 18, ""num_leaves"": 12, ""reg_lambda"": 0.680570180358003, ""subsample"": 0.8599419150245193, ""subsample_freq"": 1}"
4,4,51,1,0.7209566457359203,0.7275278750566982,0.03520294191723178,"{""colsample_bytree"": 0.8492155729054194, ""learning_rate"": 0.014376180530422151, ""max_depth"": 2, ""min_child_samples"": 18, ""num_leaves"": 12, ""reg_lambda"": 0.680570180358003, ""subsample"": 0.8599419150245193, ""subsample_freq"": 1}"
4,4,58,1,0.3292067987957594,0.25864545731024835,0.06393707052340666,"{""colsample_bytree"": 0.8492155729054194, ""learning_rate"": 0.014376180530422151, ""max_depth"": 2, ""min_child_samples"": 18, ""num_leaves"": 12, ""reg_lambda"": 0.680570180358003, ""subsample"": 0.8599419150245193, ""subsample_freq"": 1}"
4,4,63,1,0.7006217059614879,0.6705785717817679,0.12946585493744597,"{""colsample_bytree"": 0.8492155729054194, ""learning_rate"": 0.014376180530422151, ""max_depth"": 2, ""min_child_samples"": 18, ""num_leaves"": 12, ""reg_lambda"": 0.680570180358003, ""subsample"": 0.8599419150245193, ""subsample_freq"": 1}"
4,4,66,1,0.9052493897393235,0.8855451023329989,0.030857124193808223,"{""colsample_bytree"": 0.8492155729054194, ""learning_rate"": 0.014376180530422151, ""max_depth"": 2, ""min_child_samples"": 18, ""num_leaves"": 12, ""reg_lambda"": 0.680570180358003, ""subsample"": 0.8599419150245193, ""subsample_freq"": 1}"
4,4,89,1,0.7148320081029341,0.7552753788498853,0.0595604246897113,"{""colsample_bytree"": 0.8492155729054194, ""learning_rate"": 0.014376180530422151, ""max_depth"": 2, ""min_child_samples"": 18, ""num_leaves"": 12, ""reg_lambda"": 0.680570180358003, ""subsample"": 0.8599419150245193, ""subsample_freq"": 1}"
4,4,92,1,0.796695540964963,0.818100563166792,0.05166303726263475,"{""colsample_bytree"": 0.8492155729054194, ""learning_rate"": 0.014376180530422151, ""max_depth"": 2, ""min_child_samples"": 18, ""num_leaves"": 12, ""reg_lambda"": 0.680570180358003, ""subsample"": 0.8599419150245193, ""subsample_freq"": 1}"
4,4,94,1,0.8877597865457499,0.8885718917166381,0.02866725575016036,"{""colsample_bytree"": 0.8492155729054194, ""learning_rate"": 0.014376180530422151, ""max_depth"": 2, ""min_child_samples"": 18, ""num_leaves"": 12, ""reg_lambda"": 0.680570180358003, ""subsample"": 0.8599419150245193, ""subsample_freq"": 1}"
4,4,103,1,0.9106732356716488,0.9056719175594911,0.028844354836208938,"{""colsample_bytree"": 0.8492155729054194, ""learning_rate"": 0.014376180530422151, ""max_depth"": 2, ""min_child_samples"": 18, ""num_leaves"": 12, ""reg_lambda"": 0.680570180358003, ""subsample"": 0.8599419150245193, ""subsample_freq"": 1}"
4,4,112,0,0.732071278575402,0.7358029408383711,0.06879660783446863,"{""colsample_bytree"": 0.8492155729054194, ""learning_rate"": 0.014376180530422151, ""max_depth"": 2, ""min_child_samples"": 18, ""num_leaves"": 12, ""reg_lambda"": 0.680570180358003, ""subsample"": 0.8599419150245193, ""subsample_freq"": 1}"
4,4,115,0,0.619407484217841,0.6269095628091691,0.07425176811424762,"{""colsample_bytree"": 0.8492155729054194, ""learning_rate"": 0.014376180530422151, ""max_depth"": 2, ""min_child_samples"": 18, ""num_leaves"": 12, ""reg_lambda"": 0.680570180358003, ""subsample"": 0.8599419150245193, ""subsample_freq"": 1}"
4,4,122,0,0.7236588848517607,0.7280751913381339,0.07284398438561276,"{""colsample_bytree"": 0.8492155729054194, ""learning_rate"": 0.014376180530422151, ""max_depth"": 2, ""min_child_samples"": 18, ""num_leaves"": 12, ""reg_lambda"": 0.680570180358003, ""subsample"": 0.8599419150245193, ""subsample_freq"": 1}"
4,4,123,1,0.44463320179947435,0.4008203594156365,0.06803145557913323,"{""colsample_bytree"": 0.8492155729054194, ""learning_rate"": 0.014376180530422151, ""max_depth"": 2, ""min_child_samples"": 18, ""num_leaves"": 12, ""reg_lambda"": 0.680570180358003, ""subsample"": 0.8599419150245193, ""subsample_freq"": 1}"
4,4,126,1,0.750506826849873,0.7600194790861944,0.10034466348134696,"{""colsample_bytree"": 0.8492155729054194, ""learning_rate"": 0.014376180530422151, ""max_depth"": 2, ""min_child_samples"": 18, ""num_leaves"": 12, ""reg_lambda"": 0.680570180358003, ""subsample"": 0.8599419150245193, ""subsample_freq"": 1}"
4,4,127,1,0.881567669613825,0.8727913088671524,0.04068998496109835,"{""colsample_bytree"": 0.8492155729054194, ""learning_rate"": 0.014376180530422151, ""max_depth"": 2, ""min_child_samples"": 18, ""num_leaves"": 12, ""reg_lambda"": 0.680570180358003, ""subsample"": 0.8599419150245193, ""subsample_freq"": 1}"
4,4,133,0,0.5282852944561807,0.5011083670384888,0.0987857706995355,"{""colsample_bytree"": 0.8492155729054194, ""learning_rate"": 0.014376180530422151, ""max_depth"": 2, ""min_child_samples"": 18, ""num_leaves"": 12, ""reg_lambda"": 0.680570180358003, ""subsample"": 0.8599419150245193, ""subsample_freq"": 1}"
4,4,143,0,0.13783770418026822,0.11535374734249186,0.04759735293793374,"{""colsample_bytree"": 0.8492155729054194, ""learning_rate"": 0.014376180530422151, ""max_depth"": 2, ""min_child_samples"": 18, ""num_leaves"": 12, ""reg_lambda"": 0.680570180358003, ""subsample"": 0.8599419150245193, ""subsample_freq"": 1}"
4,4,144,1,0.749955597064791,0.774988202068343,0.04462748117272001,"{""colsample_bytree"": 0.8492155729054194, ""learning_rate"": 0.014376180530422151, ""max_depth"": 2, ""min_child_samples"": 18, ""num_leaves"": 12, ""reg_lambda"": 0.680570180358003, ""subsample"": 0.8599419150245193, ""subsample_freq"": 1}"
4,4,153,0,0.37753923134056655,0.37242961365618654,0.09273062418828913,"{""colsample_bytree"": 0.8492155729054194, ""learning_rate"": 0.014376180530422151, ""max_depth"": 2, ""min_child_samples"": 18, ""num_leaves"": 12, ""reg_lambda"": 0.680570180358003, ""subsample"": 0.8599419150245193, ""subsample_freq"": 1}"
4,4,156,1,0.5946161878887297,0.6070302034129902,0.09586392556666049,"{""colsample_bytree"": 0.8492155729054194, ""learning_rate"": 0.014376180530422151, ""max_depth"": 2, ""min_child_samples"": 18, ""num_leaves"": 12, ""reg_lambda"": 0.680570180358003, ""subsample"": 0.8599419150245193, ""subsample_freq"": 1}"
4,4,158,0,0.4760303299058606,0.4970224017164183,0.10968799963619454,"{""colsample_bytree"": 0.8492155729054194, ""learning_rate"": 0.014376180530422151, ""max_depth"": 2, ""min_child_samples"": 18, ""num_leaves"": 12, ""reg_lambda"": 0.680570180358003, ""subsample"": 0.8599419150245193, ""subsample_freq"": 1}"
4,4,159,1,0.8891689344514391,0.8987370670164572,0.04847937461555825,"{""colsample_bytree"": 0.8492155729054194, ""learning_rate"": 0.014376180530422151, ""max_depth"": 2, ""min_child_samples"": 18, ""num_leaves"": 12, ""reg_lambda"": 0.680570180358003, ""subsample"": 0.8599419150245193, ""subsample_freq"": 1}"
4,4,160,0,0.7665255642684552,0.784516788544732,0.09557180642221728,"{""colsample_bytree"": 0.8492155729054194, ""learning_rate"": 0.014376180530422151, ""max_depth"": 2, ""min_child_samples"": 18, ""num_leaves"": 12, ""reg_lambda"": 0.680570180358003, ""subsample"": 0.8599419150245193, ""subsample_freq"": 1}"
4,4,162,1,0.8035531092731143,0.8590848436683164,0.05875423035120235,"{""colsample_bytree"": 0.8492155729054194, ""learning_rate"": 0.014376180530422151, ""max_depth"": 2, ""min_child_samples"": 18, ""num_leaves"": 12, ""reg_lambda"": 0.680570180358003, ""subsample"": 0.8599419150245193, ""subsample_freq"": 1}"
4,4,165,1,0.6415001143257044,0.6277494543745911,0.10134513716315453,"{""colsample_bytree"": 0.8492155729054194, ""learning_rate"": 0.014376180530422151, ""max_depth"": 2, ""min_child_samples"": 18, ""num_leaves"": 12, ""reg_lambda"": 0.680570180358003, ""subsample"": 0.8599419150245193, ""subsample_freq"": 1}"
4,4,173,1,0.7753899113901629,0.7496924004988579,0.08689228401595901,"{""colsample_bytree"": 0.8492155729054194, ""learning_rate"": 0.014376180530422151, ""max_depth"": 2, ""min_child_samples"": 18, ""num_leaves"": 12, ""reg_lambda"": 0.680570180358003, ""subsample"": 0.8599419150245193, ""subsample_freq"": 1}"
4,4,180,1,0.35535771115535636,0.35686399120151685,0.11598316595532901,"{""colsample_bytree"": 0.8492155729054194, ""learning_rate"": 0.014376180530422151, ""max_depth"": 2, ""min_child_samples"": 18, ""num_leaves"": 12, ""reg_lambda"": 0.680570180358003, ""subsample"": 0.8599419150245193, ""subsample_freq"": 1}"
4,4,190,0,0.7311907326509988,0.6310008102265384,0.10003235073177055,"{""colsample_bytree"": 0.8492155729054194, ""learning_rate"": 0.014376180530422151, ""max_depth"": 2, ""min_child_samples"": 18, ""num_leaves"": 12, ""reg_lambda"": 0.680570180358003, ""subsample"": 0.8599419150245193, ""subsample_freq"": 1}"
4,4,196,0,0.2235994008362186,0.21790277361510255,0.05548058093491352,"{""colsample_bytree"": 0.8492155729054194, ""learning_rate"": 0.014376180530422151, ""max_depth"": 2, ""min_child_samples"": 18, ""num_leaves"": 12, ""reg_lambda"": 0.680570180358003, ""subsample"": 0.8599419150245193, ""subsample_freq"": 1}"
4,4,205,0,0.2455125749486823,0.25078792625720336,0.08521736653544104,"{""colsample_bytree"": 0.8492155729054194, ""learning_rate"": 0.014376180530422151, ""max_depth"": 2, ""min_child_samples"": 18, ""num_leaves"": 12, ""reg_lambda"": 0.680570180358003, ""subsample"": 0.8599419150245193, ""subsample_freq"": 1}"
4,4,206,1,0.7060720598930376,0.7286975205391856,0.06584149186892169,"{""colsample_bytree"": 0.8492155729054194, ""learning_rate"": 0.014376180530422151, ""max_depth"": 2, ""min_child_samples"": 18, ""num_leaves"": 12, ""reg_lambda"": 0.680570180358003, ""subsample"": 0.8599419150245193, ""subsample_freq"": 1}"
4,4,207,1,0.7242031607879931,0.6636520844253836,0.07327148715737093,"{""colsample_bytree"": 0.8492155729054194, ""learning_rate"": 0.014376180530422151, ""max_depth"": 2, ""min_child_samples"": 18, ""num_leaves"": 12, ""reg_lambda"": 0.680570180358003, ""subsample"": 0.8599419150245193, ""subsample_freq"": 1}"
4,4,210,0,0.1634220982102694,0.14126160217583528,0.0474171178801735,"{""colsample_bytree"": 0.8492155729054194, ""learning_rate"": 0.014376180530422151, ""max_depth"": 2, ""min_child_samples"": 18, ""num_leaves"": 12, ""reg_lambda"": 0.680570180358003, ""subsample"": 0.8599419150245193, ""subsample_freq"": 1}"
4,4,213,0,0.6256590550792578,0.6806500978377343,0.08683905790912681,"{""colsample_bytree"": 0.8492155729054194, ""learning_rate"": 0.014376180530422151, ""max_depth"": 2, ""min_child_samples"": 18, ""num_leaves"": 12, ""reg_lambda"": 0.680570180358003, ""subsample"": 0.8599419150245193, ""subsample_freq"": 1}"
4,4,215,1,0.7776777952516943,0.782133308459281,0.07018535288050023,"{""colsample_bytree"": 0.8492155729054194, ""learning_rate"": 0.014376180530422151, ""max_depth"": 2, ""min_child_samples"": 18, ""num_leaves"": 12, ""reg_lambda"": 0.680570180358003, ""subsample"": 0.8599419150245193, ""subsample_freq"": 1}"
4,4,218,0,0.25154320961894966,0.25426973836155664,0.08992417760765235,"{""colsample_bytree"": 0.8492155729054194, ""learning_rate"": 0.014376180530422151, ""max_depth"": 2, ""min_child_samples"": 18, ""num_leaves"": 12, ""reg_lambda"": 0.680570180358003, ""subsample"": 0.8599419150245193, ""subsample_freq"": 1}"
4,4,222,1,0.6961300963160169,0.7345106831992002,0.061725761063734536,"{""colsample_bytree"": 0.8492155729054194, ""learning_rate"": 0.014376180530422151, ""max_depth"": 2, ""min_child_samples"": 18, ""num_leaves"": 12, ""reg_lambda"": 0.680570180358003, ""subsample"": 0.8599419150245193, ""subsample_freq"": 1}"
4,4,229,1,0.6079057139295645,0.6578475828176407,0.08515232720203213,"{""colsample_bytree"": 0.8492155729054194, ""learning_rate"": 0.014376180530422151, ""max_depth"": 2, ""min_child_samples"": 18, ""num_leaves"": 12, ""reg_lambda"": 0.680570180358003, ""subsample"": 0.8599419150245193, ""subsample_freq"": 1}"
4,4,235,1,0.9078627568544784,0.8934482072259661,0.03973458650550846,"{""colsample_bytree"": 0.8492155729054194, ""learning_rate"": 0.014376180530422151, ""max_depth"": 2, ""min_child_samples"": 18, ""num_leaves"": 12, ""reg_lambda"": 0.680570180358003, ""subsample"": 0.8599419150245193, ""subsample_freq"": 1}"
4,4,236,1,0.6536029304198968,0.5757971635056778,0.10704345670176632,"{""colsample_bytree"": 0.8492155729054194, ""learning_rate"": 0.014376180530422151, ""max_depth"": 2, ""min_child_samples"": 18, ""num_leaves"": 12, ""reg_lambda"": 0.680570180358003, ""subsample"": 0.8599419150245193, ""subsample_freq"": 1}"
4,4,241,1,0.3651598728587731,0.3441691887576636,0.05252739672953834,"{""colsample_bytree"": 0.8492155729054194, ""learning_rate"": 0.014376180530422151, ""max_depth"": 2, ""min_child_samples"": 18, ""num_leaves"": 12, ""reg_lambda"": 0.680570180358003, ""subsample"": 0.8599419150245193, ""subsample_freq"": 1}"
4,4,261,0,0.1592174874059973,0.14079493790960432,0.05432929394982171,"{""colsample_bytree"": 0.8492155729054194, ""learning_rate"": 0.014376180530422151, ""max_depth"": 2, ""min_child_samples"": 18, ""num_leaves"": 12, ""reg_lambda"": 0.680570180358003, ""subsample"": 0.8599419150245193, ""subsample_freq"": 1}"
4,4,269,1,0.7529524558626279,0.799898621079248,0.04885165394121609,"{""colsample_bytree"": 0.8492155729054194, ""learning_rate"": 0.014376180530422151, ""max_depth"": 2, ""min_child_samples"": 18, ""num_leaves"": 12, ""reg_lambda"": 0.680570180358003, ""subsample"": 0.8599419150245193, ""subsample_freq"": 1}"
4,4,270,0,0.18073934717159798,0.16845985268277283,0.04946573670908634,"{""colsample_bytree"": 0.8492155729054194, ""learning_rate"": 0.014376180530422151, ""max_depth"": 2, ""min_child_samples"": 18, ""num_leaves"": 12, ""reg_lambda"": 0.680570180358003, ""subsample"": 0.8599419150245193, ""subsample_freq"": 1}"
4,4,271,1,0.9098256777507023,0.9119681862621143,0.05526278877871971,"{""colsample_bytree"": 0.8492155729054194, ""learning_rate"": 0.014376180530422151, ""max_depth"": 2, ""min_child_samples"": 18, ""num_leaves"": 12, ""reg_lambda"": 0.680570180358003, ""subsample"": 0.8599419150245193, ""subsample_freq"": 1}"
4,4,277,1,0.8819687944795856,0.8873373269065079,0.040482677599763636,"{""colsample_bytree"": 0.8492155729054194, ""learning_rate"": 0.014376180530422151, ""max_depth"": 2, ""min_child_samples"": 18, ""num_leaves"": 12, ""reg_lambda"": 0.680570180358003, ""subsample"": 0.8599419150245193, ""subsample_freq"": 1}"
4,4,278,0,0.8031705769513106,0.8203408284819578,0.06090483639543392,"{""colsample_bytree"": 0.8492155729054194, ""learning_rate"": 0.014376180530422151, ""max_depth"": 2, ""min_child_samples"": 18, ""num_leaves"": 12, ""reg_lambda"": 0.680570180358003, ""subsample"": 0.8599419150245193, ""subsample_freq"": 1}"
4,4,279,0,0.5799715271979591,0.5813464856452284,0.05916276645930775,"{""colsample_bytree"": 0.8492155729054194, ""learning_rate"": 0.014376180530422151, ""max_depth"": 2, ""min_child_samples"": 18, ""num_leaves"": 12, ""reg_lambda"": 0.680570180358003, ""subsample"": 0.8599419150245193, ""subsample_freq"": 1}"
4,4,284,0,0.458620414448827,0.447652443348339,0.06677126193599926,"{""colsample_bytree"": 0.8492155729054194, ""learning_rate"": 0.014376180530422151, ""max_depth"": 2, ""min_child_samples"": 18, ""num_leaves"": 12, ""reg_lambda"": 0.680570180358003, ""subsample"": 0.8599419150245193, ""subsample_freq"": 1}"
4,4,288,0,0.4887243272011767,0.46047748868467453,0.12574167383314275,"{""colsample_bytree"": 0.8492155729054194, ""learning_rate"": 0.014376180530422151, ""max_depth"": 2, ""min_child_samples"": 18, ""num_leaves"": 12, ""reg_lambda"": 0.680570180358003, ""subsample"": 0.8599419150245193, ""subsample_freq"": 1}"
4,4,290,0,0.26085709786273437,0.23125548690800687,0.05777335556210341,"{""colsample_bytree"": 0.8492155729054194, ""learning_rate"": 0.014376180530422151, ""max_depth"": 2, ""min_child_samples"": 18, ""num_leaves"": 12, ""reg_lambda"": 0.680570180358003, ""subsample"": 0.8599419150245193, ""subsample_freq"": 1}"
4,4,297,0,0.33238377304553973,0.31539484922697336,0.14733741432694278,"{""colsample_bytree"": 0.8492155729054194, ""learning_rate"": 0.014376180530422151, ""max_depth"": 2, ""min_child_samples"": 18, ""num_leaves"": 12, ""reg_lambda"": 0.680570180358003, ""subsample"": 0.8599419150245193, ""subsample_freq"": 1}"
