repeat,fold,idx,y,p_base,p,spread,params
0,0,0,0,0.17728846507819335,0.13033859116294394,0.05081271615811473,"{""C"": 0.2801635158716261, ""class_weight"": ""balanced"", ""l1_ratio"": 1.0}"
0,0,5,1,0.4603442365548378,0.3295684212158548,0.02425168527650595,"{""C"": 0.2801635158716261, ""class_weight"": ""balanced"", ""l1_ratio"": 1.0}"
0,0,8,0,0.09103813773089013,0.07302880916286424,0.042836988238611234,"{""C"": 0.2801635158716261, ""class_weight"": ""balanced"", ""l1_ratio"": 1.0}"
0,0,9,1,0.5645323294147986,0.4253807601723117,0.04632440820059438,"{""C"": 0.2801635158716261, ""class_weight"": ""balanced"", ""l1_ratio"": 1.0}"
0,0,10,1,0.6598195921483379,0.5257416410472251,0.03955279123720172,"{""C"": 0.2801635158716261, ""class_weight"": ""balanced"", ""l1_ratio"": 1.0}"
0,0,12,0,0.841215090292369,0.7568825608665597,0.0854405283175492,"{""C"": 0.2801635158716261, ""class_weight"": ""balanced"", ""l1_ratio"": 1.0}"
0,0,26,0,0.3088231849402301,0.22149011473531646,0.03411317722735007,"{""C"": 0.2801635158716261, ""class_weight"": ""balanced"", ""l1_ratio"": 1.0}"
0,0,29,1,0.8465291727424215,0.7361339159449408,0.10446116375815123,"{""C"": 0.2801635158716261, ""class_weight"": ""balanced"", ""l1_ratio"": 1.0}"
0,0,30,0,0.7750984800449697,0.6548726466914887,0.08183431405734558,"{""C"": 0.2801635158716261, ""class_weight"": ""balanced"", ""l1_ratio"": 1.0}"
0,0,33,1,0.5092254091619152,0.43545937778742766,0.14574391288102082,"{""C"": 0.2801635158716261, ""class_weight"": ""balanced"", ""l1_ratio"": 1.0}"
0,0,42,0,0.2172640536036203,0.1577216018563964,0.0644494257956729,"{""C"": 0.2801635158716261, ""class_weight"": ""balanced"", ""l1_ratio"": 1.0}"
0,0,43,0,0.521401207822855,0.419077784166962,0.08760517638695027,"{""C"": 0.2801635158716261, ""class_weight"": ""balanced"", ""l1_ratio"": 1.0}"
0,0,45,1,0.42745570280574763,0.36194824942135945,0.14131004230334124,"{""C"": 0.2801635158716261, ""class_weight"": ""balanced"", ""l1_ratio"": 1.0}"
0,0,46,1,0.40129883659179344,0.28488105762333726,0.06423892325730601,"{""C"": 0.2801635158716261, ""class_weight"": ""balanced"", ""l1_ratio"": 1.0}"
0,0,47,1,0.8111636484252244,0.6935133086602885,0.04040195118864739,"{""C"": 0.2801635158716261, ""class_weight"": ""balanced"", ""l1_ratio"": 1.0}"
0,0,49,0,0.38159183400506974,0.2834062167611292,0.03379629876915012,"{""C"": 0.2801635158716261, ""class_weight"": ""balanced"", ""l1_ratio"": 1.0}"
0,0,59,1,0.6486668872503375,0.5390527782375341,0.10266232809867983,"{""C"": 0.2801635158716261, ""class_weight"": ""balanced"", ""l1_ratio"": 1.0}"
0,0,66,0,0.5255308622342525,0.43099507115054536,0.08833512935045125,"{""C"": 0.2801635158716261, ""class_weight"": ""balanced"", ""l1_ratio"": 1.0}"
0,0,72,0,0.438747433800072,0.31331881030837194,0.06839924551344212,"{""C"": 0.2801635158716261, ""class_weight"": ""balanced"", ""l1_ratio"": 1.0}"
0,0,73,0,0.6994862170875781,0.5784201429561253,0.05399113464785197,"{""C"": 0.2801635158716261, ""class_weight"": ""balanced"", ""l1_ratio"": 1.0}"
0,0,78,1,0.5184780117362835,0.41145173839004584,0.05012366392343871,"{""C"": 0.2801635158716261, ""class_weight"": ""balanced"", ""l1_ratio"": 1.0}"
0,0,85,1,0.4074170653190801,0.2892581760260605,0.06710148053953033,"{""C"": 0.2801635158716261, ""class_weight"": ""balanced"", ""l1_ratio"": 1.0}"
0,0,101,1,0.8602267655156973,0.7714432975304268,0.08461853598428705,"{""C"": 0.2801635158716261, ""class_weight"": ""balanced"", ""l1_ratio"": 1.0}"
0,0,102,0,0.22077071608980886,0.1593122984209523,0.03513103377452485,"{""C"": 0.2801635158716261, ""class_weight"": ""balanced"", ""l1_ratio"": 1.0}"
0,0,112,1,0.6271580630764878,0.5096729547311334,0.08581501082823305,"{""C"": 0.2801635158716261, ""class_weight"": ""balanced"", ""l1_ratio"": 1.0}"
0,0,121,0,0.8174105768552123,0.7343629945098262,0.08455024797849936,"{""C"": 0.2801635158716261, ""class_weight"": ""balanced"", ""l1_ratio"": 1.0}"
0,0,122,1,0.6019858575243411,0.5361670544460043,0.10637648493841499,"{""C"": 0.2801635158716261, ""class_weight"": ""balanced"", ""l1_ratio"": 1.0}"
0,0,129,0,0.32403426407067043,0.23280204707474086,0.05163438411954323,"{""C"": 0.2801635158716261, ""class_weight"": ""balanced"", ""l1_ratio"": 1.0}"
0,0,131,0,0.4851326486677644,0.3757759415777032,0.05869558075474685,"{""C"": 0.2801635158716261, ""class_weight"": ""balanced"", ""l1_ratio"": 1.0}"
0,0,135,0,0.6281613306084445,0.5014978321980049,0.10913110326624186,"{""C"": 0.2801635158716261, ""class_weight"": ""balanced"", ""l1_ratio"": 1.0}"
0,0,140,0,0.34055166151487054,0.26540079241296316,0.07296965296644552,"{""C"": 0.2801635158716261, ""class_weight"": ""balanced"", ""l1_ratio"": 1.0}"
0,0,141,0,0.4235495738349178,0.3499739485051002,0.12918002654046026,"{""C"": 0.2801635158716261, ""class_weight"": ""balanced"", ""l1_ratio"": 1.0}"
0,0,146,0,0.874970204654227,0.7884505741823578,0.10285603839547522,"{""C"": 0.2801635158716261, ""class_weight"": ""balanced"", ""l1_ratio"": 1.0}"
0,0,147,1,0.8164248861699314,0.6525961794074736,0.16872562131007562,"{""C"": 0.2801635158716261, ""class_weight"": ""balanced"", ""l1_ratio"": 1.0}"
0,0,150,0,0.2618041703118053,0.17322012674507473,0.043788360539871306,"{""C"": 0.2801635158716261, ""class_weight"": ""balanced"", ""l1_ratio"": 1.0}"
0,0,157,1,0.3283337351144582,0.2532976540773798,0.03745146243124662,"{""C"": 0.2801635158716261, ""class_weight"": ""balanced"", ""l1_ratio"": 1.0}"
0,0,158,1,0.41464811903594,0.35162638292308435,0.1100704977023102,"{""C"": 0.2801635158716261, ""class_weight"": ""balanced"", ""l1_ratio"": 1.0}"
0,0,159,0,0.7136419989545735,0.6136367477586224,0.08835261391485702,"{""C"": 0.2801635158716261, ""class_weight"": ""balanced"", ""l1_ratio"": 1.0}"
0,0,162,0,0.5423659395221351,0.43435757811471587,0.04882192646949863,"{""C"": 0.2801635158716261, ""class_weight"": ""balanced"", ""l1_ratio"": 1.0}"
0,0,172,0,0.719804326911035,0.5916542149148689,0.05702941295368088,"{""C"": 0.2801635158716261, ""class_weight"": ""balanced"", ""l1_ratio"": 1.0}"
0,0,174,1,0.7678350065862617,0.6691312706953421,0.12367180737162586,"{""C"": 0.2801635158716261, ""class_weight"": ""balanced"", ""l1_ratio"": 1.0}"
0,0,180,0,0.3761327210065737,0.2835325116193648,0.02602484913026901,"{""C"": 0.2801635158716261, ""class_weight"": ""balanced"", ""l1_ratio"": 1.0}"
0,0,183,0,0.5192589030192014,0.3788219339939679,0.044952645357657244,"{""C"": 0.2801635158716261, ""class_weight"": ""balanced"", ""l1_ratio"": 1.0}"
0,0,205,0,0.3250945956144595,0.2392140298135934,0.03991871638280223,"{""C"": 0.2801635158716261, ""class_weight"": ""balanced"", ""l1_ratio"": 1.0}"
0,0,216,0,0.47063142162918237,0.35320409430502303,0.026548523559076852,"{""C"": 0.2801635158716261, ""class_weight"": ""balanced"", ""l1_ratio"": 1.0}"
0,0,219,1,0.17807231278510194,0.12730750863083756,0.03753119941656994,"{""C"": 0.2801635158716261, ""class_weight"": ""balanced"", ""l1_ratio"": 1.0}"
0,0,220,1,0.7998148474072847,0.7054029740025026,0.11312534877638919,"{""C"": 0.2801635158716261, ""class_weight"": ""balanced"", ""l1_ratio"": 1.0}"
0,0,224,0,0.7545266924010311,0.6523499402130304,0.07908002774054651,"{""C"": 0.2801635158716261, ""class_weight"": ""balanced"", ""l1_ratio"": 1.0}"
0,0,231,0,0.7649572020558096,0.6517917536580955,0.1137844349110015,"{""C"": 0.2801635158716261, ""class_weight"": ""balanced"", ""l1_ratio"": 1.0}"
0,0,233,0,0.33974967637904996,0.2560559413826777,0.036381585990662296,"{""C"": 0.2801635158716261, ""class_weight"": ""balanced"", ""l1_ratio"": 1.0}"
0,0,241,1,0.34180010218416484,0.26581253450220216,0.031649521360317866,"{""C"": 0.2801635158716261, ""class_weight"": ""balanced"", ""l1_ratio"": 1.0}"
0,0,243,0,0.5670703167372635,0.4297642136437997,0.02392633061229866,"{""C"": 0.2801635158716261, ""class_weight"": ""balanced"", ""l1_ratio"": 1.0}"
0,0,244,1,0.37073405662494663,0.28635453735046273,0.01693133152734543,"{""C"": 0.2801635158716261, ""class_weight"": ""balanced"", ""l1_ratio"": 1.0}"
0,0,246,1,0.920276098142193,0.8299131037995189,0.09581972509010174,"{""C"": 0.2801635158716261, ""class_weight"": ""balanced"", ""l1_ratio"": 1.0}"
0,0,247,0,0.23031063589271078,0.16918783599465625,0.058738611902624624,"{""C"": 0.2801635158716261, ""class_weight"": ""balanced"", ""l1_ratio"": 1.0}"
0,0,253,0,0.5962672627329427,0.44053839234734243,0.04716093945702525,"{""C"": 0.2801635158716261, ""class_weight"": ""balanced"", ""l1_ratio"": 1.0}"
0,0,271,0,0.7532256939185784,0.6543326125797586,0.12059848999745916,"{""C"": 0.2801635158716261, ""class_weight"": ""balanced"", ""l1_ratio"": 1.0}"
0,0,280,0,0.6262803793502524,0.4733846506025328,0.062158092451355715,"{""C"": 0.2801635158716261, ""class_weight"": ""balanced"", ""l1_ratio"": 1.0}"
0,0,294,1,0.3520422143359603,0.2594650691020946,0.06789796826968451,"{""C"": 0.2801635158716261, ""class_weight"": ""balanced"", ""l1_ratio"": 1.0}"
0,0,295,0,0.4254670282100283,0.32632955248544254,0.09207601393246669,"{""C"": 0.2801635158716261, ""class_weight"": ""balanced"", ""l1_ratio"": 1.0}"
0,0,299,0,0.2669755730141342,0.18214068863611427,0.07591717460885657,"{""C"": 0.2801635158716261, ""class_weight"": ""balanced"", ""l1_ratio"": 1.0}"
0,1,1,1,0.8158076011612729,0.7472352826180473,0.0972096708515201,"{""C"": 0.02034961622498155, ""class_weight"": ""balanced"", ""l1_ratio"": 0.0}"
0,1,2,0,0.4001102325124664,0.28476851088406063,0.0825792237606175,"{""C"": 0.02034961622498155, ""class_weight"": ""balanced"", ""l1_ratio"": 0.0}"
0,1,7,1,0.4388614880317799,0.3237433291390154,0.07420634094225606,"{""C"": 0.02034961622498155, ""class_weight"": ""balanced"", ""l1_ratio"": 0.0}"
0,1,11,1,0.5690860374880357,0.46515851683248455,0.05863273669996503,"{""C"": 0.02034961622498155, ""class_weight"": ""balanced"", ""l1_ratio"": 0.0}"
0,1,13,0,0.6794326010389024,0.5867544643904792,0.06620541874146085,"{""C"": 0.02034961622498155, ""class_weight"": ""balanced"", ""l1_ratio"": 0.0}"
0,1,21,1,0.586010395226812,0.47721632103401895,0.0745760712632067,"{""C"": 0.02034961622498155, ""class_weight"": ""balanced"", ""l1_ratio"": 0.0}"
0,1,23,0,0.6649550563763034,0.5648540141691812,0.0663034987491544,"{""C"": 0.02034961622498155, ""class_weight"": ""balanced"", ""l1_ratio"": 0.0}"
0,1,25,0,0.6142550065887872,0.5034276514218806,0.0658777146014859,"{""C"": 0.02034961622498155, ""class_weight"": ""balanced"", ""l1_ratio"": 0.0}"
0,1,27,0,0.3715397430786889,0.25965094271690753,0.02959869997395732,"{""C"": 0.02034961622498155, ""class_weight"": ""balanced"", ""l1_ratio"": 0.0}"
0,1,28,1,0.7599763437594007,0.6731486604767225,0.08267419273728636,"{""C"": 0.02034961622498155, ""class_weight"": ""balanced"", ""l1_ratio"": 0.0}"
0,1,35,0,0.3442524872852763,0.24226916107245122,0.04429895047588179,"{""C"": 0.02034961622498155, ""class_weight"": ""balanced"", ""l1_ratio"": 0.0}"
0,1,39,1,0.5191534879669466,0.3885078915672703,0.046937235950153845,"{""C"": 0.02034961622498155, ""class_weight"": ""balanced"", ""l1_ratio"": 0.0}"
0,1,48,0,0.3076095628744394,0.21763615217108442,0.059708121602826535,"{""C"": 0.02034961622498155, ""class_weight"": ""balanced"", ""l1_ratio"": 0.0}"
0,1,58,1,0.5353895077271374,0.41260081728143316,0.012825515150498894,"{""C"": 0.02034961622498155, ""class_weight"": ""balanced"", ""l1_ratio"": 0.0}"
0,1,60,0,0.34272062272424436,0.23775460469732682,0.0700028118854453,"{""C"": 0.02034961622498155, ""class_weight"": ""balanced"", ""l1_ratio"": 0.0}"
0,1,64,0,0.30525907435187666,0.21254938365411333,0.06795509773716739,"{""C"": 0.02034961622498155, ""class_weight"": ""balanced"", ""l1_ratio"": 0.0}"
0,1,68,0,0.46627079631530816,0.3364094006697403,0.028914297329127064,"{""C"": 0.02034961622498155, ""class_weight"": ""balanced"", ""l1_ratio"": 0.0}"
0,1,70,0,0.4364650186660942,0.3147130452507974,0.03155333623508602,"{""C"": 0.02034961622498155, ""class_weight"": ""balanced"", ""l1_ratio"": 0.0}"
0,1,75,0,0.45382513256114654,0.33160460908007816,0.039803747505015065,"{""C"": 0.02034961622498155, ""class_weight"": ""balanced"", ""l1_ratio"": 0.0}"
0,1,77,1,0.6718114117710852,0.5845160588578635,0.06683527270154045,"{""C"": 0.02034961622498155, ""class_weight"": ""balanced"", ""l1_ratio"": 0.0}"
0,1,82,1,0.8039473291602112,0.7397870719325187,0.09230217021912064,"{""C"": 0.02034961622498155, ""class_weight"": ""balanced"", ""l1_ratio"": 0.0}"
0,1,89,1,0.5616793608554326,0.430829680339897,0.048830741421866136,"{""C"": 0.02034961622498155, ""class_weight"": ""balanced"", ""l1_ratio"": 0.0}"
0,1,91,0,0.5690517212014409,0.46714705363088316,0.05505258816215065,"{""C"": 0.02034961622498155, ""class_weight"": ""balanced"", ""l1_ratio"": 0.0}"
0,1,95,1,0.40170649721740054,0.28469704676738045,0.07684173690771427,"{""C"": 0.02034961622498155, ""class_weight"": ""balanced"", ""l1_ratio"": 0.0}"
0,1,96,1,0.607785590932493,0.49122353424666515,0.029752318350804233,"{""C"": 0.02034961622498155, ""class_weight"": ""balanced"", ""l1_ratio"": 0.0}"
0,1,97,1,0.5588565730945666,0.44202777198234233,0.037006917262420044,"{""C"": 0.02034961622498155, ""class_weight"": ""balanced"", ""l1_ratio"": 0.0}"
0,1,98,1,0.5637410003683496,0.4428423305499146,0.024647319370048527,"{""C"": 0.02034961622498155, ""class_weight"": ""balanced"", ""l1_ratio"": 0.0}"
0,1,104,1,0.41861725082419604,0.3031635215602939,0.05076623062286861,"{""C"": 0.02034961622498155, ""class_weight"": ""balanced"", ""l1_ratio"": 0.0}"
0,1,106,0,0.5742957811848948,0.4626847736838231,0.031375512048741616,"{""C"": 0.02034961622498155, ""class_weight"": ""balanced"", ""l1_ratio"": 0.0}"
0,1,107,1,0.42174021605657513,0.3119461434359031,0.07124590541468352,"{""C"": 0.02034961622498155, ""class_weight"": ""balanced"", ""l1_ratio"": 0.0}"
0,1,115,1,0.6644387741514595,0.5585368651751039,0.03342115502666481,"{""C"": 0.02034961622498155, ""class_weight"": ""balanced"", ""l1_ratio"": 0.0}"
0,1,117,1,0.6539839222336753,0.5446984450433702,0.034884563796996296,"{""C"": 0.02034961622498155, ""class_weight"": ""balanced"", ""l1_ratio"": 0.0}"
0,1,119,1,0.5586661028825618,0.44129936461704944,0.0751571015062701,"{""C"": 0.02034961622498155, ""class_weight"": ""balanced"", ""l1_ratio"": 0.0}"
0,1,144,1,0.36252031813794566,0.25485334127727166,0.06954240191307116,"{""C"": 0.02034961622498155, ""class_weight"": ""balanced"", ""l1_ratio"": 0.0}"
0,1,166,0,0.425120065430088,0.3203445760579877,0.03286086238555241,"{""C"": 0.02034961622498155, ""class_weight"": ""balanced"", ""l1_ratio"": 0.0}"
0,1,169,0,0.3166129100203824,0.2177530888197002,0.055219584288160324,"{""C"": 0.02034961622498155, ""class_weight"": ""balanced"", ""l1_ratio"": 0.0}"
0,1,170,0,0.36011840272289375,0.25455225561394085,0.040353741727730236,"{""C"": 0.02034961622498155, ""class_weight"": ""balanced"", ""l1_ratio"": 0.0}"
0,1,173,1,0.8674639103127775,0.8114828567075977,0.08323708472910862,"{""C"": 0.02034961622498155, ""class_weight"": ""balanced"", ""l1_ratio"": 0.0}"
0,1,175,0,0.4531755694201491,0.33341935862699773,0.03673009466452083,"{""C"": 0.02034961622498155, ""class_weight"": ""balanced"", ""l1_ratio"": 0.0}"
0,1,191,0,0.3879896747636691,0.2714441777638247,0.07546556630682141,"{""C"": 0.02034961622498155, ""class_weight"": ""balanced"", ""l1_ratio"": 0.0}"
0,1,198,0,0.7025456832704889,0.6137397994120478,0.07345593585138985,"{""C"": 0.02034961622498155, ""class_weight"": ""balanced"", ""l1_ratio"": 0.0}"
0,1,203,0,0.35841373015731925,0.24744561789238068,0.03707024667155929,"{""C"": 0.02034961622498155, ""class_weight"": ""balanced"", ""l1_ratio"": 0.0}"
0,1,204,0,0.4109224957445338,0.2945954985083681,0.0328949722149166,"{""C"": 0.02034961622498155, ""class_weight"": ""balanced"", ""l1_ratio"": 0.0}"
0,1,207,0,0.5580142146682392,0.43967248075573284,0.016179821077645762,"{""C"": 0.02034961622498155, ""class_weight"": ""balanced"", ""l1_ratio"": 0.0}"
0,1,210,0,0.32383492595727803,0.21321120252506004,0.06273161588289168,"{""C"": 0.02034961622498155, ""class_weight"": ""balanced"", ""l1_ratio"": 0.0}"
0,1,215,0,0.6308095044530457,0.5167274895832928,0.053570619421180715,"{""C"": 0.02034961622498155, ""class_weight"": ""balanced"", ""l1_ratio"": 0.0}"
0,1,228,0,0.5517776866424967,0.44199176957624003,0.043441468486926114,"{""C"": 0.02034961622498155, ""class_weight"": ""balanced"", ""l1_ratio"": 0.0}"
0,1,245,1,0.41412525431376207,0.3038823893310618,0.053356677002739446,"{""C"": 0.02034961622498155, ""class_weight"": ""balanced"", ""l1_ratio"": 0.0}"
0,1,250,0,0.5698753394491947,0.44569987058672417,0.015550845450237204,"{""C"": 0.02034961622498155, ""class_weight"": ""balanced"", ""l1_ratio"": 0.0}"
0,1,254,0,0.27689060940329335,0.1890433831323804,0.040727425498521916,"{""C"": 0.02034961622498155, ""class_weight"": ""balanced"", ""l1_ratio"": 0.0}"
0,1,259,0,0.43227240466003003,0.3052988946822036,0.05994257623885535,"{""C"": 0.02034961622498155, ""class_weight"": ""balanced"", ""l1_ratio"": 0.0}"
0,1,261,0,0.28382365808817756,0.1875661397460851,0.05568831693823041,"{""C"": 0.02034961622498155, ""class_weight"": ""balanced"", ""l1_ratio"": 0.0}"
0,1,263,0,0.24933265803396287,0.163798237244995,0.05821593225607057,"{""C"": 0.02034961622498155, ""class_weight"": ""balanced"", ""l1_ratio"": 0.0}"
0,1,268,0,0.27560951125335736,0.18467887715134265,0.060940073650420125,"{""C"": 0.02034961622498155, ""class_weight"": ""balanced"", ""l1_ratio"": 0.0}"
0,1,269,0,0.5840370842777611,0.4614362692535603,0.04830450875157132,"{""C"": 0.02034961622498155, ""class_weight"": ""balanced"", ""l1_ratio"": 0.0}"
0,1,272,0,0.5171160130403638,0.39924720425668836,0.060518064290853726,"{""C"": 0.02034961622498155, ""class_weight"": ""balanced"", ""l1_ratio"": 0.0}"
0,1,276,0,0.4151128485012145,0.29697091587774443,0.04232526894801253,"{""C"": 0.02034961622498155, ""class_weight"": ""balanced"", ""l1_ratio"": 0.0}"
0,1,279,1,0.3720882596615117,0.26156869011270933,0.054726664386243004,"{""C"": 0.02034961622498155, ""class_weight"": ""balanced"", ""l1_ratio"": 0.0}"
0,1,282,0,0.5563387749532089,0.436130873967675,0.02071663109933183,"{""C"": 0.02034961622498155, ""class_weight"": ""balanced"", ""l1_ratio"": 0.0}"
0,1,296,0,0.2782643685246676,0.1850375187082457,0.07138327702114614,"{""C"": 0.02034961622498155, ""class_weight"": ""balanced"", ""l1_ratio"": 0.0}"
0,1,298,1,0.4714405117981752,0.34388992313260136,0.040563196226767406,"{""C"": 0.02034961622498155, ""class_weight"": ""balanced"", ""l1_ratio"": 0.0}"
0,2,16,0,0.4011241375780032,0.3238283725349477,0.04654660035877645,"{""C"": 0.05135776127610299, ""class_weight"": ""balanced"", ""l1_ratio"": 0.0}"
0,2,17,0,0.4900344049969228,0.3849531055193397,0.07022773159682408,"{""C"": 0.05135776127610299, ""class_weight"": ""balanced"", ""l1_ratio"": 0.0}"
0,2,19,1,0.6427408671789396,0.5166982718926673,0.07735805211587941,"{""C"": 0.05135776127610299, ""class_weight"": ""balanced"", ""l1_ratio"": 0.0}"
0,2,31,1,0.5589540821593945,0.4664130006155605,0.06880517919353209,"{""C"": 0.05135776127610299, ""class_weight"": ""balanced"", ""l1_ratio"": 0.0}"
0,2,34,0,0.5923861986880763,0.496410749062686,0.08112572770851881,"{""C"": 0.05135776127610299, ""class_weight"": ""balanced"", ""l1_ratio"": 0.0}"
0,2,36,1,0.5096330826102441,0.39221808541889763,0.0104729184421116,"{""C"": 0.05135776127610299, ""class_weight"": ""balanced"", ""l1_ratio"": 0.0}"
0,2,54,0,0.24163843123829692,0.20982202618831117,0.10245977741131733,"{""C"": 0.05135776127610299, ""class_weight"": ""balanced"", ""l1_ratio"": 0.0}"
0,2,55,1,0.4858417490026913,0.362759855361926,0.032536419747976955,"{""C"": 0.05135776127610299, ""class_weight"": ""balanced"", ""l1_ratio"": 0.0}"
0,2,57,1,0.7338687712863142,0.5915835984895588,0.13582823477807585,"{""C"": 0.05135776127610299, ""class_weight"": ""balanced"", ""l1_ratio"": 0.0}"
0,2,65,1,0.2814092433653107,0.23023117472735102,0.09212608762947865,"{""C"": 0.05135776127610299, ""class_weight"": ""balanced"", ""l1_ratio"": 0.0}"
0,2,69,1,0.6513743040230188,0.5400011079899543,0.10370450084118062,"{""C"": 0.05135776127610299, ""class_weight"": ""balanced"", ""l1_ratio"": 0.0}"
0,2,74,1,0.7817640836754429,0.6582486527136939,0.17490193184499336,"{""C"": 0.05135776127610299, ""class_weight"": ""balanced"", ""l1_ratio"": 0.0}"
0,2,79,0,0.3389920587064217,0.27174082189657184,0.07663837148087273,"{""C"": 0.05135776127610299, ""class_weight"": ""balanced"", ""l1_ratio"": 0.0}"
0,2,80,1,0.4150162537637388,0.3296794694029044,0.05907985587501317,"{""C"": 0.05135776127610299, ""class_weight"": ""balanced"", ""l1_ratio"": 0.0}"
0,2,83,0,0.5903468755737555,0.49393932934734275,0.10783998940914188,"{""C"": 0.05135776127610299, ""class_weight"": ""balanced"", ""l1_ratio"": 0.0}"
0,2,84,0,0.5588857060212632,0.41966943167703513,0.04531589086047298,"{""C"": 0.05135776127610299, ""class_weight"": ""balanced"", ""l1_ratio"": 0.0}"
0,2,92,1,0.7722042956813298,0.6329020117016821,0.17540448621566973,"{""C"": 0.05135776127610299, ""class_weight"": ""balanced"", ""l1_ratio"": 0.0}"
0,2,94,0,0.41178921282298364,0.30576360924985363,0.05413666617174983,"{""C"": 0.05135776127610299, ""class_weight"": ""balanced"", ""l1_ratio"": 0.0}"
0,2,99,0,0.36084374988937973,0.28124813162287576,0.08607090185359208,"{""C"": 0.05135776127610299, ""class_weight"": ""balanced"", ""l1_ratio"": 0.0}"
0,2,103,1,0.3780756189332949,0.29436124564167054,0.059097171060866205,"{""C"": 0.05135776127610299, ""class_weight"": ""balanced"", ""l1_ratio"": 0.0}"
0,2,116,0,0.4387039205964767,0.3513898764925361,0.07948823938782575,"{""C"": 0.05135776127610299, ""class_weight"": ""balanced"", ""l1_ratio"": 0.0}"
0,2,125,1,0.38749751445559705,0.3103005258004434,0.04953244904002948,"{""C"": 0.05135776127610299, ""class_weight"": ""balanced"", ""l1_ratio"": 0.0}"
0,2,128,0,0.5990109383962348,0.45999580670138746,0.04178188346586741,"{""C"": 0.05135776127610299, ""class_weight"": ""balanced"", ""l1_ratio"": 0.0}"
0,2,132,0,0.38873521687549273,0.2911301989966824,0.07458270989133453,"{""C"": 0.05135776127610299, ""class_weight"": ""balanced"", ""l1_ratio"": 0.0}"
0,2,139,1,0.63923789685721,0.5214673474393836,0.09563114148869664,"{""C"": 0.05135776127610299, ""class_weight"": ""balanced"", ""l1_ratio"": 0.0}"
0,2,143,0,0.1515273058385335,0.1585324425808501,0.12079261464080593,"{""C"": 0.05135776127610299, ""class_weight"": ""balanced"", ""l1_ratio"": 0.0}"
0,2,151,0,0.4660470137400892,0.35733599350149814,0.024462961973982875,"{""C"": 0.05135776127610299, ""class_weight"": ""balanced"", ""l1_ratio"": 0.0}"
0,2,153,0,0.4815833289088443,0.38484402326827916,0.02642003059726992,"{""C"": 0.05135776127610299, ""class_weight"": ""balanced"", ""l1_ratio"": 0.0}"
0,2,164,1,0.7954483933756882,0.660259469222662,0.159119757003831,"{""C"": 0.05135776127610299, ""class_weight"": ""balanced"", ""l1_ratio"": 0.0}"
0,2,168,0,0.14857428668026548,0.15544917086845508,0.12689566890085208,"{""C"": 0.05135776127610299, ""class_weight"": ""balanced"", ""l1_ratio"": 0.0}"
0,2,181,1,0.4839489882186409,0.3914815800536485,0.06721693097271023,"{""C"": 0.05135776127610299, ""class_weight"": ""balanced"", ""l1_ratio"": 0.0}"
0,2,182,1,0.6029358577945642,0.49849969672843697,0.08787535917708814,"{""C"": 0.05135776127610299, ""class_weight"": ""balanced"", ""l1_ratio"": 0.0}"
0,2,186,0,0.743913709542169,0.6222024807772681,0.1517607886351136,"{""C"": 0.05135776127610299, ""class_weight"": ""balanced"", ""l1_ratio"": 0.0}"
0,2,187,1,0.6077268319861727,0.4807363945479176,0.07257945747686385,"{""C"": 0.05135776127610299, ""class_weight"": ""balanced"", ""l1_ratio"": 0.0}"
0,2,188,0,0.3386573670818492,0.25575313793702487,0.09546891138514352,"{""C"": 0.05135776127610299, ""class_weight"": ""balanced"", ""l1_ratio"": 0.0}"
0,2,190,0,0.34284707565475153,0.2610927849846967,0.08687650449521997,"{""C"": 0.05135776127610299, ""class_weight"": ""balanced"", ""l1_ratio"": 0.0}"
0,2,193,0,0.4000700411523939,0.31406457893796363,0.053375582291971514,"{""C"": 0.05135776127610299, ""class_weight"": ""balanced"", ""l1_ratio"": 0.0}"
0,2,194,0,0.30038267789762946,0.2292420939566012,0.08990091390433394,"{""C"": 0.05135776127610299, ""class_weight"": ""balanced"", ""l1_ratio"": 0.0}"
0,2,199,0,0.4683156579721471,0.3575620395193786,0.02307124383197969,"{""C"": 0.05135776127610299, ""class_weight"": ""balanced"", ""l1_ratio"": 0.0}"
0,2,202,1,0.8655159230958765,0.723571410563938,0.18876938982646108,"{""C"": 0.05135776127610299, ""class_weight"": ""balanced"", ""l1_ratio"": 0.0}"
0,2,214,0,0.4969613431285836,0.387277694030742,0.01341104086542105,"{""C"": 0.05135776127610299, ""class_weight"": ""balanced"", ""l1_ratio"": 0.0}"
0,2,222,1,0.6719302437821374,0.5424595119629305,0.10243413826823732,"{""C"": 0.05135776127610299, ""class_weight"": ""balanced"", ""l1_ratio"": 0.0}"
0,2,230,0,0.7813953725664217,0.636131248345862,0.15232178944212077,"{""C"": 0.05135776127610299, ""class_weight"": ""balanced"", ""l1_ratio"": 0.0}"
0,2,234,0,0.46166062581384987,0.33636423798658627,0.03986536598886638,"{""C"": 0.05135776127610299, ""class_weight"": ""balanced"", ""l1_ratio"": 0.0}"
0,2,235,1,0.8854972460949244,0.7273765482588891,0.20484820951112903,"{""C"": 0.05135776127610299, ""class_weight"": ""balanced"", ""l1_ratio"": 0.0}"
0,2,237,0,0.20846663703304658,0.18819120398005304,0.11478569335573337,"{""C"": 0.05135776127610299, ""class_weight"": ""balanced"", ""l1_ratio"": 0.0}"
0,2,238,0,0.4013600154219849,0.2909378425850558,0.0764211281310126,"{""C"": 0.05135776127610299, ""class_weight"": ""balanced"", ""l1_ratio"": 0.0}"
0,2,242,0,0.573863647527662,0.4417346865340689,0.05228512601630646,"{""C"": 0.05135776127610299, ""class_weight"": ""balanced"", ""l1_ratio"": 0.0}"
0,2,249,1,0.5653725236908104,0.43636282087572836,0.024656115711906196,"{""C"": 0.05135776127610299, ""class_weight"": ""balanced"", ""l1_ratio"": 0.0}"
0,2,260,1,0.4657255479198759,0.36390815437081214,0.047407090941056045,"{""C"": 0.05135776127610299, ""class_weight"": ""balanced"", ""l1_ratio"": 0.0}"
0,2,262,0,0.37657843253360634,0.2901417623198331,0.06459992284681636,"{""C"": 0.05135776127610299, ""class_weight"": ""balanced"", ""l1_ratio"": 0.0}"
0,2,265,1,0.3670807688678806,0.2869655385031934,0.06006414303032403,"{""C"": 0.05135776127610299, ""class_weight"": ""balanced"", ""l1_ratio"": 0.0}"
0,2,270,0,0.17466548145564606,0.1645258483518282,0.12222280662084474,"{""C"": 0.05135776127610299, ""class_weight"": ""balanced"", ""l1_ratio"": 0.0}"
0,2,281,1,0.5822729200079406,0.46523750878146375,0.08963398338552357,"{""C"": 0.05135776127610299, ""class_weight"": ""balanced"", ""l1_ratio"": 0.0}"
0,2,286,0,0.5315435271778741,0.41723274789448483,0.06565353358277812,"{""C"": 0.05135776127610299, ""class_weight"": ""balanced"", ""l1_ratio"": 0.0}"
0,2,287,0,0.4236716683253409,0.3154187998584049,0.06685438449166943,"{""C"": 0.05135776127610299, ""class_weight"": ""balanced"", ""l1_ratio"": 0.0}"
0,2,290,0,0.43404539021518757,0.3281401634441451,0.04471690972968864,"{""C"": 0.05135776127610299, ""class_weight"": ""balanced"", ""l1_ratio"": 0.0}"
0,2,291,0,0.4286099779314122,0.3260162552079109,0.04026308353421701,"{""C"": 0.05135776127610299, ""class_weight"": ""balanced"", ""l1_ratio"": 0.0}"
0,2,297,0,0.1609482668920065,0.15993129763497688,0.12762662062047161,"{""C"": 0.05135776127610299, ""class_weight"": ""balanced"", ""l1_ratio"": 0.0}"
0,2,300,0,0.22657750633923338,0.1894833663720281,0.11458496731517524,"{""C"": 0.05135776127610299, ""class_weight"": ""balanced"", ""l1_ratio"": 0.0}"
0,2,302,0,0.4399979731247333,0.3372583542142964,0.045838552532375884,"{""C"": 0.05135776127610299, ""class_weight"": ""balanced"", ""l1_ratio"": 0.0}"
0,3,4,0,0.17578034332837855,0.15407933677606986,0.07913937937471288,"{""C"": 0.0599622587133535, ""class_weight"": ""balanced"", ""l1_ratio"": 0.0}"
0,3,14,0,0.524654082361467,0.4246271973957663,0.06005689630790568,"{""C"": 0.0599622587133535, ""class_weight"": ""balanced"", ""l1_ratio"": 0.0}"
0,3,22,1,0.753600979775609,0.6244787746432852,0.1105772050096737,"{""C"": 0.0599622587133535, ""class_weight"": ""balanced"", ""l1_ratio"": 0.0}"
0,3,40,0,0.867051467609508,0.7557751409995279,0.114156791488102,"{""C"": 0.0599622587133535, ""class_weight"": ""balanced"", ""l1_ratio"": 0.0}"
0,3,41,0,0.1778532951944188,0.1556656127655079,0.07477385514628782,"{""C"": 0.0599622587133535, ""class_weight"": ""balanced"", ""l1_ratio"": 0.0}"
0,3,44,0,0.4570408138629393,0.3437060201920534,0.06707485922998825,"{""C"": 0.0599622587133535, ""class_weight"": ""balanced"", ""l1_ratio"": 0.0}"
0,3,50,1,0.6409968392634072,0.5174633455261022,0.08942100506645093,"{""C"": 0.0599622587133535, ""class_weight"": ""balanced"", ""l1_ratio"": 0.0}"
0,3,53,0,0.37274657155493973,0.29211047845215116,0.04580099558439698,"{""C"": 0.0599622587133535, ""class_weight"": ""balanced"", ""l1_ratio"": 0.0}"
0,3,56,1,0.6026056591023327,0.5020155721495165,0.07072967824052555,"{""C"": 0.0599622587133535, ""class_weight"": ""balanced"", ""l1_ratio"": 0.0}"
0,3,61,0,0.28449027025259754,0.21789588408902133,0.06604882321524802,"{""C"": 0.0599622587133535, ""class_weight"": ""balanced"", ""l1_ratio"": 0.0}"
0,3,62,0,0.2285533480929472,0.1873022080788982,0.06713324644064184,"{""C"": 0.0599622587133535, ""class_weight"": ""balanced"", ""l1_ratio"": 0.0}"
0,3,63,1,0.7605137201870105,0.6363197352911076,0.11932580207968509,"{""C"": 0.0599622587133535, ""class_weight"": ""balanced"", ""l1_ratio"": 0.0}"
0,3,71,1,0.8217449840478656,0.6890430857759298,0.09742787003336811,"{""C"": 0.0599622587133535, ""class_weight"": ""balanced"", ""l1_ratio"": 0.0}"
0,3,76,0,0.7809814290373052,0.6544225805160714,0.103788782782882,"{""C"": 0.0599622587133535, ""class_weight"": ""balanced"", ""l1_ratio"": 0.0}"
0,3,81,0,0.3676221728133597,0.30078913148224606,0.07418395962011608,"{""C"": 0.0599622587133535, ""class_weight"": ""balanced"", ""l1_ratio"": 0.0}"
0,3,87,1,0.7389062788695534,0.6273738473053325,0.12262242072343082,"{""C"": 0.0599622587133535, ""class_weight"": ""balanced"", ""l1_ratio"": 0.0}"
0,3,90,1,0.5388987914768516,0.41991558169360027,0.04861466243155527,"{""C"": 0.0599622587133535, ""class_weight"": ""balanced"", ""l1_ratio"": 0.0}"
0,3,93,0,0.8123823905332543,0.6749885554645271,0.09707467845351116,"{""C"": 0.0599622587133535, ""class_weight"": ""balanced"", ""l1_ratio"": 0.0}"
0,3,105,0,0.3136681006313265,0.24327764027448723,0.09849561398229997,"{""C"": 0.0599622587133535, ""class_weight"": ""balanced"", ""l1_ratio"": 0.0}"
0,3,109,1,0.474166556987336,0.38077110154242005,0.032677610172964076,"{""C"": 0.0599622587133535, ""class_weight"": ""balanced"", ""l1_ratio"": 0.0}"
0,3,110,1,0.315650036740448,0.24816171177465657,0.07740156341826686,"{""C"": 0.0599622587133535, ""class_weight"": ""balanced"", ""l1_ratio"": 0.0}"
0,3,111,1,0.5455317433856202,0.4490320564399516,0.03726573200164977,"{""C"": 0.0599622587133535, ""class_weight"": ""balanced"", ""l1_ratio"": 0.0}"
0,3,123,1,0.720030070797147,0.5917756962231933,0.11093609122118533,"{""C"": 0.0599622587133535, ""class_weight"": ""balanced"", ""l1_ratio"": 0.0}"
0,3,127,0,0.8171775845607029,0.6862139194351443,0.11656085406899945,"{""C"": 0.0599622587133535, ""class_weight"": ""balanced"", ""l1_ratio"": 0.0}"
0,3,130,0,0.24796223609005275,0.1999967823805181,0.07504096779346484,"{""C"": 0.0599622587133535, ""class_weight"": ""balanced"", ""l1_ratio"": 0.0}"
0,3,133,0,0.22237466768962993,0.18455912836385155,0.07545058212217212,"{""C"": 0.0599622587133535, ""class_weight"": ""balanced"", ""l1_ratio"": 0.0}"
0,3,134,0,0.4816655983842405,0.3799582732538089,0.05326271501083993,"{""C"": 0.0599622587133535, ""class_weight"": ""balanced"", ""l1_ratio"": 0.0}"
0,3,137,0,0.3863232523826731,0.29975705015786147,0.04591485659521973,"{""C"": 0.0599622587133535, ""class_weight"": ""balanced"", ""l1_ratio"": 0.0}"
0,3,138,1,0.684565485822182,0.5678537700455611,0.08786001446853933,"{""C"": 0.0599622587133535, ""class_weight"": ""balanced"", ""l1_ratio"": 0.0}"
0,3,142,1,0.10983450615806988,0.12362410966699029,0.07728460933611049,"{""C"": 0.0599622587133535, ""class_weight"": ""balanced"", ""l1_ratio"": 0.0}"
0,3,145,1,0.6101066749668757,0.5097535817297069,0.0727588994270874,"{""C"": 0.0599622587133535, ""class_weight"": ""balanced"", ""l1_ratio"": 0.0}"
0,3,149,1,0.6170932581222818,0.5005999217896955,0.08562796836538489,"{""C"": 0.0599622587133535, ""class_weight"": ""balanced"", ""l1_ratio"": 0.0}"
0,3,152,0,0.38987311278559994,0.3074369225538472,0.08896050752920341,"{""C"": 0.0599622587133535, ""class_weight"": ""balanced"", ""l1_ratio"": 0.0}"
0,3,156,1,0.6147277391344884,0.49518851215819304,0.038111108556234445,"{""C"": 0.0599622587133535, ""class_weight"": ""balanced"", ""l1_ratio"": 0.0}"
0,3,160,0,0.5633067459336443,0.42814231017916493,0.0667666806025477,"{""C"": 0.0599622587133535, ""class_weight"": ""balanced"", ""l1_ratio"": 0.0}"
0,3,161,0,0.8419592392596711,0.726768926072775,0.11683723457046842,"{""C"": 0.0599622587133535, ""class_weight"": ""balanced"", ""l1_ratio"": 0.0}"
0,3,165,0,0.4859411794786964,0.37676538394978987,0.04007207021771284,"{""C"": 0.0599622587133535, ""class_weight"": ""balanced"", ""l1_ratio"": 0.0}"
0,3,176,0,0.2701337727977934,0.21775011748745596,0.06822821044095388,"{""C"": 0.0599622587133535, ""class_weight"": ""balanced"", ""l1_ratio"": 0.0}"
0,3,178,1,0.7177184346721536,0.580129600918257,0.07513601857270091,"{""C"": 0.0599622587133535, ""class_weight"": ""balanced"", ""l1_ratio"": 0.0}"
0,3,179,0,0.5133144545180599,0.3988993460216096,0.00620603793637242,"{""C"": 0.0599622587133535, ""class_weight"": ""balanced"", ""l1_ratio"": 0.0}"
0,3,184,1,0.21358915646760465,0.1805272857616894,0.09342738063381882,"{""C"": 0.0599622587133535, ""class_weight"": ""balanced"", ""l1_ratio"": 0.0}"
0,3,185,0,0.37616750317593495,0.30028351242456297,0.03330112976484866,"{""C"": 0.0599622587133535, ""class_weight"": ""balanced"", ""l1_ratio"": 0.0}"
0,3,192,0,0.2245529064583933,0.18487344258890887,0.0697849259317506,"{""C"": 0.0599622587133535, ""class_weight"": ""balanced"", ""l1_ratio"": 0.0}"
0,3,200,0,0.372306187563978,0.28112304414013733,0.07401523897998144,"{""C"": 0.0599622587133535, ""class_weight"": ""balanced"", ""l1_ratio"": 0.0}"
0,3,208,0,0.3762416562231406,0.29255846688655635,0.07816187187826562,"{""C"": 0.0599622587133535, ""class_weight"": ""balanced"", ""l1_ratio"": 0.0}"
0,3,209,0,0.7716539690681942,0.6545727173925715,0.1251869085795725,"{""C"": 0.0599622587133535, ""class_weight"": ""balanced"", ""l1_ratio"": 0.0}"
0,3,212,0,0.11879810268528111,0.12086885027276606,0.07209383115404071,"{""C"": 0.0599622587133535, ""class_weight"": ""balanced"", ""l1_ratio"": 0.0}"
0,3,213,0,0.7036410929319696,0.5730000601060603,0.09115382359510697,"{""C"": 0.0599622587133535, ""class_weight"": ""balanced"", ""l1_ratio"": 0.0}"
0,3,217,0,0.33805998680842947,0.2599787272596008,0.07178703898570368,"{""C"": 0.0599622587133535, ""class_weight"": ""balanced"", ""l1_ratio"": 0.0}"
0,3,221,1,0.49318946292097776,0.3830607144424317,0.06184421746424662,"{""C"": 0.0599622587133535, ""class_weight"": ""balanced"", ""l1_ratio"": 0.0}"
0,3,223,1,0.46111579079890214,0.36153954630736446,0.03135871250901714,"{""C"": 0.0599622587133535, ""class_weight"": ""balanced"", ""l1_ratio"": 0.0}"
0,3,232,1,0.3302546296847599,0.25238532877543796,0.07378955387002922,"{""C"": 0.0599622587133535, ""class_weight"": ""balanced"", ""l1_ratio"": 0.0}"
0,3,252,0,0.3754574442717709,0.2966761283662004,0.08367144921935826,"{""C"": 0.0599622587133535, ""class_weight"": ""balanced"", ""l1_ratio"": 0.0}"
0,3,256,0,0.35213794321886005,0.2714636347479547,0.05132639189997713,"{""C"": 0.0599622587133535, ""class_weight"": ""balanced"", ""l1_ratio"": 0.0}"
0,3,267,1,0.4552020091288572,0.3472870017183419,0.04952732170114927,"{""C"": 0.0599622587133535, ""class_weight"": ""balanced"", ""l1_ratio"": 0.0}"
0,3,275,0,0.4590870839252743,0.35017485923789343,0.04621839129804195,"{""C"": 0.0599622587133535, ""class_weight"": ""balanced"", ""l1_ratio"": 0.0}"
0,3,284,0,0.5769240183137002,0.46316340606526796,0.031338896897804946,"{""C"": 0.0599622587133535, ""class_weight"": ""balanced"", ""l1_ratio"": 0.0}"
0,3,288,1,0.24778795340315776,0.21012169297893224,0.06826019831513372,"{""C"": 0.0599622587133535, ""class_weight"": ""balanced"", ""l1_ratio"": 0.0}"
0,3,289,0,0.24802344629454995,0.20571432147452504,0.07953853968898969,"{""C"": 0.0599622587133535, ""class_weight"": ""balanced"", ""l1_ratio"": 0.0}"
0,3,292,0,0.42225748208072067,0.339505786599182,0.034839993737099145,"{""C"": 0.0599622587133535, ""class_weight"": ""balanced"", ""l1_ratio"": 0.0}"
0,4,3,0,0.4763574092068533,0.26915503201576596,0.11211952671529613,"{""C"": 0.001393009808491993, ""class_weight"": ""balanced"", ""l1_ratio"": 0.0}"
0,4,6,0,0.48231257948346584,0.2785965801686764,0.0771963759338676,"{""C"": 0.001393009808491993, ""class_weight"": ""balanced"", ""l1_ratio"": 0.0}"
0,4,15,1,0.5201447729935225,0.4685771935906204,0.048509997579650146,"{""C"": 0.001393009808491993, ""class_weight"": ""balanced"", ""l1_ratio"": 0.0}"
0,4,18,0,0.5038988868594535,0.3811239111912983,0.01539917146196833,"{""C"": 0.001393009808491993, ""class_weight"": ""balanced"", ""l1_ratio"": 0.0}"
0,4,20,1,0.46446274766780893,0.20294694553056075,0.018579806387165148,"{""C"": 0.001393009808491993, ""class_weight"": ""balanced"", ""l1_ratio"": 0.0}"
0,4,24,0,0.5034136596008456,0.37992579936057597,0.017769405060462193,"{""C"": 0.001393009808491993, ""class_weight"": ""balanced"", ""l1_ratio"": 0.0}"
0,4,32,1,0.5091868496157718,0.4109916989229985,0.042474145078151566,"{""C"": 0.001393009808491993, ""class_weight"": ""balanced"", ""l1_ratio"": 0.0}"
0,4,37,1,0.5367894055583182,0.5533839947695492,0.07428153604546218,"{""C"": 0.001393009808491993, ""class_weight"": ""balanced"", ""l1_ratio"": 0.0}"
0,4,38,0,0.5503788190792175,0.6309264632032976,0.05870337859408097,"{""C"": 0.001393009808491993, ""class_weight"": ""balanced"", ""l1_ratio"": 0.0}"
0,4,51,1,0.502499128150925,0.37375324952348976,0.023574482666630182,"{""C"": 0.001393009808491993, ""class_weight"": ""balanced"", ""l1_ratio"": 0.0}"
0,4,52,0,0.5393879007888648,0.572854214672511,0.03913796459911591,"{""C"": 0.001393009808491993, ""class_weight"": ""balanced"", ""l1_ratio"": 0.0}"
0,4,67,0,0.4616453737547181,0.1928536873418854,0.03865688335602157,"{""C"": 0.001393009808491993, ""class_weight"": ""balanced"", ""l1_ratio"": 0.0}"
0,4,86,1,0.5238057496605982,0.48949924437417625,0.028949341456551255,"{""C"": 0.001393009808491993, ""class_weight"": ""balanced"", ""l1_ratio"": 0.0}"
0,4,88,1,0.5257303955181089,0.4988709534107049,0.022208204549994816,"{""C"": 0.001393009808491993, ""class_weight"": ""balanced"", ""l1_ratio"": 0.0}"
0,4,100,0,0.5861631825580726,0.7945758391158717,0.07165145719330711,"{""C"": 0.001393009808491993, ""class_weight"": ""balanced"", ""l1_ratio"": 0.0}"
0,4,108,0,0.48117783348984217,0.27149025204991606,0.017463815405389414,"{""C"": 0.001393009808491993, ""class_weight"": ""balanced"", ""l1_ratio"": 0.0}"
0,4,113,0,0.4520511960730306,0.16216157929373584,0.017375847609616347,"{""C"": 0.001393009808491993, ""class_weight"": ""balanced"", ""l1_ratio"": 0.0}"
0,4,114,1,0.5924714749260377,0.8121879294232851,0.047351332059459086,"{""C"": 0.001393009808491993, ""class_weight"": ""balanced"", ""l1_ratio"": 0.0}"
0,4,118,0,0.5198150334208285,0.4686880893183175,0.03621471901172562,"{""C"": 0.001393009808491993, ""class_weight"": ""balanced"", ""l1_ratio"": 0.0}"
0,4,120,1,0.5436807571752068,0.5991493158082385,0.04002128885156336,"{""C"": 0.001393009808491993, ""class_weight"": ""balanced"", ""l1_ratio"": 0.0}"
0,4,124,0,0.525364816940016,0.49876362197420204,0.030866283104364272,"{""C"": 0.001393009808491993, ""class_weight"": ""balanced"", ""l1_ratio"": 0.0}"
0,4,126,0,0.5261413894184377,0.503033940774697,0.045682906289915476,"{""C"": 0.001393009808491993, ""class_weight"": ""balanced"", ""l1_ratio"": 0.0}"
0,4,136,0,0.48371145040788915,0.2802308778588894,0.03465273417616421,"{""C"": 0.001393009808491993, ""class_weight"": ""balanced"", ""l1_ratio"": 0.0}"
0,4,148,1,0.5336022701776941,0.548915931078041,0.038015450704748405,"{""C"": 0.001393009808491993, ""class_weight"": ""balanced"", ""l1_ratio"": 0.0}"
0,4,154,0,0.4932349462434288,0.32267500122759946,0.03618127285942177,"{""C"": 0.001393009808491993, ""class_weight"": ""balanced"", ""l1_ratio"": 0.0}"
0,4,155,1,0.5160657543546806,0.44251913037487906,0.05463420229075537,"{""C"": 0.001393009808491993, ""class_weight"": ""balanced"", ""l1_ratio"": 0.0}"
0,4,163,1,0.5616440801878927,0.6859045442545255,0.06935023559360867,"{""C"": 0.001393009808491993, ""class_weight"": ""balanced"", ""l1_ratio"": 0.0}"
0,4,167,1,0.47517118897000243,0.24274142522394665,0.03406676491686047,"{""C"": 0.001393009808491993, ""class_weight"": ""balanced"", ""l1_ratio"": 0.0}"
0,4,171,0,0.5076771525062882,0.405471650205769,0.03336499081215767,"{""C"": 0.001393009808491993, ""class_weight"": ""balanced"", ""l1_ratio"": 0.0}"
0,4,177,1,0.5198675729442513,0.46613293524525734,0.050706522259238176,"{""C"": 0.001393009808491993, ""class_weight"": ""balanced"", ""l1_ratio"": 0.0}"
0,4,189,1,0.5183631863486928,0.4530162595584888,0.043691284725800465,"{""C"": 0.001393009808491993, ""class_weight"": ""balanced"", ""l1_ratio"": 0.0}"
0,4,195,0,0.515318978904721,0.4465089974332913,0.0324955445489727,"{""C"": 0.001393009808491993, ""class_weight"": ""balanced"", ""l1_ratio"": 0.0}"
0,4,196,0,0.47404995526022703,0.23801111637147326,0.037031455884588615,"{""C"": 0.001393009808491993, ""class_weight"": ""balanced"", ""l1_ratio"": 0.0}"
0,4,197,1,0.5562757687089617,0.6681193863129792,0.03447029107680493,"{""C"": 0.001393009808491993, ""class_weight"": ""balanced"", ""l1_ratio"": 0.0}"
0,4,201,0,0.4918190393194575,0.31931171837183664,0.08141381295347466,"{""C"": 0.001393009808491993, ""class_weight"": ""balanced"", ""l1_ratio"": 0.0}"
0,4,206,1,0.5066404446287335,0.3979664271647269,0.027418893718291953,"{""C"": 0.001393009808491993, ""class_weight"": ""balanced"", ""l1_ratio"": 0.0}"
0,4,211,0,0.512632980211458,0.42739826761518007,0.06292824236815611,"{""C"": 0.001393009808491993, ""class_weight"": ""balanced"", ""l1_ratio"": 0.0}"
0,4,218,0,0.5037768516723671,0.38396307598225266,0.02821214392020181,"{""C"": 0.001393009808491993, ""class_weight"": ""balanced"", ""l1_ratio"": 0.0}"
0,4,225,0,0.4913000962861662,0.3129285312360055,0.0321682722510755,"{""C"": 0.001393009808491993, ""class_weight"": ""balanced"", ""l1_ratio"": 0.0}"
0,4,226,1,0.5158048425617181,0.45006115683310294,0.04117157522584791,"{""C"": 0.001393009808491993, ""class_weight"": ""balanced"", ""l1_ratio"": 0.0}"
0,4,227,1,0.4818756671279061,0.27311539208809654,0.033022959487974124,"{""C"": 0.001393009808491993, ""class_weight"": ""balanced"", ""l1_ratio"": 0.0}"
0,4,229,1,0.5130867662341232,0.433887670261384,0.03535796544423401,"{""C"": 0.001393009808491993, ""class_weight"": ""balanced"", ""l1_ratio"": 0.0}"
0,4,236,1,0.4864630959573385,0.2930288710950772,0.048539363964213544,"{""C"": 0.001393009808491993, ""class_weight"": ""balanced"", ""l1_ratio"": 0.0}"
0,4,239,0,0.5094476271728559,0.40592454139664735,0.03444697783139603,"{""C"": 0.001393009808491993, ""class_weight"": ""balanced"", ""l1_ratio"": 0.0}"
0,4,240,0,0.5491912055934812,0.6306967145719338,0.03515436941806004,"{""C"": 0.001393009808491993, ""class_weight"": ""balanced"", ""l1_ratio"": 0.0}"
0,4,248,1,0.5394674410870771,0.5701081944531332,0.05884845933904178,"{""C"": 0.001393009808491993, ""class_weight"": ""balanced"", ""l1_ratio"": 0.0}"
0,4,251,0,0.4788604743243262,0.26013713392097265,0.03046881227784669,"{""C"": 0.001393009808491993, ""class_weight"": ""balanced"", ""l1_ratio"": 0.0}"
0,4,255,0,0.47604404921785204,0.24607165730230535,0.03136545781317571,"{""C"": 0.001393009808491993, ""class_weight"": ""balanced"", ""l1_ratio"": 0.0}"
0,4,257,0,0.48859024130844647,0.30780481242114954,0.03485573271359267,"{""C"": 0.001393009808491993, ""class_weight"": ""balanced"", ""l1_ratio"": 0.0}"
0,4,258,0,0.4712239287375335,0.22659138742697799,0.03923153030475828,"{""C"": 0.001393009808491993, ""class_weight"": ""balanced"", ""l1_ratio"": 0.0}"
0,4,264,0,0.4729220804058355,0.2355192741592557,0.020371073754883246,"{""C"": 0.001393009808491993, ""class_weight"": ""balanced"", ""l1_ratio"": 0.0}"
0,4,266,1,0.5236728986687299,0.4882869927249853,0.03430093373034517,"{""C"": 0.001393009808491993, ""class_weight"": ""balanced"", ""l1_ratio"": 0.0}"
0,4,273,1,0.5778618298904268,0.7604854742397512,0.04603138563963117,"{""C"": 0.001393009808491993, ""class_weight"": ""balanced"", ""l1_ratio"": 0.0}"
0,4,274,0,0.5568465880560182,0.6705468414600112,0.05965635087170577,"{""C"": 0.001393009808491993, ""class_weight"": ""balanced"", ""l1_ratio"": 0.0}"
0,4,277,0,0.5338330807204393,0.5486364898893259,0.030894488163077514,"{""C"": 0.001393009808491993, ""class_weight"": ""balanced"", ""l1_ratio"": 0.0}"
0,4,278,0,0.5152290002379727,0.44688228751612946,0.04710506018653322,"{""C"": 0.001393009808491993, ""class_weight"": ""balanced"", ""l1_ratio"": 0.0}"
0,4,283,0,0.5041655526154196,0.38584660930222103,0.04490927894679673,"{""C"": 0.001393009808491993, ""class_weight"": ""balanced"", ""l1_ratio"": 0.0}"
0,4,285,0,0.47666425885133706,0.2501000057464609,0.030009536699496044,"{""C"": 0.001393009808491993, ""class_weight"": ""balanced"", ""l1_ratio"": 0.0}"
0,4,293,0,0.48017266807583603,0.25940592910879473,0.03015507524256632,"{""C"": 0.001393009808491993, ""class_weight"": ""balanced"", ""l1_ratio"": 0.0}"
0,4,301,0,0.45138260346734915,0.16095516253648298,0.029445422701593196,"{""C"": 0.001393009808491993, ""class_weight"": ""balanced"", ""l1_ratio"": 0.0}"
1,0,5,1,0.6007229504545342,0.4435529614383061,0.04755830211022862,"{""C"": 0.6669972526855809, ""class_weight"": ""balanced"", ""l1_ratio"": 1.0}"
1,0,7,1,0.42636076146161983,0.3436502820858426,0.08779098132455451,"{""C"": 0.6669972526855809, ""class_weight"": ""balanced"", ""l1_ratio"": 1.0}"
1,0,16,0,0.40275809005195684,0.3138610982498995,0.08482847995714046,"{""C"": 0.6669972526855809, ""class_weight"": ""balanced"", ""l1_ratio"": 1.0}"
1,0,17,0,0.49918245423601526,0.4196970373750773,0.08553145473011192,"{""C"": 0.6669972526855809, ""class_weight"": ""balanced"", ""l1_ratio"": 1.0}"
1,0,30,0,0.8594534258281399,0.6763091220340214,0.11497323390379416,"{""C"": 0.6669972526855809, ""class_weight"": ""balanced"", ""l1_ratio"": 1.0}"
1,0,57,1,0.795862182562856,0.61769467969114,0.0475375706818274,"{""C"": 0.6669972526855809, ""class_weight"": ""balanced"", ""l1_ratio"": 1.0}"
1,0,58,1,0.6568278684006371,0.5013840925154176,0.08404234179903404,"{""C"": 0.6669972526855809, ""class_weight"": ""balanced"", ""l1_ratio"": 1.0}"
1,0,64,0,0.23126416147262607,0.23280162398564003,0.06636235262364418,"{""C"": 0.6669972526855809, ""class_weight"": ""balanced"", ""l1_ratio"": 1.0}"
1,0,65,1,0.2646540003359914,0.2805827194625983,0.06795158395080794,"{""C"": 0.6669972526855809, ""class_weight"": ""balanced"", ""l1_ratio"": 1.0}"
1,0,66,0,0.5642374420557472,0.42803136183680246,0.07152403255235093,"{""C"": 0.6669972526855809, ""class_weight"": ""balanced"", ""l1_ratio"": 1.0}"
1,0,77,1,0.6145826003696642,0.4904097260397052,0.0843743048533189,"{""C"": 0.6669972526855809, ""class_weight"": ""balanced"", ""l1_ratio"": 1.0}"
1,0,81,0,0.5225658284178816,0.41157511639984123,0.07465341257769635,"{""C"": 0.6669972526855809, ""class_weight"": ""balanced"", ""l1_ratio"": 1.0}"
1,0,82,1,0.8219446781949411,0.6381041442581761,0.10777004846504033,"{""C"": 0.6669972526855809, ""class_weight"": ""balanced"", ""l1_ratio"": 1.0}"
1,0,84,0,0.6011850465050107,0.4310974853328616,0.0727405112553444,"{""C"": 0.6669972526855809, ""class_weight"": ""balanced"", ""l1_ratio"": 1.0}"
1,0,91,0,0.7146383768698755,0.5602436784241516,0.10652382967656633,"{""C"": 0.6669972526855809, ""class_weight"": ""balanced"", ""l1_ratio"": 1.0}"
1,0,92,1,0.8726843072189456,0.6473812489536264,0.06783109540655541,"{""C"": 0.6669972526855809, ""class_weight"": ""balanced"", ""l1_ratio"": 1.0}"
1,0,94,0,0.27881774254597086,0.2705786151192243,0.06492286091217588,"{""C"": 0.6669972526855809, ""class_weight"": ""balanced"", ""l1_ratio"": 1.0}"
1,0,96,1,0.6971959904962944,0.534729214148366,0.044672571652764795,"{""C"": 0.6669972526855809, ""class_weight"": ""balanced"", ""l1_ratio"": 1.0}"
1,0,97,1,0.5208471708075058,0.4018347405671001,0.05130680638183352,"{""C"": 0.6669972526855809, ""class_weight"": ""balanced"", ""l1_ratio"": 1.0}"
1,0,115,1,0.7490741719419101,0.5868871489159189,0.07633379386497018,"{""C"": 0.6669972526855809, ""class_weight"": ""balanced"", ""l1_ratio"": 1.0}"
1,0,116,0,0.5787583300051239,0.4429770462164445,0.07017966244541832,"{""C"": 0.6669972526855809, ""class_weight"": ""balanced"", ""l1_ratio"": 1.0}"
1,0,123,1,0.8117791639277223,0.6371237922425135,0.060045025140343176,"{""C"": 0.6669972526855809, ""class_weight"": ""balanced"", ""l1_ratio"": 1.0}"
1,0,135,0,0.6035286026226149,0.4583208635232867,0.08416184785955318,"{""C"": 0.6669972526855809, ""class_weight"": ""balanced"", ""l1_ratio"": 1.0}"
1,0,144,1,0.496657643960617,0.3361557698030169,0.05954333626152464,"{""C"": 0.6669972526855809, ""class_weight"": ""balanced"", ""l1_ratio"": 1.0}"
1,0,147,1,0.5549863725470564,0.4249366102086647,0.09049405718512032,"{""C"": 0.6669972526855809, ""class_weight"": ""balanced"", ""l1_ratio"": 1.0}"
1,0,157,1,0.21156335573463653,0.22123074545608135,0.05893740968719637,"{""C"": 0.6669972526855809, ""class_weight"": ""balanced"", ""l1_ratio"": 1.0}"
1,0,167,1,0.3140952465510291,0.2949008115350498,0.05731802660756563,"{""C"": 0.6669972526855809, ""class_weight"": ""balanced"", ""l1_ratio"": 1.0}"
1,0,179,0,0.3282935849052233,0.27593365948662796,0.06847926008986958,"{""C"": 0.6669972526855809, ""class_weight"": ""balanced"", ""l1_ratio"": 1.0}"
1,0,182,1,0.543701430970295,0.41187545622365135,0.09219566172922172,"{""C"": 0.6669972526855809, ""class_weight"": ""balanced"", ""l1_ratio"": 1.0}"
1,0,185,0,0.23451654099177763,0.24820239123480778,0.07188886417477786,"{""C"": 0.6669972526855809, ""class_weight"": ""balanced"", ""l1_ratio"": 1.0}"
1,0,186,0,0.6719641081230496,0.5107155630913303,0.08759703059554083,"{""C"": 0.6669972526855809, ""class_weight"": ""balanced"", ""l1_ratio"": 1.0}"
1,0,191,0,0.5679330074392273,0.425563561437836,0.0610993433600088,"{""C"": 0.6669972526855809, ""class_weight"": ""balanced"", ""l1_ratio"": 1.0}"
1,0,193,0,0.4033942892387565,0.35650094422296147,0.06366949947873149,"{""C"": 0.6669972526855809, ""class_weight"": ""balanced"", ""l1_ratio"": 1.0}"
1,0,195,0,0.7908922974156231,0.6053249909902642,0.1014106412201779,"{""C"": 0.6669972526855809, ""class_weight"": ""balanced"", ""l1_ratio"": 1.0}"
1,0,198,0,0.8067674332143377,0.6220351544804795,0.09383508267576278,"{""C"": 0.6669972526855809, ""class_weight"": ""balanced"", ""l1_ratio"": 1.0}"
1,0,204,0,0.35580131364808765,0.32399428082767673,0.05107406782938707,"{""C"": 0.6669972526855809, ""class_weight"": ""balanced"", ""l1_ratio"": 1.0}"
1,0,212,0,0.09008446826098647,0.13797200203969145,0.0748076751635037,"{""C"": 0.6669972526855809, ""class_weight"": ""balanced"", ""l1_ratio"": 1.0}"
1,0,217,0,0.10630319185910124,0.15387388013557263,0.08220306132740808,"{""C"": 0.6669972526855809, ""class_weight"": ""balanced"", ""l1_ratio"": 1.0}"
1,0,230,0,0.8477787898353443,0.6616441356628953,0.06622090201771454,"{""C"": 0.6669972526855809, ""class_weight"": ""balanced"", ""l1_ratio"": 1.0}"
1,0,236,1,0.28798661215902693,0.24071546826147933,0.09291282659548829,"{""C"": 0.6669972526855809, ""class_weight"": ""balanced"", ""l1_ratio"": 1.0}"
1,0,240,0,0.8885210682514999,0.6838437200700597,0.07213842815061838,"{""C"": 0.6669972526855809, ""class_weight"": ""balanced"", ""l1_ratio"": 1.0}"
1,0,242,0,0.6397682707291791,0.48625192706380405,0.04228712804965369,"{""C"": 0.6669972526855809, ""class_weight"": ""balanced"", ""l1_ratio"": 1.0}"
1,0,249,1,0.5813119413363363,0.4303882784569442,0.08708842919472008,"{""C"": 0.6669972526855809, ""class_weight"": ""balanced"", ""l1_ratio"": 1.0}"
1,0,255,0,0.0989802662058883,0.1583989195471292,0.06508291523737562,"{""C"": 0.6669972526855809, ""class_weight"": ""balanced"", ""l1_ratio"": 1.0}"
1,0,256,0,0.27870148770190994,0.2655721291399209,0.04483070359369119,"{""C"": 0.6669972526855809, ""class_weight"": ""balanced"", ""l1_ratio"": 1.0}"
1,0,259,0,0.5057166703318046,0.39707587203806893,0.05965028538697705,"{""C"": 0.6669972526855809, ""class_weight"": ""balanced"", ""l1_ratio"": 1.0}"
1,0,263,0,0.08497911940600089,0.14755198070003137,0.07352778301404075,"{""C"": 0.6669972526855809, ""class_weight"": ""balanced"", ""l1_ratio"": 1.0}"
1,0,265,1,0.4503163253576744,0.3753753476226945,0.03377685762671455,"{""C"": 0.6669972526855809, ""class_weight"": ""balanced"", ""l1_ratio"": 1.0}"
1,0,266,1,0.4600190934477682,0.3670381823554002,0.06567846951571908,"{""C"": 0.6669972526855809, ""class_weight"": ""balanced"", ""l1_ratio"": 1.0}"
1,0,267,1,0.513781547455554,0.4185788289082065,0.028837358145392036,"{""C"": 0.6669972526855809, ""class_weight"": ""balanced"", ""l1_ratio"": 1.0}"
1,0,268,0,0.10507230522658143,0.15641511854130913,0.0641788192255196,"{""C"": 0.6669972526855809, ""class_weight"": ""balanced"", ""l1_ratio"": 1.0}"
1,0,269,0,0.8536305966190388,0.6613335015186388,0.08869688869389464,"{""C"": 0.6669972526855809, ""class_weight"": ""balanced"", ""l1_ratio"": 1.0}"
1,0,275,0,0.586644425266465,0.44881490754932357,0.02973606769951163,"{""C"": 0.6669972526855809, ""class_weight"": ""balanced"", ""l1_ratio"": 1.0}"
1,0,277,0,0.6709341309314728,0.5025513348366413,0.024880410100872885,"{""C"": 0.6669972526855809, ""class_weight"": ""balanced"", ""l1_ratio"": 1.0}"
1,0,281,1,0.5722194683687146,0.44405562938516463,0.028802368947289585,"{""C"": 0.6669972526855809, ""class_weight"": ""balanced"", ""l1_ratio"": 1.0}"
1,0,282,0,0.6040581214372921,0.47421109743761514,0.03930989887261819,"{""C"": 0.6669972526855809, ""class_weight"": ""balanced"", ""l1_ratio"": 1.0}"
1,0,283,0,0.25158967532811977,0.25222143799767177,0.06675859984725054,"{""C"": 0.6669972526855809, ""class_weight"": ""balanced"", ""l1_ratio"": 1.0}"
1,0,289,0,0.1779458205972762,0.20832267289552203,0.06359743815390216,"{""C"": 0.6669972526855809, ""class_weight"": ""balanced"", ""l1_ratio"": 1.0}"
1,0,292,0,0.23005439385368057,0.23787595382001764,0.07150666379304342,"{""C"": 0.6669972526855809, ""class_weight"": ""balanced"", ""l1_ratio"": 1.0}"
1,0,298,1,0.5895769357997466,0.466707018840787,0.06829126061890138,"{""C"": 0.6669972526855809, ""class_weight"": ""balanced"", ""l1_ratio"": 1.0}"
1,0,302,0,0.4318156576097937,0.37515882115357824,0.04705016308385602,"{""C"": 0.6669972526855809, ""class_weight"": ""balanced"", ""l1_ratio"": 1.0}"
1,1,2,0,0.5001483208807157,0.3655061393777773,0.014717076390976032,"{""C"": 0.0011747922793944536, ""class_weight"": ""balanced"", ""l1_ratio"": 0.0}"
1,1,10,1,0.5086918927278143,0.4116760397669412,0.039985943925292755,"{""C"": 0.0011747922793944536, ""class_weight"": ""balanced"", ""l1_ratio"": 0.0}"
1,1,14,0,0.5002121897359753,0.36215805442421545,0.04397575961428012,"{""C"": 0.0011747922793944536, ""class_weight"": ""balanced"", ""l1_ratio"": 0.0}"
1,1,15,1,0.5186976446796672,0.47980531350796163,0.040741046671932075,"{""C"": 0.0011747922793944536, ""class_weight"": ""balanced"", ""l1_ratio"": 0.0}"
1,1,22,1,0.5286929349349615,0.5400827993655894,0.029845603123597367,"{""C"": 0.0011747922793944536, ""class_weight"": ""balanced"", ""l1_ratio"": 0.0}"
1,1,25,0,0.5239638494971978,0.5114906993991024,0.035641707788783346,"{""C"": 0.0011747922793944536, ""class_weight"": ""balanced"", ""l1_ratio"": 0.0}"
1,1,28,1,0.5454874806295034,0.6401812779968683,0.06268142243148965,"{""C"": 0.0011747922793944536, ""class_weight"": ""balanced"", ""l1_ratio"": 0.0}"
1,1,33,1,0.517709589401476,0.4713027089085992,0.06434627791551609,"{""C"": 0.0011747922793944536, ""class_weight"": ""balanced"", ""l1_ratio"": 0.0}"
1,1,34,0,0.5372198210472856,0.5976576457318369,0.036690802393241816,"{""C"": 0.0011747922793944536, ""class_weight"": ""balanced"", ""l1_ratio"": 0.0}"
1,1,44,0,0.5013280584162322,0.3692171919600782,0.04182047487511488,"{""C"": 0.0011747922793944536, ""class_weight"": ""balanced"", ""l1_ratio"": 0.0}"
1,1,51,1,0.49276597009155365,0.32012181441151427,0.024921512530768276,"{""C"": 0.0011747922793944536, ""class_weight"": ""balanced"", ""l1_ratio"": 0.0}"
1,1,68,0,0.48050815911602535,0.2564868873254623,0.02438872893247034,"{""C"": 0.0011747922793944536, ""class_weight"": ""balanced"", ""l1_ratio"": 0.0}"
1,1,72,0,0.4993936674135468,0.360721658916429,0.04547423757681044,"{""C"": 0.0011747922793944536, ""class_weight"": ""balanced"", ""l1_ratio"": 0.0}"
1,1,74,1,0.5513297373545495,0.6755527110990479,0.05220621169883784,"{""C"": 0.0011747922793944536, ""class_weight"": ""balanced"", ""l1_ratio"": 0.0}"
1,1,78,1,0.5052585331441025,0.39121071146147796,0.02304419707782582,"{""C"": 0.0011747922793944536, ""class_weight"": ""balanced"", ""l1_ratio"": 0.0}"
1,1,98,1,0.5062339518568554,0.39843589007065894,0.011585272125489807,"{""C"": 0.0011747922793944536, ""class_weight"": ""balanced"", ""l1_ratio"": 0.0}"
1,1,99,0,0.4773190699641191,0.24174976654332583,0.031355453794243704,"{""C"": 0.0011747922793944536, ""class_weight"": ""balanced"", ""l1_ratio"": 0.0}"
1,1,101,1,0.5354898238970005,0.5819916865184789,0.042371107346198505,"{""C"": 0.0011747922793944536, ""class_weight"": ""balanced"", ""l1_ratio"": 0.0}"
1,1,104,1,0.48717155481406305,0.2917970303770379,0.014424023806779715,"{""C"": 0.0011747922793944536, ""class_weight"": ""balanced"", ""l1_ratio"": 0.0}"
1,1,108,0,0.48338669649066024,0.2718485788293351,0.0427675691141819,"{""C"": 0.0011747922793944536, ""class_weight"": ""balanced"", ""l1_ratio"": 0.0}"
1,1,112,1,0.5023764993449115,0.37343630921840354,0.020869738593598544,"{""C"": 0.0011747922793944536, ""class_weight"": ""balanced"", ""l1_ratio"": 0.0}"
1,1,120,1,0.5281399178974645,0.5357939901226221,0.03813633440388282,"{""C"": 0.0011747922793944536, ""class_weight"": ""balanced"", ""l1_ratio"": 0.0}"
1,1,124,0,0.5134645063061491,0.44539690112521074,0.024595628502835237,"{""C"": 0.0011747922793944536, ""class_weight"": ""balanced"", ""l1_ratio"": 0.0}"
1,1,130,0,0.46780148080138423,0.20105197915585885,0.020531502499827933,"{""C"": 0.0011747922793944536, ""class_weight"": ""balanced"", ""l1_ratio"": 0.0}"
1,1,131,0,0.5068009407481515,0.40326436034513335,0.012803953092766733,"{""C"": 0.0011747922793944536, ""class_weight"": ""balanced"", ""l1_ratio"": 0.0}"
1,1,132,0,0.5001887690362649,0.3656048473347494,0.013279411732552607,"{""C"": 0.0011747922793944536, ""class_weight"": ""balanced"", ""l1_ratio"": 0.0}"
1,1,134,0,0.4833509940210869,0.2708947742448071,0.025491322251806017,"{""C"": 0.0011747922793944536, ""class_weight"": ""balanced"", ""l1_ratio"": 0.0}"
1,1,137,0,0.4811133123922224,0.2607565966867276,0.015886096702148828,"{""C"": 0.0011747922793944536, ""class_weight"": ""balanced"", ""l1_ratio"": 0.0}"
1,1,148,1,0.5203366101527731,0.48831512266210586,0.025511270758756803,"{""C"": 0.0011747922793944536, ""class_weight"": ""balanced"", ""l1_ratio"": 0.0}"
1,1,150,0,0.47296165025792875,0.2222404773396213,0.0278166860651059,"{""C"": 0.0011747922793944536, ""class_weight"": ""balanced"", ""l1_ratio"": 0.0}"
1,1,152,0,0.5014869695368341,0.3707355974759162,0.05679348037705847,"{""C"": 0.0011747922793944536, ""class_weight"": ""balanced"", ""l1_ratio"": 0.0}"
1,1,158,1,0.5030279629848593,0.3826669763966814,0.05447774860516996,"{""C"": 0.0011747922793944536, ""class_weight"": ""balanced"", ""l1_ratio"": 0.0}"
1,1,161,0,0.5518421578196065,0.6755637532615355,0.022523725204027917,"{""C"": 0.0011747922793944536, ""class_weight"": ""balanced"", ""l1_ratio"": 0.0}"
1,1,164,1,0.5471041704117597,0.6517862425958325,0.04816967672427304,"{""C"": 0.0011747922793944536, ""class_weight"": ""balanced"", ""l1_ratio"": 0.0}"
1,1,170,0,0.47714325501705046,0.24276629560435053,0.025232614051390396,"{""C"": 0.0011747922793944536, ""class_weight"": ""balanced"", ""l1_ratio"": 0.0}"
1,1,175,0,0.48520259263409726,0.2793960965380355,0.015381902420280726,"{""C"": 0.0011747922793944536, ""class_weight"": ""balanced"", ""l1_ratio"": 0.0}"
1,1,178,1,0.5105517120909341,0.42806157184413596,0.07350268411905385,"{""C"": 0.0011747922793944536, ""class_weight"": ""balanced"", ""l1_ratio"": 0.0}"
1,1,184,1,0.468607966055678,0.2047764779972407,0.025416515422938775,"{""C"": 0.0011747922793944536, ""class_weight"": ""balanced"", ""l1_ratio"": 0.0}"
1,1,187,1,0.5146964666070809,0.452190418310797,0.04593382967939607,"{""C"": 0.0011747922793944536, ""class_weight"": ""balanced"", ""l1_ratio"": 0.0}"
1,1,190,0,0.4953713349533817,0.33484329896597903,0.022476174383622583,"{""C"": 0.0011747922793944536, ""class_weight"": ""balanced"", ""l1_ratio"": 0.0}"
1,1,192,0,0.47587545380028595,0.23529668311416238,0.023627998175886688,"{""C"": 0.0011747922793944536, ""class_weight"": ""balanced"", ""l1_ratio"": 0.0}"
1,1,194,0,0.4792531713618883,0.2513190618488005,0.03008953009743032,"{""C"": 0.0011747922793944536, ""class_weight"": ""balanced"", ""l1_ratio"": 0.0}"
1,1,196,0,0.4781538672354254,0.2493770200724484,0.03835052848254419,"{""C"": 0.0011747922793944536, ""class_weight"": ""balanced"", ""l1_ratio"": 0.0}"
1,1,201,0,0.505181774057179,0.3956473170001301,0.05427649512373071,"{""C"": 0.0011747922793944536, ""class_weight"": ""balanced"", ""l1_ratio"": 0.0}"
1,1,202,1,0.5431215875498401,0.6278273768138274,0.0635252075449401,"{""C"": 0.0011747922793944536, ""class_weight"": ""balanced"", ""l1_ratio"": 0.0}"
1,1,205,0,0.5043702111049962,0.3865606462612019,0.02869780247988621,"{""C"": 0.0011747922793944536, ""class_weight"": ""balanced"", ""l1_ratio"": 0.0}"
1,1,208,0,0.4873615571536629,0.29358695424862347,0.03544114245932096,"{""C"": 0.0011747922793944536, ""class_weight"": ""balanced"", ""l1_ratio"": 0.0}"
1,1,211,0,0.5118180537266497,0.4347223543559385,0.027634079067298888,"{""C"": 0.0011747922793944536, ""class_weight"": ""balanced"", ""l1_ratio"": 0.0}"
1,1,222,1,0.5309168492278489,0.5545983843760596,0.02666370820139392,"{""C"": 0.0011747922793944536, ""class_weight"": ""balanced"", ""l1_ratio"": 0.0}"
1,1,229,1,0.5003320294739326,0.36593576351845075,0.019193847605405122,"{""C"": 0.0011747922793944536, ""class_weight"": ""balanced"", ""l1_ratio"": 0.0}"
1,1,232,1,0.497689547126523,0.3495872054896091,0.05100914887418234,"{""C"": 0.0011747922793944536, ""class_weight"": ""balanced"", ""l1_ratio"": 0.0}"
1,1,238,0,0.4749981360029016,0.2330526831616456,0.0382654844463396,"{""C"": 0.0011747922793944536, ""class_weight"": ""balanced"", ""l1_ratio"": 0.0}"
1,1,239,0,0.507498904882204,0.4058220313068966,0.01240810263958947,"{""C"": 0.0011747922793944536, ""class_weight"": ""balanced"", ""l1_ratio"": 0.0}"
1,1,246,1,0.5669336461422332,0.7583944307191357,0.03292190631971354,"{""C"": 0.0011747922793944536, ""class_weight"": ""balanced"", ""l1_ratio"": 0.0}"
1,1,247,0,0.4652347054156264,0.1918651351949416,0.040167728938383086,"{""C"": 0.0011747922793944536, ""class_weight"": ""balanced"", ""l1_ratio"": 0.0}"
1,1,262,0,0.48164513234962275,0.26280585440209053,0.024893643426878186,"{""C"": 0.0011747922793944536, ""class_weight"": ""balanced"", ""l1_ratio"": 0.0}"
1,1,264,0,0.48229329710702473,0.2661833214077916,0.042367457668563945,"{""C"": 0.0011747922793944536, ""class_weight"": ""balanced"", ""l1_ratio"": 0.0}"
1,1,272,0,0.5138050559735906,0.4468947083186148,0.041058313863136194,"{""C"": 0.0011747922793944536, ""class_weight"": ""balanced"", ""l1_ratio"": 0.0}"
1,1,284,0,0.5087260935215688,0.41041491470026337,0.013846044054877582,"{""C"": 0.0011747922793944536, ""class_weight"": ""balanced"", ""l1_ratio"": 0.0}"
1,1,286,0,0.49961791699061386,0.3588339518518555,0.02523012457188201,"{""C"": 0.0011747922793944536, ""class_weight"": ""balanced"", ""l1_ratio"": 0.0}"
1,1,301,0,0.462017332299244,0.18019620464713443,0.040991228379573925,"{""C"": 0.0011747922793944536, ""class_weight"": ""balanced"", ""l1_ratio"": 0.0}"
1,2,0,0,0.2828774335348585,0.1922478817701691,0.04874753842908217,"{""C"": 0.014432831654196551, ""class_weight"": null, ""l1_ratio"": 0.0}"
1,2,3,0,0.2419586014899003,0.17057759019196467,0.09717065768888254,"{""C"": 0.014432831654196551, ""class_weight"": null, ""l1_ratio"": 0.0}"
1,2,6,0,0.30125474645392136,0.21892806552075098,0.06367038355122857,"{""C"": 0.014432831654196551, ""class_weight"": null, ""l1_ratio"": 0.0}"
1,2,18,0,0.4579286919006661,0.42425808959157213,0.06753786549911683,"{""C"": 0.014432831654196551, ""class_weight"": null, ""l1_ratio"": 0.0}"
1,2,24,0,0.40213716264049226,0.34913208363949544,0.05706496938962104,"{""C"": 0.014432831654196551, ""class_weight"": null, ""l1_ratio"": 0.0}"
1,2,27,0,0.34085913005390855,0.25765986211867214,0.04559797179084963,"{""C"": 0.014432831654196551, ""class_weight"": null, ""l1_ratio"": 0.0}"
1,2,29,1,0.6529266375967104,0.7017756557322172,0.06956598976853798,"{""C"": 0.014432831654196551, ""class_weight"": null, ""l1_ratio"": 0.0}"
1,2,39,1,0.5010069586429463,0.49653918704883726,0.08251201503575184,"{""C"": 0.014432831654196551, ""class_weight"": null, ""l1_ratio"": 0.0}"
1,2,40,0,0.7343935000592658,0.799803341687946,0.08443230918808312,"{""C"": 0.014432831654196551, ""class_weight"": null, ""l1_ratio"": 0.0}"
1,2,43,0,0.491330493627086,0.4661993922391311,0.06983608546842116,"{""C"": 0.014432831654196551, ""class_weight"": null, ""l1_ratio"": 0.0}"
1,2,45,1,0.4306201141411346,0.40355051248149804,0.06001391162063747,"{""C"": 0.014432831654196551, ""class_weight"": null, ""l1_ratio"": 0.0}"
1,2,46,1,0.32508828437279663,0.24294539544859176,0.05820240025142873,"{""C"": 0.014432831654196551, ""class_weight"": null, ""l1_ratio"": 0.0}"
1,2,52,0,0.5790098277121559,0.6141321368459036,0.05817854086052839,"{""C"": 0.014432831654196551, ""class_weight"": null, ""l1_ratio"": 0.0}"
1,2,56,1,0.5256737576658189,0.5374103764409042,0.09861830919720516,"{""C"": 0.014432831654196551, ""class_weight"": null, ""l1_ratio"": 0.0}"
1,2,59,1,0.41532084974526223,0.3768373995460882,0.025969848367122978,"{""C"": 0.014432831654196551, ""class_weight"": null, ""l1_ratio"": 0.0}"
1,2,61,0,0.2537723196607954,0.16450260707660466,0.04874299032331076,"{""C"": 0.014432831654196551, ""class_weight"": null, ""l1_ratio"": 0.0}"
1,2,67,0,0.24962064820701235,0.1574077024623949,0.05779180235134788,"{""C"": 0.014432831654196551, ""class_weight"": null, ""l1_ratio"": 0.0}"
1,2,75,0,0.3284693521569222,0.25311490111356555,0.057461108141660534,"{""C"": 0.014432831654196551, ""class_weight"": null, ""l1_ratio"": 0.0}"
1,2,76,0,0.5851415491916192,0.6072930224282261,0.059943932153974755,"{""C"": 0.014432831654196551, ""class_weight"": null, ""l1_ratio"": 0.0}"
1,2,83,0,0.5001306736135502,0.5059841016639742,0.0987789148477424,"{""C"": 0.014432831654196551, ""class_weight"": null, ""l1_ratio"": 0.0}"
1,2,87,1,0.575047563514292,0.6012459022461532,0.050975647675336196,"{""C"": 0.014432831654196551, ""class_weight"": null, ""l1_ratio"": 0.0}"
1,2,90,1,0.3806021966041737,0.3202780419959157,0.05169874721861892,"{""C"": 0.014432831654196551, ""class_weight"": null, ""l1_ratio"": 0.0}"
1,2,95,1,0.3621191698683812,0.3019556175685519,0.04094931995209842,"{""C"": 0.014432831654196551, ""class_weight"": null, ""l1_ratio"": 0.0}"
1,2,106,0,0.44434456619013396,0.4040281218837484,0.048902389682938405,"{""C"": 0.014432831654196551, ""class_weight"": null, ""l1_ratio"": 0.0}"
1,2,107,1,0.42137549388334394,0.38020188031545726,0.06887022817018734,"{""C"": 0.014432831654196551, ""class_weight"": null, ""l1_ratio"": 0.0}"
1,2,110,1,0.3396568449377756,0.2592153033123924,0.05637430213129987,"{""C"": 0.014432831654196551, ""class_weight"": null, ""l1_ratio"": 0.0}"
1,2,121,0,0.5353985014862673,0.5535091397000248,0.036772463674105055,"{""C"": 0.014432831654196551, ""class_weight"": null, ""l1_ratio"": 0.0}"
1,2,122,1,0.5316483985682096,0.5352435998566765,0.020257508542402675,"{""C"": 0.014432831654196551, ""class_weight"": null, ""l1_ratio"": 0.0}"
1,2,125,1,0.30290246184395775,0.2181654241765824,0.043666233848903405,"{""C"": 0.014432831654196551, ""class_weight"": null, ""l1_ratio"": 0.0}"
1,2,128,0,0.5371731569628939,0.5546838499083702,0.07891998076395774,"{""C"": 0.014432831654196551, ""class_weight"": null, ""l1_ratio"": 0.0}"
1,2,129,0,0.31471890687275705,0.24174298826113957,0.04149428381891109,"{""C"": 0.014432831654196551, ""class_weight"": null, ""l1_ratio"": 0.0}"
1,2,136,0,0.30246523858851776,0.22128067840310353,0.057257375620589766,"{""C"": 0.014432831654196551, ""class_weight"": null, ""l1_ratio"": 0.0}"
1,2,138,1,0.507790746740863,0.515097178174778,0.0719678848563625,"{""C"": 0.014432831654196551, ""class_weight"": null, ""l1_ratio"": 0.0}"
1,2,139,1,0.5491357805505043,0.5750104814035318,0.051707340988987174,"{""C"": 0.014432831654196551, ""class_weight"": null, ""l1_ratio"": 0.0}"
1,2,140,0,0.3160128681480099,0.24342792600804591,0.040814084565032445,"{""C"": 0.014432831654196551, ""class_weight"": null, ""l1_ratio"": 0.0}"
1,2,141,0,0.48180893204222863,0.4575214500167803,0.07268946643567976,"{""C"": 0.014432831654196551, ""class_weight"": null, ""l1_ratio"": 0.0}"
1,2,145,1,0.49773568657416584,0.49370541840926074,0.031221714960572706,"{""C"": 0.014432831654196551, ""class_weight"": null, ""l1_ratio"": 0.0}"
1,2,146,0,0.7496638552759102,0.8225124439859665,0.06618676977174565,"{""C"": 0.014432831654196551, ""class_weight"": null, ""l1_ratio"": 0.0}"
1,2,154,0,0.37498711066971757,0.3120534293546021,0.052972240325185535,"{""C"": 0.014432831654196551, ""class_weight"": null, ""l1_ratio"": 0.0}"
1,2,156,1,0.4968856364269119,0.4958098077253569,0.04268952609318655,"{""C"": 0.014432831654196551, ""class_weight"": null, ""l1_ratio"": 0.0}"
1,2,162,0,0.3864773727770789,0.3283726958750982,0.03175300093930704,"{""C"": 0.014432831654196551, ""class_weight"": null, ""l1_ratio"": 0.0}"
1,2,176,0,0.3381895233922147,0.2608848357807088,0.04706029482203457,"{""C"": 0.014432831654196551, ""class_weight"": null, ""l1_ratio"": 0.0}"
1,2,180,0,0.3704161825401648,0.3040861585801795,0.03925352244259607,"{""C"": 0.014432831654196551, ""class_weight"": null, ""l1_ratio"": 0.0}"
1,2,183,0,0.3331661659945526,0.2491413308633968,0.058839151000982255,"{""C"": 0.014432831654196551, ""class_weight"": null, ""l1_ratio"": 0.0}"
1,2,216,0,0.43841123056352244,0.4036388703471479,0.04430726199421069,"{""C"": 0.014432831654196551, ""class_weight"": null, ""l1_ratio"": 0.0}"
1,2,218,0,0.3923398138805926,0.3381733923334408,0.057076184742212814,"{""C"": 0.014432831654196551, ""class_weight"": null, ""l1_ratio"": 0.0}"
1,2,219,1,0.2607440396567627,0.17251866438946947,0.05580198183925573,"{""C"": 0.014432831654196551, ""class_weight"": null, ""l1_ratio"": 0.0}"
1,2,220,1,0.6753875653417428,0.7422160348395808,0.06384045603013432,"{""C"": 0.014432831654196551, ""class_weight"": null, ""l1_ratio"": 0.0}"
1,2,223,1,0.32705419265474267,0.25125926703199,0.045717173860428444,"{""C"": 0.014432831654196551, ""class_weight"": null, ""l1_ratio"": 0.0}"
1,2,226,1,0.41774982540567573,0.3655675899785044,0.030574147163480885,"{""C"": 0.014432831654196551, ""class_weight"": null, ""l1_ratio"": 0.0}"
1,2,228,0,0.446799872153021,0.4133700475358776,0.07764705322581833,"{""C"": 0.014432831654196551, ""class_weight"": null, ""l1_ratio"": 0.0}"
1,2,234,0,0.398115551556568,0.3377233267142804,0.051504953424545086,"{""C"": 0.014432831654196551, ""class_weight"": null, ""l1_ratio"": 0.0}"
1,2,235,1,0.6766040676785069,0.724196459199097,0.09998105948876512,"{""C"": 0.014432831654196551, ""class_weight"": null, ""l1_ratio"": 0.0}"
1,2,252,0,0.44116838273343617,0.40653815730008674,0.09874727166314749,"{""C"": 0.014432831654196551, ""class_weight"": null, ""l1_ratio"": 0.0}"
1,2,254,0,0.336829159351428,0.26040668639759434,0.06343334520746573,"{""C"": 0.014432831654196551, ""class_weight"": null, ""l1_ratio"": 0.0}"
1,2,258,0,0.3148235743328099,0.2408136831473457,0.044419067441196676,"{""C"": 0.014432831654196551, ""class_weight"": null, ""l1_ratio"": 0.0}"
1,2,274,0,0.513526406975195,0.5274978916159948,0.04132828044562534,"{""C"": 0.014432831654196551, ""class_weight"": null, ""l1_ratio"": 0.0}"
1,2,276,0,0.3123722957876711,0.22491910160086456,0.068355783792282,"{""C"": 0.014432831654196551, ""class_weight"": null, ""l1_ratio"": 0.0}"
1,2,279,1,0.284446508361427,0.19489969028694085,0.05182565102149648,"{""C"": 0.014432831654196551, ""class_weight"": null, ""l1_ratio"": 0.0}"
1,2,285,0,0.29873699258442005,0.21362412675165715,0.059279235061738274,"{""C"": 0.014432831654196551, ""class_weight"": null, ""l1_ratio"": 0.0}"
1,2,294,1,0.2829101640820794,0.20449823797390318,0.049207448542662784,"{""C"": 0.014432831654196551, ""class_weight"": null, ""l1_ratio"": 0.0}"
1,3,8,0,0.008938420598446748,0.14753323981950955,0.056074868987859905,"{""C"": 5.15233047490172, ""class_weight"": ""balanced"", ""l1_ratio"": 0.0}"
1,3,9,1,0.39549231064895995,0.3785874246508808,0.03226071016703746,"{""C"": 5.15233047490172, ""class_weight"": ""balanced"", ""l1_ratio"": 0.0}"
1,3,12,0,0.8645007889902127,0.536448218283145,0.022934674384928952,"{""C"": 5.15233047490172, ""class_weight"": ""balanced"", ""l1_ratio"": 0.0}"
1,3,13,0,0.8425122368937658,0.5397371495542135,0.04639268576251311,"{""C"": 5.15233047490172, ""class_weight"": ""balanced"", ""l1_ratio"": 0.0}"
1,3,19,1,0.7092548282700505,0.4810055419058023,0.07368428718050198,"{""C"": 5.15233047490172, ""class_weight"": ""balanced"", ""l1_ratio"": 0.0}"
1,3,20,1,0.13258350099426963,0.2909969432331897,0.05939134685389332,"{""C"": 5.15233047490172, ""class_weight"": ""balanced"", ""l1_ratio"": 0.0}"
1,3,21,1,0.6060419236063226,0.4473917627803723,0.052513578214448194,"{""C"": 5.15233047490172, ""class_weight"": ""balanced"", ""l1_ratio"": 0.0}"
1,3,35,0,0.09937014885514672,0.2679326298325116,0.04631976288073359,"{""C"": 5.15233047490172, ""class_weight"": ""balanced"", ""l1_ratio"": 0.0}"
1,3,37,1,0.39043959880140583,0.33314079181384115,0.08880222235295893,"{""C"": 5.15233047490172, ""class_weight"": ""balanced"", ""l1_ratio"": 0.0}"
1,3,38,0,0.2697536681557894,0.32666600542533175,0.08213914590933005,"{""C"": 5.15233047490172, ""class_weight"": ""balanced"", ""l1_ratio"": 0.0}"
1,3,41,0,0.0868985093434275,0.26323130321600074,0.04119070449078064,"{""C"": 5.15233047490172, ""class_weight"": ""balanced"", ""l1_ratio"": 0.0}"
1,3,42,0,0.03629313106502942,0.20637880376948364,0.03919307526257448,"{""C"": 5.15233047490172, ""class_weight"": ""balanced"", ""l1_ratio"": 0.0}"
1,3,48,0,0.005781385411237496,0.14627785684518996,0.05720314366890484,"{""C"": 5.15233047490172, ""class_weight"": ""balanced"", ""l1_ratio"": 0.0}"
1,3,49,0,0.30337842172996843,0.3538439065181921,0.10765864045638561,"{""C"": 5.15233047490172, ""class_weight"": ""balanced"", ""l1_ratio"": 0.0}"
1,3,50,1,0.24938336708534042,0.35059959665961216,0.0825018399148533,"{""C"": 5.15233047490172, ""class_weight"": ""balanced"", ""l1_ratio"": 0.0}"
1,3,69,1,0.07170730801930354,0.27012831054000547,0.07962691435449828,"{""C"": 5.15233047490172, ""class_weight"": ""balanced"", ""l1_ratio"": 0.0}"
1,3,79,0,0.5492349020278701,0.4268739855540886,0.0703469369200002,"{""C"": 5.15233047490172, ""class_weight"": ""balanced"", ""l1_ratio"": 0.0}"
1,3,80,1,0.5793516785909031,0.4462923611382797,0.06678837212945053,"{""C"": 5.15233047490172, ""class_weight"": ""balanced"", ""l1_ratio"": 0.0}"
1,3,86,1,0.9781923720891907,0.6786346671601331,0.11557330138898136,"{""C"": 5.15233047490172, ""class_weight"": ""balanced"", ""l1_ratio"": 0.0}"
1,3,88,1,0.589581066943474,0.453510884197336,0.08516529530866634,"{""C"": 5.15233047490172, ""class_weight"": ""balanced"", ""l1_ratio"": 0.0}"
1,3,93,0,0.9518834408746695,0.6326457841444606,0.09120214685175258,"{""C"": 5.15233047490172, ""class_weight"": ""balanced"", ""l1_ratio"": 0.0}"
1,3,102,0,0.5052992634002416,0.4183033755137484,0.036211697565152606,"{""C"": 5.15233047490172, ""class_weight"": ""balanced"", ""l1_ratio"": 0.0}"
1,3,103,1,0.11974062186127557,0.3069847209409704,0.03791664712690969,"{""C"": 5.15233047490172, ""class_weight"": ""balanced"", ""l1_ratio"": 0.0}"
1,3,109,1,0.8352074524420415,0.5255513167063774,0.05979998938810374,"{""C"": 5.15233047490172, ""class_weight"": ""balanced"", ""l1_ratio"": 0.0}"
1,3,111,1,0.08066081162493566,0.26216806864594033,0.06283389873112122,"{""C"": 5.15233047490172, ""class_weight"": ""balanced"", ""l1_ratio"": 0.0}"
1,3,117,1,0.9758920186601611,0.6646044311870636,0.09648867213809721,"{""C"": 5.15233047490172, ""class_weight"": ""balanced"", ""l1_ratio"": 0.0}"
1,3,126,0,0.9798823616480826,0.6630035885674314,0.0901184236142512,"{""C"": 5.15233047490172, ""class_weight"": ""balanced"", ""l1_ratio"": 0.0}"
1,3,143,0,0.0017787219196931789,0.10944185390916487,0.05345102640149423,"{""C"": 5.15233047490172, ""class_weight"": ""balanced"", ""l1_ratio"": 0.0}"
1,3,149,1,0.6120287161912857,0.45422993008504686,0.06734880511832046,"{""C"": 5.15233047490172, ""class_weight"": ""balanced"", ""l1_ratio"": 0.0}"
1,3,159,0,0.890647348868889,0.5585420833412391,0.08629676887896041,"{""C"": 5.15233047490172, ""class_weight"": ""balanced"", ""l1_ratio"": 0.0}"
1,3,163,1,0.21723646438097663,0.2886186760016889,0.09060473313382698,"{""C"": 5.15233047490172, ""class_weight"": ""balanced"", ""l1_ratio"": 0.0}"
1,3,169,0,0.008222750934007709,0.15779824538021675,0.060347210304526284,"{""C"": 5.15233047490172, ""class_weight"": ""balanced"", ""l1_ratio"": 0.0}"
1,3,172,0,0.2798560244875822,0.3535507539279926,0.04747908806060533,"{""C"": 5.15233047490172, ""class_weight"": ""balanced"", ""l1_ratio"": 0.0}"
1,3,173,1,0.9814247955233646,0.6785036548417033,0.057275446978232454,"{""C"": 5.15233047490172, ""class_weight"": ""balanced"", ""l1_ratio"": 0.0}"
1,3,181,1,0.12329903371494537,0.2888384681306849,0.07377265474060962,"{""C"": 5.15233047490172, ""class_weight"": ""balanced"", ""l1_ratio"": 0.0}"
1,3,197,1,0.10648781994377099,0.2836227079784894,0.07014888874480568,"{""C"": 5.15233047490172, ""class_weight"": ""balanced"", ""l1_ratio"": 0.0}"
1,3,199,0,0.3803059836777476,0.3787690406137224,0.048259314093736565,"{""C"": 5.15233047490172, ""class_weight"": ""balanced"", ""l1_ratio"": 0.0}"
1,3,200,0,0.26553297860085573,0.34530330051280933,0.07554776271409348,"{""C"": 5.15233047490172, ""class_weight"": ""balanced"", ""l1_ratio"": 0.0}"
1,3,203,0,0.2070466914721355,0.3044587523354929,0.06697596193801177,"{""C"": 5.15233047490172, ""class_weight"": ""balanced"", ""l1_ratio"": 0.0}"
1,3,207,0,0.8526883947787651,0.5362060226585765,0.0665366492957849,"{""C"": 5.15233047490172, ""class_weight"": ""balanced"", ""l1_ratio"": 0.0}"
1,3,210,0,0.1482468458320603,0.30035800530480794,0.03604794880304468,"{""C"": 5.15233047490172, ""class_weight"": ""balanced"", ""l1_ratio"": 0.0}"
1,3,214,0,0.6937728327479419,0.47489618513464055,0.05815846108006559,"{""C"": 5.15233047490172, ""class_weight"": ""balanced"", ""l1_ratio"": 0.0}"
1,3,225,0,0.526123102814985,0.4206637299646925,0.04555590533743529,"{""C"": 5.15233047490172, ""class_weight"": ""balanced"", ""l1_ratio"": 0.0}"
1,3,231,0,0.6381243725617374,0.4682669061561947,0.06949693528296244,"{""C"": 5.15233047490172, ""class_weight"": ""balanced"", ""l1_ratio"": 0.0}"
1,3,237,0,0.11825701354922619,0.2787695415200705,0.03392182859578063,"{""C"": 5.15233047490172, ""class_weight"": ""balanced"", ""l1_ratio"": 0.0}"
1,3,244,1,0.1784556725870178,0.3075227173268635,0.03542821401951999,"{""C"": 5.15233047490172, ""class_weight"": ""balanced"", ""l1_ratio"": 0.0}"
1,3,245,1,0.21925738382807364,0.3448081785766367,0.05261628774368504,"{""C"": 5.15233047490172, ""class_weight"": ""balanced"", ""l1_ratio"": 0.0}"
1,3,248,1,0.9756367655587515,0.6565444812921435,0.11730525045912092,"{""C"": 5.15233047490172, ""class_weight"": ""balanced"", ""l1_ratio"": 0.0}"
1,3,250,0,0.9269159837078021,0.5928074614403129,0.07613194410842368,"{""C"": 5.15233047490172, ""class_weight"": ""balanced"", ""l1_ratio"": 0.0}"
1,3,257,0,0.38755060840260197,0.37869712476495515,0.024582807178222713,"{""C"": 5.15233047490172, ""class_weight"": ""balanced"", ""l1_ratio"": 0.0}"
1,3,260,1,0.24414658050567106,0.32533665771092624,0.05062849265607475,"{""C"": 5.15233047490172, ""class_weight"": ""balanced"", ""l1_ratio"": 0.0}"
1,3,261,0,0.06669565110240036,0.2523457965690919,0.033914687641317234,"{""C"": 5.15233047490172, ""class_weight"": ""balanced"", ""l1_ratio"": 0.0}"
1,3,270,0,0.013505885205706539,0.17325273611911157,0.04644541733754154,"{""C"": 5.15233047490172, ""class_weight"": ""balanced"", ""l1_ratio"": 0.0}"
1,3,290,0,0.3127205831820186,0.3577775425797288,0.07094006615158835,"{""C"": 5.15233047490172, ""class_weight"": ""balanced"", ""l1_ratio"": 0.0}"
1,3,291,0,0.2572312868684169,0.3389997898480164,0.03887068433671095,"{""C"": 5.15233047490172, ""class_weight"": ""balanced"", ""l1_ratio"": 0.0}"
1,3,295,0,0.08731091271467722,0.2536501539044875,0.08962077354544148,"{""C"": 5.15233047490172, ""class_weight"": ""balanced"", ""l1_ratio"": 0.0}"
1,3,296,0,0.11599852319680169,0.28293373347700507,0.032571844184814264,"{""C"": 5.15233047490172, ""class_weight"": ""balanced"", ""l1_ratio"": 0.0}"
1,3,297,0,0.1019380507456387,0.2690311209555456,0.052002032473324675,"{""C"": 5.15233047490172, ""class_weight"": ""balanced"", ""l1_ratio"": 0.0}"
1,3,299,0,0.0002695360627950931,0.07986859751697202,0.08232189974543902,"{""C"": 5.15233047490172, ""class_weight"": ""balanced"", ""l1_ratio"": 0.0}"
1,3,300,0,0.01943130707262236,0.18501364085704639,0.0719634495660934,"{""C"": 5.15233047490172, ""class_weight"": ""balanced"", ""l1_ratio"": 0.0}"
1,4,1,1,0.6498059841858528,0.7537769456243141,0.11278053452516382,"{""C"": 0.004272486263531633, ""class_weight"": ""balanced"", ""l1_ratio"": 0.0}"
1,4,4,0,0.38639459631475936,0.1508861813136155,0.05998827634420562,"{""C"": 0.004272486263531633, ""class_weight"": ""balanced"", ""l1_ratio"": 0.0}"
1,4,11,1,0.5642676254784649,0.5542964027319679,0.10172219967363756,"{""C"": 0.004272486263531633, ""class_weight"": ""balanced"", ""l1_ratio"": 0.0}"
1,4,23,0,0.5880869987931148,0.6022509961660197,0.06692119069018201,"{""C"": 0.004272486263531633, ""class_weight"": ""balanced"", ""l1_ratio"": 0.0}"
1,4,26,0,0.4896268413657865,0.3782427767599782,0.08600152809699167,"{""C"": 0.004272486263531633, ""class_weight"": ""balanced"", ""l1_ratio"": 0.0}"
1,4,31,1,0.5614541630108528,0.5394021146925836,0.09094415366237783,"{""C"": 0.004272486263531633, ""class_weight"": ""balanced"", ""l1_ratio"": 0.0}"
1,4,32,1,0.4906162897641743,0.33450349336173146,0.04242329677618336,"{""C"": 0.004272486263531633, ""class_weight"": ""balanced"", ""l1_ratio"": 0.0}"
1,4,36,1,0.5267796967587232,0.4434566879330939,0.04482413533406943,"{""C"": 0.004272486263531633, ""class_weight"": ""balanced"", ""l1_ratio"": 0.0}"
1,4,47,1,0.5552378652718821,0.5144821472339007,0.07211058062330014,"{""C"": 0.004272486263531633, ""class_weight"": ""balanced"", ""l1_ratio"": 0.0}"
1,4,53,0,0.47988510707324755,0.31201291576902446,0.0694420364654162,"{""C"": 0.004272486263531633, ""class_weight"": ""balanced"", ""l1_ratio"": 0.0}"
1,4,54,0,0.4711464018361665,0.31613239042238256,0.03932846878740088,"{""C"": 0.004272486263531633, ""class_weight"": ""balanced"", ""l1_ratio"": 0.0}"
1,4,55,1,0.4903803431077109,0.3475250267487401,0.03159397082194458,"{""C"": 0.004272486263531633, ""class_weight"": ""balanced"", ""l1_ratio"": 0.0}"
1,4,60,0,0.4813033993873479,0.31860757503902065,0.0361728325098611,"{""C"": 0.004272486263531633, ""class_weight"": ""balanced"", ""l1_ratio"": 0.0}"
1,4,62,0,0.42061332386371764,0.1882271588519068,0.07467979169212892,"{""C"": 0.004272486263531633, ""class_weight"": ""balanced"", ""l1_ratio"": 0.0}"
1,4,63,1,0.6201382045743112,0.6883575434316519,0.08398062253970198,"{""C"": 0.004272486263531633, ""class_weight"": ""balanced"", ""l1_ratio"": 0.0}"
1,4,70,0,0.409060562718181,0.17315334785664183,0.06286758995674975,"{""C"": 0.004272486263531633, ""class_weight"": ""balanced"", ""l1_ratio"": 0.0}"
1,4,71,1,0.5846241753058413,0.6101858234404152,0.1272088150749626,"{""C"": 0.004272486263531633, ""class_weight"": ""balanced"", ""l1_ratio"": 0.0}"
1,4,73,0,0.5753169331315309,0.587893074629354,0.10516767565602576,"{""C"": 0.004272486263531633, ""class_weight"": ""balanced"", ""l1_ratio"": 0.0}"
1,4,85,1,0.4479001416730991,0.23869681281019783,0.056889641432690465,"{""C"": 0.004272486263531633, ""class_weight"": ""balanced"", ""l1_ratio"": 0.0}"
1,4,89,1,0.5435173914778292,0.4977360040340696,0.07678568262933712,"{""C"": 0.004272486263531633, ""class_weight"": ""balanced"", ""l1_ratio"": 0.0}"
1,4,100,0,0.6439287041975565,0.7398202006690215,0.14478738393964816,"{""C"": 0.004272486263531633, ""class_weight"": ""balanced"", ""l1_ratio"": 0.0}"
1,4,105,0,0.4647849432883295,0.29036753426556544,0.09821441235066528,"{""C"": 0.004272486263531633, ""class_weight"": ""balanced"", ""l1_ratio"": 0.0}"
1,4,113,0,0.3938842059620508,0.15336167416381033,0.06064909176803708,"{""C"": 0.004272486263531633, ""class_weight"": ""balanced"", ""l1_ratio"": 0.0}"
1,4,114,1,0.6991815704461678,0.8362658205011467,0.11287180815923621,"{""C"": 0.004272486263531633, ""class_weight"": ""balanced"", ""l1_ratio"": 0.0}"
1,4,118,0,0.5146029760065529,0.39741253522364944,0.05548737720166441,"{""C"": 0.004272486263531633, ""class_weight"": ""balanced"", ""l1_ratio"": 0.0}"
1,4,119,1,0.5399494473520944,0.4944478105014058,0.07909554490471911,"{""C"": 0.004272486263531633, ""class_weight"": ""balanced"", ""l1_ratio"": 0.0}"
1,4,127,0,0.5824982520847501,0.5976339509919806,0.09350193564653105,"{""C"": 0.004272486263531633, ""class_weight"": ""balanced"", ""l1_ratio"": 0.0}"
1,4,133,0,0.44851687869164214,0.23966782792060498,0.058395519039615984,"{""C"": 0.004272486263531633, ""class_weight"": ""balanced"", ""l1_ratio"": 0.0}"
1,4,142,1,0.3865243280173275,0.14637591681133053,0.06251006447702742,"{""C"": 0.004272486263531633, ""class_weight"": ""balanced"", ""l1_ratio"": 0.0}"
1,4,151,0,0.4964511632862124,0.3661626035619235,0.0553409026294244,"{""C"": 0.004272486263531633, ""class_weight"": ""balanced"", ""l1_ratio"": 0.0}"
1,4,153,0,0.5315609987163364,0.46111285074696007,0.07373345658368682,"{""C"": 0.004272486263531633, ""class_weight"": ""balanced"", ""l1_ratio"": 0.0}"
1,4,155,1,0.5399492279725394,0.4810689050826271,0.07385917095503068,"{""C"": 0.004272486263531633, ""class_weight"": ""balanced"", ""l1_ratio"": 0.0}"
1,4,160,0,0.5523547530386642,0.5187504204638074,0.09268386309056667,"{""C"": 0.004272486263531633, ""class_weight"": ""balanced"", ""l1_ratio"": 0.0}"
1,4,165,0,0.5189815647277543,0.43136850818240696,0.058319059509226605,"{""C"": 0.004272486263531633, ""class_weight"": ""balanced"", ""l1_ratio"": 0.0}"
1,4,166,0,0.4713557810569209,0.29323801763483537,0.04411030835763152,"{""C"": 0.004272486263531633, ""class_weight"": ""balanced"", ""l1_ratio"": 0.0}"
1,4,168,0,0.39172264332280293,0.15681059016775029,0.06882448295828424,"{""C"": 0.004272486263531633, ""class_weight"": ""balanced"", ""l1_ratio"": 0.0}"
1,4,171,0,0.49435067478451367,0.34990445383162017,0.073909338840275,"{""C"": 0.004272486263531633, ""class_weight"": ""balanced"", ""l1_ratio"": 0.0}"
1,4,174,1,0.6107361502655837,0.6711430610935656,0.10581227181187207,"{""C"": 0.004272486263531633, ""class_weight"": ""balanced"", ""l1_ratio"": 0.0}"
1,4,177,1,0.5417936506321852,0.4974641048247513,0.08707754470379185,"{""C"": 0.004272486263531633, ""class_weight"": ""balanced"", ""l1_ratio"": 0.0}"
1,4,188,0,0.45207285287851723,0.25380949927167606,0.057197811377038166,"{""C"": 0.004272486263531633, ""class_weight"": ""balanced"", ""l1_ratio"": 0.0}"
1,4,189,1,0.5709717836719649,0.5691900505897272,0.09551717360380835,"{""C"": 0.004272486263531633, ""class_weight"": ""balanced"", ""l1_ratio"": 0.0}"
1,4,206,1,0.5261262855218458,0.44934783819045077,0.07383333147187145,"{""C"": 0.004272486263531633, ""class_weight"": ""balanced"", ""l1_ratio"": 0.0}"
1,4,209,0,0.5910906287491756,0.6220430217956091,0.11392907185639099,"{""C"": 0.004272486263531633, ""class_weight"": ""balanced"", ""l1_ratio"": 0.0}"
1,4,213,0,0.5499170032808702,0.5141176339694813,0.07937317207711926,"{""C"": 0.004272486263531633, ""class_weight"": ""balanced"", ""l1_ratio"": 0.0}"
1,4,215,0,0.5592605228624264,0.5224589685459237,0.0686704296366367,"{""C"": 0.004272486263531633, ""class_weight"": ""balanced"", ""l1_ratio"": 0.0}"
1,4,221,1,0.561122031082731,0.5477693995364868,0.0933156373123378,"{""C"": 0.004272486263531633, ""class_weight"": ""balanced"", ""l1_ratio"": 0.0}"
1,4,224,0,0.5684204593078669,0.5632725945481669,0.07906019712180828,"{""C"": 0.004272486263531633, ""class_weight"": ""balanced"", ""l1_ratio"": 0.0}"
1,4,227,1,0.4441134237335218,0.2400508306741477,0.058668650467413985,"{""C"": 0.004272486263531633, ""class_weight"": ""balanced"", ""l1_ratio"": 0.0}"
1,4,233,0,0.4546114506726154,0.25889631247708444,0.05309553134354269,"{""C"": 0.004272486263531633, ""class_weight"": ""balanced"", ""l1_ratio"": 0.0}"
1,4,241,1,0.4843607101313632,0.3286391261069509,0.03685577935385419,"{""C"": 0.004272486263531633, ""class_weight"": ""balanced"", ""l1_ratio"": 0.0}"
1,4,243,0,0.4743914048569439,0.30854088620093834,0.031823170437002404,"{""C"": 0.004272486263531633, ""class_weight"": ""balanced"", ""l1_ratio"": 0.0}"
1,4,251,0,0.455912791529613,0.2653661157200158,0.05594586152730327,"{""C"": 0.004272486263531633, ""class_weight"": ""balanced"", ""l1_ratio"": 0.0}"
1,4,253,0,0.5232649946033713,0.43446688690601576,0.05613055046988857,"{""C"": 0.004272486263531633, ""class_weight"": ""balanced"", ""l1_ratio"": 0.0}"
1,4,271,0,0.5799958150463492,0.607074228465971,0.10949140260847608,"{""C"": 0.004272486263531633, ""class_weight"": ""balanced"", ""l1_ratio"": 0.0}"
1,4,273,1,0.6723723607833512,0.7918255982113971,0.13761073551296393,"{""C"": 0.004272486263531633, ""class_weight"": ""balanced"", ""l1_ratio"": 0.0}"
1,4,278,0,0.5322680942446781,0.4519211425151801,0.04431867853503392,"{""C"": 0.004272486263531633, ""class_weight"": ""balanced"", ""l1_ratio"": 0.0}"
1,4,280,0,0.5424184683553401,0.4813360605878456,0.09169065263269086,"{""C"": 0.004272486263531633, ""class_weight"": ""balanced"", ""l1_ratio"": 0.0}"
1,4,287,0,0.5137967071943627,0.41997381876650824,0.07530396748676083,"{""C"": 0.004272486263531633, ""class_weight"": ""balanced"", ""l1_ratio"": 0.0}"
1,4,288,1,0.47431154951806936,0.295713059998513,0.05192578431599787,"{""C"": 0.004272486263531633, ""class_weight"": ""balanced"", ""l1_ratio"": 0.0}"
1,4,293,0,0.4814021763784942,0.327626184754905,0.033949250325324046,"{""C"": 0.004272486263531633, ""class_weight"": ""balanced"", ""l1_ratio"": 0.0}"
2,0,15,1,0.4882007720306091,0.4494690619644822,0.03821155640779826,"{""C"": 0.019932549649823883, ""class_weight"": null, ""l1_ratio"": 0.0}"
2,0,21,1,0.5270111631932718,0.5142562252116598,0.07019479663167338,"{""C"": 0.019932549649823883, ""class_weight"": null, ""l1_ratio"": 0.0}"
2,0,44,0,0.3181606452605842,0.26235035354612457,0.061725688005906144,"{""C"": 0.019932549649823883, ""class_weight"": null, ""l1_ratio"": 0.0}"
2,0,45,1,0.41128326689338324,0.3685619470838533,0.05205798253645139,"{""C"": 0.019932549649823883, ""class_weight"": null, ""l1_ratio"": 0.0}"
2,0,48,0,0.3217978275473919,0.262928852698099,0.06211013245634855,"{""C"": 0.019932549649823883, ""class_weight"": null, ""l1_ratio"": 0.0}"
2,0,50,1,0.5820973647896738,0.5797111495197036,0.02791351821069515,"{""C"": 0.019932549649823883, ""class_weight"": null, ""l1_ratio"": 0.0}"
2,0,51,1,0.4199344265419439,0.36798698019053216,0.03759977296624764,"{""C"": 0.019932549649823883, ""class_weight"": null, ""l1_ratio"": 0.0}"
2,0,59,1,0.48326471137791427,0.4722304518699584,0.06478861853491041,"{""C"": 0.019932549649823883, ""class_weight"": null, ""l1_ratio"": 0.0}"
2,0,63,1,0.7480405941098277,0.781315971929003,0.034594511451129344,"{""C"": 0.019932549649823883, ""class_weight"": null, ""l1_ratio"": 0.0}"
2,0,64,0,0.23927599727089555,0.1764566954589367,0.07123242240321413,"{""C"": 0.019932549649823883, ""class_weight"": null, ""l1_ratio"": 0.0}"
2,0,65,1,0.30603908916492834,0.23540881146741016,0.03468899946801014,"{""C"": 0.019932549649823883, ""class_weight"": null, ""l1_ratio"": 0.0}"
2,0,67,0,0.25630670189581595,0.18042520492583347,0.04390719809511498,"{""C"": 0.019932549649823883, ""class_weight"": null, ""l1_ratio"": 0.0}"
2,0,72,0,0.36978874530763806,0.3073013946501543,0.05774766964553771,"{""C"": 0.019932549649823883, ""class_weight"": null, ""l1_ratio"": 0.0}"
2,0,82,1,0.8106557113393461,0.845999223056215,0.04494029235530072,"{""C"": 0.019932549649823883, ""class_weight"": null, ""l1_ratio"": 0.0}"
2,0,91,0,0.5383470276113149,0.522584773101829,0.05603450346561777,"{""C"": 0.019932549649823883, ""class_weight"": null, ""l1_ratio"": 0.0}"
2,0,93,0,0.6521996181502397,0.6629907203556077,0.04980135374335243,"{""C"": 0.019932549649823883, ""class_weight"": null, ""l1_ratio"": 0.0}"
2,0,101,1,0.741312061988933,0.7755954027252923,0.05434671977582118,"{""C"": 0.019932549649823883, ""class_weight"": null, ""l1_ratio"": 0.0}"
2,0,109,1,0.44385834728056783,0.4076033915172196,0.028637429435150987,"{""C"": 0.019932549649823883, ""class_weight"": null, ""l1_ratio"": 0.0}"
2,0,115,1,0.5459239508654041,0.5326868648040465,0.04014271240595198,"{""C"": 0.019932549649823883, ""class_weight"": null, ""l1_ratio"": 0.0}"
2,0,120,1,0.6525007082230689,0.6699009062271203,0.059365402616465716,"{""C"": 0.019932549649823883, ""class_weight"": null, ""l1_ratio"": 0.0}"
2,0,121,0,0.6182752573470854,0.6433359822732128,0.06474345900163325,"{""C"": 0.019932549649823883, ""class_weight"": null, ""l1_ratio"": 0.0}"
2,0,125,1,0.3318827185188511,0.26611663792425205,0.03361074521749784,"{""C"": 0.019932549649823883, ""class_weight"": null, ""l1_ratio"": 0.0}"
2,0,128,0,0.5257936686540571,0.5206989810466909,0.037778412564222694,"{""C"": 0.019932549649823883, ""class_weight"": null, ""l1_ratio"": 0.0}"
2,0,134,0,0.3639582967716378,0.30634082765642073,0.020631239596227355,"{""C"": 0.019932549649823883, ""class_weight"": null, ""l1_ratio"": 0.0}"
2,0,135,0,0.4058633843706048,0.35539785814148345,0.0301280640800879,"{""C"": 0.019932549649823883, ""class_weight"": null, ""l1_ratio"": 0.0}"
2,0,137,0,0.3406613641993504,0.27753680800064,0.041822771888081374,"{""C"": 0.019932549649823883, ""class_weight"": null, ""l1_ratio"": 0.0}"
2,0,144,1,0.3718287959642707,0.32258659213760615,0.03771616747833815,"{""C"": 0.019932549649823883, ""class_weight"": null, ""l1_ratio"": 0.0}"
2,0,145,1,0.5255326075848802,0.526117763235532,0.07293121411893949,"{""C"": 0.019932549649823883, ""class_weight"": null, ""l1_ratio"": 0.0}"
2,0,146,0,0.7683057839854467,0.807290689443894,0.054964990689795136,"{""C"": 0.019932549649823883, ""class_weight"": null, ""l1_ratio"": 0.0}"
2,0,151,0,0.4594087486174392,0.43261776580786976,0.031555908471095864,"{""C"": 0.019932549649823883, ""class_weight"": null, ""l1_ratio"": 0.0}"
2,0,153,0,0.4644955178918214,0.43406880606201537,0.03188716512927963,"{""C"": 0.019932549649823883, ""class_weight"": null, ""l1_ratio"": 0.0}"
2,0,161,0,0.7990560749253158,0.8380042365717099,0.058483030194414524,"{""C"": 0.019932549649823883, ""class_weight"": null, ""l1_ratio"": 0.0}"
2,0,162,0,0.35503863746123543,0.30095865320221193,0.01734505016363473,"{""C"": 0.019932549649823883, ""class_weight"": null, ""l1_ratio"": 0.0}"
2,0,166,0,0.3854987242360506,0.3324379150802886,0.05019803258373115,"{""C"": 0.019932549649823883, ""class_weight"": null, ""l1_ratio"": 0.0}"
2,0,171,0,0.5163643105499998,0.5027331842520735,0.06079123041481372,"{""C"": 0.019932549649823883, ""class_weight"": null, ""l1_ratio"": 0.0}"
2,0,174,1,0.6446944606351378,0.6684968637168189,0.06733664649258837,"{""C"": 0.019932549649823883, ""class_weight"": null, ""l1_ratio"": 0.0}"
2,0,175,0,0.35502876187137583,0.2926825100823841,0.024735746019458698,"{""C"": 0.019932549649823883, ""class_weight"": null, ""l1_ratio"": 0.0}"
2,0,177,1,0.5597538564662289,0.5518575547065613,0.04574164519626439,"{""C"": 0.019932549649823883, ""class_weight"": null, ""l1_ratio"": 0.0}"
2,0,184,1,0.2444022043936835,0.17303583211616302,0.05820431076177931,"{""C"": 0.019932549649823883, ""class_weight"": null, ""l1_ratio"": 0.0}"
2,0,196,0,0.30159390287641075,0.23790892255795754,0.018539833568388987,"{""C"": 0.019932549649823883, ""class_weight"": null, ""l1_ratio"": 0.0}"
2,0,198,0,0.619591476021451,0.633934276326489,0.08724313895342574,"{""C"": 0.019932549649823883, ""class_weight"": null, ""l1_ratio"": 0.0}"
2,0,199,0,0.342941208650417,0.2821650153720747,0.04719845406456391,"{""C"": 0.019932549649823883, ""class_weight"": null, ""l1_ratio"": 0.0}"
2,0,208,0,0.2763977102572575,0.2089788490340875,0.01719362246802118,"{""C"": 0.019932549649823883, ""class_weight"": null, ""l1_ratio"": 0.0}"
2,0,212,0,0.12375728152573566,0.07156733533343392,0.019759512070685593,"{""C"": 0.019932549649823883, ""class_weight"": null, ""l1_ratio"": 0.0}"
2,0,213,0,0.5262764390803211,0.5041370397154904,0.02571067099068102,"{""C"": 0.019932549649823883, ""class_weight"": null, ""l1_ratio"": 0.0}"
2,0,218,0,0.4279922895296138,0.3842534918301914,0.039939037787299805,"{""C"": 0.019932549649823883, ""class_weight"": null, ""l1_ratio"": 0.0}"
2,0,219,1,0.2555102830992906,0.1834623318759138,0.04585871414165367,"{""C"": 0.019932549649823883, ""class_weight"": null, ""l1_ratio"": 0.0}"
2,0,224,0,0.5683329504471819,0.5592327158856412,0.017596216528644713,"{""C"": 0.019932549649823883, ""class_weight"": null, ""l1_ratio"": 0.0}"
2,0,225,0,0.3576379573020016,0.2940621219803103,0.012304936655742763,"{""C"": 0.019932549649823883, ""class_weight"": null, ""l1_ratio"": 0.0}"
2,0,229,1,0.3632065223381551,0.305982852525354,0.032528091964521916,"{""C"": 0.019932549649823883, ""class_weight"": null, ""l1_ratio"": 0.0}"
2,0,231,0,0.5669264679371437,0.5673690942528401,0.0655422970752194,"{""C"": 0.019932549649823883, ""class_weight"": null, ""l1_ratio"": 0.0}"
2,0,235,1,0.7235128757422042,0.7488268908362616,0.061235648257882185,"{""C"": 0.019932549649823883, ""class_weight"": null, ""l1_ratio"": 0.0}"
2,0,236,1,0.2508923921604544,0.18377672589352417,0.0334083010838603,"{""C"": 0.019932549649823883, ""class_weight"": null, ""l1_ratio"": 0.0}"
2,0,244,1,0.34676929371393733,0.2921628453212945,0.010050165237874869,"{""C"": 0.019932549649823883, ""class_weight"": null, ""l1_ratio"": 0.0}"
2,0,253,0,0.422825586668406,0.3703464347025323,0.044242283078367216,"{""C"": 0.019932549649823883, ""class_weight"": null, ""l1_ratio"": 0.0}"
2,0,271,0,0.5799809657795538,0.5834074121490556,0.07496466812498961,"{""C"": 0.019932549649823883, ""class_weight"": null, ""l1_ratio"": 0.0}"
2,0,275,0,0.37524980879341807,0.32704337330140126,0.02826204806676569,"{""C"": 0.019932549649823883, ""class_weight"": null, ""l1_ratio"": 0.0}"
2,0,290,0,0.28655354571294195,0.21742708973808597,0.03597568947727326,"{""C"": 0.019932549649823883, ""class_weight"": null, ""l1_ratio"": 0.0}"
2,0,291,0,0.33941161343277604,0.28123775020096736,0.02737441712522722,"{""C"": 0.019932549649823883, ""class_weight"": null, ""l1_ratio"": 0.0}"
2,0,293,0,0.3765853326266709,0.32147614198427327,0.026270151477791395,"{""C"": 0.019932549649823883, ""class_weight"": null, ""l1_ratio"": 0.0}"
2,0,302,0,0.3436803703637604,0.2723735885475721,0.04631623997260499,"{""C"": 0.019932549649823883, ""class_weight"": null, ""l1_ratio"": 0.0}"
2,1,0,0,0.4697158392069108,0.27578323239636554,0.016625403255959077,"{""C"": 0.003450748351909824, ""class_weight"": ""balanced"", ""l1_ratio"": 0.0}"
2,1,3,0,0.4500068435399,0.2377690010404761,0.0300759912832246,"{""C"": 0.003450748351909824, ""class_weight"": ""balanced"", ""l1_ratio"": 0.0}"
2,1,6,0,0.48786373532802624,0.3291578494599346,0.03339416356808798,"{""C"": 0.003450748351909824, ""class_weight"": ""balanced"", ""l1_ratio"": 0.0}"
2,1,7,1,0.5242944378594765,0.4450316705817913,0.06507920383489908,"{""C"": 0.003450748351909824, ""class_weight"": ""balanced"", ""l1_ratio"": 0.0}"
2,1,11,1,0.5703511210745275,0.5985950369821416,0.05400942049909481,"{""C"": 0.003450748351909824, ""class_weight"": ""balanced"", ""l1_ratio"": 0.0}"
2,1,17,0,0.47847962390673165,0.29891812822661096,0.0279198859349711,"{""C"": 0.003450748351909824, ""class_weight"": ""balanced"", ""l1_ratio"": 0.0}"
2,1,18,0,0.4903980757351261,0.3311897985266284,0.03501967392113197,"{""C"": 0.003450748351909824, ""class_weight"": ""balanced"", ""l1_ratio"": 0.0}"
2,1,30,0,0.5285453366146194,0.45123427238604225,0.038652695924129406,"{""C"": 0.003450748351909824, ""class_weight"": ""balanced"", ""l1_ratio"": 0.0}"
2,1,33,1,0.5563436288619233,0.5468512167218929,0.04776238132949754,"{""C"": 0.003450748351909824, ""class_weight"": ""balanced"", ""l1_ratio"": 0.0}"
2,1,34,0,0.5623525939203146,0.5763688031203273,0.10320851724454973,"{""C"": 0.003450748351909824, ""class_weight"": ""balanced"", ""l1_ratio"": 0.0}"
2,1,39,1,0.5364884059423329,0.485430791733141,0.06040501220575899,"{""C"": 0.003450748351909824, ""class_weight"": ""balanced"", ""l1_ratio"": 0.0}"
2,1,56,1,0.53128585347702,0.4674742815759377,0.015393556460560738,"{""C"": 0.003450748351909824, ""class_weight"": ""balanced"", ""l1_ratio"": 0.0}"
2,1,58,1,0.4905223422465755,0.3306524940009323,0.02369809606703573,"{""C"": 0.003450748351909824, ""class_weight"": ""balanced"", ""l1_ratio"": 0.0}"
2,1,60,0,0.45581419392043476,0.24161642547832746,0.028296620632564523,"{""C"": 0.003450748351909824, ""class_weight"": ""balanced"", ""l1_ratio"": 0.0}"
2,1,74,1,0.6042802848449491,0.70000595856332,0.05687726365773716,"{""C"": 0.003450748351909824, ""class_weight"": ""balanced"", ""l1_ratio"": 0.0}"
2,1,80,1,0.4897021810141341,0.3366393989986709,0.04689572923219543,"{""C"": 0.003450748351909824, ""class_weight"": ""balanced"", ""l1_ratio"": 0.0}"
2,1,84,0,0.5274111212204645,0.44793960117158854,0.04702240214517524,"{""C"": 0.003450748351909824, ""class_weight"": ""balanced"", ""l1_ratio"": 0.0}"
2,1,85,1,0.47041628667744645,0.27627793674850254,0.02959001808295598,"{""C"": 0.003450748351909824, ""class_weight"": ""balanced"", ""l1_ratio"": 0.0}"
2,1,88,1,0.5309522819953761,0.4597996215941923,0.03948268008390409,"{""C"": 0.003450748351909824, ""class_weight"": ""balanced"", ""l1_ratio"": 0.0}"
2,1,97,1,0.5322320636764589,0.46821699460958943,0.03934664564245768,"{""C"": 0.003450748351909824, ""class_weight"": ""balanced"", ""l1_ratio"": 0.0}"
2,1,99,0,0.43951326791516504,0.2040369763110072,0.032951809136423045,"{""C"": 0.003450748351909824, ""class_weight"": ""balanced"", ""l1_ratio"": 0.0}"
2,1,104,1,0.47851033802189363,0.2986585435136576,0.04018189411504464,"{""C"": 0.003450748351909824, ""class_weight"": ""balanced"", ""l1_ratio"": 0.0}"
2,1,112,1,0.48842759761561116,0.3261095804075983,0.014836280524747187,"{""C"": 0.003450748351909824, ""class_weight"": ""balanced"", ""l1_ratio"": 0.0}"
2,1,114,1,0.6561882048639585,0.8217817349269094,0.06717727091501735,"{""C"": 0.003450748351909824, ""class_weight"": ""balanced"", ""l1_ratio"": 0.0}"
2,1,116,0,0.4937722711009203,0.34971423265086055,0.04031574781242179,"{""C"": 0.003450748351909824, ""class_weight"": ""balanced"", ""l1_ratio"": 0.0}"
2,1,117,1,0.5500016336902063,0.5215754117373147,0.019839814380661076,"{""C"": 0.003450748351909824, ""class_weight"": ""balanced"", ""l1_ratio"": 0.0}"
2,1,118,0,0.5377601828676255,0.4844218410143565,0.046962946029778255,"{""C"": 0.003450748351909824, ""class_weight"": ""balanced"", ""l1_ratio"": 0.0}"
2,1,132,0,0.4874105817849697,0.32587739717063197,0.044958228571425236,"{""C"": 0.003450748351909824, ""class_weight"": ""balanced"", ""l1_ratio"": 0.0}"
2,1,139,1,0.5685498546602723,0.5885124097487145,0.028014791488239783,"{""C"": 0.003450748351909824, ""class_weight"": ""balanced"", ""l1_ratio"": 0.0}"
2,1,152,0,0.5038795540550202,0.3757798679687923,0.02997065014295263,"{""C"": 0.003450748351909824, ""class_weight"": ""balanced"", ""l1_ratio"": 0.0}"
2,1,155,1,0.5392966558588341,0.48374544889478716,0.04581228104269938,"{""C"": 0.003450748351909824, ""class_weight"": ""balanced"", ""l1_ratio"": 0.0}"
2,1,156,1,0.5689963220336499,0.5917831512485874,0.04345061376405691,"{""C"": 0.003450748351909824, ""class_weight"": ""balanced"", ""l1_ratio"": 0.0}"
2,1,159,0,0.5327138917520245,0.4702790248073768,0.044553107396998644,"{""C"": 0.003450748351909824, ""class_weight"": ""balanced"", ""l1_ratio"": 0.0}"
2,1,163,1,0.5617734450043965,0.5738132761215822,0.085598985320418,"{""C"": 0.003450748351909824, ""class_weight"": ""balanced"", ""l1_ratio"": 0.0}"
2,1,165,0,0.5124182170515431,0.4040627172551174,0.044519991184488246,"{""C"": 0.003450748351909824, ""class_weight"": ""balanced"", ""l1_ratio"": 0.0}"
2,1,172,0,0.4860915127192714,0.3183973872965823,0.047535131357245776,"{""C"": 0.003450748351909824, ""class_weight"": ""balanced"", ""l1_ratio"": 0.0}"
2,1,176,0,0.46635170280076826,0.2667492128527495,0.022126810323655235,"{""C"": 0.003450748351909824, ""class_weight"": ""balanced"", ""l1_ratio"": 0.0}"
2,1,180,0,0.4725548710100846,0.2828709112176713,0.023657222032834557,"{""C"": 0.003450748351909824, ""class_weight"": ""balanced"", ""l1_ratio"": 0.0}"
2,1,183,0,0.47980917071327844,0.30235380133023887,0.017401222830321025,"{""C"": 0.003450748351909824, ""class_weight"": ""balanced"", ""l1_ratio"": 0.0}"
2,1,188,0,0.4573327941615278,0.2445038914320355,0.03062571528353401,"{""C"": 0.003450748351909824, ""class_weight"": ""balanced"", ""l1_ratio"": 0.0}"
2,1,189,1,0.5593947796502706,0.5549485112410253,0.03494164955158077,"{""C"": 0.003450748351909824, ""class_weight"": ""balanced"", ""l1_ratio"": 0.0}"
2,1,190,0,0.4728174655077889,0.28870695448546096,0.029718594346746806,"{""C"": 0.003450748351909824, ""class_weight"": ""balanced"", ""l1_ratio"": 0.0}"
2,1,203,0,0.459007801086513,0.2478684488898948,0.04165351081192353,"{""C"": 0.003450748351909824, ""class_weight"": ""balanced"", ""l1_ratio"": 0.0}"
2,1,207,0,0.5388255470553766,0.489796011991105,0.023482358191151322,"{""C"": 0.003450748351909824, ""class_weight"": ""balanced"", ""l1_ratio"": 0.0}"
2,1,210,0,0.4410873686657333,0.2043132769671836,0.026281221895425592,"{""C"": 0.003450748351909824, ""class_weight"": ""balanced"", ""l1_ratio"": 0.0}"
2,1,215,0,0.5564427900267711,0.544598823193855,0.03701629881955935,"{""C"": 0.003450748351909824, ""class_weight"": ""balanced"", ""l1_ratio"": 0.0}"
2,1,220,1,0.6088900533249968,0.7097119636463466,0.027106256696054716,"{""C"": 0.003450748351909824, ""class_weight"": ""balanced"", ""l1_ratio"": 0.0}"
2,1,228,0,0.4877268196042185,0.3269004603141307,0.031329003125121144,"{""C"": 0.003450748351909824, ""class_weight"": ""balanced"", ""l1_ratio"": 0.0}"
2,1,237,0,0.4335108593654455,0.19257482354220784,0.03230320755183493,"{""C"": 0.003450748351909824, ""class_weight"": ""balanced"", ""l1_ratio"": 0.0}"
2,1,239,0,0.5235664510068041,0.4366071088799928,0.035664710917227505,"{""C"": 0.003450748351909824, ""class_weight"": ""balanced"", ""l1_ratio"": 0.0}"
2,1,241,1,0.5015873991027059,0.36562592360547785,0.015430641120868541,"{""C"": 0.003450748351909824, ""class_weight"": ""balanced"", ""l1_ratio"": 0.0}"
2,1,247,0,0.4021652695587728,0.13591374581514354,0.03815593490546768,"{""C"": 0.003450748351909824, ""class_weight"": ""balanced"", ""l1_ratio"": 0.0}"
2,1,249,1,0.5147446488928623,0.4123350826669051,0.04704956258330987,"{""C"": 0.003450748351909824, ""class_weight"": ""balanced"", ""l1_ratio"": 0.0}"
2,1,256,0,0.4636508286333847,0.2584411236962293,0.027645128223316776,"{""C"": 0.003450748351909824, ""class_weight"": ""balanced"", ""l1_ratio"": 0.0}"
2,1,258,0,0.44091715311054513,0.20623433012330503,0.022268723553379374,"{""C"": 0.003450748351909824, ""class_weight"": ""balanced"", ""l1_ratio"": 0.0}"
2,1,263,0,0.40219904169489346,0.1351627159351098,0.02817582942846202,"{""C"": 0.003450748351909824, ""class_weight"": ""balanced"", ""l1_ratio"": 0.0}"
2,1,267,1,0.48603158246253225,0.32020167854686654,0.029163251701493042,"{""C"": 0.003450748351909824, ""class_weight"": ""balanced"", ""l1_ratio"": 0.0}"
2,1,274,0,0.5868407567715014,0.6496209289506679,0.03180353084889868,"{""C"": 0.003450748351909824, ""class_weight"": ""balanced"", ""l1_ratio"": 0.0}"
2,1,277,0,0.5502109122850763,0.528748374544565,0.02663502306667888,"{""C"": 0.003450748351909824, ""class_weight"": ""balanced"", ""l1_ratio"": 0.0}"
2,1,278,0,0.5375174020392919,0.4796141702491986,0.028526223247415994,"{""C"": 0.003450748351909824, ""class_weight"": ""balanced"", ""l1_ratio"": 0.0}"
2,1,283,0,0.5098840083606666,0.3942191215206142,0.03195029809253021,"{""C"": 0.003450748351909824, ""class_weight"": ""balanced"", ""l1_ratio"": 0.0}"
2,2,9,1,0.5931088410486886,0.5110537346231786,0.13486394556985082,"{""C"": 0.019975429977224915, ""class_weight"": ""balanced"", ""l1_ratio"": 0.0}"
2,2,10,1,0.5787558137121938,0.4792648052203615,0.09834992416555004,"{""C"": 0.019975429977224915, ""class_weight"": ""balanced"", ""l1_ratio"": 0.0}"
2,2,16,0,0.43763196105262825,0.3128918442360013,0.05716400601463663,"{""C"": 0.019975429977224915, ""class_weight"": ""balanced"", ""l1_ratio"": 0.0}"
2,2,19,1,0.6268074512111482,0.5645638884199664,0.11116808112617481,"{""C"": 0.019975429977224915, ""class_weight"": ""balanced"", ""l1_ratio"": 0.0}"
2,2,20,1,0.3370238581172532,0.20210716432122644,0.08200738192209422,"{""C"": 0.019975429977224915, ""class_weight"": ""balanced"", ""l1_ratio"": 0.0}"
2,2,35,0,0.2787397744342094,0.16448027894293174,0.09583221251020027,"{""C"": 0.019975429977224915, ""class_weight"": ""balanced"", ""l1_ratio"": 0.0}"
2,2,38,0,0.6636264872268092,0.6221813462287513,0.14044655857484845,"{""C"": 0.019975429977224915, ""class_weight"": ""balanced"", ""l1_ratio"": 0.0}"
2,2,41,0,0.2582049465144446,0.14647785668326246,0.09424702305027235,"{""C"": 0.019975429977224915, ""class_weight"": ""balanced"", ""l1_ratio"": 0.0}"
2,2,42,0,0.2493811337550057,0.14427946450576828,0.09319847376738344,"{""C"": 0.019975429977224915, ""class_weight"": ""balanced"", ""l1_ratio"": 0.0}"
2,2,46,1,0.3777741572891872,0.24314462307342452,0.066782472561162,"{""C"": 0.019975429977224915, ""class_weight"": ""balanced"", ""l1_ratio"": 0.0}"
2,2,49,0,0.43889735539007224,0.30745995435310886,0.04317914182726691,"{""C"": 0.019975429977224915, ""class_weight"": ""balanced"", ""l1_ratio"": 0.0}"
2,2,54,0,0.33965626259862414,0.21213741254098517,0.08664018435551192,"{""C"": 0.019975429977224915, ""class_weight"": ""balanced"", ""l1_ratio"": 0.0}"
2,2,55,1,0.45710721867233345,0.33321333787082824,0.034224882224692596,"{""C"": 0.019975429977224915, ""class_weight"": ""balanced"", ""l1_ratio"": 0.0}"
2,2,61,0,0.3332329132989771,0.20061977319100652,0.07746746393173831,"{""C"": 0.019975429977224915, ""class_weight"": ""balanced"", ""l1_ratio"": 0.0}"
2,2,62,0,0.29047144861570384,0.16767723406368623,0.09256009757983125,"{""C"": 0.019975429977224915, ""class_weight"": ""balanced"", ""l1_ratio"": 0.0}"
2,2,68,0,0.42707336475270125,0.2879993485449067,0.05607936557305372,"{""C"": 0.019975429977224915, ""class_weight"": ""balanced"", ""l1_ratio"": 0.0}"
2,2,76,0,0.6465295402245388,0.5751053514669606,0.12071709246910259,"{""C"": 0.019975429977224915, ""class_weight"": ""balanced"", ""l1_ratio"": 0.0}"
2,2,78,1,0.5256303035987723,0.40508994921425445,0.05426411260323166,"{""C"": 0.019975429977224915, ""class_weight"": ""balanced"", ""l1_ratio"": 0.0}"
2,2,83,0,0.5675053774616347,0.4716641990509289,0.0659177875862364,"{""C"": 0.019975429977224915, ""class_weight"": ""balanced"", ""l1_ratio"": 0.0}"
2,2,87,1,0.6764293746139606,0.6331601547164424,0.12164377216822299,"{""C"": 0.019975429977224915, ""class_weight"": ""balanced"", ""l1_ratio"": 0.0}"
2,2,96,1,0.6142861602314359,0.5277853429175192,0.08690498226210357,"{""C"": 0.019975429977224915, ""class_weight"": ""balanced"", ""l1_ratio"": 0.0}"
2,2,105,0,0.4268561777042933,0.307568883925877,0.05658164255798788,"{""C"": 0.019975429977224915, ""class_weight"": ""balanced"", ""l1_ratio"": 0.0}"
2,2,106,0,0.5410073798755358,0.4491689669267377,0.056337986511553605,"{""C"": 0.019975429977224915, ""class_weight"": ""balanced"", ""l1_ratio"": 0.0}"
2,2,107,1,0.4873828689132057,0.37334159903146,0.04664403421268561,"{""C"": 0.019975429977224915, ""class_weight"": ""balanced"", ""l1_ratio"": 0.0}"
2,2,108,0,0.36184041356364366,0.2305549498866569,0.06631460619847404,"{""C"": 0.019975429977224915, ""class_weight"": ""balanced"", ""l1_ratio"": 0.0}"
2,2,110,1,0.3917827871009134,0.24973175027397582,0.06688196590941298,"{""C"": 0.019975429977224915, ""class_weight"": ""balanced"", ""l1_ratio"": 0.0}"
2,2,113,0,0.26532268595938824,0.14855342996533172,0.09388287810977271,"{""C"": 0.019975429977224915, ""class_weight"": ""balanced"", ""l1_ratio"": 0.0}"
2,2,119,1,0.5775697203064364,0.47954978514704016,0.0645677272001422,"{""C"": 0.019975429977224915, ""class_weight"": ""balanced"", ""l1_ratio"": 0.0}"
2,2,127,0,0.6945527203017586,0.6240782664337232,0.14247014392655005,"{""C"": 0.019975429977224915, ""class_weight"": ""balanced"", ""l1_ratio"": 0.0}"
2,2,133,0,0.30249367375043223,0.17732614319719023,0.0930914819235191,"{""C"": 0.019975429977224915, ""class_weight"": ""balanced"", ""l1_ratio"": 0.0}"
2,2,138,1,0.6348034521054142,0.5819064262776394,0.11229035156839534,"{""C"": 0.019975429977224915, ""class_weight"": ""balanced"", ""l1_ratio"": 0.0}"
2,2,141,0,0.49521965468501633,0.3798676011549219,0.07182428589673212,"{""C"": 0.019975429977224915, ""class_weight"": ""balanced"", ""l1_ratio"": 0.0}"
2,2,148,1,0.5775749447372753,0.4871577279955653,0.04517487204503897,"{""C"": 0.019975429977224915, ""class_weight"": ""balanced"", ""l1_ratio"": 0.0}"
2,2,149,1,0.6646760086081788,0.6117557786306824,0.09916798615300895,"{""C"": 0.019975429977224915, ""class_weight"": ""balanced"", ""l1_ratio"": 0.0}"
2,2,158,1,0.5412564951727383,0.43739877569913155,0.054101486225634314,"{""C"": 0.019975429977224915, ""class_weight"": ""balanced"", ""l1_ratio"": 0.0}"
2,2,160,0,0.5083561209746169,0.38163063360241434,0.06082922546069041,"{""C"": 0.019975429977224915, ""class_weight"": ""balanced"", ""l1_ratio"": 0.0}"
2,2,169,0,0.3210886378118502,0.19726311397727564,0.08118783237880052,"{""C"": 0.019975429977224915, ""class_weight"": ""balanced"", ""l1_ratio"": 0.0}"
2,2,170,0,0.26549255405239464,0.15864032607870565,0.09156362784267355,"{""C"": 0.019975429977224915, ""class_weight"": ""balanced"", ""l1_ratio"": 0.0}"
2,2,182,1,0.6264192338624781,0.540305527758724,0.0960747422536574,"{""C"": 0.019975429977224915, ""class_weight"": ""balanced"", ""l1_ratio"": 0.0}"
2,2,185,0,0.45030715248917275,0.31679135017166377,0.03642170008443743,"{""C"": 0.019975429977224915, ""class_weight"": ""balanced"", ""l1_ratio"": 0.0}"
2,2,200,0,0.38987838235415223,0.25566150779256597,0.08249685231496844,"{""C"": 0.019975429977224915, ""class_weight"": ""balanced"", ""l1_ratio"": 0.0}"
2,2,201,0,0.4089937307695466,0.2803975055363154,0.07887089834579439,"{""C"": 0.019975429977224915, ""class_weight"": ""balanced"", ""l1_ratio"": 0.0}"
2,2,202,1,0.7394689025617287,0.691625593130117,0.12691797229433793,"{""C"": 0.019975429977224915, ""class_weight"": ""balanced"", ""l1_ratio"": 0.0}"
2,2,205,0,0.5055018993646918,0.3887538599928841,0.05307034780372709,"{""C"": 0.019975429977224915, ""class_weight"": ""balanced"", ""l1_ratio"": 0.0}"
2,2,206,1,0.48354067257761335,0.3635033450517941,0.023638285113029955,"{""C"": 0.019975429977224915, ""class_weight"": ""balanced"", ""l1_ratio"": 0.0}"
2,2,209,0,0.6703852075996811,0.6244017707453452,0.13377699142596142,"{""C"": 0.019975429977224915, ""class_weight"": ""balanced"", ""l1_ratio"": 0.0}"
2,2,211,0,0.513687446157094,0.4131901411233917,0.017378843565761134,"{""C"": 0.019975429977224915, ""class_weight"": ""balanced"", ""l1_ratio"": 0.0}"
2,2,221,1,0.5496500483996296,0.46240719708841294,0.06231784661815057,"{""C"": 0.019975429977224915, ""class_weight"": ""balanced"", ""l1_ratio"": 0.0}"
2,2,232,1,0.3878201874295053,0.25986563740921587,0.08832522457813659,"{""C"": 0.019975429977224915, ""class_weight"": ""balanced"", ""l1_ratio"": 0.0}"
2,2,234,0,0.442118677050949,0.30605492273021256,0.04056993567688178,"{""C"": 0.019975429977224915, ""class_weight"": ""balanced"", ""l1_ratio"": 0.0}"
2,2,251,0,0.3403808203215464,0.21915794539430128,0.06739047840432583,"{""C"": 0.019975429977224915, ""class_weight"": ""balanced"", ""l1_ratio"": 0.0}"
2,2,254,0,0.26372028494917216,0.15881342188007924,0.09180120984161544,"{""C"": 0.019975429977224915, ""class_weight"": ""balanced"", ""l1_ratio"": 0.0}"
2,2,268,0,0.27174980342075755,0.15820551794737928,0.09411592895060031,"{""C"": 0.019975429977224915, ""class_weight"": ""balanced"", ""l1_ratio"": 0.0}"
2,2,269,0,0.6237479953346313,0.5517508930029262,0.1462241177353121,"{""C"": 0.019975429977224915, ""class_weight"": ""balanced"", ""l1_ratio"": 0.0}"
2,2,270,0,0.21219074325308065,0.12341532377273448,0.09550053389611499,"{""C"": 0.019975429977224915, ""class_weight"": ""balanced"", ""l1_ratio"": 0.0}"
2,2,273,1,0.8207672916158902,0.7938493360820049,0.15297606178455211,"{""C"": 0.019975429977224915, ""class_weight"": ""balanced"", ""l1_ratio"": 0.0}"
2,2,281,1,0.5941548887898703,0.5172163018398261,0.06257987189095317,"{""C"": 0.019975429977224915, ""class_weight"": ""balanced"", ""l1_ratio"": 0.0}"
2,2,282,0,0.4972178167835609,0.3719463975999732,0.07502123777456583,"{""C"": 0.019975429977224915, ""class_weight"": ""balanced"", ""l1_ratio"": 0.0}"
2,2,284,0,0.551111303873083,0.4374790691239846,0.03921307528442423,"{""C"": 0.019975429977224915, ""class_weight"": ""balanced"", ""l1_ratio"": 0.0}"
2,2,286,0,0.4801841287258009,0.35532449586343884,0.04069541172936496,"{""C"": 0.019975429977224915, ""class_weight"": ""balanced"", ""l1_ratio"": 0.0}"
2,2,288,1,0.3830643396801429,0.2452639396356862,0.07964906674038233,"{""C"": 0.019975429977224915, ""class_weight"": ""balanced"", ""l1_ratio"": 0.0}"
2,3,1,1,0.6235656166787484,0.7850454411537612,0.07834041182370313,"{""C"": 0.002357399280731471, ""class_weight"": ""balanced"", ""l1_ratio"": 0.0}"
2,3,5,1,0.49627116474936694,0.34386191182271986,0.04245521709394885,"{""C"": 0.002357399280731471, ""class_weight"": ""balanced"", ""l1_ratio"": 0.0}"
2,3,13,0,0.5682135439380183,0.6201309321735348,0.050584220164290775,"{""C"": 0.002357399280731471, ""class_weight"": ""balanced"", ""l1_ratio"": 0.0}"
2,3,24,0,0.4953837873590972,0.3498366630244466,0.029081398675737672,"{""C"": 0.002357399280731471, ""class_weight"": ""balanced"", ""l1_ratio"": 0.0}"
2,3,25,0,0.5608479194321282,0.5891173105346181,0.03532020864645863,"{""C"": 0.002357399280731471, ""class_weight"": ""balanced"", ""l1_ratio"": 0.0}"
2,3,26,0,0.4905292168433256,0.32931852487148794,0.07147645824410653,"{""C"": 0.002357399280731471, ""class_weight"": ""balanced"", ""l1_ratio"": 0.0}"
2,3,27,0,0.4710038479322381,0.2638340708835337,0.049589429680802245,"{""C"": 0.002357399280731471, ""class_weight"": ""balanced"", ""l1_ratio"": 0.0}"
2,3,31,1,0.536464969409226,0.5026707301906128,0.06828283712945686,"{""C"": 0.002357399280731471, ""class_weight"": ""balanced"", ""l1_ratio"": 0.0}"
2,3,32,1,0.5017997799762748,0.3798824267362277,0.037488204477456044,"{""C"": 0.002357399280731471, ""class_weight"": ""balanced"", ""l1_ratio"": 0.0}"
2,3,40,0,0.6044416354050718,0.7360222495166056,0.05885070957884608,"{""C"": 0.002357399280731471, ""class_weight"": ""balanced"", ""l1_ratio"": 0.0}"
2,3,43,0,0.5085405565757597,0.38798867255762365,0.015054566451591313,"{""C"": 0.002357399280731471, ""class_weight"": ""balanced"", ""l1_ratio"": 0.0}"
2,3,69,1,0.5309443116119671,0.4747942893770435,0.03287577240571341,"{""C"": 0.002357399280731471, ""class_weight"": ""balanced"", ""l1_ratio"": 0.0}"
2,3,71,1,0.5544863638600828,0.5639183088819101,0.04747944384607089,"{""C"": 0.002357399280731471, ""class_weight"": ""balanced"", ""l1_ratio"": 0.0}"
2,3,73,0,0.530447753185828,0.4925302495267152,0.07871571118145106,"{""C"": 0.002357399280731471, ""class_weight"": ""balanced"", ""l1_ratio"": 0.0}"
2,3,75,0,0.46580341303757705,0.25539180000317585,0.04523029277571056,"{""C"": 0.002357399280731471, ""class_weight"": ""balanced"", ""l1_ratio"": 0.0}"
2,3,81,0,0.5246844752155164,0.45031302855428806,0.035670526383764174,"{""C"": 0.002357399280731471, ""class_weight"": ""balanced"", ""l1_ratio"": 0.0}"
2,3,86,1,0.547113342168945,0.5453269912367066,0.06426377894517289,"{""C"": 0.002357399280731471, ""class_weight"": ""balanced"", ""l1_ratio"": 0.0}"
2,3,89,1,0.5339239058648421,0.49526010570364426,0.04283585840440261,"{""C"": 0.002357399280731471, ""class_weight"": ""balanced"", ""l1_ratio"": 0.0}"
2,3,92,1,0.5521664419035346,0.5562155122384244,0.05530107324393194,"{""C"": 0.002357399280731471, ""class_weight"": ""balanced"", ""l1_ratio"": 0.0}"
2,3,98,1,0.5232924689828813,0.4488003064632925,0.028863248712727902,"{""C"": 0.002357399280731471, ""class_weight"": ""balanced"", ""l1_ratio"": 0.0}"
2,3,100,0,0.6005794689318673,0.7320996598986762,0.10016838654849469,"{""C"": 0.002357399280731471, ""class_weight"": ""balanced"", ""l1_ratio"": 0.0}"
2,3,102,0,0.45791325621935797,0.2290646455056585,0.042756211671262825,"{""C"": 0.002357399280731471, ""class_weight"": ""balanced"", ""l1_ratio"": 0.0}"
2,3,111,1,0.5328331869441616,0.4940107236129916,0.05963636840582123,"{""C"": 0.002357399280731471, ""class_weight"": ""balanced"", ""l1_ratio"": 0.0}"
2,3,122,1,0.5518959264896285,0.5658913522164978,0.06659257614808009,"{""C"": 0.002357399280731471, ""class_weight"": ""balanced"", ""l1_ratio"": 0.0}"
2,3,123,1,0.5641292899379283,0.609446596179151,0.07191908145771635,"{""C"": 0.002357399280731471, ""class_weight"": ""balanced"", ""l1_ratio"": 0.0}"
2,3,129,0,0.49049773101616095,0.3296785161679205,0.0718466607503753,"{""C"": 0.002357399280731471, ""class_weight"": ""balanced"", ""l1_ratio"": 0.0}"
2,3,130,0,0.45041700935227286,0.2108810368109338,0.049435337522990605,"{""C"": 0.002357399280731471, ""class_weight"": ""balanced"", ""l1_ratio"": 0.0}"
2,3,131,0,0.5068186709415154,0.3837565298236118,0.0246739595749841,"{""C"": 0.002357399280731471, ""class_weight"": ""balanced"", ""l1_ratio"": 0.0}"
2,3,136,0,0.47536837925338976,0.28239215206252466,0.03979914418977271,"{""C"": 0.002357399280731471, ""class_weight"": ""balanced"", ""l1_ratio"": 0.0}"
2,3,154,0,0.4917810463278117,0.3400363817666285,0.04404942382273289,"{""C"": 0.002357399280731471, ""class_weight"": ""balanced"", ""l1_ratio"": 0.0}"
2,3,157,1,0.4904791360571503,0.3261303703693134,0.03546889613437377,"{""C"": 0.002357399280731471, ""class_weight"": ""balanced"", ""l1_ratio"": 0.0}"
2,3,181,1,0.5272132947447317,0.46691571038122304,0.057584509274784076,"{""C"": 0.002357399280731471, ""class_weight"": ""balanced"", ""l1_ratio"": 0.0}"
2,3,187,1,0.5296781119307912,0.47984035224793464,0.043687893718726,"{""C"": 0.002357399280731471, ""class_weight"": ""balanced"", ""l1_ratio"": 0.0}"
2,3,191,0,0.47955619054769033,0.29142639963620065,0.04070130860139014,"{""C"": 0.002357399280731471, ""class_weight"": ""balanced"", ""l1_ratio"": 0.0}"
2,3,195,0,0.5112999611668715,0.4175314777560829,0.06051674367414175,"{""C"": 0.002357399280731471, ""class_weight"": ""balanced"", ""l1_ratio"": 0.0}"
2,3,197,1,0.5845781823608898,0.6748360883524896,0.07747095612580152,"{""C"": 0.002357399280731471, ""class_weight"": ""balanced"", ""l1_ratio"": 0.0}"
2,3,204,0,0.45794768295072136,0.23317053052608197,0.0523725742343096,"{""C"": 0.002357399280731471, ""class_weight"": ""balanced"", ""l1_ratio"": 0.0}"
2,3,214,0,0.5108023973098874,0.3989756801151164,0.04216793756132965,"{""C"": 0.002357399280731471, ""class_weight"": ""balanced"", ""l1_ratio"": 0.0}"
2,3,216,0,0.5118333814263737,0.40395590973350587,0.03096460525184248,"{""C"": 0.002357399280731471, ""class_weight"": ""balanced"", ""l1_ratio"": 0.0}"
2,3,223,1,0.4844333074691112,0.30803353708109105,0.025429138244231427,"{""C"": 0.002357399280731471, ""class_weight"": ""balanced"", ""l1_ratio"": 0.0}"
2,3,227,1,0.459583923408169,0.23382153490152718,0.049769502743628846,"{""C"": 0.002357399280731471, ""class_weight"": ""balanced"", ""l1_ratio"": 0.0}"
2,3,230,0,0.5784249214648637,0.6522400913919661,0.05574973934514657,"{""C"": 0.002357399280731471, ""class_weight"": ""balanced"", ""l1_ratio"": 0.0}"
2,3,233,0,0.46856226584166616,0.2583535578479617,0.04986917460234733,"{""C"": 0.002357399280731471, ""class_weight"": ""balanced"", ""l1_ratio"": 0.0}"
2,3,242,0,0.4939281820546883,0.34069386132476526,0.018929198969044138,"{""C"": 0.002357399280731471, ""class_weight"": ""balanced"", ""l1_ratio"": 0.0}"
2,3,243,0,0.4855789301888254,0.31514234529177704,0.03039160491477128,"{""C"": 0.002357399280731471, ""class_weight"": ""balanced"", ""l1_ratio"": 0.0}"
2,3,245,1,0.518621819111882,0.4231740741535437,0.03376469453727047,"{""C"": 0.002357399280731471, ""class_weight"": ""balanced"", ""l1_ratio"": 0.0}"
2,3,250,0,0.51337288067624,0.4113703900324973,0.025504337555883726,"{""C"": 0.002357399280731471, ""class_weight"": ""balanced"", ""l1_ratio"": 0.0}"
2,3,252,0,0.4715102674649652,0.2678941720625856,0.05924566135222033,"{""C"": 0.002357399280731471, ""class_weight"": ""balanced"", ""l1_ratio"": 0.0}"
2,3,255,0,0.46377850860183684,0.2510403034648264,0.024999913996536165,"{""C"": 0.002357399280731471, ""class_weight"": ""balanced"", ""l1_ratio"": 0.0}"
2,3,257,0,0.4747087403215829,0.28122948451436225,0.04057840951060832,"{""C"": 0.002357399280731471, ""class_weight"": ""balanced"", ""l1_ratio"": 0.0}"
2,3,262,0,0.47060841182143515,0.26984088320279936,0.017820564414101906,"{""C"": 0.002357399280731471, ""class_weight"": ""balanced"", ""l1_ratio"": 0.0}"
2,3,265,1,0.4928893640529095,0.3422229041247456,0.020698608987403198,"{""C"": 0.002357399280731471, ""class_weight"": ""balanced"", ""l1_ratio"": 0.0}"
2,3,276,0,0.45077455082014944,0.20949156137834085,0.04442909743683538,"{""C"": 0.002357399280731471, ""class_weight"": ""balanced"", ""l1_ratio"": 0.0}"
2,3,280,0,0.5067959196828249,0.3778498391120343,0.08448306281681295,"{""C"": 0.002357399280731471, ""class_weight"": ""balanced"", ""l1_ratio"": 0.0}"
2,3,285,0,0.4555750244848144,0.2236435972380876,0.05744926004158794,"{""C"": 0.002357399280731471, ""class_weight"": ""balanced"", ""l1_ratio"": 0.0}"
2,3,292,0,0.48453621318405315,0.3150419571998738,0.020005822631418375,"{""C"": 0.002357399280731471, ""class_weight"": ""balanced"", ""l1_ratio"": 0.0}"
2,3,294,1,0.4836501969917917,0.30324371060018396,0.08010932664960232,"{""C"": 0.002357399280731471, ""class_weight"": ""balanced"", ""l1_ratio"": 0.0}"
2,3,296,0,0.4414031296495924,0.19364535073444838,0.05267483971686267,"{""C"": 0.002357399280731471, ""class_weight"": ""balanced"", ""l1_ratio"": 0.0}"
2,3,298,1,0.4820223063115704,0.3012022102261451,0.0330366200262755,"{""C"": 0.002357399280731471, ""class_weight"": ""balanced"", ""l1_ratio"": 0.0}"
2,3,300,0,0.43483483809142676,0.17656847353617722,0.04881333586892283,"{""C"": 0.002357399280731471, ""class_weight"": ""balanced"", ""l1_ratio"": 0.0}"
2,4,2,0,0.4460276720675218,0.2887350436798144,0.06497814080966384,"{""C"": 0.058006048850086894, ""class_weight"": ""balanced"", ""l1_ratio"": 1.0}"
2,4,4,0,0.406753284111434,0.24087249377310288,0.07096691183527097,"{""C"": 0.058006048850086894, ""class_weight"": ""balanced"", ""l1_ratio"": 1.0}"
2,4,8,0,0.48614187583004037,0.3428466595643066,0.05037436117641369,"{""C"": 0.058006048850086894, ""class_weight"": ""balanced"", ""l1_ratio"": 1.0}"
2,4,12,0,0.6127937503036135,0.5865497456733915,0.11448812064426969,"{""C"": 0.058006048850086894, ""class_weight"": ""balanced"", ""l1_ratio"": 1.0}"
2,4,14,0,0.5752585799177361,0.5314061501468987,0.11974275526394096,"{""C"": 0.058006048850086894, ""class_weight"": ""balanced"", ""l1_ratio"": 1.0}"
2,4,22,1,0.573749731676429,0.5228466199498967,0.10278922437194647,"{""C"": 0.058006048850086894, ""class_weight"": ""balanced"", ""l1_ratio"": 1.0}"
2,4,23,0,0.6313629778642268,0.6115684386333788,0.11619144055829343,"{""C"": 0.058006048850086894, ""class_weight"": ""balanced"", ""l1_ratio"": 1.0}"
2,4,28,1,0.7015901647128592,0.7119991617663453,0.1096286349505217,"{""C"": 0.058006048850086894, ""class_weight"": ""balanced"", ""l1_ratio"": 1.0}"
2,4,29,1,0.5641135078823345,0.5085649515795495,0.10184966802435831,"{""C"": 0.058006048850086894, ""class_weight"": ""balanced"", ""l1_ratio"": 1.0}"
2,4,36,1,0.5992869748481932,0.5478458165055722,0.06820877703053835,"{""C"": 0.058006048850086894, ""class_weight"": ""balanced"", ""l1_ratio"": 1.0}"
2,4,37,1,0.4462818747516496,0.29074845843269864,0.06378037289063289,"{""C"": 0.058006048850086894, ""class_weight"": ""balanced"", ""l1_ratio"": 1.0}"
2,4,47,1,0.5916061183963799,0.5438454062355339,0.08987884994609406,"{""C"": 0.058006048850086894, ""class_weight"": ""balanced"", ""l1_ratio"": 1.0}"
2,4,52,0,0.6386102457481805,0.6181386334609698,0.09748986584360121,"{""C"": 0.058006048850086894, ""class_weight"": ""balanced"", ""l1_ratio"": 1.0}"
2,4,53,0,0.3869122165599692,0.21923644424819383,0.07583479292499282,"{""C"": 0.058006048850086894, ""class_weight"": ""balanced"", ""l1_ratio"": 1.0}"
2,4,57,1,0.6079006226011673,0.5570997419323601,0.06007741496671641,"{""C"": 0.058006048850086894, ""class_weight"": ""balanced"", ""l1_ratio"": 1.0}"
2,4,66,0,0.43608766836828605,0.27659225097378093,0.06779972854590602,"{""C"": 0.058006048850086894, ""class_weight"": ""balanced"", ""l1_ratio"": 1.0}"
2,4,70,0,0.42705435734255576,0.2665149358593837,0.06317218023202406,"{""C"": 0.058006048850086894, ""class_weight"": ""balanced"", ""l1_ratio"": 1.0}"
2,4,77,1,0.6108391690172733,0.5744466520845505,0.09634768609950085,"{""C"": 0.058006048850086894, ""class_weight"": ""balanced"", ""l1_ratio"": 1.0}"
2,4,79,0,0.42685300038049107,0.2657016229235958,0.06452642514010719,"{""C"": 0.058006048850086894, ""class_weight"": ""balanced"", ""l1_ratio"": 1.0}"
2,4,90,1,0.46782227590323283,0.323988722089957,0.042643204925846986,"{""C"": 0.058006048850086894, ""class_weight"": ""balanced"", ""l1_ratio"": 1.0}"
2,4,94,0,0.406753284111434,0.24213865597635276,0.07205276123321835,"{""C"": 0.058006048850086894, ""class_weight"": ""balanced"", ""l1_ratio"": 1.0}"
2,4,95,1,0.38754688332946796,0.2209293607292666,0.07299082042707628,"{""C"": 0.058006048850086894, ""class_weight"": ""balanced"", ""l1_ratio"": 1.0}"
2,4,103,1,0.5081502184542587,0.3860342841110711,0.02413219237790477,"{""C"": 0.058006048850086894, ""class_weight"": ""balanced"", ""l1_ratio"": 1.0}"
2,4,124,0,0.29058828723082974,0.15005715857468988,0.041930793809420566,"{""C"": 0.058006048850086894, ""class_weight"": ""balanced"", ""l1_ratio"": 1.0}"
2,4,126,0,0.6285331892060082,0.5975345311485452,0.08911475221606688,"{""C"": 0.058006048850086894, ""class_weight"": ""balanced"", ""l1_ratio"": 1.0}"
2,4,140,0,0.3763774582028687,0.20767509790436747,0.08017830170004864,"{""C"": 0.058006048850086894, ""class_weight"": ""balanced"", ""l1_ratio"": 1.0}"
2,4,142,1,0.43558176879172666,0.27328275018907255,0.07021442530723998,"{""C"": 0.058006048850086894, ""class_weight"": ""balanced"", ""l1_ratio"": 1.0}"
2,4,143,0,0.4261484423352568,0.2629854150177696,0.06913433302485708,"{""C"": 0.058006048850086894, ""class_weight"": ""balanced"", ""l1_ratio"": 1.0}"
2,4,147,1,0.357834999711289,0.18899933990417553,0.07744002531710878,"{""C"": 0.058006048850086894, ""class_weight"": ""balanced"", ""l1_ratio"": 1.0}"
2,4,150,0,0.3300405177357932,0.1643186983224006,0.07575183244947449,"{""C"": 0.058006048850086894, ""class_weight"": ""balanced"", ""l1_ratio"": 1.0}"
2,4,164,1,0.6485667832566345,0.6336296040614199,0.10785730762139095,"{""C"": 0.058006048850086894, ""class_weight"": ""balanced"", ""l1_ratio"": 1.0}"
2,4,167,1,0.32922214583824744,0.16373499001629493,0.07768209645359953,"{""C"": 0.058006048850086894, ""class_weight"": ""balanced"", ""l1_ratio"": 1.0}"
2,4,168,0,0.40615764440713276,0.2390085555726274,0.07414866229197307,"{""C"": 0.058006048850086894, ""class_weight"": ""balanced"", ""l1_ratio"": 1.0}"
2,4,173,1,0.602495414790127,0.5861472483756579,0.1736140896782865,"{""C"": 0.058006048850086894, ""class_weight"": ""balanced"", ""l1_ratio"": 1.0}"
2,4,178,1,0.5692654994770013,0.49256269002484443,0.04385196817835491,"{""C"": 0.058006048850086894, ""class_weight"": ""balanced"", ""l1_ratio"": 1.0}"
2,4,179,0,0.396174908868655,0.22762716076556916,0.07627189529549734,"{""C"": 0.058006048850086894, ""class_weight"": ""balanced"", ""l1_ratio"": 1.0}"
2,4,186,0,0.693167851734371,0.6985856865633757,0.11240886950930995,"{""C"": 0.058006048850086894, ""class_weight"": ""balanced"", ""l1_ratio"": 1.0}"
2,4,192,0,0.44648525713508,0.2898696180500929,0.06084756396268117,"{""C"": 0.058006048850086894, ""class_weight"": ""balanced"", ""l1_ratio"": 1.0}"
2,4,193,0,0.5594547968614451,0.5209862910054693,0.1538648953217164,"{""C"": 0.058006048850086894, ""class_weight"": ""balanced"", ""l1_ratio"": 1.0}"
2,4,194,0,0.3672482680389581,0.19792743566804696,0.0777114646826363,"{""C"": 0.058006048850086894, ""class_weight"": ""balanced"", ""l1_ratio"": 1.0}"
2,4,217,0,0.407200194004,0.24235739363433395,0.06847163263397371,"{""C"": 0.058006048850086894, ""class_weight"": ""balanced"", ""l1_ratio"": 1.0}"
2,4,222,1,0.5329447933167212,0.4521579510974377,0.07083582696021698,"{""C"": 0.058006048850086894, ""class_weight"": ""balanced"", ""l1_ratio"": 1.0}"
2,4,226,1,0.6751227994677802,0.6717370380407378,0.10780481156426655,"{""C"": 0.058006048850086894, ""class_weight"": ""balanced"", ""l1_ratio"": 1.0}"
2,4,238,0,0.45647041600912713,0.30307292315968964,0.05771961359342763,"{""C"": 0.058006048850086894, ""class_weight"": ""balanced"", ""l1_ratio"": 1.0}"
2,4,240,0,0.5793242019768431,0.5112841952950087,0.05187350007632179,"{""C"": 0.058006048850086894, ""class_weight"": ""balanced"", ""l1_ratio"": 1.0}"
2,4,246,1,0.5430190713226499,0.5066913591149396,0.17979635552614973,"{""C"": 0.058006048850086894, ""class_weight"": ""balanced"", ""l1_ratio"": 1.0}"
2,4,248,1,0.52864049426731,0.42160245519012995,0.017904402742395447,"{""C"": 0.058006048850086894, ""class_weight"": ""balanced"", ""l1_ratio"": 1.0}"
2,4,259,0,0.4692055684971612,0.3322572121790533,0.03249414908483264,"{""C"": 0.058006048850086894, ""class_weight"": ""balanced"", ""l1_ratio"": 1.0}"
2,4,260,1,0.439227176343524,0.28998548551350317,0.04404016984842918,"{""C"": 0.058006048850086894, ""class_weight"": ""balanced"", ""l1_ratio"": 1.0}"
2,4,261,0,0.396174908868655,0.22762716076556916,0.07627189529549734,"{""C"": 0.058006048850086894, ""class_weight"": ""balanced"", ""l1_ratio"": 1.0}"
2,4,264,0,0.40625689857188574,0.23931022591037557,0.07363023376862292,"{""C"": 0.058006048850086894, ""class_weight"": ""balanced"", ""l1_ratio"": 1.0}"
2,4,266,1,0.3933249322007904,0.24270381724546458,0.04248828836744906,"{""C"": 0.058006048850086894, ""class_weight"": ""balanced"", ""l1_ratio"": 1.0}"
2,4,272,0,0.6661257576131283,0.6582900527156237,0.10603897056893537,"{""C"": 0.058006048850086894, ""class_weight"": ""balanced"", ""l1_ratio"": 1.0}"
2,4,279,1,0.3682050125171138,0.19991878774458757,0.07435760791633625,"{""C"": 0.058006048850086894, ""class_weight"": ""balanced"", ""l1_ratio"": 1.0}"
2,4,287,0,0.46982051840224687,0.33616044997806555,0.029764487020953356,"{""C"": 0.058006048850086894, ""class_weight"": ""balanced"", ""l1_ratio"": 1.0}"
2,4,289,0,0.5792740587287477,0.5104274323390213,0.05169329797725672,"{""C"": 0.058006048850086894, ""class_weight"": ""balanced"", ""l1_ratio"": 1.0}"
2,4,295,0,0.5285379564704976,0.41940748004283696,0.018221891517813074,"{""C"": 0.058006048850086894, ""class_weight"": ""balanced"", ""l1_ratio"": 1.0}"
2,4,297,0,0.23065448274002817,0.09480907816393246,0.05829182831963602,"{""C"": 0.058006048850086894, ""class_weight"": ""balanced"", ""l1_ratio"": 1.0}"
2,4,299,0,0.45626623450027876,0.30209321909110254,0.059387655714203694,"{""C"": 0.058006048850086894, ""class_weight"": ""balanced"", ""l1_ratio"": 1.0}"
2,4,301,0,0.4772566430822515,0.334933330315932,0.04363141208192897,"{""C"": 0.058006048850086894, ""class_weight"": ""balanced"", ""l1_ratio"": 1.0}"
3,0,5,1,0.41272103144972183,0.3006289104704017,0.05285111964112507,"{""C"": 0.18357923807986784, ""class_weight"": ""balanced"", ""l1_ratio"": 1.0}"
3,0,13,0,0.722809997271847,0.591553586500735,0.08810948154124093,"{""C"": 0.18357923807986784, ""class_weight"": ""balanced"", ""l1_ratio"": 1.0}"
3,0,14,0,0.5671628708889458,0.4586724337489797,0.09069346614743316,"{""C"": 0.18357923807986784, ""class_weight"": ""balanced"", ""l1_ratio"": 1.0}"
3,0,17,0,0.5059311035184835,0.4041976114004454,0.05641988715403779,"{""C"": 0.18357923807986784, ""class_weight"": ""balanced"", ""l1_ratio"": 1.0}"
3,0,22,1,0.6221453912197468,0.48588303842050634,0.06419920176916874,"{""C"": 0.18357923807986784, ""class_weight"": ""balanced"", ""l1_ratio"": 1.0}"
3,0,31,1,0.6957061375734864,0.5479023348960337,0.12530954403530215,"{""C"": 0.18357923807986784, ""class_weight"": ""balanced"", ""l1_ratio"": 1.0}"
3,0,32,1,0.5095403843352295,0.40251648260179207,0.04809947486723915,"{""C"": 0.18357923807986784, ""class_weight"": ""balanced"", ""l1_ratio"": 1.0}"
3,0,33,1,0.5913215099605195,0.4577275177612625,0.06058001471101239,"{""C"": 0.18357923807986784, ""class_weight"": ""balanced"", ""l1_ratio"": 1.0}"
3,0,41,0,0.16991057071868704,0.15647468167893455,0.08282563894929884,"{""C"": 0.18357923807986784, ""class_weight"": ""balanced"", ""l1_ratio"": 1.0}"
3,0,46,1,0.43536298762755304,0.34060441297117494,0.023741960876669237,"{""C"": 0.18357923807986784, ""class_weight"": ""balanced"", ""l1_ratio"": 1.0}"
3,0,62,0,0.2082252310199193,0.1869747888398058,0.07723741231708124,"{""C"": 0.18357923807986784, ""class_weight"": ""balanced"", ""l1_ratio"": 1.0}"
3,0,71,1,0.6176437558914776,0.468730054189108,0.0581387862413641,"{""C"": 0.18357923807986784, ""class_weight"": ""balanced"", ""l1_ratio"": 1.0}"
3,0,86,1,0.7039208050445375,0.5674700907932796,0.08486758997356655,"{""C"": 0.18357923807986784, ""class_weight"": ""balanced"", ""l1_ratio"": 1.0}"
3,0,87,1,0.820977895072561,0.6853993196874713,0.13955644772590942,"{""C"": 0.18357923807986784, ""class_weight"": ""balanced"", ""l1_ratio"": 1.0}"
3,0,91,0,0.6956533990358266,0.575846994260347,0.1382303233269484,"{""C"": 0.18357923807986784, ""class_weight"": ""balanced"", ""l1_ratio"": 1.0}"
3,0,92,1,0.6029275162221879,0.4556288065422856,0.060272362248893895,"{""C"": 0.18357923807986784, ""class_weight"": ""balanced"", ""l1_ratio"": 1.0}"
3,0,95,1,0.3680279893755886,0.2703630689595256,0.04073083047768884,"{""C"": 0.18357923807986784, ""class_weight"": ""balanced"", ""l1_ratio"": 1.0}"
3,0,105,0,0.26574849041190335,0.2302502378848586,0.08483699097502491,"{""C"": 0.18357923807986784, ""class_weight"": ""balanced"", ""l1_ratio"": 1.0}"
3,0,114,1,0.8652382238562513,0.7291562508533722,0.13889397138457593,"{""C"": 0.18357923807986784, ""class_weight"": ""balanced"", ""l1_ratio"": 1.0}"
3,0,123,1,0.7196584927096389,0.5953974246864083,0.10253238989544608,"{""C"": 0.18357923807986784, ""class_weight"": ""balanced"", ""l1_ratio"": 1.0}"
3,0,131,0,0.4736941242136045,0.35844981491451117,0.016952458534692252,"{""C"": 0.18357923807986784, ""class_weight"": ""balanced"", ""l1_ratio"": 1.0}"
3,0,137,0,0.3778080433561669,0.2977327752993225,0.05045006674139681,"{""C"": 0.18357923807986784, ""class_weight"": ""balanced"", ""l1_ratio"": 1.0}"
3,0,149,1,0.6037461387301618,0.46350959597308805,0.03692066894415363,"{""C"": 0.18357923807986784, ""class_weight"": ""balanced"", ""l1_ratio"": 1.0}"
3,0,156,1,0.5908339983848582,0.47650974435840043,0.060176947289527244,"{""C"": 0.18357923807986784, ""class_weight"": ""balanced"", ""l1_ratio"": 1.0}"
3,0,166,0,0.373984310087779,0.308535203560688,0.029812770042300887,"{""C"": 0.18357923807986784, ""class_weight"": ""balanced"", ""l1_ratio"": 1.0}"
3,0,169,0,0.2698650123475376,0.21880926732364822,0.08105694163576017,"{""C"": 0.18357923807986784, ""class_weight"": ""balanced"", ""l1_ratio"": 1.0}"
3,0,170,0,0.24970857426042362,0.2128323916919296,0.07242469857362573,"{""C"": 0.18357923807986784, ""class_weight"": ""balanced"", ""l1_ratio"": 1.0}"
3,0,172,0,0.5785379840213865,0.4462360205470223,0.04487300181814771,"{""C"": 0.18357923807986784, ""class_weight"": ""balanced"", ""l1_ratio"": 1.0}"
3,0,175,0,0.3984038272753009,0.30372994971829514,0.042277950686135345,"{""C"": 0.18357923807986784, ""class_weight"": ""balanced"", ""l1_ratio"": 1.0}"
3,0,177,1,0.6813662390613631,0.544404793069124,0.06783038100463218,"{""C"": 0.18357923807986784, ""class_weight"": ""balanced"", ""l1_ratio"": 1.0}"
3,0,184,1,0.3296841738641905,0.265643306653222,0.05595223222936025,"{""C"": 0.18357923807986784, ""class_weight"": ""balanced"", ""l1_ratio"": 1.0}"
3,0,190,0,0.37777143467008223,0.3090220395021205,0.0338910819628079,"{""C"": 0.18357923807986784, ""class_weight"": ""balanced"", ""l1_ratio"": 1.0}"
3,0,193,0,0.6288280349554968,0.5132712345117549,0.11658522624653486,"{""C"": 0.18357923807986784, ""class_weight"": ""balanced"", ""l1_ratio"": 1.0}"
3,0,194,0,0.25103478907029697,0.2034006374783292,0.07511837877298733,"{""C"": 0.18357923807986784, ""class_weight"": ""balanced"", ""l1_ratio"": 1.0}"
3,0,195,0,0.6918916712322767,0.5514338546438335,0.14002775843444223,"{""C"": 0.18357923807986784, ""class_weight"": ""balanced"", ""l1_ratio"": 1.0}"
3,0,200,0,0.4816748070980481,0.3541115069339158,0.039541431123288666,"{""C"": 0.18357923807986784, ""class_weight"": ""balanced"", ""l1_ratio"": 1.0}"
3,0,205,0,0.4380760000130857,0.3352016589785226,0.03825599296881097,"{""C"": 0.18357923807986784, ""class_weight"": ""balanced"", ""l1_ratio"": 1.0}"
3,0,207,0,0.5232281529150378,0.41431000000864804,0.010292492514986804,"{""C"": 0.18357923807986784, ""class_weight"": ""balanced"", ""l1_ratio"": 1.0}"
3,0,210,0,0.29262488345916454,0.23045938323357024,0.05340108660553357,"{""C"": 0.18357923807986784, ""class_weight"": ""balanced"", ""l1_ratio"": 1.0}"
3,0,212,0,0.15293259283769475,0.144325370378198,0.08450896175216656,"{""C"": 0.18357923807986784, ""class_weight"": ""balanced"", ""l1_ratio"": 1.0}"
3,0,214,0,0.5261333239424785,0.39068575059664645,0.04985436875083253,"{""C"": 0.18357923807986784, ""class_weight"": ""balanced"", ""l1_ratio"": 1.0}"
3,0,216,0,0.4363649861750863,0.3543436004488635,0.06348600593911562,"{""C"": 0.18357923807986784, ""class_weight"": ""balanced"", ""l1_ratio"": 1.0}"
3,0,221,1,0.5389753906323215,0.4384148049328639,0.0629523862424031,"{""C"": 0.18357923807986784, ""class_weight"": ""balanced"", ""l1_ratio"": 1.0}"
3,0,223,1,0.4250050972961723,0.33533221455178885,0.036881947379432185,"{""C"": 0.18357923807986784, ""class_weight"": ""balanced"", ""l1_ratio"": 1.0}"
3,0,224,0,0.6600829697217808,0.5306250934544948,0.08323163972903706,"{""C"": 0.18357923807986784, ""class_weight"": ""balanced"", ""l1_ratio"": 1.0}"
3,0,232,1,0.4128787474721538,0.3188639797129676,0.03731041638508218,"{""C"": 0.18357923807986784, ""class_weight"": ""balanced"", ""l1_ratio"": 1.0}"
3,0,236,1,0.2600474602084,0.20283945600196254,0.08100988396214248,"{""C"": 0.18357923807986784, ""class_weight"": ""balanced"", ""l1_ratio"": 1.0}"
3,0,246,1,0.8651674289151883,0.7258665749635748,0.1303679307480521,"{""C"": 0.18357923807986784, ""class_weight"": ""balanced"", ""l1_ratio"": 1.0}"
3,0,248,1,0.7271612287064677,0.5841317429719595,0.0897809493638917,"{""C"": 0.18357923807986784, ""class_weight"": ""balanced"", ""l1_ratio"": 1.0}"
3,0,253,0,0.4150253450037825,0.3024048563491786,0.04319329478467811,"{""C"": 0.18357923807986784, ""class_weight"": ""balanced"", ""l1_ratio"": 1.0}"
3,0,255,0,0.2751325866052471,0.221056257269547,0.06113611615368477,"{""C"": 0.18357923807986784, ""class_weight"": ""balanced"", ""l1_ratio"": 1.0}"
3,0,268,0,0.3139474408184396,0.25432909154643574,0.051490288249542625,"{""C"": 0.18357923807986784, ""class_weight"": ""balanced"", ""l1_ratio"": 1.0}"
3,0,271,0,0.6367697025968081,0.5008255478036505,0.06420842166615147,"{""C"": 0.18357923807986784, ""class_weight"": ""balanced"", ""l1_ratio"": 1.0}"
3,0,274,0,0.6888700486988082,0.5417558941856166,0.09642086709266944,"{""C"": 0.18357923807986784, ""class_weight"": ""balanced"", ""l1_ratio"": 1.0}"
3,0,280,0,0.41049309826268515,0.304597253740984,0.07291920927818661,"{""C"": 0.18357923807986784, ""class_weight"": ""balanced"", ""l1_ratio"": 1.0}"
3,0,282,0,0.5283797589238869,0.39254028212244496,0.04035930590497026,"{""C"": 0.18357923807986784, ""class_weight"": ""balanced"", ""l1_ratio"": 1.0}"
3,0,288,1,0.47457112094309584,0.39324363954454655,0.03138725720816894,"{""C"": 0.18357923807986784, ""class_weight"": ""balanced"", ""l1_ratio"": 1.0}"
3,0,289,0,0.4443205200494438,0.3616787073904672,0.05162158775830446,"{""C"": 0.18357923807986784, ""class_weight"": ""balanced"", ""l1_ratio"": 1.0}"
3,0,291,0,0.3021225662739845,0.24277786562898013,0.07150635454656291,"{""C"": 0.18357923807986784, ""class_weight"": ""balanced"", ""l1_ratio"": 1.0}"
3,0,301,0,0.29822603667940245,0.25582297622724814,0.059515084867188844,"{""C"": 0.18357923807986784, ""class_weight"": ""balanced"", ""l1_ratio"": 1.0}"
3,0,302,0,0.4456196198880559,0.3485902468208036,0.025961075436780078,"{""C"": 0.18357923807986784, ""class_weight"": ""balanced"", ""l1_ratio"": 1.0}"
3,1,8,0,0.428173856781476,0.08601704000807228,0.07618993229897618,"{""C"": 0.0013505698726591474, ""class_weight"": ""balanced"", ""l1_ratio"": 0.0}"
3,1,21,1,0.49952548316563916,0.3417441618892183,0.05757217319827078,"{""C"": 0.0013505698726591474, ""class_weight"": ""balanced"", ""l1_ratio"": 0.0}"
3,1,25,0,0.5428063031395147,0.6497200231723741,0.08859579450646898,"{""C"": 0.0013505698726591474, ""class_weight"": ""balanced"", ""l1_ratio"": 0.0}"
3,1,30,0,0.5073654680594789,0.4252077696124125,0.11231468377771338,"{""C"": 0.0013505698726591474, ""class_weight"": ""balanced"", ""l1_ratio"": 0.0}"
3,1,34,0,0.5428184725564361,0.6523763778492665,0.07741314118983257,"{""C"": 0.0013505698726591474, ""class_weight"": ""balanced"", ""l1_ratio"": 0.0}"
3,1,35,0,0.4706806813801766,0.19885837030256287,0.0799408247411404,"{""C"": 0.0013505698726591474, ""class_weight"": ""balanced"", ""l1_ratio"": 0.0}"
3,1,38,0,0.5492133946160817,0.6939467744319862,0.10465283391236772,"{""C"": 0.0013505698726591474, ""class_weight"": ""balanced"", ""l1_ratio"": 0.0}"
3,1,39,1,0.5236324631341325,0.5282440964192295,0.10334309923974172,"{""C"": 0.0013505698726591474, ""class_weight"": ""balanced"", ""l1_ratio"": 0.0}"
3,1,40,0,0.568722790870528,0.7757829436056125,0.10126091164823256,"{""C"": 0.0013505698726591474, ""class_weight"": ""balanced"", ""l1_ratio"": 0.0}"
3,1,47,1,0.5339536392367162,0.595298008940152,0.11044683194571962,"{""C"": 0.0013505698726591474, ""class_weight"": ""balanced"", ""l1_ratio"": 0.0}"
3,1,50,1,0.5221911424504521,0.5055992371615914,0.03298139185818257,"{""C"": 0.0013505698726591474, ""class_weight"": ""balanced"", ""l1_ratio"": 0.0}"
3,1,57,1,0.5445675767717721,0.6560554087912476,0.08014588298675092,"{""C"": 0.0013505698726591474, ""class_weight"": ""balanced"", ""l1_ratio"": 0.0}"
3,1,61,0,0.47235817118648277,0.21047541090264668,0.05613098717929453,"{""C"": 0.0013505698726591474, ""class_weight"": ""balanced"", ""l1_ratio"": 0.0}"
3,1,65,1,0.472705894800073,0.20581503226819214,0.06444066305967913,"{""C"": 0.0013505698726591474, ""class_weight"": ""balanced"", ""l1_ratio"": 0.0}"
3,1,72,0,0.49245466702004775,0.3117795764188688,0.0364155203376702,"{""C"": 0.0013505698726591474, ""class_weight"": ""balanced"", ""l1_ratio"": 0.0}"
3,1,76,0,0.5182774414386639,0.47619851023697046,0.04979231114738593,"{""C"": 0.0013505698726591474, ""class_weight"": ""balanced"", ""l1_ratio"": 0.0}"
3,1,77,1,0.523339161413944,0.5017452469329771,0.05149989093542931,"{""C"": 0.0013505698726591474, ""class_weight"": ""balanced"", ""l1_ratio"": 0.0}"
3,1,88,1,0.5247253440267479,0.534479033271875,0.06252174893778996,"{""C"": 0.0013505698726591474, ""class_weight"": ""balanced"", ""l1_ratio"": 0.0}"
3,1,89,1,0.5171684727188846,0.48949990105159236,0.06908551062277953,"{""C"": 0.0013505698726591474, ""class_weight"": ""balanced"", ""l1_ratio"": 0.0}"
3,1,93,0,0.5317815043811521,0.5812668584337979,0.10822191963381324,"{""C"": 0.0013505698726591474, ""class_weight"": ""balanced"", ""l1_ratio"": 0.0}"
3,1,94,0,0.4975260525901731,0.35542692436788415,0.04201184344006535,"{""C"": 0.0013505698726591474, ""class_weight"": ""balanced"", ""l1_ratio"": 0.0}"
3,1,99,0,0.4828215167499826,0.2630347107807659,0.04014405751038108,"{""C"": 0.0013505698726591474, ""class_weight"": ""balanced"", ""l1_ratio"": 0.0}"
3,1,103,1,0.5076667758188156,0.42167805216903176,0.045510881109486354,"{""C"": 0.0013505698726591474, ""class_weight"": ""balanced"", ""l1_ratio"": 0.0}"
3,1,106,0,0.5105363729288649,0.42435792944663603,0.046208678783214815,"{""C"": 0.0013505698726591474, ""class_weight"": ""balanced"", ""l1_ratio"": 0.0}"
3,1,107,1,0.5090567537957751,0.44002472477122423,0.06337624238199592,"{""C"": 0.0013505698726591474, ""class_weight"": ""balanced"", ""l1_ratio"": 0.0}"
3,1,113,0,0.45978931334464046,0.1601646019085406,0.06667785576769135,"{""C"": 0.0013505698726591474, ""class_weight"": ""balanced"", ""l1_ratio"": 0.0}"
3,1,132,0,0.511486120141767,0.4431709566553443,0.03396052421562601,"{""C"": 0.0013505698726591474, ""class_weight"": ""balanced"", ""l1_ratio"": 0.0}"
3,1,135,0,0.5041595492384507,0.37695286286251967,0.021270634798404804,"{""C"": 0.0013505698726591474, ""class_weight"": ""balanced"", ""l1_ratio"": 0.0}"
3,1,160,0,0.5123503541182537,0.4497091467316894,0.03541648537571098,"{""C"": 0.0013505698726591474, ""class_weight"": ""balanced"", ""l1_ratio"": 0.0}"
3,1,162,0,0.5080681928378455,0.41880129753358875,0.046728594942661926,"{""C"": 0.0013505698726591474, ""class_weight"": ""balanced"", ""l1_ratio"": 0.0}"
3,1,163,1,0.5398739582607684,0.6347926758328264,0.10610586642563823,"{""C"": 0.0013505698726591474, ""class_weight"": ""balanced"", ""l1_ratio"": 0.0}"
3,1,164,1,0.5570399936214026,0.7282962018710278,0.10407463465476585,"{""C"": 0.0013505698726591474, ""class_weight"": ""balanced"", ""l1_ratio"": 0.0}"
3,1,165,0,0.511570107233269,0.4384757498319848,0.029851940396458814,"{""C"": 0.0013505698726591474, ""class_weight"": ""balanced"", ""l1_ratio"": 0.0}"
3,1,173,1,0.5643222128793142,0.7646622459151613,0.12031458040479294,"{""C"": 0.0013505698726591474, ""class_weight"": ""balanced"", ""l1_ratio"": 0.0}"
3,1,176,0,0.4831174994049764,0.2545794659911754,0.06156122763120273,"{""C"": 0.0013505698726591474, ""class_weight"": ""balanced"", ""l1_ratio"": 0.0}"
3,1,178,1,0.5193980159533136,0.48645302679817987,0.053618905210912164,"{""C"": 0.0013505698726591474, ""class_weight"": ""balanced"", ""l1_ratio"": 0.0}"
3,1,179,0,0.500673471492839,0.36003789572992223,0.034259196837507604,"{""C"": 0.0013505698726591474, ""class_weight"": ""balanced"", ""l1_ratio"": 0.0}"
3,1,180,0,0.48628828089795645,0.275952428778011,0.06608558529334811,"{""C"": 0.0013505698726591474, ""class_weight"": ""balanced"", ""l1_ratio"": 0.0}"
3,1,182,1,0.5307680919251826,0.5866818653551493,0.12864137244493049,"{""C"": 0.0013505698726591474, ""class_weight"": ""balanced"", ""l1_ratio"": 0.0}"
3,1,196,0,0.4762830898498761,0.22848781394374,0.05074653387982136,"{""C"": 0.0013505698726591474, ""class_weight"": ""balanced"", ""l1_ratio"": 0.0}"
3,1,208,0,0.47737423818960123,0.23303827088776535,0.050059442027077725,"{""C"": 0.0013505698726591474, ""class_weight"": ""balanced"", ""l1_ratio"": 0.0}"
3,1,213,0,0.5125855605260955,0.4432985673801636,0.016568633950586876,"{""C"": 0.0013505698726591474, ""class_weight"": ""balanced"", ""l1_ratio"": 0.0}"
3,1,226,1,0.5047322755327752,0.3806320227049437,0.04128318980798873,"{""C"": 0.0013505698726591474, ""class_weight"": ""balanced"", ""l1_ratio"": 0.0}"
3,1,229,1,0.4975744446549683,0.3460324160391728,0.017292885001227616,"{""C"": 0.0013505698726591474, ""class_weight"": ""balanced"", ""l1_ratio"": 0.0}"
3,1,231,0,0.5319338583157976,0.5845130166954224,0.07580448521972051,"{""C"": 0.0013505698726591474, ""class_weight"": ""balanced"", ""l1_ratio"": 0.0}"
3,1,241,1,0.49348000301380507,0.3103041653780266,0.06619677829084773,"{""C"": 0.0013505698726591474, ""class_weight"": ""balanced"", ""l1_ratio"": 0.0}"
3,1,251,0,0.4726302879511869,0.2126874014724262,0.057989571290580924,"{""C"": 0.0013505698726591474, ""class_weight"": ""balanced"", ""l1_ratio"": 0.0}"
3,1,254,0,0.4629168519405228,0.1763674182026062,0.06876287665912448,"{""C"": 0.0013505698726591474, ""class_weight"": ""balanced"", ""l1_ratio"": 0.0}"
3,1,258,0,0.4888323105903386,0.3109449916126411,0.036221150214678935,"{""C"": 0.0013505698726591474, ""class_weight"": ""balanced"", ""l1_ratio"": 0.0}"
3,1,262,0,0.485789478648205,0.27069398969372543,0.045966326601899726,"{""C"": 0.0013505698726591474, ""class_weight"": ""balanced"", ""l1_ratio"": 0.0}"
3,1,265,1,0.4940251586132946,0.3272437793761206,0.05052965054307803,"{""C"": 0.0013505698726591474, ""class_weight"": ""balanced"", ""l1_ratio"": 0.0}"
3,1,266,1,0.5214061380289561,0.5034029107112331,0.055317698407743796,"{""C"": 0.0013505698726591474, ""class_weight"": ""balanced"", ""l1_ratio"": 0.0}"
3,1,270,0,0.4542654996217642,0.14457472219829917,0.07766425691255896,"{""C"": 0.0013505698726591474, ""class_weight"": ""balanced"", ""l1_ratio"": 0.0}"
3,1,273,1,0.5680136374080134,0.7760685653486864,0.11959023234704809,"{""C"": 0.0013505698726591474, ""class_weight"": ""balanced"", ""l1_ratio"": 0.0}"
3,1,277,0,0.5246540272957911,0.530220373339758,0.0670429785971854,"{""C"": 0.0013505698726591474, ""class_weight"": ""balanced"", ""l1_ratio"": 0.0}"
3,1,278,0,0.5155711339817066,0.45451349305412636,0.01449600478736238,"{""C"": 0.0013505698726591474, ""class_weight"": ""balanced"", ""l1_ratio"": 0.0}"
3,1,281,1,0.520761393572981,0.48566283266663846,0.0502489318426716,"{""C"": 0.0013505698726591474, ""class_weight"": ""balanced"", ""l1_ratio"": 0.0}"
3,1,284,0,0.5079128998424947,0.4084248496662578,0.00787381463019235,"{""C"": 0.0013505698726591474, ""class_weight"": ""balanced"", ""l1_ratio"": 0.0}"
3,1,294,1,0.4921878384632311,0.33352729760240496,0.04244080467033185,"{""C"": 0.0013505698726591474, ""class_weight"": ""balanced"", ""l1_ratio"": 0.0}"
3,1,297,0,0.4515786385706859,0.13463529779524,0.08272782012258716,"{""C"": 0.0013505698726591474, ""class_weight"": ""balanced"", ""l1_ratio"": 0.0}"
3,1,300,0,0.4647504384538896,0.175776520050972,0.07181669029899887,"{""C"": 0.0013505698726591474, ""class_weight"": ""balanced"", ""l1_ratio"": 0.0}"
3,2,0,0,0.42359901446903786,0.2583037232212175,0.05556422776115124,"{""C"": 0.007573443804639558, ""class_weight"": ""balanced"", ""l1_ratio"": 0.0}"
3,2,2,0,0.453901486666206,0.29676909659936335,0.06645383698178459,"{""C"": 0.007573443804639558, ""class_weight"": ""balanced"", ""l1_ratio"": 0.0}"
3,2,7,1,0.5430598469643252,0.4482166833837688,0.06906041002768781,"{""C"": 0.007573443804639558, ""class_weight"": ""balanced"", ""l1_ratio"": 0.0}"
3,2,11,1,0.5962568067731294,0.5625370734707513,0.07314568037824459,"{""C"": 0.007573443804639558, ""class_weight"": ""balanced"", ""l1_ratio"": 0.0}"
3,2,19,1,0.5886546034334839,0.5347589018465503,0.0884145380609639,"{""C"": 0.007573443804639558, ""class_weight"": ""balanced"", ""l1_ratio"": 0.0}"
3,2,29,1,0.6260285022355795,0.5987182062934865,0.08817358275026062,"{""C"": 0.007573443804639558, ""class_weight"": ""balanced"", ""l1_ratio"": 0.0}"
3,2,43,0,0.5150719497915357,0.40436047975238854,0.07428321076187527,"{""C"": 0.007573443804639558, ""class_weight"": ""balanced"", ""l1_ratio"": 0.0}"
3,2,49,0,0.4660735742431025,0.31923592975182824,0.03805790245532397,"{""C"": 0.007573443804639558, ""class_weight"": ""balanced"", ""l1_ratio"": 0.0}"
3,2,51,1,0.49090529847278264,0.3529056584076588,0.03170751251268814,"{""C"": 0.007573443804639558, ""class_weight"": ""balanced"", ""l1_ratio"": 0.0}"
3,2,53,0,0.4344918634202376,0.27455220637713956,0.05376967317184012,"{""C"": 0.007573443804639558, ""class_weight"": ""balanced"", ""l1_ratio"": 0.0}"
3,2,58,1,0.48059526791107027,0.334974047175128,0.04367128501896963,"{""C"": 0.007573443804639558, ""class_weight"": ""balanced"", ""l1_ratio"": 0.0}"
3,2,60,0,0.4372285586032727,0.2704822347075935,0.08347435844972864,"{""C"": 0.007573443804639558, ""class_weight"": ""balanced"", ""l1_ratio"": 0.0}"
3,2,68,0,0.4148223198647334,0.23857522918994872,0.07978396444225104,"{""C"": 0.007573443804639558, ""class_weight"": ""balanced"", ""l1_ratio"": 0.0}"
3,2,69,1,0.5772073582838159,0.5058313252658773,0.05080731924536089,"{""C"": 0.007573443804639558, ""class_weight"": ""balanced"", ""l1_ratio"": 0.0}"
3,2,70,0,0.4178067674398882,0.24684985576017054,0.06774368426114646,"{""C"": 0.007573443804639558, ""class_weight"": ""balanced"", ""l1_ratio"": 0.0}"
3,2,78,1,0.49931018030087976,0.3686766224646635,0.03071658437242398,"{""C"": 0.007573443804639558, ""class_weight"": ""balanced"", ""l1_ratio"": 0.0}"
3,2,79,0,0.4350934975086955,0.2703227553286897,0.06288960119644053,"{""C"": 0.007573443804639558, ""class_weight"": ""balanced"", ""l1_ratio"": 0.0}"
3,2,81,0,0.551688563001259,0.46567395251686533,0.05164442065518028,"{""C"": 0.007573443804639558, ""class_weight"": ""balanced"", ""l1_ratio"": 0.0}"
3,2,83,0,0.5919030073104782,0.5313006369017211,0.02772238957805935,"{""C"": 0.007573443804639558, ""class_weight"": ""balanced"", ""l1_ratio"": 0.0}"
3,2,84,0,0.5496726611405639,0.46469474449805787,0.037584831747612076,"{""C"": 0.007573443804639558, ""class_weight"": ""balanced"", ""l1_ratio"": 0.0}"
3,2,101,1,0.6421872892277575,0.6219969616516583,0.10569110762554436,"{""C"": 0.007573443804639558, ""class_weight"": ""balanced"", ""l1_ratio"": 0.0}"
3,2,102,0,0.4209413801654614,0.2556279070086959,0.045664345000280576,"{""C"": 0.007573443804639558, ""class_weight"": ""balanced"", ""l1_ratio"": 0.0}"
3,2,104,1,0.4478465152924303,0.2904384124831686,0.057958412752926736,"{""C"": 0.007573443804639558, ""class_weight"": ""balanced"", ""l1_ratio"": 0.0}"
3,2,112,1,0.4799184903361525,0.344516345051376,0.01751549081046122,"{""C"": 0.007573443804639558, ""class_weight"": ""balanced"", ""l1_ratio"": 0.0}"
3,2,115,1,0.5663581423247712,0.4885390191570626,0.041887379819011826,"{""C"": 0.007573443804639558, ""class_weight"": ""balanced"", ""l1_ratio"": 0.0}"
3,2,117,1,0.5817368171152526,0.5163652963561132,0.06617019524773736,"{""C"": 0.007573443804639558, ""class_weight"": ""balanced"", ""l1_ratio"": 0.0}"
3,2,124,0,0.5325275559484399,0.409588393623188,0.07386661363202561,"{""C"": 0.007573443804639558, ""class_weight"": ""balanced"", ""l1_ratio"": 0.0}"
3,2,128,0,0.5548473890346709,0.47020015144638555,0.02329718492568437,"{""C"": 0.007573443804639558, ""class_weight"": ""balanced"", ""l1_ratio"": 0.0}"
3,2,136,0,0.41331450240336576,0.24450449723234907,0.0794529780414458,"{""C"": 0.007573443804639558, ""class_weight"": ""balanced"", ""l1_ratio"": 0.0}"
3,2,138,1,0.5777494256097814,0.4915662406168277,0.0472285371931463,"{""C"": 0.007573443804639558, ""class_weight"": ""balanced"", ""l1_ratio"": 0.0}"
3,2,139,1,0.6052174677438343,0.5457981329829977,0.0511615319039543,"{""C"": 0.007573443804639558, ""class_weight"": ""balanced"", ""l1_ratio"": 0.0}"
3,2,142,1,0.3534378701023308,0.1812276130849641,0.07377456989451298,"{""C"": 0.007573443804639558, ""class_weight"": ""balanced"", ""l1_ratio"": 0.0}"
3,2,145,1,0.5611788751579387,0.47501200034944874,0.031084177859702022,"{""C"": 0.007573443804639558, ""class_weight"": ""balanced"", ""l1_ratio"": 0.0}"
3,2,146,0,0.7217315756404314,0.7547006817292694,0.09339243187080158,"{""C"": 0.007573443804639558, ""class_weight"": ""balanced"", ""l1_ratio"": 0.0}"
3,2,147,1,0.5937792324512425,0.5390386746722526,0.07608056665692918,"{""C"": 0.007573443804639558, ""class_weight"": ""balanced"", ""l1_ratio"": 0.0}"
3,2,150,0,0.4418643639355524,0.279270115112139,0.04799058046114396,"{""C"": 0.007573443804639558, ""class_weight"": ""balanced"", ""l1_ratio"": 0.0}"
3,2,152,0,0.4951244919433126,0.36933709018891964,0.03123581507094621,"{""C"": 0.007573443804639558, ""class_weight"": ""balanced"", ""l1_ratio"": 0.0}"
3,2,153,0,0.5305610017468143,0.4219160573345799,0.017647162562831005,"{""C"": 0.007573443804639558, ""class_weight"": ""balanced"", ""l1_ratio"": 0.0}"
3,2,154,0,0.49112422451515486,0.3588475939481862,0.03237105353315124,"{""C"": 0.007573443804639558, ""class_weight"": ""balanced"", ""l1_ratio"": 0.0}"
3,2,159,0,0.5467216051060027,0.4434114283234424,0.029174443046282975,"{""C"": 0.007573443804639558, ""class_weight"": ""balanced"", ""l1_ratio"": 0.0}"
3,2,174,1,0.6871461586814918,0.701652728881581,0.11197114646179594,"{""C"": 0.007573443804639558, ""class_weight"": ""balanced"", ""l1_ratio"": 0.0}"
3,2,185,0,0.4722164535311196,0.32433479177290636,0.04959457937777939,"{""C"": 0.007573443804639558, ""class_weight"": ""balanced"", ""l1_ratio"": 0.0}"
3,2,187,1,0.5331982651704593,0.4320154281030292,0.01218473022299381,"{""C"": 0.007573443804639558, ""class_weight"": ""balanced"", ""l1_ratio"": 0.0}"
3,2,201,0,0.5057033472179412,0.3796884518672381,0.05379646173402288,"{""C"": 0.007573443804639558, ""class_weight"": ""balanced"", ""l1_ratio"": 0.0}"
3,2,202,1,0.6914681166612571,0.7071117484890993,0.12186658927743439,"{""C"": 0.007573443804639558, ""class_weight"": ""balanced"", ""l1_ratio"": 0.0}"
3,2,203,0,0.42937783209752073,0.26324393538579133,0.05635880987469821,"{""C"": 0.007573443804639558, ""class_weight"": ""balanced"", ""l1_ratio"": 0.0}"
3,2,204,0,0.4275300126624783,0.26077341709316093,0.061413531147040824,"{""C"": 0.007573443804639558, ""class_weight"": ""balanced"", ""l1_ratio"": 0.0}"
3,2,211,0,0.47480952008195065,0.32895926596878056,0.07668081155054,"{""C"": 0.007573443804639558, ""class_weight"": ""balanced"", ""l1_ratio"": 0.0}"
3,2,217,0,0.4380698665284348,0.2814746291015834,0.04887686765470926,"{""C"": 0.007573443804639558, ""class_weight"": ""balanced"", ""l1_ratio"": 0.0}"
3,2,218,0,0.5096390764637535,0.3845173390992217,0.02501787920928508,"{""C"": 0.007573443804639558, ""class_weight"": ""balanced"", ""l1_ratio"": 0.0}"
3,2,220,1,0.6750643214588022,0.6849189354054689,0.1188042476982592,"{""C"": 0.007573443804639558, ""class_weight"": ""balanced"", ""l1_ratio"": 0.0}"
3,2,235,1,0.6609837434435197,0.6442716364560439,0.10729713111233402,"{""C"": 0.007573443804639558, ""class_weight"": ""balanced"", ""l1_ratio"": 0.0}"
3,2,243,0,0.44748633813956984,0.287710517150922,0.05524935564032832,"{""C"": 0.007573443804639558, ""class_weight"": ""balanced"", ""l1_ratio"": 0.0}"
3,2,249,1,0.5395999785382096,0.4339940917486061,0.017983257423200776,"{""C"": 0.007573443804639558, ""class_weight"": ""balanced"", ""l1_ratio"": 0.0}"
3,2,259,0,0.43628033689400636,0.28429600436496305,0.027719244886473718,"{""C"": 0.007573443804639558, ""class_weight"": ""balanced"", ""l1_ratio"": 0.0}"
3,2,263,0,0.3402782906128609,0.16950419176915507,0.07443505496268708,"{""C"": 0.007573443804639558, ""class_weight"": ""balanced"", ""l1_ratio"": 0.0}"
3,2,264,0,0.4243595290793016,0.26078054359901587,0.06112695628732655,"{""C"": 0.007573443804639558, ""class_weight"": ""balanced"", ""l1_ratio"": 0.0}"
3,2,283,0,0.483577228463237,0.33787936241876365,0.06168039227982917,"{""C"": 0.007573443804639558, ""class_weight"": ""balanced"", ""l1_ratio"": 0.0}"
3,2,285,0,0.3863514187416343,0.21192376091318704,0.07594702321933963,"{""C"": 0.007573443804639558, ""class_weight"": ""balanced"", ""l1_ratio"": 0.0}"
3,2,293,0,0.45838811113698735,0.31587200417348404,0.020303919008088075,"{""C"": 0.007573443804639558, ""class_weight"": ""balanced"", ""l1_ratio"": 0.0}"
3,2,296,0,0.39077532426513195,0.2155131584529577,0.0775702472584026,"{""C"": 0.007573443804639558, ""class_weight"": ""balanced"", ""l1_ratio"": 0.0}"
3,3,1,1,0.9495845491294203,0.828125227395536,0.07100776867049273,"{""C"": 0.3489054523577431, ""class_weight"": ""balanced"", ""l1_ratio"": 1.0}"
3,3,3,0,0.10661266871078552,0.17044830726686638,0.11480966790550987,"{""C"": 0.3489054523577431, ""class_weight"": ""balanced"", ""l1_ratio"": 1.0}"
3,3,4,0,0.14654864791165265,0.16114518643922476,0.057957676600828234,"{""C"": 0.3489054523577431, ""class_weight"": ""balanced"", ""l1_ratio"": 1.0}"
3,3,6,0,0.24627792619499822,0.21542803263610275,0.068851282524755,"{""C"": 0.3489054523577431, ""class_weight"": ""balanced"", ""l1_ratio"": 1.0}"
3,3,9,1,0.44485049826158585,0.36468099623525846,0.055716463929517755,"{""C"": 0.3489054523577431, ""class_weight"": ""balanced"", ""l1_ratio"": 1.0}"
3,3,10,1,0.6146914598711056,0.4827605406449081,0.0750574409609054,"{""C"": 0.3489054523577431, ""class_weight"": ""balanced"", ""l1_ratio"": 1.0}"
3,3,12,0,0.8459062131162449,0.678915233821099,0.11936803769092263,"{""C"": 0.3489054523577431, ""class_weight"": ""balanced"", ""l1_ratio"": 1.0}"
3,3,15,1,0.7284448532930478,0.5683160312904316,0.10458197787196803,"{""C"": 0.3489054523577431, ""class_weight"": ""balanced"", ""l1_ratio"": 1.0}"
3,3,23,0,0.8421811062887196,0.6668676741131279,0.0786002812027295,"{""C"": 0.3489054523577431, ""class_weight"": ""balanced"", ""l1_ratio"": 1.0}"
3,3,26,0,0.21421679975523603,0.21944045227335945,0.05250686628444081,"{""C"": 0.3489054523577431, ""class_weight"": ""balanced"", ""l1_ratio"": 1.0}"
3,3,42,0,0.11767423932132401,0.12763437914507972,0.06935969933727751,"{""C"": 0.3489054523577431, ""class_weight"": ""balanced"", ""l1_ratio"": 1.0}"
3,3,44,0,0.5609219067390543,0.42104937170619144,0.11715147621796443,"{""C"": 0.3489054523577431, ""class_weight"": ""balanced"", ""l1_ratio"": 1.0}"
3,3,45,1,0.4683544619552937,0.36601830669990504,0.02599127547625799,"{""C"": 0.3489054523577431, ""class_weight"": ""balanced"", ""l1_ratio"": 1.0}"
3,3,48,0,0.181913133455787,0.19083968377334054,0.0785604286648146,"{""C"": 0.3489054523577431, ""class_weight"": ""balanced"", ""l1_ratio"": 1.0}"
3,3,54,0,0.17947115265408145,0.18512495394938347,0.06100681628752644,"{""C"": 0.3489054523577431, ""class_weight"": ""balanced"", ""l1_ratio"": 1.0}"
3,3,56,1,0.6769086901035247,0.538822850537845,0.09941317948053255,"{""C"": 0.3489054523577431, ""class_weight"": ""balanced"", ""l1_ratio"": 1.0}"
3,3,59,1,0.5203744723297501,0.41015472313984336,0.12263267434309086,"{""C"": 0.3489054523577431, ""class_weight"": ""balanced"", ""l1_ratio"": 1.0}"
3,3,66,0,0.6056400003313116,0.4241047124449315,0.029008400322109627,"{""C"": 0.3489054523577431, ""class_weight"": ""balanced"", ""l1_ratio"": 1.0}"
3,3,73,0,0.6333501040385237,0.5036239292693165,0.07986453365557028,"{""C"": 0.3489054523577431, ""class_weight"": ""balanced"", ""l1_ratio"": 1.0}"
3,3,74,1,0.8203180495250232,0.6805515053100806,0.0884681117375721,"{""C"": 0.3489054523577431, ""class_weight"": ""balanced"", ""l1_ratio"": 1.0}"
3,3,85,1,0.3310046061581291,0.2929810173588962,0.05536306975649958,"{""C"": 0.3489054523577431, ""class_weight"": ""balanced"", ""l1_ratio"": 1.0}"
3,3,98,1,0.6138347354105598,0.48228814586218133,0.03903850899180821,"{""C"": 0.3489054523577431, ""class_weight"": ""balanced"", ""l1_ratio"": 1.0}"
3,3,109,1,0.5425345021492443,0.4258379795994288,0.06455551260029227,"{""C"": 0.3489054523577431, ""class_weight"": ""balanced"", ""l1_ratio"": 1.0}"
3,3,111,1,0.74385311724088,0.607324453807007,0.09489685541195632,"{""C"": 0.3489054523577431, ""class_weight"": ""balanced"", ""l1_ratio"": 1.0}"
3,3,118,0,0.4701280508511396,0.3960722631362873,0.08841958107975943,"{""C"": 0.3489054523577431, ""class_weight"": ""balanced"", ""l1_ratio"": 1.0}"
3,3,119,1,0.572039455410867,0.45594979131795876,0.06324017310332278,"{""C"": 0.3489054523577431, ""class_weight"": ""balanced"", ""l1_ratio"": 1.0}"
3,3,121,0,0.8219724625916732,0.6712560065224024,0.08403232123818516,"{""C"": 0.3489054523577431, ""class_weight"": ""balanced"", ""l1_ratio"": 1.0}"
3,3,122,1,0.7098805093234065,0.5877587673512055,0.10227817987238712,"{""C"": 0.3489054523577431, ""class_weight"": ""balanced"", ""l1_ratio"": 1.0}"
3,3,125,1,0.26054647770493355,0.23810716413272165,0.049740252747312905,"{""C"": 0.3489054523577431, ""class_weight"": ""balanced"", ""l1_ratio"": 1.0}"
3,3,127,0,0.8922766842006429,0.7272352204170653,0.10388095214163,"{""C"": 0.3489054523577431, ""class_weight"": ""balanced"", ""l1_ratio"": 1.0}"
3,3,129,0,0.2669400723015891,0.2502283129574068,0.04374106375822399,"{""C"": 0.3489054523577431, ""class_weight"": ""balanced"", ""l1_ratio"": 1.0}"
3,3,130,0,0.1301215791354657,0.14244506324384654,0.04459436022405383,"{""C"": 0.3489054523577431, ""class_weight"": ""balanced"", ""l1_ratio"": 1.0}"
3,3,133,0,0.2183700207819937,0.1907113160285832,0.05166456313268641,"{""C"": 0.3489054523577431, ""class_weight"": ""balanced"", ""l1_ratio"": 1.0}"
3,3,134,0,0.33144926959394755,0.27194056019228074,0.030706496869783752,"{""C"": 0.3489054523577431, ""class_weight"": ""balanced"", ""l1_ratio"": 1.0}"
3,3,140,0,0.184374837684209,0.17714015024360344,0.06295025963698146,"{""C"": 0.3489054523577431, ""class_weight"": ""balanced"", ""l1_ratio"": 1.0}"
3,3,141,0,0.31458295783873824,0.28718252968851204,0.06591631353257212,"{""C"": 0.3489054523577431, ""class_weight"": ""balanced"", ""l1_ratio"": 1.0}"
3,3,144,1,0.3878536457783944,0.2911066960433254,0.11277702373127396,"{""C"": 0.3489054523577431, ""class_weight"": ""balanced"", ""l1_ratio"": 1.0}"
3,3,161,0,0.9432316124909379,0.8122160067937145,0.0724519170228066,"{""C"": 0.3489054523577431, ""class_weight"": ""balanced"", ""l1_ratio"": 1.0}"
3,3,167,1,0.24744793326379133,0.2199156557717102,0.031418234483974676,"{""C"": 0.3489054523577431, ""class_weight"": ""balanced"", ""l1_ratio"": 1.0}"
3,3,168,0,0.08794266515450454,0.11837316244448237,0.06271947101295214,"{""C"": 0.3489054523577431, ""class_weight"": ""balanced"", ""l1_ratio"": 1.0}"
3,3,171,0,0.43099259980917026,0.3461923534137722,0.09969233227898507,"{""C"": 0.3489054523577431, ""class_weight"": ""balanced"", ""l1_ratio"": 1.0}"
3,3,183,0,0.4271677134378545,0.35514490894514095,0.07131253038534227,"{""C"": 0.3489054523577431, ""class_weight"": ""balanced"", ""l1_ratio"": 1.0}"
3,3,191,0,0.3012458351076721,0.23694670728624093,0.04708112739434184,"{""C"": 0.3489054523577431, ""class_weight"": ""balanced"", ""l1_ratio"": 1.0}"
3,3,198,0,0.7778753481181181,0.6286807133574845,0.07068449390483082,"{""C"": 0.3489054523577431, ""class_weight"": ""balanced"", ""l1_ratio"": 1.0}"
3,3,206,1,0.7413119673988611,0.5518991797154693,0.06676271751044198,"{""C"": 0.3489054523577431, ""class_weight"": ""balanced"", ""l1_ratio"": 1.0}"
3,3,219,1,0.12015681139727986,0.14511617558699985,0.03406795842606071,"{""C"": 0.3489054523577431, ""class_weight"": ""balanced"", ""l1_ratio"": 1.0}"
3,3,227,1,0.276665507201544,0.25111518063000915,0.04859845295628875,"{""C"": 0.3489054523577431, ""class_weight"": ""balanced"", ""l1_ratio"": 1.0}"
3,3,234,0,0.3922719812468746,0.3280433225431688,0.03847101872576614,"{""C"": 0.3489054523577431, ""class_weight"": ""balanced"", ""l1_ratio"": 1.0}"
3,3,240,0,0.8805919404610788,0.6945253201461128,0.09268490461713905,"{""C"": 0.3489054523577431, ""class_weight"": ""balanced"", ""l1_ratio"": 1.0}"
3,3,242,0,0.42219783052264603,0.3186257873533407,0.05850868855636333,"{""C"": 0.3489054523577431, ""class_weight"": ""balanced"", ""l1_ratio"": 1.0}"
3,3,245,1,0.5022138408801694,0.3939523457021076,0.07486718671848347,"{""C"": 0.3489054523577431, ""class_weight"": ""balanced"", ""l1_ratio"": 1.0}"
3,3,256,0,0.30643914028531505,0.2731855339645055,0.04468575096106464,"{""C"": 0.3489054523577431, ""class_weight"": ""balanced"", ""l1_ratio"": 1.0}"
3,3,257,0,0.43674732527737703,0.372134234709386,0.10132682262021332,"{""C"": 0.3489054523577431, ""class_weight"": ""balanced"", ""l1_ratio"": 1.0}"
3,3,269,0,0.796576291993643,0.6098651048195292,0.09449770892655417,"{""C"": 0.3489054523577431, ""class_weight"": ""balanced"", ""l1_ratio"": 1.0}"
3,3,275,0,0.5813112296085639,0.42635994976692243,0.064968161393673,"{""C"": 0.3489054523577431, ""class_weight"": ""balanced"", ""l1_ratio"": 1.0}"
3,3,279,1,0.3587771829697969,0.25607002443067006,0.042437641103423566,"{""C"": 0.3489054523577431, ""class_weight"": ""balanced"", ""l1_ratio"": 1.0}"
3,3,286,0,0.4595226479511684,0.377786990699103,0.021339213624223745,"{""C"": 0.3489054523577431, ""class_weight"": ""balanced"", ""l1_ratio"": 1.0}"
3,3,295,0,0.23922760801889872,0.25198790227769935,0.08708367814537692,"{""C"": 0.3489054523577431, ""class_weight"": ""balanced"", ""l1_ratio"": 1.0}"
3,3,298,1,0.4869842593066363,0.37467544032957134,0.05941674099974404,"{""C"": 0.3489054523577431, ""class_weight"": ""balanced"", ""l1_ratio"": 1.0}"
3,3,299,0,0.10347755375766834,0.1248416712857618,0.0542566704242011,"{""C"": 0.3489054523577431, ""class_weight"": ""balanced"", ""l1_ratio"": 1.0}"
3,4,16,0,0.1957557404041128,0.20227046727466416,0.05680605304296178,"{""C"": 0.24939740287833945, ""class_weight"": null, ""l1_ratio"": 1.0}"
3,4,18,0,0.49665816558090586,0.4679811155847572,0.060282836258749146,"{""C"": 0.24939740287833945, ""class_weight"": null, ""l1_ratio"": 1.0}"
3,4,20,1,0.1547815047363495,0.18791434961239933,0.0782099100061845,"{""C"": 0.24939740287833945, ""class_weight"": null, ""l1_ratio"": 1.0}"
3,4,24,0,0.40327829415582855,0.3671925354484925,0.05077388577506361,"{""C"": 0.24939740287833945, ""class_weight"": null, ""l1_ratio"": 1.0}"
3,4,27,0,0.14871392608272316,0.1756838621728028,0.07198626590497531,"{""C"": 0.24939740287833945, ""class_weight"": null, ""l1_ratio"": 1.0}"
3,4,28,1,0.800518060035142,0.7088681713260475,0.04850725694379025,"{""C"": 0.24939740287833945, ""class_weight"": null, ""l1_ratio"": 1.0}"
3,4,36,1,0.5701408709705412,0.5197811943951509,0.05894556799894854,"{""C"": 0.24939740287833945, ""class_weight"": null, ""l1_ratio"": 1.0}"
3,4,37,1,0.45487560872652744,0.407265429642202,0.04917490937589423,"{""C"": 0.24939740287833945, ""class_weight"": null, ""l1_ratio"": 1.0}"
3,4,52,0,0.6005674265271828,0.5383063223526009,0.06712356429240071,"{""C"": 0.24939740287833945, ""class_weight"": null, ""l1_ratio"": 1.0}"
3,4,55,1,0.3506404908413919,0.33757480447852284,0.05938709195413976,"{""C"": 0.24939740287833945, ""class_weight"": null, ""l1_ratio"": 1.0}"
3,4,63,1,0.4914444066526842,0.47977040922170655,0.049331772126329186,"{""C"": 0.24939740287833945, ""class_weight"": null, ""l1_ratio"": 1.0}"
3,4,64,0,0.16543015184757257,0.2014262789091034,0.05168913801546942,"{""C"": 0.24939740287833945, ""class_weight"": null, ""l1_ratio"": 1.0}"
3,4,67,0,0.24566885417145864,0.2256860246801921,0.09008680010593186,"{""C"": 0.24939740287833945, ""class_weight"": null, ""l1_ratio"": 1.0}"
3,4,75,0,0.4758232301876282,0.41187232228801723,0.04641001198550545,"{""C"": 0.24939740287833945, ""class_weight"": null, ""l1_ratio"": 1.0}"
3,4,80,1,0.5085520638686695,0.4519213056767361,0.04598544899717458,"{""C"": 0.24939740287833945, ""class_weight"": null, ""l1_ratio"": 1.0}"
3,4,82,1,0.8463616474324203,0.778768650977875,0.08939452975822502,"{""C"": 0.24939740287833945, ""class_weight"": null, ""l1_ratio"": 1.0}"
3,4,90,1,0.39378669760844015,0.3703885664918417,0.052186862229630676,"{""C"": 0.24939740287833945, ""class_weight"": null, ""l1_ratio"": 1.0}"
3,4,96,1,0.5456105289246175,0.4936200063054752,0.061257567976392854,"{""C"": 0.24939740287833945, ""class_weight"": null, ""l1_ratio"": 1.0}"
3,4,97,1,0.38685963793918615,0.39324272809137834,0.05215075765568774,"{""C"": 0.24939740287833945, ""class_weight"": null, ""l1_ratio"": 1.0}"
3,4,100,0,0.7228056569009226,0.6633393730811221,0.12091509927082326,"{""C"": 0.24939740287833945, ""class_weight"": null, ""l1_ratio"": 1.0}"
3,4,108,0,0.2521104545104743,0.2568122913291451,0.04814817570821417,"{""C"": 0.24939740287833945, ""class_weight"": null, ""l1_ratio"": 1.0}"
3,4,110,1,0.2023203638587701,0.21966162629090036,0.07523132828699934,"{""C"": 0.24939740287833945, ""class_weight"": null, ""l1_ratio"": 1.0}"
3,4,116,0,0.4697239963607947,0.42104847583293814,0.06394525871307039,"{""C"": 0.24939740287833945, ""class_weight"": null, ""l1_ratio"": 1.0}"
3,4,120,1,0.47828815306794425,0.42945383928111996,0.023894504628783012,"{""C"": 0.24939740287833945, ""class_weight"": null, ""l1_ratio"": 1.0}"
3,4,126,0,0.6434102290730741,0.5853648666735073,0.07321175133036344,"{""C"": 0.24939740287833945, ""class_weight"": null, ""l1_ratio"": 1.0}"
3,4,143,0,0.1390682478214222,0.1658369137781544,0.06232208294365824,"{""C"": 0.24939740287833945, ""class_weight"": null, ""l1_ratio"": 1.0}"
3,4,148,1,0.521816823715956,0.49415013701510413,0.04458758812036296,"{""C"": 0.24939740287833945, ""class_weight"": null, ""l1_ratio"": 1.0}"
3,4,151,0,0.3121551293277221,0.32255802796087724,0.040578992429623525,"{""C"": 0.24939740287833945, ""class_weight"": null, ""l1_ratio"": 1.0}"
3,4,155,1,0.5693240588797374,0.5058983572023245,0.06861732596802873,"{""C"": 0.24939740287833945, ""class_weight"": null, ""l1_ratio"": 1.0}"
3,4,157,1,0.197674330882708,0.22606304843785213,0.0783747794861441,"{""C"": 0.24939740287833945, ""class_weight"": null, ""l1_ratio"": 1.0}"
3,4,158,1,0.4441982975087631,0.39829066925882356,0.03092698990023899,"{""C"": 0.24939740287833945, ""class_weight"": null, ""l1_ratio"": 1.0}"
3,4,181,1,0.6384399844775043,0.5583560268780174,0.08476151308618518,"{""C"": 0.24939740287833945, ""class_weight"": null, ""l1_ratio"": 1.0}"
3,4,186,0,0.5856492655107888,0.5552499939104836,0.08171238568468195,"{""C"": 0.24939740287833945, ""class_weight"": null, ""l1_ratio"": 1.0}"
3,4,188,0,0.20129400012053433,0.21471291014399893,0.07552536135491364,"{""C"": 0.24939740287833945, ""class_weight"": null, ""l1_ratio"": 1.0}"
3,4,189,1,0.5911694995453282,0.546544617481055,0.06479812176578312,"{""C"": 0.24939740287833945, ""class_weight"": null, ""l1_ratio"": 1.0}"
3,4,192,0,0.25946385497090235,0.2562627736055313,0.07869405280742195,"{""C"": 0.24939740287833945, ""class_weight"": null, ""l1_ratio"": 1.0}"
3,4,197,1,0.5495537882886014,0.5252726791857489,0.057743609675834605,"{""C"": 0.24939740287833945, ""class_weight"": null, ""l1_ratio"": 1.0}"
3,4,199,0,0.2210101665878743,0.23286722121772319,0.0772128914313235,"{""C"": 0.24939740287833945, ""class_weight"": null, ""l1_ratio"": 1.0}"
3,4,209,0,0.7046744909700009,0.6304123089389234,0.0758609896931883,"{""C"": 0.24939740287833945, ""class_weight"": null, ""l1_ratio"": 1.0}"
3,4,215,0,0.558377532831814,0.491354568939399,0.041522874953203615,"{""C"": 0.24939740287833945, ""class_weight"": null, ""l1_ratio"": 1.0}"
3,4,222,1,0.48266586223833274,0.4410201359760393,0.007855355130888692,"{""C"": 0.24939740287833945, ""class_weight"": null, ""l1_ratio"": 1.0}"
3,4,225,0,0.38597241882846367,0.3582994064643432,0.07049085461681112,"{""C"": 0.24939740287833945, ""class_weight"": null, ""l1_ratio"": 1.0}"
3,4,228,0,0.5087208621786222,0.4672505833606393,0.03873457830825635,"{""C"": 0.24939740287833945, ""class_weight"": null, ""l1_ratio"": 1.0}"
3,4,230,0,0.7089687703988182,0.6436413642655782,0.07300436823750699,"{""C"": 0.24939740287833945, ""class_weight"": null, ""l1_ratio"": 1.0}"
3,4,233,0,0.26482495310716275,0.26386265632567507,0.04596354668822309,"{""C"": 0.24939740287833945, ""class_weight"": null, ""l1_ratio"": 1.0}"
3,4,237,0,0.24443915169399802,0.23304148822012935,0.051197891981940524,"{""C"": 0.24939740287833945, ""class_weight"": null, ""l1_ratio"": 1.0}"
3,4,238,0,0.23147657498761187,0.24805944277986275,0.06604595758491366,"{""C"": 0.24939740287833945, ""class_weight"": null, ""l1_ratio"": 1.0}"
3,4,239,0,0.37796800596204205,0.35190262090773616,0.04652085113548589,"{""C"": 0.24939740287833945, ""class_weight"": null, ""l1_ratio"": 1.0}"
3,4,244,1,0.3216817032315126,0.3278023477712499,0.015055418947185326,"{""C"": 0.24939740287833945, ""class_weight"": null, ""l1_ratio"": 1.0}"
3,4,247,0,0.0981446787720142,0.12735642048696602,0.05650600407748195,"{""C"": 0.24939740287833945, ""class_weight"": null, ""l1_ratio"": 1.0}"
3,4,250,0,0.5718035498561213,0.5070949079777194,0.031184148308070196,"{""C"": 0.24939740287833945, ""class_weight"": null, ""l1_ratio"": 1.0}"
3,4,252,0,0.37282142679297914,0.3378307030487385,0.0642667178659508,"{""C"": 0.24939740287833945, ""class_weight"": null, ""l1_ratio"": 1.0}"
3,4,260,1,0.5865434416171702,0.49731744776744485,0.1202233838556405,"{""C"": 0.24939740287833945, ""class_weight"": null, ""l1_ratio"": 1.0}"
3,4,261,0,0.15793977331974665,0.18543999040189463,0.0768411300472019,"{""C"": 0.24939740287833945, ""class_weight"": null, ""l1_ratio"": 1.0}"
3,4,267,1,0.40898514324669033,0.3882027303699495,0.04096189022100233,"{""C"": 0.24939740287833945, ""class_weight"": null, ""l1_ratio"": 1.0}"
3,4,272,0,0.37580867450700256,0.3847839483576053,0.022467850121023,"{""C"": 0.24939740287833945, ""class_weight"": null, ""l1_ratio"": 1.0}"
3,4,276,0,0.2567501713348382,0.267354522282102,0.06993366079650265,"{""C"": 0.24939740287833945, ""class_weight"": null, ""l1_ratio"": 1.0}"
3,4,287,0,0.3956880560342474,0.38053007770998815,0.06815170689130716,"{""C"": 0.24939740287833945, ""class_weight"": null, ""l1_ratio"": 1.0}"
3,4,290,0,0.2438938501646956,0.25114750358841065,0.0796966886579016,"{""C"": 0.24939740287833945, ""class_weight"": null, ""l1_ratio"": 1.0}"
3,4,292,0,0.31696343071104865,0.3197347390874715,0.0762503091811094,"{""C"": 0.24939740287833945, ""class_weight"": null, ""l1_ratio"": 1.0}"
4,0,0,0,0.22100334591023288,0.24631265090533425,0.08599492198990315,"{""C"": 0.33547602996748965, ""class_weight"": null, ""l1_ratio"": 1.0}"
4,0,3,0,0.026263393825431344,0.09576774881733123,0.09895003368592387,"{""C"": 0.33547602996748965, ""class_weight"": null, ""l1_ratio"": 1.0}"
4,0,7,1,0.2972186039552078,0.3212631126516164,0.06324210454591084,"{""C"": 0.33547602996748965, ""class_weight"": null, ""l1_ratio"": 1.0}"
4,0,8,0,0.032380743670142036,0.10300550161450946,0.10207108263932026,"{""C"": 0.33547602996748965, ""class_weight"": null, ""l1_ratio"": 1.0}"
4,0,10,1,0.5197873139262422,0.4802958832701565,0.06468556597008218,"{""C"": 0.33547602996748965, ""class_weight"": null, ""l1_ratio"": 1.0}"
4,0,12,0,0.5331537206367744,0.45436768994955923,0.07236124706347763,"{""C"": 0.33547602996748965, ""class_weight"": null, ""l1_ratio"": 1.0}"
4,0,25,0,0.6209243008508074,0.5713611731524855,0.10732428313608888,"{""C"": 0.33547602996748965, ""class_weight"": null, ""l1_ratio"": 1.0}"
4,0,29,1,0.7510327307887107,0.6548816564391736,0.14838933837806886,"{""C"": 0.33547602996748965, ""class_weight"": null, ""l1_ratio"": 1.0}"
4,0,35,0,0.17261981777553054,0.2141062191505656,0.09309712658734773,"{""C"": 0.33547602996748965, ""class_weight"": null, ""l1_ratio"": 1.0}"
4,0,58,1,0.478088156296682,0.5060278832531593,0.09500607384655303,"{""C"": 0.33547602996748965, ""class_weight"": null, ""l1_ratio"": 1.0}"
4,0,59,1,0.44075608538481115,0.4003758894406011,0.027004595799323208,"{""C"": 0.33547602996748965, ""class_weight"": null, ""l1_ratio"": 1.0}"
4,0,63,1,0.6444849131044422,0.5794486895969253,0.09542823374986754,"{""C"": 0.33547602996748965, ""class_weight"": null, ""l1_ratio"": 1.0}"
4,0,66,0,0.3418542573084877,0.363773155030215,0.049998321530093454,"{""C"": 0.33547602996748965, ""class_weight"": null, ""l1_ratio"": 1.0}"
4,0,70,0,0.20422150659068572,0.2504313960952442,0.06475608956651864,"{""C"": 0.33547602996748965, ""class_weight"": null, ""l1_ratio"": 1.0}"
4,0,99,0,0.2867519808098996,0.2947718429195487,0.05595850379626074,"{""C"": 0.33547602996748965, ""class_weight"": null, ""l1_ratio"": 1.0}"
4,0,101,1,0.8101817182142509,0.6920858556557452,0.13819312415633006,"{""C"": 0.33547602996748965, ""class_weight"": null, ""l1_ratio"": 1.0}"
4,0,112,1,0.6128570997019374,0.5546021522826805,0.1156187176304808,"{""C"": 0.33547602996748965, ""class_weight"": null, ""l1_ratio"": 1.0}"
4,0,115,1,0.6380409566325187,0.5700719511115309,0.09972211249660201,"{""C"": 0.33547602996748965, ""class_weight"": null, ""l1_ratio"": 1.0}"
4,0,116,0,0.4237462941129541,0.35993457681275387,0.06994399783063576,"{""C"": 0.33547602996748965, ""class_weight"": null, ""l1_ratio"": 1.0}"
4,0,119,1,0.6714654775376983,0.5960864752399994,0.13402560667238533,"{""C"": 0.33547602996748965, ""class_weight"": null, ""l1_ratio"": 1.0}"
4,0,137,0,0.23542411848788816,0.25749320536662246,0.07843613750611893,"{""C"": 0.33547602996748965, ""class_weight"": null, ""l1_ratio"": 1.0}"
4,0,140,0,0.23926071408558444,0.2396995485237206,0.0848787269381263,"{""C"": 0.33547602996748965, ""class_weight"": null, ""l1_ratio"": 1.0}"
4,0,143,0,0.12300036015744523,0.1923285843972248,0.07636066882614934,"{""C"": 0.33547602996748965, ""class_weight"": null, ""l1_ratio"": 1.0}"
4,0,145,1,0.5073132908446307,0.4827483907638885,0.07428817415807822,"{""C"": 0.33547602996748965, ""class_weight"": null, ""l1_ratio"": 1.0}"
4,0,149,1,0.5274032168334103,0.4888759406564979,0.036696406801766564,"{""C"": 0.33547602996748965, ""class_weight"": null, ""l1_ratio"": 1.0}"
4,0,152,0,0.3970672568822198,0.4419392345455681,0.10780599070871565,"{""C"": 0.33547602996748965, ""class_weight"": null, ""l1_ratio"": 1.0}"
4,0,153,0,0.42324757013623604,0.4116430800339064,0.05129307124400006,"{""C"": 0.33547602996748965, ""class_weight"": null, ""l1_ratio"": 1.0}"
4,0,161,0,0.8655762702210632,0.7243521204315129,0.14181054975497892,"{""C"": 0.33547602996748965, ""class_weight"": null, ""l1_ratio"": 1.0}"
4,0,163,1,0.45721439060038954,0.43087790157721056,0.027125177777960908,"{""C"": 0.33547602996748965, ""class_weight"": null, ""l1_ratio"": 1.0}"
4,0,171,0,0.528610787721604,0.4484273523210729,0.03863610111109574,"{""C"": 0.33547602996748965, ""class_weight"": null, ""l1_ratio"": 1.0}"
4,0,172,0,0.2990030706659945,0.3266432909810618,0.037178843514615194,"{""C"": 0.33547602996748965, ""class_weight"": null, ""l1_ratio"": 1.0}"
4,0,175,0,0.3646500734009266,0.3773765716485267,0.02535757508059916,"{""C"": 0.33547602996748965, ""class_weight"": null, ""l1_ratio"": 1.0}"
4,0,177,1,0.6071424402810518,0.5474592178250862,0.12327699421371338,"{""C"": 0.33547602996748965, ""class_weight"": null, ""l1_ratio"": 1.0}"
4,0,179,0,0.36542495504364647,0.36056026879014086,0.029691906902102043,"{""C"": 0.33547602996748965, ""class_weight"": null, ""l1_ratio"": 1.0}"
4,0,182,1,0.5066346306684528,0.5203082562160138,0.11342502020339719,"{""C"": 0.33547602996748965, ""class_weight"": null, ""l1_ratio"": 1.0}"
4,0,184,1,0.13657396322092713,0.19173190403717616,0.10088556359540315,"{""C"": 0.33547602996748965, ""class_weight"": null, ""l1_ratio"": 1.0}"
4,0,186,0,0.5721993924065764,0.5243091854825346,0.07316139207791936,"{""C"": 0.33547602996748965, ""class_weight"": null, ""l1_ratio"": 1.0}"
4,0,194,0,0.15584023635990635,0.19835861055717646,0.10536556421270708,"{""C"": 0.33547602996748965, ""class_weight"": null, ""l1_ratio"": 1.0}"
4,0,198,0,0.7482244276710222,0.6670168039688632,0.1836768145278469,"{""C"": 0.33547602996748965, ""class_weight"": null, ""l1_ratio"": 1.0}"
4,0,202,1,0.765943997481709,0.6808410710303526,0.17194118880517975,"{""C"": 0.33547602996748965, ""class_weight"": null, ""l1_ratio"": 1.0}"
4,0,206,1,0.5312811018098794,0.5312181472100452,0.12184939698681126,"{""C"": 0.33547602996748965, ""class_weight"": null, ""l1_ratio"": 1.0}"
4,0,207,0,0.3594201335121549,0.3857586961592886,0.025073582108458992,"{""C"": 0.33547602996748965, ""class_weight"": null, ""l1_ratio"": 1.0}"
4,0,210,0,0.16466825053865,0.21459661222790913,0.08770957837072328,"{""C"": 0.33547602996748965, ""class_weight"": null, ""l1_ratio"": 1.0}"
4,0,211,0,0.2777499234202422,0.3036697965455644,0.090871341651016,"{""C"": 0.33547602996748965, ""class_weight"": null, ""l1_ratio"": 1.0}"
4,0,212,0,0.05669778107750515,0.12790959272424246,0.10123868211580372,"{""C"": 0.33547602996748965, ""class_weight"": null, ""l1_ratio"": 1.0}"
4,0,213,0,0.5705134768512863,0.5629438478246882,0.12681370892978744,"{""C"": 0.33547602996748965, ""class_weight"": null, ""l1_ratio"": 1.0}"
4,0,220,1,0.7957886752979666,0.6988238681304261,0.20225415401617775,"{""C"": 0.33547602996748965, ""class_weight"": null, ""l1_ratio"": 1.0}"
4,0,221,1,0.5255875547945967,0.4379029609111008,0.03300634635228813,"{""C"": 0.33547602996748965, ""class_weight"": null, ""l1_ratio"": 1.0}"
4,0,225,0,0.43134976059117386,0.45440816970024783,0.07288394991649179,"{""C"": 0.33547602996748965, ""class_weight"": null, ""l1_ratio"": 1.0}"
4,0,231,0,0.6633469478459043,0.6109688782465305,0.12973392563733413,"{""C"": 0.33547602996748965, ""class_weight"": null, ""l1_ratio"": 1.0}"
4,0,232,1,0.22376930865334718,0.2849253571845838,0.04545438431925359,"{""C"": 0.33547602996748965, ""class_weight"": null, ""l1_ratio"": 1.0}"
4,0,234,0,0.44174353042027925,0.4057799888663691,0.02577099428273232,"{""C"": 0.33547602996748965, ""class_weight"": null, ""l1_ratio"": 1.0}"
4,0,237,0,0.13858746300881683,0.18030038916582564,0.09468459367950396,"{""C"": 0.33547602996748965, ""class_weight"": null, ""l1_ratio"": 1.0}"
4,0,247,0,0.06749192171822274,0.1355310815991825,0.10960651413374838,"{""C"": 0.33547602996748965, ""class_weight"": null, ""l1_ratio"": 1.0}"
4,0,259,0,0.38391880148676577,0.37773648017873124,0.02284245463764894,"{""C"": 0.33547602996748965, ""class_weight"": null, ""l1_ratio"": 1.0}"
4,0,266,1,0.38405824452042214,0.3877152377064001,0.03076058502007853,"{""C"": 0.33547602996748965, ""class_weight"": null, ""l1_ratio"": 1.0}"
4,0,273,1,0.8948789864999536,0.7629773973301102,0.19746112224624132,"{""C"": 0.33547602996748965, ""class_weight"": null, ""l1_ratio"": 1.0}"
4,0,286,0,0.40407621167349883,0.38676001797212817,0.06626649979356308,"{""C"": 0.33547602996748965, ""class_weight"": null, ""l1_ratio"": 1.0}"
4,0,287,0,0.23951282719536934,0.2683060297210445,0.06617021268955132,"{""C"": 0.33547602996748965, ""class_weight"": null, ""l1_ratio"": 1.0}"
4,0,293,0,0.44117954159815415,0.46468541987563655,0.07818393792436759,"{""C"": 0.33547602996748965, ""class_weight"": null, ""l1_ratio"": 1.0}"
4,0,298,1,0.37838380300068003,0.37160487458903724,0.05429956731482325,"{""C"": 0.33547602996748965, ""class_weight"": null, ""l1_ratio"": 1.0}"
4,1,1,1,0.572404594994057,0.7788020396770491,0.12011565484688988,"{""C"": 0.001557783467099451, ""class_weight"": ""balanced"", ""l1_ratio"": 0.0}"
4,1,5,1,0.48529595042884793,0.26254868347393734,0.06192334711230237,"{""C"": 0.001557783467099451, ""class_weight"": ""balanced"", ""l1_ratio"": 0.0}"
4,1,26,0,0.4892013122631347,0.29411505910209457,0.06662383380708967,"{""C"": 0.001557783467099451, ""class_weight"": ""balanced"", ""l1_ratio"": 0.0}"
4,1,27,0,0.46648684223883397,0.18125992308373964,0.07299172305436594,"{""C"": 0.001557783467099451, ""class_weight"": ""balanced"", ""l1_ratio"": 0.0}"
4,1,37,1,0.5538119858027806,0.7054747608050993,0.13151725229297714,"{""C"": 0.001557783467099451, ""class_weight"": ""balanced"", ""l1_ratio"": 0.0}"
4,1,39,1,0.5177744769361746,0.47411316430021755,0.07133383718763721,"{""C"": 0.001557783467099451, ""class_weight"": ""balanced"", ""l1_ratio"": 0.0}"
4,1,40,0,0.5708469369836328,0.7775870145988508,0.13099025320513852,"{""C"": 0.001557783467099451, ""class_weight"": ""balanced"", ""l1_ratio"": 0.0}"
4,1,42,0,0.4572906281837668,0.1469931260402682,0.0731843511644933,"{""C"": 0.001557783467099451, ""class_weight"": ""balanced"", ""l1_ratio"": 0.0}"
4,1,43,0,0.49678033536269567,0.3350255945396911,0.06959584155289589,"{""C"": 0.001557783467099451, ""class_weight"": ""balanced"", ""l1_ratio"": 0.0}"
4,1,49,0,0.49110107223992827,0.2943657596578465,0.049342969086935855,"{""C"": 0.001557783467099451, ""class_weight"": ""balanced"", ""l1_ratio"": 0.0}"
4,1,53,0,0.4682523725006029,0.18815673632353472,0.0630266718621964,"{""C"": 0.001557783467099451, ""class_weight"": ""balanced"", ""l1_ratio"": 0.0}"
4,1,60,0,0.47842842624357307,0.22965089643590636,0.06884262262072136,"{""C"": 0.001557783467099451, ""class_weight"": ""balanced"", ""l1_ratio"": 0.0}"
4,1,74,1,0.5718898771688324,0.7828792808201264,0.12458835338513131,"{""C"": 0.001557783467099451, ""class_weight"": ""balanced"", ""l1_ratio"": 0.0}"
4,1,80,1,0.5177647637446094,0.47829867737017306,0.08370156767552096,"{""C"": 0.001557783467099451, ""class_weight"": ""balanced"", ""l1_ratio"": 0.0}"
4,1,81,0,0.5200551671988491,0.49384564046116586,0.10470877823640656,"{""C"": 0.001557783467099451, ""class_weight"": ""balanced"", ""l1_ratio"": 0.0}"
4,1,83,0,0.5415016493639079,0.6272544304234212,0.08931110947824909,"{""C"": 0.001557783467099451, ""class_weight"": ""balanced"", ""l1_ratio"": 0.0}"
4,1,91,0,0.5063772132325264,0.3866054326688761,0.06755955077797453,"{""C"": 0.001557783467099451, ""class_weight"": ""balanced"", ""l1_ratio"": 0.0}"
4,1,95,1,0.484855974697472,0.2648133860042241,0.058941042132017424,"{""C"": 0.001557783467099451, ""class_weight"": ""balanced"", ""l1_ratio"": 0.0}"
4,1,96,1,0.5083521649699372,0.40745519772426003,0.054394034956095946,"{""C"": 0.001557783467099451, ""class_weight"": ""balanced"", ""l1_ratio"": 0.0}"
4,1,98,1,0.5093704713115923,0.40750884788293773,0.03423627355264927,"{""C"": 0.001557783467099451, ""class_weight"": ""balanced"", ""l1_ratio"": 0.0}"
4,1,103,1,0.5104808592131859,0.42155390242907076,0.04893427661106385,"{""C"": 0.001557783467099451, ""class_weight"": ""balanced"", ""l1_ratio"": 0.0}"
4,1,104,1,0.48393258064751893,0.2566174914440633,0.06032704319979013,"{""C"": 0.001557783467099451, ""class_weight"": ""balanced"", ""l1_ratio"": 0.0}"
4,1,110,1,0.46327495554863574,0.17062560763675277,0.07655504372890773,"{""C"": 0.001557783467099451, ""class_weight"": ""balanced"", ""l1_ratio"": 0.0}"
4,1,117,1,0.5293356158387438,0.540700058489769,0.05862199049064322,"{""C"": 0.001557783467099451, ""class_weight"": ""balanced"", ""l1_ratio"": 0.0}"
4,1,118,0,0.5258860245845874,0.5214389303759026,0.07029994227933167,"{""C"": 0.001557783467099451, ""class_weight"": ""balanced"", ""l1_ratio"": 0.0}"
4,1,124,0,0.5139658708847709,0.4425698249545379,0.10662758399696297,"{""C"": 0.001557783467099451, ""class_weight"": ""balanced"", ""l1_ratio"": 0.0}"
4,1,129,0,0.48811381350204036,0.28578547432981627,0.06056196387236379,"{""C"": 0.001557783467099451, ""class_weight"": ""balanced"", ""l1_ratio"": 0.0}"
4,1,132,0,0.49004581943890546,0.2936342520035002,0.04948607749444856,"{""C"": 0.001557783467099451, ""class_weight"": ""balanced"", ""l1_ratio"": 0.0}"
4,1,139,1,0.5620908717640563,0.7461997178968229,0.12863981171420757,"{""C"": 0.001557783467099451, ""class_weight"": ""balanced"", ""l1_ratio"": 0.0}"
4,1,142,1,0.4512992580115446,0.13570603001481057,0.07077477317133422,"{""C"": 0.001557783467099451, ""class_weight"": ""balanced"", ""l1_ratio"": 0.0}"
4,1,144,1,0.4892822646023303,0.2911596408102844,0.03848514885909449,"{""C"": 0.001557783467099451, ""class_weight"": ""balanced"", ""l1_ratio"": 0.0}"
4,1,147,1,0.5067730704287149,0.4154177050415228,0.18672305317767518,"{""C"": 0.001557783467099451, ""class_weight"": ""balanced"", ""l1_ratio"": 0.0}"
4,1,155,1,0.5125091331314043,0.42960714333468236,0.029727922467428728,"{""C"": 0.001557783467099451, ""class_weight"": ""balanced"", ""l1_ratio"": 0.0}"
4,1,159,0,0.5239287362199834,0.518038351572186,0.0643989767305605,"{""C"": 0.001557783467099451, ""class_weight"": ""balanced"", ""l1_ratio"": 0.0}"
4,1,160,0,0.5066471741740685,0.39234929076789293,0.07022259621428674,"{""C"": 0.001557783467099451, ""class_weight"": ""balanced"", ""l1_ratio"": 0.0}"
4,1,162,0,0.49884537873673257,0.35676414114254057,0.06543577372825157,"{""C"": 0.001557783467099451, ""class_weight"": ""balanced"", ""l1_ratio"": 0.0}"
4,1,164,1,0.5645433608879261,0.7537329694923449,0.11410593427929915,"{""C"": 0.001557783467099451, ""class_weight"": ""balanced"", ""l1_ratio"": 0.0}"
4,1,170,0,0.4691373225272097,0.19202510903678216,0.08844861416566151,"{""C"": 0.001557783467099451, ""class_weight"": ""balanced"", ""l1_ratio"": 0.0}"
4,1,174,1,0.5643263209089586,0.752413625146109,0.12582380738845092,"{""C"": 0.001557783467099451, ""class_weight"": ""balanced"", ""l1_ratio"": 0.0}"
4,1,176,0,0.4789733763513925,0.23097028494875263,0.07089626641840971,"{""C"": 0.001557783467099451, ""class_weight"": ""balanced"", ""l1_ratio"": 0.0}"
4,1,180,0,0.4855019664114044,0.26654082534697643,0.0627520519568562,"{""C"": 0.001557783467099451, ""class_weight"": ""balanced"", ""l1_ratio"": 0.0}"
4,1,183,0,0.484065279420989,0.2557909381336223,0.06449509521618337,"{""C"": 0.001557783467099451, ""class_weight"": ""balanced"", ""l1_ratio"": 0.0}"
4,1,193,0,0.518115997594367,0.46891562935025866,0.09085432854762955,"{""C"": 0.001557783467099451, ""class_weight"": ""balanced"", ""l1_ratio"": 0.0}"
4,1,203,0,0.4560541077657198,0.1467691538934612,0.07528458676872586,"{""C"": 0.001557783467099451, ""class_weight"": ""balanced"", ""l1_ratio"": 0.0}"
4,1,204,0,0.46403995665484277,0.17013487467488292,0.08083855088298804,"{""C"": 0.001557783467099451, ""class_weight"": ""balanced"", ""l1_ratio"": 0.0}"
4,1,209,0,0.5358287271574692,0.5953018604563683,0.09647555555984928,"{""C"": 0.001557783467099451, ""class_weight"": ""balanced"", ""l1_ratio"": 0.0}"
4,1,222,1,0.5467614187793006,0.6606768762878891,0.09579574587482148,"{""C"": 0.001557783467099451, ""class_weight"": ""balanced"", ""l1_ratio"": 0.0}"
4,1,223,1,0.4860365297705577,0.2741574915577325,0.0512537713454706,"{""C"": 0.001557783467099451, ""class_weight"": ""balanced"", ""l1_ratio"": 0.0}"
4,1,227,1,0.47379237854296213,0.2108749219502303,0.06493536287660912,"{""C"": 0.001557783467099451, ""class_weight"": ""balanced"", ""l1_ratio"": 0.0}"
4,1,228,0,0.49696219044967926,0.3332991396354832,0.04711900317173665,"{""C"": 0.001557783467099451, ""class_weight"": ""balanced"", ""l1_ratio"": 0.0}"
4,1,243,0,0.49291171361450836,0.3069049710056512,0.04606699604640997,"{""C"": 0.001557783467099451, ""class_weight"": ""balanced"", ""l1_ratio"": 0.0}"
4,1,244,1,0.4929122309466428,0.3087498576640274,0.061055145311288084,"{""C"": 0.001557783467099451, ""class_weight"": ""balanced"", ""l1_ratio"": 0.0}"
4,1,253,0,0.49221371594606983,0.2961539898743071,0.05706642439055853,"{""C"": 0.001557783467099451, ""class_weight"": ""balanced"", ""l1_ratio"": 0.0}"
4,1,264,0,0.47864436902065405,0.23232184948880225,0.06548102526840505,"{""C"": 0.001557783467099451, ""class_weight"": ""balanced"", ""l1_ratio"": 0.0}"
4,1,269,0,0.5153517267749846,0.4528209904868433,0.052416500031300224,"{""C"": 0.001557783467099451, ""class_weight"": ""balanced"", ""l1_ratio"": 0.0}"
4,1,270,0,0.44735264255752144,0.12374827022301385,0.06803291556499627,"{""C"": 0.001557783467099451, ""class_weight"": ""balanced"", ""l1_ratio"": 0.0}"
4,1,271,0,0.5406872144447056,0.6297177260646044,0.10556989766654391,"{""C"": 0.001557783467099451, ""class_weight"": ""balanced"", ""l1_ratio"": 0.0}"
4,1,272,0,0.5159025814878292,0.4700103236598251,0.07042746876307864,"{""C"": 0.001557783467099451, ""class_weight"": ""balanced"", ""l1_ratio"": 0.0}"
4,1,274,0,0.5612385011341718,0.7386526610942571,0.114932046516771,"{""C"": 0.001557783467099451, ""class_weight"": ""balanced"", ""l1_ratio"": 0.0}"
4,1,291,0,0.4824411743699486,0.25206977868456837,0.06284362673061707,"{""C"": 0.001557783467099451, ""class_weight"": ""balanced"", ""l1_ratio"": 0.0}"
4,1,297,0,0.4215644192337116,0.07561844448553676,0.0620862600025084,"{""C"": 0.001557783467099451, ""class_weight"": ""balanced"", ""l1_ratio"": 0.0}"
4,2,4,0,0.24987095148592128,0.14374592695042704,0.10389872766099872,"{""C"": 0.017920472025103735, ""class_weight"": ""balanced"", ""l1_ratio"": 0.0}"
4,2,9,1,0.5115612990252421,0.38292932856209416,0.0807373942187776,"{""C"": 0.017920472025103735, ""class_weight"": ""balanced"", ""l1_ratio"": 0.0}"
4,2,13,0,0.7051905360402169,0.6402321772430067,0.11529699834797144,"{""C"": 0.017920472025103735, ""class_weight"": ""balanced"", ""l1_ratio"": 0.0}"
4,2,17,0,0.43482385705181953,0.2931082338478449,0.05730480730735319,"{""C"": 0.017920472025103735, ""class_weight"": ""balanced"", ""l1_ratio"": 0.0}"
4,2,18,0,0.5104963695601051,0.38662066605928297,0.04666454761402506,"{""C"": 0.017920472025103735, ""class_weight"": ""balanced"", ""l1_ratio"": 0.0}"
4,2,19,1,0.6467382124612402,0.5653205810585912,0.0962408343404194,"{""C"": 0.017920472025103735, ""class_weight"": ""balanced"", ""l1_ratio"": 0.0}"
4,2,21,1,0.6035067112718505,0.5027962370751506,0.06756424690164382,"{""C"": 0.017920472025103735, ""class_weight"": ""balanced"", ""l1_ratio"": 0.0}"
4,2,23,0,0.6790291275538806,0.5933004422047768,0.08156196170019925,"{""C"": 0.017920472025103735, ""class_weight"": ""balanced"", ""l1_ratio"": 0.0}"
4,2,33,1,0.6344045445312824,0.5521886779338121,0.07169071535266668,"{""C"": 0.017920472025103735, ""class_weight"": ""balanced"", ""l1_ratio"": 0.0}"
4,2,34,0,0.5951682021605548,0.5139919672701604,0.08898099910306288,"{""C"": 0.017920472025103735, ""class_weight"": ""balanced"", ""l1_ratio"": 0.0}"
4,2,41,0,0.2692737965134432,0.15727063207015315,0.10210705794511644,"{""C"": 0.017920472025103735, ""class_weight"": ""balanced"", ""l1_ratio"": 0.0}"
4,2,44,0,0.44149438427736654,0.2907913551057151,0.08135418590181473,"{""C"": 0.017920472025103735, ""class_weight"": ""balanced"", ""l1_ratio"": 0.0}"
4,2,45,1,0.5149514945411011,0.41544045817729874,0.026719014603474447,"{""C"": 0.017920472025103735, ""class_weight"": ""balanced"", ""l1_ratio"": 0.0}"
4,2,47,1,0.6804918763050187,0.5860896543776466,0.06605588817355808,"{""C"": 0.017920472025103735, ""class_weight"": ""balanced"", ""l1_ratio"": 0.0}"
4,2,50,1,0.6004326648634914,0.5020966562225316,0.0418288242599641,"{""C"": 0.017920472025103735, ""class_weight"": ""balanced"", ""l1_ratio"": 0.0}"
4,2,55,1,0.4452191583438556,0.30723549495335084,0.06476565112644599,"{""C"": 0.017920472025103735, ""class_weight"": ""balanced"", ""l1_ratio"": 0.0}"
4,2,71,1,0.6680352665604656,0.5798543962756726,0.06630628753607597,"{""C"": 0.017920472025103735, ""class_weight"": ""balanced"", ""l1_ratio"": 0.0}"
4,2,75,0,0.38120853163708784,0.24845654380676124,0.07289090445336557,"{""C"": 0.017920472025103735, ""class_weight"": ""balanced"", ""l1_ratio"": 0.0}"
4,2,76,0,0.6580636109277527,0.5696567018503085,0.09965805248429684,"{""C"": 0.017920472025103735, ""class_weight"": ""balanced"", ""l1_ratio"": 0.0}"
4,2,78,1,0.4632639194024491,0.3434730502007044,0.055981847182578814,"{""C"": 0.017920472025103735, ""class_weight"": ""balanced"", ""l1_ratio"": 0.0}"
4,2,85,1,0.3620301206244725,0.22063213647614752,0.08948304604079149,"{""C"": 0.017920472025103735, ""class_weight"": ""balanced"", ""l1_ratio"": 0.0}"
4,2,89,1,0.5968498398555089,0.4841407690298519,0.052088621668027565,"{""C"": 0.017920472025103735, ""class_weight"": ""balanced"", ""l1_ratio"": 0.0}"
4,2,90,1,0.4273185153149103,0.28361604165992815,0.07206529350946463,"{""C"": 0.017920472025103735, ""class_weight"": ""balanced"", ""l1_ratio"": 0.0}"
4,2,92,1,0.6395481865607561,0.5449635223025066,0.06320606676073567,"{""C"": 0.017920472025103735, ""class_weight"": ""balanced"", ""l1_ratio"": 0.0}"
4,2,97,1,0.6104618653649134,0.5142241809106194,0.05418512313721295,"{""C"": 0.017920472025103735, ""class_weight"": ""balanced"", ""l1_ratio"": 0.0}"
4,2,100,0,0.7796416346688985,0.7209316799504888,0.09924840773868776,"{""C"": 0.017920472025103735, ""class_weight"": ""balanced"", ""l1_ratio"": 0.0}"
4,2,105,0,0.4823629364574579,0.3422305315032864,0.04673868897215658,"{""C"": 0.017920472025103735, ""class_weight"": ""balanced"", ""l1_ratio"": 0.0}"
4,2,108,0,0.34741918798589944,0.21296056325025012,0.09074755685239981,"{""C"": 0.017920472025103735, ""class_weight"": ""balanced"", ""l1_ratio"": 0.0}"
4,2,120,1,0.679228111461542,0.6033531554443468,0.08743643203414635,"{""C"": 0.017920472025103735, ""class_weight"": ""balanced"", ""l1_ratio"": 0.0}"
4,2,122,1,0.6070892721783805,0.5169579351732898,0.054435707035839345,"{""C"": 0.017920472025103735, ""class_weight"": ""balanced"", ""l1_ratio"": 0.0}"
4,2,128,0,0.5971902812198987,0.5087868563610194,0.057017647540867133,"{""C"": 0.017920472025103735, ""class_weight"": ""balanced"", ""l1_ratio"": 0.0}"
4,2,131,0,0.4854045677764066,0.35370715334026803,0.03653335275221677,"{""C"": 0.017920472025103735, ""class_weight"": ""balanced"", ""l1_ratio"": 0.0}"
4,2,138,1,0.6488455079624642,0.5651983814086851,0.07494838937891378,"{""C"": 0.017920472025103735, ""class_weight"": ""balanced"", ""l1_ratio"": 0.0}"
4,2,146,0,0.8405473646049076,0.8029766703893874,0.1420878726191635,"{""C"": 0.017920472025103735, ""class_weight"": ""balanced"", ""l1_ratio"": 0.0}"
4,2,148,1,0.6604907683712474,0.5724420483859345,0.06892769804721638,"{""C"": 0.017920472025103735, ""class_weight"": ""balanced"", ""l1_ratio"": 0.0}"
4,2,165,0,0.564908278242876,0.46569719523504977,0.0456169275728412,"{""C"": 0.017920472025103735, ""class_weight"": ""balanced"", ""l1_ratio"": 0.0}"
4,2,168,0,0.25015611315683656,0.147718716520397,0.11029625754404801,"{""C"": 0.017920472025103735, ""class_weight"": ""balanced"", ""l1_ratio"": 0.0}"
4,2,188,0,0.3554306727429748,0.22247301610239525,0.08858108875615642,"{""C"": 0.017920472025103735, ""class_weight"": ""balanced"", ""l1_ratio"": 0.0}"
4,2,196,0,0.3573259031698744,0.22433075487027815,0.09996889903023998,"{""C"": 0.017920472025103735, ""class_weight"": ""balanced"", ""l1_ratio"": 0.0}"
4,2,199,0,0.40235336421620566,0.2683831874656342,0.07644007773824345,"{""C"": 0.017920472025103735, ""class_weight"": ""balanced"", ""l1_ratio"": 0.0}"
4,2,200,0,0.4588737730825812,0.3232932715457751,0.03473780515328034,"{""C"": 0.017920472025103735, ""class_weight"": ""balanced"", ""l1_ratio"": 0.0}"
4,2,201,0,0.43748044964062877,0.302961820932475,0.06849669825181075,"{""C"": 0.017920472025103735, ""class_weight"": ""balanced"", ""l1_ratio"": 0.0}"
4,2,205,0,0.45323128899694337,0.31183753014576654,0.05446158434389294,"{""C"": 0.017920472025103735, ""class_weight"": ""balanced"", ""l1_ratio"": 0.0}"
4,2,208,0,0.3799671480077816,0.2393686396548352,0.07543992656532356,"{""C"": 0.017920472025103735, ""class_weight"": ""balanced"", ""l1_ratio"": 0.0}"
4,2,219,1,0.33057591072053183,0.2046739640124277,0.10342096993989196,"{""C"": 0.017920472025103735, ""class_weight"": ""balanced"", ""l1_ratio"": 0.0}"
4,2,224,0,0.601824681558618,0.49786523973521213,0.03457842940399631,"{""C"": 0.017920472025103735, ""class_weight"": ""balanced"", ""l1_ratio"": 0.0}"
4,2,229,1,0.4574699440923836,0.3164740815327775,0.058809736879868166,"{""C"": 0.017920472025103735, ""class_weight"": ""balanced"", ""l1_ratio"": 0.0}"
4,2,233,0,0.3884603447468974,0.24597127459594703,0.08846707213169339,"{""C"": 0.017920472025103735, ""class_weight"": ""balanced"", ""l1_ratio"": 0.0}"
4,2,240,0,0.712703840829985,0.6401802452649135,0.08614292065496432,"{""C"": 0.017920472025103735, ""class_weight"": ""balanced"", ""l1_ratio"": 0.0}"
4,2,245,1,0.5075006353417214,0.36664495241023554,0.09896238286068611,"{""C"": 0.017920472025103735, ""class_weight"": ""balanced"", ""l1_ratio"": 0.0}"
4,2,246,1,0.850272341888947,0.8079508490902985,0.14747549129074777,"{""C"": 0.017920472025103735, ""class_weight"": ""balanced"", ""l1_ratio"": 0.0}"
4,2,256,0,0.3782890228575187,0.23986974716632842,0.07565828693358095,"{""C"": 0.017920472025103735, ""class_weight"": ""balanced"", ""l1_ratio"": 0.0}"
4,2,257,0,0.4097868436399256,0.26446859325578814,0.06785608921533105,"{""C"": 0.017920472025103735, ""class_weight"": ""balanced"", ""l1_ratio"": 0.0}"
4,2,258,0,0.35462109111722523,0.22130642724184627,0.09829223932095951,"{""C"": 0.017920472025103735, ""class_weight"": ""balanced"", ""l1_ratio"": 0.0}"
4,2,262,0,0.3788973944839953,0.23706151051224703,0.08641916877180754,"{""C"": 0.017920472025103735, ""class_weight"": ""balanced"", ""l1_ratio"": 0.0}"
4,2,263,0,0.27251398594251725,0.1599594912719961,0.10252134206824706,"{""C"": 0.017920472025103735, ""class_weight"": ""balanced"", ""l1_ratio"": 0.0}"
4,2,276,0,0.335951170941079,0.20422702881317104,0.09549852740100913,"{""C"": 0.017920472025103735, ""class_weight"": ""balanced"", ""l1_ratio"": 0.0}"
4,2,282,0,0.5480456365208803,0.43955119334248993,0.027416334340273497,"{""C"": 0.017920472025103735, ""class_weight"": ""balanced"", ""l1_ratio"": 0.0}"
4,2,285,0,0.34039926465484055,0.20428475076954444,0.09654722611261686,"{""C"": 0.017920472025103735, ""class_weight"": ""balanced"", ""l1_ratio"": 0.0}"
4,2,290,0,0.34965974710910375,0.2180440590952192,0.0881366083700822,"{""C"": 0.017920472025103735, ""class_weight"": ""balanced"", ""l1_ratio"": 0.0}"
4,2,294,1,0.4216603246575489,0.271399478847226,0.07929355056459361,"{""C"": 0.017920472025103735, ""class_weight"": ""balanced"", ""l1_ratio"": 0.0}"
4,3,6,0,0.658136697017368,0.45052677539219016,0.07539190110831599,"{""C"": 1.4867062553382444, ""class_weight"": ""balanced"", ""l1_ratio"": 1.0}"
4,3,11,1,0.1635334882592674,0.22457993010580388,0.0669182646576539,"{""C"": 1.4867062553382444, ""class_weight"": ""balanced"", ""l1_ratio"": 1.0}"
4,3,14,0,0.2065296695431194,0.2553692249100921,0.04111051825469173,"{""C"": 1.4867062553382444, ""class_weight"": ""balanced"", ""l1_ratio"": 1.0}"
4,3,16,0,0.2718334752626513,0.30665555910116604,0.024621641481767254,"{""C"": 1.4867062553382444, ""class_weight"": ""balanced"", ""l1_ratio"": 1.0}"
4,3,22,1,0.6158219320547976,0.46090321198782036,0.01988542502839034,"{""C"": 1.4867062553382444, ""class_weight"": ""balanced"", ""l1_ratio"": 1.0}"
4,3,24,0,0.5457161552674956,0.44732027127721563,0.016116811523729808,"{""C"": 1.4867062553382444, ""class_weight"": ""balanced"", ""l1_ratio"": 1.0}"
4,3,30,0,0.9466298368714123,0.7034822651068147,0.11562640319735072,"{""C"": 1.4867062553382444, ""class_weight"": ""balanced"", ""l1_ratio"": 1.0}"
4,3,36,1,0.5452721630397108,0.4232682599759686,0.017636377700399813,"{""C"": 1.4867062553382444, ""class_weight"": ""balanced"", ""l1_ratio"": 1.0}"
4,3,38,0,0.0989920996136196,0.19471031111673404,0.04091742599608139,"{""C"": 1.4867062553382444, ""class_weight"": ""balanced"", ""l1_ratio"": 1.0}"
4,3,46,1,0.06898025990943407,0.18215650851164417,0.1044774182864018,"{""C"": 1.4867062553382444, ""class_weight"": ""balanced"", ""l1_ratio"": 1.0}"
4,3,51,1,0.3894071636383156,0.35193212991353995,0.05817276064364892,"{""C"": 1.4867062553382444, ""class_weight"": ""balanced"", ""l1_ratio"": 1.0}"
4,3,57,1,0.6308223606882305,0.4632656696288002,0.042561810770733115,"{""C"": 1.4867062553382444, ""class_weight"": ""balanced"", ""l1_ratio"": 1.0}"
4,3,61,0,0.3536902583942346,0.3282266335214075,0.09188088063492435,"{""C"": 1.4867062553382444, ""class_weight"": ""balanced"", ""l1_ratio"": 1.0}"
4,3,62,0,0.2967030490146411,0.2829774179786427,0.03986860085483962,"{""C"": 1.4867062553382444, ""class_weight"": ""balanced"", ""l1_ratio"": 1.0}"
4,3,65,1,0.1465285943117391,0.22296005151616266,0.05337050532497155,"{""C"": 1.4867062553382444, ""class_weight"": ""balanced"", ""l1_ratio"": 1.0}"
4,3,67,0,0.07190204107647875,0.17699064734881065,0.08458906918402634,"{""C"": 1.4867062553382444, ""class_weight"": ""balanced"", ""l1_ratio"": 1.0}"
4,3,68,0,0.23278091606980464,0.30529690952840277,0.03986415031460981,"{""C"": 1.4867062553382444, ""class_weight"": ""balanced"", ""l1_ratio"": 1.0}"
4,3,69,1,0.7057192565013236,0.5076635851427708,0.03298369943587081,"{""C"": 1.4867062553382444, ""class_weight"": ""balanced"", ""l1_ratio"": 1.0}"
4,3,72,0,0.16791676439381006,0.23776708063485316,0.08450614910439239,"{""C"": 1.4867062553382444, ""class_weight"": ""balanced"", ""l1_ratio"": 1.0}"
4,3,73,0,0.4383671983799669,0.3436799885675033,0.1204783731872242,"{""C"": 1.4867062553382444, ""class_weight"": ""balanced"", ""l1_ratio"": 1.0}"
4,3,84,0,0.5727389203299392,0.42630142001210397,0.047641800476493766,"{""C"": 1.4867062553382444, ""class_weight"": ""balanced"", ""l1_ratio"": 1.0}"
4,3,107,1,0.19844000099475181,0.26167656493588604,0.03383167736964978,"{""C"": 1.4867062553382444, ""class_weight"": ""balanced"", ""l1_ratio"": 1.0}"
4,3,109,1,0.2314970116541191,0.2624367561954259,0.06665569784456656,"{""C"": 1.4867062553382444, ""class_weight"": ""balanced"", ""l1_ratio"": 1.0}"
4,3,111,1,0.22834374499714544,0.3007850274199047,0.10766249055186905,"{""C"": 1.4867062553382444, ""class_weight"": ""balanced"", ""l1_ratio"": 1.0}"
4,3,126,0,0.9845851754670263,0.8181536827491314,0.07954837961410974,"{""C"": 1.4867062553382444, ""class_weight"": ""balanced"", ""l1_ratio"": 1.0}"
4,3,127,0,0.9564634177756353,0.7440818931007072,0.06520316689846828,"{""C"": 1.4867062553382444, ""class_weight"": ""balanced"", ""l1_ratio"": 1.0}"
4,3,135,0,0.6601399641159469,0.45098240025184416,0.05859826044087796,"{""C"": 1.4867062553382444, ""class_weight"": ""balanced"", ""l1_ratio"": 1.0}"
4,3,136,0,0.06545542848509564,0.1660114257945086,0.05407768556770489,"{""C"": 1.4867062553382444, ""class_weight"": ""balanced"", ""l1_ratio"": 1.0}"
4,3,154,0,0.48533167917776476,0.3921797471652092,0.056674327173849154,"{""C"": 1.4867062553382444, ""class_weight"": ""balanced"", ""l1_ratio"": 1.0}"
4,3,157,1,0.26864831550093105,0.29753609844497947,0.03991625046569224,"{""C"": 1.4867062553382444, ""class_weight"": ""balanced"", ""l1_ratio"": 1.0}"
4,3,166,0,0.05511261127518145,0.1728333928968953,0.049506449502039064,"{""C"": 1.4867062553382444, ""class_weight"": ""balanced"", ""l1_ratio"": 1.0}"
4,3,169,0,0.08306015351799133,0.1891978006138177,0.05745008919129002,"{""C"": 1.4867062553382444, ""class_weight"": ""balanced"", ""l1_ratio"": 1.0}"
4,3,181,1,0.23401667384581423,0.2889635959642331,0.04221159593487441,"{""C"": 1.4867062553382444, ""class_weight"": ""balanced"", ""l1_ratio"": 1.0}"
4,3,185,0,0.20369766364723838,0.27802026774673794,0.05956607258446329,"{""C"": 1.4867062553382444, ""class_weight"": ""balanced"", ""l1_ratio"": 1.0}"
4,3,187,1,0.4981846615183481,0.3909599122426167,0.09811676138202197,"{""C"": 1.4867062553382444, ""class_weight"": ""balanced"", ""l1_ratio"": 1.0}"
4,3,189,1,0.8429866478317828,0.6298241901327782,0.08456713258447583,"{""C"": 1.4867062553382444, ""class_weight"": ""balanced"", ""l1_ratio"": 1.0}"
4,3,195,0,0.7565165124358065,0.5210854377412124,0.05151413083762259,"{""C"": 1.4867062553382444, ""class_weight"": ""balanced"", ""l1_ratio"": 1.0}"
4,3,214,0,0.5929016662742114,0.45953769324840366,0.027879235816295395,"{""C"": 1.4867062553382444, ""class_weight"": ""balanced"", ""l1_ratio"": 1.0}"
4,3,218,0,0.17770897200788086,0.24604549165159675,0.0516929327085183,"{""C"": 1.4867062553382444, ""class_weight"": ""balanced"", ""l1_ratio"": 1.0}"
4,3,236,1,0.17139264297567663,0.24325759971823366,0.042890842891386956,"{""C"": 1.4867062553382444, ""class_weight"": ""balanced"", ""l1_ratio"": 1.0}"
4,3,238,0,0.3963642192758923,0.32661913721351665,0.06050101571100268,"{""C"": 1.4867062553382444, ""class_weight"": ""balanced"", ""l1_ratio"": 1.0}"
4,3,239,0,0.2776672855714641,0.3243406080116529,0.062013665331357784,"{""C"": 1.4867062553382444, ""class_weight"": ""balanced"", ""l1_ratio"": 1.0}"
4,3,241,1,0.3995169518405099,0.3475136432927505,0.036787695588964185,"{""C"": 1.4867062553382444, ""class_weight"": ""balanced"", ""l1_ratio"": 1.0}"
4,3,242,0,0.8205291373343906,0.5702571676012635,0.06812491261704275,"{""C"": 1.4867062553382444, ""class_weight"": ""balanced"", ""l1_ratio"": 1.0}"
4,3,251,0,0.025952927033463396,0.12686068028517997,0.06477158881300968,"{""C"": 1.4867062553382444, ""class_weight"": ""balanced"", ""l1_ratio"": 1.0}"
4,3,252,0,0.502970327531912,0.36692963611373164,0.05921281953536749,"{""C"": 1.4867062553382444, ""class_weight"": ""balanced"", ""l1_ratio"": 1.0}"
4,3,254,0,0.20919955426997977,0.2594066831621835,0.054738962182425695,"{""C"": 1.4867062553382444, ""class_weight"": ""balanced"", ""l1_ratio"": 1.0}"
4,3,260,1,0.4486358339592159,0.3873548668088729,0.0976444211412476,"{""C"": 1.4867062553382444, ""class_weight"": ""balanced"", ""l1_ratio"": 1.0}"
4,3,265,1,0.20154552139517384,0.27006400458326346,0.06297750731515067,"{""C"": 1.4867062553382444, ""class_weight"": ""balanced"", ""l1_ratio"": 1.0}"
4,3,267,1,0.5270484085887959,0.39518274734033476,0.057525726980321476,"{""C"": 1.4867062553382444, ""class_weight"": ""balanced"", ""l1_ratio"": 1.0}"
4,3,277,0,0.3285601490278804,0.323569615879506,0.07616920515663264,"{""C"": 1.4867062553382444, ""class_weight"": ""balanced"", ""l1_ratio"": 1.0}"
4,3,279,1,0.5301771372485958,0.40406498044318323,0.06085047070118876,"{""C"": 1.4867062553382444, ""class_weight"": ""balanced"", ""l1_ratio"": 1.0}"
4,3,281,1,0.3477802595809278,0.3378509143833731,0.08790100997928135,"{""C"": 1.4867062553382444, ""class_weight"": ""balanced"", ""l1_ratio"": 1.0}"
4,3,283,0,0.2782334120696846,0.29212043995008746,0.03379984965292945,"{""C"": 1.4867062553382444, ""class_weight"": ""balanced"", ""l1_ratio"": 1.0}"
4,3,288,1,0.12140340489742275,0.21522651221488154,0.07541810966739688,"{""C"": 1.4867062553382444, ""class_weight"": ""balanced"", ""l1_ratio"": 1.0}"
4,3,289,0,0.06570438599660554,0.16753383857417373,0.055477845977504735,"{""C"": 1.4867062553382444, ""class_weight"": ""balanced"", ""l1_ratio"": 1.0}"
4,3,295,0,0.06317915441888429,0.1840794920840755,0.05181443063475657,"{""C"": 1.4867062553382444, ""class_weight"": ""balanced"", ""l1_ratio"": 1.0}"
4,3,296,0,0.17236721036862374,0.24267249625242976,0.041162790602748744,"{""C"": 1.4867062553382444, ""class_weight"": ""balanced"", ""l1_ratio"": 1.0}"
4,3,301,0,0.0668910710877444,0.1607664306950698,0.05147648448847878,"{""C"": 1.4867062553382444, ""class_weight"": ""balanced"", ""l1_ratio"": 1.0}"
4,3,302,0,0.390777436386007,0.3591502879838962,0.06219675781433591,"{""C"": 1.4867062553382444, ""class_weight"": ""balanced"", ""l1_ratio"": 1.0}"
4,4,2,0,0.4816700387473035,0.3348212939229177,0.08379103451313188,"{""C"": 0.004583100262166452, ""class_weight"": ""balanced"", ""l1_ratio"": 0.0}"
4,4,15,1,0.5258075299047535,0.42020939767717813,0.039209879246224516,"{""C"": 0.004583100262166452, ""class_weight"": ""balanced"", ""l1_ratio"": 0.0}"
4,4,20,1,0.4317022974710053,0.24955038071373253,0.053399181309630554,"{""C"": 0.004583100262166452, ""class_weight"": ""balanced"", ""l1_ratio"": 0.0}"
4,4,28,1,0.6292385256641349,0.6332877995724787,0.06276988924875421,"{""C"": 0.004583100262166452, ""class_weight"": ""balanced"", ""l1_ratio"": 0.0}"
4,4,31,1,0.5276968225193744,0.4188292658318716,0.025543869639085528,"{""C"": 0.004583100262166452, ""class_weight"": ""balanced"", ""l1_ratio"": 0.0}"
4,4,32,1,0.48146374365958927,0.34193464684292446,0.019004687835318633,"{""C"": 0.004583100262166452, ""class_weight"": ""balanced"", ""l1_ratio"": 0.0}"
4,4,48,0,0.4251927783346754,0.24646692268558543,0.048208621294706384,"{""C"": 0.004583100262166452, ""class_weight"": ""balanced"", ""l1_ratio"": 0.0}"
4,4,52,0,0.5750806895788035,0.5196318842359088,0.04648859484474826,"{""C"": 0.004583100262166452, ""class_weight"": ""balanced"", ""l1_ratio"": 0.0}"
4,4,54,0,0.44639318334761136,0.28265095462863965,0.08462495615934336,"{""C"": 0.004583100262166452, ""class_weight"": ""balanced"", ""l1_ratio"": 0.0}"
4,4,56,1,0.5418665369988628,0.4599566983381383,0.03041867819168564,"{""C"": 0.004583100262166452, ""class_weight"": ""balanced"", ""l1_ratio"": 0.0}"
4,4,64,0,0.41652495034429504,0.232576697971539,0.06960080766537281,"{""C"": 0.004583100262166452, ""class_weight"": ""balanced"", ""l1_ratio"": 0.0}"
4,4,77,1,0.5544072359071525,0.4961447479447244,0.06710470902486995,"{""C"": 0.004583100262166452, ""class_weight"": ""balanced"", ""l1_ratio"": 0.0}"
4,4,79,0,0.4624402131601712,0.3003265896344888,0.038916766676171916,"{""C"": 0.004583100262166452, ""class_weight"": ""balanced"", ""l1_ratio"": 0.0}"
4,4,82,1,0.6444967468789641,0.6718929035498014,0.10203890717793927,"{""C"": 0.004583100262166452, ""class_weight"": ""balanced"", ""l1_ratio"": 0.0}"
4,4,86,1,0.5711267536620098,0.5217107141429913,0.065425753277445,"{""C"": 0.004583100262166452, ""class_weight"": ""balanced"", ""l1_ratio"": 0.0}"
4,4,87,1,0.5939830298989617,0.5730631916660947,0.08362573798103685,"{""C"": 0.004583100262166452, ""class_weight"": ""balanced"", ""l1_ratio"": 0.0}"
4,4,88,1,0.5639578741624224,0.5047991681257379,0.05069052140726092,"{""C"": 0.004583100262166452, ""class_weight"": ""balanced"", ""l1_ratio"": 0.0}"
4,4,93,0,0.5509667507542805,0.4819362292820455,0.06529129700487264,"{""C"": 0.004583100262166452, ""class_weight"": ""balanced"", ""l1_ratio"": 0.0}"
4,4,94,0,0.4822974671743156,0.33755323260803427,0.06204567431784335,"{""C"": 0.004583100262166452, ""class_weight"": ""balanced"", ""l1_ratio"": 0.0}"
4,4,102,0,0.4403716756214657,0.2609994963761009,0.054261246842730496,"{""C"": 0.004583100262166452, ""class_weight"": ""balanced"", ""l1_ratio"": 0.0}"
4,4,106,0,0.5408559970573981,0.4569416622851524,0.043184171754147425,"{""C"": 0.004583100262166452, ""class_weight"": ""balanced"", ""l1_ratio"": 0.0}"
4,4,113,0,0.4098174061389873,0.21749534743672183,0.0548935771035091,"{""C"": 0.004583100262166452, ""class_weight"": ""balanced"", ""l1_ratio"": 0.0}"
4,4,114,1,0.6766971890051339,0.7186155906143747,0.07049605590784924,"{""C"": 0.004583100262166452, ""class_weight"": ""balanced"", ""l1_ratio"": 0.0}"
4,4,121,0,0.5891328539499927,0.5592376845011705,0.04022994019808325,"{""C"": 0.004583100262166452, ""class_weight"": ""balanced"", ""l1_ratio"": 0.0}"
4,4,123,1,0.5754509681488646,0.5253815508680263,0.05129987639770062,"{""C"": 0.004583100262166452, ""class_weight"": ""balanced"", ""l1_ratio"": 0.0}"
4,4,125,1,0.4775115363581355,0.32169473805324394,0.06944115576028358,"{""C"": 0.004583100262166452, ""class_weight"": ""balanced"", ""l1_ratio"": 0.0}"
4,4,130,0,0.4205246140694649,0.23176072400894845,0.07334998733227074,"{""C"": 0.004583100262166452, ""class_weight"": ""balanced"", ""l1_ratio"": 0.0}"
4,4,133,0,0.44378538589501404,0.26848302151393555,0.05827027553069969,"{""C"": 0.004583100262166452, ""class_weight"": ""balanced"", ""l1_ratio"": 0.0}"
4,4,134,0,0.4518152567052465,0.28588891115242054,0.031805643051240715,"{""C"": 0.004583100262166452, ""class_weight"": ""balanced"", ""l1_ratio"": 0.0}"
4,4,141,0,0.5211520209489829,0.41146004269338904,0.02016416204931009,"{""C"": 0.004583100262166452, ""class_weight"": ""balanced"", ""l1_ratio"": 0.0}"
4,4,150,0,0.43917289959098726,0.25519405122164357,0.05680367562823076,"{""C"": 0.004583100262166452, ""class_weight"": ""balanced"", ""l1_ratio"": 0.0}"
4,4,151,0,0.48704796195552236,0.3467074374267422,0.01798784304806011,"{""C"": 0.004583100262166452, ""class_weight"": ""balanced"", ""l1_ratio"": 0.0}"
4,4,156,1,0.5695234450129725,0.5289627140516444,0.06787182723484893,"{""C"": 0.004583100262166452, ""class_weight"": ""balanced"", ""l1_ratio"": 0.0}"
4,4,158,1,0.5196909695514338,0.40347561749154004,0.043357401165170145,"{""C"": 0.004583100262166452, ""class_weight"": ""balanced"", ""l1_ratio"": 0.0}"
4,4,167,1,0.4628965607415255,0.2947976827808222,0.0717422567844049,"{""C"": 0.004583100262166452, ""class_weight"": ""balanced"", ""l1_ratio"": 0.0}"
4,4,173,1,0.6805943694095613,0.7366154001699935,0.07158206613009953,"{""C"": 0.004583100262166452, ""class_weight"": ""balanced"", ""l1_ratio"": 0.0}"
4,4,178,1,0.5284865072595738,0.43102201712797655,0.05596369187377902,"{""C"": 0.004583100262166452, ""class_weight"": ""balanced"", ""l1_ratio"": 0.0}"
4,4,190,0,0.45420798689621017,0.28887480210262606,0.06949060743156911,"{""C"": 0.004583100262166452, ""class_weight"": ""balanced"", ""l1_ratio"": 0.0}"
4,4,191,0,0.4684018451208701,0.307074697408379,0.07017999386899558,"{""C"": 0.004583100262166452, ""class_weight"": ""balanced"", ""l1_ratio"": 0.0}"
4,4,192,0,0.4385624398143123,0.25991486642953765,0.07273072754217352,"{""C"": 0.004583100262166452, ""class_weight"": ""balanced"", ""l1_ratio"": 0.0}"
4,4,197,1,0.6241039714381774,0.6333626130191925,0.05902175030391195,"{""C"": 0.004583100262166452, ""class_weight"": ""balanced"", ""l1_ratio"": 0.0}"
4,4,215,0,0.5499530249222281,0.47342306803521933,0.03080732135938299,"{""C"": 0.004583100262166452, ""class_weight"": ""balanced"", ""l1_ratio"": 0.0}"
4,4,216,0,0.513078435418565,0.3941409867272883,0.04932024136549446,"{""C"": 0.004583100262166452, ""class_weight"": ""balanced"", ""l1_ratio"": 0.0}"
4,4,217,0,0.4645464464343015,0.30145878971020446,0.04485199503690058,"{""C"": 0.004583100262166452, ""class_weight"": ""balanced"", ""l1_ratio"": 0.0}"
4,4,226,1,0.5319070463270266,0.437574895876378,0.02763278785295026,"{""C"": 0.004583100262166452, ""class_weight"": ""balanced"", ""l1_ratio"": 0.0}"
4,4,230,0,0.6106706531194683,0.5956795958860573,0.04511054424297153,"{""C"": 0.004583100262166452, ""class_weight"": ""balanced"", ""l1_ratio"": 0.0}"
4,4,235,1,0.5926073392470768,0.5493642783377074,0.04615901939839032,"{""C"": 0.004583100262166452, ""class_weight"": ""balanced"", ""l1_ratio"": 0.0}"
4,4,248,1,0.6033837732521882,0.575887884262684,0.03698143128661978,"{""C"": 0.004583100262166452, ""class_weight"": ""balanced"", ""l1_ratio"": 0.0}"
4,4,249,1,0.5299125809562856,0.4260738664184146,0.04764843815215274,"{""C"": 0.004583100262166452, ""class_weight"": ""balanced"", ""l1_ratio"": 0.0}"
4,4,250,0,0.5335115389746512,0.4347977758050742,0.026760564550050537,"{""C"": 0.004583100262166452, ""class_weight"": ""balanced"", ""l1_ratio"": 0.0}"
4,4,255,0,0.4353450126118032,0.25586477287655746,0.06393241407338913,"{""C"": 0.004583100262166452, ""class_weight"": ""balanced"", ""l1_ratio"": 0.0}"
4,4,261,0,0.41030840013780334,0.21858310415746648,0.05628316808088503,"{""C"": 0.004583100262166452, ""class_weight"": ""balanced"", ""l1_ratio"": 0.0}"
4,4,268,0,0.42536783021499974,0.2426468211256779,0.06092544464233516,"{""C"": 0.004583100262166452, ""class_weight"": ""balanced"", ""l1_ratio"": 0.0}"
4,4,275,0,0.510318003931658,0.38985871386058424,0.022761942669113258,"{""C"": 0.004583100262166452, ""class_weight"": ""balanced"", ""l1_ratio"": 0.0}"
4,4,278,0,0.537571543693303,0.44757615370946,0.03803427827528986,"{""C"": 0.004583100262166452, ""class_weight"": ""balanced"", ""l1_ratio"": 0.0}"
4,4,280,0,0.5149361627277012,0.40186795093553007,0.028002884696813907,"{""C"": 0.004583100262166452, ""class_weight"": ""balanced"", ""l1_ratio"": 0.0}"
4,4,284,0,0.5236808636299762,0.418686431451183,0.03543809537236561,"{""C"": 0.004583100262166452, ""class_weight"": ""balanced"", ""l1_ratio"": 0.0}"
4,4,292,0,0.47481336822342474,0.3218898538016829,0.0373570282800564,"{""C"": 0.004583100262166452, ""class_weight"": ""balanced"", ""l1_ratio"": 0.0}"
4,4,299,0,0.4111555256193575,0.22484236565614069,0.0655919069083611,"{""C"": 0.004583100262166452, ""class_weight"": ""balanced"", ""l1_ratio"": 0.0}"
4,4,300,0,0.4110507723741029,0.2195224827002364,0.047838799476631604,"{""C"": 0.004583100262166452, ""class_weight"": ""balanced"", ""l1_ratio"": 0.0}"
