repeat,fold,idx,y,p_base,p,spread,params
0,0,0,0,0.17820488514807045,0.179840863656293,0.0335948397154319,"{""colsample_bytree"": 0.4138374550248495, ""learning_rate"": 0.05958758776628972, ""max_depth"": 4, ""min_child_samples"": 14, ""num_leaves"": 15, ""reg_lambda"": 17.403662685854034, ""subsample"": 0.6931085361721216, ""subsample_freq"": 1}"
0,0,5,1,0.3708787277201579,0.31830555522723725,0.05406579729487128,"{""colsample_bytree"": 0.4138374550248495, ""learning_rate"": 0.05958758776628972, ""max_depth"": 4, ""min_child_samples"": 14, ""num_leaves"": 15, ""reg_lambda"": 17.403662685854034, ""subsample"": 0.6931085361721216, ""subsample_freq"": 1}"
0,0,8,0,0.08814788620352265,0.12336484433202803,0.05794475529211053,"{""colsample_bytree"": 0.4138374550248495, ""learning_rate"": 0.05958758776628972, ""max_depth"": 4, ""min_child_samples"": 14, ""num_leaves"": 15, ""reg_lambda"": 17.403662685854034, ""subsample"": 0.6931085361721216, ""subsample_freq"": 1}"
0,0,9,1,0.5334341469091707,0.5449341214230392,0.08417488790973332,"{""colsample_bytree"": 0.4138374550248495, ""learning_rate"": 0.05958758776628972, ""max_depth"": 4, ""min_child_samples"": 14, ""num_leaves"": 15, ""reg_lambda"": 17.403662685854034, ""subsample"": 0.6931085361721216, ""subsample_freq"": 1}"
0,0,10,1,0.5256113447707114,0.6172668548894104,0.09936584453278803,"{""colsample_bytree"": 0.4138374550248495, ""learning_rate"": 0.05958758776628972, ""max_depth"": 4, ""min_child_samples"": 14, ""num_leaves"": 15, ""reg_lambda"": 17.403662685854034, ""subsample"": 0.6931085361721216, ""subsample_freq"": 1}"
0,0,12,0,0.5919787434285178,0.5854640525181878,0.10500688785360798,"{""colsample_bytree"": 0.4138374550248495, ""learning_rate"": 0.05958758776628972, ""max_depth"": 4, ""min_child_samples"": 14, ""num_leaves"": 15, ""reg_lambda"": 17.403662685854034, ""subsample"": 0.6931085361721216, ""subsample_freq"": 1}"
0,0,26,0,0.18083389045345127,0.17172135745597697,0.04710319729208251,"{""colsample_bytree"": 0.4138374550248495, ""learning_rate"": 0.05958758776628972, ""max_depth"": 4, ""min_child_samples"": 14, ""num_leaves"": 15, ""reg_lambda"": 17.403662685854034, ""subsample"": 0.6931085361721216, ""subsample_freq"": 1}"
0,0,29,1,0.7948632648330524,0.7992284783207988,0.12553598608620142,"{""colsample_bytree"": 0.4138374550248495, ""learning_rate"": 0.05958758776628972, ""max_depth"": 4, ""min_child_samples"": 14, ""num_leaves"": 15, ""reg_lambda"": 17.403662685854034, ""subsample"": 0.6931085361721216, ""subsample_freq"": 1}"
0,0,30,0,0.635405889016438,0.6218847564180938,0.08000403646284544,"{""colsample_bytree"": 0.4138374550248495, ""learning_rate"": 0.05958758776628972, ""max_depth"": 4, ""min_child_samples"": 14, ""num_leaves"": 15, ""reg_lambda"": 17.403662685854034, ""subsample"": 0.6931085361721216, ""subsample_freq"": 1}"
0,0,33,1,0.5579153125162822,0.6156452940551467,0.1567255607837627,"{""colsample_bytree"": 0.4138374550248495, ""learning_rate"": 0.05958758776628972, ""max_depth"": 4, ""min_child_samples"": 14, ""num_leaves"": 15, ""reg_lambda"": 17.403662685854034, ""subsample"": 0.6931085361721216, ""subsample_freq"": 1}"
0,0,42,0,0.11344152760194492,0.16323439398025835,0.04411190135009851,"{""colsample_bytree"": 0.4138374550248495, ""learning_rate"": 0.05958758776628972, ""max_depth"": 4, ""min_child_samples"": 14, ""num_leaves"": 15, ""reg_lambda"": 17.403662685854034, ""subsample"": 0.6931085361721216, ""subsample_freq"": 1}"
0,0,43,0,0.5083234243789334,0.5949323657877182,0.15277284540574787,"{""colsample_bytree"": 0.4138374550248495, ""learning_rate"": 0.05958758776628972, ""max_depth"": 4, ""min_child_samples"": 14, ""num_leaves"": 15, ""reg_lambda"": 17.403662685854034, ""subsample"": 0.6931085361721216, ""subsample_freq"": 1}"
0,0,45,1,0.22751744084075162,0.2630400945632984,0.0862294974191481,"{""colsample_bytree"": 0.4138374550248495, ""learning_rate"": 0.05958758776628972, ""max_depth"": 4, ""min_child_samples"": 14, ""num_leaves"": 15, ""reg_lambda"": 17.403662685854034, ""subsample"": 0.6931085361721216, ""subsample_freq"": 1}"
0,0,46,1,0.1941859476118806,0.26638046174380486,0.11633445430482944,"{""colsample_bytree"": 0.4138374550248495, ""learning_rate"": 0.05958758776628972, ""max_depth"": 4, ""min_child_samples"": 14, ""num_leaves"": 15, ""reg_lambda"": 17.403662685854034, ""subsample"": 0.6931085361721216, ""subsample_freq"": 1}"
0,0,47,1,0.6180288952333473,0.6177940120410768,0.015142892632884777,"{""colsample_bytree"": 0.4138374550248495, ""learning_rate"": 0.05958758776628972, ""max_depth"": 4, ""min_child_samples"": 14, ""num_leaves"": 15, ""reg_lambda"": 17.403662685854034, ""subsample"": 0.6931085361721216, ""subsample_freq"": 1}"
0,0,49,0,0.36677075995822805,0.4785642322824078,0.14189117052788264,"{""colsample_bytree"": 0.4138374550248495, ""learning_rate"": 0.05958758776628972, ""max_depth"": 4, ""min_child_samples"": 14, ""num_leaves"": 15, ""reg_lambda"": 17.403662685854034, ""subsample"": 0.6931085361721216, ""subsample_freq"": 1}"
0,0,59,1,0.5527987003646735,0.5525701378522025,0.06176853188745807,"{""colsample_bytree"": 0.4138374550248495, ""learning_rate"": 0.05958758776628972, ""max_depth"": 4, ""min_child_samples"": 14, ""num_leaves"": 15, ""reg_lambda"": 17.403662685854034, ""subsample"": 0.6931085361721216, ""subsample_freq"": 1}"
0,0,66,0,0.5376439904525253,0.546878156321746,0.0801123530586118,"{""colsample_bytree"": 0.4138374550248495, ""learning_rate"": 0.05958758776628972, ""max_depth"": 4, ""min_child_samples"": 14, ""num_leaves"": 15, ""reg_lambda"": 17.403662685854034, ""subsample"": 0.6931085361721216, ""subsample_freq"": 1}"
0,0,72,0,0.3639822483458907,0.3837529077115076,0.029691618361777115,"{""colsample_bytree"": 0.4138374550248495, ""learning_rate"": 0.05958758776628972, ""max_depth"": 4, ""min_child_samples"": 14, ""num_leaves"": 15, ""reg_lambda"": 17.403662685854034, ""subsample"": 0.6931085361721216, ""subsample_freq"": 1}"
0,0,73,0,0.34533303748004074,0.392947840237174,0.052047752814609195,"{""colsample_bytree"": 0.4138374550248495, ""learning_rate"": 0.05958758776628972, ""max_depth"": 4, ""min_child_samples"": 14, ""num_leaves"": 15, ""reg_lambda"": 17.403662685854034, ""subsample"": 0.6931085361721216, ""subsample_freq"": 1}"
0,0,78,1,0.2641411647393332,0.3055143214134153,0.031739530166070326,"{""colsample_bytree"": 0.4138374550248495, ""learning_rate"": 0.05958758776628972, ""max_depth"": 4, ""min_child_samples"": 14, ""num_leaves"": 15, ""reg_lambda"": 17.403662685854034, ""subsample"": 0.6931085361721216, ""subsample_freq"": 1}"
0,0,85,1,0.38528571439412157,0.40523828041049353,0.05202082323529003,"{""colsample_bytree"": 0.4138374550248495, ""learning_rate"": 0.05958758776628972, ""max_depth"": 4, ""min_child_samples"": 14, ""num_leaves"": 15, ""reg_lambda"": 17.403662685854034, ""subsample"": 0.6931085361721216, ""subsample_freq"": 1}"
0,0,101,1,0.7781560004180118,0.7554216802346696,0.10270512743151103,"{""colsample_bytree"": 0.4138374550248495, ""learning_rate"": 0.05958758776628972, ""max_depth"": 4, ""min_child_samples"": 14, ""num_leaves"": 15, ""reg_lambda"": 17.403662685854034, ""subsample"": 0.6931085361721216, ""subsample_freq"": 1}"
0,0,102,0,0.10110900492045853,0.13386343083278232,0.042689996165607313,"{""colsample_bytree"": 0.4138374550248495, ""learning_rate"": 0.05958758776628972, ""max_depth"": 4, ""min_child_samples"": 14, ""num_leaves"": 15, ""reg_lambda"": 17.403662685854034, ""subsample"": 0.6931085361721216, ""subsample_freq"": 1}"
0,0,112,1,0.5633361895913864,0.6641644455745228,0.11420048006441222,"{""colsample_bytree"": 0.4138374550248495, ""learning_rate"": 0.05958758776628972, ""max_depth"": 4, ""min_child_samples"": 14, ""num_leaves"": 15, ""reg_lambda"": 17.403662685854034, ""subsample"": 0.6931085361721216, ""subsample_freq"": 1}"
0,0,121,0,0.5227094391119047,0.5358430838925823,0.05968911565099335,"{""colsample_bytree"": 0.4138374550248495, ""learning_rate"": 0.05958758776628972, ""max_depth"": 4, ""min_child_samples"": 14, ""num_leaves"": 15, ""reg_lambda"": 17.403662685854034, ""subsample"": 0.6931085361721216, ""subsample_freq"": 1}"
0,0,122,1,0.5956880764572788,0.6425893106921853,0.133950675909145,"{""colsample_bytree"": 0.4138374550248495, ""learning_rate"": 0.05958758776628972, ""max_depth"": 4, ""min_child_samples"": 14, ""num_leaves"": 15, ""reg_lambda"": 17.403662685854034, ""subsample"": 0.6931085361721216, ""subsample_freq"": 1}"
0,0,129,0,0.1793434783158967,0.1627149290422541,0.052987312840258406,"{""colsample_bytree"": 0.4138374550248495, ""learning_rate"": 0.05958758776628972, ""max_depth"": 4, ""min_child_samples"": 14, ""num_leaves"": 15, ""reg_lambda"": 17.403662685854034, ""subsample"": 0.6931085361721216, ""subsample_freq"": 1}"
0,0,131,0,0.39143231777392423,0.4292373014639758,0.09692724100468585,"{""colsample_bytree"": 0.4138374550248495, ""learning_rate"": 0.05958758776628972, ""max_depth"": 4, ""min_child_samples"": 14, ""num_leaves"": 15, ""reg_lambda"": 17.403662685854034, ""subsample"": 0.6931085361721216, ""subsample_freq"": 1}"
0,0,135,0,0.405231420652109,0.36735866932830097,0.06358953401320887,"{""colsample_bytree"": 0.4138374550248495, ""learning_rate"": 0.05958758776628972, ""max_depth"": 4, ""min_child_samples"": 14, ""num_leaves"": 15, ""reg_lambda"": 17.403662685854034, ""subsample"": 0.6931085361721216, ""subsample_freq"": 1}"
0,0,140,0,0.2707154392198071,0.2745288169375485,0.06769740481463658,"{""colsample_bytree"": 0.4138374550248495, ""learning_rate"": 0.05958758776628972, ""max_depth"": 4, ""min_child_samples"": 14, ""num_leaves"": 15, ""reg_lambda"": 17.403662685854034, ""subsample"": 0.6931085361721216, ""subsample_freq"": 1}"
0,0,141,0,0.42614940370886917,0.4312187277810865,0.09521085648736101,"{""colsample_bytree"": 0.4138374550248495, ""learning_rate"": 0.05958758776628972, ""max_depth"": 4, ""min_child_samples"": 14, ""num_leaves"": 15, ""reg_lambda"": 17.403662685854034, ""subsample"": 0.6931085361721216, ""subsample_freq"": 1}"
0,0,146,0,0.7387968398781091,0.7803167714513697,0.10401578029246876,"{""colsample_bytree"": 0.4138374550248495, ""learning_rate"": 0.05958758776628972, ""max_depth"": 4, ""min_child_samples"": 14, ""num_leaves"": 15, ""reg_lambda"": 17.403662685854034, ""subsample"": 0.6931085361721216, ""subsample_freq"": 1}"
0,0,147,1,0.23474753179163707,0.24629261708024092,0.0408684474535762,"{""colsample_bytree"": 0.4138374550248495, ""learning_rate"": 0.05958758776628972, ""max_depth"": 4, ""min_child_samples"": 14, ""num_leaves"": 15, ""reg_lambda"": 17.403662685854034, ""subsample"": 0.6931085361721216, ""subsample_freq"": 1}"
0,0,150,0,0.22890319297325934,0.24207686994449534,0.018328149133205126,"{""colsample_bytree"": 0.4138374550248495, ""learning_rate"": 0.05958758776628972, ""max_depth"": 4, ""min_child_samples"": 14, ""num_leaves"": 15, ""reg_lambda"": 17.403662685854034, ""subsample"": 0.6931085361721216, ""subsample_freq"": 1}"
0,0,157,1,0.2859325080367752,0.3039718854542158,0.06251824980378522,"{""colsample_bytree"": 0.4138374550248495, ""learning_rate"": 0.05958758776628972, ""max_depth"": 4, ""min_child_samples"": 14, ""num_leaves"": 15, ""reg_lambda"": 17.403662685854034, ""subsample"": 0.6931085361721216, ""subsample_freq"": 1}"
0,0,158,1,0.3266396292921235,0.3914381891575871,0.09792537127672661,"{""colsample_bytree"": 0.4138374550248495, ""learning_rate"": 0.05958758776628972, ""max_depth"": 4, ""min_child_samples"": 14, ""num_leaves"": 15, ""reg_lambda"": 17.403662685854034, ""subsample"": 0.6931085361721216, ""subsample_freq"": 1}"
0,0,159,0,0.5747680890726778,0.6136223111398437,0.08002758629109927,"{""colsample_bytree"": 0.4138374550248495, ""learning_rate"": 0.05958758776628972, ""max_depth"": 4, ""min_child_samples"": 14, ""num_leaves"": 15, ""reg_lambda"": 17.403662685854034, ""subsample"": 0.6931085361721216, ""subsample_freq"": 1}"
0,0,162,0,0.5525973972006862,0.5310748647617247,0.1033492414822374,"{""colsample_bytree"": 0.4138374550248495, ""learning_rate"": 0.05958758776628972, ""max_depth"": 4, ""min_child_samples"": 14, ""num_leaves"": 15, ""reg_lambda"": 17.403662685854034, ""subsample"": 0.6931085361721216, ""subsample_freq"": 1}"
0,0,172,0,0.4190345209956024,0.46378984374052984,0.11151220901129677,"{""colsample_bytree"": 0.4138374550248495, ""learning_rate"": 0.05958758776628972, ""max_depth"": 4, ""min_child_samples"": 14, ""num_leaves"": 15, ""reg_lambda"": 17.403662685854034, ""subsample"": 0.6931085361721216, ""subsample_freq"": 1}"
0,0,174,1,0.6756294898850569,0.7125966068209963,0.14923771800231844,"{""colsample_bytree"": 0.4138374550248495, ""learning_rate"": 0.05958758776628972, ""max_depth"": 4, ""min_child_samples"": 14, ""num_leaves"": 15, ""reg_lambda"": 17.403662685854034, ""subsample"": 0.6931085361721216, ""subsample_freq"": 1}"
0,0,180,0,0.28908418794135626,0.29811421574592867,0.06472043705752538,"{""colsample_bytree"": 0.4138374550248495, ""learning_rate"": 0.05958758776628972, ""max_depth"": 4, ""min_child_samples"": 14, ""num_leaves"": 15, ""reg_lambda"": 17.403662685854034, ""subsample"": 0.6931085361721216, ""subsample_freq"": 1}"
0,0,183,0,0.40818775853852907,0.48146805803860043,0.06469209645557777,"{""colsample_bytree"": 0.4138374550248495, ""learning_rate"": 0.05958758776628972, ""max_depth"": 4, ""min_child_samples"": 14, ""num_leaves"": 15, ""reg_lambda"": 17.403662685854034, ""subsample"": 0.6931085361721216, ""subsample_freq"": 1}"
0,0,205,0,0.21930845720007294,0.21653564850443713,0.03777099894760655,"{""colsample_bytree"": 0.4138374550248495, ""learning_rate"": 0.05958758776628972, ""max_depth"": 4, ""min_child_samples"": 14, ""num_leaves"": 15, ""reg_lambda"": 17.403662685854034, ""subsample"": 0.6931085361721216, ""subsample_freq"": 1}"
0,0,216,0,0.37246599140373576,0.35726104017929644,0.034287385050146994,"{""colsample_bytree"": 0.4138374550248495, ""learning_rate"": 0.05958758776628972, ""max_depth"": 4, ""min_child_samples"": 14, ""num_leaves"": 15, ""reg_lambda"": 17.403662685854034, ""subsample"": 0.6931085361721216, ""subsample_freq"": 1}"
0,0,219,1,0.147505250907534,0.12573269640700163,0.05679033477625687,"{""colsample_bytree"": 0.4138374550248495, ""learning_rate"": 0.05958758776628972, ""max_depth"": 4, ""min_child_samples"": 14, ""num_leaves"": 15, ""reg_lambda"": 17.403662685854034, ""subsample"": 0.6931085361721216, ""subsample_freq"": 1}"
0,0,220,1,0.49848777555398954,0.5364715724557497,0.06503938045383109,"{""colsample_bytree"": 0.4138374550248495, ""learning_rate"": 0.05958758776628972, ""max_depth"": 4, ""min_child_samples"": 14, ""num_leaves"": 15, ""reg_lambda"": 17.403662685854034, ""subsample"": 0.6931085361721216, ""subsample_freq"": 1}"
0,0,224,0,0.5861292310232971,0.5975743780335481,0.07482272369171676,"{""colsample_bytree"": 0.4138374550248495, ""learning_rate"": 0.05958758776628972, ""max_depth"": 4, ""min_child_samples"": 14, ""num_leaves"": 15, ""reg_lambda"": 17.403662685854034, ""subsample"": 0.6931085361721216, ""subsample_freq"": 1}"
0,0,231,0,0.5900995784301435,0.585617522360448,0.09958044321504925,"{""colsample_bytree"": 0.4138374550248495, ""learning_rate"": 0.05958758776628972, ""max_depth"": 4, ""min_child_samples"": 14, ""num_leaves"": 15, ""reg_lambda"": 17.403662685854034, ""subsample"": 0.6931085361721216, ""subsample_freq"": 1}"
0,0,233,0,0.2714788705520457,0.29900562490642696,0.06882552230626296,"{""colsample_bytree"": 0.4138374550248495, ""learning_rate"": 0.05958758776628972, ""max_depth"": 4, ""min_child_samples"": 14, ""num_leaves"": 15, ""reg_lambda"": 17.403662685854034, ""subsample"": 0.6931085361721216, ""subsample_freq"": 1}"
0,0,241,1,0.4045025356187759,0.4851375455432449,0.11721373887117363,"{""colsample_bytree"": 0.4138374550248495, ""learning_rate"": 0.05958758776628972, ""max_depth"": 4, ""min_child_samples"": 14, ""num_leaves"": 15, ""reg_lambda"": 17.403662685854034, ""subsample"": 0.6931085361721216, ""subsample_freq"": 1}"
0,0,243,0,0.340356004661325,0.3545886316081067,0.031643974409032896,"{""colsample_bytree"": 0.4138374550248495, ""learning_rate"": 0.05958758776628972, ""max_depth"": 4, ""min_child_samples"": 14, ""num_leaves"": 15, ""reg_lambda"": 17.403662685854034, ""subsample"": 0.6931085361721216, ""subsample_freq"": 1}"
0,0,244,1,0.2585586971160658,0.272242003811704,0.025111688895340566,"{""colsample_bytree"": 0.4138374550248495, ""learning_rate"": 0.05958758776628972, ""max_depth"": 4, ""min_child_samples"": 14, ""num_leaves"": 15, ""reg_lambda"": 17.403662685854034, ""subsample"": 0.6931085361721216, ""subsample_freq"": 1}"
0,0,246,1,0.725458840959509,0.7490615073324328,0.12157173056252808,"{""colsample_bytree"": 0.4138374550248495, ""learning_rate"": 0.05958758776628972, ""max_depth"": 4, ""min_child_samples"": 14, ""num_leaves"": 15, ""reg_lambda"": 17.403662685854034, ""subsample"": 0.6931085361721216, ""subsample_freq"": 1}"
0,0,247,0,0.10590578825084267,0.12558143862496834,0.06790016900024441,"{""colsample_bytree"": 0.4138374550248495, ""learning_rate"": 0.05958758776628972, ""max_depth"": 4, ""min_child_samples"": 14, ""num_leaves"": 15, ""reg_lambda"": 17.403662685854034, ""subsample"": 0.6931085361721216, ""subsample_freq"": 1}"
0,0,253,0,0.377606284398424,0.4057628737270334,0.06106997352793688,"{""colsample_bytree"": 0.4138374550248495, ""learning_rate"": 0.05958758776628972, ""max_depth"": 4, ""min_child_samples"": 14, ""num_leaves"": 15, ""reg_lambda"": 17.403662685854034, ""subsample"": 0.6931085361721216, ""subsample_freq"": 1}"
0,0,271,0,0.3873094515402245,0.3933113420645938,0.09299936800488845,"{""colsample_bytree"": 0.4138374550248495, ""learning_rate"": 0.05958758776628972, ""max_depth"": 4, ""min_child_samples"": 14, ""num_leaves"": 15, ""reg_lambda"": 17.403662685854034, ""subsample"": 0.6931085361721216, ""subsample_freq"": 1}"
0,0,280,0,0.1851907425400043,0.2006382087686116,0.04779890544006399,"{""colsample_bytree"": 0.4138374550248495, ""learning_rate"": 0.05958758776628972, ""max_depth"": 4, ""min_child_samples"": 14, ""num_leaves"": 15, ""reg_lambda"": 17.403662685854034, ""subsample"": 0.6931085361721216, ""subsample_freq"": 1}"
0,0,294,1,0.24684313810843211,0.2646335122027962,0.04934904326986171,"{""colsample_bytree"": 0.4138374550248495, ""learning_rate"": 0.05958758776628972, ""max_depth"": 4, ""min_child_samples"": 14, ""num_leaves"": 15, ""reg_lambda"": 17.403662685854034, ""subsample"": 0.6931085361721216, ""subsample_freq"": 1}"
0,0,295,0,0.4235192216409862,0.401996765330262,0.07811989204578662,"{""colsample_bytree"": 0.4138374550248495, ""learning_rate"": 0.05958758776628972, ""max_depth"": 4, ""min_child_samples"": 14, ""num_leaves"": 15, ""reg_lambda"": 17.403662685854034, ""subsample"": 0.6931085361721216, ""subsample_freq"": 1}"
0,0,299,0,0.09849758295346354,0.12785172070444867,0.0507863866575835,"{""colsample_bytree"": 0.4138374550248495, ""learning_rate"": 0.05958758776628972, ""max_depth"": 4, ""min_child_samples"": 14, ""num_leaves"": 15, ""reg_lambda"": 17.403662685854034, ""subsample"": 0.6931085361721216, ""subsample_freq"": 1}"
0,1,1,1,0.6475460750212263,0.5894658466878542,0.10251911103013264,"{""colsample_bytree"": 0.6495212637330205, ""learning_rate"": 0.09216553736725173, ""max_depth"": 3, ""min_child_samples"": 7, ""num_leaves"": 4, ""reg_lambda"": 0.7704843816874842, ""subsample"": 0.9817952500434661, ""subsample_freq"": 1}"
0,1,2,0,0.07848563204863512,0.2536504049300419,0.0468677725590953,"{""colsample_bytree"": 0.6495212637330205, ""learning_rate"": 0.09216553736725173, ""max_depth"": 3, ""min_child_samples"": 7, ""num_leaves"": 4, ""reg_lambda"": 0.7704843816874842, ""subsample"": 0.9817952500434661, ""subsample_freq"": 1}"
0,1,7,1,0.14322492164784476,0.3319858112061399,0.057546587044372016,"{""colsample_bytree"": 0.6495212637330205, ""learning_rate"": 0.09216553736725173, ""max_depth"": 3, ""min_child_samples"": 7, ""num_leaves"": 4, ""reg_lambda"": 0.7704843816874842, ""subsample"": 0.9817952500434661, ""subsample_freq"": 1}"
0,1,11,1,0.5364200872244216,0.4867549246549084,0.06679538145235339,"{""colsample_bytree"": 0.6495212637330205, ""learning_rate"": 0.09216553736725173, ""max_depth"": 3, ""min_child_samples"": 7, ""num_leaves"": 4, ""reg_lambda"": 0.7704843816874842, ""subsample"": 0.9817952500434661, ""subsample_freq"": 1}"
0,1,13,0,0.4219174409670426,0.3967836873802065,0.08866111643834906,"{""colsample_bytree"": 0.6495212637330205, ""learning_rate"": 0.09216553736725173, ""max_depth"": 3, ""min_child_samples"": 7, ""num_leaves"": 4, ""reg_lambda"": 0.7704843816874842, ""subsample"": 0.9817952500434661, ""subsample_freq"": 1}"
0,1,21,1,0.5654839023591426,0.46219291685262504,0.057796548120655364,"{""colsample_bytree"": 0.6495212637330205, ""learning_rate"": 0.09216553736725173, ""max_depth"": 3, ""min_child_samples"": 7, ""num_leaves"": 4, ""reg_lambda"": 0.7704843816874842, ""subsample"": 0.9817952500434661, ""subsample_freq"": 1}"
0,1,23,0,0.403322502055963,0.4296266744269771,0.1111452627768395,"{""colsample_bytree"": 0.6495212637330205, ""learning_rate"": 0.09216553736725173, ""max_depth"": 3, ""min_child_samples"": 7, ""num_leaves"": 4, ""reg_lambda"": 0.7704843816874842, ""subsample"": 0.9817952500434661, ""subsample_freq"": 1}"
0,1,25,0,0.26889824243160665,0.4376870389030426,0.03509925228754375,"{""colsample_bytree"": 0.6495212637330205, ""learning_rate"": 0.09216553736725173, ""max_depth"": 3, ""min_child_samples"": 7, ""num_leaves"": 4, ""reg_lambda"": 0.7704843816874842, ""subsample"": 0.9817952500434661, ""subsample_freq"": 1}"
0,1,27,0,0.10302051562006345,0.30804269287190955,0.07879737729585115,"{""colsample_bytree"": 0.6495212637330205, ""learning_rate"": 0.09216553736725173, ""max_depth"": 3, ""min_child_samples"": 7, ""num_leaves"": 4, ""reg_lambda"": 0.7704843816874842, ""subsample"": 0.9817952500434661, ""subsample_freq"": 1}"
0,1,28,1,0.5108717135101319,0.5310439078565949,0.11933055546681558,"{""colsample_bytree"": 0.6495212637330205, ""learning_rate"": 0.09216553736725173, ""max_depth"": 3, ""min_child_samples"": 7, ""num_leaves"": 4, ""reg_lambda"": 0.7704843816874842, ""subsample"": 0.9817952500434661, ""subsample_freq"": 1}"
0,1,35,0,0.08527362859608204,0.2312076037753489,0.0571298516455199,"{""colsample_bytree"": 0.6495212637330205, ""learning_rate"": 0.09216553736725173, ""max_depth"": 3, ""min_child_samples"": 7, ""num_leaves"": 4, ""reg_lambda"": 0.7704843816874842, ""subsample"": 0.9817952500434661, ""subsample_freq"": 1}"
0,1,39,1,0.6104180718966878,0.51419308710699,0.08742439824263148,"{""colsample_bytree"": 0.6495212637330205, ""learning_rate"": 0.09216553736725173, ""max_depth"": 3, ""min_child_samples"": 7, ""num_leaves"": 4, ""reg_lambda"": 0.7704843816874842, ""subsample"": 0.9817952500434661, ""subsample_freq"": 1}"
0,1,48,0,0.036102274265436454,0.1740932271473203,0.06498225421061979,"{""colsample_bytree"": 0.6495212637330205, ""learning_rate"": 0.09216553736725173, ""max_depth"": 3, ""min_child_samples"": 7, ""num_leaves"": 4, ""reg_lambda"": 0.7704843816874842, ""subsample"": 0.9817952500434661, ""subsample_freq"": 1}"
0,1,58,1,0.13748197606933393,0.33868433418056393,0.10308738530044279,"{""colsample_bytree"": 0.6495212637330205, ""learning_rate"": 0.09216553736725173, ""max_depth"": 3, ""min_child_samples"": 7, ""num_leaves"": 4, ""reg_lambda"": 0.7704843816874842, ""subsample"": 0.9817952500434661, ""subsample_freq"": 1}"
0,1,60,0,0.041086034832283624,0.2432939922597698,0.07960914983480831,"{""colsample_bytree"": 0.6495212637330205, ""learning_rate"": 0.09216553736725173, ""max_depth"": 3, ""min_child_samples"": 7, ""num_leaves"": 4, ""reg_lambda"": 0.7704843816874842, ""subsample"": 0.9817952500434661, ""subsample_freq"": 1}"
0,1,64,0,0.05684307209502347,0.19652215628566055,0.068282724432714,"{""colsample_bytree"": 0.6495212637330205, ""learning_rate"": 0.09216553736725173, ""max_depth"": 3, ""min_child_samples"": 7, ""num_leaves"": 4, ""reg_lambda"": 0.7704843816874842, ""subsample"": 0.9817952500434661, ""subsample_freq"": 1}"
0,1,68,0,0.27472474486955284,0.3153266422702089,0.04669800702747509,"{""colsample_bytree"": 0.6495212637330205, ""learning_rate"": 0.09216553736725173, ""max_depth"": 3, ""min_child_samples"": 7, ""num_leaves"": 4, ""reg_lambda"": 0.7704843816874842, ""subsample"": 0.9817952500434661, ""subsample_freq"": 1}"
0,1,70,0,0.5495846109876781,0.39335463154429023,0.06298281520830602,"{""colsample_bytree"": 0.6495212637330205, ""learning_rate"": 0.09216553736725173, ""max_depth"": 3, ""min_child_samples"": 7, ""num_leaves"": 4, ""reg_lambda"": 0.7704843816874842, ""subsample"": 0.9817952500434661, ""subsample_freq"": 1}"
0,1,75,0,0.4326058078836231,0.3657489181762982,0.06773901775255263,"{""colsample_bytree"": 0.6495212637330205, ""learning_rate"": 0.09216553736725173, ""max_depth"": 3, ""min_child_samples"": 7, ""num_leaves"": 4, ""reg_lambda"": 0.7704843816874842, ""subsample"": 0.9817952500434661, ""subsample_freq"": 1}"
0,1,77,1,0.6570099774286299,0.5257431948335147,0.136008173389953,"{""colsample_bytree"": 0.6495212637330205, ""learning_rate"": 0.09216553736725173, ""max_depth"": 3, ""min_child_samples"": 7, ""num_leaves"": 4, ""reg_lambda"": 0.7704843816874842, ""subsample"": 0.9817952500434661, ""subsample_freq"": 1}"
0,1,82,1,0.8071987543705779,0.5851045774995992,0.13397019718075895,"{""colsample_bytree"": 0.6495212637330205, ""learning_rate"": 0.09216553736725173, ""max_depth"": 3, ""min_child_samples"": 7, ""num_leaves"": 4, ""reg_lambda"": 0.7704843816874842, ""subsample"": 0.9817952500434661, ""subsample_freq"": 1}"
0,1,89,1,0.32844617409362115,0.41130265925631704,0.07884477820889195,"{""colsample_bytree"": 0.6495212637330205, ""learning_rate"": 0.09216553736725173, ""max_depth"": 3, ""min_child_samples"": 7, ""num_leaves"": 4, ""reg_lambda"": 0.7704843816874842, ""subsample"": 0.9817952500434661, ""subsample_freq"": 1}"
0,1,91,0,0.07167136479154411,0.2619100136701372,0.08011127620527837,"{""colsample_bytree"": 0.6495212637330205, ""learning_rate"": 0.09216553736725173, ""max_depth"": 3, ""min_child_samples"": 7, ""num_leaves"": 4, ""reg_lambda"": 0.7704843816874842, ""subsample"": 0.9817952500434661, ""subsample_freq"": 1}"
0,1,95,1,0.17186338474254434,0.33563217667677364,0.04751763887726045,"{""colsample_bytree"": 0.6495212637330205, ""learning_rate"": 0.09216553736725173, ""max_depth"": 3, ""min_child_samples"": 7, ""num_leaves"": 4, ""reg_lambda"": 0.7704843816874842, ""subsample"": 0.9817952500434661, ""subsample_freq"": 1}"
0,1,96,1,0.7771524971370815,0.5009068079066378,0.08310879088589312,"{""colsample_bytree"": 0.6495212637330205, ""learning_rate"": 0.09216553736725173, ""max_depth"": 3, ""min_child_samples"": 7, ""num_leaves"": 4, ""reg_lambda"": 0.7704843816874842, ""subsample"": 0.9817952500434661, ""subsample_freq"": 1}"
0,1,97,1,0.4766983147300182,0.38315621282952694,0.08764739869527624,"{""colsample_bytree"": 0.6495212637330205, ""learning_rate"": 0.09216553736725173, ""max_depth"": 3, ""min_child_samples"": 7, ""num_leaves"": 4, ""reg_lambda"": 0.7704843816874842, ""subsample"": 0.9817952500434661, ""subsample_freq"": 1}"
0,1,98,1,0.7048228438577668,0.5568535726613448,0.06384058286534312,"{""colsample_bytree"": 0.6495212637330205, ""learning_rate"": 0.09216553736725173, ""max_depth"": 3, ""min_child_samples"": 7, ""num_leaves"": 4, ""reg_lambda"": 0.7704843816874842, ""subsample"": 0.9817952500434661, ""subsample_freq"": 1}"
0,1,104,1,0.33183836065913946,0.3902766978310069,0.1187214171028173,"{""colsample_bytree"": 0.6495212637330205, ""learning_rate"": 0.09216553736725173, ""max_depth"": 3, ""min_child_samples"": 7, ""num_leaves"": 4, ""reg_lambda"": 0.7704843816874842, ""subsample"": 0.9817952500434661, ""subsample_freq"": 1}"
0,1,106,0,0.8930823689445538,0.650366677960743,0.08419255156026237,"{""colsample_bytree"": 0.6495212637330205, ""learning_rate"": 0.09216553736725173, ""max_depth"": 3, ""min_child_samples"": 7, ""num_leaves"": 4, ""reg_lambda"": 0.7704843816874842, ""subsample"": 0.9817952500434661, ""subsample_freq"": 1}"
0,1,107,1,0.09222585922604314,0.28690245751420634,0.05054113668334281,"{""colsample_bytree"": 0.6495212637330205, ""learning_rate"": 0.09216553736725173, ""max_depth"": 3, ""min_child_samples"": 7, ""num_leaves"": 4, ""reg_lambda"": 0.7704843816874842, ""subsample"": 0.9817952500434661, ""subsample_freq"": 1}"
0,1,115,1,0.7085261571070122,0.5556623133087556,0.06777661016470932,"{""colsample_bytree"": 0.6495212637330205, ""learning_rate"": 0.09216553736725173, ""max_depth"": 3, ""min_child_samples"": 7, ""num_leaves"": 4, ""reg_lambda"": 0.7704843816874842, ""subsample"": 0.9817952500434661, ""subsample_freq"": 1}"
0,1,117,1,0.856882147123481,0.5617460876939706,0.08316234230594031,"{""colsample_bytree"": 0.6495212637330205, ""learning_rate"": 0.09216553736725173, ""max_depth"": 3, ""min_child_samples"": 7, ""num_leaves"": 4, ""reg_lambda"": 0.7704843816874842, ""subsample"": 0.9817952500434661, ""subsample_freq"": 1}"
0,1,119,1,0.7714329646664958,0.5346764743852246,0.0757762890298865,"{""colsample_bytree"": 0.6495212637330205, ""learning_rate"": 0.09216553736725173, ""max_depth"": 3, ""min_child_samples"": 7, ""num_leaves"": 4, ""reg_lambda"": 0.7704843816874842, ""subsample"": 0.9817952500434661, ""subsample_freq"": 1}"
0,1,144,1,0.19814438089322714,0.3050308378981671,0.09372489717962051,"{""colsample_bytree"": 0.6495212637330205, ""learning_rate"": 0.09216553736725173, ""max_depth"": 3, ""min_child_samples"": 7, ""num_leaves"": 4, ""reg_lambda"": 0.7704843816874842, ""subsample"": 0.9817952500434661, ""subsample_freq"": 1}"
0,1,166,0,0.06589901975284171,0.27120728243631004,0.05150847123920331,"{""colsample_bytree"": 0.6495212637330205, ""learning_rate"": 0.09216553736725173, ""max_depth"": 3, ""min_child_samples"": 7, ""num_leaves"": 4, ""reg_lambda"": 0.7704843816874842, ""subsample"": 0.9817952500434661, ""subsample_freq"": 1}"
0,1,169,0,0.10413295954327577,0.2702706748092044,0.051714706511222466,"{""colsample_bytree"": 0.6495212637330205, ""learning_rate"": 0.09216553736725173, ""max_depth"": 3, ""min_child_samples"": 7, ""num_leaves"": 4, ""reg_lambda"": 0.7704843816874842, ""subsample"": 0.9817952500434661, ""subsample_freq"": 1}"
0,1,170,0,0.19483174434378614,0.29865592747689307,0.07683629293395554,"{""colsample_bytree"": 0.6495212637330205, ""learning_rate"": 0.09216553736725173, ""max_depth"": 3, ""min_child_samples"": 7, ""num_leaves"": 4, ""reg_lambda"": 0.7704843816874842, ""subsample"": 0.9817952500434661, ""subsample_freq"": 1}"
0,1,173,1,0.7602533451505642,0.5710774285266254,0.1016319849300434,"{""colsample_bytree"": 0.6495212637330205, ""learning_rate"": 0.09216553736725173, ""max_depth"": 3, ""min_child_samples"": 7, ""num_leaves"": 4, ""reg_lambda"": 0.7704843816874842, ""subsample"": 0.9817952500434661, ""subsample_freq"": 1}"
0,1,175,0,0.5667491597202776,0.5150677633373841,0.08694967020356721,"{""colsample_bytree"": 0.6495212637330205, ""learning_rate"": 0.09216553736725173, ""max_depth"": 3, ""min_child_samples"": 7, ""num_leaves"": 4, ""reg_lambda"": 0.7704843816874842, ""subsample"": 0.9817952500434661, ""subsample_freq"": 1}"
0,1,191,0,0.5041281211752172,0.46645660788599386,0.08217800906799089,"{""colsample_bytree"": 0.6495212637330205, ""learning_rate"": 0.09216553736725173, ""max_depth"": 3, ""min_child_samples"": 7, ""num_leaves"": 4, ""reg_lambda"": 0.7704843816874842, ""subsample"": 0.9817952500434661, ""subsample_freq"": 1}"
0,1,198,0,0.8099385819388425,0.5933934841086088,0.09581929384591871,"{""colsample_bytree"": 0.6495212637330205, ""learning_rate"": 0.09216553736725173, ""max_depth"": 3, ""min_child_samples"": 7, ""num_leaves"": 4, ""reg_lambda"": 0.7704843816874842, ""subsample"": 0.9817952500434661, ""subsample_freq"": 1}"
0,1,203,0,0.0783063709770807,0.23049209498586204,0.06255980429441645,"{""colsample_bytree"": 0.6495212637330205, ""learning_rate"": 0.09216553736725173, ""max_depth"": 3, ""min_child_samples"": 7, ""num_leaves"": 4, ""reg_lambda"": 0.7704843816874842, ""subsample"": 0.9817952500434661, ""subsample_freq"": 1}"
0,1,204,0,0.06078580154603396,0.2389995513668412,0.05252198163246661,"{""colsample_bytree"": 0.6495212637330205, ""learning_rate"": 0.09216553736725173, ""max_depth"": 3, ""min_child_samples"": 7, ""num_leaves"": 4, ""reg_lambda"": 0.7704843816874842, ""subsample"": 0.9817952500434661, ""subsample_freq"": 1}"
0,1,207,0,0.09486206186528401,0.2896004129744271,0.032453820202226154,"{""colsample_bytree"": 0.6495212637330205, ""learning_rate"": 0.09216553736725173, ""max_depth"": 3, ""min_child_samples"": 7, ""num_leaves"": 4, ""reg_lambda"": 0.7704843816874842, ""subsample"": 0.9817952500434661, ""subsample_freq"": 1}"
0,1,210,0,0.07379391928786118,0.25760441042723475,0.06225890758529323,"{""colsample_bytree"": 0.6495212637330205, ""learning_rate"": 0.09216553736725173, ""max_depth"": 3, ""min_child_samples"": 7, ""num_leaves"": 4, ""reg_lambda"": 0.7704843816874842, ""subsample"": 0.9817952500434661, ""subsample_freq"": 1}"
0,1,215,0,0.7588589786406795,0.5335459098149444,0.11898317199453483,"{""colsample_bytree"": 0.6495212637330205, ""learning_rate"": 0.09216553736725173, ""max_depth"": 3, ""min_child_samples"": 7, ""num_leaves"": 4, ""reg_lambda"": 0.7704843816874842, ""subsample"": 0.9817952500434661, ""subsample_freq"": 1}"
0,1,228,0,0.4806345520509881,0.4359889117953776,0.059335374790461456,"{""colsample_bytree"": 0.6495212637330205, ""learning_rate"": 0.09216553736725173, ""max_depth"": 3, ""min_child_samples"": 7, ""num_leaves"": 4, ""reg_lambda"": 0.7704843816874842, ""subsample"": 0.9817952500434661, ""subsample_freq"": 1}"
0,1,245,1,0.170495370973323,0.4094555568672284,0.08645228387348616,"{""colsample_bytree"": 0.6495212637330205, ""learning_rate"": 0.09216553736725173, ""max_depth"": 3, ""min_child_samples"": 7, ""num_leaves"": 4, ""reg_lambda"": 0.7704843816874842, ""subsample"": 0.9817952500434661, ""subsample_freq"": 1}"
0,1,250,0,0.4173635757430922,0.4268907185116719,0.04303910305794172,"{""colsample_bytree"": 0.6495212637330205, ""learning_rate"": 0.09216553736725173, ""max_depth"": 3, ""min_child_samples"": 7, ""num_leaves"": 4, ""reg_lambda"": 0.7704843816874842, ""subsample"": 0.9817952500434661, ""subsample_freq"": 1}"
0,1,254,0,0.1744570992836241,0.292313695239784,0.03955455493913109,"{""colsample_bytree"": 0.6495212637330205, ""learning_rate"": 0.09216553736725173, ""max_depth"": 3, ""min_child_samples"": 7, ""num_leaves"": 4, ""reg_lambda"": 0.7704843816874842, ""subsample"": 0.9817952500434661, ""subsample_freq"": 1}"
0,1,259,0,0.29277849250439664,0.40345353567445635,0.06464903126695336,"{""colsample_bytree"": 0.6495212637330205, ""learning_rate"": 0.09216553736725173, ""max_depth"": 3, ""min_child_samples"": 7, ""num_leaves"": 4, ""reg_lambda"": 0.7704843816874842, ""subsample"": 0.9817952500434661, ""subsample_freq"": 1}"
0,1,261,0,0.026557886124659282,0.17164236771806468,0.05730335120213264,"{""colsample_bytree"": 0.6495212637330205, ""learning_rate"": 0.09216553736725173, ""max_depth"": 3, ""min_child_samples"": 7, ""num_leaves"": 4, ""reg_lambda"": 0.7704843816874842, ""subsample"": 0.9817952500434661, ""subsample_freq"": 1}"
0,1,263,0,0.005378093793973903,0.12067217720457013,0.07327310007380795,"{""colsample_bytree"": 0.6495212637330205, ""learning_rate"": 0.09216553736725173, ""max_depth"": 3, ""min_child_samples"": 7, ""num_leaves"": 4, ""reg_lambda"": 0.7704843816874842, ""subsample"": 0.9817952500434661, ""subsample_freq"": 1}"
0,1,268,0,0.04260231669624746,0.18483097987817504,0.08478049425744229,"{""colsample_bytree"": 0.6495212637330205, ""learning_rate"": 0.09216553736725173, ""max_depth"": 3, ""min_child_samples"": 7, ""num_leaves"": 4, ""reg_lambda"": 0.7704843816874842, ""subsample"": 0.9817952500434661, ""subsample_freq"": 1}"
0,1,269,0,0.5153535313532841,0.48118370808645927,0.08428801728998205,"{""colsample_bytree"": 0.6495212637330205, ""learning_rate"": 0.09216553736725173, ""max_depth"": 3, ""min_child_samples"": 7, ""num_leaves"": 4, ""reg_lambda"": 0.7704843816874842, ""subsample"": 0.9817952500434661, ""subsample_freq"": 1}"
0,1,272,0,0.4202658482622254,0.4049431565525731,0.09498697405334817,"{""colsample_bytree"": 0.6495212637330205, ""learning_rate"": 0.09216553736725173, ""max_depth"": 3, ""min_child_samples"": 7, ""num_leaves"": 4, ""reg_lambda"": 0.7704843816874842, ""subsample"": 0.9817952500434661, ""subsample_freq"": 1}"
0,1,276,0,0.16504176853345953,0.3238681118805314,0.07409631700060303,"{""colsample_bytree"": 0.6495212637330205, ""learning_rate"": 0.09216553736725173, ""max_depth"": 3, ""min_child_samples"": 7, ""num_leaves"": 4, ""reg_lambda"": 0.7704843816874842, ""subsample"": 0.9817952500434661, ""subsample_freq"": 1}"
0,1,279,1,0.7617848803851711,0.5224052869669494,0.1256677586657119,"{""colsample_bytree"": 0.6495212637330205, ""learning_rate"": 0.09216553736725173, ""max_depth"": 3, ""min_child_samples"": 7, ""num_leaves"": 4, ""reg_lambda"": 0.7704843816874842, ""subsample"": 0.9817952500434661, ""subsample_freq"": 1}"
0,1,282,0,0.7937717621092082,0.5413569216784875,0.13930921277987723,"{""colsample_bytree"": 0.6495212637330205, ""learning_rate"": 0.09216553736725173, ""max_depth"": 3, ""min_child_samples"": 7, ""num_leaves"": 4, ""reg_lambda"": 0.7704843816874842, ""subsample"": 0.9817952500434661, ""subsample_freq"": 1}"
0,1,296,0,0.12684921455948764,0.30213927273579333,0.04173931513461792,"{""colsample_bytree"": 0.6495212637330205, ""learning_rate"": 0.09216553736725173, ""max_depth"": 3, ""min_child_samples"": 7, ""num_leaves"": 4, ""reg_lambda"": 0.7704843816874842, ""subsample"": 0.9817952500434661, ""subsample_freq"": 1}"
0,1,298,1,0.22148832808243554,0.36020997305606245,0.05349420604763994,"{""colsample_bytree"": 0.6495212637330205, ""learning_rate"": 0.09216553736725173, ""max_depth"": 3, ""min_child_samples"": 7, ""num_leaves"": 4, ""reg_lambda"": 0.7704843816874842, ""subsample"": 0.9817952500434661, ""subsample_freq"": 1}"
0,2,16,0,0.20868724634843921,0.2021174267860822,0.07672721804615247,"{""colsample_bytree"": 0.5048760900701532, ""learning_rate"": 0.018286430797041637, ""max_depth"": 3, ""min_child_samples"": 26, ""num_leaves"": 7, ""reg_lambda"": 10.693112152264957, ""subsample"": 0.8585642249613574, ""subsample_freq"": 1}"
0,2,17,0,0.3548392402880604,0.3322458666133043,0.08158330372859691,"{""colsample_bytree"": 0.5048760900701532, ""learning_rate"": 0.018286430797041637, ""max_depth"": 3, ""min_child_samples"": 26, ""num_leaves"": 7, ""reg_lambda"": 10.693112152264957, ""subsample"": 0.8585642249613574, ""subsample_freq"": 1}"
0,2,19,1,0.45118878753763364,0.44016047793087304,0.08384064068445549,"{""colsample_bytree"": 0.5048760900701532, ""learning_rate"": 0.018286430797041637, ""max_depth"": 3, ""min_child_samples"": 26, ""num_leaves"": 7, ""reg_lambda"": 10.693112152264957, ""subsample"": 0.8585642249613574, ""subsample_freq"": 1}"
0,2,31,1,0.40255231894124444,0.39906382659765915,0.06920688141033628,"{""colsample_bytree"": 0.5048760900701532, ""learning_rate"": 0.018286430797041637, ""max_depth"": 3, ""min_child_samples"": 26, ""num_leaves"": 7, ""reg_lambda"": 10.693112152264957, ""subsample"": 0.8585642249613574, ""subsample_freq"": 1}"
0,2,34,0,0.34167423365400423,0.3223856870294187,0.07368888201827364,"{""colsample_bytree"": 0.5048760900701532, ""learning_rate"": 0.018286430797041637, ""max_depth"": 3, ""min_child_samples"": 26, ""num_leaves"": 7, ""reg_lambda"": 10.693112152264957, ""subsample"": 0.8585642249613574, ""subsample_freq"": 1}"
0,2,36,1,0.3985406638232897,0.4069614809799612,0.09067905942095335,"{""colsample_bytree"": 0.5048760900701532, ""learning_rate"": 0.018286430797041637, ""max_depth"": 3, ""min_child_samples"": 26, ""num_leaves"": 7, ""reg_lambda"": 10.693112152264957, ""subsample"": 0.8585642249613574, ""subsample_freq"": 1}"
0,2,54,0,0.2819955410167252,0.2745838793487582,0.09449817920795149,"{""colsample_bytree"": 0.5048760900701532, ""learning_rate"": 0.018286430797041637, ""max_depth"": 3, ""min_child_samples"": 26, ""num_leaves"": 7, ""reg_lambda"": 10.693112152264957, ""subsample"": 0.8585642249613574, ""subsample_freq"": 1}"
0,2,55,1,0.3790582146868272,0.35568510119952523,0.061107059262312816,"{""colsample_bytree"": 0.5048760900701532, ""learning_rate"": 0.018286430797041637, ""max_depth"": 3, ""min_child_samples"": 26, ""num_leaves"": 7, ""reg_lambda"": 10.693112152264957, ""subsample"": 0.8585642249613574, ""subsample_freq"": 1}"
0,2,57,1,0.6506274112462945,0.7292890429440181,0.13839960639343338,"{""colsample_bytree"": 0.5048760900701532, ""learning_rate"": 0.018286430797041637, ""max_depth"": 3, ""min_child_samples"": 26, ""num_leaves"": 7, ""reg_lambda"": 10.693112152264957, ""subsample"": 0.8585642249613574, ""subsample_freq"": 1}"
0,2,65,1,0.30367341723114266,0.27778993385113887,0.037639047280270385,"{""colsample_bytree"": 0.5048760900701532, ""learning_rate"": 0.018286430797041637, ""max_depth"": 3, ""min_child_samples"": 26, ""num_leaves"": 7, ""reg_lambda"": 10.693112152264957, ""subsample"": 0.8585642249613574, ""subsample_freq"": 1}"
0,2,69,1,0.4722998652768069,0.5394429291408462,0.0936417003679217,"{""colsample_bytree"": 0.5048760900701532, ""learning_rate"": 0.018286430797041637, ""max_depth"": 3, ""min_child_samples"": 26, ""num_leaves"": 7, ""reg_lambda"": 10.693112152264957, ""subsample"": 0.8585642249613574, ""subsample_freq"": 1}"
0,2,74,1,0.5643999058527377,0.6253335576671447,0.12604390166691193,"{""colsample_bytree"": 0.5048760900701532, ""learning_rate"": 0.018286430797041637, ""max_depth"": 3, ""min_child_samples"": 26, ""num_leaves"": 7, ""reg_lambda"": 10.693112152264957, ""subsample"": 0.8585642249613574, ""subsample_freq"": 1}"
0,2,79,0,0.19006326545644506,0.14600263930053986,0.07224339511914422,"{""colsample_bytree"": 0.5048760900701532, ""learning_rate"": 0.018286430797041637, ""max_depth"": 3, ""min_child_samples"": 26, ""num_leaves"": 7, ""reg_lambda"": 10.693112152264957, ""subsample"": 0.8585642249613574, ""subsample_freq"": 1}"
0,2,80,1,0.46047317980968716,0.48724675855882393,0.06824920595676733,"{""colsample_bytree"": 0.5048760900701532, ""learning_rate"": 0.018286430797041637, ""max_depth"": 3, ""min_child_samples"": 26, ""num_leaves"": 7, ""reg_lambda"": 10.693112152264957, ""subsample"": 0.8585642249613574, ""subsample_freq"": 1}"
0,2,83,0,0.42783403352428445,0.35041024762342854,0.041388932626118986,"{""colsample_bytree"": 0.5048760900701532, ""learning_rate"": 0.018286430797041637, ""max_depth"": 3, ""min_child_samples"": 26, ""num_leaves"": 7, ""reg_lambda"": 10.693112152264957, ""subsample"": 0.8585642249613574, ""subsample_freq"": 1}"
0,2,84,0,0.4147872154479059,0.42620051047308527,0.10702445001638572,"{""colsample_bytree"": 0.5048760900701532, ""learning_rate"": 0.018286430797041637, ""max_depth"": 3, ""min_child_samples"": 26, ""num_leaves"": 7, ""reg_lambda"": 10.693112152264957, ""subsample"": 0.8585642249613574, ""subsample_freq"": 1}"
0,2,92,1,0.5688367047907684,0.674052604510658,0.13099228307242597,"{""colsample_bytree"": 0.5048760900701532, ""learning_rate"": 0.018286430797041637, ""max_depth"": 3, ""min_child_samples"": 26, ""num_leaves"": 7, ""reg_lambda"": 10.693112152264957, ""subsample"": 0.8585642249613574, ""subsample_freq"": 1}"
0,2,94,0,0.3287471343416395,0.31552041734357256,0.07497509271201525,"{""colsample_bytree"": 0.5048760900701532, ""learning_rate"": 0.018286430797041637, ""max_depth"": 3, ""min_child_samples"": 26, ""num_leaves"": 7, ""reg_lambda"": 10.693112152264957, ""subsample"": 0.8585642249613574, ""subsample_freq"": 1}"
0,2,99,0,0.2997607875416328,0.2848938131963389,0.05434030430547473,"{""colsample_bytree"": 0.5048760900701532, ""learning_rate"": 0.018286430797041637, ""max_depth"": 3, ""min_child_samples"": 26, ""num_leaves"": 7, ""reg_lambda"": 10.693112152264957, ""subsample"": 0.8585642249613574, ""subsample_freq"": 1}"
0,2,103,1,0.45172278365137447,0.46010746182348206,0.09778823456190938,"{""colsample_bytree"": 0.5048760900701532, ""learning_rate"": 0.018286430797041637, ""max_depth"": 3, ""min_child_samples"": 26, ""num_leaves"": 7, ""reg_lambda"": 10.693112152264957, ""subsample"": 0.8585642249613574, ""subsample_freq"": 1}"
0,2,116,0,0.38402935876414623,0.36693195110198573,0.04745648825667165,"{""colsample_bytree"": 0.5048760900701532, ""learning_rate"": 0.018286430797041637, ""max_depth"": 3, ""min_child_samples"": 26, ""num_leaves"": 7, ""reg_lambda"": 10.693112152264957, ""subsample"": 0.8585642249613574, ""subsample_freq"": 1}"
0,2,125,1,0.32566346410110325,0.2627364730565309,0.06896694190124895,"{""colsample_bytree"": 0.5048760900701532, ""learning_rate"": 0.018286430797041637, ""max_depth"": 3, ""min_child_samples"": 26, ""num_leaves"": 7, ""reg_lambda"": 10.693112152264957, ""subsample"": 0.8585642249613574, ""subsample_freq"": 1}"
0,2,128,0,0.4449404943658698,0.4806631047137624,0.06749363530611731,"{""colsample_bytree"": 0.5048760900701532, ""learning_rate"": 0.018286430797041637, ""max_depth"": 3, ""min_child_samples"": 26, ""num_leaves"": 7, ""reg_lambda"": 10.693112152264957, ""subsample"": 0.8585642249613574, ""subsample_freq"": 1}"
0,2,132,0,0.4825125251638002,0.5088466032694948,0.0748578713848477,"{""colsample_bytree"": 0.5048760900701532, ""learning_rate"": 0.018286430797041637, ""max_depth"": 3, ""min_child_samples"": 26, ""num_leaves"": 7, ""reg_lambda"": 10.693112152264957, ""subsample"": 0.8585642249613574, ""subsample_freq"": 1}"
0,2,139,1,0.4218608846677828,0.46000362972473025,0.08658190560179695,"{""colsample_bytree"": 0.5048760900701532, ""learning_rate"": 0.018286430797041637, ""max_depth"": 3, ""min_child_samples"": 26, ""num_leaves"": 7, ""reg_lambda"": 10.693112152264957, ""subsample"": 0.8585642249613574, ""subsample_freq"": 1}"
0,2,143,0,0.18405820115599952,0.16343250609242704,0.07149767158059465,"{""colsample_bytree"": 0.5048760900701532, ""learning_rate"": 0.018286430797041637, ""max_depth"": 3, ""min_child_samples"": 26, ""num_leaves"": 7, ""reg_lambda"": 10.693112152264957, ""subsample"": 0.8585642249613574, ""subsample_freq"": 1}"
0,2,151,0,0.3544966497360645,0.37287852381723463,0.0606641981248477,"{""colsample_bytree"": 0.5048760900701532, ""learning_rate"": 0.018286430797041637, ""max_depth"": 3, ""min_child_samples"": 26, ""num_leaves"": 7, ""reg_lambda"": 10.693112152264957, ""subsample"": 0.8585642249613574, ""subsample_freq"": 1}"
0,2,153,0,0.3826505449705937,0.38813406998682193,0.07736971403721324,"{""colsample_bytree"": 0.5048760900701532, ""learning_rate"": 0.018286430797041637, ""max_depth"": 3, ""min_child_samples"": 26, ""num_leaves"": 7, ""reg_lambda"": 10.693112152264957, ""subsample"": 0.8585642249613574, ""subsample_freq"": 1}"
0,2,164,1,0.6669379518961933,0.7370204143374982,0.14473574794706837,"{""colsample_bytree"": 0.5048760900701532, ""learning_rate"": 0.018286430797041637, ""max_depth"": 3, ""min_child_samples"": 26, ""num_leaves"": 7, ""reg_lambda"": 10.693112152264957, ""subsample"": 0.8585642249613574, ""subsample_freq"": 1}"
0,2,168,0,0.15407875253197564,0.12670831976333535,0.07547514778828622,"{""colsample_bytree"": 0.5048760900701532, ""learning_rate"": 0.018286430797041637, ""max_depth"": 3, ""min_child_samples"": 26, ""num_leaves"": 7, ""reg_lambda"": 10.693112152264957, ""subsample"": 0.8585642249613574, ""subsample_freq"": 1}"
0,2,181,1,0.45844165186164965,0.5254835812487455,0.12425375723095267,"{""colsample_bytree"": 0.5048760900701532, ""learning_rate"": 0.018286430797041637, ""max_depth"": 3, ""min_child_samples"": 26, ""num_leaves"": 7, ""reg_lambda"": 10.693112152264957, ""subsample"": 0.8585642249613574, ""subsample_freq"": 1}"
0,2,182,1,0.43161972184398184,0.4578122296457998,0.098658881367245,"{""colsample_bytree"": 0.5048760900701532, ""learning_rate"": 0.018286430797041637, ""max_depth"": 3, ""min_child_samples"": 26, ""num_leaves"": 7, ""reg_lambda"": 10.693112152264957, ""subsample"": 0.8585642249613574, ""subsample_freq"": 1}"
0,2,186,0,0.5643416333184982,0.6335088739503965,0.12141001172319373,"{""colsample_bytree"": 0.5048760900701532, ""learning_rate"": 0.018286430797041637, ""max_depth"": 3, ""min_child_samples"": 26, ""num_leaves"": 7, ""reg_lambda"": 10.693112152264957, ""subsample"": 0.8585642249613574, ""subsample_freq"": 1}"
0,2,187,1,0.4729553373923875,0.5423812515846076,0.09945834991541695,"{""colsample_bytree"": 0.5048760900701532, ""learning_rate"": 0.018286430797041637, ""max_depth"": 3, ""min_child_samples"": 26, ""num_leaves"": 7, ""reg_lambda"": 10.693112152264957, ""subsample"": 0.8585642249613574, ""subsample_freq"": 1}"
0,2,188,0,0.23230671623111343,0.21635520713825898,0.07312654993611414,"{""colsample_bytree"": 0.5048760900701532, ""learning_rate"": 0.018286430797041637, ""max_depth"": 3, ""min_child_samples"": 26, ""num_leaves"": 7, ""reg_lambda"": 10.693112152264957, ""subsample"": 0.8585642249613574, ""subsample_freq"": 1}"
0,2,190,0,0.3161690616061447,0.3002565625494717,0.028609677926607076,"{""colsample_bytree"": 0.5048760900701532, ""learning_rate"": 0.018286430797041637, ""max_depth"": 3, ""min_child_samples"": 26, ""num_leaves"": 7, ""reg_lambda"": 10.693112152264957, ""subsample"": 0.8585642249613574, ""subsample_freq"": 1}"
0,2,193,0,0.2486824521953633,0.22471930988343244,0.08614168648512045,"{""colsample_bytree"": 0.5048760900701532, ""learning_rate"": 0.018286430797041637, ""max_depth"": 3, ""min_child_samples"": 26, ""num_leaves"": 7, ""reg_lambda"": 10.693112152264957, ""subsample"": 0.8585642249613574, ""subsample_freq"": 1}"
0,2,194,0,0.2839186554108027,0.24688738781510153,0.05161224790064079,"{""colsample_bytree"": 0.5048760900701532, ""learning_rate"": 0.018286430797041637, ""max_depth"": 3, ""min_child_samples"": 26, ""num_leaves"": 7, ""reg_lambda"": 10.693112152264957, ""subsample"": 0.8585642249613574, ""subsample_freq"": 1}"
0,2,199,0,0.3219401709409874,0.2757687794516569,0.0849966350982907,"{""colsample_bytree"": 0.5048760900701532, ""learning_rate"": 0.018286430797041637, ""max_depth"": 3, ""min_child_samples"": 26, ""num_leaves"": 7, ""reg_lambda"": 10.693112152264957, ""subsample"": 0.8585642249613574, ""subsample_freq"": 1}"
0,2,202,1,0.6795722018570239,0.7466617071084007,0.14317134805537576,"{""colsample_bytree"": 0.5048760900701532, ""learning_rate"": 0.018286430797041637, ""max_depth"": 3, ""min_child_samples"": 26, ""num_leaves"": 7, ""reg_lambda"": 10.693112152264957, ""subsample"": 0.8585642249613574, ""subsample_freq"": 1}"
0,2,214,0,0.4385734632364792,0.48334750527739995,0.08830105517187686,"{""colsample_bytree"": 0.5048760900701532, ""learning_rate"": 0.018286430797041637, ""max_depth"": 3, ""min_child_samples"": 26, ""num_leaves"": 7, ""reg_lambda"": 10.693112152264957, ""subsample"": 0.8585642249613574, ""subsample_freq"": 1}"
0,2,222,1,0.5015953881617424,0.5689679127237884,0.09084853318902152,"{""colsample_bytree"": 0.5048760900701532, ""learning_rate"": 0.018286430797041637, ""max_depth"": 3, ""min_child_samples"": 26, ""num_leaves"": 7, ""reg_lambda"": 10.693112152264957, ""subsample"": 0.8585642249613574, ""subsample_freq"": 1}"
0,2,230,0,0.6286942654463269,0.6948834777749902,0.1380855740819467,"{""colsample_bytree"": 0.5048760900701532, ""learning_rate"": 0.018286430797041637, ""max_depth"": 3, ""min_child_samples"": 26, ""num_leaves"": 7, ""reg_lambda"": 10.693112152264957, ""subsample"": 0.8585642249613574, ""subsample_freq"": 1}"
0,2,234,0,0.23041179976752935,0.22231796149866573,0.07223802168262572,"{""colsample_bytree"": 0.5048760900701532, ""learning_rate"": 0.018286430797041637, ""max_depth"": 3, ""min_child_samples"": 26, ""num_leaves"": 7, ""reg_lambda"": 10.693112152264957, ""subsample"": 0.8585642249613574, ""subsample_freq"": 1}"
0,2,235,1,0.4870337453062643,0.5455950999405121,0.13065236603708857,"{""colsample_bytree"": 0.5048760900701532, ""learning_rate"": 0.018286430797041637, ""max_depth"": 3, ""min_child_samples"": 26, ""num_leaves"": 7, ""reg_lambda"": 10.693112152264957, ""subsample"": 0.8585642249613574, ""subsample_freq"": 1}"
0,2,237,0,0.3004584577137183,0.24887178190094233,0.05760844131947179,"{""colsample_bytree"": 0.5048760900701532, ""learning_rate"": 0.018286430797041637, ""max_depth"": 3, ""min_child_samples"": 26, ""num_leaves"": 7, ""reg_lambda"": 10.693112152264957, ""subsample"": 0.8585642249613574, ""subsample_freq"": 1}"
0,2,238,0,0.37870670488049646,0.4204717998184305,0.07742848994294588,"{""colsample_bytree"": 0.5048760900701532, ""learning_rate"": 0.018286430797041637, ""max_depth"": 3, ""min_child_samples"": 26, ""num_leaves"": 7, ""reg_lambda"": 10.693112152264957, ""subsample"": 0.8585642249613574, ""subsample_freq"": 1}"
0,2,242,0,0.48512956738242147,0.5019063831249861,0.07702678410737,"{""colsample_bytree"": 0.5048760900701532, ""learning_rate"": 0.018286430797041637, ""max_depth"": 3, ""min_child_samples"": 26, ""num_leaves"": 7, ""reg_lambda"": 10.693112152264957, ""subsample"": 0.8585642249613574, ""subsample_freq"": 1}"
0,2,249,1,0.4813835261534391,0.5190806214567731,0.1297558923020621,"{""colsample_bytree"": 0.5048760900701532, ""learning_rate"": 0.018286430797041637, ""max_depth"": 3, ""min_child_samples"": 26, ""num_leaves"": 7, ""reg_lambda"": 10.693112152264957, ""subsample"": 0.8585642249613574, ""subsample_freq"": 1}"
0,2,260,1,0.3607886997840138,0.36684819156028403,0.05497422234035306,"{""colsample_bytree"": 0.5048760900701532, ""learning_rate"": 0.018286430797041637, ""max_depth"": 3, ""min_child_samples"": 26, ""num_leaves"": 7, ""reg_lambda"": 10.693112152264957, ""subsample"": 0.8585642249613574, ""subsample_freq"": 1}"
0,2,262,0,0.40314080189687534,0.39376378421354863,0.025074410568966893,"{""colsample_bytree"": 0.5048760900701532, ""learning_rate"": 0.018286430797041637, ""max_depth"": 3, ""min_child_samples"": 26, ""num_leaves"": 7, ""reg_lambda"": 10.693112152264957, ""subsample"": 0.8585642249613574, ""subsample_freq"": 1}"
0,2,265,1,0.2997311824102677,0.27646779588020565,0.06270873899578934,"{""colsample_bytree"": 0.5048760900701532, ""learning_rate"": 0.018286430797041637, ""max_depth"": 3, ""min_child_samples"": 26, ""num_leaves"": 7, ""reg_lambda"": 10.693112152264957, ""subsample"": 0.8585642249613574, ""subsample_freq"": 1}"
0,2,270,0,0.1474338772939155,0.10933455961830323,0.07782390929801415,"{""colsample_bytree"": 0.5048760900701532, ""learning_rate"": 0.018286430797041637, ""max_depth"": 3, ""min_child_samples"": 26, ""num_leaves"": 7, ""reg_lambda"": 10.693112152264957, ""subsample"": 0.8585642249613574, ""subsample_freq"": 1}"
0,2,281,1,0.2996647435489557,0.2930348123247613,0.059437771040637424,"{""colsample_bytree"": 0.5048760900701532, ""learning_rate"": 0.018286430797041637, ""max_depth"": 3, ""min_child_samples"": 26, ""num_leaves"": 7, ""reg_lambda"": 10.693112152264957, ""subsample"": 0.8585642249613574, ""subsample_freq"": 1}"
0,2,286,0,0.4495993987835044,0.48971921637158927,0.1190137742018721,"{""colsample_bytree"": 0.5048760900701532, ""learning_rate"": 0.018286430797041637, ""max_depth"": 3, ""min_child_samples"": 26, ""num_leaves"": 7, ""reg_lambda"": 10.693112152264957, ""subsample"": 0.8585642249613574, ""subsample_freq"": 1}"
0,2,287,0,0.3780678908626805,0.3707964227457996,0.06150768611641377,"{""colsample_bytree"": 0.5048760900701532, ""learning_rate"": 0.018286430797041637, ""max_depth"": 3, ""min_child_samples"": 26, ""num_leaves"": 7, ""reg_lambda"": 10.693112152264957, ""subsample"": 0.8585642249613574, ""subsample_freq"": 1}"
0,2,290,0,0.3686237108661036,0.399563165952343,0.08917616365110012,"{""colsample_bytree"": 0.5048760900701532, ""learning_rate"": 0.018286430797041637, ""max_depth"": 3, ""min_child_samples"": 26, ""num_leaves"": 7, ""reg_lambda"": 10.693112152264957, ""subsample"": 0.8585642249613574, ""subsample_freq"": 1}"
0,2,291,0,0.24627476625251635,0.19901935692801587,0.08380738525271157,"{""colsample_bytree"": 0.5048760900701532, ""learning_rate"": 0.018286430797041637, ""max_depth"": 3, ""min_child_samples"": 26, ""num_leaves"": 7, ""reg_lambda"": 10.693112152264957, ""subsample"": 0.8585642249613574, ""subsample_freq"": 1}"
0,2,297,0,0.15932074896770423,0.1358637997278851,0.07257747627851607,"{""colsample_bytree"": 0.5048760900701532, ""learning_rate"": 0.018286430797041637, ""max_depth"": 3, ""min_child_samples"": 26, ""num_leaves"": 7, ""reg_lambda"": 10.693112152264957, ""subsample"": 0.8585642249613574, ""subsample_freq"": 1}"
0,2,300,0,0.13760196191736196,0.1129293966757218,0.08259959390824892,"{""colsample_bytree"": 0.5048760900701532, ""learning_rate"": 0.018286430797041637, ""max_depth"": 3, ""min_child_samples"": 26, ""num_leaves"": 7, ""reg_lambda"": 10.693112152264957, ""subsample"": 0.8585642249613574, ""subsample_freq"": 1}"
0,2,302,0,0.38840747991374697,0.38502308384376854,0.08727285483199859,"{""colsample_bytree"": 0.5048760900701532, ""learning_rate"": 0.018286430797041637, ""max_depth"": 3, ""min_child_samples"": 26, ""num_leaves"": 7, ""reg_lambda"": 10.693112152264957, ""subsample"": 0.8585642249613574, ""subsample_freq"": 1}"
0,3,4,0,0.1327548056469134,0.15436860300029315,0.039308644736632654,"{""colsample_bytree"": 0.6871313827970168, ""learning_rate"": 0.022834065007521512, ""max_depth"": 2, ""min_child_samples"": 22, ""num_leaves"": 15, ""reg_lambda"": 0.14842962237807966, ""subsample"": 0.9692598156110677, ""subsample_freq"": 1}"
0,3,14,0,0.3542514753923586,0.39732230304006194,0.08078894945265343,"{""colsample_bytree"": 0.6871313827970168, ""learning_rate"": 0.022834065007521512, ""max_depth"": 2, ""min_child_samples"": 22, ""num_leaves"": 15, ""reg_lambda"": 0.14842962237807966, ""subsample"": 0.9692598156110677, ""subsample_freq"": 1}"
0,3,22,1,0.6582011271695053,0.5763561326920245,0.08247170908770388,"{""colsample_bytree"": 0.6871313827970168, ""learning_rate"": 0.022834065007521512, ""max_depth"": 2, ""min_child_samples"": 22, ""num_leaves"": 15, ""reg_lambda"": 0.14842962237807966, ""subsample"": 0.9692598156110677, ""subsample_freq"": 1}"
0,3,40,0,0.5051826766059416,0.48302574292419587,0.08053179007884077,"{""colsample_bytree"": 0.6871313827970168, ""learning_rate"": 0.022834065007521512, ""max_depth"": 2, ""min_child_samples"": 22, ""num_leaves"": 15, ""reg_lambda"": 0.14842962237807966, ""subsample"": 0.9692598156110677, ""subsample_freq"": 1}"
0,3,41,0,0.2389367674843336,0.2390052076414098,0.042169307073860754,"{""colsample_bytree"": 0.6871313827970168, ""learning_rate"": 0.022834065007521512, ""max_depth"": 2, ""min_child_samples"": 22, ""num_leaves"": 15, ""reg_lambda"": 0.14842962237807966, ""subsample"": 0.9692598156110677, ""subsample_freq"": 1}"
0,3,44,0,0.27599697508411897,0.28107583648909834,0.058622579827254044,"{""colsample_bytree"": 0.6871313827970168, ""learning_rate"": 0.022834065007521512, ""max_depth"": 2, ""min_child_samples"": 22, ""num_leaves"": 15, ""reg_lambda"": 0.14842962237807966, ""subsample"": 0.9692598156110677, ""subsample_freq"": 1}"
0,3,50,1,0.5998424983706754,0.6098053030223098,0.05788438796726577,"{""colsample_bytree"": 0.6871313827970168, ""learning_rate"": 0.022834065007521512, ""max_depth"": 2, ""min_child_samples"": 22, ""num_leaves"": 15, ""reg_lambda"": 0.14842962237807966, ""subsample"": 0.9692598156110677, ""subsample_freq"": 1}"
0,3,53,0,0.2955910353263389,0.30549878344258063,0.06351649461501764,"{""colsample_bytree"": 0.6871313827970168, ""learning_rate"": 0.022834065007521512, ""max_depth"": 2, ""min_child_samples"": 22, ""num_leaves"": 15, ""reg_lambda"": 0.14842962237807966, ""subsample"": 0.9692598156110677, ""subsample_freq"": 1}"
0,3,56,1,0.43647636368410614,0.38964978266179934,0.0826255134172269,"{""colsample_bytree"": 0.6871313827970168, ""learning_rate"": 0.022834065007521512, ""max_depth"": 2, ""min_child_samples"": 22, ""num_leaves"": 15, ""reg_lambda"": 0.14842962237807966, ""subsample"": 0.9692598156110677, ""subsample_freq"": 1}"
0,3,61,0,0.25430989788120106,0.2552849812228655,0.07412549599648374,"{""colsample_bytree"": 0.6871313827970168, ""learning_rate"": 0.022834065007521512, ""max_depth"": 2, ""min_child_samples"": 22, ""num_leaves"": 15, ""reg_lambda"": 0.14842962237807966, ""subsample"": 0.9692598156110677, ""subsample_freq"": 1}"
0,3,62,0,0.13348684977473535,0.2399447047780691,0.04033119502206186,"{""colsample_bytree"": 0.6871313827970168, ""learning_rate"": 0.022834065007521512, ""max_depth"": 2, ""min_child_samples"": 22, ""num_leaves"": 15, ""reg_lambda"": 0.14842962237807966, ""subsample"": 0.9692598156110677, ""subsample_freq"": 1}"
0,3,63,1,0.3374911675423075,0.38272819978616385,0.023766281758588546,"{""colsample_bytree"": 0.6871313827970168, ""learning_rate"": 0.022834065007521512, ""max_depth"": 2, ""min_child_samples"": 22, ""num_leaves"": 15, ""reg_lambda"": 0.14842962237807966, ""subsample"": 0.9692598156110677, ""subsample_freq"": 1}"
0,3,71,1,0.6251747228644408,0.6067002939682625,0.0486828224032787,"{""colsample_bytree"": 0.6871313827970168, ""learning_rate"": 0.022834065007521512, ""max_depth"": 2, ""min_child_samples"": 22, ""num_leaves"": 15, ""reg_lambda"": 0.14842962237807966, ""subsample"": 0.9692598156110677, ""subsample_freq"": 1}"
0,3,76,0,0.621005929027089,0.6336259320841329,0.08047380149261345,"{""colsample_bytree"": 0.6871313827970168, ""learning_rate"": 0.022834065007521512, ""max_depth"": 2, ""min_child_samples"": 22, ""num_leaves"": 15, ""reg_lambda"": 0.14842962237807966, ""subsample"": 0.9692598156110677, ""subsample_freq"": 1}"
0,3,81,0,0.46138826803828287,0.4665967112356607,0.09029814373080482,"{""colsample_bytree"": 0.6871313827970168, ""learning_rate"": 0.022834065007521512, ""max_depth"": 2, ""min_child_samples"": 22, ""num_leaves"": 15, ""reg_lambda"": 0.14842962237807966, ""subsample"": 0.9692598156110677, ""subsample_freq"": 1}"
0,3,87,1,0.6191921169512988,0.5990584422195283,0.08013737531516163,"{""colsample_bytree"": 0.6871313827970168, ""learning_rate"": 0.022834065007521512, ""max_depth"": 2, ""min_child_samples"": 22, ""num_leaves"": 15, ""reg_lambda"": 0.14842962237807966, ""subsample"": 0.9692598156110677, ""subsample_freq"": 1}"
0,3,90,1,0.5732250231024895,0.5191415260316754,0.1035333115746817,"{""colsample_bytree"": 0.6871313827970168, ""learning_rate"": 0.022834065007521512, ""max_depth"": 2, ""min_child_samples"": 22, ""num_leaves"": 15, ""reg_lambda"": 0.14842962237807966, ""subsample"": 0.9692598156110677, ""subsample_freq"": 1}"
0,3,93,0,0.6994850092636298,0.6894895229017267,0.0618110993225793,"{""colsample_bytree"": 0.6871313827970168, ""learning_rate"": 0.022834065007521512, ""max_depth"": 2, ""min_child_samples"": 22, ""num_leaves"": 15, ""reg_lambda"": 0.14842962237807966, ""subsample"": 0.9692598156110677, ""subsample_freq"": 1}"
0,3,105,0,0.09844555791052473,0.13791970431829267,0.041713237758780324,"{""colsample_bytree"": 0.6871313827970168, ""learning_rate"": 0.022834065007521512, ""max_depth"": 2, ""min_child_samples"": 22, ""num_leaves"": 15, ""reg_lambda"": 0.14842962237807966, ""subsample"": 0.9692598156110677, ""subsample_freq"": 1}"
0,3,109,1,0.504253602806235,0.5412458585421479,0.09130835003361015,"{""colsample_bytree"": 0.6871313827970168, ""learning_rate"": 0.022834065007521512, ""max_depth"": 2, ""min_child_samples"": 22, ""num_leaves"": 15, ""reg_lambda"": 0.14842962237807966, ""subsample"": 0.9692598156110677, ""subsample_freq"": 1}"
0,3,110,1,0.26942719823058475,0.3121430972065884,0.034801190211839216,"{""colsample_bytree"": 0.6871313827970168, ""learning_rate"": 0.022834065007521512, ""max_depth"": 2, ""min_child_samples"": 22, ""num_leaves"": 15, ""reg_lambda"": 0.14842962237807966, ""subsample"": 0.9692598156110677, ""subsample_freq"": 1}"
0,3,111,1,0.5455951787692414,0.5203860521330503,0.08044250038885858,"{""colsample_bytree"": 0.6871313827970168, ""learning_rate"": 0.022834065007521512, ""max_depth"": 2, ""min_child_samples"": 22, ""num_leaves"": 15, ""reg_lambda"": 0.14842962237807966, ""subsample"": 0.9692598156110677, ""subsample_freq"": 1}"
0,3,123,1,0.6195109645140823,0.590625613590501,0.13367939488336364,"{""colsample_bytree"": 0.6871313827970168, ""learning_rate"": 0.022834065007521512, ""max_depth"": 2, ""min_child_samples"": 22, ""num_leaves"": 15, ""reg_lambda"": 0.14842962237807966, ""subsample"": 0.9692598156110677, ""subsample_freq"": 1}"
0,3,127,0,0.7365394821205434,0.6574606350704005,0.11044764182265368,"{""colsample_bytree"": 0.6871313827970168, ""learning_rate"": 0.022834065007521512, ""max_depth"": 2, ""min_child_samples"": 22, ""num_leaves"": 15, ""reg_lambda"": 0.14842962237807966, ""subsample"": 0.9692598156110677, ""subsample_freq"": 1}"
0,3,130,0,0.2830386325514414,0.2597711271912315,0.058366102971327875,"{""colsample_bytree"": 0.6871313827970168, ""learning_rate"": 0.022834065007521512, ""max_depth"": 2, ""min_child_samples"": 22, ""num_leaves"": 15, ""reg_lambda"": 0.14842962237807966, ""subsample"": 0.9692598156110677, ""subsample_freq"": 1}"
0,3,133,0,0.18759364173402154,0.20204949969063485,0.0727970086839433,"{""colsample_bytree"": 0.6871313827970168, ""learning_rate"": 0.022834065007521512, ""max_depth"": 2, ""min_child_samples"": 22, ""num_leaves"": 15, ""reg_lambda"": 0.14842962237807966, ""subsample"": 0.9692598156110677, ""subsample_freq"": 1}"
0,3,134,0,0.2727788467871387,0.33085211414287974,0.08779977800972937,"{""colsample_bytree"": 0.6871313827970168, ""learning_rate"": 0.022834065007521512, ""max_depth"": 2, ""min_child_samples"": 22, ""num_leaves"": 15, ""reg_lambda"": 0.14842962237807966, ""subsample"": 0.9692598156110677, ""subsample_freq"": 1}"
0,3,137,0,0.1542273495089283,0.20909611235472753,0.04307762601974532,"{""colsample_bytree"": 0.6871313827970168, ""learning_rate"": 0.022834065007521512, ""max_depth"": 2, ""min_child_samples"": 22, ""num_leaves"": 15, ""reg_lambda"": 0.14842962237807966, ""subsample"": 0.9692598156110677, ""subsample_freq"": 1}"
0,3,138,1,0.6456164530752326,0.49085898476141543,0.09266268142597796,"{""colsample_bytree"": 0.6871313827970168, ""learning_rate"": 0.022834065007521512, ""max_depth"": 2, ""min_child_samples"": 22, ""num_leaves"": 15, ""reg_lambda"": 0.14842962237807966, ""subsample"": 0.9692598156110677, ""subsample_freq"": 1}"
0,3,142,1,0.12583693240154958,0.15496861669179968,0.09456559978017509,"{""colsample_bytree"": 0.6871313827970168, ""learning_rate"": 0.022834065007521512, ""max_depth"": 2, ""min_child_samples"": 22, ""num_leaves"": 15, ""reg_lambda"": 0.14842962237807966, ""subsample"": 0.9692598156110677, ""subsample_freq"": 1}"
0,3,145,1,0.4834583782219939,0.4944317002114514,0.1016399605264916,"{""colsample_bytree"": 0.6871313827970168, ""learning_rate"": 0.022834065007521512, ""max_depth"": 2, ""min_child_samples"": 22, ""num_leaves"": 15, ""reg_lambda"": 0.14842962237807966, ""subsample"": 0.9692598156110677, ""subsample_freq"": 1}"
0,3,149,1,0.34685503974655935,0.42364457839421527,0.04356476343644407,"{""colsample_bytree"": 0.6871313827970168, ""learning_rate"": 0.022834065007521512, ""max_depth"": 2, ""min_child_samples"": 22, ""num_leaves"": 15, ""reg_lambda"": 0.14842962237807966, ""subsample"": 0.9692598156110677, ""subsample_freq"": 1}"
0,3,152,0,0.32824685584179925,0.3259512406197852,0.09642811707590099,"{""colsample_bytree"": 0.6871313827970168, ""learning_rate"": 0.022834065007521512, ""max_depth"": 2, ""min_child_samples"": 22, ""num_leaves"": 15, ""reg_lambda"": 0.14842962237807966, ""subsample"": 0.9692598156110677, ""subsample_freq"": 1}"
0,3,156,1,0.4883595228126146,0.4488387770812852,0.06837625156598755,"{""colsample_bytree"": 0.6871313827970168, ""learning_rate"": 0.022834065007521512, ""max_depth"": 2, ""min_child_samples"": 22, ""num_leaves"": 15, ""reg_lambda"": 0.14842962237807966, ""subsample"": 0.9692598156110677, ""subsample_freq"": 1}"
0,3,160,0,0.3534611603234066,0.34963370431475355,0.10327866828128941,"{""colsample_bytree"": 0.6871313827970168, ""learning_rate"": 0.022834065007521512, ""max_depth"": 2, ""min_child_samples"": 22, ""num_leaves"": 15, ""reg_lambda"": 0.14842962237807966, ""subsample"": 0.9692598156110677, ""subsample_freq"": 1}"
0,3,161,0,0.7430722704026659,0.7018889493493455,0.077787343452071,"{""colsample_bytree"": 0.6871313827970168, ""learning_rate"": 0.022834065007521512, ""max_depth"": 2, ""min_child_samples"": 22, ""num_leaves"": 15, ""reg_lambda"": 0.14842962237807966, ""subsample"": 0.9692598156110677, ""subsample_freq"": 1}"
0,3,165,0,0.604000719343966,0.5239635523651228,0.12909445639987766,"{""colsample_bytree"": 0.6871313827970168, ""learning_rate"": 0.022834065007521512, ""max_depth"": 2, ""min_child_samples"": 22, ""num_leaves"": 15, ""reg_lambda"": 0.14842962237807966, ""subsample"": 0.9692598156110677, ""subsample_freq"": 1}"
0,3,176,0,0.15920977946527695,0.18974015706052577,0.05377202798085105,"{""colsample_bytree"": 0.6871313827970168, ""learning_rate"": 0.022834065007521512, ""max_depth"": 2, ""min_child_samples"": 22, ""num_leaves"": 15, ""reg_lambda"": 0.14842962237807966, ""subsample"": 0.9692598156110677, ""subsample_freq"": 1}"
0,3,178,1,0.761254467218899,0.6951740682002899,0.08303704237224845,"{""colsample_bytree"": 0.6871313827970168, ""learning_rate"": 0.022834065007521512, ""max_depth"": 2, ""min_child_samples"": 22, ""num_leaves"": 15, ""reg_lambda"": 0.14842962237807966, ""subsample"": 0.9692598156110677, ""subsample_freq"": 1}"
0,3,179,0,0.3727604288640953,0.3658701602349267,0.031049885609261113,"{""colsample_bytree"": 0.6871313827970168, ""learning_rate"": 0.022834065007521512, ""max_depth"": 2, ""min_child_samples"": 22, ""num_leaves"": 15, ""reg_lambda"": 0.14842962237807966, ""subsample"": 0.9692598156110677, ""subsample_freq"": 1}"
0,3,184,1,0.25396028152193484,0.322330128342344,0.07313734103999064,"{""colsample_bytree"": 0.6871313827970168, ""learning_rate"": 0.022834065007521512, ""max_depth"": 2, ""min_child_samples"": 22, ""num_leaves"": 15, ""reg_lambda"": 0.14842962237807966, ""subsample"": 0.9692598156110677, ""subsample_freq"": 1}"
0,3,185,0,0.23297907931287762,0.27848691605960607,0.0319127485305741,"{""colsample_bytree"": 0.6871313827970168, ""learning_rate"": 0.022834065007521512, ""max_depth"": 2, ""min_child_samples"": 22, ""num_leaves"": 15, ""reg_lambda"": 0.14842962237807966, ""subsample"": 0.9692598156110677, ""subsample_freq"": 1}"
0,3,192,0,0.06380306867163062,0.09577501334245961,0.05619215147480291,"{""colsample_bytree"": 0.6871313827970168, ""learning_rate"": 0.022834065007521512, ""max_depth"": 2, ""min_child_samples"": 22, ""num_leaves"": 15, ""reg_lambda"": 0.14842962237807966, ""subsample"": 0.9692598156110677, ""subsample_freq"": 1}"
0,3,200,0,0.36861410591509897,0.3783137151609252,0.048831820566377866,"{""colsample_bytree"": 0.6871313827970168, ""learning_rate"": 0.022834065007521512, ""max_depth"": 2, ""min_child_samples"": 22, ""num_leaves"": 15, ""reg_lambda"": 0.14842962237807966, ""subsample"": 0.9692598156110677, ""subsample_freq"": 1}"
0,3,208,0,0.39348914387236933,0.4165303928074131,0.05982064946787465,"{""colsample_bytree"": 0.6871313827970168, ""learning_rate"": 0.022834065007521512, ""max_depth"": 2, ""min_child_samples"": 22, ""num_leaves"": 15, ""reg_lambda"": 0.14842962237807966, ""subsample"": 0.9692598156110677, ""subsample_freq"": 1}"
0,3,209,0,0.7471490280449604,0.6632268292777037,0.1323445350241127,"{""colsample_bytree"": 0.6871313827970168, ""learning_rate"": 0.022834065007521512, ""max_depth"": 2, ""min_child_samples"": 22, ""num_leaves"": 15, ""reg_lambda"": 0.14842962237807966, ""subsample"": 0.9692598156110677, ""subsample_freq"": 1}"
0,3,212,0,0.03760683284527127,0.08530067829464809,0.05162787412770786,"{""colsample_bytree"": 0.6871313827970168, ""learning_rate"": 0.022834065007521512, ""max_depth"": 2, ""min_child_samples"": 22, ""num_leaves"": 15, ""reg_lambda"": 0.14842962237807966, ""subsample"": 0.9692598156110677, ""subsample_freq"": 1}"
0,3,213,0,0.5864801518023356,0.5838853625417928,0.09915148061909011,"{""colsample_bytree"": 0.6871313827970168, ""learning_rate"": 0.022834065007521512, ""max_depth"": 2, ""min_child_samples"": 22, ""num_leaves"": 15, ""reg_lambda"": 0.14842962237807966, ""subsample"": 0.9692598156110677, ""subsample_freq"": 1}"
0,3,217,0,0.16045715600755647,0.18222626922061497,0.05202867260680143,"{""colsample_bytree"": 0.6871313827970168, ""learning_rate"": 0.022834065007521512, ""max_depth"": 2, ""min_child_samples"": 22, ""num_leaves"": 15, ""reg_lambda"": 0.14842962237807966, ""subsample"": 0.9692598156110677, ""subsample_freq"": 1}"
0,3,221,1,0.45966997694023976,0.42352705216850595,0.09232669003378736,"{""colsample_bytree"": 0.6871313827970168, ""learning_rate"": 0.022834065007521512, ""max_depth"": 2, ""min_child_samples"": 22, ""num_leaves"": 15, ""reg_lambda"": 0.14842962237807966, ""subsample"": 0.9692598156110677, ""subsample_freq"": 1}"
0,3,223,1,0.23311361320062307,0.33070273617438634,0.05473009138649028,"{""colsample_bytree"": 0.6871313827970168, ""learning_rate"": 0.022834065007521512, ""max_depth"": 2, ""min_child_samples"": 22, ""num_leaves"": 15, ""reg_lambda"": 0.14842962237807966, ""subsample"": 0.9692598156110677, ""subsample_freq"": 1}"
0,3,232,1,0.3706703940100661,0.34730532113650814,0.047520559868717435,"{""colsample_bytree"": 0.6871313827970168, ""learning_rate"": 0.022834065007521512, ""max_depth"": 2, ""min_child_samples"": 22, ""num_leaves"": 15, ""reg_lambda"": 0.14842962237807966, ""subsample"": 0.9692598156110677, ""subsample_freq"": 1}"
0,3,252,0,0.43778245652840364,0.45531107432549184,0.06346742433912798,"{""colsample_bytree"": 0.6871313827970168, ""learning_rate"": 0.022834065007521512, ""max_depth"": 2, ""min_child_samples"": 22, ""num_leaves"": 15, ""reg_lambda"": 0.14842962237807966, ""subsample"": 0.9692598156110677, ""subsample_freq"": 1}"
0,3,256,0,0.190088322137677,0.1949648436021992,0.0774249543252631,"{""colsample_bytree"": 0.6871313827970168, ""learning_rate"": 0.022834065007521512, ""max_depth"": 2, ""min_child_samples"": 22, ""num_leaves"": 15, ""reg_lambda"": 0.14842962237807966, ""subsample"": 0.9692598156110677, ""subsample_freq"": 1}"
0,3,267,1,0.4878403425491204,0.4880801599252509,0.09089376977990125,"{""colsample_bytree"": 0.6871313827970168, ""learning_rate"": 0.022834065007521512, ""max_depth"": 2, ""min_child_samples"": 22, ""num_leaves"": 15, ""reg_lambda"": 0.14842962237807966, ""subsample"": 0.9692598156110677, ""subsample_freq"": 1}"
0,3,275,0,0.40812693148977625,0.3953815476139574,0.020488698826849477,"{""colsample_bytree"": 0.6871313827970168, ""learning_rate"": 0.022834065007521512, ""max_depth"": 2, ""min_child_samples"": 22, ""num_leaves"": 15, ""reg_lambda"": 0.14842962237807966, ""subsample"": 0.9692598156110677, ""subsample_freq"": 1}"
0,3,284,0,0.6418733101852673,0.5404646494484411,0.09216287532832398,"{""colsample_bytree"": 0.6871313827970168, ""learning_rate"": 0.022834065007521512, ""max_depth"": 2, ""min_child_samples"": 22, ""num_leaves"": 15, ""reg_lambda"": 0.14842962237807966, ""subsample"": 0.9692598156110677, ""subsample_freq"": 1}"
0,3,288,1,0.12976424215299465,0.18605541952728744,0.06546070243781037,"{""colsample_bytree"": 0.6871313827970168, ""learning_rate"": 0.022834065007521512, ""max_depth"": 2, ""min_child_samples"": 22, ""num_leaves"": 15, ""reg_lambda"": 0.14842962237807966, ""subsample"": 0.9692598156110677, ""subsample_freq"": 1}"
0,3,289,0,0.18510932568989638,0.2079396159479212,0.10344561475296875,"{""colsample_bytree"": 0.6871313827970168, ""learning_rate"": 0.022834065007521512, ""max_depth"": 2, ""min_child_samples"": 22, ""num_leaves"": 15, ""reg_lambda"": 0.14842962237807966, ""subsample"": 0.9692598156110677, ""subsample_freq"": 1}"
0,3,292,0,0.3756845732455287,0.41521841506169926,0.12288869967813797,"{""colsample_bytree"": 0.6871313827970168, ""learning_rate"": 0.022834065007521512, ""max_depth"": 2, ""min_child_samples"": 22, ""num_leaves"": 15, ""reg_lambda"": 0.14842962237807966, ""subsample"": 0.9692598156110677, ""subsample_freq"": 1}"
0,4,3,0,0.3558050912467234,0.32759754026426763,0.0517982045674371,"{""colsample_bytree"": 0.6600534358438133, ""learning_rate"": 0.0692462115346519, ""max_depth"": 2, ""min_child_samples"": 8, ""num_leaves"": 8, ""reg_lambda"": 12.265380708322454, ""subsample"": 0.6232205264865011, ""subsample_freq"": 1}"
0,4,6,0,0.19097981234793796,0.267238708114002,0.04440865761272243,"{""colsample_bytree"": 0.6600534358438133, ""learning_rate"": 0.0692462115346519, ""max_depth"": 2, ""min_child_samples"": 8, ""num_leaves"": 8, ""reg_lambda"": 12.265380708322454, ""subsample"": 0.6232205264865011, ""subsample_freq"": 1}"
0,4,15,1,0.6558806901871539,0.5885454465666821,0.10973801011033686,"{""colsample_bytree"": 0.6600534358438133, ""learning_rate"": 0.0692462115346519, ""max_depth"": 2, ""min_child_samples"": 8, ""num_leaves"": 8, ""reg_lambda"": 12.265380708322454, ""subsample"": 0.6232205264865011, ""subsample_freq"": 1}"
0,4,18,0,0.6490829227973917,0.6112067609887613,0.09526024779669438,"{""colsample_bytree"": 0.6600534358438133, ""learning_rate"": 0.0692462115346519, ""max_depth"": 2, ""min_child_samples"": 8, ""num_leaves"": 8, ""reg_lambda"": 12.265380708322454, ""subsample"": 0.6232205264865011, ""subsample_freq"": 1}"
0,4,20,1,0.1554709386107308,0.20980519498488528,0.038648845177949004,"{""colsample_bytree"": 0.6600534358438133, ""learning_rate"": 0.0692462115346519, ""max_depth"": 2, ""min_child_samples"": 8, ""num_leaves"": 8, ""reg_lambda"": 12.265380708322454, ""subsample"": 0.6232205264865011, ""subsample_freq"": 1}"
0,4,24,0,0.40669021554237805,0.4078320986454278,0.0262704826418711,"{""colsample_bytree"": 0.6600534358438133, ""learning_rate"": 0.0692462115346519, ""max_depth"": 2, ""min_child_samples"": 8, ""num_leaves"": 8, ""reg_lambda"": 12.265380708322454, ""subsample"": 0.6232205264865011, ""subsample_freq"": 1}"
0,4,32,1,0.38268072593486485,0.43451083187089257,0.08059838918609538,"{""colsample_bytree"": 0.6600534358438133, ""learning_rate"": 0.0692462115346519, ""max_depth"": 2, ""min_child_samples"": 8, ""num_leaves"": 8, ""reg_lambda"": 12.265380708322454, ""subsample"": 0.6232205264865011, ""subsample_freq"": 1}"
0,4,37,1,0.16864821119890097,0.24400680688347878,0.04828911737746747,"{""colsample_bytree"": 0.6600534358438133, ""learning_rate"": 0.0692462115346519, ""max_depth"": 2, ""min_child_samples"": 8, ""num_leaves"": 8, ""reg_lambda"": 12.265380708322454, ""subsample"": 0.6232205264865011, ""subsample_freq"": 1}"
0,4,38,0,0.44460645849732827,0.4802820808340952,0.05210169937808732,"{""colsample_bytree"": 0.6600534358438133, ""learning_rate"": 0.0692462115346519, ""max_depth"": 2, ""min_child_samples"": 8, ""num_leaves"": 8, ""reg_lambda"": 12.265380708322454, ""subsample"": 0.6232205264865011, ""subsample_freq"": 1}"
0,4,51,1,0.49400886594465054,0.45319734605633855,0.07340028535896093,"{""colsample_bytree"": 0.6600534358438133, ""learning_rate"": 0.0692462115346519, ""max_depth"": 2, ""min_child_samples"": 8, ""num_leaves"": 8, ""reg_lambda"": 12.265380708322454, ""subsample"": 0.6232205264865011, ""subsample_freq"": 1}"
0,4,52,0,0.6601009196149225,0.6350527329449607,0.1564122287840058,"{""colsample_bytree"": 0.6600534358438133, ""learning_rate"": 0.0692462115346519, ""max_depth"": 2, ""min_child_samples"": 8, ""num_leaves"": 8, ""reg_lambda"": 12.265380708322454, ""subsample"": 0.6232205264865011, ""subsample_freq"": 1}"
0,4,67,0,0.3334257320493177,0.2974929963570202,0.06262799241905097,"{""colsample_bytree"": 0.6600534358438133, ""learning_rate"": 0.0692462115346519, ""max_depth"": 2, ""min_child_samples"": 8, ""num_leaves"": 8, ""reg_lambda"": 12.265380708322454, ""subsample"": 0.6232205264865011, ""subsample_freq"": 1}"
0,4,86,1,0.4652653688407759,0.4283143272026081,0.05885386364553586,"{""colsample_bytree"": 0.6600534358438133, ""learning_rate"": 0.0692462115346519, ""max_depth"": 2, ""min_child_samples"": 8, ""num_leaves"": 8, ""reg_lambda"": 12.265380708322454, ""subsample"": 0.6232205264865011, ""subsample_freq"": 1}"
0,4,88,1,0.659819368038464,0.6214332807354725,0.05080332852094176,"{""colsample_bytree"": 0.6600534358438133, ""learning_rate"": 0.0692462115346519, ""max_depth"": 2, ""min_child_samples"": 8, ""num_leaves"": 8, ""reg_lambda"": 12.265380708322454, ""subsample"": 0.6232205264865011, ""subsample_freq"": 1}"
0,4,100,0,0.5452301956823152,0.5533400200031899,0.10436526305332625,"{""colsample_bytree"": 0.6600534358438133, ""learning_rate"": 0.0692462115346519, ""max_depth"": 2, ""min_child_samples"": 8, ""num_leaves"": 8, ""reg_lambda"": 12.265380708322454, ""subsample"": 0.6232205264865011, ""subsample_freq"": 1}"
0,4,108,0,0.23683799370486885,0.3465418850552105,0.040216474473458434,"{""colsample_bytree"": 0.6600534358438133, ""learning_rate"": 0.0692462115346519, ""max_depth"": 2, ""min_child_samples"": 8, ""num_leaves"": 8, ""reg_lambda"": 12.265380708322454, ""subsample"": 0.6232205264865011, ""subsample_freq"": 1}"
0,4,113,0,0.05385372276619598,0.1084143204776236,0.06025406492036032,"{""colsample_bytree"": 0.6600534358438133, ""learning_rate"": 0.0692462115346519, ""max_depth"": 2, ""min_child_samples"": 8, ""num_leaves"": 8, ""reg_lambda"": 12.265380708322454, ""subsample"": 0.6232205264865011, ""subsample_freq"": 1}"
0,4,114,1,0.8144105528988719,0.7274294497175257,0.10831849886269482,"{""colsample_bytree"": 0.6600534358438133, ""learning_rate"": 0.0692462115346519, ""max_depth"": 2, ""min_child_samples"": 8, ""num_leaves"": 8, ""reg_lambda"": 12.265380708322454, ""subsample"": 0.6232205264865011, ""subsample_freq"": 1}"
0,4,118,0,0.30762946300323457,0.37915118983138596,0.104047842195459,"{""colsample_bytree"": 0.6600534358438133, ""learning_rate"": 0.0692462115346519, ""max_depth"": 2, ""min_child_samples"": 8, ""num_leaves"": 8, ""reg_lambda"": 12.265380708322454, ""subsample"": 0.6232205264865011, ""subsample_freq"": 1}"
0,4,120,1,0.5801405655362205,0.5168595103158806,0.06510823741513722,"{""colsample_bytree"": 0.6600534358438133, ""learning_rate"": 0.0692462115346519, ""max_depth"": 2, ""min_child_samples"": 8, ""num_leaves"": 8, ""reg_lambda"": 12.265380708322454, ""subsample"": 0.6232205264865011, ""subsample_freq"": 1}"
0,4,124,0,0.30139292550437147,0.40087643041542,0.06107280418163793,"{""colsample_bytree"": 0.6600534358438133, ""learning_rate"": 0.0692462115346519, ""max_depth"": 2, ""min_child_samples"": 8, ""num_leaves"": 8, ""reg_lambda"": 12.265380708322454, ""subsample"": 0.6232205264865011, ""subsample_freq"": 1}"
0,4,126,0,0.5752856090125164,0.5960427312663202,0.1302891023734976,"{""colsample_bytree"": 0.6600534358438133, ""learning_rate"": 0.0692462115346519, ""max_depth"": 2, ""min_child_samples"": 8, ""num_leaves"": 8, ""reg_lambda"": 12.265380708322454, ""subsample"": 0.6232205264865011, ""subsample_freq"": 1}"
0,4,136,0,0.09706316587830731,0.17642895842257525,0.06591620413557593,"{""colsample_bytree"": 0.6600534358438133, ""learning_rate"": 0.0692462115346519, ""max_depth"": 2, ""min_child_samples"": 8, ""num_leaves"": 8, ""reg_lambda"": 12.265380708322454, ""subsample"": 0.6232205264865011, ""subsample_freq"": 1}"
0,4,148,1,0.3679019699555428,0.4218542642970992,0.02616022943812295,"{""colsample_bytree"": 0.6600534358438133, ""learning_rate"": 0.0692462115346519, ""max_depth"": 2, ""min_child_samples"": 8, ""num_leaves"": 8, ""reg_lambda"": 12.265380708322454, ""subsample"": 0.6232205264865011, ""subsample_freq"": 1}"
0,4,154,0,0.2804522814379796,0.38785769085799643,0.036514095726897046,"{""colsample_bytree"": 0.6600534358438133, ""learning_rate"": 0.0692462115346519, ""max_depth"": 2, ""min_child_samples"": 8, ""num_leaves"": 8, ""reg_lambda"": 12.265380708322454, ""subsample"": 0.6232205264865011, ""subsample_freq"": 1}"
0,4,155,1,0.557264947470617,0.5827273290258143,0.10509537983090804,"{""colsample_bytree"": 0.6600534358438133, ""learning_rate"": 0.0692462115346519, ""max_depth"": 2, ""min_child_samples"": 8, ""num_leaves"": 8, ""reg_lambda"": 12.265380708322454, ""subsample"": 0.6232205264865011, ""subsample_freq"": 1}"
0,4,163,1,0.5883910128565802,0.5773584873031282,0.13104227554329956,"{""colsample_bytree"": 0.6600534358438133, ""learning_rate"": 0.0692462115346519, ""max_depth"": 2, ""min_child_samples"": 8, ""num_leaves"": 8, ""reg_lambda"": 12.265380708322454, ""subsample"": 0.6232205264865011, ""subsample_freq"": 1}"
0,4,167,1,0.3996053815002343,0.3431001358574196,0.04327754593517418,"{""colsample_bytree"": 0.6600534358438133, ""learning_rate"": 0.0692462115346519, ""max_depth"": 2, ""min_child_samples"": 8, ""num_leaves"": 8, ""reg_lambda"": 12.265380708322454, ""subsample"": 0.6232205264865011, ""subsample_freq"": 1}"
0,4,171,0,0.21013893295675956,0.28573924734273304,0.035323560172524054,"{""colsample_bytree"": 0.6600534358438133, ""learning_rate"": 0.0692462115346519, ""max_depth"": 2, ""min_child_samples"": 8, ""num_leaves"": 8, ""reg_lambda"": 12.265380708322454, ""subsample"": 0.6232205264865011, ""subsample_freq"": 1}"
0,4,177,1,0.6617505244083741,0.5931219659079758,0.08432431569910881,"{""colsample_bytree"": 0.6600534358438133, ""learning_rate"": 0.0692462115346519, ""max_depth"": 2, ""min_child_samples"": 8, ""num_leaves"": 8, ""reg_lambda"": 12.265380708322454, ""subsample"": 0.6232205264865011, ""subsample_freq"": 1}"
0,4,189,1,0.49868325860219936,0.4723682085770606,0.028235546178852853,"{""colsample_bytree"": 0.6600534358438133, ""learning_rate"": 0.0692462115346519, ""max_depth"": 2, ""min_child_samples"": 8, ""num_leaves"": 8, ""reg_lambda"": 12.265380708322454, ""subsample"": 0.6232205264865011, ""subsample_freq"": 1}"
0,4,195,0,0.4079202536043389,0.47605679241998927,0.056613891829525295,"{""colsample_bytree"": 0.6600534358438133, ""learning_rate"": 0.0692462115346519, ""max_depth"": 2, ""min_child_samples"": 8, ""num_leaves"": 8, ""reg_lambda"": 12.265380708322454, ""subsample"": 0.6232205264865011, ""subsample_freq"": 1}"
0,4,196,0,0.22238227348921843,0.23743698067491517,0.04382645146608674,"{""colsample_bytree"": 0.6600534358438133, ""learning_rate"": 0.0692462115346519, ""max_depth"": 2, ""min_child_samples"": 8, ""num_leaves"": 8, ""reg_lambda"": 12.265380708322454, ""subsample"": 0.6232205264865011, ""subsample_freq"": 1}"
0,4,197,1,0.5465008446937217,0.5131013635584798,0.0544502322345446,"{""colsample_bytree"": 0.6600534358438133, ""learning_rate"": 0.0692462115346519, ""max_depth"": 2, ""min_child_samples"": 8, ""num_leaves"": 8, ""reg_lambda"": 12.265380708322454, ""subsample"": 0.6232205264865011, ""subsample_freq"": 1}"
0,4,201,0,0.17059731588871982,0.22589414329061022,0.0721877736422873,"{""colsample_bytree"": 0.6600534358438133, ""learning_rate"": 0.0692462115346519, ""max_depth"": 2, ""min_child_samples"": 8, ""num_leaves"": 8, ""reg_lambda"": 12.265380708322454, ""subsample"": 0.6232205264865011, ""subsample_freq"": 1}"
0,4,206,1,0.48946430203747976,0.44979951106356647,0.06211274110410407,"{""colsample_bytree"": 0.6600534358438133, ""learning_rate"": 0.0692462115346519, ""max_depth"": 2, ""min_child_samples"": 8, ""num_leaves"": 8, ""reg_lambda"": 12.265380708322454, ""subsample"": 0.6232205264865011, ""subsample_freq"": 1}"
0,4,211,0,0.36444828826107545,0.45569340390380847,0.10095418907871402,"{""colsample_bytree"": 0.6600534358438133, ""learning_rate"": 0.0692462115346519, ""max_depth"": 2, ""min_child_samples"": 8, ""num_leaves"": 8, ""reg_lambda"": 12.265380708322454, ""subsample"": 0.6232205264865011, ""subsample_freq"": 1}"
0,4,218,0,0.16488604183404823,0.24751796178153257,0.06599251038741366,"{""colsample_bytree"": 0.6600534358438133, ""learning_rate"": 0.0692462115346519, ""max_depth"": 2, ""min_child_samples"": 8, ""num_leaves"": 8, ""reg_lambda"": 12.265380708322454, ""subsample"": 0.6232205264865011, ""subsample_freq"": 1}"
0,4,225,0,0.3441505750804987,0.34610798514713226,0.061846761414570545,"{""colsample_bytree"": 0.6600534358438133, ""learning_rate"": 0.0692462115346519, ""max_depth"": 2, ""min_child_samples"": 8, ""num_leaves"": 8, ""reg_lambda"": 12.265380708322454, ""subsample"": 0.6232205264865011, ""subsample_freq"": 1}"
0,4,226,1,0.3400133774956469,0.42510824168974637,0.03715215842108423,"{""colsample_bytree"": 0.6600534358438133, ""learning_rate"": 0.0692462115346519, ""max_depth"": 2, ""min_child_samples"": 8, ""num_leaves"": 8, ""reg_lambda"": 12.265380708322454, ""subsample"": 0.6232205264865011, ""subsample_freq"": 1}"
0,4,227,1,0.16388544037981,0.21898006498458233,0.04996657978855421,"{""colsample_bytree"": 0.6600534358438133, ""learning_rate"": 0.0692462115346519, ""max_depth"": 2, ""min_child_samples"": 8, ""num_leaves"": 8, ""reg_lambda"": 12.265380708322454, ""subsample"": 0.6232205264865011, ""subsample_freq"": 1}"
0,4,229,1,0.3278043572494389,0.30402084194475687,0.031016765598870143,"{""colsample_bytree"": 0.6600534358438133, ""learning_rate"": 0.0692462115346519, ""max_depth"": 2, ""min_child_samples"": 8, ""num_leaves"": 8, ""reg_lambda"": 12.265380708322454, ""subsample"": 0.6232205264865011, ""subsample_freq"": 1}"
0,4,236,1,0.08165553948273249,0.21146602505185993,0.04636845518148684,"{""colsample_bytree"": 0.6600534358438133, ""learning_rate"": 0.0692462115346519, ""max_depth"": 2, ""min_child_samples"": 8, ""num_leaves"": 8, ""reg_lambda"": 12.265380708322454, ""subsample"": 0.6232205264865011, ""subsample_freq"": 1}"
0,4,239,0,0.43153478547040314,0.46445990830388506,0.09393849848827472,"{""colsample_bytree"": 0.6600534358438133, ""learning_rate"": 0.0692462115346519, ""max_depth"": 2, ""min_child_samples"": 8, ""num_leaves"": 8, ""reg_lambda"": 12.265380708322454, ""subsample"": 0.6232205264865011, ""subsample_freq"": 1}"
0,4,240,0,0.817558268131264,0.699146169835903,0.10129373531536362,"{""colsample_bytree"": 0.6600534358438133, ""learning_rate"": 0.0692462115346519, ""max_depth"": 2, ""min_child_samples"": 8, ""num_leaves"": 8, ""reg_lambda"": 12.265380708322454, ""subsample"": 0.6232205264865011, ""subsample_freq"": 1}"
0,4,248,1,0.8507716746491897,0.6883224291593291,0.1268187026910133,"{""colsample_bytree"": 0.6600534358438133, ""learning_rate"": 0.0692462115346519, ""max_depth"": 2, ""min_child_samples"": 8, ""num_leaves"": 8, ""reg_lambda"": 12.265380708322454, ""subsample"": 0.6232205264865011, ""subsample_freq"": 1}"
0,4,251,0,0.13679408897486706,0.23863165601032682,0.06099943044833339,"{""colsample_bytree"": 0.6600534358438133, ""learning_rate"": 0.0692462115346519, ""max_depth"": 2, ""min_child_samples"": 8, ""num_leaves"": 8, ""reg_lambda"": 12.265380708322454, ""subsample"": 0.6232205264865011, ""subsample_freq"": 1}"
0,4,255,0,0.13557578126933925,0.217269587028951,0.04763505394014508,"{""colsample_bytree"": 0.6600534358438133, ""learning_rate"": 0.0692462115346519, ""max_depth"": 2, ""min_child_samples"": 8, ""num_leaves"": 8, ""reg_lambda"": 12.265380708322454, ""subsample"": 0.6232205264865011, ""subsample_freq"": 1}"
0,4,257,0,0.11560891337843583,0.18488003514764845,0.048095721577418364,"{""colsample_bytree"": 0.6600534358438133, ""learning_rate"": 0.0692462115346519, ""max_depth"": 2, ""min_child_samples"": 8, ""num_leaves"": 8, ""reg_lambda"": 12.265380708322454, ""subsample"": 0.6232205264865011, ""subsample_freq"": 1}"
0,4,258,0,0.2722977631903611,0.33994519991022415,0.05314915277378697,"{""colsample_bytree"": 0.6600534358438133, ""learning_rate"": 0.0692462115346519, ""max_depth"": 2, ""min_child_samples"": 8, ""num_leaves"": 8, ""reg_lambda"": 12.265380708322454, ""subsample"": 0.6232205264865011, ""subsample_freq"": 1}"
0,4,264,0,0.08465108837975752,0.14214055721719793,0.0707499329518691,"{""colsample_bytree"": 0.6600534358438133, ""learning_rate"": 0.0692462115346519, ""max_depth"": 2, ""min_child_samples"": 8, ""num_leaves"": 8, ""reg_lambda"": 12.265380708322454, ""subsample"": 0.6232205264865011, ""subsample_freq"": 1}"
0,4,266,1,0.40901687169506207,0.4393878537422169,0.07707611990078796,"{""colsample_bytree"": 0.6600534358438133, ""learning_rate"": 0.0692462115346519, ""max_depth"": 2, ""min_child_samples"": 8, ""num_leaves"": 8, ""reg_lambda"": 12.265380708322454, ""subsample"": 0.6232205264865011, ""subsample_freq"": 1}"
0,4,273,1,0.7731044990156786,0.6706106643885705,0.1262111352550874,"{""colsample_bytree"": 0.6600534358438133, ""learning_rate"": 0.0692462115346519, ""max_depth"": 2, ""min_child_samples"": 8, ""num_leaves"": 8, ""reg_lambda"": 12.265380708322454, ""subsample"": 0.6232205264865011, ""subsample_freq"": 1}"
0,4,274,0,0.4735053830628631,0.4814913219962687,0.1116896818686075,"{""colsample_bytree"": 0.6600534358438133, ""learning_rate"": 0.0692462115346519, ""max_depth"": 2, ""min_child_samples"": 8, ""num_leaves"": 8, ""reg_lambda"": 12.265380708322454, ""subsample"": 0.6232205264865011, ""subsample_freq"": 1}"
0,4,277,0,0.4693108933744255,0.48462113219822667,0.09900282640390257,"{""colsample_bytree"": 0.6600534358438133, ""learning_rate"": 0.0692462115346519, ""max_depth"": 2, ""min_child_samples"": 8, ""num_leaves"": 8, ""reg_lambda"": 12.265380708322454, ""subsample"": 0.6232205264865011, ""subsample_freq"": 1}"
0,4,278,0,0.4429222708027162,0.452720187418209,0.07454999858283974,"{""colsample_bytree"": 0.6600534358438133, ""learning_rate"": 0.0692462115346519, ""max_depth"": 2, ""min_child_samples"": 8, ""num_leaves"": 8, ""reg_lambda"": 12.265380708322454, ""subsample"": 0.6232205264865011, ""subsample_freq"": 1}"
0,4,283,0,0.1739898216486482,0.2223502750897075,0.05501294255251905,"{""colsample_bytree"": 0.6600534358438133, ""learning_rate"": 0.0692462115346519, ""max_depth"": 2, ""min_child_samples"": 8, ""num_leaves"": 8, ""reg_lambda"": 12.265380708322454, ""subsample"": 0.6232205264865011, ""subsample_freq"": 1}"
0,4,285,0,0.14841131762991813,0.26575343738407625,0.03210929895403207,"{""colsample_bytree"": 0.6600534358438133, ""learning_rate"": 0.0692462115346519, ""max_depth"": 2, ""min_child_samples"": 8, ""num_leaves"": 8, ""reg_lambda"": 12.265380708322454, ""subsample"": 0.6232205264865011, ""subsample_freq"": 1}"
0,4,293,0,0.181018492508291,0.22565805797574576,0.03369690520935616,"{""colsample_bytree"": 0.6600534358438133, ""learning_rate"": 0.0692462115346519, ""max_depth"": 2, ""min_child_samples"": 8, ""num_leaves"": 8, ""reg_lambda"": 12.265380708322454, ""subsample"": 0.6232205264865011, ""subsample_freq"": 1}"
0,4,301,0,0.15870735634823152,0.2069246562998402,0.03674891773311075,"{""colsample_bytree"": 0.6600534358438133, ""learning_rate"": 0.0692462115346519, ""max_depth"": 2, ""min_child_samples"": 8, ""num_leaves"": 8, ""reg_lambda"": 12.265380708322454, ""subsample"": 0.6232205264865011, ""subsample_freq"": 1}"
1,0,5,1,0.3558076800169265,0.35253703297925176,0.05379481088778085,"{""colsample_bytree"": 0.7513529052350696, ""learning_rate"": 0.012391270874947418, ""max_depth"": 2, ""min_child_samples"": 19, ""num_leaves"": 5, ""reg_lambda"": 5.433761501561138, ""subsample"": 0.9097832064954516, ""subsample_freq"": 1}"
1,0,7,1,0.4773250264860551,0.4864799482750518,0.0702484804773655,"{""colsample_bytree"": 0.7513529052350696, ""learning_rate"": 0.012391270874947418, ""max_depth"": 2, ""min_child_samples"": 19, ""num_leaves"": 5, ""reg_lambda"": 5.433761501561138, ""subsample"": 0.9097832064954516, ""subsample_freq"": 1}"
1,0,16,0,0.19168124180657922,0.13954412447104753,0.03482963899652051,"{""colsample_bytree"": 0.7513529052350696, ""learning_rate"": 0.012391270874947418, ""max_depth"": 2, ""min_child_samples"": 19, ""num_leaves"": 5, ""reg_lambda"": 5.433761501561138, ""subsample"": 0.9097832064954516, ""subsample_freq"": 1}"
1,0,17,0,0.3372031172079206,0.30944063705697555,0.037764118751491445,"{""colsample_bytree"": 0.7513529052350696, ""learning_rate"": 0.012391270874947418, ""max_depth"": 2, ""min_child_samples"": 19, ""num_leaves"": 5, ""reg_lambda"": 5.433761501561138, ""subsample"": 0.9097832064954516, ""subsample_freq"": 1}"
1,0,30,0,0.5979918531964957,0.6064584436475509,0.07751454633446876,"{""colsample_bytree"": 0.7513529052350696, ""learning_rate"": 0.012391270874947418, ""max_depth"": 2, ""min_child_samples"": 19, ""num_leaves"": 5, ""reg_lambda"": 5.433761501561138, ""subsample"": 0.9097832064954516, ""subsample_freq"": 1}"
1,0,57,1,0.624036388147268,0.6735774304001418,0.07628391172863716,"{""colsample_bytree"": 0.7513529052350696, ""learning_rate"": 0.012391270874947418, ""max_depth"": 2, ""min_child_samples"": 19, ""num_leaves"": 5, ""reg_lambda"": 5.433761501561138, ""subsample"": 0.9097832064954516, ""subsample_freq"": 1}"
1,0,58,1,0.32026019193552047,0.32982700093991485,0.07214290796575612,"{""colsample_bytree"": 0.7513529052350696, ""learning_rate"": 0.012391270874947418, ""max_depth"": 2, ""min_child_samples"": 19, ""num_leaves"": 5, ""reg_lambda"": 5.433761501561138, ""subsample"": 0.9097832064954516, ""subsample_freq"": 1}"
1,0,64,0,0.20076876188603673,0.16073595687596695,0.02419356049776291,"{""colsample_bytree"": 0.7513529052350696, ""learning_rate"": 0.012391270874947418, ""max_depth"": 2, ""min_child_samples"": 19, ""num_leaves"": 5, ""reg_lambda"": 5.433761501561138, ""subsample"": 0.9097832064954516, ""subsample_freq"": 1}"
1,0,65,1,0.44628483915395917,0.4422013657285045,0.06070304711069456,"{""colsample_bytree"": 0.7513529052350696, ""learning_rate"": 0.012391270874947418, ""max_depth"": 2, ""min_child_samples"": 19, ""num_leaves"": 5, ""reg_lambda"": 5.433761501561138, ""subsample"": 0.9097832064954516, ""subsample_freq"": 1}"
1,0,66,0,0.46824794876154185,0.47798103908840944,0.06064966675257967,"{""colsample_bytree"": 0.7513529052350696, ""learning_rate"": 0.012391270874947418, ""max_depth"": 2, ""min_child_samples"": 19, ""num_leaves"": 5, ""reg_lambda"": 5.433761501561138, ""subsample"": 0.9097832064954516, ""subsample_freq"": 1}"
1,0,77,1,0.4130614118563829,0.44382670066730145,0.04418371546547016,"{""colsample_bytree"": 0.7513529052350696, ""learning_rate"": 0.012391270874947418, ""max_depth"": 2, ""min_child_samples"": 19, ""num_leaves"": 5, ""reg_lambda"": 5.433761501561138, ""subsample"": 0.9097832064954516, ""subsample_freq"": 1}"
1,0,81,0,0.3952433647808066,0.4254997536131266,0.02715378327704104,"{""colsample_bytree"": 0.7513529052350696, ""learning_rate"": 0.012391270874947418, ""max_depth"": 2, ""min_child_samples"": 19, ""num_leaves"": 5, ""reg_lambda"": 5.433761501561138, ""subsample"": 0.9097832064954516, ""subsample_freq"": 1}"
1,0,82,1,0.5087262762191095,0.5113783166072078,0.09263860087337447,"{""colsample_bytree"": 0.7513529052350696, ""learning_rate"": 0.012391270874947418, ""max_depth"": 2, ""min_child_samples"": 19, ""num_leaves"": 5, ""reg_lambda"": 5.433761501561138, ""subsample"": 0.9097832064954516, ""subsample_freq"": 1}"
1,0,84,0,0.37715478529527335,0.44406519945037337,0.07768573295216977,"{""colsample_bytree"": 0.7513529052350696, ""learning_rate"": 0.012391270874947418, ""max_depth"": 2, ""min_child_samples"": 19, ""num_leaves"": 5, ""reg_lambda"": 5.433761501561138, ""subsample"": 0.9097832064954516, ""subsample_freq"": 1}"
1,0,91,0,0.36472856918555707,0.3959662399233453,0.06294293918426899,"{""colsample_bytree"": 0.7513529052350696, ""learning_rate"": 0.012391270874947418, ""max_depth"": 2, ""min_child_samples"": 19, ""num_leaves"": 5, ""reg_lambda"": 5.433761501561138, ""subsample"": 0.9097832064954516, ""subsample_freq"": 1}"
1,0,92,1,0.6216016848879535,0.6792024581021121,0.05946045834604672,"{""colsample_bytree"": 0.7513529052350696, ""learning_rate"": 0.012391270874947418, ""max_depth"": 2, ""min_child_samples"": 19, ""num_leaves"": 5, ""reg_lambda"": 5.433761501561138, ""subsample"": 0.9097832064954516, ""subsample_freq"": 1}"
1,0,94,0,0.3070244671895126,0.3028772310164954,0.029157245477082195,"{""colsample_bytree"": 0.7513529052350696, ""learning_rate"": 0.012391270874947418, ""max_depth"": 2, ""min_child_samples"": 19, ""num_leaves"": 5, ""reg_lambda"": 5.433761501561138, ""subsample"": 0.9097832064954516, ""subsample_freq"": 1}"
1,0,96,1,0.5594228809533105,0.6068875756187166,0.0543156915035537,"{""colsample_bytree"": 0.7513529052350696, ""learning_rate"": 0.012391270874947418, ""max_depth"": 2, ""min_child_samples"": 19, ""num_leaves"": 5, ""reg_lambda"": 5.433761501561138, ""subsample"": 0.9097832064954516, ""subsample_freq"": 1}"
1,0,97,1,0.36849371013853754,0.36115979117029495,0.033750251032809694,"{""colsample_bytree"": 0.7513529052350696, ""learning_rate"": 0.012391270874947418, ""max_depth"": 2, ""min_child_samples"": 19, ""num_leaves"": 5, ""reg_lambda"": 5.433761501561138, ""subsample"": 0.9097832064954516, ""subsample_freq"": 1}"
1,0,115,1,0.5464714096129631,0.6065610128657425,0.07054782323339008,"{""colsample_bytree"": 0.7513529052350696, ""learning_rate"": 0.012391270874947418, ""max_depth"": 2, ""min_child_samples"": 19, ""num_leaves"": 5, ""reg_lambda"": 5.433761501561138, ""subsample"": 0.9097832064954516, ""subsample_freq"": 1}"
1,0,116,0,0.45582413303076896,0.4841457533525662,0.05392835380424439,"{""colsample_bytree"": 0.7513529052350696, ""learning_rate"": 0.012391270874947418, ""max_depth"": 2, ""min_child_samples"": 19, ""num_leaves"": 5, ""reg_lambda"": 5.433761501561138, ""subsample"": 0.9097832064954516, ""subsample_freq"": 1}"
1,0,123,1,0.4726362416539886,0.49358859588869,0.08688384051161009,"{""colsample_bytree"": 0.7513529052350696, ""learning_rate"": 0.012391270874947418, ""max_depth"": 2, ""min_child_samples"": 19, ""num_leaves"": 5, ""reg_lambda"": 5.433761501561138, ""subsample"": 0.9097832064954516, ""subsample_freq"": 1}"
1,0,135,0,0.4203460086986489,0.4226198487805732,0.04538022793537794,"{""colsample_bytree"": 0.7513529052350696, ""learning_rate"": 0.012391270874947418, ""max_depth"": 2, ""min_child_samples"": 19, ""num_leaves"": 5, ""reg_lambda"": 5.433761501561138, ""subsample"": 0.9097832064954516, ""subsample_freq"": 1}"
1,0,144,1,0.2700999479391913,0.2685273434224361,0.046051532640524855,"{""colsample_bytree"": 0.7513529052350696, ""learning_rate"": 0.012391270874947418, ""max_depth"": 2, ""min_child_samples"": 19, ""num_leaves"": 5, ""reg_lambda"": 5.433761501561138, ""subsample"": 0.9097832064954516, ""subsample_freq"": 1}"
1,0,147,1,0.2534740016065347,0.27665725256327584,0.048886699647843694,"{""colsample_bytree"": 0.7513529052350696, ""learning_rate"": 0.012391270874947418, ""max_depth"": 2, ""min_child_samples"": 19, ""num_leaves"": 5, ""reg_lambda"": 5.433761501561138, ""subsample"": 0.9097832064954516, ""subsample_freq"": 1}"
1,0,157,1,0.27821091347944504,0.22053016495061145,0.030095518170423278,"{""colsample_bytree"": 0.7513529052350696, ""learning_rate"": 0.012391270874947418, ""max_depth"": 2, ""min_child_samples"": 19, ""num_leaves"": 5, ""reg_lambda"": 5.433761501561138, ""subsample"": 0.9097832064954516, ""subsample_freq"": 1}"
1,0,167,1,0.4107675672765753,0.4052369942297819,0.05347856060844797,"{""colsample_bytree"": 0.7513529052350696, ""learning_rate"": 0.012391270874947418, ""max_depth"": 2, ""min_child_samples"": 19, ""num_leaves"": 5, ""reg_lambda"": 5.433761501561138, ""subsample"": 0.9097832064954516, ""subsample_freq"": 1}"
1,0,179,0,0.26654392073638544,0.2617958225450397,0.06731852610913112,"{""colsample_bytree"": 0.7513529052350696, ""learning_rate"": 0.012391270874947418, ""max_depth"": 2, ""min_child_samples"": 19, ""num_leaves"": 5, ""reg_lambda"": 5.433761501561138, ""subsample"": 0.9097832064954516, ""subsample_freq"": 1}"
1,0,182,1,0.34197873026376124,0.3595094575614529,0.04979438568880407,"{""colsample_bytree"": 0.7513529052350696, ""learning_rate"": 0.012391270874947418, ""max_depth"": 2, ""min_child_samples"": 19, ""num_leaves"": 5, ""reg_lambda"": 5.433761501561138, ""subsample"": 0.9097832064954516, ""subsample_freq"": 1}"
1,0,185,0,0.2264767519722268,0.20566667694613483,0.05191036773156624,"{""colsample_bytree"": 0.7513529052350696, ""learning_rate"": 0.012391270874947418, ""max_depth"": 2, ""min_child_samples"": 19, ""num_leaves"": 5, ""reg_lambda"": 5.433761501561138, ""subsample"": 0.9097832064954516, ""subsample_freq"": 1}"
1,0,186,0,0.4766065167030133,0.46894473620635824,0.0633025873349143,"{""colsample_bytree"": 0.7513529052350696, ""learning_rate"": 0.012391270874947418, ""max_depth"": 2, ""min_child_samples"": 19, ""num_leaves"": 5, ""reg_lambda"": 5.433761501561138, ""subsample"": 0.9097832064954516, ""subsample_freq"": 1}"
1,0,191,0,0.35788986246215443,0.3264321560758764,0.035794265672424296,"{""colsample_bytree"": 0.7513529052350696, ""learning_rate"": 0.012391270874947418, ""max_depth"": 2, ""min_child_samples"": 19, ""num_leaves"": 5, ""reg_lambda"": 5.433761501561138, ""subsample"": 0.9097832064954516, ""subsample_freq"": 1}"
1,0,193,0,0.2938692284828085,0.3038632380933389,0.09446894893699706,"{""colsample_bytree"": 0.7513529052350696, ""learning_rate"": 0.012391270874947418, ""max_depth"": 2, ""min_child_samples"": 19, ""num_leaves"": 5, ""reg_lambda"": 5.433761501561138, ""subsample"": 0.9097832064954516, ""subsample_freq"": 1}"
1,0,195,0,0.49549996133032986,0.5387241437116279,0.07194163607529362,"{""colsample_bytree"": 0.7513529052350696, ""learning_rate"": 0.012391270874947418, ""max_depth"": 2, ""min_child_samples"": 19, ""num_leaves"": 5, ""reg_lambda"": 5.433761501561138, ""subsample"": 0.9097832064954516, ""subsample_freq"": 1}"
1,0,198,0,0.552708712148597,0.6174352688803765,0.06591382511538761,"{""colsample_bytree"": 0.7513529052350696, ""learning_rate"": 0.012391270874947418, ""max_depth"": 2, ""min_child_samples"": 19, ""num_leaves"": 5, ""reg_lambda"": 5.433761501561138, ""subsample"": 0.9097832064954516, ""subsample_freq"": 1}"
1,0,204,0,0.3099784583012426,0.3007793529334739,0.053365240220137986,"{""colsample_bytree"": 0.7513529052350696, ""learning_rate"": 0.012391270874947418, ""max_depth"": 2, ""min_child_samples"": 19, ""num_leaves"": 5, ""reg_lambda"": 5.433761501561138, ""subsample"": 0.9097832064954516, ""subsample_freq"": 1}"
1,0,212,0,0.15743141895375168,0.11519083108465629,0.016970843023447854,"{""colsample_bytree"": 0.7513529052350696, ""learning_rate"": 0.012391270874947418, ""max_depth"": 2, ""min_child_samples"": 19, ""num_leaves"": 5, ""reg_lambda"": 5.433761501561138, ""subsample"": 0.9097832064954516, ""subsample_freq"": 1}"
1,0,217,0,0.23917489065330436,0.18708776167611701,0.04360045564077934,"{""colsample_bytree"": 0.7513529052350696, ""learning_rate"": 0.012391270874947418, ""max_depth"": 2, ""min_child_samples"": 19, ""num_leaves"": 5, ""reg_lambda"": 5.433761501561138, ""subsample"": 0.9097832064954516, ""subsample_freq"": 1}"
1,0,230,0,0.6262895298670559,0.6734284657826181,0.045546899061549954,"{""colsample_bytree"": 0.7513529052350696, ""learning_rate"": 0.012391270874947418, ""max_depth"": 2, ""min_child_samples"": 19, ""num_leaves"": 5, ""reg_lambda"": 5.433761501561138, ""subsample"": 0.9097832064954516, ""subsample_freq"": 1}"
1,0,236,1,0.27842018045352745,0.2463659881516107,0.05988289663902273,"{""colsample_bytree"": 0.7513529052350696, ""learning_rate"": 0.012391270874947418, ""max_depth"": 2, ""min_child_samples"": 19, ""num_leaves"": 5, ""reg_lambda"": 5.433761501561138, ""subsample"": 0.9097832064954516, ""subsample_freq"": 1}"
1,0,240,0,0.6484401272274849,0.7105585715436067,0.03966301982048683,"{""colsample_bytree"": 0.7513529052350696, ""learning_rate"": 0.012391270874947418, ""max_depth"": 2, ""min_child_samples"": 19, ""num_leaves"": 5, ""reg_lambda"": 5.433761501561138, ""subsample"": 0.9097832064954516, ""subsample_freq"": 1}"
1,0,242,0,0.42909708767013255,0.4454632966255536,0.05287727495993799,"{""colsample_bytree"": 0.7513529052350696, ""learning_rate"": 0.012391270874947418, ""max_depth"": 2, ""min_child_samples"": 19, ""num_leaves"": 5, ""reg_lambda"": 5.433761501561138, ""subsample"": 0.9097832064954516, ""subsample_freq"": 1}"
1,0,249,1,0.4656735389848445,0.49813052276207503,0.0986845120562368,"{""colsample_bytree"": 0.7513529052350696, ""learning_rate"": 0.012391270874947418, ""max_depth"": 2, ""min_child_samples"": 19, ""num_leaves"": 5, ""reg_lambda"": 5.433761501561138, ""subsample"": 0.9097832064954516, ""subsample_freq"": 1}"
1,0,255,0,0.1632680635181745,0.12109406668421482,0.018387607866284402,"{""colsample_bytree"": 0.7513529052350696, ""learning_rate"": 0.012391270874947418, ""max_depth"": 2, ""min_child_samples"": 19, ""num_leaves"": 5, ""reg_lambda"": 5.433761501561138, ""subsample"": 0.9097832064954516, ""subsample_freq"": 1}"
1,0,256,0,0.22053260938348876,0.17993231473585342,0.012479983949595874,"{""colsample_bytree"": 0.7513529052350696, ""learning_rate"": 0.012391270874947418, ""max_depth"": 2, ""min_child_samples"": 19, ""num_leaves"": 5, ""reg_lambda"": 5.433761501561138, ""subsample"": 0.9097832064954516, ""subsample_freq"": 1}"
1,0,259,0,0.40411091248954434,0.4596589048201533,0.08593357445628877,"{""colsample_bytree"": 0.7513529052350696, ""learning_rate"": 0.012391270874947418, ""max_depth"": 2, ""min_child_samples"": 19, ""num_leaves"": 5, ""reg_lambda"": 5.433761501561138, ""subsample"": 0.9097832064954516, ""subsample_freq"": 1}"
1,0,263,0,0.13477362539177606,0.10629668461540695,0.030720408068870945,"{""colsample_bytree"": 0.7513529052350696, ""learning_rate"": 0.012391270874947418, ""max_depth"": 2, ""min_child_samples"": 19, ""num_leaves"": 5, ""reg_lambda"": 5.433761501561138, ""subsample"": 0.9097832064954516, ""subsample_freq"": 1}"
1,0,265,1,0.38273091820728916,0.38011494177838834,0.04763419391812861,"{""colsample_bytree"": 0.7513529052350696, ""learning_rate"": 0.012391270874947418, ""max_depth"": 2, ""min_child_samples"": 19, ""num_leaves"": 5, ""reg_lambda"": 5.433761501561138, ""subsample"": 0.9097832064954516, ""subsample_freq"": 1}"
1,0,266,1,0.4006931552929206,0.41247718259181215,0.05798797750923194,"{""colsample_bytree"": 0.7513529052350696, ""learning_rate"": 0.012391270874947418, ""max_depth"": 2, ""min_child_samples"": 19, ""num_leaves"": 5, ""reg_lambda"": 5.433761501561138, ""subsample"": 0.9097832064954516, ""subsample_freq"": 1}"
1,0,267,1,0.4405215252007372,0.4867031018033538,0.024050234576628367,"{""colsample_bytree"": 0.7513529052350696, ""learning_rate"": 0.012391270874947418, ""max_depth"": 2, ""min_child_samples"": 19, ""num_leaves"": 5, ""reg_lambda"": 5.433761501561138, ""subsample"": 0.9097832064954516, ""subsample_freq"": 1}"
1,0,268,0,0.17133229314606782,0.13499934645821673,0.024256098045212764,"{""colsample_bytree"": 0.7513529052350696, ""learning_rate"": 0.012391270874947418, ""max_depth"": 2, ""min_child_samples"": 19, ""num_leaves"": 5, ""reg_lambda"": 5.433761501561138, ""subsample"": 0.9097832064954516, ""subsample_freq"": 1}"
1,0,269,0,0.5216607743181729,0.574966995776009,0.06114008260208691,"{""colsample_bytree"": 0.7513529052350696, ""learning_rate"": 0.012391270874947418, ""max_depth"": 2, ""min_child_samples"": 19, ""num_leaves"": 5, ""reg_lambda"": 5.433761501561138, ""subsample"": 0.9097832064954516, ""subsample_freq"": 1}"
1,0,275,0,0.4342973520993857,0.44899889331315135,0.04629990784479847,"{""colsample_bytree"": 0.7513529052350696, ""learning_rate"": 0.012391270874947418, ""max_depth"": 2, ""min_child_samples"": 19, ""num_leaves"": 5, ""reg_lambda"": 5.433761501561138, ""subsample"": 0.9097832064954516, ""subsample_freq"": 1}"
1,0,277,0,0.5472603421665837,0.5511412486006081,0.08018923157614855,"{""colsample_bytree"": 0.7513529052350696, ""learning_rate"": 0.012391270874947418, ""max_depth"": 2, ""min_child_samples"": 19, ""num_leaves"": 5, ""reg_lambda"": 5.433761501561138, ""subsample"": 0.9097832064954516, ""subsample_freq"": 1}"
1,0,281,1,0.3151286700022214,0.328695246921483,0.04185527465557194,"{""colsample_bytree"": 0.7513529052350696, ""learning_rate"": 0.012391270874947418, ""max_depth"": 2, ""min_child_samples"": 19, ""num_leaves"": 5, ""reg_lambda"": 5.433761501561138, ""subsample"": 0.9097832064954516, ""subsample_freq"": 1}"
1,0,282,0,0.38959596344294334,0.4394788274562177,0.05600746409880973,"{""colsample_bytree"": 0.7513529052350696, ""learning_rate"": 0.012391270874947418, ""max_depth"": 2, ""min_child_samples"": 19, ""num_leaves"": 5, ""reg_lambda"": 5.433761501561138, ""subsample"": 0.9097832064954516, ""subsample_freq"": 1}"
1,0,283,0,0.1568432350742247,0.1341631129822158,0.02510800423752141,"{""colsample_bytree"": 0.7513529052350696, ""learning_rate"": 0.012391270874947418, ""max_depth"": 2, ""min_child_samples"": 19, ""num_leaves"": 5, ""reg_lambda"": 5.433761501561138, ""subsample"": 0.9097832064954516, ""subsample_freq"": 1}"
1,0,289,0,0.3021485450264356,0.2622905392185787,0.04315631392621454,"{""colsample_bytree"": 0.7513529052350696, ""learning_rate"": 0.012391270874947418, ""max_depth"": 2, ""min_child_samples"": 19, ""num_leaves"": 5, ""reg_lambda"": 5.433761501561138, ""subsample"": 0.9097832064954516, ""subsample_freq"": 1}"
1,0,292,0,0.27060826532209553,0.22895251706912031,0.055477924576774994,"{""colsample_bytree"": 0.7513529052350696, ""learning_rate"": 0.012391270874947418, ""max_depth"": 2, ""min_child_samples"": 19, ""num_leaves"": 5, ""reg_lambda"": 5.433761501561138, ""subsample"": 0.9097832064954516, ""subsample_freq"": 1}"
1,0,298,1,0.47621139290009984,0.5130563671676492,0.04750296198044425,"{""colsample_bytree"": 0.7513529052350696, ""learning_rate"": 0.012391270874947418, ""max_depth"": 2, ""min_child_samples"": 19, ""num_leaves"": 5, ""reg_lambda"": 5.433761501561138, ""subsample"": 0.9097832064954516, ""subsample_freq"": 1}"
1,0,302,0,0.425391518350675,0.4352411136481977,0.0897162261196611,"{""colsample_bytree"": 0.7513529052350696, ""learning_rate"": 0.012391270874947418, ""max_depth"": 2, ""min_child_samples"": 19, ""num_leaves"": 5, ""reg_lambda"": 5.433761501561138, ""subsample"": 0.9097832064954516, ""subsample_freq"": 1}"
1,1,2,0,0.12524349065898122,0.2152731754617621,0.05893018329167213,"{""colsample_bytree"": 0.48569686269458306, ""learning_rate"": 0.06353995786954578, ""max_depth"": 4, ""min_child_samples"": 5, ""num_leaves"": 7, ""reg_lambda"": 2.582152738189277, ""subsample"": 0.6608271301760947, ""subsample_freq"": 1}"
1,1,10,1,0.6781724615923216,0.5031216017602304,0.09675081144704771,"{""colsample_bytree"": 0.48569686269458306, ""learning_rate"": 0.06353995786954578, ""max_depth"": 4, ""min_child_samples"": 5, ""num_leaves"": 7, ""reg_lambda"": 2.582152738189277, ""subsample"": 0.6608271301760947, ""subsample_freq"": 1}"
1,1,14,0,0.43555705314157434,0.436468220624881,0.054777386854709856,"{""colsample_bytree"": 0.48569686269458306, ""learning_rate"": 0.06353995786954578, ""max_depth"": 4, ""min_child_samples"": 5, ""num_leaves"": 7, ""reg_lambda"": 2.582152738189277, ""subsample"": 0.6608271301760947, ""subsample_freq"": 1}"
1,1,15,1,0.6570686940800807,0.5088977474769267,0.06789499496177331,"{""colsample_bytree"": 0.48569686269458306, ""learning_rate"": 0.06353995786954578, ""max_depth"": 4, ""min_child_samples"": 5, ""num_leaves"": 7, ""reg_lambda"": 2.582152738189277, ""subsample"": 0.6608271301760947, ""subsample_freq"": 1}"
1,1,22,1,0.6279812895685949,0.5279051326281349,0.03962346811296355,"{""colsample_bytree"": 0.48569686269458306, ""learning_rate"": 0.06353995786954578, ""max_depth"": 4, ""min_child_samples"": 5, ""num_leaves"": 7, ""reg_lambda"": 2.582152738189277, ""subsample"": 0.6608271301760947, ""subsample_freq"": 1}"
1,1,25,0,0.29732086165695193,0.4830224990623108,0.06154774059743571,"{""colsample_bytree"": 0.48569686269458306, ""learning_rate"": 0.06353995786954578, ""max_depth"": 4, ""min_child_samples"": 5, ""num_leaves"": 7, ""reg_lambda"": 2.582152738189277, ""subsample"": 0.6608271301760947, ""subsample_freq"": 1}"
1,1,28,1,0.7717785411416692,0.5439914314018355,0.08266312149287713,"{""colsample_bytree"": 0.48569686269458306, ""learning_rate"": 0.06353995786954578, ""max_depth"": 4, ""min_child_samples"": 5, ""num_leaves"": 7, ""reg_lambda"": 2.582152738189277, ""subsample"": 0.6608271301760947, ""subsample_freq"": 1}"
1,1,33,1,0.6514663372055711,0.5449901707861778,0.1337222412375746,"{""colsample_bytree"": 0.48569686269458306, ""learning_rate"": 0.06353995786954578, ""max_depth"": 4, ""min_child_samples"": 5, ""num_leaves"": 7, ""reg_lambda"": 2.582152738189277, ""subsample"": 0.6608271301760947, ""subsample_freq"": 1}"
1,1,34,0,0.07450246616025526,0.2899586403132382,0.052475215371859445,"{""colsample_bytree"": 0.48569686269458306, ""learning_rate"": 0.06353995786954578, ""max_depth"": 4, ""min_child_samples"": 5, ""num_leaves"": 7, ""reg_lambda"": 2.582152738189277, ""subsample"": 0.6608271301760947, ""subsample_freq"": 1}"
1,1,44,0,0.1655470931863311,0.2646926938796609,0.09648360013999444,"{""colsample_bytree"": 0.48569686269458306, ""learning_rate"": 0.06353995786954578, ""max_depth"": 4, ""min_child_samples"": 5, ""num_leaves"": 7, ""reg_lambda"": 2.582152738189277, ""subsample"": 0.6608271301760947, ""subsample_freq"": 1}"
1,1,51,1,0.5700057655526041,0.4540510064413724,0.05945925345595133,"{""colsample_bytree"": 0.48569686269458306, ""learning_rate"": 0.06353995786954578, ""max_depth"": 4, ""min_child_samples"": 5, ""num_leaves"": 7, ""reg_lambda"": 2.582152738189277, ""subsample"": 0.6608271301760947, ""subsample_freq"": 1}"
1,1,68,0,0.10446991889087924,0.2594025115208701,0.03147419959010062,"{""colsample_bytree"": 0.48569686269458306, ""learning_rate"": 0.06353995786954578, ""max_depth"": 4, ""min_child_samples"": 5, ""num_leaves"": 7, ""reg_lambda"": 2.582152738189277, ""subsample"": 0.6608271301760947, ""subsample_freq"": 1}"
1,1,72,0,0.31620766287587476,0.32806256432189895,0.085805558744065,"{""colsample_bytree"": 0.48569686269458306, ""learning_rate"": 0.06353995786954578, ""max_depth"": 4, ""min_child_samples"": 5, ""num_leaves"": 7, ""reg_lambda"": 2.582152738189277, ""subsample"": 0.6608271301760947, ""subsample_freq"": 1}"
1,1,74,1,0.9040889131395857,0.7213356147494072,0.12343034776591416,"{""colsample_bytree"": 0.48569686269458306, ""learning_rate"": 0.06353995786954578, ""max_depth"": 4, ""min_child_samples"": 5, ""num_leaves"": 7, ""reg_lambda"": 2.582152738189277, ""subsample"": 0.6608271301760947, ""subsample_freq"": 1}"
1,1,78,1,0.09480474310811163,0.26555458720739783,0.08637859755643824,"{""colsample_bytree"": 0.48569686269458306, ""learning_rate"": 0.06353995786954578, ""max_depth"": 4, ""min_child_samples"": 5, ""num_leaves"": 7, ""reg_lambda"": 2.582152738189277, ""subsample"": 0.6608271301760947, ""subsample_freq"": 1}"
1,1,98,1,0.7289408082349409,0.6195473471900288,0.12336904009064706,"{""colsample_bytree"": 0.48569686269458306, ""learning_rate"": 0.06353995786954578, ""max_depth"": 4, ""min_child_samples"": 5, ""num_leaves"": 7, ""reg_lambda"": 2.582152738189277, ""subsample"": 0.6608271301760947, ""subsample_freq"": 1}"
1,1,99,0,0.027524483983560763,0.15559572251915516,0.07069305726894265,"{""colsample_bytree"": 0.48569686269458306, ""learning_rate"": 0.06353995786954578, ""max_depth"": 4, ""min_child_samples"": 5, ""num_leaves"": 7, ""reg_lambda"": 2.582152738189277, ""subsample"": 0.6608271301760947, ""subsample_freq"": 1}"
1,1,101,1,0.8296719569220434,0.6652061216729873,0.1682193173254321,"{""colsample_bytree"": 0.48569686269458306, ""learning_rate"": 0.06353995786954578, ""max_depth"": 4, ""min_child_samples"": 5, ""num_leaves"": 7, ""reg_lambda"": 2.582152738189277, ""subsample"": 0.6608271301760947, ""subsample_freq"": 1}"
1,1,104,1,0.16438739503061173,0.2777321453144764,0.08764495855102435,"{""colsample_bytree"": 0.48569686269458306, ""learning_rate"": 0.06353995786954578, ""max_depth"": 4, ""min_child_samples"": 5, ""num_leaves"": 7, ""reg_lambda"": 2.582152738189277, ""subsample"": 0.6608271301760947, ""subsample_freq"": 1}"
1,1,108,0,0.2994814967035439,0.35133331533226086,0.009492967633943234,"{""colsample_bytree"": 0.48569686269458306, ""learning_rate"": 0.06353995786954578, ""max_depth"": 4, ""min_child_samples"": 5, ""num_leaves"": 7, ""reg_lambda"": 2.582152738189277, ""subsample"": 0.6608271301760947, ""subsample_freq"": 1}"
1,1,112,1,0.6911518901559226,0.5339763547114339,0.07644518498049213,"{""colsample_bytree"": 0.48569686269458306, ""learning_rate"": 0.06353995786954578, ""max_depth"": 4, ""min_child_samples"": 5, ""num_leaves"": 7, ""reg_lambda"": 2.582152738189277, ""subsample"": 0.6608271301760947, ""subsample_freq"": 1}"
1,1,120,1,0.6139768279396745,0.5310602415970918,0.12044857534510076,"{""colsample_bytree"": 0.48569686269458306, ""learning_rate"": 0.06353995786954578, ""max_depth"": 4, ""min_child_samples"": 5, ""num_leaves"": 7, ""reg_lambda"": 2.582152738189277, ""subsample"": 0.6608271301760947, ""subsample_freq"": 1}"
1,1,124,0,0.4703087715790104,0.4982717818809569,0.04650934083123547,"{""colsample_bytree"": 0.48569686269458306, ""learning_rate"": 0.06353995786954578, ""max_depth"": 4, ""min_child_samples"": 5, ""num_leaves"": 7, ""reg_lambda"": 2.582152738189277, ""subsample"": 0.6608271301760947, ""subsample_freq"": 1}"
1,1,130,0,0.18293831155087528,0.3131815869640836,0.04570564604557944,"{""colsample_bytree"": 0.48569686269458306, ""learning_rate"": 0.06353995786954578, ""max_depth"": 4, ""min_child_samples"": 5, ""num_leaves"": 7, ""reg_lambda"": 2.582152738189277, ""subsample"": 0.6608271301760947, ""subsample_freq"": 1}"
1,1,131,0,0.346152776800387,0.3605478579846721,0.06624922450737838,"{""colsample_bytree"": 0.48569686269458306, ""learning_rate"": 0.06353995786954578, ""max_depth"": 4, ""min_child_samples"": 5, ""num_leaves"": 7, ""reg_lambda"": 2.582152738189277, ""subsample"": 0.6608271301760947, ""subsample_freq"": 1}"
1,1,132,0,0.7284392469216449,0.5751996694714254,0.13726263092844512,"{""colsample_bytree"": 0.48569686269458306, ""learning_rate"": 0.06353995786954578, ""max_depth"": 4, ""min_child_samples"": 5, ""num_leaves"": 7, ""reg_lambda"": 2.582152738189277, ""subsample"": 0.6608271301760947, ""subsample_freq"": 1}"
1,1,134,0,0.10715960817491059,0.24771184240460017,0.06548978888808717,"{""colsample_bytree"": 0.48569686269458306, ""learning_rate"": 0.06353995786954578, ""max_depth"": 4, ""min_child_samples"": 5, ""num_leaves"": 7, ""reg_lambda"": 2.582152738189277, ""subsample"": 0.6608271301760947, ""subsample_freq"": 1}"
1,1,137,0,0.06880748245806334,0.1777637920532567,0.08591957976205476,"{""colsample_bytree"": 0.48569686269458306, ""learning_rate"": 0.06353995786954578, ""max_depth"": 4, ""min_child_samples"": 5, ""num_leaves"": 7, ""reg_lambda"": 2.582152738189277, ""subsample"": 0.6608271301760947, ""subsample_freq"": 1}"
1,1,148,1,0.33586411353910717,0.43354105146634375,0.09207631855886295,"{""colsample_bytree"": 0.48569686269458306, ""learning_rate"": 0.06353995786954578, ""max_depth"": 4, ""min_child_samples"": 5, ""num_leaves"": 7, ""reg_lambda"": 2.582152738189277, ""subsample"": 0.6608271301760947, ""subsample_freq"": 1}"
1,1,150,0,0.29647847004163175,0.3436543613806574,0.0826123912977805,"{""colsample_bytree"": 0.48569686269458306, ""learning_rate"": 0.06353995786954578, ""max_depth"": 4, ""min_child_samples"": 5, ""num_leaves"": 7, ""reg_lambda"": 2.582152738189277, ""subsample"": 0.6608271301760947, ""subsample_freq"": 1}"
1,1,152,0,0.5091638253451626,0.4711317460074452,0.07716861794202759,"{""colsample_bytree"": 0.48569686269458306, ""learning_rate"": 0.06353995786954578, ""max_depth"": 4, ""min_child_samples"": 5, ""num_leaves"": 7, ""reg_lambda"": 2.582152738189277, ""subsample"": 0.6608271301760947, ""subsample_freq"": 1}"
1,1,158,1,0.41328794656481466,0.43094233043642766,0.08928440020674563,"{""colsample_bytree"": 0.48569686269458306, ""learning_rate"": 0.06353995786954578, ""max_depth"": 4, ""min_child_samples"": 5, ""num_leaves"": 7, ""reg_lambda"": 2.582152738189277, ""subsample"": 0.6608271301760947, ""subsample_freq"": 1}"
1,1,161,0,0.8941854598669859,0.723367528784428,0.09079712729199532,"{""colsample_bytree"": 0.48569686269458306, ""learning_rate"": 0.06353995786954578, ""max_depth"": 4, ""min_child_samples"": 5, ""num_leaves"": 7, ""reg_lambda"": 2.582152738189277, ""subsample"": 0.6608271301760947, ""subsample_freq"": 1}"
1,1,164,1,0.8417423706013246,0.6381766600374753,0.08832845772064771,"{""colsample_bytree"": 0.48569686269458306, ""learning_rate"": 0.06353995786954578, ""max_depth"": 4, ""min_child_samples"": 5, ""num_leaves"": 7, ""reg_lambda"": 2.582152738189277, ""subsample"": 0.6608271301760947, ""subsample_freq"": 1}"
1,1,170,0,0.11495893223068461,0.2515266704934034,0.07630789753900932,"{""colsample_bytree"": 0.48569686269458306, ""learning_rate"": 0.06353995786954578, ""max_depth"": 4, ""min_child_samples"": 5, ""num_leaves"": 7, ""reg_lambda"": 2.582152738189277, ""subsample"": 0.6608271301760947, ""subsample_freq"": 1}"
1,1,175,0,0.5514052807907147,0.40575023872251537,0.09787732566602174,"{""colsample_bytree"": 0.48569686269458306, ""learning_rate"": 0.06353995786954578, ""max_depth"": 4, ""min_child_samples"": 5, ""num_leaves"": 7, ""reg_lambda"": 2.582152738189277, ""subsample"": 0.6608271301760947, ""subsample_freq"": 1}"
1,1,178,1,0.6570298010094263,0.4928034082094265,0.08238688702163237,"{""colsample_bytree"": 0.48569686269458306, ""learning_rate"": 0.06353995786954578, ""max_depth"": 4, ""min_child_samples"": 5, ""num_leaves"": 7, ""reg_lambda"": 2.582152738189277, ""subsample"": 0.6608271301760947, ""subsample_freq"": 1}"
1,1,184,1,0.16631789881498932,0.27692671804674573,0.03254466215972783,"{""colsample_bytree"": 0.48569686269458306, ""learning_rate"": 0.06353995786954578, ""max_depth"": 4, ""min_child_samples"": 5, ""num_leaves"": 7, ""reg_lambda"": 2.582152738189277, ""subsample"": 0.6608271301760947, ""subsample_freq"": 1}"
1,1,187,1,0.21159271301849605,0.33216303536619646,0.0410077930091421,"{""colsample_bytree"": 0.48569686269458306, ""learning_rate"": 0.06353995786954578, ""max_depth"": 4, ""min_child_samples"": 5, ""num_leaves"": 7, ""reg_lambda"": 2.582152738189277, ""subsample"": 0.6608271301760947, ""subsample_freq"": 1}"
1,1,190,0,0.21831080883458895,0.3436488670908024,0.08779623399877678,"{""colsample_bytree"": 0.48569686269458306, ""learning_rate"": 0.06353995786954578, ""max_depth"": 4, ""min_child_samples"": 5, ""num_leaves"": 7, ""reg_lambda"": 2.582152738189277, ""subsample"": 0.6608271301760947, ""subsample_freq"": 1}"
1,1,192,0,0.012349643416436136,0.11785872088491842,0.059305224933251584,"{""colsample_bytree"": 0.48569686269458306, ""learning_rate"": 0.06353995786954578, ""max_depth"": 4, ""min_child_samples"": 5, ""num_leaves"": 7, ""reg_lambda"": 2.582152738189277, ""subsample"": 0.6608271301760947, ""subsample_freq"": 1}"
1,1,194,0,0.04425867702456848,0.22362477874750528,0.07037425214452517,"{""colsample_bytree"": 0.48569686269458306, ""learning_rate"": 0.06353995786954578, ""max_depth"": 4, ""min_child_samples"": 5, ""num_leaves"": 7, ""reg_lambda"": 2.582152738189277, ""subsample"": 0.6608271301760947, ""subsample_freq"": 1}"
1,1,196,0,0.1380076440099178,0.3023136943144574,0.04028697242466204,"{""colsample_bytree"": 0.48569686269458306, ""learning_rate"": 0.06353995786954578, ""max_depth"": 4, ""min_child_samples"": 5, ""num_leaves"": 7, ""reg_lambda"": 2.582152738189277, ""subsample"": 0.6608271301760947, ""subsample_freq"": 1}"
1,1,201,0,0.7462325340836448,0.4831262239388656,0.08950698059855872,"{""colsample_bytree"": 0.48569686269458306, ""learning_rate"": 0.06353995786954578, ""max_depth"": 4, ""min_child_samples"": 5, ""num_leaves"": 7, ""reg_lambda"": 2.582152738189277, ""subsample"": 0.6608271301760947, ""subsample_freq"": 1}"
1,1,202,1,0.7966044835403879,0.6484730555611206,0.11517395848799437,"{""colsample_bytree"": 0.48569686269458306, ""learning_rate"": 0.06353995786954578, ""max_depth"": 4, ""min_child_samples"": 5, ""num_leaves"": 7, ""reg_lambda"": 2.582152738189277, ""subsample"": 0.6608271301760947, ""subsample_freq"": 1}"
1,1,205,0,0.26993700142832755,0.3646636968239324,0.052085004934645976,"{""colsample_bytree"": 0.48569686269458306, ""learning_rate"": 0.06353995786954578, ""max_depth"": 4, ""min_child_samples"": 5, ""num_leaves"": 7, ""reg_lambda"": 2.582152738189277, ""subsample"": 0.6608271301760947, ""subsample_freq"": 1}"
1,1,208,0,0.3785975965745978,0.3910387785038636,0.060717390244765225,"{""colsample_bytree"": 0.48569686269458306, ""learning_rate"": 0.06353995786954578, ""max_depth"": 4, ""min_child_samples"": 5, ""num_leaves"": 7, ""reg_lambda"": 2.582152738189277, ""subsample"": 0.6608271301760947, ""subsample_freq"": 1}"
1,1,211,0,0.39719364467480106,0.4504604035934855,0.11137012252324369,"{""colsample_bytree"": 0.48569686269458306, ""learning_rate"": 0.06353995786954578, ""max_depth"": 4, ""min_child_samples"": 5, ""num_leaves"": 7, ""reg_lambda"": 2.582152738189277, ""subsample"": 0.6608271301760947, ""subsample_freq"": 1}"
1,1,222,1,0.7537103405185388,0.6031092613697032,0.13015802316034134,"{""colsample_bytree"": 0.48569686269458306, ""learning_rate"": 0.06353995786954578, ""max_depth"": 4, ""min_child_samples"": 5, ""num_leaves"": 7, ""reg_lambda"": 2.582152738189277, ""subsample"": 0.6608271301760947, ""subsample_freq"": 1}"
1,1,229,1,0.20098988231044568,0.38907766130351495,0.031198907893435542,"{""colsample_bytree"": 0.48569686269458306, ""learning_rate"": 0.06353995786954578, ""max_depth"": 4, ""min_child_samples"": 5, ""num_leaves"": 7, ""reg_lambda"": 2.582152738189277, ""subsample"": 0.6608271301760947, ""subsample_freq"": 1}"
1,1,232,1,0.26353579851716685,0.3269854211077828,0.0606682277021321,"{""colsample_bytree"": 0.48569686269458306, ""learning_rate"": 0.06353995786954578, ""max_depth"": 4, ""min_child_samples"": 5, ""num_leaves"": 7, ""reg_lambda"": 2.582152738189277, ""subsample"": 0.6608271301760947, ""subsample_freq"": 1}"
1,1,238,0,0.24259170332228486,0.37569819287464384,0.08786515899449464,"{""colsample_bytree"": 0.48569686269458306, ""learning_rate"": 0.06353995786954578, ""max_depth"": 4, ""min_child_samples"": 5, ""num_leaves"": 7, ""reg_lambda"": 2.582152738189277, ""subsample"": 0.6608271301760947, ""subsample_freq"": 1}"
1,1,239,0,0.35284382045972107,0.3982828112927964,0.053849192149150675,"{""colsample_bytree"": 0.48569686269458306, ""learning_rate"": 0.06353995786954578, ""max_depth"": 4, ""min_child_samples"": 5, ""num_leaves"": 7, ""reg_lambda"": 2.582152738189277, ""subsample"": 0.6608271301760947, ""subsample_freq"": 1}"
1,1,246,1,0.6807204612050692,0.6343255433668503,0.11894532406892908,"{""colsample_bytree"": 0.48569686269458306, ""learning_rate"": 0.06353995786954578, ""max_depth"": 4, ""min_child_samples"": 5, ""num_leaves"": 7, ""reg_lambda"": 2.582152738189277, ""subsample"": 0.6608271301760947, ""subsample_freq"": 1}"
1,1,247,0,0.013141437259075264,0.1360919439925467,0.07233906111692777,"{""colsample_bytree"": 0.48569686269458306, ""learning_rate"": 0.06353995786954578, ""max_depth"": 4, ""min_child_samples"": 5, ""num_leaves"": 7, ""reg_lambda"": 2.582152738189277, ""subsample"": 0.6608271301760947, ""subsample_freq"": 1}"
1,1,262,0,0.07752902752261073,0.2118223495263412,0.05453283232303052,"{""colsample_bytree"": 0.48569686269458306, ""learning_rate"": 0.06353995786954578, ""max_depth"": 4, ""min_child_samples"": 5, ""num_leaves"": 7, ""reg_lambda"": 2.582152738189277, ""subsample"": 0.6608271301760947, ""subsample_freq"": 1}"
1,1,264,0,0.08027990869052182,0.18466201709313318,0.06268925539338074,"{""colsample_bytree"": 0.48569686269458306, ""learning_rate"": 0.06353995786954578, ""max_depth"": 4, ""min_child_samples"": 5, ""num_leaves"": 7, ""reg_lambda"": 2.582152738189277, ""subsample"": 0.6608271301760947, ""subsample_freq"": 1}"
1,1,272,0,0.6920992281142206,0.5315167349096096,0.1343805839406112,"{""colsample_bytree"": 0.48569686269458306, ""learning_rate"": 0.06353995786954578, ""max_depth"": 4, ""min_child_samples"": 5, ""num_leaves"": 7, ""reg_lambda"": 2.582152738189277, ""subsample"": 0.6608271301760947, ""subsample_freq"": 1}"
1,1,284,0,0.5893090279657348,0.5618906134283317,0.06867097650930072,"{""colsample_bytree"": 0.48569686269458306, ""learning_rate"": 0.06353995786954578, ""max_depth"": 4, ""min_child_samples"": 5, ""num_leaves"": 7, ""reg_lambda"": 2.582152738189277, ""subsample"": 0.6608271301760947, ""subsample_freq"": 1}"
1,1,286,0,0.5871787946604085,0.45073038606607574,0.08968073920105636,"{""colsample_bytree"": 0.48569686269458306, ""learning_rate"": 0.06353995786954578, ""max_depth"": 4, ""min_child_samples"": 5, ""num_leaves"": 7, ""reg_lambda"": 2.582152738189277, ""subsample"": 0.6608271301760947, ""subsample_freq"": 1}"
1,1,301,0,0.11241367113236493,0.2779071185845609,0.0324113543346573,"{""colsample_bytree"": 0.48569686269458306, ""learning_rate"": 0.06353995786954578, ""max_depth"": 4, ""min_child_samples"": 5, ""num_leaves"": 7, ""reg_lambda"": 2.582152738189277, ""subsample"": 0.6608271301760947, ""subsample_freq"": 1}"
1,2,0,0,0.367105387043707,0.3649396329584901,0.10162519475130578,"{""colsample_bytree"": 0.7623024263453685, ""learning_rate"": 0.10105027893028606, ""max_depth"": 4, ""min_child_samples"": 7, ""num_leaves"": 9, ""reg_lambda"": 5.419061400138887, ""subsample"": 0.9700400393528101, ""subsample_freq"": 1}"
1,2,3,0,0.05466907948479951,0.2558137550282795,0.03455290777177195,"{""colsample_bytree"": 0.7623024263453685, ""learning_rate"": 0.10105027893028606, ""max_depth"": 4, ""min_child_samples"": 7, ""num_leaves"": 9, ""reg_lambda"": 5.419061400138887, ""subsample"": 0.9700400393528101, ""subsample_freq"": 1}"
1,2,6,0,0.06752321806553349,0.2463418246300706,0.06912254448603783,"{""colsample_bytree"": 0.7623024263453685, ""learning_rate"": 0.10105027893028606, ""max_depth"": 4, ""min_child_samples"": 7, ""num_leaves"": 9, ""reg_lambda"": 5.419061400138887, ""subsample"": 0.9700400393528101, ""subsample_freq"": 1}"
1,2,18,0,0.8965941941294404,0.6581583488186092,0.044524979672140745,"{""colsample_bytree"": 0.7623024263453685, ""learning_rate"": 0.10105027893028606, ""max_depth"": 4, ""min_child_samples"": 7, ""num_leaves"": 9, ""reg_lambda"": 5.419061400138887, ""subsample"": 0.9700400393528101, ""subsample_freq"": 1}"
1,2,24,0,0.06151131821806419,0.24522417210321149,0.08661215168718167,"{""colsample_bytree"": 0.7623024263453685, ""learning_rate"": 0.10105027893028606, ""max_depth"": 4, ""min_child_samples"": 7, ""num_leaves"": 9, ""reg_lambda"": 5.419061400138887, ""subsample"": 0.9700400393528101, ""subsample_freq"": 1}"
1,2,27,0,0.0802660657873619,0.2611961612202496,0.07553348540291872,"{""colsample_bytree"": 0.7623024263453685, ""learning_rate"": 0.10105027893028606, ""max_depth"": 4, ""min_child_samples"": 7, ""num_leaves"": 9, ""reg_lambda"": 5.419061400138887, ""subsample"": 0.9700400393528101, ""subsample_freq"": 1}"
1,2,29,1,0.9886547229160829,0.8745737412902306,0.061728280866362825,"{""colsample_bytree"": 0.7623024263453685, ""learning_rate"": 0.10105027893028606, ""max_depth"": 4, ""min_child_samples"": 7, ""num_leaves"": 9, ""reg_lambda"": 5.419061400138887, ""subsample"": 0.9700400393528101, ""subsample_freq"": 1}"
1,2,39,1,0.6140555784301547,0.5277837184439373,0.06418813107320101,"{""colsample_bytree"": 0.7623024263453685, ""learning_rate"": 0.10105027893028606, ""max_depth"": 4, ""min_child_samples"": 7, ""num_leaves"": 9, ""reg_lambda"": 5.419061400138887, ""subsample"": 0.9700400393528101, ""subsample_freq"": 1}"
1,2,40,0,0.2658352881741658,0.39315884958061914,0.047081831913099274,"{""colsample_bytree"": 0.7623024263453685, ""learning_rate"": 0.10105027893028606, ""max_depth"": 4, ""min_child_samples"": 7, ""num_leaves"": 9, ""reg_lambda"": 5.419061400138887, ""subsample"": 0.9700400393528101, ""subsample_freq"": 1}"
1,2,43,0,0.36603912931296984,0.4721862738052862,0.14204476966221588,"{""colsample_bytree"": 0.7623024263453685, ""learning_rate"": 0.10105027893028606, ""max_depth"": 4, ""min_child_samples"": 7, ""num_leaves"": 9, ""reg_lambda"": 5.419061400138887, ""subsample"": 0.9700400393528101, ""subsample_freq"": 1}"
1,2,45,1,0.15798725271571623,0.2853374453176646,0.11135154819083988,"{""colsample_bytree"": 0.7623024263453685, ""learning_rate"": 0.10105027893028606, ""max_depth"": 4, ""min_child_samples"": 7, ""num_leaves"": 9, ""reg_lambda"": 5.419061400138887, ""subsample"": 0.9700400393528101, ""subsample_freq"": 1}"
1,2,46,1,0.025882969876572782,0.16268241943646902,0.05085968544628006,"{""colsample_bytree"": 0.7623024263453685, ""learning_rate"": 0.10105027893028606, ""max_depth"": 4, ""min_child_samples"": 7, ""num_leaves"": 9, ""reg_lambda"": 5.419061400138887, ""subsample"": 0.9700400393528101, ""subsample_freq"": 1}"
1,2,52,0,0.8828292719092815,0.7467737326536636,0.13471225010252189,"{""colsample_bytree"": 0.7623024263453685, ""learning_rate"": 0.10105027893028606, ""max_depth"": 4, ""min_child_samples"": 7, ""num_leaves"": 9, ""reg_lambda"": 5.419061400138887, ""subsample"": 0.9700400393528101, ""subsample_freq"": 1}"
1,2,56,1,0.4291603808891393,0.3995630662730718,0.10526122271765005,"{""colsample_bytree"": 0.7623024263453685, ""learning_rate"": 0.10105027893028606, ""max_depth"": 4, ""min_child_samples"": 7, ""num_leaves"": 9, ""reg_lambda"": 5.419061400138887, ""subsample"": 0.9700400393528101, ""subsample_freq"": 1}"
1,2,59,1,0.3134863558558266,0.4636177427135554,0.05314806576790331,"{""colsample_bytree"": 0.7623024263453685, ""learning_rate"": 0.10105027893028606, ""max_depth"": 4, ""min_child_samples"": 7, ""num_leaves"": 9, ""reg_lambda"": 5.419061400138887, ""subsample"": 0.9700400393528101, ""subsample_freq"": 1}"
1,2,61,0,0.049712660951706136,0.19328450199356592,0.051347976358567145,"{""colsample_bytree"": 0.7623024263453685, ""learning_rate"": 0.10105027893028606, ""max_depth"": 4, ""min_child_samples"": 7, ""num_leaves"": 9, ""reg_lambda"": 5.419061400138887, ""subsample"": 0.9700400393528101, ""subsample_freq"": 1}"
1,2,67,0,0.08686386074343017,0.29264201688768354,0.0787871978696286,"{""colsample_bytree"": 0.7623024263453685, ""learning_rate"": 0.10105027893028606, ""max_depth"": 4, ""min_child_samples"": 7, ""num_leaves"": 9, ""reg_lambda"": 5.419061400138887, ""subsample"": 0.9700400393528101, ""subsample_freq"": 1}"
1,2,75,0,0.23409412170344565,0.31662616950529016,0.0613594968571055,"{""colsample_bytree"": 0.7623024263453685, ""learning_rate"": 0.10105027893028606, ""max_depth"": 4, ""min_child_samples"": 7, ""num_leaves"": 9, ""reg_lambda"": 5.419061400138887, ""subsample"": 0.9700400393528101, ""subsample_freq"": 1}"
1,2,76,0,0.7383010943322214,0.611839147143278,0.07955788746409952,"{""colsample_bytree"": 0.7623024263453685, ""learning_rate"": 0.10105027893028606, ""max_depth"": 4, ""min_child_samples"": 7, ""num_leaves"": 9, ""reg_lambda"": 5.419061400138887, ""subsample"": 0.9700400393528101, ""subsample_freq"": 1}"
1,2,83,0,0.0754036624328656,0.27221266172672853,0.134491137792198,"{""colsample_bytree"": 0.7623024263453685, ""learning_rate"": 0.10105027893028606, ""max_depth"": 4, ""min_child_samples"": 7, ""num_leaves"": 9, ""reg_lambda"": 5.419061400138887, ""subsample"": 0.9700400393528101, ""subsample_freq"": 1}"
1,2,87,1,0.33882180505975956,0.5229848837584938,0.04328144772528679,"{""colsample_bytree"": 0.7623024263453685, ""learning_rate"": 0.10105027893028606, ""max_depth"": 4, ""min_child_samples"": 7, ""num_leaves"": 9, ""reg_lambda"": 5.419061400138887, ""subsample"": 0.9700400393528101, ""subsample_freq"": 1}"
1,2,90,1,0.37476968855076936,0.3705135822046726,0.09719549042983029,"{""colsample_bytree"": 0.7623024263453685, ""learning_rate"": 0.10105027893028606, ""max_depth"": 4, ""min_child_samples"": 7, ""num_leaves"": 9, ""reg_lambda"": 5.419061400138887, ""subsample"": 0.9700400393528101, ""subsample_freq"": 1}"
1,2,95,1,0.09704244655224946,0.2806421695814502,0.024987706565294976,"{""colsample_bytree"": 0.7623024263453685, ""learning_rate"": 0.10105027893028606, ""max_depth"": 4, ""min_child_samples"": 7, ""num_leaves"": 9, ""reg_lambda"": 5.419061400138887, ""subsample"": 0.9700400393528101, ""subsample_freq"": 1}"
1,2,106,0,0.9562648465933585,0.7881674663469871,0.07768810834943828,"{""colsample_bytree"": 0.7623024263453685, ""learning_rate"": 0.10105027893028606, ""max_depth"": 4, ""min_child_samples"": 7, ""num_leaves"": 9, ""reg_lambda"": 5.419061400138887, ""subsample"": 0.9700400393528101, ""subsample_freq"": 1}"
1,2,107,1,0.37660991761170526,0.4459042794401581,0.11651798387466338,"{""colsample_bytree"": 0.7623024263453685, ""learning_rate"": 0.10105027893028606, ""max_depth"": 4, ""min_child_samples"": 7, ""num_leaves"": 9, ""reg_lambda"": 5.419061400138887, ""subsample"": 0.9700400393528101, ""subsample_freq"": 1}"
1,2,110,1,0.2525297551247319,0.3007922873856015,0.05080628971144636,"{""colsample_bytree"": 0.7623024263453685, ""learning_rate"": 0.10105027893028606, ""max_depth"": 4, ""min_child_samples"": 7, ""num_leaves"": 9, ""reg_lambda"": 5.419061400138887, ""subsample"": 0.9700400393528101, ""subsample_freq"": 1}"
1,2,121,0,0.4412383892490919,0.5242197773487131,0.12636023684200542,"{""colsample_bytree"": 0.7623024263453685, ""learning_rate"": 0.10105027893028606, ""max_depth"": 4, ""min_child_samples"": 7, ""num_leaves"": 9, ""reg_lambda"": 5.419061400138887, ""subsample"": 0.9700400393528101, ""subsample_freq"": 1}"
1,2,122,1,0.6998991775002565,0.6417877613670105,0.10462043794787745,"{""colsample_bytree"": 0.7623024263453685, ""learning_rate"": 0.10105027893028606, ""max_depth"": 4, ""min_child_samples"": 7, ""num_leaves"": 9, ""reg_lambda"": 5.419061400138887, ""subsample"": 0.9700400393528101, ""subsample_freq"": 1}"
1,2,125,1,0.10427030529513709,0.3080267353944919,0.09890850327910325,"{""colsample_bytree"": 0.7623024263453685, ""learning_rate"": 0.10105027893028606, ""max_depth"": 4, ""min_child_samples"": 7, ""num_leaves"": 9, ""reg_lambda"": 5.419061400138887, ""subsample"": 0.9700400393528101, ""subsample_freq"": 1}"
1,2,128,0,0.1898610988318972,0.2996775646190942,0.08516330125208105,"{""colsample_bytree"": 0.7623024263453685, ""learning_rate"": 0.10105027893028606, ""max_depth"": 4, ""min_child_samples"": 7, ""num_leaves"": 9, ""reg_lambda"": 5.419061400138887, ""subsample"": 0.9700400393528101, ""subsample_freq"": 1}"
1,2,129,0,0.04319430867155364,0.19452862623401765,0.06321720284602453,"{""colsample_bytree"": 0.7623024263453685, ""learning_rate"": 0.10105027893028606, ""max_depth"": 4, ""min_child_samples"": 7, ""num_leaves"": 9, ""reg_lambda"": 5.419061400138887, ""subsample"": 0.9700400393528101, ""subsample_freq"": 1}"
1,2,136,0,0.03980439417358402,0.18076487540928182,0.07028014971269539,"{""colsample_bytree"": 0.7623024263453685, ""learning_rate"": 0.10105027893028606, ""max_depth"": 4, ""min_child_samples"": 7, ""num_leaves"": 9, ""reg_lambda"": 5.419061400138887, ""subsample"": 0.9700400393528101, ""subsample_freq"": 1}"
1,2,138,1,0.22834395971957866,0.4106642117350835,0.1110439721469988,"{""colsample_bytree"": 0.7623024263453685, ""learning_rate"": 0.10105027893028606, ""max_depth"": 4, ""min_child_samples"": 7, ""num_leaves"": 9, ""reg_lambda"": 5.419061400138887, ""subsample"": 0.9700400393528101, ""subsample_freq"": 1}"
1,2,139,1,0.09991884500472768,0.3401056526653651,0.08314354901252292,"{""colsample_bytree"": 0.7623024263453685, ""learning_rate"": 0.10105027893028606, ""max_depth"": 4, ""min_child_samples"": 7, ""num_leaves"": 9, ""reg_lambda"": 5.419061400138887, ""subsample"": 0.9700400393528101, ""subsample_freq"": 1}"
1,2,140,0,0.03469545702931556,0.21808435699321307,0.06926051463820354,"{""colsample_bytree"": 0.7623024263453685, ""learning_rate"": 0.10105027893028606, ""max_depth"": 4, ""min_child_samples"": 7, ""num_leaves"": 9, ""reg_lambda"": 5.419061400138887, ""subsample"": 0.9700400393528101, ""subsample_freq"": 1}"
1,2,141,0,0.19371748665450897,0.32231673147009204,0.056857131600571625,"{""colsample_bytree"": 0.7623024263453685, ""learning_rate"": 0.10105027893028606, ""max_depth"": 4, ""min_child_samples"": 7, ""num_leaves"": 9, ""reg_lambda"": 5.419061400138887, ""subsample"": 0.9700400393528101, ""subsample_freq"": 1}"
1,2,145,1,0.9354910494556413,0.6716102858847617,0.08533762586965157,"{""colsample_bytree"": 0.7623024263453685, ""learning_rate"": 0.10105027893028606, ""max_depth"": 4, ""min_child_samples"": 7, ""num_leaves"": 9, ""reg_lambda"": 5.419061400138887, ""subsample"": 0.9700400393528101, ""subsample_freq"": 1}"
1,2,146,0,0.9167403786317884,0.7474101695950032,0.05309070411227611,"{""colsample_bytree"": 0.7623024263453685, ""learning_rate"": 0.10105027893028606, ""max_depth"": 4, ""min_child_samples"": 7, ""num_leaves"": 9, ""reg_lambda"": 5.419061400138887, ""subsample"": 0.9700400393528101, ""subsample_freq"": 1}"
1,2,154,0,0.10194761957589017,0.24132985228646303,0.07761637182936293,"{""colsample_bytree"": 0.7623024263453685, ""learning_rate"": 0.10105027893028606, ""max_depth"": 4, ""min_child_samples"": 7, ""num_leaves"": 9, ""reg_lambda"": 5.419061400138887, ""subsample"": 0.9700400393528101, ""subsample_freq"": 1}"
1,2,156,1,0.4243878617785419,0.3899568835521692,0.12468459120619516,"{""colsample_bytree"": 0.7623024263453685, ""learning_rate"": 0.10105027893028606, ""max_depth"": 4, ""min_child_samples"": 7, ""num_leaves"": 9, ""reg_lambda"": 5.419061400138887, ""subsample"": 0.9700400393528101, ""subsample_freq"": 1}"
1,2,162,0,0.060627220452003174,0.2858485921179553,0.07691405617980154,"{""colsample_bytree"": 0.7623024263453685, ""learning_rate"": 0.10105027893028606, ""max_depth"": 4, ""min_child_samples"": 7, ""num_leaves"": 9, ""reg_lambda"": 5.419061400138887, ""subsample"": 0.9700400393528101, ""subsample_freq"": 1}"
1,2,176,0,0.020079591614029106,0.13148937292535973,0.06313049431772351,"{""colsample_bytree"": 0.7623024263453685, ""learning_rate"": 0.10105027893028606, ""max_depth"": 4, ""min_child_samples"": 7, ""num_leaves"": 9, ""reg_lambda"": 5.419061400138887, ""subsample"": 0.9700400393528101, ""subsample_freq"": 1}"
1,2,180,0,0.30564102883985783,0.37232325114669157,0.1327449137580436,"{""colsample_bytree"": 0.7623024263453685, ""learning_rate"": 0.10105027893028606, ""max_depth"": 4, ""min_child_samples"": 7, ""num_leaves"": 9, ""reg_lambda"": 5.419061400138887, ""subsample"": 0.9700400393528101, ""subsample_freq"": 1}"
1,2,183,0,0.4595245221077705,0.511190049436095,0.07144979338582119,"{""colsample_bytree"": 0.7623024263453685, ""learning_rate"": 0.10105027893028606, ""max_depth"": 4, ""min_child_samples"": 7, ""num_leaves"": 9, ""reg_lambda"": 5.419061400138887, ""subsample"": 0.9700400393528101, ""subsample_freq"": 1}"
1,2,216,0,0.3702900795627537,0.5190424736651522,0.14150459133786783,"{""colsample_bytree"": 0.7623024263453685, ""learning_rate"": 0.10105027893028606, ""max_depth"": 4, ""min_child_samples"": 7, ""num_leaves"": 9, ""reg_lambda"": 5.419061400138887, ""subsample"": 0.9700400393528101, ""subsample_freq"": 1}"
1,2,218,0,0.057916561631955445,0.2493186430549163,0.08883925229216233,"{""colsample_bytree"": 0.7623024263453685, ""learning_rate"": 0.10105027893028606, ""max_depth"": 4, ""min_child_samples"": 7, ""num_leaves"": 9, ""reg_lambda"": 5.419061400138887, ""subsample"": 0.9700400393528101, ""subsample_freq"": 1}"
1,2,219,1,0.04962423647525256,0.17670165498777202,0.06391854054027007,"{""colsample_bytree"": 0.7623024263453685, ""learning_rate"": 0.10105027893028606, ""max_depth"": 4, ""min_child_samples"": 7, ""num_leaves"": 9, ""reg_lambda"": 5.419061400138887, ""subsample"": 0.9700400393528101, ""subsample_freq"": 1}"
1,2,220,1,0.4863432491145765,0.5066562197853233,0.08708541961523177,"{""colsample_bytree"": 0.7623024263453685, ""learning_rate"": 0.10105027893028606, ""max_depth"": 4, ""min_child_samples"": 7, ""num_leaves"": 9, ""reg_lambda"": 5.419061400138887, ""subsample"": 0.9700400393528101, ""subsample_freq"": 1}"
1,2,223,1,0.0990004758767681,0.20074075965208887,0.08371501523929624,"{""colsample_bytree"": 0.7623024263453685, ""learning_rate"": 0.10105027893028606, ""max_depth"": 4, ""min_child_samples"": 7, ""num_leaves"": 9, ""reg_lambda"": 5.419061400138887, ""subsample"": 0.9700400393528101, ""subsample_freq"": 1}"
1,2,226,1,0.05603612142734106,0.23289525259426283,0.08135039474263224,"{""colsample_bytree"": 0.7623024263453685, ""learning_rate"": 0.10105027893028606, ""max_depth"": 4, ""min_child_samples"": 7, ""num_leaves"": 9, ""reg_lambda"": 5.419061400138887, ""subsample"": 0.9700400393528101, ""subsample_freq"": 1}"
1,2,228,0,0.6495629186626248,0.5143431541461118,0.11343419598424237,"{""colsample_bytree"": 0.7623024263453685, ""learning_rate"": 0.10105027893028606, ""max_depth"": 4, ""min_child_samples"": 7, ""num_leaves"": 9, ""reg_lambda"": 5.419061400138887, ""subsample"": 0.9700400393528101, ""subsample_freq"": 1}"
1,2,234,0,0.43763391152465647,0.35252636218338496,0.11056090375106238,"{""colsample_bytree"": 0.7623024263453685, ""learning_rate"": 0.10105027893028606, ""max_depth"": 4, ""min_child_samples"": 7, ""num_leaves"": 9, ""reg_lambda"": 5.419061400138887, ""subsample"": 0.9700400393528101, ""subsample_freq"": 1}"
1,2,235,1,0.87192661438034,0.5747840598070523,0.09370390506003401,"{""colsample_bytree"": 0.7623024263453685, ""learning_rate"": 0.10105027893028606, ""max_depth"": 4, ""min_child_samples"": 7, ""num_leaves"": 9, ""reg_lambda"": 5.419061400138887, ""subsample"": 0.9700400393528101, ""subsample_freq"": 1}"
1,2,252,0,0.08969152336558993,0.20238513714543785,0.05622734507295022,"{""colsample_bytree"": 0.7623024263453685, ""learning_rate"": 0.10105027893028606, ""max_depth"": 4, ""min_child_samples"": 7, ""num_leaves"": 9, ""reg_lambda"": 5.419061400138887, ""subsample"": 0.9700400393528101, ""subsample_freq"": 1}"
1,2,254,0,0.09881119112296013,0.298535451743633,0.08311065702127207,"{""colsample_bytree"": 0.7623024263453685, ""learning_rate"": 0.10105027893028606, ""max_depth"": 4, ""min_child_samples"": 7, ""num_leaves"": 9, ""reg_lambda"": 5.419061400138887, ""subsample"": 0.9700400393528101, ""subsample_freq"": 1}"
1,2,258,0,0.7143656681319336,0.5240187936204815,0.06888864138862347,"{""colsample_bytree"": 0.7623024263453685, ""learning_rate"": 0.10105027893028606, ""max_depth"": 4, ""min_child_samples"": 7, ""num_leaves"": 9, ""reg_lambda"": 5.419061400138887, ""subsample"": 0.9700400393528101, ""subsample_freq"": 1}"
1,2,274,0,0.5462286197977759,0.5380267284331851,0.07427813508696146,"{""colsample_bytree"": 0.7623024263453685, ""learning_rate"": 0.10105027893028606, ""max_depth"": 4, ""min_child_samples"": 7, ""num_leaves"": 9, ""reg_lambda"": 5.419061400138887, ""subsample"": 0.9700400393528101, ""subsample_freq"": 1}"
1,2,276,0,0.08008821813639626,0.2587175754593417,0.11285932531113946,"{""colsample_bytree"": 0.7623024263453685, ""learning_rate"": 0.10105027893028606, ""max_depth"": 4, ""min_child_samples"": 7, ""num_leaves"": 9, ""reg_lambda"": 5.419061400138887, ""subsample"": 0.9700400393528101, ""subsample_freq"": 1}"
1,2,279,1,0.2861654960203722,0.3457034047666172,0.07237285784827112,"{""colsample_bytree"": 0.7623024263453685, ""learning_rate"": 0.10105027893028606, ""max_depth"": 4, ""min_child_samples"": 7, ""num_leaves"": 9, ""reg_lambda"": 5.419061400138887, ""subsample"": 0.9700400393528101, ""subsample_freq"": 1}"
1,2,285,0,0.05332041716032183,0.20851604101873655,0.09015623303144304,"{""colsample_bytree"": 0.7623024263453685, ""learning_rate"": 0.10105027893028606, ""max_depth"": 4, ""min_child_samples"": 7, ""num_leaves"": 9, ""reg_lambda"": 5.419061400138887, ""subsample"": 0.9700400393528101, ""subsample_freq"": 1}"
1,2,294,1,0.02558602729979472,0.15137500197710657,0.07179775423612667,"{""colsample_bytree"": 0.7623024263453685, ""learning_rate"": 0.10105027893028606, ""max_depth"": 4, ""min_child_samples"": 7, ""num_leaves"": 9, ""reg_lambda"": 5.419061400138887, ""subsample"": 0.9700400393528101, ""subsample_freq"": 1}"
1,3,8,0,0.029821931388912173,0.1785905390110658,0.05490617625103886,"{""colsample_bytree"": 0.6438521460044845, ""learning_rate"": 0.10213574591966083, ""max_depth"": 2, ""min_child_samples"": 5, ""num_leaves"": 14, ""reg_lambda"": 10.911071820202393, ""subsample"": 0.8925741186212217, ""subsample_freq"": 1}"
1,3,9,1,0.5835755096089242,0.48727662527279875,0.06694589319868446,"{""colsample_bytree"": 0.6438521460044845, ""learning_rate"": 0.10213574591966083, ""max_depth"": 2, ""min_child_samples"": 5, ""num_leaves"": 14, ""reg_lambda"": 10.911071820202393, ""subsample"": 0.8925741186212217, ""subsample_freq"": 1}"
1,3,12,0,0.38454318513607755,0.43108723689475104,0.06039827083620327,"{""colsample_bytree"": 0.6438521460044845, ""learning_rate"": 0.10213574591966083, ""max_depth"": 2, ""min_child_samples"": 5, ""num_leaves"": 14, ""reg_lambda"": 10.911071820202393, ""subsample"": 0.8925741186212217, ""subsample_freq"": 1}"
1,3,13,0,0.6899499992930999,0.5231337438209323,0.07621043332292422,"{""colsample_bytree"": 0.6438521460044845, ""learning_rate"": 0.10213574591966083, ""max_depth"": 2, ""min_child_samples"": 5, ""num_leaves"": 14, ""reg_lambda"": 10.911071820202393, ""subsample"": 0.8925741186212217, ""subsample_freq"": 1}"
1,3,19,1,0.7864929668740914,0.5992955694219105,0.0949973660706684,"{""colsample_bytree"": 0.6438521460044845, ""learning_rate"": 0.10213574591966083, ""max_depth"": 2, ""min_child_samples"": 5, ""num_leaves"": 14, ""reg_lambda"": 10.911071820202393, ""subsample"": 0.8925741186212217, ""subsample_freq"": 1}"
1,3,20,1,0.16584964170185612,0.29541672374066275,0.03995162264946852,"{""colsample_bytree"": 0.6438521460044845, ""learning_rate"": 0.10213574591966083, ""max_depth"": 2, ""min_child_samples"": 5, ""num_leaves"": 14, ""reg_lambda"": 10.911071820202393, ""subsample"": 0.8925741186212217, ""subsample_freq"": 1}"
1,3,21,1,0.420674607169614,0.42609757806691606,0.05454265601037073,"{""colsample_bytree"": 0.6438521460044845, ""learning_rate"": 0.10213574591966083, ""max_depth"": 2, ""min_child_samples"": 5, ""num_leaves"": 14, ""reg_lambda"": 10.911071820202393, ""subsample"": 0.8925741186212217, ""subsample_freq"": 1}"
1,3,35,0,0.057921353286236946,0.20107050103328433,0.059513475686745844,"{""colsample_bytree"": 0.6438521460044845, ""learning_rate"": 0.10213574591966083, ""max_depth"": 2, ""min_child_samples"": 5, ""num_leaves"": 14, ""reg_lambda"": 10.911071820202393, ""subsample"": 0.8925741186212217, ""subsample_freq"": 1}"
1,3,37,1,0.16662780342308606,0.3125794118992979,0.053411144506658834,"{""colsample_bytree"": 0.6438521460044845, ""learning_rate"": 0.10213574591966083, ""max_depth"": 2, ""min_child_samples"": 5, ""num_leaves"": 14, ""reg_lambda"": 10.911071820202393, ""subsample"": 0.8925741186212217, ""subsample_freq"": 1}"
1,3,38,0,0.3970275848273894,0.40560023214570934,0.06067939033973038,"{""colsample_bytree"": 0.6438521460044845, ""learning_rate"": 0.10213574591966083, ""max_depth"": 2, ""min_child_samples"": 5, ""num_leaves"": 14, ""reg_lambda"": 10.911071820202393, ""subsample"": 0.8925741186212217, ""subsample_freq"": 1}"
1,3,41,0,0.1339421671345963,0.2393254966714648,0.06438527975658065,"{""colsample_bytree"": 0.6438521460044845, ""learning_rate"": 0.10213574591966083, ""max_depth"": 2, ""min_child_samples"": 5, ""num_leaves"": 14, ""reg_lambda"": 10.911071820202393, ""subsample"": 0.8925741186212217, ""subsample_freq"": 1}"
1,3,42,0,0.059122390251190045,0.2278450912197481,0.043646881117108176,"{""colsample_bytree"": 0.6438521460044845, ""learning_rate"": 0.10213574591966083, ""max_depth"": 2, ""min_child_samples"": 5, ""num_leaves"": 14, ""reg_lambda"": 10.911071820202393, ""subsample"": 0.8925741186212217, ""subsample_freq"": 1}"
1,3,48,0,0.03086719466100116,0.16784238405391175,0.0702347160182115,"{""colsample_bytree"": 0.6438521460044845, ""learning_rate"": 0.10213574591966083, ""max_depth"": 2, ""min_child_samples"": 5, ""num_leaves"": 14, ""reg_lambda"": 10.911071820202393, ""subsample"": 0.8925741186212217, ""subsample_freq"": 1}"
1,3,49,0,0.22475674789996533,0.39299436137814026,0.053618618820935916,"{""colsample_bytree"": 0.6438521460044845, ""learning_rate"": 0.10213574591966083, ""max_depth"": 2, ""min_child_samples"": 5, ""num_leaves"": 14, ""reg_lambda"": 10.911071820202393, ""subsample"": 0.8925741186212217, ""subsample_freq"": 1}"
1,3,50,1,0.5677032341146853,0.46122296212286057,0.060832710814496316,"{""colsample_bytree"": 0.6438521460044845, ""learning_rate"": 0.10213574591966083, ""max_depth"": 2, ""min_child_samples"": 5, ""num_leaves"": 14, ""reg_lambda"": 10.911071820202393, ""subsample"": 0.8925741186212217, ""subsample_freq"": 1}"
1,3,69,1,0.529816722416047,0.45048286614615546,0.06287907300759131,"{""colsample_bytree"": 0.6438521460044845, ""learning_rate"": 0.10213574591966083, ""max_depth"": 2, ""min_child_samples"": 5, ""num_leaves"": 14, ""reg_lambda"": 10.911071820202393, ""subsample"": 0.8925741186212217, ""subsample_freq"": 1}"
1,3,79,0,0.42408679977744845,0.3995079660038089,0.08262575834709474,"{""colsample_bytree"": 0.6438521460044845, ""learning_rate"": 0.10213574591966083, ""max_depth"": 2, ""min_child_samples"": 5, ""num_leaves"": 14, ""reg_lambda"": 10.911071820202393, ""subsample"": 0.8925741186212217, ""subsample_freq"": 1}"
1,3,80,1,0.7365154174829484,0.5601421886039321,0.12267496235461636,"{""colsample_bytree"": 0.6438521460044845, ""learning_rate"": 0.10213574591966083, ""max_depth"": 2, ""min_child_samples"": 5, ""num_leaves"": 14, ""reg_lambda"": 10.911071820202393, ""subsample"": 0.8925741186212217, ""subsample_freq"": 1}"
1,3,86,1,0.5256055788656548,0.4836793541178416,0.08557926384201142,"{""colsample_bytree"": 0.6438521460044845, ""learning_rate"": 0.10213574591966083, ""max_depth"": 2, ""min_child_samples"": 5, ""num_leaves"": 14, ""reg_lambda"": 10.911071820202393, ""subsample"": 0.8925741186212217, ""subsample_freq"": 1}"
1,3,88,1,0.5326142024144991,0.48119470908140716,0.09330736776106713,"{""colsample_bytree"": 0.6438521460044845, ""learning_rate"": 0.10213574591966083, ""max_depth"": 2, ""min_child_samples"": 5, ""num_leaves"": 14, ""reg_lambda"": 10.911071820202393, ""subsample"": 0.8925741186212217, ""subsample_freq"": 1}"
1,3,93,0,0.709193388050767,0.5513254445517,0.08025731850647366,"{""colsample_bytree"": 0.6438521460044845, ""learning_rate"": 0.10213574591966083, ""max_depth"": 2, ""min_child_samples"": 5, ""num_leaves"": 14, ""reg_lambda"": 10.911071820202393, ""subsample"": 0.8925741186212217, ""subsample_freq"": 1}"
1,3,102,0,0.10397162869305471,0.27550751638620274,0.048223030715531204,"{""colsample_bytree"": 0.6438521460044845, ""learning_rate"": 0.10213574591966083, ""max_depth"": 2, ""min_child_samples"": 5, ""num_leaves"": 14, ""reg_lambda"": 10.911071820202393, ""subsample"": 0.8925741186212217, ""subsample_freq"": 1}"
1,3,103,1,0.39388018781295436,0.4287747702058701,0.039197578889472694,"{""colsample_bytree"": 0.6438521460044845, ""learning_rate"": 0.10213574591966083, ""max_depth"": 2, ""min_child_samples"": 5, ""num_leaves"": 14, ""reg_lambda"": 10.911071820202393, ""subsample"": 0.8925741186212217, ""subsample_freq"": 1}"
1,3,109,1,0.37466045216609534,0.4497650290042802,0.04117589552226575,"{""colsample_bytree"": 0.6438521460044845, ""learning_rate"": 0.10213574591966083, ""max_depth"": 2, ""min_child_samples"": 5, ""num_leaves"": 14, ""reg_lambda"": 10.911071820202393, ""subsample"": 0.8925741186212217, ""subsample_freq"": 1}"
1,3,111,1,0.47202489221936883,0.4511372104330517,0.04063986065520231,"{""colsample_bytree"": 0.6438521460044845, ""learning_rate"": 0.10213574591966083, ""max_depth"": 2, ""min_child_samples"": 5, ""num_leaves"": 14, ""reg_lambda"": 10.911071820202393, ""subsample"": 0.8925741186212217, ""subsample_freq"": 1}"
1,3,117,1,0.878192217431454,0.6624760639173252,0.12931150191080396,"{""colsample_bytree"": 0.6438521460044845, ""learning_rate"": 0.10213574591966083, ""max_depth"": 2, ""min_child_samples"": 5, ""num_leaves"": 14, ""reg_lambda"": 10.911071820202393, ""subsample"": 0.8925741186212217, ""subsample_freq"": 1}"
1,3,126,0,0.7432037265593124,0.5452735461441852,0.12379820279590512,"{""colsample_bytree"": 0.6438521460044845, ""learning_rate"": 0.10213574591966083, ""max_depth"": 2, ""min_child_samples"": 5, ""num_leaves"": 14, ""reg_lambda"": 10.911071820202393, ""subsample"": 0.8925741186212217, ""subsample_freq"": 1}"
1,3,143,0,0.02844008822889039,0.17855634305420315,0.054124099554459945,"{""colsample_bytree"": 0.6438521460044845, ""learning_rate"": 0.10213574591966083, ""max_depth"": 2, ""min_child_samples"": 5, ""num_leaves"": 14, ""reg_lambda"": 10.911071820202393, ""subsample"": 0.8925741186212217, ""subsample_freq"": 1}"
1,3,149,1,0.517566560096841,0.4604507347617397,0.05682075011898362,"{""colsample_bytree"": 0.6438521460044845, ""learning_rate"": 0.10213574591966083, ""max_depth"": 2, ""min_child_samples"": 5, ""num_leaves"": 14, ""reg_lambda"": 10.911071820202393, ""subsample"": 0.8925741186212217, ""subsample_freq"": 1}"
1,3,159,0,0.6499046530143856,0.51237676584386,0.08106423427931556,"{""colsample_bytree"": 0.6438521460044845, ""learning_rate"": 0.10213574591966083, ""max_depth"": 2, ""min_child_samples"": 5, ""num_leaves"": 14, ""reg_lambda"": 10.911071820202393, ""subsample"": 0.8925741186212217, ""subsample_freq"": 1}"
1,3,163,1,0.5406694796639345,0.409847590672994,0.07043045553242763,"{""colsample_bytree"": 0.6438521460044845, ""learning_rate"": 0.10213574591966083, ""max_depth"": 2, ""min_child_samples"": 5, ""num_leaves"": 14, ""reg_lambda"": 10.911071820202393, ""subsample"": 0.8925741186212217, ""subsample_freq"": 1}"
1,3,169,0,0.12036026097635309,0.22417376305242032,0.05942997443490385,"{""colsample_bytree"": 0.6438521460044845, ""learning_rate"": 0.10213574591966083, ""max_depth"": 2, ""min_child_samples"": 5, ""num_leaves"": 14, ""reg_lambda"": 10.911071820202393, ""subsample"": 0.8925741186212217, ""subsample_freq"": 1}"
1,3,172,0,0.27477594049598497,0.3597259643951721,0.0643686797922129,"{""colsample_bytree"": 0.6438521460044845, ""learning_rate"": 0.10213574591966083, ""max_depth"": 2, ""min_child_samples"": 5, ""num_leaves"": 14, ""reg_lambda"": 10.911071820202393, ""subsample"": 0.8925741186212217, ""subsample_freq"": 1}"
1,3,173,1,0.7812638576226335,0.5738558191193026,0.045498689515898603,"{""colsample_bytree"": 0.6438521460044845, ""learning_rate"": 0.10213574591966083, ""max_depth"": 2, ""min_child_samples"": 5, ""num_leaves"": 14, ""reg_lambda"": 10.911071820202393, ""subsample"": 0.8925741186212217, ""subsample_freq"": 1}"
1,3,181,1,0.46232154776180123,0.4365922012385706,0.04237061041351023,"{""colsample_bytree"": 0.6438521460044845, ""learning_rate"": 0.10213574591966083, ""max_depth"": 2, ""min_child_samples"": 5, ""num_leaves"": 14, ""reg_lambda"": 10.911071820202393, ""subsample"": 0.8925741186212217, ""subsample_freq"": 1}"
1,3,197,1,0.6065684020585648,0.4948238390199511,0.07271497972512009,"{""colsample_bytree"": 0.6438521460044845, ""learning_rate"": 0.10213574591966083, ""max_depth"": 2, ""min_child_samples"": 5, ""num_leaves"": 14, ""reg_lambda"": 10.911071820202393, ""subsample"": 0.8925741186212217, ""subsample_freq"": 1}"
1,3,199,0,0.15995898353115126,0.28344337433314715,0.06855299181476796,"{""colsample_bytree"": 0.6438521460044845, ""learning_rate"": 0.10213574591966083, ""max_depth"": 2, ""min_child_samples"": 5, ""num_leaves"": 14, ""reg_lambda"": 10.911071820202393, ""subsample"": 0.8925741186212217, ""subsample_freq"": 1}"
1,3,200,0,0.2939763482665513,0.4009282004232741,0.07882724285013955,"{""colsample_bytree"": 0.6438521460044845, ""learning_rate"": 0.10213574591966083, ""max_depth"": 2, ""min_child_samples"": 5, ""num_leaves"": 14, ""reg_lambda"": 10.911071820202393, ""subsample"": 0.8925741186212217, ""subsample_freq"": 1}"
1,3,203,0,0.07593562752570474,0.22222541066407472,0.04314621809629416,"{""colsample_bytree"": 0.6438521460044845, ""learning_rate"": 0.10213574591966083, ""max_depth"": 2, ""min_child_samples"": 5, ""num_leaves"": 14, ""reg_lambda"": 10.911071820202393, ""subsample"": 0.8925741186212217, ""subsample_freq"": 1}"
1,3,207,0,0.2840666411729106,0.40282149236401243,0.05598264954367984,"{""colsample_bytree"": 0.6438521460044845, ""learning_rate"": 0.10213574591966083, ""max_depth"": 2, ""min_child_samples"": 5, ""num_leaves"": 14, ""reg_lambda"": 10.911071820202393, ""subsample"": 0.8925741186212217, ""subsample_freq"": 1}"
1,3,210,0,0.17207686375069067,0.28485297687058647,0.04120844315845501,"{""colsample_bytree"": 0.6438521460044845, ""learning_rate"": 0.10213574591966083, ""max_depth"": 2, ""min_child_samples"": 5, ""num_leaves"": 14, ""reg_lambda"": 10.911071820202393, ""subsample"": 0.8925741186212217, ""subsample_freq"": 1}"
1,3,214,0,0.587992445640524,0.49314684977583634,0.13311316138583387,"{""colsample_bytree"": 0.6438521460044845, ""learning_rate"": 0.10213574591966083, ""max_depth"": 2, ""min_child_samples"": 5, ""num_leaves"": 14, ""reg_lambda"": 10.911071820202393, ""subsample"": 0.8925741186212217, ""subsample_freq"": 1}"
1,3,225,0,0.349123935884116,0.3831780115710045,0.042938784345474226,"{""colsample_bytree"": 0.6438521460044845, ""learning_rate"": 0.10213574591966083, ""max_depth"": 2, ""min_child_samples"": 5, ""num_leaves"": 14, ""reg_lambda"": 10.911071820202393, ""subsample"": 0.8925741186212217, ""subsample_freq"": 1}"
1,3,231,0,0.8243263553901674,0.5772591719365437,0.07876254161509462,"{""colsample_bytree"": 0.6438521460044845, ""learning_rate"": 0.10213574591966083, ""max_depth"": 2, ""min_child_samples"": 5, ""num_leaves"": 14, ""reg_lambda"": 10.911071820202393, ""subsample"": 0.8925741186212217, ""subsample_freq"": 1}"
1,3,237,0,0.2868266521776929,0.3079466564940274,0.046915019721692555,"{""colsample_bytree"": 0.6438521460044845, ""learning_rate"": 0.10213574591966083, ""max_depth"": 2, ""min_child_samples"": 5, ""num_leaves"": 14, ""reg_lambda"": 10.911071820202393, ""subsample"": 0.8925741186212217, ""subsample_freq"": 1}"
1,3,244,1,0.17550335364749436,0.33944620377927726,0.03062183938909177,"{""colsample_bytree"": 0.6438521460044845, ""learning_rate"": 0.10213574591966083, ""max_depth"": 2, ""min_child_samples"": 5, ""num_leaves"": 14, ""reg_lambda"": 10.911071820202393, ""subsample"": 0.8925741186212217, ""subsample_freq"": 1}"
1,3,245,1,0.6146730856416144,0.44108507726630874,0.06617870917897163,"{""colsample_bytree"": 0.6438521460044845, ""learning_rate"": 0.10213574591966083, ""max_depth"": 2, ""min_child_samples"": 5, ""num_leaves"": 14, ""reg_lambda"": 10.911071820202393, ""subsample"": 0.8925741186212217, ""subsample_freq"": 1}"
1,3,248,1,0.910681656118781,0.6481314966171102,0.11831664083130615,"{""colsample_bytree"": 0.6438521460044845, ""learning_rate"": 0.10213574591966083, ""max_depth"": 2, ""min_child_samples"": 5, ""num_leaves"": 14, ""reg_lambda"": 10.911071820202393, ""subsample"": 0.8925741186212217, ""subsample_freq"": 1}"
1,3,250,0,0.6688512839009731,0.5795453521994565,0.10806010840254601,"{""colsample_bytree"": 0.6438521460044845, ""learning_rate"": 0.10213574591966083, ""max_depth"": 2, ""min_child_samples"": 5, ""num_leaves"": 14, ""reg_lambda"": 10.911071820202393, ""subsample"": 0.8925741186212217, ""subsample_freq"": 1}"
1,3,257,0,0.043524238589168276,0.22200769319747127,0.06282009626019266,"{""colsample_bytree"": 0.6438521460044845, ""learning_rate"": 0.10213574591966083, ""max_depth"": 2, ""min_child_samples"": 5, ""num_leaves"": 14, ""reg_lambda"": 10.911071820202393, ""subsample"": 0.8925741186212217, ""subsample_freq"": 1}"
1,3,260,1,0.465156183689194,0.42512662607709284,0.037192715045352286,"{""colsample_bytree"": 0.6438521460044845, ""learning_rate"": 0.10213574591966083, ""max_depth"": 2, ""min_child_samples"": 5, ""num_leaves"": 14, ""reg_lambda"": 10.911071820202393, ""subsample"": 0.8925741186212217, ""subsample_freq"": 1}"
1,3,261,0,0.06586470595910741,0.21884499539837926,0.06486911570006511,"{""colsample_bytree"": 0.6438521460044845, ""learning_rate"": 0.10213574591966083, ""max_depth"": 2, ""min_child_samples"": 5, ""num_leaves"": 14, ""reg_lambda"": 10.911071820202393, ""subsample"": 0.8925741186212217, ""subsample_freq"": 1}"
1,3,270,0,0.025293760550630196,0.1664821611068092,0.06485915131357385,"{""colsample_bytree"": 0.6438521460044845, ""learning_rate"": 0.10213574591966083, ""max_depth"": 2, ""min_child_samples"": 5, ""num_leaves"": 14, ""reg_lambda"": 10.911071820202393, ""subsample"": 0.8925741186212217, ""subsample_freq"": 1}"
1,3,290,0,0.06800594273110892,0.2385901121007806,0.05148947893860974,"{""colsample_bytree"": 0.6438521460044845, ""learning_rate"": 0.10213574591966083, ""max_depth"": 2, ""min_child_samples"": 5, ""num_leaves"": 14, ""reg_lambda"": 10.911071820202393, ""subsample"": 0.8925741186212217, ""subsample_freq"": 1}"
1,3,291,0,0.08819778530563449,0.2406338122841804,0.04908336719189863,"{""colsample_bytree"": 0.6438521460044845, ""learning_rate"": 0.10213574591966083, ""max_depth"": 2, ""min_child_samples"": 5, ""num_leaves"": 14, ""reg_lambda"": 10.911071820202393, ""subsample"": 0.8925741186212217, ""subsample_freq"": 1}"
1,3,295,0,0.16860653769701733,0.3358475151782125,0.057948180335814135,"{""colsample_bytree"": 0.6438521460044845, ""learning_rate"": 0.10213574591966083, ""max_depth"": 2, ""min_child_samples"": 5, ""num_leaves"": 14, ""reg_lambda"": 10.911071820202393, ""subsample"": 0.8925741186212217, ""subsample_freq"": 1}"
1,3,296,0,0.29958532302968377,0.34130381442159746,0.042258134961560244,"{""colsample_bytree"": 0.6438521460044845, ""learning_rate"": 0.10213574591966083, ""max_depth"": 2, ""min_child_samples"": 5, ""num_leaves"": 14, ""reg_lambda"": 10.911071820202393, ""subsample"": 0.8925741186212217, ""subsample_freq"": 1}"
1,3,297,0,0.20094338463831338,0.3008121936491482,0.05947081738659788,"{""colsample_bytree"": 0.6438521460044845, ""learning_rate"": 0.10213574591966083, ""max_depth"": 2, ""min_child_samples"": 5, ""num_leaves"": 14, ""reg_lambda"": 10.911071820202393, ""subsample"": 0.8925741186212217, ""subsample_freq"": 1}"
1,3,299,0,0.019407538825018195,0.14471696806986795,0.07627667841169566,"{""colsample_bytree"": 0.6438521460044845, ""learning_rate"": 0.10213574591966083, ""max_depth"": 2, ""min_child_samples"": 5, ""num_leaves"": 14, ""reg_lambda"": 10.911071820202393, ""subsample"": 0.8925741186212217, ""subsample_freq"": 1}"
1,3,300,0,0.020054404948765633,0.17225981255120912,0.05697258155291433,"{""colsample_bytree"": 0.6438521460044845, ""learning_rate"": 0.10213574591966083, ""max_depth"": 2, ""min_child_samples"": 5, ""num_leaves"": 14, ""reg_lambda"": 10.911071820202393, ""subsample"": 0.8925741186212217, ""subsample_freq"": 1}"
1,4,1,1,0.6029179920744434,0.6579855425936899,0.1160474316434933,"{""colsample_bytree"": 0.44557553533063593, ""learning_rate"": 0.010850109650891964, ""max_depth"": 4, ""min_child_samples"": 7, ""num_leaves"": 10, ""reg_lambda"": 0.1973635939439833, ""subsample"": 0.6835155855997488, ""subsample_freq"": 1}"
1,4,4,0,0.17858232762889586,0.15285607645782148,0.07709331929611506,"{""colsample_bytree"": 0.44557553533063593, ""learning_rate"": 0.010850109650891964, ""max_depth"": 4, ""min_child_samples"": 7, ""num_leaves"": 10, ""reg_lambda"": 0.1973635939439833, ""subsample"": 0.6835155855997488, ""subsample_freq"": 1}"
1,4,11,1,0.4455098473404958,0.5506727617750611,0.16645588822668528,"{""colsample_bytree"": 0.44557553533063593, ""learning_rate"": 0.010850109650891964, ""max_depth"": 4, ""min_child_samples"": 7, ""num_leaves"": 10, ""reg_lambda"": 0.1973635939439833, ""subsample"": 0.6835155855997488, ""subsample_freq"": 1}"
1,4,23,0,0.5741219005736594,0.6816337466966489,0.12188147661072828,"{""colsample_bytree"": 0.44557553533063593, ""learning_rate"": 0.010850109650891964, ""max_depth"": 4, ""min_child_samples"": 7, ""num_leaves"": 10, ""reg_lambda"": 0.1973635939439833, ""subsample"": 0.6835155855997488, ""subsample_freq"": 1}"
1,4,26,0,0.1869331468179054,0.15485355256468886,0.08764712600235985,"{""colsample_bytree"": 0.44557553533063593, ""learning_rate"": 0.010850109650891964, ""max_depth"": 4, ""min_child_samples"": 7, ""num_leaves"": 10, ""reg_lambda"": 0.1973635939439833, ""subsample"": 0.6835155855997488, ""subsample_freq"": 1}"
1,4,31,1,0.5455554016837242,0.6194329729242867,0.1500935386899241,"{""colsample_bytree"": 0.44557553533063593, ""learning_rate"": 0.010850109650891964, ""max_depth"": 4, ""min_child_samples"": 7, ""num_leaves"": 10, ""reg_lambda"": 0.1973635939439833, ""subsample"": 0.6835155855997488, ""subsample_freq"": 1}"
1,4,32,1,0.422371673511031,0.4190636749897708,0.07194103487428502,"{""colsample_bytree"": 0.44557553533063593, ""learning_rate"": 0.010850109650891964, ""max_depth"": 4, ""min_child_samples"": 7, ""num_leaves"": 10, ""reg_lambda"": 0.1973635939439833, ""subsample"": 0.6835155855997488, ""subsample_freq"": 1}"
1,4,36,1,0.5009289482855709,0.5223224357243911,0.08268204200735814,"{""colsample_bytree"": 0.44557553533063593, ""learning_rate"": 0.010850109650891964, ""max_depth"": 4, ""min_child_samples"": 7, ""num_leaves"": 10, ""reg_lambda"": 0.1973635939439833, ""subsample"": 0.6835155855997488, ""subsample_freq"": 1}"
1,4,47,1,0.3535563119638547,0.38131189735052184,0.0450601627240195,"{""colsample_bytree"": 0.44557553533063593, ""learning_rate"": 0.010850109650891964, ""max_depth"": 4, ""min_child_samples"": 7, ""num_leaves"": 10, ""reg_lambda"": 0.1973635939439833, ""subsample"": 0.6835155855997488, ""subsample_freq"": 1}"
1,4,53,0,0.3107162500050364,0.3087022383436976,0.06988514050636618,"{""colsample_bytree"": 0.44557553533063593, ""learning_rate"": 0.010850109650891964, ""max_depth"": 4, ""min_child_samples"": 7, ""num_leaves"": 10, ""reg_lambda"": 0.1973635939439833, ""subsample"": 0.6835155855997488, ""subsample_freq"": 1}"
1,4,54,0,0.20680952400234734,0.19103477405632233,0.060216122530812335,"{""colsample_bytree"": 0.44557553533063593, ""learning_rate"": 0.010850109650891964, ""max_depth"": 4, ""min_child_samples"": 7, ""num_leaves"": 10, ""reg_lambda"": 0.1973635939439833, ""subsample"": 0.6835155855997488, ""subsample_freq"": 1}"
1,4,55,1,0.3664285015384156,0.34872651466842963,0.05097229542808688,"{""colsample_bytree"": 0.44557553533063593, ""learning_rate"": 0.010850109650891964, ""max_depth"": 4, ""min_child_samples"": 7, ""num_leaves"": 10, ""reg_lambda"": 0.1973635939439833, ""subsample"": 0.6835155855997488, ""subsample_freq"": 1}"
1,4,60,0,0.2170153452797551,0.221889139743346,0.08340545428268993,"{""colsample_bytree"": 0.44557553533063593, ""learning_rate"": 0.010850109650891964, ""max_depth"": 4, ""min_child_samples"": 7, ""num_leaves"": 10, ""reg_lambda"": 0.1973635939439833, ""subsample"": 0.6835155855997488, ""subsample_freq"": 1}"
1,4,62,0,0.22731776259626638,0.2183076366251245,0.06552110622918918,"{""colsample_bytree"": 0.44557553533063593, ""learning_rate"": 0.010850109650891964, ""max_depth"": 4, ""min_child_samples"": 7, ""num_leaves"": 10, ""reg_lambda"": 0.1973635939439833, ""subsample"": 0.6835155855997488, ""subsample_freq"": 1}"
1,4,63,1,0.4195417978478398,0.3990614525915611,0.05664283497608197,"{""colsample_bytree"": 0.44557553533063593, ""learning_rate"": 0.010850109650891964, ""max_depth"": 4, ""min_child_samples"": 7, ""num_leaves"": 10, ""reg_lambda"": 0.1973635939439833, ""subsample"": 0.6835155855997488, ""subsample_freq"": 1}"
1,4,70,0,0.24874806734280702,0.21224410639105784,0.04770672266566922,"{""colsample_bytree"": 0.44557553533063593, ""learning_rate"": 0.010850109650891964, ""max_depth"": 4, ""min_child_samples"": 7, ""num_leaves"": 10, ""reg_lambda"": 0.1973635939439833, ""subsample"": 0.6835155855997488, ""subsample_freq"": 1}"
1,4,71,1,0.5087852920129448,0.5863023726793231,0.15842421214830862,"{""colsample_bytree"": 0.44557553533063593, ""learning_rate"": 0.010850109650891964, ""max_depth"": 4, ""min_child_samples"": 7, ""num_leaves"": 10, ""reg_lambda"": 0.1973635939439833, ""subsample"": 0.6835155855997488, ""subsample_freq"": 1}"
1,4,73,0,0.4385779788988384,0.4023947436354294,0.06633301144558106,"{""colsample_bytree"": 0.44557553533063593, ""learning_rate"": 0.010850109650891964, ""max_depth"": 4, ""min_child_samples"": 7, ""num_leaves"": 10, ""reg_lambda"": 0.1973635939439833, ""subsample"": 0.6835155855997488, ""subsample_freq"": 1}"
1,4,85,1,0.41164197820533843,0.42654697293783184,0.09249010828055144,"{""colsample_bytree"": 0.44557553533063593, ""learning_rate"": 0.010850109650891964, ""max_depth"": 4, ""min_child_samples"": 7, ""num_leaves"": 10, ""reg_lambda"": 0.1973635939439833, ""subsample"": 0.6835155855997488, ""subsample_freq"": 1}"
1,4,89,1,0.47514255935675787,0.4765074879244084,0.0773117238705089,"{""colsample_bytree"": 0.44557553533063593, ""learning_rate"": 0.010850109650891964, ""max_depth"": 4, ""min_child_samples"": 7, ""num_leaves"": 10, ""reg_lambda"": 0.1973635939439833, ""subsample"": 0.6835155855997488, ""subsample_freq"": 1}"
1,4,100,0,0.49780303529901315,0.570818261026982,0.11761424511892166,"{""colsample_bytree"": 0.44557553533063593, ""learning_rate"": 0.010850109650891964, ""max_depth"": 4, ""min_child_samples"": 7, ""num_leaves"": 10, ""reg_lambda"": 0.1973635939439833, ""subsample"": 0.6835155855997488, ""subsample_freq"": 1}"
1,4,105,0,0.21774830971776374,0.2102820830241418,0.08434054517271669,"{""colsample_bytree"": 0.44557553533063593, ""learning_rate"": 0.010850109650891964, ""max_depth"": 4, ""min_child_samples"": 7, ""num_leaves"": 10, ""reg_lambda"": 0.1973635939439833, ""subsample"": 0.6835155855997488, ""subsample_freq"": 1}"
1,4,113,0,0.12490538981599211,0.10303963550851636,0.07179011962726506,"{""colsample_bytree"": 0.44557553533063593, ""learning_rate"": 0.010850109650891964, ""max_depth"": 4, ""min_child_samples"": 7, ""num_leaves"": 10, ""reg_lambda"": 0.1973635939439833, ""subsample"": 0.6835155855997488, ""subsample_freq"": 1}"
1,4,114,1,0.70412212191941,0.7805902827304798,0.13036852748358788,"{""colsample_bytree"": 0.44557553533063593, ""learning_rate"": 0.010850109650891964, ""max_depth"": 4, ""min_child_samples"": 7, ""num_leaves"": 10, ""reg_lambda"": 0.1973635939439833, ""subsample"": 0.6835155855997488, ""subsample_freq"": 1}"
1,4,118,0,0.4309361681297933,0.418024162918005,0.11713862302660319,"{""colsample_bytree"": 0.44557553533063593, ""learning_rate"": 0.010850109650891964, ""max_depth"": 4, ""min_child_samples"": 7, ""num_leaves"": 10, ""reg_lambda"": 0.1973635939439833, ""subsample"": 0.6835155855997488, ""subsample_freq"": 1}"
1,4,119,1,0.46146981941173143,0.46712770987763924,0.18321193309487338,"{""colsample_bytree"": 0.44557553533063593, ""learning_rate"": 0.010850109650891964, ""max_depth"": 4, ""min_child_samples"": 7, ""num_leaves"": 10, ""reg_lambda"": 0.1973635939439833, ""subsample"": 0.6835155855997488, ""subsample_freq"": 1}"
1,4,127,0,0.6161203290173023,0.697137487941133,0.14385298956971543,"{""colsample_bytree"": 0.44557553533063593, ""learning_rate"": 0.010850109650891964, ""max_depth"": 4, ""min_child_samples"": 7, ""num_leaves"": 10, ""reg_lambda"": 0.1973635939439833, ""subsample"": 0.6835155855997488, ""subsample_freq"": 1}"
1,4,133,0,0.2994401481881987,0.3320173257511013,0.059095761380948526,"{""colsample_bytree"": 0.44557553533063593, ""learning_rate"": 0.010850109650891964, ""max_depth"": 4, ""min_child_samples"": 7, ""num_leaves"": 10, ""reg_lambda"": 0.1973635939439833, ""subsample"": 0.6835155855997488, ""subsample_freq"": 1}"
1,4,142,1,0.15601690767420734,0.15356059389915958,0.07267208812018273,"{""colsample_bytree"": 0.44557553533063593, ""learning_rate"": 0.010850109650891964, ""max_depth"": 4, ""min_child_samples"": 7, ""num_leaves"": 10, ""reg_lambda"": 0.1973635939439833, ""subsample"": 0.6835155855997488, ""subsample_freq"": 1}"
1,4,151,0,0.36372109501052996,0.36132169285846877,0.0628021977443718,"{""colsample_bytree"": 0.44557553533063593, ""learning_rate"": 0.010850109650891964, ""max_depth"": 4, ""min_child_samples"": 7, ""num_leaves"": 10, ""reg_lambda"": 0.1973635939439833, ""subsample"": 0.6835155855997488, ""subsample_freq"": 1}"
1,4,153,0,0.2870464855314881,0.267317081958793,0.02863311341257997,"{""colsample_bytree"": 0.44557553533063593, ""learning_rate"": 0.010850109650891964, ""max_depth"": 4, ""min_child_samples"": 7, ""num_leaves"": 10, ""reg_lambda"": 0.1973635939439833, ""subsample"": 0.6835155855997488, ""subsample_freq"": 1}"
1,4,155,1,0.4904567398188439,0.5157240699694092,0.11553414333675036,"{""colsample_bytree"": 0.44557553533063593, ""learning_rate"": 0.010850109650891964, ""max_depth"": 4, ""min_child_samples"": 7, ""num_leaves"": 10, ""reg_lambda"": 0.1973635939439833, ""subsample"": 0.6835155855997488, ""subsample_freq"": 1}"
1,4,160,0,0.5231218333224255,0.5005463359621594,0.11486407333366826,"{""colsample_bytree"": 0.44557553533063593, ""learning_rate"": 0.010850109650891964, ""max_depth"": 4, ""min_child_samples"": 7, ""num_leaves"": 10, ""reg_lambda"": 0.1973635939439833, ""subsample"": 0.6835155855997488, ""subsample_freq"": 1}"
1,4,165,0,0.518541489007518,0.5531467766703762,0.04955693426143365,"{""colsample_bytree"": 0.44557553533063593, ""learning_rate"": 0.010850109650891964, ""max_depth"": 4, ""min_child_samples"": 7, ""num_leaves"": 10, ""reg_lambda"": 0.1973635939439833, ""subsample"": 0.6835155855997488, ""subsample_freq"": 1}"
1,4,166,0,0.20017088820772325,0.16568433990131912,0.07640005764939167,"{""colsample_bytree"": 0.44557553533063593, ""learning_rate"": 0.010850109650891964, ""max_depth"": 4, ""min_child_samples"": 7, ""num_leaves"": 10, ""reg_lambda"": 0.1973635939439833, ""subsample"": 0.6835155855997488, ""subsample_freq"": 1}"
1,4,168,0,0.16191099297883543,0.13078494224087828,0.07270249523537589,"{""colsample_bytree"": 0.44557553533063593, ""learning_rate"": 0.010850109650891964, ""max_depth"": 4, ""min_child_samples"": 7, ""num_leaves"": 10, ""reg_lambda"": 0.1973635939439833, ""subsample"": 0.6835155855997488, ""subsample_freq"": 1}"
1,4,171,0,0.2692998399152811,0.2216604193488374,0.10276876965862439,"{""colsample_bytree"": 0.44557553533063593, ""learning_rate"": 0.010850109650891964, ""max_depth"": 4, ""min_child_samples"": 7, ""num_leaves"": 10, ""reg_lambda"": 0.1973635939439833, ""subsample"": 0.6835155855997488, ""subsample_freq"": 1}"
1,4,174,1,0.6187079696685789,0.6985114237566072,0.09178320056381016,"{""colsample_bytree"": 0.44557553533063593, ""learning_rate"": 0.010850109650891964, ""max_depth"": 4, ""min_child_samples"": 7, ""num_leaves"": 10, ""reg_lambda"": 0.1973635939439833, ""subsample"": 0.6835155855997488, ""subsample_freq"": 1}"
1,4,177,1,0.46935245865680725,0.5323612729607397,0.11546192426060499,"{""colsample_bytree"": 0.44557553533063593, ""learning_rate"": 0.010850109650891964, ""max_depth"": 4, ""min_child_samples"": 7, ""num_leaves"": 10, ""reg_lambda"": 0.1973635939439833, ""subsample"": 0.6835155855997488, ""subsample_freq"": 1}"
1,4,188,0,0.18353237063930178,0.14966866341772683,0.07421211213083077,"{""colsample_bytree"": 0.44557553533063593, ""learning_rate"": 0.010850109650891964, ""max_depth"": 4, ""min_child_samples"": 7, ""num_leaves"": 10, ""reg_lambda"": 0.1973635939439833, ""subsample"": 0.6835155855997488, ""subsample_freq"": 1}"
1,4,189,1,0.495788793624093,0.5570528209012473,0.1089242505460579,"{""colsample_bytree"": 0.44557553533063593, ""learning_rate"": 0.010850109650891964, ""max_depth"": 4, ""min_child_samples"": 7, ""num_leaves"": 10, ""reg_lambda"": 0.1973635939439833, ""subsample"": 0.6835155855997488, ""subsample_freq"": 1}"
1,4,206,1,0.4485049147002984,0.4514384245254914,0.07152024545362481,"{""colsample_bytree"": 0.44557553533063593, ""learning_rate"": 0.010850109650891964, ""max_depth"": 4, ""min_child_samples"": 7, ""num_leaves"": 10, ""reg_lambda"": 0.1973635939439833, ""subsample"": 0.6835155855997488, ""subsample_freq"": 1}"
1,4,209,0,0.6593091723691142,0.7027299104777671,0.1497103444462568,"{""colsample_bytree"": 0.44557553533063593, ""learning_rate"": 0.010850109650891964, ""max_depth"": 4, ""min_child_samples"": 7, ""num_leaves"": 10, ""reg_lambda"": 0.1973635939439833, ""subsample"": 0.6835155855997488, ""subsample_freq"": 1}"
1,4,213,0,0.5699959451768254,0.6604311275700828,0.15405744524212486,"{""colsample_bytree"": 0.44557553533063593, ""learning_rate"": 0.010850109650891964, ""max_depth"": 4, ""min_child_samples"": 7, ""num_leaves"": 10, ""reg_lambda"": 0.1973635939439833, ""subsample"": 0.6835155855997488, ""subsample_freq"": 1}"
1,4,215,0,0.4493515350764626,0.45985825417924175,0.08696271128245853,"{""colsample_bytree"": 0.44557553533063593, ""learning_rate"": 0.010850109650891964, ""max_depth"": 4, ""min_child_samples"": 7, ""num_leaves"": 10, ""reg_lambda"": 0.1973635939439833, ""subsample"": 0.6835155855997488, ""subsample_freq"": 1}"
1,4,221,1,0.3640517433582965,0.44700622874143114,0.08080108648498048,"{""colsample_bytree"": 0.44557553533063593, ""learning_rate"": 0.010850109650891964, ""max_depth"": 4, ""min_child_samples"": 7, ""num_leaves"": 10, ""reg_lambda"": 0.1973635939439833, ""subsample"": 0.6835155855997488, ""subsample_freq"": 1}"
1,4,224,0,0.5157625194902892,0.5874800186455531,0.1132054051815959,"{""colsample_bytree"": 0.44557553533063593, ""learning_rate"": 0.010850109650891964, ""max_depth"": 4, ""min_child_samples"": 7, ""num_leaves"": 10, ""reg_lambda"": 0.1973635939439833, ""subsample"": 0.6835155855997488, ""subsample_freq"": 1}"
1,4,227,1,0.2281129245622335,0.2028308291286142,0.08916994934318208,"{""colsample_bytree"": 0.44557553533063593, ""learning_rate"": 0.010850109650891964, ""max_depth"": 4, ""min_child_samples"": 7, ""num_leaves"": 10, ""reg_lambda"": 0.1973635939439833, ""subsample"": 0.6835155855997488, ""subsample_freq"": 1}"
1,4,233,0,0.3519935961801701,0.3680774419288444,0.07188176512052243,"{""colsample_bytree"": 0.44557553533063593, ""learning_rate"": 0.010850109650891964, ""max_depth"": 4, ""min_child_samples"": 7, ""num_leaves"": 10, ""reg_lambda"": 0.1973635939439833, ""subsample"": 0.6835155855997488, ""subsample_freq"": 1}"
1,4,241,1,0.3534830261596941,0.39870707791822213,0.11847138524054597,"{""colsample_bytree"": 0.44557553533063593, ""learning_rate"": 0.010850109650891964, ""max_depth"": 4, ""min_child_samples"": 7, ""num_leaves"": 10, ""reg_lambda"": 0.1973635939439833, ""subsample"": 0.6835155855997488, ""subsample_freq"": 1}"
1,4,243,0,0.3116421880108049,0.3157186016670003,0.06899981381959916,"{""colsample_bytree"": 0.44557553533063593, ""learning_rate"": 0.010850109650891964, ""max_depth"": 4, ""min_child_samples"": 7, ""num_leaves"": 10, ""reg_lambda"": 0.1973635939439833, ""subsample"": 0.6835155855997488, ""subsample_freq"": 1}"
1,4,251,0,0.29764465885826336,0.2647081785954354,0.08756098958888281,"{""colsample_bytree"": 0.44557553533063593, ""learning_rate"": 0.010850109650891964, ""max_depth"": 4, ""min_child_samples"": 7, ""num_leaves"": 10, ""reg_lambda"": 0.1973635939439833, ""subsample"": 0.6835155855997488, ""subsample_freq"": 1}"
1,4,253,0,0.48845181173260727,0.48459831028462086,0.10274536409021795,"{""colsample_bytree"": 0.44557553533063593, ""learning_rate"": 0.010850109650891964, ""max_depth"": 4, ""min_child_samples"": 7, ""num_leaves"": 10, ""reg_lambda"": 0.1973635939439833, ""subsample"": 0.6835155855997488, ""subsample_freq"": 1}"
1,4,271,0,0.5050462235963731,0.5674636136148046,0.1380023047710662,"{""colsample_bytree"": 0.44557553533063593, ""learning_rate"": 0.010850109650891964, ""max_depth"": 4, ""min_child_samples"": 7, ""num_leaves"": 10, ""reg_lambda"": 0.1973635939439833, ""subsample"": 0.6835155855997488, ""subsample_freq"": 1}"
1,4,273,1,0.5803251625563671,0.6899404660317024,0.12024604259414039,"{""colsample_bytree"": 0.44557553533063593, ""learning_rate"": 0.010850109650891964, ""max_depth"": 4, ""min_child_samples"": 7, ""num_leaves"": 10, ""reg_lambda"": 0.1973635939439833, ""subsample"": 0.6835155855997488, ""subsample_freq"": 1}"
1,4,278,0,0.5553354612008756,0.522253901001217,0.12031847746194585,"{""colsample_bytree"": 0.44557553533063593, ""learning_rate"": 0.010850109650891964, ""max_depth"": 4, ""min_child_samples"": 7, ""num_leaves"": 10, ""reg_lambda"": 0.1973635939439833, ""subsample"": 0.6835155855997488, ""subsample_freq"": 1}"
1,4,280,0,0.307476511603855,0.2652114699687589,0.0891201916814838,"{""colsample_bytree"": 0.44557553533063593, ""learning_rate"": 0.010850109650891964, ""max_depth"": 4, ""min_child_samples"": 7, ""num_leaves"": 10, ""reg_lambda"": 0.1973635939439833, ""subsample"": 0.6835155855997488, ""subsample_freq"": 1}"
1,4,287,0,0.2998657238180932,0.26530211167238993,0.04857028409698583,"{""colsample_bytree"": 0.44557553533063593, ""learning_rate"": 0.010850109650891964, ""max_depth"": 4, ""min_child_samples"": 7, ""num_leaves"": 10, ""reg_lambda"": 0.1973635939439833, ""subsample"": 0.6835155855997488, ""subsample_freq"": 1}"
1,4,288,1,0.26306470192223197,0.2402139414239232,0.08111495223124991,"{""colsample_bytree"": 0.44557553533063593, ""learning_rate"": 0.010850109650891964, ""max_depth"": 4, ""min_child_samples"": 7, ""num_leaves"": 10, ""reg_lambda"": 0.1973635939439833, ""subsample"": 0.6835155855997488, ""subsample_freq"": 1}"
1,4,293,0,0.20969932079963902,0.21625100266283495,0.06742982282071638,"{""colsample_bytree"": 0.44557553533063593, ""learning_rate"": 0.010850109650891964, ""max_depth"": 4, ""min_child_samples"": 7, ""num_leaves"": 10, ""reg_lambda"": 0.1973635939439833, ""subsample"": 0.6835155855997488, ""subsample_freq"": 1}"
2,0,15,1,0.5365513291670273,0.5525752657104378,0.0535639377417444,"{""colsample_bytree"": 0.8938662044258752, ""learning_rate"": 0.01092897482867578, ""max_depth"": 4, ""min_child_samples"": 28, ""num_leaves"": 4, ""reg_lambda"": 2.8949762559474532, ""subsample"": 0.7893343807872838, ""subsample_freq"": 1}"
2,0,21,1,0.5708288045090357,0.5784072382773016,0.08291227926682401,"{""colsample_bytree"": 0.8938662044258752, ""learning_rate"": 0.01092897482867578, ""max_depth"": 4, ""min_child_samples"": 28, ""num_leaves"": 4, ""reg_lambda"": 2.8949762559474532, ""subsample"": 0.7893343807872838, ""subsample_freq"": 1}"
2,0,44,0,0.30405782168635426,0.26989722464555554,0.060572879437519406,"{""colsample_bytree"": 0.8938662044258752, ""learning_rate"": 0.01092897482867578, ""max_depth"": 4, ""min_child_samples"": 28, ""num_leaves"": 4, ""reg_lambda"": 2.8949762559474532, ""subsample"": 0.7893343807872838, ""subsample_freq"": 1}"
2,0,45,1,0.3032101164635771,0.30662849786809465,0.04138092917892614,"{""colsample_bytree"": 0.8938662044258752, ""learning_rate"": 0.01092897482867578, ""max_depth"": 4, ""min_child_samples"": 28, ""num_leaves"": 4, ""reg_lambda"": 2.8949762559474532, ""subsample"": 0.7893343807872838, ""subsample_freq"": 1}"
2,0,48,0,0.14880340129176295,0.12829715851906479,0.07895423266732457,"{""colsample_bytree"": 0.8938662044258752, ""learning_rate"": 0.01092897482867578, ""max_depth"": 4, ""min_child_samples"": 28, ""num_leaves"": 4, ""reg_lambda"": 2.8949762559474532, ""subsample"": 0.7893343807872838, ""subsample_freq"": 1}"
2,0,50,1,0.6229763701940713,0.6525987893903737,0.10013818986295386,"{""colsample_bytree"": 0.8938662044258752, ""learning_rate"": 0.01092897482867578, ""max_depth"": 4, ""min_child_samples"": 28, ""num_leaves"": 4, ""reg_lambda"": 2.8949762559474532, ""subsample"": 0.7893343807872838, ""subsample_freq"": 1}"
2,0,51,1,0.4456333816253598,0.43642641069905164,0.08364786538340352,"{""colsample_bytree"": 0.8938662044258752, ""learning_rate"": 0.01092897482867578, ""max_depth"": 4, ""min_child_samples"": 28, ""num_leaves"": 4, ""reg_lambda"": 2.8949762559474532, ""subsample"": 0.7893343807872838, ""subsample_freq"": 1}"
2,0,59,1,0.4479549343048287,0.46178783081251673,0.07884277802973222,"{""colsample_bytree"": 0.8938662044258752, ""learning_rate"": 0.01092897482867578, ""max_depth"": 4, ""min_child_samples"": 28, ""num_leaves"": 4, ""reg_lambda"": 2.8949762559474532, ""subsample"": 0.7893343807872838, ""subsample_freq"": 1}"
2,0,63,1,0.4974397872376421,0.4676771060870236,0.0463858375979462,"{""colsample_bytree"": 0.8938662044258752, ""learning_rate"": 0.01092897482867578, ""max_depth"": 4, ""min_child_samples"": 28, ""num_leaves"": 4, ""reg_lambda"": 2.8949762559474532, ""subsample"": 0.7893343807872838, ""subsample_freq"": 1}"
2,0,64,0,0.18451747653470338,0.15871163550692186,0.08438145779691632,"{""colsample_bytree"": 0.8938662044258752, ""learning_rate"": 0.01092897482867578, ""max_depth"": 4, ""min_child_samples"": 28, ""num_leaves"": 4, ""reg_lambda"": 2.8949762559474532, ""subsample"": 0.7893343807872838, ""subsample_freq"": 1}"
2,0,65,1,0.3706774150011482,0.322740552397519,0.040112949390405175,"{""colsample_bytree"": 0.8938662044258752, ""learning_rate"": 0.01092897482867578, ""max_depth"": 4, ""min_child_samples"": 28, ""num_leaves"": 4, ""reg_lambda"": 2.8949762559474532, ""subsample"": 0.7893343807872838, ""subsample_freq"": 1}"
2,0,67,0,0.4077929373275565,0.37171523256595623,0.017759293401451985,"{""colsample_bytree"": 0.8938662044258752, ""learning_rate"": 0.01092897482867578, ""max_depth"": 4, ""min_child_samples"": 28, ""num_leaves"": 4, ""reg_lambda"": 2.8949762559474532, ""subsample"": 0.7893343807872838, ""subsample_freq"": 1}"
2,0,72,0,0.38560869831864475,0.3920799704986381,0.046011088222212206,"{""colsample_bytree"": 0.8938662044258752, ""learning_rate"": 0.01092897482867578, ""max_depth"": 4, ""min_child_samples"": 28, ""num_leaves"": 4, ""reg_lambda"": 2.8949762559474532, ""subsample"": 0.7893343807872838, ""subsample_freq"": 1}"
2,0,82,1,0.49363345945593845,0.5015058607983733,0.08584755765556504,"{""colsample_bytree"": 0.8938662044258752, ""learning_rate"": 0.01092897482867578, ""max_depth"": 4, ""min_child_samples"": 28, ""num_leaves"": 4, ""reg_lambda"": 2.8949762559474532, ""subsample"": 0.7893343807872838, ""subsample_freq"": 1}"
2,0,91,0,0.4600569890729972,0.4622231372926041,0.05445690112534841,"{""colsample_bytree"": 0.8938662044258752, ""learning_rate"": 0.01092897482867578, ""max_depth"": 4, ""min_child_samples"": 28, ""num_leaves"": 4, ""reg_lambda"": 2.8949762559474532, ""subsample"": 0.7893343807872838, ""subsample_freq"": 1}"
2,0,93,0,0.5769478531173414,0.6507891428999788,0.09776588195046122,"{""colsample_bytree"": 0.8938662044258752, ""learning_rate"": 0.01092897482867578, ""max_depth"": 4, ""min_child_samples"": 28, ""num_leaves"": 4, ""reg_lambda"": 2.8949762559474532, ""subsample"": 0.7893343807872838, ""subsample_freq"": 1}"
2,0,101,1,0.6838781242078602,0.6982722357803379,0.07847020309658588,"{""colsample_bytree"": 0.8938662044258752, ""learning_rate"": 0.01092897482867578, ""max_depth"": 4, ""min_child_samples"": 28, ""num_leaves"": 4, ""reg_lambda"": 2.8949762559474532, ""subsample"": 0.7893343807872838, ""subsample_freq"": 1}"
2,0,109,1,0.5246486255375317,0.5669183505891505,0.10691652967305088,"{""colsample_bytree"": 0.8938662044258752, ""learning_rate"": 0.01092897482867578, ""max_depth"": 4, ""min_child_samples"": 28, ""num_leaves"": 4, ""reg_lambda"": 2.8949762559474532, ""subsample"": 0.7893343807872838, ""subsample_freq"": 1}"
2,0,115,1,0.5823331021817071,0.6423984329497948,0.11061754599697371,"{""colsample_bytree"": 0.8938662044258752, ""learning_rate"": 0.01092897482867578, ""max_depth"": 4, ""min_child_samples"": 28, ""num_leaves"": 4, ""reg_lambda"": 2.8949762559474532, ""subsample"": 0.7893343807872838, ""subsample_freq"": 1}"
2,0,120,1,0.46860475514260874,0.5103051025984918,0.11182038784781848,"{""colsample_bytree"": 0.8938662044258752, ""learning_rate"": 0.01092897482867578, ""max_depth"": 4, ""min_child_samples"": 28, ""num_leaves"": 4, ""reg_lambda"": 2.8949762559474532, ""subsample"": 0.7893343807872838, ""subsample_freq"": 1}"
2,0,121,0,0.5061987403772932,0.51961430857349,0.06725580711272683,"{""colsample_bytree"": 0.8938662044258752, ""learning_rate"": 0.01092897482867578, ""max_depth"": 4, ""min_child_samples"": 28, ""num_leaves"": 4, ""reg_lambda"": 2.8949762559474532, ""subsample"": 0.7893343807872838, ""subsample_freq"": 1}"
2,0,125,1,0.36242902263573246,0.3385311164837129,0.03522659501495058,"{""colsample_bytree"": 0.8938662044258752, ""learning_rate"": 0.01092897482867578, ""max_depth"": 4, ""min_child_samples"": 28, ""num_leaves"": 4, ""reg_lambda"": 2.8949762559474532, ""subsample"": 0.7893343807872838, ""subsample_freq"": 1}"
2,0,128,0,0.5241264986515365,0.533228590431442,0.05419336722394323,"{""colsample_bytree"": 0.8938662044258752, ""learning_rate"": 0.01092897482867578, ""max_depth"": 4, ""min_child_samples"": 28, ""num_leaves"": 4, ""reg_lambda"": 2.8949762559474532, ""subsample"": 0.7893343807872838, ""subsample_freq"": 1}"
2,0,134,0,0.386366540504152,0.40778892282843104,0.06582506601653235,"{""colsample_bytree"": 0.8938662044258752, ""learning_rate"": 0.01092897482867578, ""max_depth"": 4, ""min_child_samples"": 28, ""num_leaves"": 4, ""reg_lambda"": 2.8949762559474532, ""subsample"": 0.7893343807872838, ""subsample_freq"": 1}"
2,0,135,0,0.47572373342363017,0.4770019058174107,0.05708227161293313,"{""colsample_bytree"": 0.8938662044258752, ""learning_rate"": 0.01092897482867578, ""max_depth"": 4, ""min_child_samples"": 28, ""num_leaves"": 4, ""reg_lambda"": 2.8949762559474532, ""subsample"": 0.7893343807872838, ""subsample_freq"": 1}"
2,0,137,0,0.18602636823844262,0.1488483507979499,0.0672458488136212,"{""colsample_bytree"": 0.8938662044258752, ""learning_rate"": 0.01092897482867578, ""max_depth"": 4, ""min_child_samples"": 28, ""num_leaves"": 4, ""reg_lambda"": 2.8949762559474532, ""subsample"": 0.7893343807872838, ""subsample_freq"": 1}"
2,0,144,1,0.3518152302014998,0.3233708070036155,0.05383604430867646,"{""colsample_bytree"": 0.8938662044258752, ""learning_rate"": 0.01092897482867578, ""max_depth"": 4, ""min_child_samples"": 28, ""num_leaves"": 4, ""reg_lambda"": 2.8949762559474532, ""subsample"": 0.7893343807872838, ""subsample_freq"": 1}"
2,0,145,1,0.5213559902937654,0.5571728667699244,0.09659017241959993,"{""colsample_bytree"": 0.8938662044258752, ""learning_rate"": 0.01092897482867578, ""max_depth"": 4, ""min_child_samples"": 28, ""num_leaves"": 4, ""reg_lambda"": 2.8949762559474532, ""subsample"": 0.7893343807872838, ""subsample_freq"": 1}"
2,0,146,0,0.6662761029540482,0.6981489075787455,0.08974563649880365,"{""colsample_bytree"": 0.8938662044258752, ""learning_rate"": 0.01092897482867578, ""max_depth"": 4, ""min_child_samples"": 28, ""num_leaves"": 4, ""reg_lambda"": 2.8949762559474532, ""subsample"": 0.7893343807872838, ""subsample_freq"": 1}"
2,0,151,0,0.5027951466009124,0.5378196303242594,0.08800022191447686,"{""colsample_bytree"": 0.8938662044258752, ""learning_rate"": 0.01092897482867578, ""max_depth"": 4, ""min_child_samples"": 28, ""num_leaves"": 4, ""reg_lambda"": 2.8949762559474532, ""subsample"": 0.7893343807872838, ""subsample_freq"": 1}"
2,0,153,0,0.48002464522177823,0.4513711525201229,0.06685076512386239,"{""colsample_bytree"": 0.8938662044258752, ""learning_rate"": 0.01092897482867578, ""max_depth"": 4, ""min_child_samples"": 28, ""num_leaves"": 4, ""reg_lambda"": 2.8949762559474532, ""subsample"": 0.7893343807872838, ""subsample_freq"": 1}"
2,0,161,0,0.7192142105130575,0.7672466222971498,0.10029509627737901,"{""colsample_bytree"": 0.8938662044258752, ""learning_rate"": 0.01092897482867578, ""max_depth"": 4, ""min_child_samples"": 28, ""num_leaves"": 4, ""reg_lambda"": 2.8949762559474532, ""subsample"": 0.7893343807872838, ""subsample_freq"": 1}"
2,0,162,0,0.36824023501622655,0.3817647875049811,0.03145263210245866,"{""colsample_bytree"": 0.8938662044258752, ""learning_rate"": 0.01092897482867578, ""max_depth"": 4, ""min_child_samples"": 28, ""num_leaves"": 4, ""reg_lambda"": 2.8949762559474532, ""subsample"": 0.7893343807872838, ""subsample_freq"": 1}"
2,0,166,0,0.1695067632416797,0.1694349818514934,0.07533135056668858,"{""colsample_bytree"": 0.8938662044258752, ""learning_rate"": 0.01092897482867578, ""max_depth"": 4, ""min_child_samples"": 28, ""num_leaves"": 4, ""reg_lambda"": 2.8949762559474532, ""subsample"": 0.7893343807872838, ""subsample_freq"": 1}"
2,0,171,0,0.4083698048329134,0.4237348863795341,0.06259455783707675,"{""colsample_bytree"": 0.8938662044258752, ""learning_rate"": 0.01092897482867578, ""max_depth"": 4, ""min_child_samples"": 28, ""num_leaves"": 4, ""reg_lambda"": 2.8949762559474532, ""subsample"": 0.7893343807872838, ""subsample_freq"": 1}"
2,0,174,1,0.6876518381215795,0.7178619233928702,0.12668065204915693,"{""colsample_bytree"": 0.8938662044258752, ""learning_rate"": 0.01092897482867578, ""max_depth"": 4, ""min_child_samples"": 28, ""num_leaves"": 4, ""reg_lambda"": 2.8949762559474532, ""subsample"": 0.7893343807872838, ""subsample_freq"": 1}"
2,0,175,0,0.4128102369924751,0.36154407358590307,0.07740700303536416,"{""colsample_bytree"": 0.8938662044258752, ""learning_rate"": 0.01092897482867578, ""max_depth"": 4, ""min_child_samples"": 28, ""num_leaves"": 4, ""reg_lambda"": 2.8949762559474532, ""subsample"": 0.7893343807872838, ""subsample_freq"": 1}"
2,0,177,1,0.5051989974731732,0.5427201791175923,0.06437906793667787,"{""colsample_bytree"": 0.8938662044258752, ""learning_rate"": 0.01092897482867578, ""max_depth"": 4, ""min_child_samples"": 28, ""num_leaves"": 4, ""reg_lambda"": 2.8949762559474532, ""subsample"": 0.7893343807872838, ""subsample_freq"": 1}"
2,0,184,1,0.3655236374994178,0.36868364716616314,0.04230734149268893,"{""colsample_bytree"": 0.8938662044258752, ""learning_rate"": 0.01092897482867578, ""max_depth"": 4, ""min_child_samples"": 28, ""num_leaves"": 4, ""reg_lambda"": 2.8949762559474532, ""subsample"": 0.7893343807872838, ""subsample_freq"": 1}"
2,0,196,0,0.17160855243322437,0.16661456071674005,0.0634816581636046,"{""colsample_bytree"": 0.8938662044258752, ""learning_rate"": 0.01092897482867578, ""max_depth"": 4, ""min_child_samples"": 28, ""num_leaves"": 4, ""reg_lambda"": 2.8949762559474532, ""subsample"": 0.7893343807872838, ""subsample_freq"": 1}"
2,0,198,0,0.6215639911302945,0.6143133760327094,0.09008130214652109,"{""colsample_bytree"": 0.8938662044258752, ""learning_rate"": 0.01092897482867578, ""max_depth"": 4, ""min_child_samples"": 28, ""num_leaves"": 4, ""reg_lambda"": 2.8949762559474532, ""subsample"": 0.7893343807872838, ""subsample_freq"": 1}"
2,0,199,0,0.21527288893697955,0.19991591083632373,0.06070409421570164,"{""colsample_bytree"": 0.8938662044258752, ""learning_rate"": 0.01092897482867578, ""max_depth"": 4, ""min_child_samples"": 28, ""num_leaves"": 4, ""reg_lambda"": 2.8949762559474532, ""subsample"": 0.7893343807872838, ""subsample_freq"": 1}"
2,0,208,0,0.3656517534043502,0.39328458445663456,0.07335336648804995,"{""colsample_bytree"": 0.8938662044258752, ""learning_rate"": 0.01092897482867578, ""max_depth"": 4, ""min_child_samples"": 28, ""num_leaves"": 4, ""reg_lambda"": 2.8949762559474532, ""subsample"": 0.7893343807872838, ""subsample_freq"": 1}"
2,0,212,0,0.12207203162820718,0.10740295011733278,0.0678633793153764,"{""colsample_bytree"": 0.8938662044258752, ""learning_rate"": 0.01092897482867578, ""max_depth"": 4, ""min_child_samples"": 28, ""num_leaves"": 4, ""reg_lambda"": 2.8949762559474532, ""subsample"": 0.7893343807872838, ""subsample_freq"": 1}"
2,0,213,0,0.5428140832428293,0.5935370246937326,0.07111792630817537,"{""colsample_bytree"": 0.8938662044258752, ""learning_rate"": 0.01092897482867578, ""max_depth"": 4, ""min_child_samples"": 28, ""num_leaves"": 4, ""reg_lambda"": 2.8949762559474532, ""subsample"": 0.7893343807872838, ""subsample_freq"": 1}"
2,0,218,0,0.2724218748438497,0.2702748208337696,0.06922766869172003,"{""colsample_bytree"": 0.8938662044258752, ""learning_rate"": 0.01092897482867578, ""max_depth"": 4, ""min_child_samples"": 28, ""num_leaves"": 4, ""reg_lambda"": 2.8949762559474532, ""subsample"": 0.7893343807872838, ""subsample_freq"": 1}"
2,0,219,1,0.1952540644954505,0.15698130929740337,0.08400957016542246,"{""colsample_bytree"": 0.8938662044258752, ""learning_rate"": 0.01092897482867578, ""max_depth"": 4, ""min_child_samples"": 28, ""num_leaves"": 4, ""reg_lambda"": 2.8949762559474532, ""subsample"": 0.7893343807872838, ""subsample_freq"": 1}"
2,0,224,0,0.4335528431588558,0.4524762200955421,0.0233773990611196,"{""colsample_bytree"": 0.8938662044258752, ""learning_rate"": 0.01092897482867578, ""max_depth"": 4, ""min_child_samples"": 28, ""num_leaves"": 4, ""reg_lambda"": 2.8949762559474532, ""subsample"": 0.7893343807872838, ""subsample_freq"": 1}"
2,0,225,0,0.439031039944777,0.41175780730801276,0.0783498591572407,"{""colsample_bytree"": 0.8938662044258752, ""learning_rate"": 0.01092897482867578, ""max_depth"": 4, ""min_child_samples"": 28, ""num_leaves"": 4, ""reg_lambda"": 2.8949762559474532, ""subsample"": 0.7893343807872838, ""subsample_freq"": 1}"
2,0,229,1,0.35488159763952654,0.3447283609153621,0.06255243256347807,"{""colsample_bytree"": 0.8938662044258752, ""learning_rate"": 0.01092897482867578, ""max_depth"": 4, ""min_child_samples"": 28, ""num_leaves"": 4, ""reg_lambda"": 2.8949762559474532, ""subsample"": 0.7893343807872838, ""subsample_freq"": 1}"
2,0,231,0,0.5007406035811436,0.5158067967430779,0.06361527288057689,"{""colsample_bytree"": 0.8938662044258752, ""learning_rate"": 0.01092897482867578, ""max_depth"": 4, ""min_child_samples"": 28, ""num_leaves"": 4, ""reg_lambda"": 2.8949762559474532, ""subsample"": 0.7893343807872838, ""subsample_freq"": 1}"
2,0,235,1,0.5301972429695673,0.5261425262697328,0.04832459327993033,"{""colsample_bytree"": 0.8938662044258752, ""learning_rate"": 0.01092897482867578, ""max_depth"": 4, ""min_child_samples"": 28, ""num_leaves"": 4, ""reg_lambda"": 2.8949762559474532, ""subsample"": 0.7893343807872838, ""subsample_freq"": 1}"
2,0,236,1,0.1989693776413114,0.20001802393898807,0.06998652715337134,"{""colsample_bytree"": 0.8938662044258752, ""learning_rate"": 0.01092897482867578, ""max_depth"": 4, ""min_child_samples"": 28, ""num_leaves"": 4, ""reg_lambda"": 2.8949762559474532, ""subsample"": 0.7893343807872838, ""subsample_freq"": 1}"
2,0,244,1,0.4203345331429036,0.44363878330142176,0.06684062903830003,"{""colsample_bytree"": 0.8938662044258752, ""learning_rate"": 0.01092897482867578, ""max_depth"": 4, ""min_child_samples"": 28, ""num_leaves"": 4, ""reg_lambda"": 2.8949762559474532, ""subsample"": 0.7893343807872838, ""subsample_freq"": 1}"
2,0,253,0,0.38854156008095847,0.34657301665222373,0.01931895361932459,"{""colsample_bytree"": 0.8938662044258752, ""learning_rate"": 0.01092897482867578, ""max_depth"": 4, ""min_child_samples"": 28, ""num_leaves"": 4, ""reg_lambda"": 2.8949762559474532, ""subsample"": 0.7893343807872838, ""subsample_freq"": 1}"
2,0,271,0,0.4785012879533078,0.4841170710687197,0.10358506136074716,"{""colsample_bytree"": 0.8938662044258752, ""learning_rate"": 0.01092897482867578, ""max_depth"": 4, ""min_child_samples"": 28, ""num_leaves"": 4, ""reg_lambda"": 2.8949762559474532, ""subsample"": 0.7893343807872838, ""subsample_freq"": 1}"
2,0,275,0,0.4208812302232417,0.4085220323791815,0.04204403404094181,"{""colsample_bytree"": 0.8938662044258752, ""learning_rate"": 0.01092897482867578, ""max_depth"": 4, ""min_child_samples"": 28, ""num_leaves"": 4, ""reg_lambda"": 2.8949762559474532, ""subsample"": 0.7893343807872838, ""subsample_freq"": 1}"
2,0,290,0,0.41594650333120003,0.4198336560706598,0.0983414779843756,"{""colsample_bytree"": 0.8938662044258752, ""learning_rate"": 0.01092897482867578, ""max_depth"": 4, ""min_child_samples"": 28, ""num_leaves"": 4, ""reg_lambda"": 2.8949762559474532, ""subsample"": 0.7893343807872838, ""subsample_freq"": 1}"
2,0,291,0,0.17384885479469314,0.16662975528018392,0.06922676143075068,"{""colsample_bytree"": 0.8938662044258752, ""learning_rate"": 0.01092897482867578, ""max_depth"": 4, ""min_child_samples"": 28, ""num_leaves"": 4, ""reg_lambda"": 2.8949762559474532, ""subsample"": 0.7893343807872838, ""subsample_freq"": 1}"
2,0,293,0,0.3622575656613868,0.3624871411873924,0.117280163299124,"{""colsample_bytree"": 0.8938662044258752, ""learning_rate"": 0.01092897482867578, ""max_depth"": 4, ""min_child_samples"": 28, ""num_leaves"": 4, ""reg_lambda"": 2.8949762559474532, ""subsample"": 0.7893343807872838, ""subsample_freq"": 1}"
2,0,302,0,0.37904633906470986,0.3272009345885414,0.05174626411526911,"{""colsample_bytree"": 0.8938662044258752, ""learning_rate"": 0.01092897482867578, ""max_depth"": 4, ""min_child_samples"": 28, ""num_leaves"": 4, ""reg_lambda"": 2.8949762559474532, ""subsample"": 0.7893343807872838, ""subsample_freq"": 1}"
2,1,0,0,0.33208276611040694,0.2958566580577456,0.06892909894530469,"{""colsample_bytree"": 0.7645480145686858, ""learning_rate"": 0.015467072390708297, ""max_depth"": 2, ""min_child_samples"": 10, ""num_leaves"": 14, ""reg_lambda"": 12.982156023621771, ""subsample"": 0.8304112431317116, ""subsample_freq"": 1}"
2,1,3,0,0.35628538780257785,0.3279423502834448,0.03260040453324326,"{""colsample_bytree"": 0.7645480145686858, ""learning_rate"": 0.015467072390708297, ""max_depth"": 2, ""min_child_samples"": 10, ""num_leaves"": 14, ""reg_lambda"": 12.982156023621771, ""subsample"": 0.8304112431317116, ""subsample_freq"": 1}"
2,1,6,0,0.3418858404307075,0.35396243438107877,0.05443743798037068,"{""colsample_bytree"": 0.7645480145686858, ""learning_rate"": 0.015467072390708297, ""max_depth"": 2, ""min_child_samples"": 10, ""num_leaves"": 14, ""reg_lambda"": 12.982156023621771, ""subsample"": 0.8304112431317116, ""subsample_freq"": 1}"
2,1,7,1,0.3808762419169444,0.36115929926489465,0.05787054400417882,"{""colsample_bytree"": 0.7645480145686858, ""learning_rate"": 0.015467072390708297, ""max_depth"": 2, ""min_child_samples"": 10, ""num_leaves"": 14, ""reg_lambda"": 12.982156023621771, ""subsample"": 0.8304112431317116, ""subsample_freq"": 1}"
2,1,11,1,0.558931970050819,0.665396230701003,0.03301651536581692,"{""colsample_bytree"": 0.7645480145686858, ""learning_rate"": 0.015467072390708297, ""max_depth"": 2, ""min_child_samples"": 10, ""num_leaves"": 14, ""reg_lambda"": 12.982156023621771, ""subsample"": 0.8304112431317116, ""subsample_freq"": 1}"
2,1,17,0,0.30840521238891516,0.2673042366303333,0.021255194813032393,"{""colsample_bytree"": 0.7645480145686858, ""learning_rate"": 0.015467072390708297, ""max_depth"": 2, ""min_child_samples"": 10, ""num_leaves"": 14, ""reg_lambda"": 12.982156023621771, ""subsample"": 0.8304112431317116, ""subsample_freq"": 1}"
2,1,18,0,0.5281137750807683,0.6093221354231985,0.09393407428705415,"{""colsample_bytree"": 0.7645480145686858, ""learning_rate"": 0.015467072390708297, ""max_depth"": 2, ""min_child_samples"": 10, ""num_leaves"": 14, ""reg_lambda"": 12.982156023621771, ""subsample"": 0.8304112431317116, ""subsample_freq"": 1}"
2,1,30,0,0.5572923993556773,0.6444049103747727,0.08879156986666012,"{""colsample_bytree"": 0.7645480145686858, ""learning_rate"": 0.015467072390708297, ""max_depth"": 2, ""min_child_samples"": 10, ""num_leaves"": 14, ""reg_lambda"": 12.982156023621771, ""subsample"": 0.8304112431317116, ""subsample_freq"": 1}"
2,1,33,1,0.5965495026915247,0.7115645027736323,0.07244627036125748,"{""colsample_bytree"": 0.7645480145686858, ""learning_rate"": 0.015467072390708297, ""max_depth"": 2, ""min_child_samples"": 10, ""num_leaves"": 14, ""reg_lambda"": 12.982156023621771, ""subsample"": 0.8304112431317116, ""subsample_freq"": 1}"
2,1,34,0,0.36958519991285643,0.3932915425171777,0.07651644426028638,"{""colsample_bytree"": 0.7645480145686858, ""learning_rate"": 0.015467072390708297, ""max_depth"": 2, ""min_child_samples"": 10, ""num_leaves"": 14, ""reg_lambda"": 12.982156023621771, ""subsample"": 0.8304112431317116, ""subsample_freq"": 1}"
2,1,39,1,0.45362735911764673,0.5198647577764082,0.0645792403287367,"{""colsample_bytree"": 0.7645480145686858, ""learning_rate"": 0.015467072390708297, ""max_depth"": 2, ""min_child_samples"": 10, ""num_leaves"": 14, ""reg_lambda"": 12.982156023621771, ""subsample"": 0.8304112431317116, ""subsample_freq"": 1}"
2,1,56,1,0.3384757480173038,0.3253859763611725,0.04292662012511072,"{""colsample_bytree"": 0.7645480145686858, ""learning_rate"": 0.015467072390708297, ""max_depth"": 2, ""min_child_samples"": 10, ""num_leaves"": 14, ""reg_lambda"": 12.982156023621771, ""subsample"": 0.8304112431317116, ""subsample_freq"": 1}"
2,1,58,1,0.28175107228054774,0.20410403666689536,0.03452446506394514,"{""colsample_bytree"": 0.7645480145686858, ""learning_rate"": 0.015467072390708297, ""max_depth"": 2, ""min_child_samples"": 10, ""num_leaves"": 14, ""reg_lambda"": 12.982156023621771, ""subsample"": 0.8304112431317116, ""subsample_freq"": 1}"
2,1,60,0,0.22052219085473423,0.15029040094191726,0.024558074203493183,"{""colsample_bytree"": 0.7645480145686858, ""learning_rate"": 0.015467072390708297, ""max_depth"": 2, ""min_child_samples"": 10, ""num_leaves"": 14, ""reg_lambda"": 12.982156023621771, ""subsample"": 0.8304112431317116, ""subsample_freq"": 1}"
2,1,74,1,0.6149972452554558,0.7440396023483455,0.08402762113566827,"{""colsample_bytree"": 0.7645480145686858, ""learning_rate"": 0.015467072390708297, ""max_depth"": 2, ""min_child_samples"": 10, ""num_leaves"": 14, ""reg_lambda"": 12.982156023621771, ""subsample"": 0.8304112431317116, ""subsample_freq"": 1}"
2,1,80,1,0.42995903277981823,0.438917097122549,0.05747474229694631,"{""colsample_bytree"": 0.7645480145686858, ""learning_rate"": 0.015467072390708297, ""max_depth"": 2, ""min_child_samples"": 10, ""num_leaves"": 14, ""reg_lambda"": 12.982156023621771, ""subsample"": 0.8304112431317116, ""subsample_freq"": 1}"
2,1,84,0,0.5030974554966442,0.5877614601527563,0.09794590056108976,"{""colsample_bytree"": 0.7645480145686858, ""learning_rate"": 0.015467072390708297, ""max_depth"": 2, ""min_child_samples"": 10, ""num_leaves"": 14, ""reg_lambda"": 12.982156023621771, ""subsample"": 0.8304112431317116, ""subsample_freq"": 1}"
2,1,85,1,0.41646982661925414,0.4519778814401591,0.07176226465524152,"{""colsample_bytree"": 0.7645480145686858, ""learning_rate"": 0.015467072390708297, ""max_depth"": 2, ""min_child_samples"": 10, ""num_leaves"": 14, ""reg_lambda"": 12.982156023621771, ""subsample"": 0.8304112431317116, ""subsample_freq"": 1}"
2,1,88,1,0.529407879253722,0.6208657985224264,0.0488205521676819,"{""colsample_bytree"": 0.7645480145686858, ""learning_rate"": 0.015467072390708297, ""max_depth"": 2, ""min_child_samples"": 10, ""num_leaves"": 14, ""reg_lambda"": 12.982156023621771, ""subsample"": 0.8304112431317116, ""subsample_freq"": 1}"
2,1,97,1,0.3311484989973278,0.2997948250746298,0.029654030650297734,"{""colsample_bytree"": 0.7645480145686858, ""learning_rate"": 0.015467072390708297, ""max_depth"": 2, ""min_child_samples"": 10, ""num_leaves"": 14, ""reg_lambda"": 12.982156023621771, ""subsample"": 0.8304112431317116, ""subsample_freq"": 1}"
2,1,99,0,0.31223659131554193,0.25813877768598875,0.0708478749435886,"{""colsample_bytree"": 0.7645480145686858, ""learning_rate"": 0.015467072390708297, ""max_depth"": 2, ""min_child_samples"": 10, ""num_leaves"": 14, ""reg_lambda"": 12.982156023621771, ""subsample"": 0.8304112431317116, ""subsample_freq"": 1}"
2,1,104,1,0.3801814932910086,0.37187179206520193,0.07210007613968289,"{""colsample_bytree"": 0.7645480145686858, ""learning_rate"": 0.015467072390708297, ""max_depth"": 2, ""min_child_samples"": 10, ""num_leaves"": 14, ""reg_lambda"": 12.982156023621771, ""subsample"": 0.8304112431317116, ""subsample_freq"": 1}"
2,1,112,1,0.4455347795740167,0.5209486652163294,0.06465085238522095,"{""colsample_bytree"": 0.7645480145686858, ""learning_rate"": 0.015467072390708297, ""max_depth"": 2, ""min_child_samples"": 10, ""num_leaves"": 14, ""reg_lambda"": 12.982156023621771, ""subsample"": 0.8304112431317116, ""subsample_freq"": 1}"
2,1,114,1,0.6149027945214578,0.6963408093236904,0.08621451714223786,"{""colsample_bytree"": 0.7645480145686858, ""learning_rate"": 0.015467072390708297, ""max_depth"": 2, ""min_child_samples"": 10, ""num_leaves"": 14, ""reg_lambda"": 12.982156023621771, ""subsample"": 0.8304112431317116, ""subsample_freq"": 1}"
2,1,116,0,0.39440568210689364,0.3919217581727788,0.060603054765753256,"{""colsample_bytree"": 0.7645480145686858, ""learning_rate"": 0.015467072390708297, ""max_depth"": 2, ""min_child_samples"": 10, ""num_leaves"": 14, ""reg_lambda"": 12.982156023621771, ""subsample"": 0.8304112431317116, ""subsample_freq"": 1}"
2,1,117,1,0.48972160339508325,0.5885471763413455,0.04779207347321655,"{""colsample_bytree"": 0.7645480145686858, ""learning_rate"": 0.015467072390708297, ""max_depth"": 2, ""min_child_samples"": 10, ""num_leaves"": 14, ""reg_lambda"": 12.982156023621771, ""subsample"": 0.8304112431317116, ""subsample_freq"": 1}"
2,1,118,0,0.43797103271897253,0.4459296011460238,0.06193737996809092,"{""colsample_bytree"": 0.7645480145686858, ""learning_rate"": 0.015467072390708297, ""max_depth"": 2, ""min_child_samples"": 10, ""num_leaves"": 14, ""reg_lambda"": 12.982156023621771, ""subsample"": 0.8304112431317116, ""subsample_freq"": 1}"
2,1,132,0,0.39940874390901865,0.42060280160274893,0.0735244339235756,"{""colsample_bytree"": 0.7645480145686858, ""learning_rate"": 0.015467072390708297, ""max_depth"": 2, ""min_child_samples"": 10, ""num_leaves"": 14, ""reg_lambda"": 12.982156023621771, ""subsample"": 0.8304112431317116, ""subsample_freq"": 1}"
2,1,139,1,0.38497883793809373,0.39518334737257954,0.073957359971583,"{""colsample_bytree"": 0.7645480145686858, ""learning_rate"": 0.015467072390708297, ""max_depth"": 2, ""min_child_samples"": 10, ""num_leaves"": 14, ""reg_lambda"": 12.982156023621771, ""subsample"": 0.8304112431317116, ""subsample_freq"": 1}"
2,1,152,0,0.3285737145445522,0.31457446724987786,0.060519711173059675,"{""colsample_bytree"": 0.7645480145686858, ""learning_rate"": 0.015467072390708297, ""max_depth"": 2, ""min_child_samples"": 10, ""num_leaves"": 14, ""reg_lambda"": 12.982156023621771, ""subsample"": 0.8304112431317116, ""subsample_freq"": 1}"
2,1,155,1,0.5503608662156649,0.6547276222367001,0.03401849456399131,"{""colsample_bytree"": 0.7645480145686858, ""learning_rate"": 0.015467072390708297, ""max_depth"": 2, ""min_child_samples"": 10, ""num_leaves"": 14, ""reg_lambda"": 12.982156023621771, ""subsample"": 0.8304112431317116, ""subsample_freq"": 1}"
2,1,156,1,0.36596866992905597,0.38858195798521966,0.08752047611195934,"{""colsample_bytree"": 0.7645480145686858, ""learning_rate"": 0.015467072390708297, ""max_depth"": 2, ""min_child_samples"": 10, ""num_leaves"": 14, ""reg_lambda"": 12.982156023621771, ""subsample"": 0.8304112431317116, ""subsample_freq"": 1}"
2,1,159,0,0.46802125804878275,0.5594306983693169,0.05370650694990568,"{""colsample_bytree"": 0.7645480145686858, ""learning_rate"": 0.015467072390708297, ""max_depth"": 2, ""min_child_samples"": 10, ""num_leaves"": 14, ""reg_lambda"": 12.982156023621771, ""subsample"": 0.8304112431317116, ""subsample_freq"": 1}"
2,1,163,1,0.44934005090024826,0.4568707817956711,0.06844676940151137,"{""colsample_bytree"": 0.7645480145686858, ""learning_rate"": 0.015467072390708297, ""max_depth"": 2, ""min_child_samples"": 10, ""num_leaves"": 14, ""reg_lambda"": 12.982156023621771, ""subsample"": 0.8304112431317116, ""subsample_freq"": 1}"
2,1,165,0,0.5193080940988444,0.6106119374804114,0.11109316610084034,"{""colsample_bytree"": 0.7645480145686858, ""learning_rate"": 0.015467072390708297, ""max_depth"": 2, ""min_child_samples"": 10, ""num_leaves"": 14, ""reg_lambda"": 12.982156023621771, ""subsample"": 0.8304112431317116, ""subsample_freq"": 1}"
2,1,172,0,0.37430605593357114,0.34833557175784546,0.025268628112892547,"{""colsample_bytree"": 0.7645480145686858, ""learning_rate"": 0.015467072390708297, ""max_depth"": 2, ""min_child_samples"": 10, ""num_leaves"": 14, ""reg_lambda"": 12.982156023621771, ""subsample"": 0.8304112431317116, ""subsample_freq"": 1}"
2,1,176,0,0.2370714088416805,0.17910948017941122,0.049221121362949725,"{""colsample_bytree"": 0.7645480145686858, ""learning_rate"": 0.015467072390708297, ""max_depth"": 2, ""min_child_samples"": 10, ""num_leaves"": 14, ""reg_lambda"": 12.982156023621771, ""subsample"": 0.8304112431317116, ""subsample_freq"": 1}"
2,1,180,0,0.2769188507857369,0.21308977481841557,0.040597582649773714,"{""colsample_bytree"": 0.7645480145686858, ""learning_rate"": 0.015467072390708297, ""max_depth"": 2, ""min_child_samples"": 10, ""num_leaves"": 14, ""reg_lambda"": 12.982156023621771, ""subsample"": 0.8304112431317116, ""subsample_freq"": 1}"
2,1,183,0,0.4711831123058394,0.5434206349558182,0.05724023906692272,"{""colsample_bytree"": 0.7645480145686858, ""learning_rate"": 0.015467072390708297, ""max_depth"": 2, ""min_child_samples"": 10, ""num_leaves"": 14, ""reg_lambda"": 12.982156023621771, ""subsample"": 0.8304112431317116, ""subsample_freq"": 1}"
2,1,188,0,0.24072301572523433,0.18531441500341922,0.05509827279836054,"{""colsample_bytree"": 0.7645480145686858, ""learning_rate"": 0.015467072390708297, ""max_depth"": 2, ""min_child_samples"": 10, ""num_leaves"": 14, ""reg_lambda"": 12.982156023621771, ""subsample"": 0.8304112431317116, ""subsample_freq"": 1}"
2,1,189,1,0.5925657633089189,0.689111320781395,0.0580684638195209,"{""colsample_bytree"": 0.7645480145686858, ""learning_rate"": 0.015467072390708297, ""max_depth"": 2, ""min_child_samples"": 10, ""num_leaves"": 14, ""reg_lambda"": 12.982156023621771, ""subsample"": 0.8304112431317116, ""subsample_freq"": 1}"
2,1,190,0,0.26821783776954566,0.21970385822839078,0.05719766993724279,"{""colsample_bytree"": 0.7645480145686858, ""learning_rate"": 0.015467072390708297, ""max_depth"": 2, ""min_child_samples"": 10, ""num_leaves"": 14, ""reg_lambda"": 12.982156023621771, ""subsample"": 0.8304112431317116, ""subsample_freq"": 1}"
2,1,203,0,0.2586163834208803,0.2034269005593822,0.048017287424337994,"{""colsample_bytree"": 0.7645480145686858, ""learning_rate"": 0.015467072390708297, ""max_depth"": 2, ""min_child_samples"": 10, ""num_leaves"": 14, ""reg_lambda"": 12.982156023621771, ""subsample"": 0.8304112431317116, ""subsample_freq"": 1}"
2,1,207,0,0.37198027051316235,0.32478038570409107,0.056698407270913825,"{""colsample_bytree"": 0.7645480145686858, ""learning_rate"": 0.015467072390708297, ""max_depth"": 2, ""min_child_samples"": 10, ""num_leaves"": 14, ""reg_lambda"": 12.982156023621771, ""subsample"": 0.8304112431317116, ""subsample_freq"": 1}"
2,1,210,0,0.22499720338411347,0.16309053027544243,0.008470952295894525,"{""colsample_bytree"": 0.7645480145686858, ""learning_rate"": 0.015467072390708297, ""max_depth"": 2, ""min_child_samples"": 10, ""num_leaves"": 14, ""reg_lambda"": 12.982156023621771, ""subsample"": 0.8304112431317116, ""subsample_freq"": 1}"
2,1,215,0,0.5209932542671295,0.5850140215613632,0.017636324797398836,"{""colsample_bytree"": 0.7645480145686858, ""learning_rate"": 0.015467072390708297, ""max_depth"": 2, ""min_child_samples"": 10, ""num_leaves"": 14, ""reg_lambda"": 12.982156023621771, ""subsample"": 0.8304112431317116, ""subsample_freq"": 1}"
2,1,220,1,0.4600168057070208,0.5273244330650322,0.05558097935690391,"{""colsample_bytree"": 0.7645480145686858, ""learning_rate"": 0.015467072390708297, ""max_depth"": 2, ""min_child_samples"": 10, ""num_leaves"": 14, ""reg_lambda"": 12.982156023621771, ""subsample"": 0.8304112431317116, ""subsample_freq"": 1}"
2,1,228,0,0.39426972001916294,0.3909437685539608,0.054774766183422634,"{""colsample_bytree"": 0.7645480145686858, ""learning_rate"": 0.015467072390708297, ""max_depth"": 2, ""min_child_samples"": 10, ""num_leaves"": 14, ""reg_lambda"": 12.982156023621771, ""subsample"": 0.8304112431317116, ""subsample_freq"": 1}"
2,1,237,0,0.35495104712121806,0.30863544878531923,0.074186587231063,"{""colsample_bytree"": 0.7645480145686858, ""learning_rate"": 0.015467072390708297, ""max_depth"": 2, ""min_child_samples"": 10, ""num_leaves"": 14, ""reg_lambda"": 12.982156023621771, ""subsample"": 0.8304112431317116, ""subsample_freq"": 1}"
2,1,239,0,0.49935116931214446,0.5758303049059725,0.11174734236667275,"{""colsample_bytree"": 0.7645480145686858, ""learning_rate"": 0.015467072390708297, ""max_depth"": 2, ""min_child_samples"": 10, ""num_leaves"": 14, ""reg_lambda"": 12.982156023621771, ""subsample"": 0.8304112431317116, ""subsample_freq"": 1}"
2,1,241,1,0.36319080008616234,0.35029924179075406,0.07742815357188844,"{""colsample_bytree"": 0.7645480145686858, ""learning_rate"": 0.015467072390708297, ""max_depth"": 2, ""min_child_samples"": 10, ""num_leaves"": 14, ""reg_lambda"": 12.982156023621771, ""subsample"": 0.8304112431317116, ""subsample_freq"": 1}"
2,1,247,0,0.16668612262487859,0.08948413204224555,0.01789431418541163,"{""colsample_bytree"": 0.7645480145686858, ""learning_rate"": 0.015467072390708297, ""max_depth"": 2, ""min_child_samples"": 10, ""num_leaves"": 14, ""reg_lambda"": 12.982156023621771, ""subsample"": 0.8304112431317116, ""subsample_freq"": 1}"
2,1,249,1,0.5571205755865686,0.639073124154836,0.09691295055867491,"{""colsample_bytree"": 0.7645480145686858, ""learning_rate"": 0.015467072390708297, ""max_depth"": 2, ""min_child_samples"": 10, ""num_leaves"": 14, ""reg_lambda"": 12.982156023621771, ""subsample"": 0.8304112431317116, ""subsample_freq"": 1}"
2,1,256,0,0.3407049940738032,0.3025960680659436,0.09105855118236279,"{""colsample_bytree"": 0.7645480145686858, ""learning_rate"": 0.015467072390708297, ""max_depth"": 2, ""min_child_samples"": 10, ""num_leaves"": 14, ""reg_lambda"": 12.982156023621771, ""subsample"": 0.8304112431317116, ""subsample_freq"": 1}"
2,1,258,0,0.27856093970069323,0.20767273286887625,0.018163873660250827,"{""colsample_bytree"": 0.7645480145686858, ""learning_rate"": 0.015467072390708297, ""max_depth"": 2, ""min_child_samples"": 10, ""num_leaves"": 14, ""reg_lambda"": 12.982156023621771, ""subsample"": 0.8304112431317116, ""subsample_freq"": 1}"
2,1,263,0,0.1609298463317452,0.0870136175514081,0.014719771964790863,"{""colsample_bytree"": 0.7645480145686858, ""learning_rate"": 0.015467072390708297, ""max_depth"": 2, ""min_child_samples"": 10, ""num_leaves"": 14, ""reg_lambda"": 12.982156023621771, ""subsample"": 0.8304112431317116, ""subsample_freq"": 1}"
2,1,267,1,0.446536565718133,0.5024980668874323,0.0840644867337918,"{""colsample_bytree"": 0.7645480145686858, ""learning_rate"": 0.015467072390708297, ""max_depth"": 2, ""min_child_samples"": 10, ""num_leaves"": 14, ""reg_lambda"": 12.982156023621771, ""subsample"": 0.8304112431317116, ""subsample_freq"": 1}"
2,1,274,0,0.5790906081486248,0.656560975002616,0.07400704284083907,"{""colsample_bytree"": 0.7645480145686858, ""learning_rate"": 0.015467072390708297, ""max_depth"": 2, ""min_child_samples"": 10, ""num_leaves"": 14, ""reg_lambda"": 12.982156023621771, ""subsample"": 0.8304112431317116, ""subsample_freq"": 1}"
2,1,277,0,0.4505108021189622,0.5112825600190438,0.062002953124186994,"{""colsample_bytree"": 0.7645480145686858, ""learning_rate"": 0.015467072390708297, ""max_depth"": 2, ""min_child_samples"": 10, ""num_leaves"": 14, ""reg_lambda"": 12.982156023621771, ""subsample"": 0.8304112431317116, ""subsample_freq"": 1}"
2,1,278,0,0.5744344826670974,0.7018136354645919,0.023564443626314734,"{""colsample_bytree"": 0.7645480145686858, ""learning_rate"": 0.015467072390708297, ""max_depth"": 2, ""min_child_samples"": 10, ""num_leaves"": 14, ""reg_lambda"": 12.982156023621771, ""subsample"": 0.8304112431317116, ""subsample_freq"": 1}"
2,1,283,0,0.2731997922026885,0.26596081529843996,0.09617791782965925,"{""colsample_bytree"": 0.7645480145686858, ""learning_rate"": 0.015467072390708297, ""max_depth"": 2, ""min_child_samples"": 10, ""num_leaves"": 14, ""reg_lambda"": 12.982156023621771, ""subsample"": 0.8304112431317116, ""subsample_freq"": 1}"
2,2,9,1,0.8601779210016033,0.6682959689706451,0.13763744284798238,"{""colsample_bytree"": 0.8808287536098766, ""learning_rate"": 0.13141400006243353, ""max_depth"": 2, ""min_child_samples"": 18, ""num_leaves"": 10, ""reg_lambda"": 0.7961519738264833, ""subsample"": 0.7619176155986539, ""subsample_freq"": 1}"
2,2,10,1,0.8344450275980395,0.6427611600096533,0.1215967226914445,"{""colsample_bytree"": 0.8808287536098766, ""learning_rate"": 0.13141400006243353, ""max_depth"": 2, ""min_child_samples"": 18, ""num_leaves"": 10, ""reg_lambda"": 0.7961519738264833, ""subsample"": 0.7619176155986539, ""subsample_freq"": 1}"
2,2,16,0,0.015229818549485722,0.1621911978942694,0.0943686243490443,"{""colsample_bytree"": 0.8808287536098766, ""learning_rate"": 0.13141400006243353, ""max_depth"": 2, ""min_child_samples"": 18, ""num_leaves"": 10, ""reg_lambda"": 0.7961519738264833, ""subsample"": 0.7619176155986539, ""subsample_freq"": 1}"
2,2,19,1,0.7761287470761606,0.6283058786609517,0.11923623561363969,"{""colsample_bytree"": 0.8808287536098766, ""learning_rate"": 0.13141400006243353, ""max_depth"": 2, ""min_child_samples"": 18, ""num_leaves"": 10, ""reg_lambda"": 0.7961519738264833, ""subsample"": 0.7619176155986539, ""subsample_freq"": 1}"
2,2,20,1,0.39148228747047653,0.3611251022181942,0.07311536203069001,"{""colsample_bytree"": 0.8808287536098766, ""learning_rate"": 0.13141400006243353, ""max_depth"": 2, ""min_child_samples"": 18, ""num_leaves"": 10, ""reg_lambda"": 0.7961519738264833, ""subsample"": 0.7619176155986539, ""subsample_freq"": 1}"
2,2,35,0,0.005536846677956322,0.1407718541647331,0.08454867637089833,"{""colsample_bytree"": 0.8808287536098766, ""learning_rate"": 0.13141400006243353, ""max_depth"": 2, ""min_child_samples"": 18, ""num_leaves"": 10, ""reg_lambda"": 0.7961519738264833, ""subsample"": 0.7619176155986539, ""subsample_freq"": 1}"
2,2,38,0,0.8023232886165248,0.5543555671613953,0.10185524477174053,"{""colsample_bytree"": 0.8808287536098766, ""learning_rate"": 0.13141400006243353, ""max_depth"": 2, ""min_child_samples"": 18, ""num_leaves"": 10, ""reg_lambda"": 0.7961519738264833, ""subsample"": 0.7619176155986539, ""subsample_freq"": 1}"
2,2,41,0,0.00622515804000502,0.13230737664767978,0.08776253835737875,"{""colsample_bytree"": 0.8808287536098766, ""learning_rate"": 0.13141400006243353, ""max_depth"": 2, ""min_child_samples"": 18, ""num_leaves"": 10, ""reg_lambda"": 0.7961519738264833, ""subsample"": 0.7619176155986539, ""subsample_freq"": 1}"
2,2,42,0,0.07903829549022927,0.20349770010224874,0.07002814367955512,"{""colsample_bytree"": 0.8808287536098766, ""learning_rate"": 0.13141400006243353, ""max_depth"": 2, ""min_child_samples"": 18, ""num_leaves"": 10, ""reg_lambda"": 0.7961519738264833, ""subsample"": 0.7619176155986539, ""subsample_freq"": 1}"
2,2,46,1,0.009699258209829859,0.12811284551977223,0.10313993847677116,"{""colsample_bytree"": 0.8808287536098766, ""learning_rate"": 0.13141400006243353, ""max_depth"": 2, ""min_child_samples"": 18, ""num_leaves"": 10, ""reg_lambda"": 0.7961519738264833, ""subsample"": 0.7619176155986539, ""subsample_freq"": 1}"
2,2,49,0,0.5370573500156385,0.3886753340566865,0.10854647617062599,"{""colsample_bytree"": 0.8808287536098766, ""learning_rate"": 0.13141400006243353, ""max_depth"": 2, ""min_child_samples"": 18, ""num_leaves"": 10, ""reg_lambda"": 0.7961519738264833, ""subsample"": 0.7619176155986539, ""subsample_freq"": 1}"
2,2,54,0,0.01487181770807511,0.1609332697578709,0.0650059916876825,"{""colsample_bytree"": 0.8808287536098766, ""learning_rate"": 0.13141400006243353, ""max_depth"": 2, ""min_child_samples"": 18, ""num_leaves"": 10, ""reg_lambda"": 0.7961519738264833, ""subsample"": 0.7619176155986539, ""subsample_freq"": 1}"
2,2,55,1,0.40369524586754946,0.45812114627517353,0.06473676804251373,"{""colsample_bytree"": 0.8808287536098766, ""learning_rate"": 0.13141400006243353, ""max_depth"": 2, ""min_child_samples"": 18, ""num_leaves"": 10, ""reg_lambda"": 0.7961519738264833, ""subsample"": 0.7619176155986539, ""subsample_freq"": 1}"
2,2,61,0,0.1868477271586983,0.28557851892249564,0.09869782922406281,"{""colsample_bytree"": 0.8808287536098766, ""learning_rate"": 0.13141400006243353, ""max_depth"": 2, ""min_child_samples"": 18, ""num_leaves"": 10, ""reg_lambda"": 0.7961519738264833, ""subsample"": 0.7619176155986539, ""subsample_freq"": 1}"
2,2,62,0,0.15628416714224622,0.30581714193576437,0.11595165403538829,"{""colsample_bytree"": 0.8808287536098766, ""learning_rate"": 0.13141400006243353, ""max_depth"": 2, ""min_child_samples"": 18, ""num_leaves"": 10, ""reg_lambda"": 0.7961519738264833, ""subsample"": 0.7619176155986539, ""subsample_freq"": 1}"
2,2,68,0,0.0628884356566639,0.195667724115196,0.08457152366087803,"{""colsample_bytree"": 0.8808287536098766, ""learning_rate"": 0.13141400006243353, ""max_depth"": 2, ""min_child_samples"": 18, ""num_leaves"": 10, ""reg_lambda"": 0.7961519738264833, ""subsample"": 0.7619176155986539, ""subsample_freq"": 1}"
2,2,76,0,0.7190148583835612,0.5470741529566218,0.1107645754953113,"{""colsample_bytree"": 0.8808287536098766, ""learning_rate"": 0.13141400006243353, ""max_depth"": 2, ""min_child_samples"": 18, ""num_leaves"": 10, ""reg_lambda"": 0.7961519738264833, ""subsample"": 0.7619176155986539, ""subsample_freq"": 1}"
2,2,78,1,0.10316159537632659,0.2863893869206877,0.049909160357585365,"{""colsample_bytree"": 0.8808287536098766, ""learning_rate"": 0.13141400006243353, ""max_depth"": 2, ""min_child_samples"": 18, ""num_leaves"": 10, ""reg_lambda"": 0.7961519738264833, ""subsample"": 0.7619176155986539, ""subsample_freq"": 1}"
2,2,83,0,0.19361313883402706,0.26614260381898835,0.07590280610486726,"{""colsample_bytree"": 0.8808287536098766, ""learning_rate"": 0.13141400006243353, ""max_depth"": 2, ""min_child_samples"": 18, ""num_leaves"": 10, ""reg_lambda"": 0.7961519738264833, ""subsample"": 0.7619176155986539, ""subsample_freq"": 1}"
2,2,87,1,0.7658891645299023,0.6011977738444154,0.12365553169820392,"{""colsample_bytree"": 0.8808287536098766, ""learning_rate"": 0.13141400006243353, ""max_depth"": 2, ""min_child_samples"": 18, ""num_leaves"": 10, ""reg_lambda"": 0.7961519738264833, ""subsample"": 0.7619176155986539, ""subsample_freq"": 1}"
2,2,96,1,0.7984385618953908,0.573032247736391,0.12240045891679996,"{""colsample_bytree"": 0.8808287536098766, ""learning_rate"": 0.13141400006243353, ""max_depth"": 2, ""min_child_samples"": 18, ""num_leaves"": 10, ""reg_lambda"": 0.7961519738264833, ""subsample"": 0.7619176155986539, ""subsample_freq"": 1}"
2,2,105,0,0.01309090097987127,0.1843278338996817,0.07194035839707555,"{""colsample_bytree"": 0.8808287536098766, ""learning_rate"": 0.13141400006243353, ""max_depth"": 2, ""min_child_samples"": 18, ""num_leaves"": 10, ""reg_lambda"": 0.7961519738264833, ""subsample"": 0.7619176155986539, ""subsample_freq"": 1}"
2,2,106,0,0.9561320080465654,0.7553380285301049,0.11631630515471739,"{""colsample_bytree"": 0.8808287536098766, ""learning_rate"": 0.13141400006243353, ""max_depth"": 2, ""min_child_samples"": 18, ""num_leaves"": 10, ""reg_lambda"": 0.7961519738264833, ""subsample"": 0.7619176155986539, ""subsample_freq"": 1}"
2,2,107,1,0.05905330142743784,0.2840436313167678,0.08828006592484999,"{""colsample_bytree"": 0.8808287536098766, ""learning_rate"": 0.13141400006243353, ""max_depth"": 2, ""min_child_samples"": 18, ""num_leaves"": 10, ""reg_lambda"": 0.7961519738264833, ""subsample"": 0.7619176155986539, ""subsample_freq"": 1}"
2,2,108,0,0.11232370200203502,0.34625233865527444,0.12620572635622768,"{""colsample_bytree"": 0.8808287536098766, ""learning_rate"": 0.13141400006243353, ""max_depth"": 2, ""min_child_samples"": 18, ""num_leaves"": 10, ""reg_lambda"": 0.7961519738264833, ""subsample"": 0.7619176155986539, ""subsample_freq"": 1}"
2,2,110,1,0.29723011093145246,0.4060629199308209,0.08401823426973769,"{""colsample_bytree"": 0.8808287536098766, ""learning_rate"": 0.13141400006243353, ""max_depth"": 2, ""min_child_samples"": 18, ""num_leaves"": 10, ""reg_lambda"": 0.7961519738264833, ""subsample"": 0.7619176155986539, ""subsample_freq"": 1}"
2,2,113,0,0.010070765820607674,0.11449629763127053,0.07852489592560177,"{""colsample_bytree"": 0.8808287536098766, ""learning_rate"": 0.13141400006243353, ""max_depth"": 2, ""min_child_samples"": 18, ""num_leaves"": 10, ""reg_lambda"": 0.7961519738264833, ""subsample"": 0.7619176155986539, ""subsample_freq"": 1}"
2,2,119,1,0.8043730507591197,0.5417412205067648,0.16115190593459333,"{""colsample_bytree"": 0.8808287536098766, ""learning_rate"": 0.13141400006243353, ""max_depth"": 2, ""min_child_samples"": 18, ""num_leaves"": 10, ""reg_lambda"": 0.7961519738264833, ""subsample"": 0.7619176155986539, ""subsample_freq"": 1}"
2,2,127,0,0.7635714088022543,0.5884946922789472,0.168892364033936,"{""colsample_bytree"": 0.8808287536098766, ""learning_rate"": 0.13141400006243353, ""max_depth"": 2, ""min_child_samples"": 18, ""num_leaves"": 10, ""reg_lambda"": 0.7961519738264833, ""subsample"": 0.7619176155986539, ""subsample_freq"": 1}"
2,2,133,0,0.012502778349667789,0.1598612470138234,0.0792862596143224,"{""colsample_bytree"": 0.8808287536098766, ""learning_rate"": 0.13141400006243353, ""max_depth"": 2, ""min_child_samples"": 18, ""num_leaves"": 10, ""reg_lambda"": 0.7961519738264833, ""subsample"": 0.7619176155986539, ""subsample_freq"": 1}"
2,2,138,1,0.5090020941055,0.45469080161868025,0.0866326445322487,"{""colsample_bytree"": 0.8808287536098766, ""learning_rate"": 0.13141400006243353, ""max_depth"": 2, ""min_child_samples"": 18, ""num_leaves"": 10, ""reg_lambda"": 0.7961519738264833, ""subsample"": 0.7619176155986539, ""subsample_freq"": 1}"
2,2,141,0,0.13950307283869987,0.24372539928518994,0.10750467897022899,"{""colsample_bytree"": 0.8808287536098766, ""learning_rate"": 0.13141400006243353, ""max_depth"": 2, ""min_child_samples"": 18, ""num_leaves"": 10, ""reg_lambda"": 0.7961519738264833, ""subsample"": 0.7619176155986539, ""subsample_freq"": 1}"
2,2,148,1,0.14045002454566072,0.37947287276509056,0.10731403977487332,"{""colsample_bytree"": 0.8808287536098766, ""learning_rate"": 0.13141400006243353, ""max_depth"": 2, ""min_child_samples"": 18, ""num_leaves"": 10, ""reg_lambda"": 0.7961519738264833, ""subsample"": 0.7619176155986539, ""subsample_freq"": 1}"
2,2,149,1,0.42236480971151863,0.3690702418775159,0.09924678810491505,"{""colsample_bytree"": 0.8808287536098766, ""learning_rate"": 0.13141400006243353, ""max_depth"": 2, ""min_child_samples"": 18, ""num_leaves"": 10, ""reg_lambda"": 0.7961519738264833, ""subsample"": 0.7619176155986539, ""subsample_freq"": 1}"
2,2,158,1,0.7433204725288549,0.6002773425045004,0.10783230869235058,"{""colsample_bytree"": 0.8808287536098766, ""learning_rate"": 0.13141400006243353, ""max_depth"": 2, ""min_child_samples"": 18, ""num_leaves"": 10, ""reg_lambda"": 0.7961519738264833, ""subsample"": 0.7619176155986539, ""subsample_freq"": 1}"
2,2,160,0,0.1470889352050017,0.38358313185216525,0.090480297973059,"{""colsample_bytree"": 0.8808287536098766, ""learning_rate"": 0.13141400006243353, ""max_depth"": 2, ""min_child_samples"": 18, ""num_leaves"": 10, ""reg_lambda"": 0.7961519738264833, ""subsample"": 0.7619176155986539, ""subsample_freq"": 1}"
2,2,169,0,0.06099949763796939,0.22248974962455043,0.08840001486401361,"{""colsample_bytree"": 0.8808287536098766, ""learning_rate"": 0.13141400006243353, ""max_depth"": 2, ""min_child_samples"": 18, ""num_leaves"": 10, ""reg_lambda"": 0.7961519738264833, ""subsample"": 0.7619176155986539, ""subsample_freq"": 1}"
2,2,170,0,0.03877470387530298,0.13733550842938208,0.08184077140801933,"{""colsample_bytree"": 0.8808287536098766, ""learning_rate"": 0.13141400006243353, ""max_depth"": 2, ""min_child_samples"": 18, ""num_leaves"": 10, ""reg_lambda"": 0.7961519738264833, ""subsample"": 0.7619176155986539, ""subsample_freq"": 1}"
2,2,182,1,0.2706134000894559,0.40311669796830707,0.12879769211516418,"{""colsample_bytree"": 0.8808287536098766, ""learning_rate"": 0.13141400006243353, ""max_depth"": 2, ""min_child_samples"": 18, ""num_leaves"": 10, ""reg_lambda"": 0.7961519738264833, ""subsample"": 0.7619176155986539, ""subsample_freq"": 1}"
2,2,185,0,0.151155711514796,0.3388085677490723,0.05383467480701518,"{""colsample_bytree"": 0.8808287536098766, ""learning_rate"": 0.13141400006243353, ""max_depth"": 2, ""min_child_samples"": 18, ""num_leaves"": 10, ""reg_lambda"": 0.7961519738264833, ""subsample"": 0.7619176155986539, ""subsample_freq"": 1}"
2,2,200,0,0.0784027835257839,0.21649282925360844,0.11020798174426952,"{""colsample_bytree"": 0.8808287536098766, ""learning_rate"": 0.13141400006243353, ""max_depth"": 2, ""min_child_samples"": 18, ""num_leaves"": 10, ""reg_lambda"": 0.7961519738264833, ""subsample"": 0.7619176155986539, ""subsample_freq"": 1}"
2,2,201,0,0.7531432234755977,0.5752883283256222,0.1584531952161136,"{""colsample_bytree"": 0.8808287536098766, ""learning_rate"": 0.13141400006243353, ""max_depth"": 2, ""min_child_samples"": 18, ""num_leaves"": 10, ""reg_lambda"": 0.7961519738264833, ""subsample"": 0.7619176155986539, ""subsample_freq"": 1}"
2,2,202,1,0.9587633144501739,0.7679891938093444,0.14005013242294576,"{""colsample_bytree"": 0.8808287536098766, ""learning_rate"": 0.13141400006243353, ""max_depth"": 2, ""min_child_samples"": 18, ""num_leaves"": 10, ""reg_lambda"": 0.7961519738264833, ""subsample"": 0.7619176155986539, ""subsample_freq"": 1}"
2,2,205,0,0.31203932907050336,0.33592040793214184,0.09291192682428846,"{""colsample_bytree"": 0.8808287536098766, ""learning_rate"": 0.13141400006243353, ""max_depth"": 2, ""min_child_samples"": 18, ""num_leaves"": 10, ""reg_lambda"": 0.7961519738264833, ""subsample"": 0.7619176155986539, ""subsample_freq"": 1}"
2,2,206,1,0.227389403914856,0.4380420356968203,0.06518971500145039,"{""colsample_bytree"": 0.8808287536098766, ""learning_rate"": 0.13141400006243353, ""max_depth"": 2, ""min_child_samples"": 18, ""num_leaves"": 10, ""reg_lambda"": 0.7961519738264833, ""subsample"": 0.7619176155986539, ""subsample_freq"": 1}"
2,2,209,0,0.9863907951439886,0.7970637979349899,0.15735615209498685,"{""colsample_bytree"": 0.8808287536098766, ""learning_rate"": 0.13141400006243353, ""max_depth"": 2, ""min_child_samples"": 18, ""num_leaves"": 10, ""reg_lambda"": 0.7961519738264833, ""subsample"": 0.7619176155986539, ""subsample_freq"": 1}"
2,2,211,0,0.4259309824949089,0.4419344451154064,0.06396241751974026,"{""colsample_bytree"": 0.8808287536098766, ""learning_rate"": 0.13141400006243353, ""max_depth"": 2, ""min_child_samples"": 18, ""num_leaves"": 10, ""reg_lambda"": 0.7961519738264833, ""subsample"": 0.7619176155986539, ""subsample_freq"": 1}"
2,2,221,1,0.6308293489584764,0.4481472350115435,0.08696423751506144,"{""colsample_bytree"": 0.8808287536098766, ""learning_rate"": 0.13141400006243353, ""max_depth"": 2, ""min_child_samples"": 18, ""num_leaves"": 10, ""reg_lambda"": 0.7961519738264833, ""subsample"": 0.7619176155986539, ""subsample_freq"": 1}"
2,2,232,1,0.1825126076258574,0.29837427802161753,0.06544963952004573,"{""colsample_bytree"": 0.8808287536098766, ""learning_rate"": 0.13141400006243353, ""max_depth"": 2, ""min_child_samples"": 18, ""num_leaves"": 10, ""reg_lambda"": 0.7961519738264833, ""subsample"": 0.7619176155986539, ""subsample_freq"": 1}"
2,2,234,0,0.10968997017049607,0.2649230134392476,0.06941091747753907,"{""colsample_bytree"": 0.8808287536098766, ""learning_rate"": 0.13141400006243353, ""max_depth"": 2, ""min_child_samples"": 18, ""num_leaves"": 10, ""reg_lambda"": 0.7961519738264833, ""subsample"": 0.7619176155986539, ""subsample_freq"": 1}"
2,2,251,0,0.3600462151350424,0.36649514103361014,0.1009805938026824,"{""colsample_bytree"": 0.8808287536098766, ""learning_rate"": 0.13141400006243353, ""max_depth"": 2, ""min_child_samples"": 18, ""num_leaves"": 10, ""reg_lambda"": 0.7961519738264833, ""subsample"": 0.7619176155986539, ""subsample_freq"": 1}"
2,2,254,0,0.03596722541293098,0.2113993066542,0.08585212859574154,"{""colsample_bytree"": 0.8808287536098766, ""learning_rate"": 0.13141400006243353, ""max_depth"": 2, ""min_child_samples"": 18, ""num_leaves"": 10, ""reg_lambda"": 0.7961519738264833, ""subsample"": 0.7619176155986539, ""subsample_freq"": 1}"
2,2,268,0,0.0061771239734092894,0.10540729533464108,0.08776189323615856,"{""colsample_bytree"": 0.8808287536098766, ""learning_rate"": 0.13141400006243353, ""max_depth"": 2, ""min_child_samples"": 18, ""num_leaves"": 10, ""reg_lambda"": 0.7961519738264833, ""subsample"": 0.7619176155986539, ""subsample_freq"": 1}"
2,2,269,0,0.5502647709766544,0.47571840927685205,0.0837686851284924,"{""colsample_bytree"": 0.8808287536098766, ""learning_rate"": 0.13141400006243353, ""max_depth"": 2, ""min_child_samples"": 18, ""num_leaves"": 10, ""reg_lambda"": 0.7961519738264833, ""subsample"": 0.7619176155986539, ""subsample_freq"": 1}"
2,2,270,0,0.004322058008148207,0.10299699336987889,0.08463029801723865,"{""colsample_bytree"": 0.8808287536098766, ""learning_rate"": 0.13141400006243353, ""max_depth"": 2, ""min_child_samples"": 18, ""num_leaves"": 10, ""reg_lambda"": 0.7961519738264833, ""subsample"": 0.7619176155986539, ""subsample_freq"": 1}"
2,2,273,1,0.8240039197029316,0.6315516528297386,0.08600326304093246,"{""colsample_bytree"": 0.8808287536098766, ""learning_rate"": 0.13141400006243353, ""max_depth"": 2, ""min_child_samples"": 18, ""num_leaves"": 10, ""reg_lambda"": 0.7961519738264833, ""subsample"": 0.7619176155986539, ""subsample_freq"": 1}"
2,2,281,1,0.592545630310023,0.47664057584085945,0.16203986718273206,"{""colsample_bytree"": 0.8808287536098766, ""learning_rate"": 0.13141400006243353, ""max_depth"": 2, ""min_child_samples"": 18, ""num_leaves"": 10, ""reg_lambda"": 0.7961519738264833, ""subsample"": 0.7619176155986539, ""subsample_freq"": 1}"
2,2,282,0,0.30369931473288503,0.40096673040239683,0.08267859837719327,"{""colsample_bytree"": 0.8808287536098766, ""learning_rate"": 0.13141400006243353, ""max_depth"": 2, ""min_child_samples"": 18, ""num_leaves"": 10, ""reg_lambda"": 0.7961519738264833, ""subsample"": 0.7619176155986539, ""subsample_freq"": 1}"
2,2,284,0,0.7176133280088733,0.49470016424084895,0.08560042689379824,"{""colsample_bytree"": 0.8808287536098766, ""learning_rate"": 0.13141400006243353, ""max_depth"": 2, ""min_child_samples"": 18, ""num_leaves"": 10, ""reg_lambda"": 0.7961519738264833, ""subsample"": 0.7619176155986539, ""subsample_freq"": 1}"
2,2,286,0,0.5257184372012366,0.5351553569457546,0.09588404091877076,"{""colsample_bytree"": 0.8808287536098766, ""learning_rate"": 0.13141400006243353, ""max_depth"": 2, ""min_child_samples"": 18, ""num_leaves"": 10, ""reg_lambda"": 0.7961519738264833, ""subsample"": 0.7619176155986539, ""subsample_freq"": 1}"
2,2,288,1,0.13748415414321877,0.21954779698399562,0.10305690407477493,"{""colsample_bytree"": 0.8808287536098766, ""learning_rate"": 0.13141400006243353, ""max_depth"": 2, ""min_child_samples"": 18, ""num_leaves"": 10, ""reg_lambda"": 0.7961519738264833, ""subsample"": 0.7619176155986539, ""subsample_freq"": 1}"
2,3,1,1,0.9393270964826167,0.6307748503294628,0.05841602859450724,"{""colsample_bytree"": 0.4558649720031148, ""learning_rate"": 0.27242917278663026, ""max_depth"": 3, ""min_child_samples"": 10, ""num_leaves"": 11, ""reg_lambda"": 4.61889359253686, ""subsample"": 0.8110329325873564, ""subsample_freq"": 1}"
2,3,5,1,0.7620816390324179,0.44479190433019317,0.06202101649911662,"{""colsample_bytree"": 0.4558649720031148, ""learning_rate"": 0.27242917278663026, ""max_depth"": 3, ""min_child_samples"": 10, ""num_leaves"": 11, ""reg_lambda"": 4.61889359253686, ""subsample"": 0.8110329325873564, ""subsample_freq"": 1}"
2,3,13,0,0.24258197119533154,0.43070584258061934,0.05929123263083161,"{""colsample_bytree"": 0.4558649720031148, ""learning_rate"": 0.27242917278663026, ""max_depth"": 3, ""min_child_samples"": 10, ""num_leaves"": 11, ""reg_lambda"": 4.61889359253686, ""subsample"": 0.8110329325873564, ""subsample_freq"": 1}"
2,3,24,0,0.26672453205324387,0.38807706326362484,0.044405592410528924,"{""colsample_bytree"": 0.4558649720031148, ""learning_rate"": 0.27242917278663026, ""max_depth"": 3, ""min_child_samples"": 10, ""num_leaves"": 11, ""reg_lambda"": 4.61889359253686, ""subsample"": 0.8110329325873564, ""subsample_freq"": 1}"
2,3,25,0,0.39032349971487895,0.4782012918192816,0.03270921702340525,"{""colsample_bytree"": 0.4558649720031148, ""learning_rate"": 0.27242917278663026, ""max_depth"": 3, ""min_child_samples"": 10, ""num_leaves"": 11, ""reg_lambda"": 4.61889359253686, ""subsample"": 0.8110329325873564, ""subsample_freq"": 1}"
2,3,26,0,0.06806171677418002,0.2823956900857339,0.06251511539515059,"{""colsample_bytree"": 0.4558649720031148, ""learning_rate"": 0.27242917278663026, ""max_depth"": 3, ""min_child_samples"": 10, ""num_leaves"": 11, ""reg_lambda"": 4.61889359253686, ""subsample"": 0.8110329325873564, ""subsample_freq"": 1}"
2,3,27,0,0.05244696372527574,0.28045030900603163,0.058862374920230554,"{""colsample_bytree"": 0.4558649720031148, ""learning_rate"": 0.27242917278663026, ""max_depth"": 3, ""min_child_samples"": 10, ""num_leaves"": 11, ""reg_lambda"": 4.61889359253686, ""subsample"": 0.8110329325873564, ""subsample_freq"": 1}"
2,3,31,1,0.911318431080948,0.5352397566495737,0.06694434965236651,"{""colsample_bytree"": 0.4558649720031148, ""learning_rate"": 0.27242917278663026, ""max_depth"": 3, ""min_child_samples"": 10, ""num_leaves"": 11, ""reg_lambda"": 4.61889359253686, ""subsample"": 0.8110329325873564, ""subsample_freq"": 1}"
2,3,32,1,0.6861659287082573,0.5262691386766438,0.09607791190455243,"{""colsample_bytree"": 0.4558649720031148, ""learning_rate"": 0.27242917278663026, ""max_depth"": 3, ""min_child_samples"": 10, ""num_leaves"": 11, ""reg_lambda"": 4.61889359253686, ""subsample"": 0.8110329325873564, ""subsample_freq"": 1}"
2,3,40,0,0.5796500312957437,0.41831345947269283,0.06469618477010891,"{""colsample_bytree"": 0.4558649720031148, ""learning_rate"": 0.27242917278663026, ""max_depth"": 3, ""min_child_samples"": 10, ""num_leaves"": 11, ""reg_lambda"": 4.61889359253686, ""subsample"": 0.8110329325873564, ""subsample_freq"": 1}"
2,3,43,0,0.19897682439757378,0.4471489929459985,0.06995985996919928,"{""colsample_bytree"": 0.4558649720031148, ""learning_rate"": 0.27242917278663026, ""max_depth"": 3, ""min_child_samples"": 10, ""num_leaves"": 11, ""reg_lambda"": 4.61889359253686, ""subsample"": 0.8110329325873564, ""subsample_freq"": 1}"
2,3,69,1,0.5103244421606924,0.4850600232228654,0.02429531612213817,"{""colsample_bytree"": 0.4558649720031148, ""learning_rate"": 0.27242917278663026, ""max_depth"": 3, ""min_child_samples"": 10, ""num_leaves"": 11, ""reg_lambda"": 4.61889359253686, ""subsample"": 0.8110329325873564, ""subsample_freq"": 1}"
2,3,71,1,0.9286531266268463,0.6310380489279572,0.09098659870910639,"{""colsample_bytree"": 0.4558649720031148, ""learning_rate"": 0.27242917278663026, ""max_depth"": 3, ""min_child_samples"": 10, ""num_leaves"": 11, ""reg_lambda"": 4.61889359253686, ""subsample"": 0.8110329325873564, ""subsample_freq"": 1}"
2,3,73,0,0.04492927474589064,0.29105534452961135,0.07296927033991074,"{""colsample_bytree"": 0.4558649720031148, ""learning_rate"": 0.27242917278663026, ""max_depth"": 3, ""min_child_samples"": 10, ""num_leaves"": 11, ""reg_lambda"": 4.61889359253686, ""subsample"": 0.8110329325873564, ""subsample_freq"": 1}"
2,3,75,0,0.11509230094594113,0.3303166952160173,0.043780182078709595,"{""colsample_bytree"": 0.4558649720031148, ""learning_rate"": 0.27242917278663026, ""max_depth"": 3, ""min_child_samples"": 10, ""num_leaves"": 11, ""reg_lambda"": 4.61889359253686, ""subsample"": 0.8110329325873564, ""subsample_freq"": 1}"
2,3,81,0,0.4345228449759661,0.46466636638806313,0.07159396615292707,"{""colsample_bytree"": 0.4558649720031148, ""learning_rate"": 0.27242917278663026, ""max_depth"": 3, ""min_child_samples"": 10, ""num_leaves"": 11, ""reg_lambda"": 4.61889359253686, ""subsample"": 0.8110329325873564, ""subsample_freq"": 1}"
2,3,86,1,0.21066513819972868,0.3998188723551525,0.04992864757573318,"{""colsample_bytree"": 0.4558649720031148, ""learning_rate"": 0.27242917278663026, ""max_depth"": 3, ""min_child_samples"": 10, ""num_leaves"": 11, ""reg_lambda"": 4.61889359253686, ""subsample"": 0.8110329325873564, ""subsample_freq"": 1}"
2,3,89,1,0.23876057216260624,0.4106221243854032,0.037031541033909744,"{""colsample_bytree"": 0.4558649720031148, ""learning_rate"": 0.27242917278663026, ""max_depth"": 3, ""min_child_samples"": 10, ""num_leaves"": 11, ""reg_lambda"": 4.61889359253686, ""subsample"": 0.8110329325873564, ""subsample_freq"": 1}"
2,3,92,1,0.9406075001218922,0.6262528288725671,0.08822716834384027,"{""colsample_bytree"": 0.4558649720031148, ""learning_rate"": 0.27242917278663026, ""max_depth"": 3, ""min_child_samples"": 10, ""num_leaves"": 11, ""reg_lambda"": 4.61889359253686, ""subsample"": 0.8110329325873564, ""subsample_freq"": 1}"
2,3,98,1,0.9541603821605065,0.6099106773752253,0.060282498864186074,"{""colsample_bytree"": 0.4558649720031148, ""learning_rate"": 0.27242917278663026, ""max_depth"": 3, ""min_child_samples"": 10, ""num_leaves"": 11, ""reg_lambda"": 4.61889359253686, ""subsample"": 0.8110329325873564, ""subsample_freq"": 1}"
2,3,100,0,0.9443065491307977,0.47912513745436713,0.024116717189931296,"{""colsample_bytree"": 0.4558649720031148, ""learning_rate"": 0.27242917278663026, ""max_depth"": 3, ""min_child_samples"": 10, ""num_leaves"": 11, ""reg_lambda"": 4.61889359253686, ""subsample"": 0.8110329325873564, ""subsample_freq"": 1}"
2,3,102,0,0.012880380749762454,0.24649941230576305,0.04998720835336658,"{""colsample_bytree"": 0.4558649720031148, ""learning_rate"": 0.27242917278663026, ""max_depth"": 3, ""min_child_samples"": 10, ""num_leaves"": 11, ""reg_lambda"": 4.61889359253686, ""subsample"": 0.8110329325873564, ""subsample_freq"": 1}"
2,3,111,1,0.9002931625373742,0.5466435997021691,0.09174129013852103,"{""colsample_bytree"": 0.4558649720031148, ""learning_rate"": 0.27242917278663026, ""max_depth"": 3, ""min_child_samples"": 10, ""num_leaves"": 11, ""reg_lambda"": 4.61889359253686, ""subsample"": 0.8110329325873564, ""subsample_freq"": 1}"
2,3,122,1,0.9243301066886555,0.5770209050423408,0.032020841504992105,"{""colsample_bytree"": 0.4558649720031148, ""learning_rate"": 0.27242917278663026, ""max_depth"": 3, ""min_child_samples"": 10, ""num_leaves"": 11, ""reg_lambda"": 4.61889359253686, ""subsample"": 0.8110329325873564, ""subsample_freq"": 1}"
2,3,123,1,0.9772935230235009,0.5549333202170967,0.09435161352231372,"{""colsample_bytree"": 0.4558649720031148, ""learning_rate"": 0.27242917278663026, ""max_depth"": 3, ""min_child_samples"": 10, ""num_leaves"": 11, ""reg_lambda"": 4.61889359253686, ""subsample"": 0.8110329325873564, ""subsample_freq"": 1}"
2,3,129,0,0.00918730911731852,0.2509710192073426,0.07462970213649714,"{""colsample_bytree"": 0.4558649720031148, ""learning_rate"": 0.27242917278663026, ""max_depth"": 3, ""min_child_samples"": 10, ""num_leaves"": 11, ""reg_lambda"": 4.61889359253686, ""subsample"": 0.8110329325873564, ""subsample_freq"": 1}"
2,3,130,0,0.15876186592493266,0.36492262110300266,0.08798915521172584,"{""colsample_bytree"": 0.4558649720031148, ""learning_rate"": 0.27242917278663026, ""max_depth"": 3, ""min_child_samples"": 10, ""num_leaves"": 11, ""reg_lambda"": 4.61889359253686, ""subsample"": 0.8110329325873564, ""subsample_freq"": 1}"
2,3,131,0,0.3298236882900303,0.4164844127587714,0.023525437717810547,"{""colsample_bytree"": 0.4558649720031148, ""learning_rate"": 0.27242917278663026, ""max_depth"": 3, ""min_child_samples"": 10, ""num_leaves"": 11, ""reg_lambda"": 4.61889359253686, ""subsample"": 0.8110329325873564, ""subsample_freq"": 1}"
2,3,136,0,0.006043321015065861,0.22522155556546486,0.0490096462253953,"{""colsample_bytree"": 0.4558649720031148, ""learning_rate"": 0.27242917278663026, ""max_depth"": 3, ""min_child_samples"": 10, ""num_leaves"": 11, ""reg_lambda"": 4.61889359253686, ""subsample"": 0.8110329325873564, ""subsample_freq"": 1}"
2,3,154,0,0.0474693562946816,0.34529460508955556,0.03829391201393004,"{""colsample_bytree"": 0.4558649720031148, ""learning_rate"": 0.27242917278663026, ""max_depth"": 3, ""min_child_samples"": 10, ""num_leaves"": 11, ""reg_lambda"": 4.61889359253686, ""subsample"": 0.8110329325873564, ""subsample_freq"": 1}"
2,3,157,1,0.15257728994480493,0.32993846611765415,0.06834976733731503,"{""colsample_bytree"": 0.4558649720031148, ""learning_rate"": 0.27242917278663026, ""max_depth"": 3, ""min_child_samples"": 10, ""num_leaves"": 11, ""reg_lambda"": 4.61889359253686, ""subsample"": 0.8110329325873564, ""subsample_freq"": 1}"
2,3,181,1,0.5602980034349339,0.456467527251925,0.04111120794883025,"{""colsample_bytree"": 0.4558649720031148, ""learning_rate"": 0.27242917278663026, ""max_depth"": 3, ""min_child_samples"": 10, ""num_leaves"": 11, ""reg_lambda"": 4.61889359253686, ""subsample"": 0.8110329325873564, ""subsample_freq"": 1}"
2,3,187,1,0.04662353389172731,0.29895337003168054,0.05241098190510762,"{""colsample_bytree"": 0.4558649720031148, ""learning_rate"": 0.27242917278663026, ""max_depth"": 3, ""min_child_samples"": 10, ""num_leaves"": 11, ""reg_lambda"": 4.61889359253686, ""subsample"": 0.8110329325873564, ""subsample_freq"": 1}"
2,3,191,0,0.623252328058212,0.44950189340738583,0.023475925113481566,"{""colsample_bytree"": 0.4558649720031148, ""learning_rate"": 0.27242917278663026, ""max_depth"": 3, ""min_child_samples"": 10, ""num_leaves"": 11, ""reg_lambda"": 4.61889359253686, ""subsample"": 0.8110329325873564, ""subsample_freq"": 1}"
2,3,195,0,0.40079521988925293,0.3827483788034679,0.026767728866246777,"{""colsample_bytree"": 0.4558649720031148, ""learning_rate"": 0.27242917278663026, ""max_depth"": 3, ""min_child_samples"": 10, ""num_leaves"": 11, ""reg_lambda"": 4.61889359253686, ""subsample"": 0.8110329325873564, ""subsample_freq"": 1}"
2,3,197,1,0.9719019887598146,0.5225598160166589,0.0632231261960721,"{""colsample_bytree"": 0.4558649720031148, ""learning_rate"": 0.27242917278663026, ""max_depth"": 3, ""min_child_samples"": 10, ""num_leaves"": 11, ""reg_lambda"": 4.61889359253686, ""subsample"": 0.8110329325873564, ""subsample_freq"": 1}"
2,3,204,0,0.04342829923275494,0.27452608118587457,0.00787517085120968,"{""colsample_bytree"": 0.4558649720031148, ""learning_rate"": 0.27242917278663026, ""max_depth"": 3, ""min_child_samples"": 10, ""num_leaves"": 11, ""reg_lambda"": 4.61889359253686, ""subsample"": 0.8110329325873564, ""subsample_freq"": 1}"
2,3,214,0,0.3201710653698152,0.4276738251987299,0.07506617265180338,"{""colsample_bytree"": 0.4558649720031148, ""learning_rate"": 0.27242917278663026, ""max_depth"": 3, ""min_child_samples"": 10, ""num_leaves"": 11, ""reg_lambda"": 4.61889359253686, ""subsample"": 0.8110329325873564, ""subsample_freq"": 1}"
2,3,216,0,0.44103077578717753,0.44274870186093135,0.08804114241343987,"{""colsample_bytree"": 0.4558649720031148, ""learning_rate"": 0.27242917278663026, ""max_depth"": 3, ""min_child_samples"": 10, ""num_leaves"": 11, ""reg_lambda"": 4.61889359253686, ""subsample"": 0.8110329325873564, ""subsample_freq"": 1}"
2,3,223,1,0.029082891716671385,0.29773884125993527,0.0900108884210017,"{""colsample_bytree"": 0.4558649720031148, ""learning_rate"": 0.27242917278663026, ""max_depth"": 3, ""min_child_samples"": 10, ""num_leaves"": 11, ""reg_lambda"": 4.61889359253686, ""subsample"": 0.8110329325873564, ""subsample_freq"": 1}"
2,3,227,1,0.08097312052297645,0.2435888683683404,0.033946517206702935,"{""colsample_bytree"": 0.4558649720031148, ""learning_rate"": 0.27242917278663026, ""max_depth"": 3, ""min_child_samples"": 10, ""num_leaves"": 11, ""reg_lambda"": 4.61889359253686, ""subsample"": 0.8110329325873564, ""subsample_freq"": 1}"
2,3,230,0,0.9973453930326343,0.7226217161718924,0.06333498913625016,"{""colsample_bytree"": 0.4558649720031148, ""learning_rate"": 0.27242917278663026, ""max_depth"": 3, ""min_child_samples"": 10, ""num_leaves"": 11, ""reg_lambda"": 4.61889359253686, ""subsample"": 0.8110329325873564, ""subsample_freq"": 1}"
2,3,233,0,0.043524763246401234,0.28215247994190545,0.06483838019471162,"{""colsample_bytree"": 0.4558649720031148, ""learning_rate"": 0.27242917278663026, ""max_depth"": 3, ""min_child_samples"": 10, ""num_leaves"": 11, ""reg_lambda"": 4.61889359253686, ""subsample"": 0.8110329325873564, ""subsample_freq"": 1}"
2,3,242,0,0.8338620257112851,0.4939091854958554,0.06424800528709075,"{""colsample_bytree"": 0.4558649720031148, ""learning_rate"": 0.27242917278663026, ""max_depth"": 3, ""min_child_samples"": 10, ""num_leaves"": 11, ""reg_lambda"": 4.61889359253686, ""subsample"": 0.8110329325873564, ""subsample_freq"": 1}"
2,3,243,0,0.4708702298648929,0.333578438819763,0.04671542935273776,"{""colsample_bytree"": 0.4558649720031148, ""learning_rate"": 0.27242917278663026, ""max_depth"": 3, ""min_child_samples"": 10, ""num_leaves"": 11, ""reg_lambda"": 4.61889359253686, ""subsample"": 0.8110329325873564, ""subsample_freq"": 1}"
2,3,245,1,0.5194865280694205,0.5013259293610381,0.040930696064290444,"{""colsample_bytree"": 0.4558649720031148, ""learning_rate"": 0.27242917278663026, ""max_depth"": 3, ""min_child_samples"": 10, ""num_leaves"": 11, ""reg_lambda"": 4.61889359253686, ""subsample"": 0.8110329325873564, ""subsample_freq"": 1}"
2,3,250,0,0.2731992304297661,0.4626314800794306,0.06703552452800274,"{""colsample_bytree"": 0.4558649720031148, ""learning_rate"": 0.27242917278663026, ""max_depth"": 3, ""min_child_samples"": 10, ""num_leaves"": 11, ""reg_lambda"": 4.61889359253686, ""subsample"": 0.8110329325873564, ""subsample_freq"": 1}"
2,3,252,0,0.12667497200967368,0.3197535159343466,0.049047484006519836,"{""colsample_bytree"": 0.4558649720031148, ""learning_rate"": 0.27242917278663026, ""max_depth"": 3, ""min_child_samples"": 10, ""num_leaves"": 11, ""reg_lambda"": 4.61889359253686, ""subsample"": 0.8110329325873564, ""subsample_freq"": 1}"
2,3,255,0,0.01585794519982392,0.23534018468643833,0.03917504221074033,"{""colsample_bytree"": 0.4558649720031148, ""learning_rate"": 0.27242917278663026, ""max_depth"": 3, ""min_child_samples"": 10, ""num_leaves"": 11, ""reg_lambda"": 4.61889359253686, ""subsample"": 0.8110329325873564, ""subsample_freq"": 1}"
2,3,257,0,0.015740321976851303,0.2502326261525498,0.0297489813746292,"{""colsample_bytree"": 0.4558649720031148, ""learning_rate"": 0.27242917278663026, ""max_depth"": 3, ""min_child_samples"": 10, ""num_leaves"": 11, ""reg_lambda"": 4.61889359253686, ""subsample"": 0.8110329325873564, ""subsample_freq"": 1}"
2,3,262,0,0.13258215895006042,0.36845818382892287,0.06048369676644713,"{""colsample_bytree"": 0.4558649720031148, ""learning_rate"": 0.27242917278663026, ""max_depth"": 3, ""min_child_samples"": 10, ""num_leaves"": 11, ""reg_lambda"": 4.61889359253686, ""subsample"": 0.8110329325873564, ""subsample_freq"": 1}"
2,3,265,1,0.327126823143832,0.3606358009353441,0.038812829905237156,"{""colsample_bytree"": 0.4558649720031148, ""learning_rate"": 0.27242917278663026, ""max_depth"": 3, ""min_child_samples"": 10, ""num_leaves"": 11, ""reg_lambda"": 4.61889359253686, ""subsample"": 0.8110329325873564, ""subsample_freq"": 1}"
2,3,276,0,0.2016125746771858,0.39793560721430554,0.040227455604677324,"{""colsample_bytree"": 0.4558649720031148, ""learning_rate"": 0.27242917278663026, ""max_depth"": 3, ""min_child_samples"": 10, ""num_leaves"": 11, ""reg_lambda"": 4.61889359253686, ""subsample"": 0.8110329325873564, ""subsample_freq"": 1}"
2,3,280,0,0.14134138044496505,0.3408383881379119,0.03340212032139481,"{""colsample_bytree"": 0.4558649720031148, ""learning_rate"": 0.27242917278663026, ""max_depth"": 3, ""min_child_samples"": 10, ""num_leaves"": 11, ""reg_lambda"": 4.61889359253686, ""subsample"": 0.8110329325873564, ""subsample_freq"": 1}"
2,3,285,0,0.06332494152288146,0.3008995219018096,0.048421796106975425,"{""colsample_bytree"": 0.4558649720031148, ""learning_rate"": 0.27242917278663026, ""max_depth"": 3, ""min_child_samples"": 10, ""num_leaves"": 11, ""reg_lambda"": 4.61889359253686, ""subsample"": 0.8110329325873564, ""subsample_freq"": 1}"
2,3,292,0,0.16009469378782581,0.41518086449102914,0.09893492407304114,"{""colsample_bytree"": 0.4558649720031148, ""learning_rate"": 0.27242917278663026, ""max_depth"": 3, ""min_child_samples"": 10, ""num_leaves"": 11, ""reg_lambda"": 4.61889359253686, ""subsample"": 0.8110329325873564, ""subsample_freq"": 1}"
2,3,294,1,0.014035059396217346,0.29593916189774083,0.04272003636954244,"{""colsample_bytree"": 0.4558649720031148, ""learning_rate"": 0.27242917278663026, ""max_depth"": 3, ""min_child_samples"": 10, ""num_leaves"": 11, ""reg_lambda"": 4.61889359253686, ""subsample"": 0.8110329325873564, ""subsample_freq"": 1}"
2,3,296,0,0.34049023749905444,0.4034196773355827,0.07753653043088354,"{""colsample_bytree"": 0.4558649720031148, ""learning_rate"": 0.27242917278663026, ""max_depth"": 3, ""min_child_samples"": 10, ""num_leaves"": 11, ""reg_lambda"": 4.61889359253686, ""subsample"": 0.8110329325873564, ""subsample_freq"": 1}"
2,3,298,1,0.21119598337628373,0.37151320017039424,0.0367715090612053,"{""colsample_bytree"": 0.4558649720031148, ""learning_rate"": 0.27242917278663026, ""max_depth"": 3, ""min_child_samples"": 10, ""num_leaves"": 11, ""reg_lambda"": 4.61889359253686, ""subsample"": 0.8110329325873564, ""subsample_freq"": 1}"
2,3,300,0,0.001972540714510842,0.20857762672165717,0.026304354267022132,"{""colsample_bytree"": 0.4558649720031148, ""learning_rate"": 0.27242917278663026, ""max_depth"": 3, ""min_child_samples"": 10, ""num_leaves"": 11, ""reg_lambda"": 4.61889359253686, ""subsample"": 0.8110329325873564, ""subsample_freq"": 1}"
2,4,2,0,0.1380627826507494,0.25362568221216797,0.05042153142045042,"{""colsample_bytree"": 0.9905151103255461, ""learning_rate"": 0.03108066803068162, ""max_depth"": 4, ""min_child_samples"": 16, ""num_leaves"": 14, ""reg_lambda"": 2.3959641374700134, ""subsample"": 0.6727002138297735, ""subsample_freq"": 1}"
2,4,4,0,0.07802030193182351,0.21556227452278817,0.050779125831493584,"{""colsample_bytree"": 0.9905151103255461, ""learning_rate"": 0.03108066803068162, ""max_depth"": 4, ""min_child_samples"": 16, ""num_leaves"": 14, ""reg_lambda"": 2.3959641374700134, ""subsample"": 0.6727002138297735, ""subsample_freq"": 1}"
2,4,8,0,0.06902567976153226,0.18332674551592448,0.05677753732380181,"{""colsample_bytree"": 0.9905151103255461, ""learning_rate"": 0.03108066803068162, ""max_depth"": 4, ""min_child_samples"": 16, ""num_leaves"": 14, ""reg_lambda"": 2.3959641374700134, ""subsample"": 0.6727002138297735, ""subsample_freq"": 1}"
2,4,12,0,0.3716964710647848,0.4214335735410278,0.035729806803348516,"{""colsample_bytree"": 0.9905151103255461, ""learning_rate"": 0.03108066803068162, ""max_depth"": 4, ""min_child_samples"": 16, ""num_leaves"": 14, ""reg_lambda"": 2.3959641374700134, ""subsample"": 0.6727002138297735, ""subsample_freq"": 1}"
2,4,14,0,0.4983542358020878,0.47501061999536054,0.05077886943740738,"{""colsample_bytree"": 0.9905151103255461, ""learning_rate"": 0.03108066803068162, ""max_depth"": 4, ""min_child_samples"": 16, ""num_leaves"": 14, ""reg_lambda"": 2.3959641374700134, ""subsample"": 0.6727002138297735, ""subsample_freq"": 1}"
2,4,22,1,0.5681736192350615,0.48672131982745503,0.02887149195346549,"{""colsample_bytree"": 0.9905151103255461, ""learning_rate"": 0.03108066803068162, ""max_depth"": 4, ""min_child_samples"": 16, ""num_leaves"": 14, ""reg_lambda"": 2.3959641374700134, ""subsample"": 0.6727002138297735, ""subsample_freq"": 1}"
2,4,23,0,0.7339913425254089,0.5880854448125402,0.061610333405208696,"{""colsample_bytree"": 0.9905151103255461, ""learning_rate"": 0.03108066803068162, ""max_depth"": 4, ""min_child_samples"": 16, ""num_leaves"": 14, ""reg_lambda"": 2.3959641374700134, ""subsample"": 0.6727002138297735, ""subsample_freq"": 1}"
2,4,28,1,0.567508095765006,0.5241794612922949,0.10143824650439812,"{""colsample_bytree"": 0.9905151103255461, ""learning_rate"": 0.03108066803068162, ""max_depth"": 4, ""min_child_samples"": 16, ""num_leaves"": 14, ""reg_lambda"": 2.3959641374700134, ""subsample"": 0.6727002138297735, ""subsample_freq"": 1}"
2,4,29,1,0.7793192703296684,0.6290031934530177,0.1196845876177313,"{""colsample_bytree"": 0.9905151103255461, ""learning_rate"": 0.03108066803068162, ""max_depth"": 4, ""min_child_samples"": 16, ""num_leaves"": 14, ""reg_lambda"": 2.3959641374700134, ""subsample"": 0.6727002138297735, ""subsample_freq"": 1}"
2,4,36,1,0.4711991848946658,0.41526318870682627,0.05496718446440516,"{""colsample_bytree"": 0.9905151103255461, ""learning_rate"": 0.03108066803068162, ""max_depth"": 4, ""min_child_samples"": 16, ""num_leaves"": 14, ""reg_lambda"": 2.3959641374700134, ""subsample"": 0.6727002138297735, ""subsample_freq"": 1}"
2,4,37,1,0.2112148320327931,0.3114418195243177,0.04892109281051473,"{""colsample_bytree"": 0.9905151103255461, ""learning_rate"": 0.03108066803068162, ""max_depth"": 4, ""min_child_samples"": 16, ""num_leaves"": 14, ""reg_lambda"": 2.3959641374700134, ""subsample"": 0.6727002138297735, ""subsample_freq"": 1}"
2,4,47,1,0.6257030064117172,0.5118771898278185,0.04384047709397549,"{""colsample_bytree"": 0.9905151103255461, ""learning_rate"": 0.03108066803068162, ""max_depth"": 4, ""min_child_samples"": 16, ""num_leaves"": 14, ""reg_lambda"": 2.3959641374700134, ""subsample"": 0.6727002138297735, ""subsample_freq"": 1}"
2,4,52,0,0.7605969871243677,0.5750676720996653,0.06737741057523543,"{""colsample_bytree"": 0.9905151103255461, ""learning_rate"": 0.03108066803068162, ""max_depth"": 4, ""min_child_samples"": 16, ""num_leaves"": 14, ""reg_lambda"": 2.3959641374700134, ""subsample"": 0.6727002138297735, ""subsample_freq"": 1}"
2,4,53,0,0.16342723558463226,0.27437802489982943,0.056923498817529866,"{""colsample_bytree"": 0.9905151103255461, ""learning_rate"": 0.03108066803068162, ""max_depth"": 4, ""min_child_samples"": 16, ""num_leaves"": 14, ""reg_lambda"": 2.3959641374700134, ""subsample"": 0.6727002138297735, ""subsample_freq"": 1}"
2,4,57,1,0.6247482579856657,0.5528265582346858,0.07586589214873374,"{""colsample_bytree"": 0.9905151103255461, ""learning_rate"": 0.03108066803068162, ""max_depth"": 4, ""min_child_samples"": 16, ""num_leaves"": 14, ""reg_lambda"": 2.3959641374700134, ""subsample"": 0.6727002138297735, ""subsample_freq"": 1}"
2,4,66,0,0.28177396288990136,0.388303341749635,0.053851352652658155,"{""colsample_bytree"": 0.9905151103255461, ""learning_rate"": 0.03108066803068162, ""max_depth"": 4, ""min_child_samples"": 16, ""num_leaves"": 14, ""reg_lambda"": 2.3959641374700134, ""subsample"": 0.6727002138297735, ""subsample_freq"": 1}"
2,4,70,0,0.24431463198038733,0.3067981334796759,0.06272578390972462,"{""colsample_bytree"": 0.9905151103255461, ""learning_rate"": 0.03108066803068162, ""max_depth"": 4, ""min_child_samples"": 16, ""num_leaves"": 14, ""reg_lambda"": 2.3959641374700134, ""subsample"": 0.6727002138297735, ""subsample_freq"": 1}"
2,4,77,1,0.6858165527728568,0.5528759864471272,0.07324342164627647,"{""colsample_bytree"": 0.9905151103255461, ""learning_rate"": 0.03108066803068162, ""max_depth"": 4, ""min_child_samples"": 16, ""num_leaves"": 14, ""reg_lambda"": 2.3959641374700134, ""subsample"": 0.6727002138297735, ""subsample_freq"": 1}"
2,4,79,0,0.19703217675019377,0.2736175813078021,0.09361375883087354,"{""colsample_bytree"": 0.9905151103255461, ""learning_rate"": 0.03108066803068162, ""max_depth"": 4, ""min_child_samples"": 16, ""num_leaves"": 14, ""reg_lambda"": 2.3959641374700134, ""subsample"": 0.6727002138297735, ""subsample_freq"": 1}"
2,4,90,1,0.3612521837862493,0.3737690243276135,0.05067094183572924,"{""colsample_bytree"": 0.9905151103255461, ""learning_rate"": 0.03108066803068162, ""max_depth"": 4, ""min_child_samples"": 16, ""num_leaves"": 14, ""reg_lambda"": 2.3959641374700134, ""subsample"": 0.6727002138297735, ""subsample_freq"": 1}"
2,4,94,0,0.16314611066292828,0.29507558238037335,0.08546721430674084,"{""colsample_bytree"": 0.9905151103255461, ""learning_rate"": 0.03108066803068162, ""max_depth"": 4, ""min_child_samples"": 16, ""num_leaves"": 14, ""reg_lambda"": 2.3959641374700134, ""subsample"": 0.6727002138297735, ""subsample_freq"": 1}"
2,4,95,1,0.5215697216848064,0.42468393818293776,0.06586562050454323,"{""colsample_bytree"": 0.9905151103255461, ""learning_rate"": 0.03108066803068162, ""max_depth"": 4, ""min_child_samples"": 16, ""num_leaves"": 14, ""reg_lambda"": 2.3959641374700134, ""subsample"": 0.6727002138297735, ""subsample_freq"": 1}"
2,4,103,1,0.4459079901877411,0.38484768556212373,0.05034857655967822,"{""colsample_bytree"": 0.9905151103255461, ""learning_rate"": 0.03108066803068162, ""max_depth"": 4, ""min_child_samples"": 16, ""num_leaves"": 14, ""reg_lambda"": 2.3959641374700134, ""subsample"": 0.6727002138297735, ""subsample_freq"": 1}"
2,4,124,0,0.3033523131811208,0.3298937341045923,0.0567527275395517,"{""colsample_bytree"": 0.9905151103255461, ""learning_rate"": 0.03108066803068162, ""max_depth"": 4, ""min_child_samples"": 16, ""num_leaves"": 14, ""reg_lambda"": 2.3959641374700134, ""subsample"": 0.6727002138297735, ""subsample_freq"": 1}"
2,4,126,0,0.5177391788295597,0.4637448557164984,0.08872496657544174,"{""colsample_bytree"": 0.9905151103255461, ""learning_rate"": 0.03108066803068162, ""max_depth"": 4, ""min_child_samples"": 16, ""num_leaves"": 14, ""reg_lambda"": 2.3959641374700134, ""subsample"": 0.6727002138297735, ""subsample_freq"": 1}"
2,4,140,0,0.2081191081648669,0.26728017661365133,0.048761077215028245,"{""colsample_bytree"": 0.9905151103255461, ""learning_rate"": 0.03108066803068162, ""max_depth"": 4, ""min_child_samples"": 16, ""num_leaves"": 14, ""reg_lambda"": 2.3959641374700134, ""subsample"": 0.6727002138297735, ""subsample_freq"": 1}"
2,4,142,1,0.09412435945160266,0.22956221094172452,0.07859845242254491,"{""colsample_bytree"": 0.9905151103255461, ""learning_rate"": 0.03108066803068162, ""max_depth"": 4, ""min_child_samples"": 16, ""num_leaves"": 14, ""reg_lambda"": 2.3959641374700134, ""subsample"": 0.6727002138297735, ""subsample_freq"": 1}"
2,4,143,0,0.0624774896320032,0.1806442568049917,0.07523241048366297,"{""colsample_bytree"": 0.9905151103255461, ""learning_rate"": 0.03108066803068162, ""max_depth"": 4, ""min_child_samples"": 16, ""num_leaves"": 14, ""reg_lambda"": 2.3959641374700134, ""subsample"": 0.6727002138297735, ""subsample_freq"": 1}"
2,4,147,1,0.1530357615776056,0.24019663701528743,0.04888474570661249,"{""colsample_bytree"": 0.9905151103255461, ""learning_rate"": 0.03108066803068162, ""max_depth"": 4, ""min_child_samples"": 16, ""num_leaves"": 14, ""reg_lambda"": 2.3959641374700134, ""subsample"": 0.6727002138297735, ""subsample_freq"": 1}"
2,4,150,0,0.2471446733184839,0.3142412296740619,0.06272161442101659,"{""colsample_bytree"": 0.9905151103255461, ""learning_rate"": 0.03108066803068162, ""max_depth"": 4, ""min_child_samples"": 16, ""num_leaves"": 14, ""reg_lambda"": 2.3959641374700134, ""subsample"": 0.6727002138297735, ""subsample_freq"": 1}"
2,4,164,1,0.8842814892796232,0.7099194334902579,0.09134936481607633,"{""colsample_bytree"": 0.9905151103255461, ""learning_rate"": 0.03108066803068162, ""max_depth"": 4, ""min_child_samples"": 16, ""num_leaves"": 14, ""reg_lambda"": 2.3959641374700134, ""subsample"": 0.6727002138297735, ""subsample_freq"": 1}"
2,4,167,1,0.2848070200075188,0.3050248737309184,0.025902602624941828,"{""colsample_bytree"": 0.9905151103255461, ""learning_rate"": 0.03108066803068162, ""max_depth"": 4, ""min_child_samples"": 16, ""num_leaves"": 14, ""reg_lambda"": 2.3959641374700134, ""subsample"": 0.6727002138297735, ""subsample_freq"": 1}"
2,4,168,0,0.14410700913262062,0.21003017374136929,0.07839319848772533,"{""colsample_bytree"": 0.9905151103255461, ""learning_rate"": 0.03108066803068162, ""max_depth"": 4, ""min_child_samples"": 16, ""num_leaves"": 14, ""reg_lambda"": 2.3959641374700134, ""subsample"": 0.6727002138297735, ""subsample_freq"": 1}"
2,4,173,1,0.66327180358231,0.5872335347704901,0.07988161297099504,"{""colsample_bytree"": 0.9905151103255461, ""learning_rate"": 0.03108066803068162, ""max_depth"": 4, ""min_child_samples"": 16, ""num_leaves"": 14, ""reg_lambda"": 2.3959641374700134, ""subsample"": 0.6727002138297735, ""subsample_freq"": 1}"
2,4,178,1,0.6289593784584063,0.4888051573930392,0.07283527803786045,"{""colsample_bytree"": 0.9905151103255461, ""learning_rate"": 0.03108066803068162, ""max_depth"": 4, ""min_child_samples"": 16, ""num_leaves"": 14, ""reg_lambda"": 2.3959641374700134, ""subsample"": 0.6727002138297735, ""subsample_freq"": 1}"
2,4,179,0,0.3514257228353115,0.36284986105080747,0.05670654078139689,"{""colsample_bytree"": 0.9905151103255461, ""learning_rate"": 0.03108066803068162, ""max_depth"": 4, ""min_child_samples"": 16, ""num_leaves"": 14, ""reg_lambda"": 2.3959641374700134, ""subsample"": 0.6727002138297735, ""subsample_freq"": 1}"
2,4,186,0,0.4732545976307267,0.42786258528782745,0.08981605215413722,"{""colsample_bytree"": 0.9905151103255461, ""learning_rate"": 0.03108066803068162, ""max_depth"": 4, ""min_child_samples"": 16, ""num_leaves"": 14, ""reg_lambda"": 2.3959641374700134, ""subsample"": 0.6727002138297735, ""subsample_freq"": 1}"
2,4,192,0,0.041233262084864025,0.16839380837311782,0.06989630644017952,"{""colsample_bytree"": 0.9905151103255461, ""learning_rate"": 0.03108066803068162, ""max_depth"": 4, ""min_child_samples"": 16, ""num_leaves"": 14, ""reg_lambda"": 2.3959641374700134, ""subsample"": 0.6727002138297735, ""subsample_freq"": 1}"
2,4,193,0,0.19258374161116867,0.32317905132159436,0.03056044942950306,"{""colsample_bytree"": 0.9905151103255461, ""learning_rate"": 0.03108066803068162, ""max_depth"": 4, ""min_child_samples"": 16, ""num_leaves"": 14, ""reg_lambda"": 2.3959641374700134, ""subsample"": 0.6727002138297735, ""subsample_freq"": 1}"
2,4,194,0,0.058701416014390335,0.18555833068778047,0.0559313054835253,"{""colsample_bytree"": 0.9905151103255461, ""learning_rate"": 0.03108066803068162, ""max_depth"": 4, ""min_child_samples"": 16, ""num_leaves"": 14, ""reg_lambda"": 2.3959641374700134, ""subsample"": 0.6727002138297735, ""subsample_freq"": 1}"
2,4,217,0,0.20777037722165598,0.265360905141791,0.04442868727408548,"{""colsample_bytree"": 0.9905151103255461, ""learning_rate"": 0.03108066803068162, ""max_depth"": 4, ""min_child_samples"": 16, ""num_leaves"": 14, ""reg_lambda"": 2.3959641374700134, ""subsample"": 0.6727002138297735, ""subsample_freq"": 1}"
2,4,222,1,0.7243215479760909,0.6081868894030839,0.0913338272190825,"{""colsample_bytree"": 0.9905151103255461, ""learning_rate"": 0.03108066803068162, ""max_depth"": 4, ""min_child_samples"": 16, ""num_leaves"": 14, ""reg_lambda"": 2.3959641374700134, ""subsample"": 0.6727002138297735, ""subsample_freq"": 1}"
2,4,226,1,0.24425094519801113,0.3365366320934632,0.0543885086650972,"{""colsample_bytree"": 0.9905151103255461, ""learning_rate"": 0.03108066803068162, ""max_depth"": 4, ""min_child_samples"": 16, ""num_leaves"": 14, ""reg_lambda"": 2.3959641374700134, ""subsample"": 0.6727002138297735, ""subsample_freq"": 1}"
2,4,238,0,0.1618022983184661,0.2776711005208211,0.059980977215496216,"{""colsample_bytree"": 0.9905151103255461, ""learning_rate"": 0.03108066803068162, ""max_depth"": 4, ""min_child_samples"": 16, ""num_leaves"": 14, ""reg_lambda"": 2.3959641374700134, ""subsample"": 0.6727002138297735, ""subsample_freq"": 1}"
2,4,240,0,0.7954198619443499,0.6096723411325766,0.11419902980211825,"{""colsample_bytree"": 0.9905151103255461, ""learning_rate"": 0.03108066803068162, ""max_depth"": 4, ""min_child_samples"": 16, ""num_leaves"": 14, ""reg_lambda"": 2.3959641374700134, ""subsample"": 0.6727002138297735, ""subsample_freq"": 1}"
2,4,246,1,0.5838283451285419,0.5325933068778715,0.05411812910823058,"{""colsample_bytree"": 0.9905151103255461, ""learning_rate"": 0.03108066803068162, ""max_depth"": 4, ""min_child_samples"": 16, ""num_leaves"": 14, ""reg_lambda"": 2.3959641374700134, ""subsample"": 0.6727002138297735, ""subsample_freq"": 1}"
2,4,248,1,0.7882806319274985,0.6347414734621919,0.10985489795218235,"{""colsample_bytree"": 0.9905151103255461, ""learning_rate"": 0.03108066803068162, ""max_depth"": 4, ""min_child_samples"": 16, ""num_leaves"": 14, ""reg_lambda"": 2.3959641374700134, ""subsample"": 0.6727002138297735, ""subsample_freq"": 1}"
2,4,259,0,0.23529356579700733,0.3540991926599909,0.08531939090715701,"{""colsample_bytree"": 0.9905151103255461, ""learning_rate"": 0.03108066803068162, ""max_depth"": 4, ""min_child_samples"": 16, ""num_leaves"": 14, ""reg_lambda"": 2.3959641374700134, ""subsample"": 0.6727002138297735, ""subsample_freq"": 1}"
2,4,260,1,0.3889031628318868,0.41564838234272034,0.05557722164779975,"{""colsample_bytree"": 0.9905151103255461, ""learning_rate"": 0.03108066803068162, ""max_depth"": 4, ""min_child_samples"": 16, ""num_leaves"": 14, ""reg_lambda"": 2.3959641374700134, ""subsample"": 0.6727002138297735, ""subsample_freq"": 1}"
2,4,261,0,0.11233272287139107,0.1743822557650466,0.07093125345077343,"{""colsample_bytree"": 0.9905151103255461, ""learning_rate"": 0.03108066803068162, ""max_depth"": 4, ""min_child_samples"": 16, ""num_leaves"": 14, ""reg_lambda"": 2.3959641374700134, ""subsample"": 0.6727002138297735, ""subsample_freq"": 1}"
2,4,264,0,0.06795347434033129,0.183413486334069,0.07567566347829843,"{""colsample_bytree"": 0.9905151103255461, ""learning_rate"": 0.03108066803068162, ""max_depth"": 4, ""min_child_samples"": 16, ""num_leaves"": 14, ""reg_lambda"": 2.3959641374700134, ""subsample"": 0.6727002138297735, ""subsample_freq"": 1}"
2,4,266,1,0.365345241681964,0.3944697174081348,0.05474190496811879,"{""colsample_bytree"": 0.9905151103255461, ""learning_rate"": 0.03108066803068162, ""max_depth"": 4, ""min_child_samples"": 16, ""num_leaves"": 14, ""reg_lambda"": 2.3959641374700134, ""subsample"": 0.6727002138297735, ""subsample_freq"": 1}"
2,4,272,0,0.45939352095785385,0.4080668551846055,0.041123101831953016,"{""colsample_bytree"": 0.9905151103255461, ""learning_rate"": 0.03108066803068162, ""max_depth"": 4, ""min_child_samples"": 16, ""num_leaves"": 14, ""reg_lambda"": 2.3959641374700134, ""subsample"": 0.6727002138297735, ""subsample_freq"": 1}"
2,4,279,1,0.2508631562940859,0.3113055358566325,0.0502494998278122,"{""colsample_bytree"": 0.9905151103255461, ""learning_rate"": 0.03108066803068162, ""max_depth"": 4, ""min_child_samples"": 16, ""num_leaves"": 14, ""reg_lambda"": 2.3959641374700134, ""subsample"": 0.6727002138297735, ""subsample_freq"": 1}"
2,4,287,0,0.22685454482064765,0.31488993604759197,0.04349896486827427,"{""colsample_bytree"": 0.9905151103255461, ""learning_rate"": 0.03108066803068162, ""max_depth"": 4, ""min_child_samples"": 16, ""num_leaves"": 14, ""reg_lambda"": 2.3959641374700134, ""subsample"": 0.6727002138297735, ""subsample_freq"": 1}"
2,4,289,0,0.12548313721362928,0.22928163319965597,0.08029523891901712,"{""colsample_bytree"": 0.9905151103255461, ""learning_rate"": 0.03108066803068162, ""max_depth"": 4, ""min_child_samples"": 16, ""num_leaves"": 14, ""reg_lambda"": 2.3959641374700134, ""subsample"": 0.6727002138297735, ""subsample_freq"": 1}"
2,4,295,0,0.3399025267156435,0.33078835370670145,0.06917518587159463,"{""colsample_bytree"": 0.9905151103255461, ""learning_rate"": 0.03108066803068162, ""max_depth"": 4, ""min_child_samples"": 16, ""num_leaves"": 14, ""reg_lambda"": 2.3959641374700134, ""subsample"": 0.6727002138297735, ""subsample_freq"": 1}"
2,4,297,0,0.11665408912474745,0.22160612065320295,0.04312462225857661,"{""colsample_bytree"": 0.9905151103255461, ""learning_rate"": 0.03108066803068162, ""max_depth"": 4, ""min_child_samples"": 16, ""num_leaves"": 14, ""reg_lambda"": 2.3959641374700134, ""subsample"": 0.6727002138297735, ""subsample_freq"": 1}"
2,4,299,0,0.032427607517041886,0.14647889226269312,0.06581644126460443,"{""colsample_bytree"": 0.9905151103255461, ""learning_rate"": 0.03108066803068162, ""max_depth"": 4, ""min_child_samples"": 16, ""num_leaves"": 14, ""reg_lambda"": 2.3959641374700134, ""subsample"": 0.6727002138297735, ""subsample_freq"": 1}"
2,4,301,0,0.20026744538210323,0.2614701276947704,0.06140574434822946,"{""colsample_bytree"": 0.9905151103255461, ""learning_rate"": 0.03108066803068162, ""max_depth"": 4, ""min_child_samples"": 16, ""num_leaves"": 14, ""reg_lambda"": 2.3959641374700134, ""subsample"": 0.6727002138297735, ""subsample_freq"": 1}"
3,0,5,1,0.49170531957236513,0.4547093924424722,0.038855297060053716,"{""colsample_bytree"": 0.7472148986465301, ""learning_rate"": 0.02876403526864882, ""max_depth"": 2, ""min_child_samples"": 29, ""num_leaves"": 14, ""reg_lambda"": 0.513011875591677, ""subsample"": 0.8716243214548647, ""subsample_freq"": 1}"
3,0,13,0,0.5261386896785832,0.45246592151604537,0.05601454601618469,"{""colsample_bytree"": 0.7472148986465301, ""learning_rate"": 0.02876403526864882, ""max_depth"": 2, ""min_child_samples"": 29, ""num_leaves"": 14, ""reg_lambda"": 0.513011875591677, ""subsample"": 0.8716243214548647, ""subsample_freq"": 1}"
3,0,14,0,0.394204356961104,0.34773961854410407,0.11042820117729547,"{""colsample_bytree"": 0.7472148986465301, ""learning_rate"": 0.02876403526864882, ""max_depth"": 2, ""min_child_samples"": 29, ""num_leaves"": 14, ""reg_lambda"": 0.513011875591677, ""subsample"": 0.8716243214548647, ""subsample_freq"": 1}"
3,0,17,0,0.4748943262595127,0.40240682197643746,0.042912133443492706,"{""colsample_bytree"": 0.7472148986465301, ""learning_rate"": 0.02876403526864882, ""max_depth"": 2, ""min_child_samples"": 29, ""num_leaves"": 14, ""reg_lambda"": 0.513011875591677, ""subsample"": 0.8716243214548647, ""subsample_freq"": 1}"
3,0,22,1,0.5720240895746828,0.5499744789234916,0.0885873356387668,"{""colsample_bytree"": 0.7472148986465301, ""learning_rate"": 0.02876403526864882, ""max_depth"": 2, ""min_child_samples"": 29, ""num_leaves"": 14, ""reg_lambda"": 0.513011875591677, ""subsample"": 0.8716243214548647, ""subsample_freq"": 1}"
3,0,31,1,0.707201681393028,0.6205313859258075,0.1376667477981025,"{""colsample_bytree"": 0.7472148986465301, ""learning_rate"": 0.02876403526864882, ""max_depth"": 2, ""min_child_samples"": 29, ""num_leaves"": 14, ""reg_lambda"": 0.513011875591677, ""subsample"": 0.8716243214548647, ""subsample_freq"": 1}"
3,0,32,1,0.4272884508867232,0.451487763570923,0.03144034441165353,"{""colsample_bytree"": 0.7472148986465301, ""learning_rate"": 0.02876403526864882, ""max_depth"": 2, ""min_child_samples"": 29, ""num_leaves"": 14, ""reg_lambda"": 0.513011875591677, ""subsample"": 0.8716243214548647, ""subsample_freq"": 1}"
3,0,33,1,0.7126159349649318,0.6220905595891031,0.12822430167965407,"{""colsample_bytree"": 0.7472148986465301, ""learning_rate"": 0.02876403526864882, ""max_depth"": 2, ""min_child_samples"": 29, ""num_leaves"": 14, ""reg_lambda"": 0.513011875591677, ""subsample"": 0.8716243214548647, ""subsample_freq"": 1}"
3,0,41,0,0.1461057085566172,0.18454067370144903,0.05888221500240905,"{""colsample_bytree"": 0.7472148986465301, ""learning_rate"": 0.02876403526864882, ""max_depth"": 2, ""min_child_samples"": 29, ""num_leaves"": 14, ""reg_lambda"": 0.513011875591677, ""subsample"": 0.8716243214548647, ""subsample_freq"": 1}"
3,0,46,1,0.178575881068163,0.2654731177468782,0.04642508909107456,"{""colsample_bytree"": 0.7472148986465301, ""learning_rate"": 0.02876403526864882, ""max_depth"": 2, ""min_child_samples"": 29, ""num_leaves"": 14, ""reg_lambda"": 0.513011875591677, ""subsample"": 0.8716243214548647, ""subsample_freq"": 1}"
3,0,62,0,0.19922944782570162,0.23743930482051506,0.04559156936568169,"{""colsample_bytree"": 0.7472148986465301, ""learning_rate"": 0.02876403526864882, ""max_depth"": 2, ""min_child_samples"": 29, ""num_leaves"": 14, ""reg_lambda"": 0.513011875591677, ""subsample"": 0.8716243214548647, ""subsample_freq"": 1}"
3,0,71,1,0.6386423188746796,0.5608741869273203,0.047692314884690404,"{""colsample_bytree"": 0.7472148986465301, ""learning_rate"": 0.02876403526864882, ""max_depth"": 2, ""min_child_samples"": 29, ""num_leaves"": 14, ""reg_lambda"": 0.513011875591677, ""subsample"": 0.8716243214548647, ""subsample_freq"": 1}"
3,0,86,1,0.3031715728203184,0.4212226479626889,0.05368405673476704,"{""colsample_bytree"": 0.7472148986465301, ""learning_rate"": 0.02876403526864882, ""max_depth"": 2, ""min_child_samples"": 29, ""num_leaves"": 14, ""reg_lambda"": 0.513011875591677, ""subsample"": 0.8716243214548647, ""subsample_freq"": 1}"
3,0,87,1,0.5430548798548891,0.49574901104975827,0.07887319364684008,"{""colsample_bytree"": 0.7472148986465301, ""learning_rate"": 0.02876403526864882, ""max_depth"": 2, ""min_child_samples"": 29, ""num_leaves"": 14, ""reg_lambda"": 0.513011875591677, ""subsample"": 0.8716243214548647, ""subsample_freq"": 1}"
3,0,91,0,0.5560796429004669,0.5164665055643096,0.09480704049657974,"{""colsample_bytree"": 0.7472148986465301, ""learning_rate"": 0.02876403526864882, ""max_depth"": 2, ""min_child_samples"": 29, ""num_leaves"": 14, ""reg_lambda"": 0.513011875591677, ""subsample"": 0.8716243214548647, ""subsample_freq"": 1}"
3,0,92,1,0.6766288234122375,0.5947174722865911,0.09378422128429491,"{""colsample_bytree"": 0.7472148986465301, ""learning_rate"": 0.02876403526864882, ""max_depth"": 2, ""min_child_samples"": 29, ""num_leaves"": 14, ""reg_lambda"": 0.513011875591677, ""subsample"": 0.8716243214548647, ""subsample_freq"": 1}"
3,0,95,1,0.40367104011105814,0.4131289044628442,0.06426124828025638,"{""colsample_bytree"": 0.7472148986465301, ""learning_rate"": 0.02876403526864882, ""max_depth"": 2, ""min_child_samples"": 29, ""num_leaves"": 14, ""reg_lambda"": 0.513011875591677, ""subsample"": 0.8716243214548647, ""subsample_freq"": 1}"
3,0,105,0,0.08311730980395256,0.16703091308715134,0.0626381877372793,"{""colsample_bytree"": 0.7472148986465301, ""learning_rate"": 0.02876403526864882, ""max_depth"": 2, ""min_child_samples"": 29, ""num_leaves"": 14, ""reg_lambda"": 0.513011875591677, ""subsample"": 0.8716243214548647, ""subsample_freq"": 1}"
3,0,114,1,0.8526702093329898,0.68991816130392,0.13507406356196805,"{""colsample_bytree"": 0.7472148986465301, ""learning_rate"": 0.02876403526864882, ""max_depth"": 2, ""min_child_samples"": 29, ""num_leaves"": 14, ""reg_lambda"": 0.513011875591677, ""subsample"": 0.8716243214548647, ""subsample_freq"": 1}"
3,0,123,1,0.7242047194912288,0.5255519371428956,0.09007795816597977,"{""colsample_bytree"": 0.7472148986465301, ""learning_rate"": 0.02876403526864882, ""max_depth"": 2, ""min_child_samples"": 29, ""num_leaves"": 14, ""reg_lambda"": 0.513011875591677, ""subsample"": 0.8716243214548647, ""subsample_freq"": 1}"
3,0,131,0,0.38362198322045493,0.4386427264948689,0.05528111842923249,"{""colsample_bytree"": 0.7472148986465301, ""learning_rate"": 0.02876403526864882, ""max_depth"": 2, ""min_child_samples"": 29, ""num_leaves"": 14, ""reg_lambda"": 0.513011875591677, ""subsample"": 0.8716243214548647, ""subsample_freq"": 1}"
3,0,137,0,0.18731850303771322,0.23542076994105798,0.04156756525233358,"{""colsample_bytree"": 0.7472148986465301, ""learning_rate"": 0.02876403526864882, ""max_depth"": 2, ""min_child_samples"": 29, ""num_leaves"": 14, ""reg_lambda"": 0.513011875591677, ""subsample"": 0.8716243214548647, ""subsample_freq"": 1}"
3,0,149,1,0.4483434766706147,0.4653209104325195,0.05580903588880008,"{""colsample_bytree"": 0.7472148986465301, ""learning_rate"": 0.02876403526864882, ""max_depth"": 2, ""min_child_samples"": 29, ""num_leaves"": 14, ""reg_lambda"": 0.513011875591677, ""subsample"": 0.8716243214548647, ""subsample_freq"": 1}"
3,0,156,1,0.5512127240261161,0.48146797448758427,0.10124622862189012,"{""colsample_bytree"": 0.7472148986465301, ""learning_rate"": 0.02876403526864882, ""max_depth"": 2, ""min_child_samples"": 29, ""num_leaves"": 14, ""reg_lambda"": 0.513011875591677, ""subsample"": 0.8716243214548647, ""subsample_freq"": 1}"
3,0,166,0,0.06065807458742501,0.14685801263383721,0.04996501357205585,"{""colsample_bytree"": 0.7472148986465301, ""learning_rate"": 0.02876403526864882, ""max_depth"": 2, ""min_child_samples"": 29, ""num_leaves"": 14, ""reg_lambda"": 0.513011875591677, ""subsample"": 0.8716243214548647, ""subsample_freq"": 1}"
3,0,169,0,0.15763224820876576,0.2110756000672326,0.0621065079039126,"{""colsample_bytree"": 0.7472148986465301, ""learning_rate"": 0.02876403526864882, ""max_depth"": 2, ""min_child_samples"": 29, ""num_leaves"": 14, ""reg_lambda"": 0.513011875591677, ""subsample"": 0.8716243214548647, ""subsample_freq"": 1}"
3,0,170,0,0.07726741605345831,0.14063372042055883,0.05394711296691865,"{""colsample_bytree"": 0.7472148986465301, ""learning_rate"": 0.02876403526864882, ""max_depth"": 2, ""min_child_samples"": 29, ""num_leaves"": 14, ""reg_lambda"": 0.513011875591677, ""subsample"": 0.8716243214548647, ""subsample_freq"": 1}"
3,0,172,0,0.32732684896792796,0.32738262045824706,0.03202562835080933,"{""colsample_bytree"": 0.7472148986465301, ""learning_rate"": 0.02876403526864882, ""max_depth"": 2, ""min_child_samples"": 29, ""num_leaves"": 14, ""reg_lambda"": 0.513011875591677, ""subsample"": 0.8716243214548647, ""subsample_freq"": 1}"
3,0,175,0,0.28829300644131517,0.3412018151770125,0.06983839668702949,"{""colsample_bytree"": 0.7472148986465301, ""learning_rate"": 0.02876403526864882, ""max_depth"": 2, ""min_child_samples"": 29, ""num_leaves"": 14, ""reg_lambda"": 0.513011875591677, ""subsample"": 0.8716243214548647, ""subsample_freq"": 1}"
3,0,177,1,0.45010689234155504,0.4463198737912353,0.0925749021051069,"{""colsample_bytree"": 0.7472148986465301, ""learning_rate"": 0.02876403526864882, ""max_depth"": 2, ""min_child_samples"": 29, ""num_leaves"": 14, ""reg_lambda"": 0.513011875591677, ""subsample"": 0.8716243214548647, ""subsample_freq"": 1}"
3,0,184,1,0.23227661433609803,0.2795996240266274,0.0867258917258088,"{""colsample_bytree"": 0.7472148986465301, ""learning_rate"": 0.02876403526864882, ""max_depth"": 2, ""min_child_samples"": 29, ""num_leaves"": 14, ""reg_lambda"": 0.513011875591677, ""subsample"": 0.8716243214548647, ""subsample_freq"": 1}"
3,0,190,0,0.16989405095918667,0.2437391505102538,0.053292318923531826,"{""colsample_bytree"": 0.7472148986465301, ""learning_rate"": 0.02876403526864882, ""max_depth"": 2, ""min_child_samples"": 29, ""num_leaves"": 14, ""reg_lambda"": 0.513011875591677, ""subsample"": 0.8716243214548647, ""subsample_freq"": 1}"
3,0,193,0,0.21776571818851104,0.23524530105215677,0.039266462626089994,"{""colsample_bytree"": 0.7472148986465301, ""learning_rate"": 0.02876403526864882, ""max_depth"": 2, ""min_child_samples"": 29, ""num_leaves"": 14, ""reg_lambda"": 0.513011875591677, ""subsample"": 0.8716243214548647, ""subsample_freq"": 1}"
3,0,194,0,0.21148075360784702,0.252884098165989,0.04919264046446514,"{""colsample_bytree"": 0.7472148986465301, ""learning_rate"": 0.02876403526864882, ""max_depth"": 2, ""min_child_samples"": 29, ""num_leaves"": 14, ""reg_lambda"": 0.513011875591677, ""subsample"": 0.8716243214548647, ""subsample_freq"": 1}"
3,0,195,0,0.524242877875928,0.5378065413251757,0.14354683892814493,"{""colsample_bytree"": 0.7472148986465301, ""learning_rate"": 0.02876403526864882, ""max_depth"": 2, ""min_child_samples"": 29, ""num_leaves"": 14, ""reg_lambda"": 0.513011875591677, ""subsample"": 0.8716243214548647, ""subsample_freq"": 1}"
3,0,200,0,0.28982462551347327,0.33607526593957926,0.057141918080196565,"{""colsample_bytree"": 0.7472148986465301, ""learning_rate"": 0.02876403526864882, ""max_depth"": 2, ""min_child_samples"": 29, ""num_leaves"": 14, ""reg_lambda"": 0.513011875591677, ""subsample"": 0.8716243214548647, ""subsample_freq"": 1}"
3,0,205,0,0.23450014170545613,0.28002183474187253,0.03571324666793858,"{""colsample_bytree"": 0.7472148986465301, ""learning_rate"": 0.02876403526864882, ""max_depth"": 2, ""min_child_samples"": 29, ""num_leaves"": 14, ""reg_lambda"": 0.513011875591677, ""subsample"": 0.8716243214548647, ""subsample_freq"": 1}"
3,0,207,0,0.3359188291481598,0.35153594295473667,0.04365069476828503,"{""colsample_bytree"": 0.7472148986465301, ""learning_rate"": 0.02876403526864882, ""max_depth"": 2, ""min_child_samples"": 29, ""num_leaves"": 14, ""reg_lambda"": 0.513011875591677, ""subsample"": 0.8716243214548647, ""subsample_freq"": 1}"
3,0,210,0,0.17068580990977728,0.21644097834443782,0.03896995710642202,"{""colsample_bytree"": 0.7472148986465301, ""learning_rate"": 0.02876403526864882, ""max_depth"": 2, ""min_child_samples"": 29, ""num_leaves"": 14, ""reg_lambda"": 0.513011875591677, ""subsample"": 0.8716243214548647, ""subsample_freq"": 1}"
3,0,212,0,0.045335459666723005,0.1081322269335607,0.04798730440214492,"{""colsample_bytree"": 0.7472148986465301, ""learning_rate"": 0.02876403526864882, ""max_depth"": 2, ""min_child_samples"": 29, ""num_leaves"": 14, ""reg_lambda"": 0.513011875591677, ""subsample"": 0.8716243214548647, ""subsample_freq"": 1}"
3,0,214,0,0.43926744606842955,0.4553254272490883,0.06493640390232938,"{""colsample_bytree"": 0.7472148986465301, ""learning_rate"": 0.02876403526864882, ""max_depth"": 2, ""min_child_samples"": 29, ""num_leaves"": 14, ""reg_lambda"": 0.513011875591677, ""subsample"": 0.8716243214548647, ""subsample_freq"": 1}"
3,0,216,0,0.3765777222865969,0.338703567809377,0.0925103677003603,"{""colsample_bytree"": 0.7472148986465301, ""learning_rate"": 0.02876403526864882, ""max_depth"": 2, ""min_child_samples"": 29, ""num_leaves"": 14, ""reg_lambda"": 0.513011875591677, ""subsample"": 0.8716243214548647, ""subsample_freq"": 1}"
3,0,221,1,0.3755124323091861,0.39622589772975325,0.07144397135937222,"{""colsample_bytree"": 0.7472148986465301, ""learning_rate"": 0.02876403526864882, ""max_depth"": 2, ""min_child_samples"": 29, ""num_leaves"": 14, ""reg_lambda"": 0.513011875591677, ""subsample"": 0.8716243214548647, ""subsample_freq"": 1}"
3,0,223,1,0.22757620514633067,0.2650001326213304,0.06315710814577354,"{""colsample_bytree"": 0.7472148986465301, ""learning_rate"": 0.02876403526864882, ""max_depth"": 2, ""min_child_samples"": 29, ""num_leaves"": 14, ""reg_lambda"": 0.513011875591677, ""subsample"": 0.8716243214548647, ""subsample_freq"": 1}"
3,0,224,0,0.34261824378347655,0.38507104672977305,0.06812443270560091,"{""colsample_bytree"": 0.7472148986465301, ""learning_rate"": 0.02876403526864882, ""max_depth"": 2, ""min_child_samples"": 29, ""num_leaves"": 14, ""reg_lambda"": 0.513011875591677, ""subsample"": 0.8716243214548647, ""subsample_freq"": 1}"
3,0,232,1,0.19954582693327397,0.24320740895693937,0.027062314146852433,"{""colsample_bytree"": 0.7472148986465301, ""learning_rate"": 0.02876403526864882, ""max_depth"": 2, ""min_child_samples"": 29, ""num_leaves"": 14, ""reg_lambda"": 0.513011875591677, ""subsample"": 0.8716243214548647, ""subsample_freq"": 1}"
3,0,236,1,0.19626700202838898,0.2928997414188744,0.04042798937254025,"{""colsample_bytree"": 0.7472148986465301, ""learning_rate"": 0.02876403526864882, ""max_depth"": 2, ""min_child_samples"": 29, ""num_leaves"": 14, ""reg_lambda"": 0.513011875591677, ""subsample"": 0.8716243214548647, ""subsample_freq"": 1}"
3,0,246,1,0.5203805433432279,0.4928139963554762,0.04648801690503792,"{""colsample_bytree"": 0.7472148986465301, ""learning_rate"": 0.02876403526864882, ""max_depth"": 2, ""min_child_samples"": 29, ""num_leaves"": 14, ""reg_lambda"": 0.513011875591677, ""subsample"": 0.8716243214548647, ""subsample_freq"": 1}"
3,0,248,1,0.8331818054938821,0.7154769764112674,0.09904932483338962,"{""colsample_bytree"": 0.7472148986465301, ""learning_rate"": 0.02876403526864882, ""max_depth"": 2, ""min_child_samples"": 29, ""num_leaves"": 14, ""reg_lambda"": 0.513011875591677, ""subsample"": 0.8716243214548647, ""subsample_freq"": 1}"
3,0,253,0,0.41402044575592895,0.40300322017497014,0.054691165827274735,"{""colsample_bytree"": 0.7472148986465301, ""learning_rate"": 0.02876403526864882, ""max_depth"": 2, ""min_child_samples"": 29, ""num_leaves"": 14, ""reg_lambda"": 0.513011875591677, ""subsample"": 0.8716243214548647, ""subsample_freq"": 1}"
3,0,255,0,0.1779105485457894,0.24241044825652155,0.044519320186969795,"{""colsample_bytree"": 0.7472148986465301, ""learning_rate"": 0.02876403526864882, ""max_depth"": 2, ""min_child_samples"": 29, ""num_leaves"": 14, ""reg_lambda"": 0.513011875591677, ""subsample"": 0.8716243214548647, ""subsample_freq"": 1}"
3,0,268,0,0.07811803709321327,0.15119724050948657,0.05140938493779811,"{""colsample_bytree"": 0.7472148986465301, ""learning_rate"": 0.02876403526864882, ""max_depth"": 2, ""min_child_samples"": 29, ""num_leaves"": 14, ""reg_lambda"": 0.513011875591677, ""subsample"": 0.8716243214548647, ""subsample_freq"": 1}"
3,0,271,0,0.5556408233896525,0.5376850947495989,0.08311446600962748,"{""colsample_bytree"": 0.7472148986465301, ""learning_rate"": 0.02876403526864882, ""max_depth"": 2, ""min_child_samples"": 29, ""num_leaves"": 14, ""reg_lambda"": 0.513011875591677, ""subsample"": 0.8716243214548647, ""subsample_freq"": 1}"
3,0,274,0,0.48951950134904626,0.4856458110509959,0.03566549583481653,"{""colsample_bytree"": 0.7472148986465301, ""learning_rate"": 0.02876403526864882, ""max_depth"": 2, ""min_child_samples"": 29, ""num_leaves"": 14, ""reg_lambda"": 0.513011875591677, ""subsample"": 0.8716243214548647, ""subsample_freq"": 1}"
3,0,280,0,0.15470843561825862,0.24713244396511777,0.04891005131331729,"{""colsample_bytree"": 0.7472148986465301, ""learning_rate"": 0.02876403526864882, ""max_depth"": 2, ""min_child_samples"": 29, ""num_leaves"": 14, ""reg_lambda"": 0.513011875591677, ""subsample"": 0.8716243214548647, ""subsample_freq"": 1}"
3,0,282,0,0.5263002144729623,0.4671970550003196,0.07151682903917037,"{""colsample_bytree"": 0.7472148986465301, ""learning_rate"": 0.02876403526864882, ""max_depth"": 2, ""min_child_samples"": 29, ""num_leaves"": 14, ""reg_lambda"": 0.513011875591677, ""subsample"": 0.8716243214548647, ""subsample_freq"": 1}"
3,0,288,1,0.1903932721622885,0.25280973609638935,0.06017154444183208,"{""colsample_bytree"": 0.7472148986465301, ""learning_rate"": 0.02876403526864882, ""max_depth"": 2, ""min_child_samples"": 29, ""num_leaves"": 14, ""reg_lambda"": 0.513011875591677, ""subsample"": 0.8716243214548647, ""subsample_freq"": 1}"
3,0,289,0,0.1180241599662499,0.1974889188754146,0.05681972508472509,"{""colsample_bytree"": 0.7472148986465301, ""learning_rate"": 0.02876403526864882, ""max_depth"": 2, ""min_child_samples"": 29, ""num_leaves"": 14, ""reg_lambda"": 0.513011875591677, ""subsample"": 0.8716243214548647, ""subsample_freq"": 1}"
3,0,291,0,0.1499899761671967,0.2182317549380775,0.06698852333247295,"{""colsample_bytree"": 0.7472148986465301, ""learning_rate"": 0.02876403526864882, ""max_depth"": 2, ""min_child_samples"": 29, ""num_leaves"": 14, ""reg_lambda"": 0.513011875591677, ""subsample"": 0.8716243214548647, ""subsample_freq"": 1}"
3,0,301,0,0.14631896297030852,0.2133936045931859,0.043988398143523386,"{""colsample_bytree"": 0.7472148986465301, ""learning_rate"": 0.02876403526864882, ""max_depth"": 2, ""min_child_samples"": 29, ""num_leaves"": 14, ""reg_lambda"": 0.513011875591677, ""subsample"": 0.8716243214548647, ""subsample_freq"": 1}"
3,0,302,0,0.2981858133956597,0.3811719268666904,0.04885565445136091,"{""colsample_bytree"": 0.7472148986465301, ""learning_rate"": 0.02876403526864882, ""max_depth"": 2, ""min_child_samples"": 29, ""num_leaves"": 14, ""reg_lambda"": 0.513011875591677, ""subsample"": 0.8716243214548647, ""subsample_freq"": 1}"
3,1,8,0,0.1426981890949991,0.165685232250883,0.09414497350433611,"{""colsample_bytree"": 0.5363585473578834, ""learning_rate"": 0.026301614632347904, ""max_depth"": 4, ""min_child_samples"": 29, ""num_leaves"": 9, ""reg_lambda"": 10.188688721569159, ""subsample"": 0.9326243701665147, ""subsample_freq"": 1}"
3,1,21,1,0.589272166021359,0.5405032829768821,0.0990859829034257,"{""colsample_bytree"": 0.5363585473578834, ""learning_rate"": 0.026301614632347904, ""max_depth"": 4, ""min_child_samples"": 29, ""num_leaves"": 9, ""reg_lambda"": 10.188688721569159, ""subsample"": 0.9326243701665147, ""subsample_freq"": 1}"
3,1,25,0,0.7295882370350728,0.7181218421241727,0.09631320409693306,"{""colsample_bytree"": 0.5363585473578834, ""learning_rate"": 0.026301614632347904, ""max_depth"": 4, ""min_child_samples"": 29, ""num_leaves"": 9, ""reg_lambda"": 10.188688721569159, ""subsample"": 0.9326243701665147, ""subsample_freq"": 1}"
3,1,30,0,0.57291187672756,0.5437466534835865,0.08476828980355798,"{""colsample_bytree"": 0.5363585473578834, ""learning_rate"": 0.026301614632347904, ""max_depth"": 4, ""min_child_samples"": 29, ""num_leaves"": 9, ""reg_lambda"": 10.188688721569159, ""subsample"": 0.9326243701665147, ""subsample_freq"": 1}"
3,1,34,0,0.1686348826828553,0.2439294222616947,0.06257733361306839,"{""colsample_bytree"": 0.5363585473578834, ""learning_rate"": 0.026301614632347904, ""max_depth"": 4, ""min_child_samples"": 29, ""num_leaves"": 9, ""reg_lambda"": 10.188688721569159, ""subsample"": 0.9326243701665147, ""subsample_freq"": 1}"
3,1,35,0,0.21283598979490137,0.24022635438001014,0.039176920195682884,"{""colsample_bytree"": 0.5363585473578834, ""learning_rate"": 0.026301614632347904, ""max_depth"": 4, ""min_child_samples"": 29, ""num_leaves"": 9, ""reg_lambda"": 10.188688721569159, ""subsample"": 0.9326243701665147, ""subsample_freq"": 1}"
3,1,38,0,0.35665763956722724,0.3204839186622483,0.07469108564692276,"{""colsample_bytree"": 0.5363585473578834, ""learning_rate"": 0.026301614632347904, ""max_depth"": 4, ""min_child_samples"": 29, ""num_leaves"": 9, ""reg_lambda"": 10.188688721569159, ""subsample"": 0.9326243701665147, ""subsample_freq"": 1}"
3,1,39,1,0.5084150834474382,0.49099154721089616,0.044501124977468866,"{""colsample_bytree"": 0.5363585473578834, ""learning_rate"": 0.026301614632347904, ""max_depth"": 4, ""min_child_samples"": 29, ""num_leaves"": 9, ""reg_lambda"": 10.188688721569159, ""subsample"": 0.9326243701665147, ""subsample_freq"": 1}"
3,1,40,0,0.33783783450043314,0.35221568742292186,0.07742663766543341,"{""colsample_bytree"": 0.5363585473578834, ""learning_rate"": 0.026301614632347904, ""max_depth"": 4, ""min_child_samples"": 29, ""num_leaves"": 9, ""reg_lambda"": 10.188688721569159, ""subsample"": 0.9326243701665147, ""subsample_freq"": 1}"
3,1,47,1,0.6341788991916377,0.6248144810535746,0.09209439519414955,"{""colsample_bytree"": 0.5363585473578834, ""learning_rate"": 0.026301614632347904, ""max_depth"": 4, ""min_child_samples"": 29, ""num_leaves"": 9, ""reg_lambda"": 10.188688721569159, ""subsample"": 0.9326243701665147, ""subsample_freq"": 1}"
3,1,50,1,0.5924233748818044,0.5275478984680338,0.08192608077487845,"{""colsample_bytree"": 0.5363585473578834, ""learning_rate"": 0.026301614632347904, ""max_depth"": 4, ""min_child_samples"": 29, ""num_leaves"": 9, ""reg_lambda"": 10.188688721569159, ""subsample"": 0.9326243701665147, ""subsample_freq"": 1}"
3,1,57,1,0.6372916996588975,0.6700808256078242,0.10780772977013274,"{""colsample_bytree"": 0.5363585473578834, ""learning_rate"": 0.026301614632347904, ""max_depth"": 4, ""min_child_samples"": 29, ""num_leaves"": 9, ""reg_lambda"": 10.188688721569159, ""subsample"": 0.9326243701665147, ""subsample_freq"": 1}"
3,1,61,0,0.3026682343633103,0.2994019079826168,0.08733103070052274,"{""colsample_bytree"": 0.5363585473578834, ""learning_rate"": 0.026301614632347904, ""max_depth"": 4, ""min_child_samples"": 29, ""num_leaves"": 9, ""reg_lambda"": 10.188688721569159, ""subsample"": 0.9326243701665147, ""subsample_freq"": 1}"
3,1,65,1,0.33192130319510776,0.2815265602662434,0.07482855133609974,"{""colsample_bytree"": 0.5363585473578834, ""learning_rate"": 0.026301614632347904, ""max_depth"": 4, ""min_child_samples"": 29, ""num_leaves"": 9, ""reg_lambda"": 10.188688721569159, ""subsample"": 0.9326243701665147, ""subsample_freq"": 1}"
3,1,72,0,0.32009952684223897,0.34406286862357555,0.028637506068075864,"{""colsample_bytree"": 0.5363585473578834, ""learning_rate"": 0.026301614632347904, ""max_depth"": 4, ""min_child_samples"": 29, ""num_leaves"": 9, ""reg_lambda"": 10.188688721569159, ""subsample"": 0.9326243701665147, ""subsample_freq"": 1}"
3,1,76,0,0.5476606825580214,0.5495655595220181,0.07015696700276888,"{""colsample_bytree"": 0.5363585473578834, ""learning_rate"": 0.026301614632347904, ""max_depth"": 4, ""min_child_samples"": 29, ""num_leaves"": 9, ""reg_lambda"": 10.188688721569159, ""subsample"": 0.9326243701665147, ""subsample_freq"": 1}"
3,1,77,1,0.4981671544595568,0.5035381883502297,0.07081902145304572,"{""colsample_bytree"": 0.5363585473578834, ""learning_rate"": 0.026301614632347904, ""max_depth"": 4, ""min_child_samples"": 29, ""num_leaves"": 9, ""reg_lambda"": 10.188688721569159, ""subsample"": 0.9326243701665147, ""subsample_freq"": 1}"
3,1,88,1,0.5896193103913387,0.5681985466447885,0.1363011902957903,"{""colsample_bytree"": 0.5363585473578834, ""learning_rate"": 0.026301614632347904, ""max_depth"": 4, ""min_child_samples"": 29, ""num_leaves"": 9, ""reg_lambda"": 10.188688721569159, ""subsample"": 0.9326243701665147, ""subsample_freq"": 1}"
3,1,89,1,0.4916550382390233,0.4895144164297219,0.08650436701478442,"{""colsample_bytree"": 0.5363585473578834, ""learning_rate"": 0.026301614632347904, ""max_depth"": 4, ""min_child_samples"": 29, ""num_leaves"": 9, ""reg_lambda"": 10.188688721569159, ""subsample"": 0.9326243701665147, ""subsample_freq"": 1}"
3,1,93,0,0.6893079008622464,0.6816795349129836,0.09932265428211617,"{""colsample_bytree"": 0.5363585473578834, ""learning_rate"": 0.026301614632347904, ""max_depth"": 4, ""min_child_samples"": 29, ""num_leaves"": 9, ""reg_lambda"": 10.188688721569159, ""subsample"": 0.9326243701665147, ""subsample_freq"": 1}"
3,1,94,0,0.3439439416024874,0.3642670561195961,0.0165684766590019,"{""colsample_bytree"": 0.5363585473578834, ""learning_rate"": 0.026301614632347904, ""max_depth"": 4, ""min_child_samples"": 29, ""num_leaves"": 9, ""reg_lambda"": 10.188688721569159, ""subsample"": 0.9326243701665147, ""subsample_freq"": 1}"
3,1,99,0,0.30196283123504347,0.2992925728284219,0.07572882216772053,"{""colsample_bytree"": 0.5363585473578834, ""learning_rate"": 0.026301614632347904, ""max_depth"": 4, ""min_child_samples"": 29, ""num_leaves"": 9, ""reg_lambda"": 10.188688721569159, ""subsample"": 0.9326243701665147, ""subsample_freq"": 1}"
3,1,103,1,0.567446555560678,0.5498253940433878,0.06073479803112475,"{""colsample_bytree"": 0.5363585473578834, ""learning_rate"": 0.026301614632347904, ""max_depth"": 4, ""min_child_samples"": 29, ""num_leaves"": 9, ""reg_lambda"": 10.188688721569159, ""subsample"": 0.9326243701665147, ""subsample_freq"": 1}"
3,1,106,0,0.57406246791769,0.6047574011035679,0.08275569365900456,"{""colsample_bytree"": 0.5363585473578834, ""learning_rate"": 0.026301614632347904, ""max_depth"": 4, ""min_child_samples"": 29, ""num_leaves"": 9, ""reg_lambda"": 10.188688721569159, ""subsample"": 0.9326243701665147, ""subsample_freq"": 1}"
3,1,107,1,0.4479813773633925,0.45687424524506054,0.07442543461040364,"{""colsample_bytree"": 0.5363585473578834, ""learning_rate"": 0.026301614632347904, ""max_depth"": 4, ""min_child_samples"": 29, ""num_leaves"": 9, ""reg_lambda"": 10.188688721569159, ""subsample"": 0.9326243701665147, ""subsample_freq"": 1}"
3,1,113,0,0.11067411580850892,0.1367760966238834,0.08197131184865149,"{""colsample_bytree"": 0.5363585473578834, ""learning_rate"": 0.026301614632347904, ""max_depth"": 4, ""min_child_samples"": 29, ""num_leaves"": 9, ""reg_lambda"": 10.188688721569159, ""subsample"": 0.9326243701665147, ""subsample_freq"": 1}"
3,1,132,0,0.5346735691021026,0.5666146819904814,0.09657438493291276,"{""colsample_bytree"": 0.5363585473578834, ""learning_rate"": 0.026301614632347904, ""max_depth"": 4, ""min_child_samples"": 29, ""num_leaves"": 9, ""reg_lambda"": 10.188688721569159, ""subsample"": 0.9326243701665147, ""subsample_freq"": 1}"
3,1,135,0,0.4918917941710405,0.4378002370909684,0.05398697043873527,"{""colsample_bytree"": 0.5363585473578834, ""learning_rate"": 0.026301614632347904, ""max_depth"": 4, ""min_child_samples"": 29, ""num_leaves"": 9, ""reg_lambda"": 10.188688721569159, ""subsample"": 0.9326243701665147, ""subsample_freq"": 1}"
3,1,160,0,0.419790188453593,0.4324333497179239,0.050094761672653663,"{""colsample_bytree"": 0.5363585473578834, ""learning_rate"": 0.026301614632347904, ""max_depth"": 4, ""min_child_samples"": 29, ""num_leaves"": 9, ""reg_lambda"": 10.188688721569159, ""subsample"": 0.9326243701665147, ""subsample_freq"": 1}"
3,1,162,0,0.4082624482183219,0.40510237123657705,0.06038387763970072,"{""colsample_bytree"": 0.5363585473578834, ""learning_rate"": 0.026301614632347904, ""max_depth"": 4, ""min_child_samples"": 29, ""num_leaves"": 9, ""reg_lambda"": 10.188688721569159, ""subsample"": 0.9326243701665147, ""subsample_freq"": 1}"
3,1,163,1,0.48727918062088393,0.4685517622278056,0.058325639748575554,"{""colsample_bytree"": 0.5363585473578834, ""learning_rate"": 0.026301614632347904, ""max_depth"": 4, ""min_child_samples"": 29, ""num_leaves"": 9, ""reg_lambda"": 10.188688721569159, ""subsample"": 0.9326243701665147, ""subsample_freq"": 1}"
3,1,164,1,0.7634142072832013,0.7205496575881083,0.10728377005978285,"{""colsample_bytree"": 0.5363585473578834, ""learning_rate"": 0.026301614632347904, ""max_depth"": 4, ""min_child_samples"": 29, ""num_leaves"": 9, ""reg_lambda"": 10.188688721569159, ""subsample"": 0.9326243701665147, ""subsample_freq"": 1}"
3,1,165,0,0.6109367745739869,0.589465922291821,0.09112160226885378,"{""colsample_bytree"": 0.5363585473578834, ""learning_rate"": 0.026301614632347904, ""max_depth"": 4, ""min_child_samples"": 29, ""num_leaves"": 9, ""reg_lambda"": 10.188688721569159, ""subsample"": 0.9326243701665147, ""subsample_freq"": 1}"
3,1,173,1,0.6919235971228875,0.65947503108138,0.09199174732049828,"{""colsample_bytree"": 0.5363585473578834, ""learning_rate"": 0.026301614632347904, ""max_depth"": 4, ""min_child_samples"": 29, ""num_leaves"": 9, ""reg_lambda"": 10.188688721569159, ""subsample"": 0.9326243701665147, ""subsample_freq"": 1}"
3,1,176,0,0.12469616834696023,0.17945799853205155,0.08061043374547212,"{""colsample_bytree"": 0.5363585473578834, ""learning_rate"": 0.026301614632347904, ""max_depth"": 4, ""min_child_samples"": 29, ""num_leaves"": 9, ""reg_lambda"": 10.188688721569159, ""subsample"": 0.9326243701665147, ""subsample_freq"": 1}"
3,1,178,1,0.6262350938836325,0.6407357394536735,0.07825487895874197,"{""colsample_bytree"": 0.5363585473578834, ""learning_rate"": 0.026301614632347904, ""max_depth"": 4, ""min_child_samples"": 29, ""num_leaves"": 9, ""reg_lambda"": 10.188688721569159, ""subsample"": 0.9326243701665147, ""subsample_freq"": 1}"
3,1,179,0,0.32353805977319405,0.35543664963247207,0.06148766504214743,"{""colsample_bytree"": 0.5363585473578834, ""learning_rate"": 0.026301614632347904, ""max_depth"": 4, ""min_child_samples"": 29, ""num_leaves"": 9, ""reg_lambda"": 10.188688721569159, ""subsample"": 0.9326243701665147, ""subsample_freq"": 1}"
3,1,180,0,0.22066478078553126,0.264892964394719,0.06601209109168137,"{""colsample_bytree"": 0.5363585473578834, ""learning_rate"": 0.026301614632347904, ""max_depth"": 4, ""min_child_samples"": 29, ""num_leaves"": 9, ""reg_lambda"": 10.188688721569159, ""subsample"": 0.9326243701665147, ""subsample_freq"": 1}"
3,1,182,1,0.35590825030931766,0.36382416344684204,0.07651363320477059,"{""colsample_bytree"": 0.5363585473578834, ""learning_rate"": 0.026301614632347904, ""max_depth"": 4, ""min_child_samples"": 29, ""num_leaves"": 9, ""reg_lambda"": 10.188688721569159, ""subsample"": 0.9326243701665147, ""subsample_freq"": 1}"
3,1,196,0,0.1935632494945839,0.2499129121162218,0.04600119261695385,"{""colsample_bytree"": 0.5363585473578834, ""learning_rate"": 0.026301614632347904, ""max_depth"": 4, ""min_child_samples"": 29, ""num_leaves"": 9, ""reg_lambda"": 10.188688721569159, ""subsample"": 0.9326243701665147, ""subsample_freq"": 1}"
3,1,208,0,0.270913754231158,0.3317546141965898,0.043164377198257324,"{""colsample_bytree"": 0.5363585473578834, ""learning_rate"": 0.026301614632347904, ""max_depth"": 4, ""min_child_samples"": 29, ""num_leaves"": 9, ""reg_lambda"": 10.188688721569159, ""subsample"": 0.9326243701665147, ""subsample_freq"": 1}"
3,1,213,0,0.5745120477308951,0.5281201290359188,0.08157729095683548,"{""colsample_bytree"": 0.5363585473578834, ""learning_rate"": 0.026301614632347904, ""max_depth"": 4, ""min_child_samples"": 29, ""num_leaves"": 9, ""reg_lambda"": 10.188688721569159, ""subsample"": 0.9326243701665147, ""subsample_freq"": 1}"
3,1,226,1,0.40729607369618387,0.4041210250237288,0.04674006903082726,"{""colsample_bytree"": 0.5363585473578834, ""learning_rate"": 0.026301614632347904, ""max_depth"": 4, ""min_child_samples"": 29, ""num_leaves"": 9, ""reg_lambda"": 10.188688721569159, ""subsample"": 0.9326243701665147, ""subsample_freq"": 1}"
3,1,229,1,0.2835355106756504,0.3274307035884171,0.04597681641874952,"{""colsample_bytree"": 0.5363585473578834, ""learning_rate"": 0.026301614632347904, ""max_depth"": 4, ""min_child_samples"": 29, ""num_leaves"": 9, ""reg_lambda"": 10.188688721569159, ""subsample"": 0.9326243701665147, ""subsample_freq"": 1}"
3,1,231,0,0.47012850580502313,0.4717675819375436,0.03025113553937341,"{""colsample_bytree"": 0.5363585473578834, ""learning_rate"": 0.026301614632347904, ""max_depth"": 4, ""min_child_samples"": 29, ""num_leaves"": 9, ""reg_lambda"": 10.188688721569159, ""subsample"": 0.9326243701665147, ""subsample_freq"": 1}"
3,1,241,1,0.459865413572203,0.4527975283095083,0.06563784169285615,"{""colsample_bytree"": 0.5363585473578834, ""learning_rate"": 0.026301614632347904, ""max_depth"": 4, ""min_child_samples"": 29, ""num_leaves"": 9, ""reg_lambda"": 10.188688721569159, ""subsample"": 0.9326243701665147, ""subsample_freq"": 1}"
3,1,251,0,0.13561648536656942,0.1806442678288853,0.06757917535592514,"{""colsample_bytree"": 0.5363585473578834, ""learning_rate"": 0.026301614632347904, ""max_depth"": 4, ""min_child_samples"": 29, ""num_leaves"": 9, ""reg_lambda"": 10.188688721569159, ""subsample"": 0.9326243701665147, ""subsample_freq"": 1}"
3,1,254,0,0.3411834254394891,0.3393241812943216,0.06489207337903974,"{""colsample_bytree"": 0.5363585473578834, ""learning_rate"": 0.026301614632347904, ""max_depth"": 4, ""min_child_samples"": 29, ""num_leaves"": 9, ""reg_lambda"": 10.188688721569159, ""subsample"": 0.9326243701665147, ""subsample_freq"": 1}"
3,1,258,0,0.35674556649764805,0.3621706002122034,0.07185032724213498,"{""colsample_bytree"": 0.5363585473578834, ""learning_rate"": 0.026301614632347904, ""max_depth"": 4, ""min_child_samples"": 29, ""num_leaves"": 9, ""reg_lambda"": 10.188688721569159, ""subsample"": 0.9326243701665147, ""subsample_freq"": 1}"
3,1,262,0,0.46517464871794617,0.43713917161292903,0.04708699537520797,"{""colsample_bytree"": 0.5363585473578834, ""learning_rate"": 0.026301614632347904, ""max_depth"": 4, ""min_child_samples"": 29, ""num_leaves"": 9, ""reg_lambda"": 10.188688721569159, ""subsample"": 0.9326243701665147, ""subsample_freq"": 1}"
3,1,265,1,0.3168025694510459,0.37785867372810095,0.03226996661202085,"{""colsample_bytree"": 0.5363585473578834, ""learning_rate"": 0.026301614632347904, ""max_depth"": 4, ""min_child_samples"": 29, ""num_leaves"": 9, ""reg_lambda"": 10.188688721569159, ""subsample"": 0.9326243701665147, ""subsample_freq"": 1}"
3,1,266,1,0.40006316839024236,0.3965238969694889,0.07510650882501277,"{""colsample_bytree"": 0.5363585473578834, ""learning_rate"": 0.026301614632347904, ""max_depth"": 4, ""min_child_samples"": 29, ""num_leaves"": 9, ""reg_lambda"": 10.188688721569159, ""subsample"": 0.9326243701665147, ""subsample_freq"": 1}"
3,1,270,0,0.08707645036724913,0.11715128962629369,0.07622657550713005,"{""colsample_bytree"": 0.5363585473578834, ""learning_rate"": 0.026301614632347904, ""max_depth"": 4, ""min_child_samples"": 29, ""num_leaves"": 9, ""reg_lambda"": 10.188688721569159, ""subsample"": 0.9326243701665147, ""subsample_freq"": 1}"
3,1,273,1,0.67105069878332,0.6829274244576716,0.13811772406766976,"{""colsample_bytree"": 0.5363585473578834, ""learning_rate"": 0.026301614632347904, ""max_depth"": 4, ""min_child_samples"": 29, ""num_leaves"": 9, ""reg_lambda"": 10.188688721569159, ""subsample"": 0.9326243701665147, ""subsample_freq"": 1}"
3,1,277,0,0.44971323340670355,0.46432549325056877,0.036993418683525986,"{""colsample_bytree"": 0.5363585473578834, ""learning_rate"": 0.026301614632347904, ""max_depth"": 4, ""min_child_samples"": 29, ""num_leaves"": 9, ""reg_lambda"": 10.188688721569159, ""subsample"": 0.9326243701665147, ""subsample_freq"": 1}"
3,1,278,0,0.4975340390192016,0.5116889038133706,0.08690219037061478,"{""colsample_bytree"": 0.5363585473578834, ""learning_rate"": 0.026301614632347904, ""max_depth"": 4, ""min_child_samples"": 29, ""num_leaves"": 9, ""reg_lambda"": 10.188688721569159, ""subsample"": 0.9326243701665147, ""subsample_freq"": 1}"
3,1,281,1,0.30468645475848843,0.34266059072348676,0.04939374111179969,"{""colsample_bytree"": 0.5363585473578834, ""learning_rate"": 0.026301614632347904, ""max_depth"": 4, ""min_child_samples"": 29, ""num_leaves"": 9, ""reg_lambda"": 10.188688721569159, ""subsample"": 0.9326243701665147, ""subsample_freq"": 1}"
3,1,284,0,0.5001889581652986,0.49947368608131343,0.07311848013165188,"{""colsample_bytree"": 0.5363585473578834, ""learning_rate"": 0.026301614632347904, ""max_depth"": 4, ""min_child_samples"": 29, ""num_leaves"": 9, ""reg_lambda"": 10.188688721569159, ""subsample"": 0.9326243701665147, ""subsample_freq"": 1}"
3,1,294,1,0.28561331317698097,0.325062459393447,0.036820550189079836,"{""colsample_bytree"": 0.5363585473578834, ""learning_rate"": 0.026301614632347904, ""max_depth"": 4, ""min_child_samples"": 29, ""num_leaves"": 9, ""reg_lambda"": 10.188688721569159, ""subsample"": 0.9326243701665147, ""subsample_freq"": 1}"
3,1,297,0,0.14463730158637464,0.1759932907658397,0.09081411413886485,"{""colsample_bytree"": 0.5363585473578834, ""learning_rate"": 0.026301614632347904, ""max_depth"": 4, ""min_child_samples"": 29, ""num_leaves"": 9, ""reg_lambda"": 10.188688721569159, ""subsample"": 0.9326243701665147, ""subsample_freq"": 1}"
3,1,300,0,0.10330118781641845,0.12547096737443728,0.07913671924090757,"{""colsample_bytree"": 0.5363585473578834, ""learning_rate"": 0.026301614632347904, ""max_depth"": 4, ""min_child_samples"": 29, ""num_leaves"": 9, ""reg_lambda"": 10.188688721569159, ""subsample"": 0.9326243701665147, ""subsample_freq"": 1}"
3,2,0,0,0.2863219720294123,0.3243389648414813,0.09595996275681465,"{""colsample_bytree"": 0.41222572155996756, ""learning_rate"": 0.15820737831235385, ""max_depth"": 2, ""min_child_samples"": 10, ""num_leaves"": 7, ""reg_lambda"": 14.740872902249576, ""subsample"": 0.9144178775035774, ""subsample_freq"": 1}"
3,2,2,0,0.07869081963533957,0.16781508231596354,0.07675295772542202,"{""colsample_bytree"": 0.41222572155996756, ""learning_rate"": 0.15820737831235385, ""max_depth"": 2, ""min_child_samples"": 10, ""num_leaves"": 7, ""reg_lambda"": 14.740872902249576, ""subsample"": 0.9144178775035774, ""subsample_freq"": 1}"
3,2,7,1,0.12119072917685651,0.3263471187949911,0.09715971670256884,"{""colsample_bytree"": 0.41222572155996756, ""learning_rate"": 0.15820737831235385, ""max_depth"": 2, ""min_child_samples"": 10, ""num_leaves"": 7, ""reg_lambda"": 14.740872902249576, ""subsample"": 0.9144178775035774, ""subsample_freq"": 1}"
3,2,11,1,0.5027392200882551,0.5290324576536173,0.061409940141493244,"{""colsample_bytree"": 0.41222572155996756, ""learning_rate"": 0.15820737831235385, ""max_depth"": 2, ""min_child_samples"": 10, ""num_leaves"": 7, ""reg_lambda"": 14.740872902249576, ""subsample"": 0.9144178775035774, ""subsample_freq"": 1}"
3,2,19,1,0.7065132444385583,0.5899007231494879,0.08983419015178626,"{""colsample_bytree"": 0.41222572155996756, ""learning_rate"": 0.15820737831235385, ""max_depth"": 2, ""min_child_samples"": 10, ""num_leaves"": 7, ""reg_lambda"": 14.740872902249576, ""subsample"": 0.9144178775035774, ""subsample_freq"": 1}"
3,2,29,1,0.9182479919660924,0.8124942390201483,0.0935743077187611,"{""colsample_bytree"": 0.41222572155996756, ""learning_rate"": 0.15820737831235385, ""max_depth"": 2, ""min_child_samples"": 10, ""num_leaves"": 7, ""reg_lambda"": 14.740872902249576, ""subsample"": 0.9144178775035774, ""subsample_freq"": 1}"
3,2,43,0,0.41313512533372276,0.4431006670117797,0.13053253056364145,"{""colsample_bytree"": 0.41222572155996756, ""learning_rate"": 0.15820737831235385, ""max_depth"": 2, ""min_child_samples"": 10, ""num_leaves"": 7, ""reg_lambda"": 14.740872902249576, ""subsample"": 0.9144178775035774, ""subsample_freq"": 1}"
3,2,49,0,0.44729272216845894,0.49790868321292414,0.05692028210422357,"{""colsample_bytree"": 0.41222572155996756, ""learning_rate"": 0.15820737831235385, ""max_depth"": 2, ""min_child_samples"": 10, ""num_leaves"": 7, ""reg_lambda"": 14.740872902249576, ""subsample"": 0.9144178775035774, ""subsample_freq"": 1}"
3,2,51,1,0.6450431155637987,0.5547585763868366,0.04732770952317474,"{""colsample_bytree"": 0.41222572155996756, ""learning_rate"": 0.15820737831235385, ""max_depth"": 2, ""min_child_samples"": 10, ""num_leaves"": 7, ""reg_lambda"": 14.740872902249576, ""subsample"": 0.9144178775035774, ""subsample_freq"": 1}"
3,2,53,0,0.4326968812487604,0.4210107274644267,0.08137678707689312,"{""colsample_bytree"": 0.41222572155996756, ""learning_rate"": 0.15820737831235385, ""max_depth"": 2, ""min_child_samples"": 10, ""num_leaves"": 7, ""reg_lambda"": 14.740872902249576, ""subsample"": 0.9144178775035774, ""subsample_freq"": 1}"
3,2,58,1,0.04138916083320603,0.1274938426528702,0.08334335083127734,"{""colsample_bytree"": 0.41222572155996756, ""learning_rate"": 0.15820737831235385, ""max_depth"": 2, ""min_child_samples"": 10, ""num_leaves"": 7, ""reg_lambda"": 14.740872902249576, ""subsample"": 0.9144178775035774, ""subsample_freq"": 1}"
3,2,60,0,0.09215452163164808,0.22800941297478644,0.09942538594177094,"{""colsample_bytree"": 0.41222572155996756, ""learning_rate"": 0.15820737831235385, ""max_depth"": 2, ""min_child_samples"": 10, ""num_leaves"": 7, ""reg_lambda"": 14.740872902249576, ""subsample"": 0.9144178775035774, ""subsample_freq"": 1}"
3,2,68,0,0.16863249352300314,0.23230692029217073,0.058504807555637445,"{""colsample_bytree"": 0.41222572155996756, ""learning_rate"": 0.15820737831235385, ""max_depth"": 2, ""min_child_samples"": 10, ""num_leaves"": 7, ""reg_lambda"": 14.740872902249576, ""subsample"": 0.9144178775035774, ""subsample_freq"": 1}"
3,2,69,1,0.5239802285959222,0.49870305360219025,0.0822310594059492,"{""colsample_bytree"": 0.41222572155996756, ""learning_rate"": 0.15820737831235385, ""max_depth"": 2, ""min_child_samples"": 10, ""num_leaves"": 7, ""reg_lambda"": 14.740872902249576, ""subsample"": 0.9144178775035774, ""subsample_freq"": 1}"
3,2,70,0,0.37497961907439387,0.4087494522288052,0.06898485767655546,"{""colsample_bytree"": 0.41222572155996756, ""learning_rate"": 0.15820737831235385, ""max_depth"": 2, ""min_child_samples"": 10, ""num_leaves"": 7, ""reg_lambda"": 14.740872902249576, ""subsample"": 0.9144178775035774, ""subsample_freq"": 1}"
3,2,78,1,0.08843306687576834,0.17074549237009537,0.06754422833123801,"{""colsample_bytree"": 0.41222572155996756, ""learning_rate"": 0.15820737831235385, ""max_depth"": 2, ""min_child_samples"": 10, ""num_leaves"": 7, ""reg_lambda"": 14.740872902249576, ""subsample"": 0.9144178775035774, ""subsample_freq"": 1}"
3,2,79,0,0.1945535530992871,0.34922547308634727,0.030122051312492418,"{""colsample_bytree"": 0.41222572155996756, ""learning_rate"": 0.15820737831235385, ""max_depth"": 2, ""min_child_samples"": 10, ""num_leaves"": 7, ""reg_lambda"": 14.740872902249576, ""subsample"": 0.9144178775035774, ""subsample_freq"": 1}"
3,2,81,0,0.8274730008563994,0.6674101021941456,0.10170508885269144,"{""colsample_bytree"": 0.41222572155996756, ""learning_rate"": 0.15820737831235385, ""max_depth"": 2, ""min_child_samples"": 10, ""num_leaves"": 7, ""reg_lambda"": 14.740872902249576, ""subsample"": 0.9144178775035774, ""subsample_freq"": 1}"
3,2,83,0,0.5348001402456587,0.535477080849257,0.04504257591613695,"{""colsample_bytree"": 0.41222572155996756, ""learning_rate"": 0.15820737831235385, ""max_depth"": 2, ""min_child_samples"": 10, ""num_leaves"": 7, ""reg_lambda"": 14.740872902249576, ""subsample"": 0.9144178775035774, ""subsample_freq"": 1}"
3,2,84,0,0.2786609539779081,0.37842776234977377,0.09338268829951005,"{""colsample_bytree"": 0.41222572155996756, ""learning_rate"": 0.15820737831235385, ""max_depth"": 2, ""min_child_samples"": 10, ""num_leaves"": 7, ""reg_lambda"": 14.740872902249576, ""subsample"": 0.9144178775035774, ""subsample_freq"": 1}"
3,2,101,1,0.8158371467558675,0.7009128961082879,0.08440881378726074,"{""colsample_bytree"": 0.41222572155996756, ""learning_rate"": 0.15820737831235385, ""max_depth"": 2, ""min_child_samples"": 10, ""num_leaves"": 7, ""reg_lambda"": 14.740872902249576, ""subsample"": 0.9144178775035774, ""subsample_freq"": 1}"
3,2,102,0,0.15420257813906482,0.21725751218444395,0.03907167693937158,"{""colsample_bytree"": 0.41222572155996756, ""learning_rate"": 0.15820737831235385, ""max_depth"": 2, ""min_child_samples"": 10, ""num_leaves"": 7, ""reg_lambda"": 14.740872902249576, ""subsample"": 0.9144178775035774, ""subsample_freq"": 1}"
3,2,104,1,0.1501716063358966,0.2573111603684306,0.06688151017025915,"{""colsample_bytree"": 0.41222572155996756, ""learning_rate"": 0.15820737831235385, ""max_depth"": 2, ""min_child_samples"": 10, ""num_leaves"": 7, ""reg_lambda"": 14.740872902249576, ""subsample"": 0.9144178775035774, ""subsample_freq"": 1}"
3,2,112,1,0.3575636573705201,0.467850552381986,0.08517565091405459,"{""colsample_bytree"": 0.41222572155996756, ""learning_rate"": 0.15820737831235385, ""max_depth"": 2, ""min_child_samples"": 10, ""num_leaves"": 7, ""reg_lambda"": 14.740872902249576, ""subsample"": 0.9144178775035774, ""subsample_freq"": 1}"
3,2,115,1,0.5343687186949261,0.5702539924630101,0.06883809278238864,"{""colsample_bytree"": 0.41222572155996756, ""learning_rate"": 0.15820737831235385, ""max_depth"": 2, ""min_child_samples"": 10, ""num_leaves"": 7, ""reg_lambda"": 14.740872902249576, ""subsample"": 0.9144178775035774, ""subsample_freq"": 1}"
3,2,117,1,0.8387744739226843,0.7537695850142472,0.11949683837970229,"{""colsample_bytree"": 0.41222572155996756, ""learning_rate"": 0.15820737831235385, ""max_depth"": 2, ""min_child_samples"": 10, ""num_leaves"": 7, ""reg_lambda"": 14.740872902249576, ""subsample"": 0.9144178775035774, ""subsample_freq"": 1}"
3,2,124,0,0.15926738336212112,0.2976927030894566,0.08526139339111541,"{""colsample_bytree"": 0.41222572155996756, ""learning_rate"": 0.15820737831235385, ""max_depth"": 2, ""min_child_samples"": 10, ""num_leaves"": 7, ""reg_lambda"": 14.740872902249576, ""subsample"": 0.9144178775035774, ""subsample_freq"": 1}"
3,2,128,0,0.16928791713282385,0.28484698871294406,0.08666632815558357,"{""colsample_bytree"": 0.41222572155996756, ""learning_rate"": 0.15820737831235385, ""max_depth"": 2, ""min_child_samples"": 10, ""num_leaves"": 7, ""reg_lambda"": 14.740872902249576, ""subsample"": 0.9144178775035774, ""subsample_freq"": 1}"
3,2,136,0,0.07391963874405598,0.16743984428172864,0.07376214696143744,"{""colsample_bytree"": 0.41222572155996756, ""learning_rate"": 0.15820737831235385, ""max_depth"": 2, ""min_child_samples"": 10, ""num_leaves"": 7, ""reg_lambda"": 14.740872902249576, ""subsample"": 0.9144178775035774, ""subsample_freq"": 1}"
3,2,138,1,0.25586410743239274,0.32822811282791026,0.12207094078483413,"{""colsample_bytree"": 0.41222572155996756, ""learning_rate"": 0.15820737831235385, ""max_depth"": 2, ""min_child_samples"": 10, ""num_leaves"": 7, ""reg_lambda"": 14.740872902249576, ""subsample"": 0.9144178775035774, ""subsample_freq"": 1}"
3,2,139,1,0.3535633650427423,0.4284880113490718,0.08359640160549137,"{""colsample_bytree"": 0.41222572155996756, ""learning_rate"": 0.15820737831235385, ""max_depth"": 2, ""min_child_samples"": 10, ""num_leaves"": 7, ""reg_lambda"": 14.740872902249576, ""subsample"": 0.9144178775035774, ""subsample_freq"": 1}"
3,2,142,1,0.18866685713694614,0.2462478822669512,0.03680650782800284,"{""colsample_bytree"": 0.41222572155996756, ""learning_rate"": 0.15820737831235385, ""max_depth"": 2, ""min_child_samples"": 10, ""num_leaves"": 7, ""reg_lambda"": 14.740872902249576, ""subsample"": 0.9144178775035774, ""subsample_freq"": 1}"
3,2,145,1,0.7953294165646425,0.687085804090774,0.08073727965725948,"{""colsample_bytree"": 0.41222572155996756, ""learning_rate"": 0.15820737831235385, ""max_depth"": 2, ""min_child_samples"": 10, ""num_leaves"": 7, ""reg_lambda"": 14.740872902249576, ""subsample"": 0.9144178775035774, ""subsample_freq"": 1}"
3,2,146,0,0.8925280066844234,0.7908170929748708,0.0795483910856295,"{""colsample_bytree"": 0.41222572155996756, ""learning_rate"": 0.15820737831235385, ""max_depth"": 2, ""min_child_samples"": 10, ""num_leaves"": 7, ""reg_lambda"": 14.740872902249576, ""subsample"": 0.9144178775035774, ""subsample_freq"": 1}"
3,2,147,1,0.12438945935202886,0.2177077256885588,0.07273997219389035,"{""colsample_bytree"": 0.41222572155996756, ""learning_rate"": 0.15820737831235385, ""max_depth"": 2, ""min_child_samples"": 10, ""num_leaves"": 7, ""reg_lambda"": 14.740872902249576, ""subsample"": 0.9144178775035774, ""subsample_freq"": 1}"
3,2,150,0,0.2589636175761434,0.3114829702116495,0.06599553195321259,"{""colsample_bytree"": 0.41222572155996756, ""learning_rate"": 0.15820737831235385, ""max_depth"": 2, ""min_child_samples"": 10, ""num_leaves"": 7, ""reg_lambda"": 14.740872902249576, ""subsample"": 0.9144178775035774, ""subsample_freq"": 1}"
3,2,152,0,0.33725188312064197,0.3469803239301562,0.10719767553175308,"{""colsample_bytree"": 0.41222572155996756, ""learning_rate"": 0.15820737831235385, ""max_depth"": 2, ""min_child_samples"": 10, ""num_leaves"": 7, ""reg_lambda"": 14.740872902249576, ""subsample"": 0.9144178775035774, ""subsample_freq"": 1}"
3,2,153,0,0.20473551663126588,0.3202054170045127,0.02197731988262098,"{""colsample_bytree"": 0.41222572155996756, ""learning_rate"": 0.15820737831235385, ""max_depth"": 2, ""min_child_samples"": 10, ""num_leaves"": 7, ""reg_lambda"": 14.740872902249576, ""subsample"": 0.9144178775035774, ""subsample_freq"": 1}"
3,2,154,0,0.15642759545520163,0.24869271877526322,0.09190782930948817,"{""colsample_bytree"": 0.41222572155996756, ""learning_rate"": 0.15820737831235385, ""max_depth"": 2, ""min_child_samples"": 10, ""num_leaves"": 7, ""reg_lambda"": 14.740872902249576, ""subsample"": 0.9144178775035774, ""subsample_freq"": 1}"
3,2,159,0,0.5290062889942682,0.5594840197819938,0.061065993629133765,"{""colsample_bytree"": 0.41222572155996756, ""learning_rate"": 0.15820737831235385, ""max_depth"": 2, ""min_child_samples"": 10, ""num_leaves"": 7, ""reg_lambda"": 14.740872902249576, ""subsample"": 0.9144178775035774, ""subsample_freq"": 1}"
3,2,174,1,0.8277164574773649,0.7555712868462334,0.0941637586616889,"{""colsample_bytree"": 0.41222572155996756, ""learning_rate"": 0.15820737831235385, ""max_depth"": 2, ""min_child_samples"": 10, ""num_leaves"": 7, ""reg_lambda"": 14.740872902249576, ""subsample"": 0.9144178775035774, ""subsample_freq"": 1}"
3,2,185,0,0.3000087216206254,0.3710783753811586,0.08450154480692491,"{""colsample_bytree"": 0.41222572155996756, ""learning_rate"": 0.15820737831235385, ""max_depth"": 2, ""min_child_samples"": 10, ""num_leaves"": 7, ""reg_lambda"": 14.740872902249576, ""subsample"": 0.9144178775035774, ""subsample_freq"": 1}"
3,2,187,1,0.4208800223868385,0.42001390551066986,0.04125245862464898,"{""colsample_bytree"": 0.41222572155996756, ""learning_rate"": 0.15820737831235385, ""max_depth"": 2, ""min_child_samples"": 10, ""num_leaves"": 7, ""reg_lambda"": 14.740872902249576, ""subsample"": 0.9144178775035774, ""subsample_freq"": 1}"
3,2,201,0,0.6947084529196939,0.5471142345871702,0.0711341209320011,"{""colsample_bytree"": 0.41222572155996756, ""learning_rate"": 0.15820737831235385, ""max_depth"": 2, ""min_child_samples"": 10, ""num_leaves"": 7, ""reg_lambda"": 14.740872902249576, ""subsample"": 0.9144178775035774, ""subsample_freq"": 1}"
3,2,202,1,0.8130492494781726,0.719958029252471,0.07078525624464059,"{""colsample_bytree"": 0.41222572155996756, ""learning_rate"": 0.15820737831235385, ""max_depth"": 2, ""min_child_samples"": 10, ""num_leaves"": 7, ""reg_lambda"": 14.740872902249576, ""subsample"": 0.9144178775035774, ""subsample_freq"": 1}"
3,2,203,0,0.2051581205591888,0.21944620179049745,0.04107202509806807,"{""colsample_bytree"": 0.41222572155996756, ""learning_rate"": 0.15820737831235385, ""max_depth"": 2, ""min_child_samples"": 10, ""num_leaves"": 7, ""reg_lambda"": 14.740872902249576, ""subsample"": 0.9144178775035774, ""subsample_freq"": 1}"
3,2,204,0,0.03452663374913906,0.10187398918546428,0.06067923495206717,"{""colsample_bytree"": 0.41222572155996756, ""learning_rate"": 0.15820737831235385, ""max_depth"": 2, ""min_child_samples"": 10, ""num_leaves"": 7, ""reg_lambda"": 14.740872902249576, ""subsample"": 0.9144178775035774, ""subsample_freq"": 1}"
3,2,211,0,0.3673165410439255,0.40966663826422706,0.036209890586665384,"{""colsample_bytree"": 0.41222572155996756, ""learning_rate"": 0.15820737831235385, ""max_depth"": 2, ""min_child_samples"": 10, ""num_leaves"": 7, ""reg_lambda"": 14.740872902249576, ""subsample"": 0.9144178775035774, ""subsample_freq"": 1}"
3,2,217,0,0.46477671428846007,0.4659791549321465,0.0362300758307454,"{""colsample_bytree"": 0.41222572155996756, ""learning_rate"": 0.15820737831235385, ""max_depth"": 2, ""min_child_samples"": 10, ""num_leaves"": 7, ""reg_lambda"": 14.740872902249576, ""subsample"": 0.9144178775035774, ""subsample_freq"": 1}"
3,2,218,0,0.28074270901920184,0.36882056636283406,0.04841861209704306,"{""colsample_bytree"": 0.41222572155996756, ""learning_rate"": 0.15820737831235385, ""max_depth"": 2, ""min_child_samples"": 10, ""num_leaves"": 7, ""reg_lambda"": 14.740872902249576, ""subsample"": 0.9144178775035774, ""subsample_freq"": 1}"
3,2,220,1,0.5437159080169695,0.4845351859110828,0.08725580413330843,"{""colsample_bytree"": 0.41222572155996756, ""learning_rate"": 0.15820737831235385, ""max_depth"": 2, ""min_child_samples"": 10, ""num_leaves"": 7, ""reg_lambda"": 14.740872902249576, ""subsample"": 0.9144178775035774, ""subsample_freq"": 1}"
3,2,235,1,0.6529777042629545,0.5586303967207474,0.06553237372905996,"{""colsample_bytree"": 0.41222572155996756, ""learning_rate"": 0.15820737831235385, ""max_depth"": 2, ""min_child_samples"": 10, ""num_leaves"": 7, ""reg_lambda"": 14.740872902249576, ""subsample"": 0.9144178775035774, ""subsample_freq"": 1}"
3,2,243,0,0.11327323695217484,0.22358338661013194,0.044435945544856234,"{""colsample_bytree"": 0.41222572155996756, ""learning_rate"": 0.15820737831235385, ""max_depth"": 2, ""min_child_samples"": 10, ""num_leaves"": 7, ""reg_lambda"": 14.740872902249576, ""subsample"": 0.9144178775035774, ""subsample_freq"": 1}"
3,2,249,1,0.7000574330694392,0.6313697773419311,0.09617670792154294,"{""colsample_bytree"": 0.41222572155996756, ""learning_rate"": 0.15820737831235385, ""max_depth"": 2, ""min_child_samples"": 10, ""num_leaves"": 7, ""reg_lambda"": 14.740872902249576, ""subsample"": 0.9144178775035774, ""subsample_freq"": 1}"
3,2,259,0,0.30527125271409905,0.3795792637051752,0.07288310518373174,"{""colsample_bytree"": 0.41222572155996756, ""learning_rate"": 0.15820737831235385, ""max_depth"": 2, ""min_child_samples"": 10, ""num_leaves"": 7, ""reg_lambda"": 14.740872902249576, ""subsample"": 0.9144178775035774, ""subsample_freq"": 1}"
3,2,263,0,0.010290637532418724,0.09116440667605631,0.0802540765659392,"{""colsample_bytree"": 0.41222572155996756, ""learning_rate"": 0.15820737831235385, ""max_depth"": 2, ""min_child_samples"": 10, ""num_leaves"": 7, ""reg_lambda"": 14.740872902249576, ""subsample"": 0.9144178775035774, ""subsample_freq"": 1}"
3,2,264,0,0.06923837241955225,0.1454804702788905,0.07177072242098846,"{""colsample_bytree"": 0.41222572155996756, ""learning_rate"": 0.15820737831235385, ""max_depth"": 2, ""min_child_samples"": 10, ""num_leaves"": 7, ""reg_lambda"": 14.740872902249576, ""subsample"": 0.9144178775035774, ""subsample_freq"": 1}"
3,2,283,0,0.15428264425051152,0.28424538555797974,0.0211700152392467,"{""colsample_bytree"": 0.41222572155996756, ""learning_rate"": 0.15820737831235385, ""max_depth"": 2, ""min_child_samples"": 10, ""num_leaves"": 7, ""reg_lambda"": 14.740872902249576, ""subsample"": 0.9144178775035774, ""subsample_freq"": 1}"
3,2,285,0,0.1002613714337796,0.25289062984747684,0.07628742952210682,"{""colsample_bytree"": 0.41222572155996756, ""learning_rate"": 0.15820737831235385, ""max_depth"": 2, ""min_child_samples"": 10, ""num_leaves"": 7, ""reg_lambda"": 14.740872902249576, ""subsample"": 0.9144178775035774, ""subsample_freq"": 1}"
3,2,293,0,0.14631578621488112,0.21005087888434537,0.0844057414767365,"{""colsample_bytree"": 0.41222572155996756, ""learning_rate"": 0.15820737831235385, ""max_depth"": 2, ""min_child_samples"": 10, ""num_leaves"": 7, ""reg_lambda"": 14.740872902249576, ""subsample"": 0.9144178775035774, ""subsample_freq"": 1}"
3,2,296,0,0.47084479049138717,0.33057613108330075,0.06719140490434412,"{""colsample_bytree"": 0.41222572155996756, ""learning_rate"": 0.15820737831235385, ""max_depth"": 2, ""min_child_samples"": 10, ""num_leaves"": 7, ""reg_lambda"": 14.740872902249576, ""subsample"": 0.9144178775035774, ""subsample_freq"": 1}"
3,3,1,1,0.9256138126623688,0.7239221138936348,0.11720699264264509,"{""colsample_bytree"": 0.5484336503566808, ""learning_rate"": 0.09175967023957882, ""max_depth"": 3, ""min_child_samples"": 5, ""num_leaves"": 13, ""reg_lambda"": 2.196182795850852, ""subsample"": 0.795255860351108, ""subsample_freq"": 1}"
3,3,3,0,0.3264163643853505,0.42697761540807144,0.0737579372075114,"{""colsample_bytree"": 0.5484336503566808, ""learning_rate"": 0.09175967023957882, ""max_depth"": 3, ""min_child_samples"": 5, ""num_leaves"": 13, ""reg_lambda"": 2.196182795850852, ""subsample"": 0.795255860351108, ""subsample_freq"": 1}"
3,3,4,0,0.024950094478096773,0.1412821907895481,0.03748622364703192,"{""colsample_bytree"": 0.5484336503566808, ""learning_rate"": 0.09175967023957882, ""max_depth"": 3, ""min_child_samples"": 5, ""num_leaves"": 13, ""reg_lambda"": 2.196182795850852, ""subsample"": 0.795255860351108, ""subsample_freq"": 1}"
3,3,6,0,0.4316507268964162,0.3474749229598849,0.04671688035598288,"{""colsample_bytree"": 0.5484336503566808, ""learning_rate"": 0.09175967023957882, ""max_depth"": 3, ""min_child_samples"": 5, ""num_leaves"": 13, ""reg_lambda"": 2.196182795850852, ""subsample"": 0.795255860351108, ""subsample_freq"": 1}"
3,3,9,1,0.7432293410093275,0.526196262609057,0.07117917988529904,"{""colsample_bytree"": 0.5484336503566808, ""learning_rate"": 0.09175967023957882, ""max_depth"": 3, ""min_child_samples"": 5, ""num_leaves"": 13, ""reg_lambda"": 2.196182795850852, ""subsample"": 0.795255860351108, ""subsample_freq"": 1}"
3,3,10,1,0.5469062621478953,0.5089368852832564,0.1091811702941993,"{""colsample_bytree"": 0.5484336503566808, ""learning_rate"": 0.09175967023957882, ""max_depth"": 3, ""min_child_samples"": 5, ""num_leaves"": 13, ""reg_lambda"": 2.196182795850852, ""subsample"": 0.795255860351108, ""subsample_freq"": 1}"
3,3,12,0,0.5385483145539323,0.5017203089851993,0.13047534796448687,"{""colsample_bytree"": 0.5484336503566808, ""learning_rate"": 0.09175967023957882, ""max_depth"": 3, ""min_child_samples"": 5, ""num_leaves"": 13, ""reg_lambda"": 2.196182795850852, ""subsample"": 0.795255860351108, ""subsample_freq"": 1}"
3,3,15,1,0.6542542793208795,0.5736543039735397,0.12301751825390606,"{""colsample_bytree"": 0.5484336503566808, ""learning_rate"": 0.09175967023957882, ""max_depth"": 3, ""min_child_samples"": 5, ""num_leaves"": 13, ""reg_lambda"": 2.196182795850852, ""subsample"": 0.795255860351108, ""subsample_freq"": 1}"
3,3,23,0,0.8573944527209311,0.6730133218063745,0.12734006460180722,"{""colsample_bytree"": 0.5484336503566808, ""learning_rate"": 0.09175967023957882, ""max_depth"": 3, ""min_child_samples"": 5, ""num_leaves"": 13, ""reg_lambda"": 2.196182795850852, ""subsample"": 0.795255860351108, ""subsample_freq"": 1}"
3,3,26,0,0.037049237023373274,0.19247157379530838,0.0749387835423812,"{""colsample_bytree"": 0.5484336503566808, ""learning_rate"": 0.09175967023957882, ""max_depth"": 3, ""min_child_samples"": 5, ""num_leaves"": 13, ""reg_lambda"": 2.196182795850852, ""subsample"": 0.795255860351108, ""subsample_freq"": 1}"
3,3,42,0,0.022227965029017954,0.18045526723195598,0.04523693341508684,"{""colsample_bytree"": 0.5484336503566808, ""learning_rate"": 0.09175967023957882, ""max_depth"": 3, ""min_child_samples"": 5, ""num_leaves"": 13, ""reg_lambda"": 2.196182795850852, ""subsample"": 0.795255860351108, ""subsample_freq"": 1}"
3,3,44,0,0.36464270585135944,0.3858598453200006,0.08153984794790815,"{""colsample_bytree"": 0.5484336503566808, ""learning_rate"": 0.09175967023957882, ""max_depth"": 3, ""min_child_samples"": 5, ""num_leaves"": 13, ""reg_lambda"": 2.196182795850852, ""subsample"": 0.795255860351108, ""subsample_freq"": 1}"
3,3,45,1,0.26897075812624055,0.32663284518223834,0.04372365934163392,"{""colsample_bytree"": 0.5484336503566808, ""learning_rate"": 0.09175967023957882, ""max_depth"": 3, ""min_child_samples"": 5, ""num_leaves"": 13, ""reg_lambda"": 2.196182795850852, ""subsample"": 0.795255860351108, ""subsample_freq"": 1}"
3,3,48,0,0.0033180939548584426,0.12497622216239686,0.06996226622321174,"{""colsample_bytree"": 0.5484336503566808, ""learning_rate"": 0.09175967023957882, ""max_depth"": 3, ""min_child_samples"": 5, ""num_leaves"": 13, ""reg_lambda"": 2.196182795850852, ""subsample"": 0.795255860351108, ""subsample_freq"": 1}"
3,3,54,0,0.03817110294058632,0.22313029137821747,0.06134647633208216,"{""colsample_bytree"": 0.5484336503566808, ""learning_rate"": 0.09175967023957882, ""max_depth"": 3, ""min_child_samples"": 5, ""num_leaves"": 13, ""reg_lambda"": 2.196182795850852, ""subsample"": 0.795255860351108, ""subsample_freq"": 1}"
3,3,56,1,0.25415639243545785,0.37698493397375366,0.1021046850277761,"{""colsample_bytree"": 0.5484336503566808, ""learning_rate"": 0.09175967023957882, ""max_depth"": 3, ""min_child_samples"": 5, ""num_leaves"": 13, ""reg_lambda"": 2.196182795850852, ""subsample"": 0.795255860351108, ""subsample_freq"": 1}"
3,3,59,1,0.4891697888054762,0.5456400650679569,0.12736158531693004,"{""colsample_bytree"": 0.5484336503566808, ""learning_rate"": 0.09175967023957882, ""max_depth"": 3, ""min_child_samples"": 5, ""num_leaves"": 13, ""reg_lambda"": 2.196182795850852, ""subsample"": 0.795255860351108, ""subsample_freq"": 1}"
3,3,66,0,0.2630136135041885,0.35950496156360945,0.026552834214693392,"{""colsample_bytree"": 0.5484336503566808, ""learning_rate"": 0.09175967023957882, ""max_depth"": 3, ""min_child_samples"": 5, ""num_leaves"": 13, ""reg_lambda"": 2.196182795850852, ""subsample"": 0.795255860351108, ""subsample_freq"": 1}"
3,3,73,0,0.07070284012604823,0.2771908956613388,0.06088713865183447,"{""colsample_bytree"": 0.5484336503566808, ""learning_rate"": 0.09175967023957882, ""max_depth"": 3, ""min_child_samples"": 5, ""num_leaves"": 13, ""reg_lambda"": 2.196182795850852, ""subsample"": 0.795255860351108, ""subsample_freq"": 1}"
3,3,74,1,0.9759939981899352,0.8059995785881832,0.10806911041072945,"{""colsample_bytree"": 0.5484336503566808, ""learning_rate"": 0.09175967023957882, ""max_depth"": 3, ""min_child_samples"": 5, ""num_leaves"": 13, ""reg_lambda"": 2.196182795850852, ""subsample"": 0.795255860351108, ""subsample_freq"": 1}"
3,3,85,1,0.37365243230113515,0.33349452231296467,0.03639963040650426,"{""colsample_bytree"": 0.5484336503566808, ""learning_rate"": 0.09175967023957882, ""max_depth"": 3, ""min_child_samples"": 5, ""num_leaves"": 13, ""reg_lambda"": 2.196182795850852, ""subsample"": 0.795255860351108, ""subsample_freq"": 1}"
3,3,98,1,0.7779386735952315,0.586637185652193,0.12163219365308105,"{""colsample_bytree"": 0.5484336503566808, ""learning_rate"": 0.09175967023957882, ""max_depth"": 3, ""min_child_samples"": 5, ""num_leaves"": 13, ""reg_lambda"": 2.196182795850852, ""subsample"": 0.795255860351108, ""subsample_freq"": 1}"
3,3,109,1,0.46022287772427795,0.5258983118095162,0.1576523521770093,"{""colsample_bytree"": 0.5484336503566808, ""learning_rate"": 0.09175967023957882, ""max_depth"": 3, ""min_child_samples"": 5, ""num_leaves"": 13, ""reg_lambda"": 2.196182795850852, ""subsample"": 0.795255860351108, ""subsample_freq"": 1}"
3,3,111,1,0.8804829188249215,0.6332423539513706,0.12302217116768814,"{""colsample_bytree"": 0.5484336503566808, ""learning_rate"": 0.09175967023957882, ""max_depth"": 3, ""min_child_samples"": 5, ""num_leaves"": 13, ""reg_lambda"": 2.196182795850852, ""subsample"": 0.795255860351108, ""subsample_freq"": 1}"
3,3,118,0,0.3899656276003731,0.43418064934882034,0.1299909898661037,"{""colsample_bytree"": 0.5484336503566808, ""learning_rate"": 0.09175967023957882, ""max_depth"": 3, ""min_child_samples"": 5, ""num_leaves"": 13, ""reg_lambda"": 2.196182795850852, ""subsample"": 0.795255860351108, ""subsample_freq"": 1}"
3,3,119,1,0.39244587811768894,0.44268839285927,0.07474875670918146,"{""colsample_bytree"": 0.5484336503566808, ""learning_rate"": 0.09175967023957882, ""max_depth"": 3, ""min_child_samples"": 5, ""num_leaves"": 13, ""reg_lambda"": 2.196182795850852, ""subsample"": 0.795255860351108, ""subsample_freq"": 1}"
3,3,121,0,0.563824111824985,0.5490741492603105,0.0869369968404839,"{""colsample_bytree"": 0.5484336503566808, ""learning_rate"": 0.09175967023957882, ""max_depth"": 3, ""min_child_samples"": 5, ""num_leaves"": 13, ""reg_lambda"": 2.196182795850852, ""subsample"": 0.795255860351108, ""subsample_freq"": 1}"
3,3,122,1,0.7699383787755073,0.6003697450106159,0.09782238248208863,"{""colsample_bytree"": 0.5484336503566808, ""learning_rate"": 0.09175967023957882, ""max_depth"": 3, ""min_child_samples"": 5, ""num_leaves"": 13, ""reg_lambda"": 2.196182795850852, ""subsample"": 0.795255860351108, ""subsample_freq"": 1}"
3,3,125,1,0.05919738853714245,0.27710490595113507,0.0735349335405391,"{""colsample_bytree"": 0.5484336503566808, ""learning_rate"": 0.09175967023957882, ""max_depth"": 3, ""min_child_samples"": 5, ""num_leaves"": 13, ""reg_lambda"": 2.196182795850852, ""subsample"": 0.795255860351108, ""subsample_freq"": 1}"
3,3,127,0,0.8304822512414536,0.5289396808036674,0.05189533865404551,"{""colsample_bytree"": 0.5484336503566808, ""learning_rate"": 0.09175967023957882, ""max_depth"": 3, ""min_child_samples"": 5, ""num_leaves"": 13, ""reg_lambda"": 2.196182795850852, ""subsample"": 0.795255860351108, ""subsample_freq"": 1}"
3,3,129,0,0.016970101898528343,0.19902246644575922,0.05997140704774363,"{""colsample_bytree"": 0.5484336503566808, ""learning_rate"": 0.09175967023957882, ""max_depth"": 3, ""min_child_samples"": 5, ""num_leaves"": 13, ""reg_lambda"": 2.196182795850852, ""subsample"": 0.795255860351108, ""subsample_freq"": 1}"
3,3,130,0,0.13644589131081689,0.32359744203110385,0.0912260658336896,"{""colsample_bytree"": 0.5484336503566808, ""learning_rate"": 0.09175967023957882, ""max_depth"": 3, ""min_child_samples"": 5, ""num_leaves"": 13, ""reg_lambda"": 2.196182795850852, ""subsample"": 0.795255860351108, ""subsample_freq"": 1}"
3,3,133,0,0.4033374111715716,0.36003799039374895,0.0204314304051492,"{""colsample_bytree"": 0.5484336503566808, ""learning_rate"": 0.09175967023957882, ""max_depth"": 3, ""min_child_samples"": 5, ""num_leaves"": 13, ""reg_lambda"": 2.196182795850852, ""subsample"": 0.795255860351108, ""subsample_freq"": 1}"
3,3,134,0,0.039644334935170535,0.2275093134258607,0.06564772698013065,"{""colsample_bytree"": 0.5484336503566808, ""learning_rate"": 0.09175967023957882, ""max_depth"": 3, ""min_child_samples"": 5, ""num_leaves"": 13, ""reg_lambda"": 2.196182795850852, ""subsample"": 0.795255860351108, ""subsample_freq"": 1}"
3,3,140,0,0.041571021779262196,0.24236067482515522,0.06899615184271368,"{""colsample_bytree"": 0.5484336503566808, ""learning_rate"": 0.09175967023957882, ""max_depth"": 3, ""min_child_samples"": 5, ""num_leaves"": 13, ""reg_lambda"": 2.196182795850852, ""subsample"": 0.795255860351108, ""subsample_freq"": 1}"
3,3,141,0,0.2575482546468258,0.3824676255015126,0.09157509483529218,"{""colsample_bytree"": 0.5484336503566808, ""learning_rate"": 0.09175967023957882, ""max_depth"": 3, ""min_child_samples"": 5, ""num_leaves"": 13, ""reg_lambda"": 2.196182795850852, ""subsample"": 0.795255860351108, ""subsample_freq"": 1}"
3,3,144,1,0.2018783154875194,0.3855448613022328,0.10799720685614682,"{""colsample_bytree"": 0.5484336503566808, ""learning_rate"": 0.09175967023957882, ""max_depth"": 3, ""min_child_samples"": 5, ""num_leaves"": 13, ""reg_lambda"": 2.196182795850852, ""subsample"": 0.795255860351108, ""subsample_freq"": 1}"
3,3,161,0,0.9600442613211507,0.7675551315525524,0.13217486650848187,"{""colsample_bytree"": 0.5484336503566808, ""learning_rate"": 0.09175967023957882, ""max_depth"": 3, ""min_child_samples"": 5, ""num_leaves"": 13, ""reg_lambda"": 2.196182795850852, ""subsample"": 0.795255860351108, ""subsample_freq"": 1}"
3,3,167,1,0.13949233611849146,0.3498348448710249,0.03686902034398224,"{""colsample_bytree"": 0.5484336503566808, ""learning_rate"": 0.09175967023957882, ""max_depth"": 3, ""min_child_samples"": 5, ""num_leaves"": 13, ""reg_lambda"": 2.196182795850852, ""subsample"": 0.795255860351108, ""subsample_freq"": 1}"
3,3,168,0,0.014500698528050067,0.1398881556132308,0.060089955647584174,"{""colsample_bytree"": 0.5484336503566808, ""learning_rate"": 0.09175967023957882, ""max_depth"": 3, ""min_child_samples"": 5, ""num_leaves"": 13, ""reg_lambda"": 2.196182795850852, ""subsample"": 0.795255860351108, ""subsample_freq"": 1}"
3,3,171,0,0.033868752057780525,0.24498943885969568,0.11681054034496978,"{""colsample_bytree"": 0.5484336503566808, ""learning_rate"": 0.09175967023957882, ""max_depth"": 3, ""min_child_samples"": 5, ""num_leaves"": 13, ""reg_lambda"": 2.196182795850852, ""subsample"": 0.795255860351108, ""subsample_freq"": 1}"
3,3,183,0,0.2482442028752895,0.3639321357009685,0.07984744381684138,"{""colsample_bytree"": 0.5484336503566808, ""learning_rate"": 0.09175967023957882, ""max_depth"": 3, ""min_child_samples"": 5, ""num_leaves"": 13, ""reg_lambda"": 2.196182795850852, ""subsample"": 0.795255860351108, ""subsample_freq"": 1}"
3,3,191,0,0.4607320992539504,0.42038842947000965,0.07010720316047248,"{""colsample_bytree"": 0.5484336503566808, ""learning_rate"": 0.09175967023957882, ""max_depth"": 3, ""min_child_samples"": 5, ""num_leaves"": 13, ""reg_lambda"": 2.196182795850852, ""subsample"": 0.795255860351108, ""subsample_freq"": 1}"
3,3,198,0,0.9300848563679309,0.7055499118709256,0.14480136260698662,"{""colsample_bytree"": 0.5484336503566808, ""learning_rate"": 0.09175967023957882, ""max_depth"": 3, ""min_child_samples"": 5, ""num_leaves"": 13, ""reg_lambda"": 2.196182795850852, ""subsample"": 0.795255860351108, ""subsample_freq"": 1}"
3,3,206,1,0.758951398034816,0.5858516396336624,0.11479147906548189,"{""colsample_bytree"": 0.5484336503566808, ""learning_rate"": 0.09175967023957882, ""max_depth"": 3, ""min_child_samples"": 5, ""num_leaves"": 13, ""reg_lambda"": 2.196182795850852, ""subsample"": 0.795255860351108, ""subsample_freq"": 1}"
3,3,219,1,0.02357085954730993,0.1584308170138725,0.04182492962832478,"{""colsample_bytree"": 0.5484336503566808, ""learning_rate"": 0.09175967023957882, ""max_depth"": 3, ""min_child_samples"": 5, ""num_leaves"": 13, ""reg_lambda"": 2.196182795850852, ""subsample"": 0.795255860351108, ""subsample_freq"": 1}"
3,3,227,1,0.06044280282906882,0.17756473601938044,0.05446906290081062,"{""colsample_bytree"": 0.5484336503566808, ""learning_rate"": 0.09175967023957882, ""max_depth"": 3, ""min_child_samples"": 5, ""num_leaves"": 13, ""reg_lambda"": 2.196182795850852, ""subsample"": 0.795255860351108, ""subsample_freq"": 1}"
3,3,234,0,0.2302134986384812,0.3608964394358577,0.04930689520833414,"{""colsample_bytree"": 0.5484336503566808, ""learning_rate"": 0.09175967023957882, ""max_depth"": 3, ""min_child_samples"": 5, ""num_leaves"": 13, ""reg_lambda"": 2.196182795850852, ""subsample"": 0.795255860351108, ""subsample_freq"": 1}"
3,3,240,0,0.9031446688358359,0.7321684072749652,0.12436873694335643,"{""colsample_bytree"": 0.5484336503566808, ""learning_rate"": 0.09175967023957882, ""max_depth"": 3, ""min_child_samples"": 5, ""num_leaves"": 13, ""reg_lambda"": 2.196182795850852, ""subsample"": 0.795255860351108, ""subsample_freq"": 1}"
3,3,242,0,0.6901643611438049,0.48409158183435547,0.03846905000624986,"{""colsample_bytree"": 0.5484336503566808, ""learning_rate"": 0.09175967023957882, ""max_depth"": 3, ""min_child_samples"": 5, ""num_leaves"": 13, ""reg_lambda"": 2.196182795850852, ""subsample"": 0.795255860351108, ""subsample_freq"": 1}"
3,3,245,1,0.48009442695583865,0.4945157818967787,0.05174529260672588,"{""colsample_bytree"": 0.5484336503566808, ""learning_rate"": 0.09175967023957882, ""max_depth"": 3, ""min_child_samples"": 5, ""num_leaves"": 13, ""reg_lambda"": 2.196182795850852, ""subsample"": 0.795255860351108, ""subsample_freq"": 1}"
3,3,256,0,0.024985252203935805,0.2052308680644776,0.07153046469650094,"{""colsample_bytree"": 0.5484336503566808, ""learning_rate"": 0.09175967023957882, ""max_depth"": 3, ""min_child_samples"": 5, ""num_leaves"": 13, ""reg_lambda"": 2.196182795850852, ""subsample"": 0.795255860351108, ""subsample_freq"": 1}"
3,3,257,0,0.04052448923437088,0.19317290100197834,0.06534838107685619,"{""colsample_bytree"": 0.5484336503566808, ""learning_rate"": 0.09175967023957882, ""max_depth"": 3, ""min_child_samples"": 5, ""num_leaves"": 13, ""reg_lambda"": 2.196182795850852, ""subsample"": 0.795255860351108, ""subsample_freq"": 1}"
3,3,269,0,0.7871393084944971,0.6212872418164856,0.14801317976335998,"{""colsample_bytree"": 0.5484336503566808, ""learning_rate"": 0.09175967023957882, ""max_depth"": 3, ""min_child_samples"": 5, ""num_leaves"": 13, ""reg_lambda"": 2.196182795850852, ""subsample"": 0.795255860351108, ""subsample_freq"": 1}"
3,3,275,0,0.35020046152124734,0.3791047050649227,0.0886194573001476,"{""colsample_bytree"": 0.5484336503566808, ""learning_rate"": 0.09175967023957882, ""max_depth"": 3, ""min_child_samples"": 5, ""num_leaves"": 13, ""reg_lambda"": 2.196182795850852, ""subsample"": 0.795255860351108, ""subsample_freq"": 1}"
3,3,279,1,0.2933003615536808,0.41826391290486997,0.0918573352795714,"{""colsample_bytree"": 0.5484336503566808, ""learning_rate"": 0.09175967023957882, ""max_depth"": 3, ""min_child_samples"": 5, ""num_leaves"": 13, ""reg_lambda"": 2.196182795850852, ""subsample"": 0.795255860351108, ""subsample_freq"": 1}"
3,3,286,0,0.6165177296881108,0.3813712658759194,0.0490516102041531,"{""colsample_bytree"": 0.5484336503566808, ""learning_rate"": 0.09175967023957882, ""max_depth"": 3, ""min_child_samples"": 5, ""num_leaves"": 13, ""reg_lambda"": 2.196182795850852, ""subsample"": 0.795255860351108, ""subsample_freq"": 1}"
3,3,295,0,0.198169912411905,0.3688127789029216,0.07954707601163948,"{""colsample_bytree"": 0.5484336503566808, ""learning_rate"": 0.09175967023957882, ""max_depth"": 3, ""min_child_samples"": 5, ""num_leaves"": 13, ""reg_lambda"": 2.196182795850852, ""subsample"": 0.795255860351108, ""subsample_freq"": 1}"
3,3,298,1,0.45371272389068384,0.40756690285353087,0.0877411422993386,"{""colsample_bytree"": 0.5484336503566808, ""learning_rate"": 0.09175967023957882, ""max_depth"": 3, ""min_child_samples"": 5, ""num_leaves"": 13, ""reg_lambda"": 2.196182795850852, ""subsample"": 0.795255860351108, ""subsample_freq"": 1}"
3,3,299,0,0.013435383938801086,0.12496836865166439,0.07122514538919558,"{""colsample_bytree"": 0.5484336503566808, ""learning_rate"": 0.09175967023957882, ""max_depth"": 3, ""min_child_samples"": 5, ""num_leaves"": 13, ""reg_lambda"": 2.196182795850852, ""subsample"": 0.795255860351108, ""subsample_freq"": 1}"
3,4,16,0,0.20048234417700594,0.11867289939298191,0.05151619709214879,"{""colsample_bytree"": 0.9810089728708465, ""learning_rate"": 0.01522025996214815, ""max_depth"": 4, ""min_child_samples"": 28, ""num_leaves"": 15, ""reg_lambda"": 19.36706182122833, ""subsample"": 0.7416426941104621, ""subsample_freq"": 1}"
3,4,18,0,0.5392640663436326,0.6027524320841348,0.08623474245704855,"{""colsample_bytree"": 0.9810089728708465, ""learning_rate"": 0.01522025996214815, ""max_depth"": 4, ""min_child_samples"": 28, ""num_leaves"": 15, ""reg_lambda"": 19.36706182122833, ""subsample"": 0.7416426941104621, ""subsample_freq"": 1}"
3,4,20,1,0.21497129133659218,0.1273118332588028,0.054311711540081596,"{""colsample_bytree"": 0.9810089728708465, ""learning_rate"": 0.01522025996214815, ""max_depth"": 4, ""min_child_samples"": 28, ""num_leaves"": 15, ""reg_lambda"": 19.36706182122833, ""subsample"": 0.7416426941104621, ""subsample_freq"": 1}"
3,4,24,0,0.39858956940023765,0.39774554950596264,0.08300660716082511,"{""colsample_bytree"": 0.9810089728708465, ""learning_rate"": 0.01522025996214815, ""max_depth"": 4, ""min_child_samples"": 28, ""num_leaves"": 15, ""reg_lambda"": 19.36706182122833, ""subsample"": 0.7416426941104621, ""subsample_freq"": 1}"
3,4,27,0,0.1894675978488991,0.10527231985979162,0.048640361855607994,"{""colsample_bytree"": 0.9810089728708465, ""learning_rate"": 0.01522025996214815, ""max_depth"": 4, ""min_child_samples"": 28, ""num_leaves"": 15, ""reg_lambda"": 19.36706182122833, ""subsample"": 0.7416426941104621, ""subsample_freq"": 1}"
3,4,28,1,0.5185748730291035,0.5924656193124043,0.041913056911580995,"{""colsample_bytree"": 0.9810089728708465, ""learning_rate"": 0.01522025996214815, ""max_depth"": 4, ""min_child_samples"": 28, ""num_leaves"": 15, ""reg_lambda"": 19.36706182122833, ""subsample"": 0.7416426941104621, ""subsample_freq"": 1}"
3,4,36,1,0.4387880841215461,0.47601982132534226,0.04001151059766861,"{""colsample_bytree"": 0.9810089728708465, ""learning_rate"": 0.01522025996214815, ""max_depth"": 4, ""min_child_samples"": 28, ""num_leaves"": 15, ""reg_lambda"": 19.36706182122833, ""subsample"": 0.7416426941104621, ""subsample_freq"": 1}"
3,4,37,1,0.26702174392726546,0.18557172201744132,0.050827203771404546,"{""colsample_bytree"": 0.9810089728708465, ""learning_rate"": 0.01522025996214815, ""max_depth"": 4, ""min_child_samples"": 28, ""num_leaves"": 15, ""reg_lambda"": 19.36706182122833, ""subsample"": 0.7416426941104621, ""subsample_freq"": 1}"
3,4,52,0,0.5243414706675839,0.6154894286524666,0.054196879533798564,"{""colsample_bytree"": 0.9810089728708465, ""learning_rate"": 0.01522025996214815, ""max_depth"": 4, ""min_child_samples"": 28, ""num_leaves"": 15, ""reg_lambda"": 19.36706182122833, ""subsample"": 0.7416426941104621, ""subsample_freq"": 1}"
3,4,55,1,0.40682034479016244,0.448012993779593,0.08517111966686755,"{""colsample_bytree"": 0.9810089728708465, ""learning_rate"": 0.01522025996214815, ""max_depth"": 4, ""min_child_samples"": 28, ""num_leaves"": 15, ""reg_lambda"": 19.36706182122833, ""subsample"": 0.7416426941104621, ""subsample_freq"": 1}"
3,4,63,1,0.43307069813039045,0.37208596575170005,0.061639508979519704,"{""colsample_bytree"": 0.9810089728708465, ""learning_rate"": 0.01522025996214815, ""max_depth"": 4, ""min_child_samples"": 28, ""num_leaves"": 15, ""reg_lambda"": 19.36706182122833, ""subsample"": 0.7416426941104621, ""subsample_freq"": 1}"
3,4,64,0,0.21245443155350782,0.12380566320960004,0.05622051222605224,"{""colsample_bytree"": 0.9810089728708465, ""learning_rate"": 0.01522025996214815, ""max_depth"": 4, ""min_child_samples"": 28, ""num_leaves"": 15, ""reg_lambda"": 19.36706182122833, ""subsample"": 0.7416426941104621, ""subsample_freq"": 1}"
3,4,67,0,0.4973452412551287,0.5368737783147374,0.07669444627478628,"{""colsample_bytree"": 0.9810089728708465, ""learning_rate"": 0.01522025996214815, ""max_depth"": 4, ""min_child_samples"": 28, ""num_leaves"": 15, ""reg_lambda"": 19.36706182122833, ""subsample"": 0.7416426941104621, ""subsample_freq"": 1}"
3,4,75,0,0.4709633408670253,0.5565311878624828,0.060976943118273244,"{""colsample_bytree"": 0.9810089728708465, ""learning_rate"": 0.01522025996214815, ""max_depth"": 4, ""min_child_samples"": 28, ""num_leaves"": 15, ""reg_lambda"": 19.36706182122833, ""subsample"": 0.7416426941104621, ""subsample_freq"": 1}"
3,4,80,1,0.40187645657697024,0.452906354364009,0.02183209534158339,"{""colsample_bytree"": 0.9810089728708465, ""learning_rate"": 0.01522025996214815, ""max_depth"": 4, ""min_child_samples"": 28, ""num_leaves"": 15, ""reg_lambda"": 19.36706182122833, ""subsample"": 0.7416426941104621, ""subsample_freq"": 1}"
3,4,82,1,0.43471089336112917,0.41554230100356077,0.07309375284963493,"{""colsample_bytree"": 0.9810089728708465, ""learning_rate"": 0.01522025996214815, ""max_depth"": 4, ""min_child_samples"": 28, ""num_leaves"": 15, ""reg_lambda"": 19.36706182122833, ""subsample"": 0.7416426941104621, ""subsample_freq"": 1}"
3,4,90,1,0.4327998945015078,0.49958754007842804,0.07948814967060797,"{""colsample_bytree"": 0.9810089728708465, ""learning_rate"": 0.01522025996214815, ""max_depth"": 4, ""min_child_samples"": 28, ""num_leaves"": 15, ""reg_lambda"": 19.36706182122833, ""subsample"": 0.7416426941104621, ""subsample_freq"": 1}"
3,4,96,1,0.5407454809517867,0.6068573010519457,0.04903430762699051,"{""colsample_bytree"": 0.9810089728708465, ""learning_rate"": 0.01522025996214815, ""max_depth"": 4, ""min_child_samples"": 28, ""num_leaves"": 15, ""reg_lambda"": 19.36706182122833, ""subsample"": 0.7416426941104621, ""subsample_freq"": 1}"
3,4,97,1,0.3730583399608113,0.30511129698595646,0.08335958011834753,"{""colsample_bytree"": 0.9810089728708465, ""learning_rate"": 0.01522025996214815, ""max_depth"": 4, ""min_child_samples"": 28, ""num_leaves"": 15, ""reg_lambda"": 19.36706182122833, ""subsample"": 0.7416426941104621, ""subsample_freq"": 1}"
3,4,100,0,0.4265912198181849,0.4167953519125806,0.059790051618411146,"{""colsample_bytree"": 0.9810089728708465, ""learning_rate"": 0.01522025996214815, ""max_depth"": 4, ""min_child_samples"": 28, ""num_leaves"": 15, ""reg_lambda"": 19.36706182122833, ""subsample"": 0.7416426941104621, ""subsample_freq"": 1}"
3,4,108,0,0.3002996333449658,0.24242073159104974,0.06149925238881536,"{""colsample_bytree"": 0.9810089728708465, ""learning_rate"": 0.01522025996214815, ""max_depth"": 4, ""min_child_samples"": 28, ""num_leaves"": 15, ""reg_lambda"": 19.36706182122833, ""subsample"": 0.7416426941104621, ""subsample_freq"": 1}"
3,4,110,1,0.22767403460570595,0.14025382021893773,0.0620727303307223,"{""colsample_bytree"": 0.9810089728708465, ""learning_rate"": 0.01522025996214815, ""max_depth"": 4, ""min_child_samples"": 28, ""num_leaves"": 15, ""reg_lambda"": 19.36706182122833, ""subsample"": 0.7416426941104621, ""subsample_freq"": 1}"
3,4,116,0,0.4890835090314887,0.5220214128861322,0.0934782618173687,"{""colsample_bytree"": 0.9810089728708465, ""learning_rate"": 0.01522025996214815, ""max_depth"": 4, ""min_child_samples"": 28, ""num_leaves"": 15, ""reg_lambda"": 19.36706182122833, ""subsample"": 0.7416426941104621, ""subsample_freq"": 1}"
3,4,120,1,0.35453802256043054,0.27256196922072873,0.025670965285202983,"{""colsample_bytree"": 0.9810089728708465, ""learning_rate"": 0.01522025996214815, ""max_depth"": 4, ""min_child_samples"": 28, ""num_leaves"": 15, ""reg_lambda"": 19.36706182122833, ""subsample"": 0.7416426941104621, ""subsample_freq"": 1}"
3,4,126,0,0.43732650056933936,0.4988875760928151,0.08664041458734534,"{""colsample_bytree"": 0.9810089728708465, ""learning_rate"": 0.01522025996214815, ""max_depth"": 4, ""min_child_samples"": 28, ""num_leaves"": 15, ""reg_lambda"": 19.36706182122833, ""subsample"": 0.7416426941104621, ""subsample_freq"": 1}"
3,4,143,0,0.2141833543930623,0.1207418205648293,0.05374638365922403,"{""colsample_bytree"": 0.9810089728708465, ""learning_rate"": 0.01522025996214815, ""max_depth"": 4, ""min_child_samples"": 28, ""num_leaves"": 15, ""reg_lambda"": 19.36706182122833, ""subsample"": 0.7416426941104621, ""subsample_freq"": 1}"
3,4,148,1,0.4264623775816972,0.437368117715282,0.06753238310540034,"{""colsample_bytree"": 0.9810089728708465, ""learning_rate"": 0.01522025996214815, ""max_depth"": 4, ""min_child_samples"": 28, ""num_leaves"": 15, ""reg_lambda"": 19.36706182122833, ""subsample"": 0.7416426941104621, ""subsample_freq"": 1}"
3,4,151,0,0.36902923335087495,0.31277853539689415,0.03005241892818848,"{""colsample_bytree"": 0.9810089728708465, ""learning_rate"": 0.01522025996214815, ""max_depth"": 4, ""min_child_samples"": 28, ""num_leaves"": 15, ""reg_lambda"": 19.36706182122833, ""subsample"": 0.7416426941104621, ""subsample_freq"": 1}"
3,4,155,1,0.5975083204584832,0.6872168465632813,0.07993075010681254,"{""colsample_bytree"": 0.9810089728708465, ""learning_rate"": 0.01522025996214815, ""max_depth"": 4, ""min_child_samples"": 28, ""num_leaves"": 15, ""reg_lambda"": 19.36706182122833, ""subsample"": 0.7416426941104621, ""subsample_freq"": 1}"
3,4,157,1,0.2537310099254763,0.18010375470933343,0.06174700573619015,"{""colsample_bytree"": 0.9810089728708465, ""learning_rate"": 0.01522025996214815, ""max_depth"": 4, ""min_child_samples"": 28, ""num_leaves"": 15, ""reg_lambda"": 19.36706182122833, ""subsample"": 0.7416426941104621, ""subsample_freq"": 1}"
3,4,158,1,0.42437782982863675,0.36871890821184045,0.07212430083027747,"{""colsample_bytree"": 0.9810089728708465, ""learning_rate"": 0.01522025996214815, ""max_depth"": 4, ""min_child_samples"": 28, ""num_leaves"": 15, ""reg_lambda"": 19.36706182122833, ""subsample"": 0.7416426941104621, ""subsample_freq"": 1}"
3,4,181,1,0.5041057320189855,0.6039273296586896,0.04732444748709154,"{""colsample_bytree"": 0.9810089728708465, ""learning_rate"": 0.01522025996214815, ""max_depth"": 4, ""min_child_samples"": 28, ""num_leaves"": 15, ""reg_lambda"": 19.36706182122833, ""subsample"": 0.7416426941104621, ""subsample_freq"": 1}"
3,4,186,0,0.45771990587008526,0.4084784221396709,0.07263193776583278,"{""colsample_bytree"": 0.9810089728708465, ""learning_rate"": 0.01522025996214815, ""max_depth"": 4, ""min_child_samples"": 28, ""num_leaves"": 15, ""reg_lambda"": 19.36706182122833, ""subsample"": 0.7416426941104621, ""subsample_freq"": 1}"
3,4,188,0,0.23553915970881953,0.15380752438882758,0.056324589821685415,"{""colsample_bytree"": 0.9810089728708465, ""learning_rate"": 0.01522025996214815, ""max_depth"": 4, ""min_child_samples"": 28, ""num_leaves"": 15, ""reg_lambda"": 19.36706182122833, ""subsample"": 0.7416426941104621, ""subsample_freq"": 1}"
3,4,189,1,0.6023473567286478,0.6980848838917181,0.06279738710345872,"{""colsample_bytree"": 0.9810089728708465, ""learning_rate"": 0.01522025996214815, ""max_depth"": 4, ""min_child_samples"": 28, ""num_leaves"": 15, ""reg_lambda"": 19.36706182122833, ""subsample"": 0.7416426941104621, ""subsample_freq"": 1}"
3,4,192,0,0.23058954460278477,0.13480127052209084,0.06317603992776603,"{""colsample_bytree"": 0.9810089728708465, ""learning_rate"": 0.01522025996214815, ""max_depth"": 4, ""min_child_samples"": 28, ""num_leaves"": 15, ""reg_lambda"": 19.36706182122833, ""subsample"": 0.7416426941104621, ""subsample_freq"": 1}"
3,4,197,1,0.41624946146185743,0.3728545244259646,0.03652290989861365,"{""colsample_bytree"": 0.9810089728708465, ""learning_rate"": 0.01522025996214815, ""max_depth"": 4, ""min_child_samples"": 28, ""num_leaves"": 15, ""reg_lambda"": 19.36706182122833, ""subsample"": 0.7416426941104621, ""subsample_freq"": 1}"
3,4,199,0,0.2410713888833441,0.17688585015960973,0.059077219299563985,"{""colsample_bytree"": 0.9810089728708465, ""learning_rate"": 0.01522025996214815, ""max_depth"": 4, ""min_child_samples"": 28, ""num_leaves"": 15, ""reg_lambda"": 19.36706182122833, ""subsample"": 0.7416426941104621, ""subsample_freq"": 1}"
3,4,209,0,0.5776416903389947,0.6881255352980652,0.0509480209947359,"{""colsample_bytree"": 0.9810089728708465, ""learning_rate"": 0.01522025996214815, ""max_depth"": 4, ""min_child_samples"": 28, ""num_leaves"": 15, ""reg_lambda"": 19.36706182122833, ""subsample"": 0.7416426941104621, ""subsample_freq"": 1}"
3,4,215,0,0.534488137462908,0.6325996614637448,0.08121290101586454,"{""colsample_bytree"": 0.9810089728708465, ""learning_rate"": 0.01522025996214815, ""max_depth"": 4, ""min_child_samples"": 28, ""num_leaves"": 15, ""reg_lambda"": 19.36706182122833, ""subsample"": 0.7416426941104621, ""subsample_freq"": 1}"
3,4,222,1,0.3936402242171467,0.35860311382616017,0.03961193713030397,"{""colsample_bytree"": 0.9810089728708465, ""learning_rate"": 0.01522025996214815, ""max_depth"": 4, ""min_child_samples"": 28, ""num_leaves"": 15, ""reg_lambda"": 19.36706182122833, ""subsample"": 0.7416426941104621, ""subsample_freq"": 1}"
3,4,225,0,0.38028692026608835,0.36460619989795745,0.05605542440156579,"{""colsample_bytree"": 0.9810089728708465, ""learning_rate"": 0.01522025996214815, ""max_depth"": 4, ""min_child_samples"": 28, ""num_leaves"": 15, ""reg_lambda"": 19.36706182122833, ""subsample"": 0.7416426941104621, ""subsample_freq"": 1}"
3,4,228,0,0.5527448220809862,0.6087986340184937,0.060051139977969355,"{""colsample_bytree"": 0.9810089728708465, ""learning_rate"": 0.01522025996214815, ""max_depth"": 4, ""min_child_samples"": 28, ""num_leaves"": 15, ""reg_lambda"": 19.36706182122833, ""subsample"": 0.7416426941104621, ""subsample_freq"": 1}"
3,4,230,0,0.5214867477819932,0.6165747013072401,0.06774112808189267,"{""colsample_bytree"": 0.9810089728708465, ""learning_rate"": 0.01522025996214815, ""max_depth"": 4, ""min_child_samples"": 28, ""num_leaves"": 15, ""reg_lambda"": 19.36706182122833, ""subsample"": 0.7416426941104621, ""subsample_freq"": 1}"
3,4,233,0,0.33238620395290197,0.2687622277200656,0.05491118363224835,"{""colsample_bytree"": 0.9810089728708465, ""learning_rate"": 0.01522025996214815, ""max_depth"": 4, ""min_child_samples"": 28, ""num_leaves"": 15, ""reg_lambda"": 19.36706182122833, ""subsample"": 0.7416426941104621, ""subsample_freq"": 1}"
3,4,237,0,0.3532471974429105,0.31258022662074947,0.08500344868627753,"{""colsample_bytree"": 0.9810089728708465, ""learning_rate"": 0.01522025996214815, ""max_depth"": 4, ""min_child_samples"": 28, ""num_leaves"": 15, ""reg_lambda"": 19.36706182122833, ""subsample"": 0.7416426941104621, ""subsample_freq"": 1}"
3,4,238,0,0.2788071038553053,0.17897196461645487,0.0649801492372099,"{""colsample_bytree"": 0.9810089728708465, ""learning_rate"": 0.01522025996214815, ""max_depth"": 4, ""min_child_samples"": 28, ""num_leaves"": 15, ""reg_lambda"": 19.36706182122833, ""subsample"": 0.7416426941104621, ""subsample_freq"": 1}"
3,4,239,0,0.4137987857810126,0.38188954635681677,0.08376108904706306,"{""colsample_bytree"": 0.9810089728708465, ""learning_rate"": 0.01522025996214815, ""max_depth"": 4, ""min_child_samples"": 28, ""num_leaves"": 15, ""reg_lambda"": 19.36706182122833, ""subsample"": 0.7416426941104621, ""subsample_freq"": 1}"
3,4,244,1,0.39692259760197524,0.3293233938673763,0.04726859034739137,"{""colsample_bytree"": 0.9810089728708465, ""learning_rate"": 0.01522025996214815, ""max_depth"": 4, ""min_child_samples"": 28, ""num_leaves"": 15, ""reg_lambda"": 19.36706182122833, ""subsample"": 0.7416426941104621, ""subsample_freq"": 1}"
3,4,247,0,0.17611908079329425,0.0908463675262796,0.04264494373649692,"{""colsample_bytree"": 0.9810089728708465, ""learning_rate"": 0.01522025996214815, ""max_depth"": 4, ""min_child_samples"": 28, ""num_leaves"": 15, ""reg_lambda"": 19.36706182122833, ""subsample"": 0.7416426941104621, ""subsample_freq"": 1}"
3,4,250,0,0.5372052529536839,0.6496371353931731,0.05286985651142292,"{""colsample_bytree"": 0.9810089728708465, ""learning_rate"": 0.01522025996214815, ""max_depth"": 4, ""min_child_samples"": 28, ""num_leaves"": 15, ""reg_lambda"": 19.36706182122833, ""subsample"": 0.7416426941104621, ""subsample_freq"": 1}"
3,4,252,0,0.47374661214221686,0.5095838387690452,0.06331874848870389,"{""colsample_bytree"": 0.9810089728708465, ""learning_rate"": 0.01522025996214815, ""max_depth"": 4, ""min_child_samples"": 28, ""num_leaves"": 15, ""reg_lambda"": 19.36706182122833, ""subsample"": 0.7416426941104621, ""subsample_freq"": 1}"
3,4,260,1,0.4376683058667767,0.4749820881454189,0.07271319636447013,"{""colsample_bytree"": 0.9810089728708465, ""learning_rate"": 0.01522025996214815, ""max_depth"": 4, ""min_child_samples"": 28, ""num_leaves"": 15, ""reg_lambda"": 19.36706182122833, ""subsample"": 0.7416426941104621, ""subsample_freq"": 1}"
3,4,261,0,0.1782675206582828,0.10164379786952411,0.04821079404677025,"{""colsample_bytree"": 0.9810089728708465, ""learning_rate"": 0.01522025996214815, ""max_depth"": 4, ""min_child_samples"": 28, ""num_leaves"": 15, ""reg_lambda"": 19.36706182122833, ""subsample"": 0.7416426941104621, ""subsample_freq"": 1}"
3,4,267,1,0.47397649522558477,0.5061209910676091,0.040631624298950036,"{""colsample_bytree"": 0.9810089728708465, ""learning_rate"": 0.01522025996214815, ""max_depth"": 4, ""min_child_samples"": 28, ""num_leaves"": 15, ""reg_lambda"": 19.36706182122833, ""subsample"": 0.7416426941104621, ""subsample_freq"": 1}"
3,4,272,0,0.3689513022504666,0.2951047260682632,0.08044941462548554,"{""colsample_bytree"": 0.9810089728708465, ""learning_rate"": 0.01522025996214815, ""max_depth"": 4, ""min_child_samples"": 28, ""num_leaves"": 15, ""reg_lambda"": 19.36706182122833, ""subsample"": 0.7416426941104621, ""subsample_freq"": 1}"
3,4,276,0,0.18952662761155425,0.11970919043763577,0.05924175623834811,"{""colsample_bytree"": 0.9810089728708465, ""learning_rate"": 0.01522025996214815, ""max_depth"": 4, ""min_child_samples"": 28, ""num_leaves"": 15, ""reg_lambda"": 19.36706182122833, ""subsample"": 0.7416426941104621, ""subsample_freq"": 1}"
3,4,287,0,0.2615356780401157,0.18420445290269372,0.05793976468793563,"{""colsample_bytree"": 0.9810089728708465, ""learning_rate"": 0.01522025996214815, ""max_depth"": 4, ""min_child_samples"": 28, ""num_leaves"": 15, ""reg_lambda"": 19.36706182122833, ""subsample"": 0.7416426941104621, ""subsample_freq"": 1}"
3,4,290,0,0.3484549363386754,0.30290699722399483,0.0898195824773682,"{""colsample_bytree"": 0.9810089728708465, ""learning_rate"": 0.01522025996214815, ""max_depth"": 4, ""min_child_samples"": 28, ""num_leaves"": 15, ""reg_lambda"": 19.36706182122833, ""subsample"": 0.7416426941104621, ""subsample_freq"": 1}"
3,4,292,0,0.2811719510026414,0.2594211804076146,0.05468439214725574,"{""colsample_bytree"": 0.9810089728708465, ""learning_rate"": 0.01522025996214815, ""max_depth"": 4, ""min_child_samples"": 28, ""num_leaves"": 15, ""reg_lambda"": 19.36706182122833, ""subsample"": 0.7416426941104621, ""subsample_freq"": 1}"
4,0,0,0,0.19526929515550817,0.23003681851929056,0.08830201236029178,"{""colsample_bytree"": 0.420252826253925, ""learning_rate"": 0.05278020781441327, ""max_depth"": 4, ""min_child_samples"": 26, ""num_leaves"": 5, ""reg_lambda"": 10.956340320370433, ""subsample"": 0.7131301806652555, ""subsample_freq"": 1}"
4,0,3,0,0.2664371989072803,0.2647616002002512,0.06468775943431442,"{""colsample_bytree"": 0.420252826253925, ""learning_rate"": 0.05278020781441327, ""max_depth"": 4, ""min_child_samples"": 26, ""num_leaves"": 5, ""reg_lambda"": 10.956340320370433, ""subsample"": 0.7131301806652555, ""subsample_freq"": 1}"
4,0,7,1,0.5244129669923755,0.5057653309936037,0.08327436481247447,"{""colsample_bytree"": 0.420252826253925, ""learning_rate"": 0.05278020781441327, ""max_depth"": 4, ""min_child_samples"": 26, ""num_leaves"": 5, ""reg_lambda"": 10.956340320370433, ""subsample"": 0.7131301806652555, ""subsample_freq"": 1}"
4,0,8,0,0.0960840417563683,0.15107025286963735,0.10614194852161742,"{""colsample_bytree"": 0.420252826253925, ""learning_rate"": 0.05278020781441327, ""max_depth"": 4, ""min_child_samples"": 26, ""num_leaves"": 5, ""reg_lambda"": 10.956340320370433, ""subsample"": 0.7131301806652555, ""subsample_freq"": 1}"
4,0,10,1,0.6656589766303925,0.6260166441184404,0.1602334537988204,"{""colsample_bytree"": 0.420252826253925, ""learning_rate"": 0.05278020781441327, ""max_depth"": 4, ""min_child_samples"": 26, ""num_leaves"": 5, ""reg_lambda"": 10.956340320370433, ""subsample"": 0.7131301806652555, ""subsample_freq"": 1}"
4,0,12,0,0.5025269809376949,0.4299412111304883,0.0410420756916204,"{""colsample_bytree"": 0.420252826253925, ""learning_rate"": 0.05278020781441327, ""max_depth"": 4, ""min_child_samples"": 26, ""num_leaves"": 5, ""reg_lambda"": 10.956340320370433, ""subsample"": 0.7131301806652555, ""subsample_freq"": 1}"
4,0,25,0,0.6508115793914474,0.6830634155126105,0.1347862765942928,"{""colsample_bytree"": 0.420252826253925, ""learning_rate"": 0.05278020781441327, ""max_depth"": 4, ""min_child_samples"": 26, ""num_leaves"": 5, ""reg_lambda"": 10.956340320370433, ""subsample"": 0.7131301806652555, ""subsample_freq"": 1}"
4,0,29,1,0.8507890103648145,0.7161541872092223,0.1599866715746113,"{""colsample_bytree"": 0.420252826253925, ""learning_rate"": 0.05278020781441327, ""max_depth"": 4, ""min_child_samples"": 26, ""num_leaves"": 5, ""reg_lambda"": 10.956340320370433, ""subsample"": 0.7131301806652555, ""subsample_freq"": 1}"
4,0,35,0,0.1638741028717439,0.20560377269737612,0.09344256328846424,"{""colsample_bytree"": 0.420252826253925, ""learning_rate"": 0.05278020781441327, ""max_depth"": 4, ""min_child_samples"": 26, ""num_leaves"": 5, ""reg_lambda"": 10.956340320370433, ""subsample"": 0.7131301806652555, ""subsample_freq"": 1}"
4,0,58,1,0.2750780266018863,0.30757691010939964,0.06288781608815998,"{""colsample_bytree"": 0.420252826253925, ""learning_rate"": 0.05278020781441327, ""max_depth"": 4, ""min_child_samples"": 26, ""num_leaves"": 5, ""reg_lambda"": 10.956340320370433, ""subsample"": 0.7131301806652555, ""subsample_freq"": 1}"
4,0,59,1,0.6084734624802675,0.5354153659815986,0.09776535951454328,"{""colsample_bytree"": 0.420252826253925, ""learning_rate"": 0.05278020781441327, ""max_depth"": 4, ""min_child_samples"": 26, ""num_leaves"": 5, ""reg_lambda"": 10.956340320370433, ""subsample"": 0.7131301806652555, ""subsample_freq"": 1}"
4,0,63,1,0.5349339973084807,0.4487264953204112,0.044281068039878815,"{""colsample_bytree"": 0.420252826253925, ""learning_rate"": 0.05278020781441327, ""max_depth"": 4, ""min_child_samples"": 26, ""num_leaves"": 5, ""reg_lambda"": 10.956340320370433, ""subsample"": 0.7131301806652555, ""subsample_freq"": 1}"
4,0,66,0,0.3116733517249266,0.3196480512510657,0.04402263158692056,"{""colsample_bytree"": 0.420252826253925, ""learning_rate"": 0.05278020781441327, ""max_depth"": 4, ""min_child_samples"": 26, ""num_leaves"": 5, ""reg_lambda"": 10.956340320370433, ""subsample"": 0.7131301806652555, ""subsample_freq"": 1}"
4,0,70,0,0.2721648306971796,0.28181956321132856,0.03970397952274435,"{""colsample_bytree"": 0.420252826253925, ""learning_rate"": 0.05278020781441327, ""max_depth"": 4, ""min_child_samples"": 26, ""num_leaves"": 5, ""reg_lambda"": 10.956340320370433, ""subsample"": 0.7131301806652555, ""subsample_freq"": 1}"
4,0,99,0,0.14245881694538956,0.21670899914270897,0.09486679418034032,"{""colsample_bytree"": 0.420252826253925, ""learning_rate"": 0.05278020781441327, ""max_depth"": 4, ""min_child_samples"": 26, ""num_leaves"": 5, ""reg_lambda"": 10.956340320370433, ""subsample"": 0.7131301806652555, ""subsample_freq"": 1}"
4,0,101,1,0.6242980023035191,0.5582044060410627,0.08951903619560918,"{""colsample_bytree"": 0.420252826253925, ""learning_rate"": 0.05278020781441327, ""max_depth"": 4, ""min_child_samples"": 26, ""num_leaves"": 5, ""reg_lambda"": 10.956340320370433, ""subsample"": 0.7131301806652555, ""subsample_freq"": 1}"
4,0,112,1,0.6905734174704244,0.6774146418454731,0.15828651207377378,"{""colsample_bytree"": 0.420252826253925, ""learning_rate"": 0.05278020781441327, ""max_depth"": 4, ""min_child_samples"": 26, ""num_leaves"": 5, ""reg_lambda"": 10.956340320370433, ""subsample"": 0.7131301806652555, ""subsample_freq"": 1}"
4,0,115,1,0.7050819610309227,0.6449418317238929,0.16351094968241608,"{""colsample_bytree"": 0.420252826253925, ""learning_rate"": 0.05278020781441327, ""max_depth"": 4, ""min_child_samples"": 26, ""num_leaves"": 5, ""reg_lambda"": 10.956340320370433, ""subsample"": 0.7131301806652555, ""subsample_freq"": 1}"
4,0,116,0,0.32348216709417277,0.34196668537925234,0.061537909944419815,"{""colsample_bytree"": 0.420252826253925, ""learning_rate"": 0.05278020781441327, ""max_depth"": 4, ""min_child_samples"": 26, ""num_leaves"": 5, ""reg_lambda"": 10.956340320370433, ""subsample"": 0.7131301806652555, ""subsample_freq"": 1}"
4,0,119,1,0.5959268883808185,0.568602398505561,0.12480093938619378,"{""colsample_bytree"": 0.420252826253925, ""learning_rate"": 0.05278020781441327, ""max_depth"": 4, ""min_child_samples"": 26, ""num_leaves"": 5, ""reg_lambda"": 10.956340320370433, ""subsample"": 0.7131301806652555, ""subsample_freq"": 1}"
4,0,137,0,0.16565062128869337,0.218827290624591,0.09735717947137656,"{""colsample_bytree"": 0.420252826253925, ""learning_rate"": 0.05278020781441327, ""max_depth"": 4, ""min_child_samples"": 26, ""num_leaves"": 5, ""reg_lambda"": 10.956340320370433, ""subsample"": 0.7131301806652555, ""subsample_freq"": 1}"
4,0,140,0,0.22560349988401998,0.23930779823596554,0.07193711467085115,"{""colsample_bytree"": 0.420252826253925, ""learning_rate"": 0.05278020781441327, ""max_depth"": 4, ""min_child_samples"": 26, ""num_leaves"": 5, ""reg_lambda"": 10.956340320370433, ""subsample"": 0.7131301806652555, ""subsample_freq"": 1}"
4,0,143,0,0.13222718577453227,0.18227848824516515,0.09530701936234617,"{""colsample_bytree"": 0.420252826253925, ""learning_rate"": 0.05278020781441327, ""max_depth"": 4, ""min_child_samples"": 26, ""num_leaves"": 5, ""reg_lambda"": 10.956340320370433, ""subsample"": 0.7131301806652555, ""subsample_freq"": 1}"
4,0,145,1,0.598946217724184,0.578535494542769,0.12570661875694822,"{""colsample_bytree"": 0.420252826253925, ""learning_rate"": 0.05278020781441327, ""max_depth"": 4, ""min_child_samples"": 26, ""num_leaves"": 5, ""reg_lambda"": 10.956340320370433, ""subsample"": 0.7131301806652555, ""subsample_freq"": 1}"
4,0,149,1,0.4682141214849379,0.44013953155808344,0.07894646691427547,"{""colsample_bytree"": 0.420252826253925, ""learning_rate"": 0.05278020781441327, ""max_depth"": 4, ""min_child_samples"": 26, ""num_leaves"": 5, ""reg_lambda"": 10.956340320370433, ""subsample"": 0.7131301806652555, ""subsample_freq"": 1}"
4,0,152,0,0.4668133287873143,0.4863796772276164,0.07918591740459795,"{""colsample_bytree"": 0.420252826253925, ""learning_rate"": 0.05278020781441327, ""max_depth"": 4, ""min_child_samples"": 26, ""num_leaves"": 5, ""reg_lambda"": 10.956340320370433, ""subsample"": 0.7131301806652555, ""subsample_freq"": 1}"
4,0,153,0,0.31711188122640566,0.3626560909337669,0.03205974191629983,"{""colsample_bytree"": 0.420252826253925, ""learning_rate"": 0.05278020781441327, ""max_depth"": 4, ""min_child_samples"": 26, ""num_leaves"": 5, ""reg_lambda"": 10.956340320370433, ""subsample"": 0.7131301806652555, ""subsample_freq"": 1}"
4,0,161,0,0.757270091092937,0.7070041489271557,0.14817979933893957,"{""colsample_bytree"": 0.420252826253925, ""learning_rate"": 0.05278020781441327, ""max_depth"": 4, ""min_child_samples"": 26, ""num_leaves"": 5, ""reg_lambda"": 10.956340320370433, ""subsample"": 0.7131301806652555, ""subsample_freq"": 1}"
4,0,163,1,0.4547918250708374,0.42627162434314964,0.033572878279536575,"{""colsample_bytree"": 0.420252826253925, ""learning_rate"": 0.05278020781441327, ""max_depth"": 4, ""min_child_samples"": 26, ""num_leaves"": 5, ""reg_lambda"": 10.956340320370433, ""subsample"": 0.7131301806652555, ""subsample_freq"": 1}"
4,0,171,0,0.23098326976262593,0.2990517081688263,0.05985822361567766,"{""colsample_bytree"": 0.420252826253925, ""learning_rate"": 0.05278020781441327, ""max_depth"": 4, ""min_child_samples"": 26, ""num_leaves"": 5, ""reg_lambda"": 10.956340320370433, ""subsample"": 0.7131301806652555, ""subsample_freq"": 1}"
4,0,172,0,0.2816788425907151,0.33170730617489663,0.11569974231706345,"{""colsample_bytree"": 0.420252826253925, ""learning_rate"": 0.05278020781441327, ""max_depth"": 4, ""min_child_samples"": 26, ""num_leaves"": 5, ""reg_lambda"": 10.956340320370433, ""subsample"": 0.7131301806652555, ""subsample_freq"": 1}"
4,0,175,0,0.4315378981609224,0.49658997691149187,0.09001434266704408,"{""colsample_bytree"": 0.420252826253925, ""learning_rate"": 0.05278020781441327, ""max_depth"": 4, ""min_child_samples"": 26, ""num_leaves"": 5, ""reg_lambda"": 10.956340320370433, ""subsample"": 0.7131301806652555, ""subsample_freq"": 1}"
4,0,177,1,0.3293382595105559,0.4126492595733467,0.06833005481786805,"{""colsample_bytree"": 0.420252826253925, ""learning_rate"": 0.05278020781441327, ""max_depth"": 4, ""min_child_samples"": 26, ""num_leaves"": 5, ""reg_lambda"": 10.956340320370433, ""subsample"": 0.7131301806652555, ""subsample_freq"": 1}"
4,0,179,0,0.44922127362616227,0.4318933564805499,0.05335200639201026,"{""colsample_bytree"": 0.420252826253925, ""learning_rate"": 0.05278020781441327, ""max_depth"": 4, ""min_child_samples"": 26, ""num_leaves"": 5, ""reg_lambda"": 10.956340320370433, ""subsample"": 0.7131301806652555, ""subsample_freq"": 1}"
4,0,182,1,0.4503102887784046,0.4163943290300637,0.029216379654082927,"{""colsample_bytree"": 0.420252826253925, ""learning_rate"": 0.05278020781441327, ""max_depth"": 4, ""min_child_samples"": 26, ""num_leaves"": 5, ""reg_lambda"": 10.956340320370433, ""subsample"": 0.7131301806652555, ""subsample_freq"": 1}"
4,0,184,1,0.2271822296614763,0.28671156756536464,0.05083844013932382,"{""colsample_bytree"": 0.420252826253925, ""learning_rate"": 0.05278020781441327, ""max_depth"": 4, ""min_child_samples"": 26, ""num_leaves"": 5, ""reg_lambda"": 10.956340320370433, ""subsample"": 0.7131301806652555, ""subsample_freq"": 1}"
4,0,186,0,0.37071875313807673,0.3801993260954108,0.045271590550306856,"{""colsample_bytree"": 0.420252826253925, ""learning_rate"": 0.05278020781441327, ""max_depth"": 4, ""min_child_samples"": 26, ""num_leaves"": 5, ""reg_lambda"": 10.956340320370433, ""subsample"": 0.7131301806652555, ""subsample_freq"": 1}"
4,0,194,0,0.152223317517105,0.19773870647552672,0.09454546380620758,"{""colsample_bytree"": 0.420252826253925, ""learning_rate"": 0.05278020781441327, ""max_depth"": 4, ""min_child_samples"": 26, ""num_leaves"": 5, ""reg_lambda"": 10.956340320370433, ""subsample"": 0.7131301806652555, ""subsample_freq"": 1}"
4,0,198,0,0.6939164556227444,0.617105322779249,0.1250500865882725,"{""colsample_bytree"": 0.420252826253925, ""learning_rate"": 0.05278020781441327, ""max_depth"": 4, ""min_child_samples"": 26, ""num_leaves"": 5, ""reg_lambda"": 10.956340320370433, ""subsample"": 0.7131301806652555, ""subsample_freq"": 1}"
4,0,202,1,0.718787778544673,0.6827732390307195,0.13809626601069075,"{""colsample_bytree"": 0.420252826253925, ""learning_rate"": 0.05278020781441327, ""max_depth"": 4, ""min_child_samples"": 26, ""num_leaves"": 5, ""reg_lambda"": 10.956340320370433, ""subsample"": 0.7131301806652555, ""subsample_freq"": 1}"
4,0,206,1,0.6167026799182052,0.5922630344932764,0.11691018827574917,"{""colsample_bytree"": 0.420252826253925, ""learning_rate"": 0.05278020781441327, ""max_depth"": 4, ""min_child_samples"": 26, ""num_leaves"": 5, ""reg_lambda"": 10.956340320370433, ""subsample"": 0.7131301806652555, ""subsample_freq"": 1}"
4,0,207,0,0.36389654155735185,0.38388119567270446,0.043342614985963,"{""colsample_bytree"": 0.420252826253925, ""learning_rate"": 0.05278020781441327, ""max_depth"": 4, ""min_child_samples"": 26, ""num_leaves"": 5, ""reg_lambda"": 10.956340320370433, ""subsample"": 0.7131301806652555, ""subsample_freq"": 1}"
4,0,210,0,0.16204152717739054,0.19806023501159414,0.09869297383543474,"{""colsample_bytree"": 0.420252826253925, ""learning_rate"": 0.05278020781441327, ""max_depth"": 4, ""min_child_samples"": 26, ""num_leaves"": 5, ""reg_lambda"": 10.956340320370433, ""subsample"": 0.7131301806652555, ""subsample_freq"": 1}"
4,0,211,0,0.3591122362106896,0.3820778248199067,0.08957624722482584,"{""colsample_bytree"": 0.420252826253925, ""learning_rate"": 0.05278020781441327, ""max_depth"": 4, ""min_child_samples"": 26, ""num_leaves"": 5, ""reg_lambda"": 10.956340320370433, ""subsample"": 0.7131301806652555, ""subsample_freq"": 1}"
4,0,212,0,0.07857125719426046,0.1479064290788229,0.10827639747285075,"{""colsample_bytree"": 0.420252826253925, ""learning_rate"": 0.05278020781441327, ""max_depth"": 4, ""min_child_samples"": 26, ""num_leaves"": 5, ""reg_lambda"": 10.956340320370433, ""subsample"": 0.7131301806652555, ""subsample_freq"": 1}"
4,0,213,0,0.6282465680419125,0.5979586923522219,0.14171363797295367,"{""colsample_bytree"": 0.420252826253925, ""learning_rate"": 0.05278020781441327, ""max_depth"": 4, ""min_child_samples"": 26, ""num_leaves"": 5, ""reg_lambda"": 10.956340320370433, ""subsample"": 0.7131301806652555, ""subsample_freq"": 1}"
4,0,220,1,0.6333086774141771,0.607206990511046,0.14434065839561244,"{""colsample_bytree"": 0.420252826253925, ""learning_rate"": 0.05278020781441327, ""max_depth"": 4, ""min_child_samples"": 26, ""num_leaves"": 5, ""reg_lambda"": 10.956340320370433, ""subsample"": 0.7131301806652555, ""subsample_freq"": 1}"
4,0,221,1,0.35780271618078957,0.4412626235010365,0.05683381381574832,"{""colsample_bytree"": 0.420252826253925, ""learning_rate"": 0.05278020781441327, ""max_depth"": 4, ""min_child_samples"": 26, ""num_leaves"": 5, ""reg_lambda"": 10.956340320370433, ""subsample"": 0.7131301806652555, ""subsample_freq"": 1}"
4,0,225,0,0.40840931942872316,0.4794054730320655,0.09136917136750518,"{""colsample_bytree"": 0.420252826253925, ""learning_rate"": 0.05278020781441327, ""max_depth"": 4, ""min_child_samples"": 26, ""num_leaves"": 5, ""reg_lambda"": 10.956340320370433, ""subsample"": 0.7131301806652555, ""subsample_freq"": 1}"
4,0,231,0,0.5505969759791723,0.47458744847993517,0.0532917464267456,"{""colsample_bytree"": 0.420252826253925, ""learning_rate"": 0.05278020781441327, ""max_depth"": 4, ""min_child_samples"": 26, ""num_leaves"": 5, ""reg_lambda"": 10.956340320370433, ""subsample"": 0.7131301806652555, ""subsample_freq"": 1}"
4,0,232,1,0.19751153757548573,0.24209491383811757,0.07866885655639334,"{""colsample_bytree"": 0.420252826253925, ""learning_rate"": 0.05278020781441327, ""max_depth"": 4, ""min_child_samples"": 26, ""num_leaves"": 5, ""reg_lambda"": 10.956340320370433, ""subsample"": 0.7131301806652555, ""subsample_freq"": 1}"
4,0,234,0,0.19619675355088673,0.2566708612589562,0.09143669533676077,"{""colsample_bytree"": 0.420252826253925, ""learning_rate"": 0.05278020781441327, ""max_depth"": 4, ""min_child_samples"": 26, ""num_leaves"": 5, ""reg_lambda"": 10.956340320370433, ""subsample"": 0.7131301806652555, ""subsample_freq"": 1}"
4,0,237,0,0.240754266811151,0.2499263067418626,0.06504253880043716,"{""colsample_bytree"": 0.420252826253925, ""learning_rate"": 0.05278020781441327, ""max_depth"": 4, ""min_child_samples"": 26, ""num_leaves"": 5, ""reg_lambda"": 10.956340320370433, ""subsample"": 0.7131301806652555, ""subsample_freq"": 1}"
4,0,247,0,0.05891833321173561,0.13270747509935588,0.109349212906625,"{""colsample_bytree"": 0.420252826253925, ""learning_rate"": 0.05278020781441327, ""max_depth"": 4, ""min_child_samples"": 26, ""num_leaves"": 5, ""reg_lambda"": 10.956340320370433, ""subsample"": 0.7131301806652555, ""subsample_freq"": 1}"
4,0,259,0,0.36200971259819037,0.4031506330393757,0.038962249115738444,"{""colsample_bytree"": 0.420252826253925, ""learning_rate"": 0.05278020781441327, ""max_depth"": 4, ""min_child_samples"": 26, ""num_leaves"": 5, ""reg_lambda"": 10.956340320370433, ""subsample"": 0.7131301806652555, ""subsample_freq"": 1}"
4,0,266,1,0.3780843635804298,0.40851894573652914,0.09018444684037809,"{""colsample_bytree"": 0.420252826253925, ""learning_rate"": 0.05278020781441327, ""max_depth"": 4, ""min_child_samples"": 26, ""num_leaves"": 5, ""reg_lambda"": 10.956340320370433, ""subsample"": 0.7131301806652555, ""subsample_freq"": 1}"
4,0,273,1,0.6673309871743824,0.6565924665881079,0.13787619117784608,"{""colsample_bytree"": 0.420252826253925, ""learning_rate"": 0.05278020781441327, ""max_depth"": 4, ""min_child_samples"": 26, ""num_leaves"": 5, ""reg_lambda"": 10.956340320370433, ""subsample"": 0.7131301806652555, ""subsample_freq"": 1}"
4,0,286,0,0.43468445708317227,0.3807474042756294,0.05320565993950813,"{""colsample_bytree"": 0.420252826253925, ""learning_rate"": 0.05278020781441327, ""max_depth"": 4, ""min_child_samples"": 26, ""num_leaves"": 5, ""reg_lambda"": 10.956340320370433, ""subsample"": 0.7131301806652555, ""subsample_freq"": 1}"
4,0,287,0,0.22643882119721123,0.2758875540819976,0.08262526261679415,"{""colsample_bytree"": 0.420252826253925, ""learning_rate"": 0.05278020781441327, ""max_depth"": 4, ""min_child_samples"": 26, ""num_leaves"": 5, ""reg_lambda"": 10.956340320370433, ""subsample"": 0.7131301806652555, ""subsample_freq"": 1}"
4,0,293,0,0.16730509022283796,0.2574024128176501,0.08766727454605941,"{""colsample_bytree"": 0.420252826253925, ""learning_rate"": 0.05278020781441327, ""max_depth"": 4, ""min_child_samples"": 26, ""num_leaves"": 5, ""reg_lambda"": 10.956340320370433, ""subsample"": 0.7131301806652555, ""subsample_freq"": 1}"
4,0,298,1,0.35106557907477176,0.3359126559802171,0.06267357538861949,"{""colsample_bytree"": 0.420252826253925, ""learning_rate"": 0.05278020781441327, ""max_depth"": 4, ""min_child_samples"": 26, ""num_leaves"": 5, ""reg_lambda"": 10.956340320370433, ""subsample"": 0.7131301806652555, ""subsample_freq"": 1}"
4,1,1,1,0.6807575410079871,0.6423495015184633,0.059371292501245544,"{""colsample_bytree"": 0.7248621426953744, ""learning_rate"": 0.027097755115247812, ""max_depth"": 2, ""min_child_samples"": 12, ""num_leaves"": 4, ""reg_lambda"": 0.1697960935371848, ""subsample"": 0.9988406075801372, ""subsample_freq"": 1}"
4,1,5,1,0.2656516848692058,0.3185737687897515,0.10380796355448015,"{""colsample_bytree"": 0.7248621426953744, ""learning_rate"": 0.027097755115247812, ""max_depth"": 2, ""min_child_samples"": 12, ""num_leaves"": 4, ""reg_lambda"": 0.1697960935371848, ""subsample"": 0.9988406075801372, ""subsample_freq"": 1}"
4,1,26,0,0.1546020225133027,0.2169304188055146,0.0662892753780439,"{""colsample_bytree"": 0.7248621426953744, ""learning_rate"": 0.027097755115247812, ""max_depth"": 2, ""min_child_samples"": 12, ""num_leaves"": 4, ""reg_lambda"": 0.1697960935371848, ""subsample"": 0.9988406075801372, ""subsample_freq"": 1}"
4,1,27,0,0.10977851044733843,0.15130984452720614,0.0620052717093547,"{""colsample_bytree"": 0.7248621426953744, ""learning_rate"": 0.027097755115247812, ""max_depth"": 2, ""min_child_samples"": 12, ""num_leaves"": 4, ""reg_lambda"": 0.1697960935371848, ""subsample"": 0.9988406075801372, ""subsample_freq"": 1}"
4,1,37,1,0.2998052946873095,0.3277652801493448,0.08307821476923441,"{""colsample_bytree"": 0.7248621426953744, ""learning_rate"": 0.027097755115247812, ""max_depth"": 2, ""min_child_samples"": 12, ""num_leaves"": 4, ""reg_lambda"": 0.1697960935371848, ""subsample"": 0.9988406075801372, ""subsample_freq"": 1}"
4,1,39,1,0.31775115325749675,0.34479446708672457,0.08814045598209873,"{""colsample_bytree"": 0.7248621426953744, ""learning_rate"": 0.027097755115247812, ""max_depth"": 2, ""min_child_samples"": 12, ""num_leaves"": 4, ""reg_lambda"": 0.1697960935371848, ""subsample"": 0.9988406075801372, ""subsample_freq"": 1}"
4,1,40,0,0.43597222021850623,0.5004634989082415,0.07802694149405352,"{""colsample_bytree"": 0.7248621426953744, ""learning_rate"": 0.027097755115247812, ""max_depth"": 2, ""min_child_samples"": 12, ""num_leaves"": 4, ""reg_lambda"": 0.1697960935371848, ""subsample"": 0.9988406075801372, ""subsample_freq"": 1}"
4,1,42,0,0.1309239821760784,0.1679603790530113,0.07520776860369026,"{""colsample_bytree"": 0.7248621426953744, ""learning_rate"": 0.027097755115247812, ""max_depth"": 2, ""min_child_samples"": 12, ""num_leaves"": 4, ""reg_lambda"": 0.1697960935371848, ""subsample"": 0.9988406075801372, ""subsample_freq"": 1}"
4,1,43,0,0.35232436705147285,0.3506509436934455,0.12879935283254698,"{""colsample_bytree"": 0.7248621426953744, ""learning_rate"": 0.027097755115247812, ""max_depth"": 2, ""min_child_samples"": 12, ""num_leaves"": 4, ""reg_lambda"": 0.1697960935371848, ""subsample"": 0.9988406075801372, ""subsample_freq"": 1}"
4,1,49,0,0.3702715068502669,0.4446995421624593,0.06068578269383101,"{""colsample_bytree"": 0.7248621426953744, ""learning_rate"": 0.027097755115247812, ""max_depth"": 2, ""min_child_samples"": 12, ""num_leaves"": 4, ""reg_lambda"": 0.1697960935371848, ""subsample"": 0.9988406075801372, ""subsample_freq"": 1}"
4,1,53,0,0.1299303221085921,0.20461523031431644,0.0391995111756019,"{""colsample_bytree"": 0.7248621426953744, ""learning_rate"": 0.027097755115247812, ""max_depth"": 2, ""min_child_samples"": 12, ""num_leaves"": 4, ""reg_lambda"": 0.1697960935371848, ""subsample"": 0.9988406075801372, ""subsample_freq"": 1}"
4,1,60,0,0.09705155982208194,0.16518190153886506,0.06305552631103781,"{""colsample_bytree"": 0.7248621426953744, ""learning_rate"": 0.027097755115247812, ""max_depth"": 2, ""min_child_samples"": 12, ""num_leaves"": 4, ""reg_lambda"": 0.1697960935371848, ""subsample"": 0.9988406075801372, ""subsample_freq"": 1}"
4,1,74,1,0.8220797913514103,0.754331443083484,0.0838109348303056,"{""colsample_bytree"": 0.7248621426953744, ""learning_rate"": 0.027097755115247812, ""max_depth"": 2, ""min_child_samples"": 12, ""num_leaves"": 4, ""reg_lambda"": 0.1697960935371848, ""subsample"": 0.9988406075801372, ""subsample_freq"": 1}"
4,1,80,1,0.7142133080682098,0.5651292245341275,0.13909658481741088,"{""colsample_bytree"": 0.7248621426953744, ""learning_rate"": 0.027097755115247812, ""max_depth"": 2, ""min_child_samples"": 12, ""num_leaves"": 4, ""reg_lambda"": 0.1697960935371848, ""subsample"": 0.9988406075801372, ""subsample_freq"": 1}"
4,1,81,0,0.4062966992986889,0.28521607312451014,0.03747962272642262,"{""colsample_bytree"": 0.7248621426953744, ""learning_rate"": 0.027097755115247812, ""max_depth"": 2, ""min_child_samples"": 12, ""num_leaves"": 4, ""reg_lambda"": 0.1697960935371848, ""subsample"": 0.9988406075801372, ""subsample_freq"": 1}"
4,1,83,0,0.3321034924785287,0.3280423735789987,0.07805507513656074,"{""colsample_bytree"": 0.7248621426953744, ""learning_rate"": 0.027097755115247812, ""max_depth"": 2, ""min_child_samples"": 12, ""num_leaves"": 4, ""reg_lambda"": 0.1697960935371848, ""subsample"": 0.9988406075801372, ""subsample_freq"": 1}"
4,1,91,0,0.4843568204390664,0.4813943929747264,0.06460512960430444,"{""colsample_bytree"": 0.7248621426953744, ""learning_rate"": 0.027097755115247812, ""max_depth"": 2, ""min_child_samples"": 12, ""num_leaves"": 4, ""reg_lambda"": 0.1697960935371848, ""subsample"": 0.9988406075801372, ""subsample_freq"": 1}"
4,1,95,1,0.21471491885202704,0.307361631878182,0.03990313142888291,"{""colsample_bytree"": 0.7248621426953744, ""learning_rate"": 0.027097755115247812, ""max_depth"": 2, ""min_child_samples"": 12, ""num_leaves"": 4, ""reg_lambda"": 0.1697960935371848, ""subsample"": 0.9988406075801372, ""subsample_freq"": 1}"
4,1,96,1,0.4894585496497827,0.4579146066841062,0.11657106258630542,"{""colsample_bytree"": 0.7248621426953744, ""learning_rate"": 0.027097755115247812, ""max_depth"": 2, ""min_child_samples"": 12, ""num_leaves"": 4, ""reg_lambda"": 0.1697960935371848, ""subsample"": 0.9988406075801372, ""subsample_freq"": 1}"
4,1,98,1,0.4935452289834789,0.48793943111578225,0.07147955046372889,"{""colsample_bytree"": 0.7248621426953744, ""learning_rate"": 0.027097755115247812, ""max_depth"": 2, ""min_child_samples"": 12, ""num_leaves"": 4, ""reg_lambda"": 0.1697960935371848, ""subsample"": 0.9988406075801372, ""subsample_freq"": 1}"
4,1,103,1,0.36328700207522935,0.39394555280694854,0.10437481101720902,"{""colsample_bytree"": 0.7248621426953744, ""learning_rate"": 0.027097755115247812, ""max_depth"": 2, ""min_child_samples"": 12, ""num_leaves"": 4, ""reg_lambda"": 0.1697960935371848, ""subsample"": 0.9988406075801372, ""subsample_freq"": 1}"
4,1,104,1,0.24765730510556483,0.28454380762052134,0.07427540819826611,"{""colsample_bytree"": 0.7248621426953744, ""learning_rate"": 0.027097755115247812, ""max_depth"": 2, ""min_child_samples"": 12, ""num_leaves"": 4, ""reg_lambda"": 0.1697960935371848, ""subsample"": 0.9988406075801372, ""subsample_freq"": 1}"
4,1,110,1,0.13052579386152244,0.20128715242564255,0.05054952663749936,"{""colsample_bytree"": 0.7248621426953744, ""learning_rate"": 0.027097755115247812, ""max_depth"": 2, ""min_child_samples"": 12, ""num_leaves"": 4, ""reg_lambda"": 0.1697960935371848, ""subsample"": 0.9988406075801372, ""subsample_freq"": 1}"
4,1,117,1,0.5436746172055046,0.5625586986845713,0.07992802576370407,"{""colsample_bytree"": 0.7248621426953744, ""learning_rate"": 0.027097755115247812, ""max_depth"": 2, ""min_child_samples"": 12, ""num_leaves"": 4, ""reg_lambda"": 0.1697960935371848, ""subsample"": 0.9988406075801372, ""subsample_freq"": 1}"
4,1,118,0,0.5130648589425667,0.5090571110455419,0.07907191636843738,"{""colsample_bytree"": 0.7248621426953744, ""learning_rate"": 0.027097755115247812, ""max_depth"": 2, ""min_child_samples"": 12, ""num_leaves"": 4, ""reg_lambda"": 0.1697960935371848, ""subsample"": 0.9988406075801372, ""subsample_freq"": 1}"
4,1,124,0,0.2556568922477298,0.3856988885670648,0.11766392497752493,"{""colsample_bytree"": 0.7248621426953744, ""learning_rate"": 0.027097755115247812, ""max_depth"": 2, ""min_child_samples"": 12, ""num_leaves"": 4, ""reg_lambda"": 0.1697960935371848, ""subsample"": 0.9988406075801372, ""subsample_freq"": 1}"
4,1,129,0,0.07375721542612136,0.1390776717986288,0.04946738909866483,"{""colsample_bytree"": 0.7248621426953744, ""learning_rate"": 0.027097755115247812, ""max_depth"": 2, ""min_child_samples"": 12, ""num_leaves"": 4, ""reg_lambda"": 0.1697960935371848, ""subsample"": 0.9988406075801372, ""subsample_freq"": 1}"
4,1,132,0,0.23996684347682226,0.35098061988924684,0.08360133706849845,"{""colsample_bytree"": 0.7248621426953744, ""learning_rate"": 0.027097755115247812, ""max_depth"": 2, ""min_child_samples"": 12, ""num_leaves"": 4, ""reg_lambda"": 0.1697960935371848, ""subsample"": 0.9988406075801372, ""subsample_freq"": 1}"
4,1,139,1,0.574769350805606,0.5294328101466663,0.10334725024522763,"{""colsample_bytree"": 0.7248621426953744, ""learning_rate"": 0.027097755115247812, ""max_depth"": 2, ""min_child_samples"": 12, ""num_leaves"": 4, ""reg_lambda"": 0.1697960935371848, ""subsample"": 0.9988406075801372, ""subsample_freq"": 1}"
4,1,142,1,0.15411863552835572,0.20651809146478445,0.11948260642146455,"{""colsample_bytree"": 0.7248621426953744, ""learning_rate"": 0.027097755115247812, ""max_depth"": 2, ""min_child_samples"": 12, ""num_leaves"": 4, ""reg_lambda"": 0.1697960935371848, ""subsample"": 0.9988406075801372, ""subsample_freq"": 1}"
4,1,144,1,0.2166539465158237,0.3105268036277052,0.09923564766347187,"{""colsample_bytree"": 0.7248621426953744, ""learning_rate"": 0.027097755115247812, ""max_depth"": 2, ""min_child_samples"": 12, ""num_leaves"": 4, ""reg_lambda"": 0.1697960935371848, ""subsample"": 0.9988406075801372, ""subsample_freq"": 1}"
4,1,147,1,0.11882189083825981,0.19159901597532297,0.06032750150732526,"{""colsample_bytree"": 0.7248621426953744, ""learning_rate"": 0.027097755115247812, ""max_depth"": 2, ""min_child_samples"": 12, ""num_leaves"": 4, ""reg_lambda"": 0.1697960935371848, ""subsample"": 0.9988406075801372, ""subsample_freq"": 1}"
4,1,155,1,0.6928290186778253,0.6164961590905693,0.06698333449177206,"{""colsample_bytree"": 0.7248621426953744, ""learning_rate"": 0.027097755115247812, ""max_depth"": 2, ""min_child_samples"": 12, ""num_leaves"": 4, ""reg_lambda"": 0.1697960935371848, ""subsample"": 0.9988406075801372, ""subsample_freq"": 1}"
4,1,159,0,0.5880469831289996,0.5734288023876326,0.09003613789197334,"{""colsample_bytree"": 0.7248621426953744, ""learning_rate"": 0.027097755115247812, ""max_depth"": 2, ""min_child_samples"": 12, ""num_leaves"": 4, ""reg_lambda"": 0.1697960935371848, ""subsample"": 0.9988406075801372, ""subsample_freq"": 1}"
4,1,160,0,0.3862502690400517,0.38608847327138285,0.09146228104283022,"{""colsample_bytree"": 0.7248621426953744, ""learning_rate"": 0.027097755115247812, ""max_depth"": 2, ""min_child_samples"": 12, ""num_leaves"": 4, ""reg_lambda"": 0.1697960935371848, ""subsample"": 0.9988406075801372, ""subsample_freq"": 1}"
4,1,162,0,0.3396603706886673,0.3473143801239124,0.024155193573351857,"{""colsample_bytree"": 0.7248621426953744, ""learning_rate"": 0.027097755115247812, ""max_depth"": 2, ""min_child_samples"": 12, ""num_leaves"": 4, ""reg_lambda"": 0.1697960935371848, ""subsample"": 0.9988406075801372, ""subsample_freq"": 1}"
4,1,164,1,0.6522743084688267,0.617270439029406,0.05429631523350539,"{""colsample_bytree"": 0.7248621426953744, ""learning_rate"": 0.027097755115247812, ""max_depth"": 2, ""min_child_samples"": 12, ""num_leaves"": 4, ""reg_lambda"": 0.1697960935371848, ""subsample"": 0.9988406075801372, ""subsample_freq"": 1}"
4,1,170,0,0.18703189723092647,0.2600604838409255,0.1111660509187857,"{""colsample_bytree"": 0.7248621426953744, ""learning_rate"": 0.027097755115247812, ""max_depth"": 2, ""min_child_samples"": 12, ""num_leaves"": 4, ""reg_lambda"": 0.1697960935371848, ""subsample"": 0.9988406075801372, ""subsample_freq"": 1}"
4,1,174,1,0.5354474228677274,0.5607602079467566,0.11680415625055544,"{""colsample_bytree"": 0.7248621426953744, ""learning_rate"": 0.027097755115247812, ""max_depth"": 2, ""min_child_samples"": 12, ""num_leaves"": 4, ""reg_lambda"": 0.1697960935371848, ""subsample"": 0.9988406075801372, ""subsample_freq"": 1}"
4,1,176,0,0.11464724571090251,0.18961581361883023,0.0595367504940895,"{""colsample_bytree"": 0.7248621426953744, ""learning_rate"": 0.027097755115247812, ""max_depth"": 2, ""min_child_samples"": 12, ""num_leaves"": 4, ""reg_lambda"": 0.1697960935371848, ""subsample"": 0.9988406075801372, ""subsample_freq"": 1}"
4,1,180,0,0.2773707417000198,0.3209094327739494,0.0678164368437301,"{""colsample_bytree"": 0.7248621426953744, ""learning_rate"": 0.027097755115247812, ""max_depth"": 2, ""min_child_samples"": 12, ""num_leaves"": 4, ""reg_lambda"": 0.1697960935371848, ""subsample"": 0.9988406075801372, ""subsample_freq"": 1}"
4,1,183,0,0.49254809613961925,0.5017148274768328,0.09920812124118546,"{""colsample_bytree"": 0.7248621426953744, ""learning_rate"": 0.027097755115247812, ""max_depth"": 2, ""min_child_samples"": 12, ""num_leaves"": 4, ""reg_lambda"": 0.1697960935371848, ""subsample"": 0.9988406075801372, ""subsample_freq"": 1}"
4,1,193,0,0.23737709588416464,0.3309896225337311,0.10457838999114337,"{""colsample_bytree"": 0.7248621426953744, ""learning_rate"": 0.027097755115247812, ""max_depth"": 2, ""min_child_samples"": 12, ""num_leaves"": 4, ""reg_lambda"": 0.1697960935371848, ""subsample"": 0.9988406075801372, ""subsample_freq"": 1}"
4,1,203,0,0.15234873777390112,0.20442322356540482,0.03846255342920787,"{""colsample_bytree"": 0.7248621426953744, ""learning_rate"": 0.027097755115247812, ""max_depth"": 2, ""min_child_samples"": 12, ""num_leaves"": 4, ""reg_lambda"": 0.1697960935371848, ""subsample"": 0.9988406075801372, ""subsample_freq"": 1}"
4,1,204,0,0.1240514142034441,0.2008767022126352,0.08954560286546513,"{""colsample_bytree"": 0.7248621426953744, ""learning_rate"": 0.027097755115247812, ""max_depth"": 2, ""min_child_samples"": 12, ""num_leaves"": 4, ""reg_lambda"": 0.1697960935371848, ""subsample"": 0.9988406075801372, ""subsample_freq"": 1}"
4,1,209,0,0.7590867205562399,0.7246681104129851,0.07842605711519175,"{""colsample_bytree"": 0.7248621426953744, ""learning_rate"": 0.027097755115247812, ""max_depth"": 2, ""min_child_samples"": 12, ""num_leaves"": 4, ""reg_lambda"": 0.1697960935371848, ""subsample"": 0.9988406075801372, ""subsample_freq"": 1}"
4,1,222,1,0.456411563820512,0.4381475380646115,0.0873538211369292,"{""colsample_bytree"": 0.7248621426953744, ""learning_rate"": 0.027097755115247812, ""max_depth"": 2, ""min_child_samples"": 12, ""num_leaves"": 4, ""reg_lambda"": 0.1697960935371848, ""subsample"": 0.9988406075801372, ""subsample_freq"": 1}"
4,1,223,1,0.2949430234895124,0.3069853359206776,0.02670710532479685,"{""colsample_bytree"": 0.7248621426953744, ""learning_rate"": 0.027097755115247812, ""max_depth"": 2, ""min_child_samples"": 12, ""num_leaves"": 4, ""reg_lambda"": 0.1697960935371848, ""subsample"": 0.9988406075801372, ""subsample_freq"": 1}"
4,1,227,1,0.2429344800383005,0.2630493665041016,0.05430190330080862,"{""colsample_bytree"": 0.7248621426953744, ""learning_rate"": 0.027097755115247812, ""max_depth"": 2, ""min_child_samples"": 12, ""num_leaves"": 4, ""reg_lambda"": 0.1697960935371848, ""subsample"": 0.9988406075801372, ""subsample_freq"": 1}"
4,1,228,0,0.4032571855902568,0.44973817040217245,0.043717255699849536,"{""colsample_bytree"": 0.7248621426953744, ""learning_rate"": 0.027097755115247812, ""max_depth"": 2, ""min_child_samples"": 12, ""num_leaves"": 4, ""reg_lambda"": 0.1697960935371848, ""subsample"": 0.9988406075801372, ""subsample_freq"": 1}"
4,1,243,0,0.15022091030543733,0.25324485921198503,0.05033253162199413,"{""colsample_bytree"": 0.7248621426953744, ""learning_rate"": 0.027097755115247812, ""max_depth"": 2, ""min_child_samples"": 12, ""num_leaves"": 4, ""reg_lambda"": 0.1697960935371848, ""subsample"": 0.9988406075801372, ""subsample_freq"": 1}"
4,1,244,1,0.20775840253475694,0.3239408746694765,0.06476325771015541,"{""colsample_bytree"": 0.7248621426953744, ""learning_rate"": 0.027097755115247812, ""max_depth"": 2, ""min_child_samples"": 12, ""num_leaves"": 4, ""reg_lambda"": 0.1697960935371848, ""subsample"": 0.9988406075801372, ""subsample_freq"": 1}"
4,1,253,0,0.278376996708003,0.3648177748250776,0.10683132566141702,"{""colsample_bytree"": 0.7248621426953744, ""learning_rate"": 0.027097755115247812, ""max_depth"": 2, ""min_child_samples"": 12, ""num_leaves"": 4, ""reg_lambda"": 0.1697960935371848, ""subsample"": 0.9988406075801372, ""subsample_freq"": 1}"
4,1,264,0,0.09532086764058331,0.16351000573765698,0.06349333980494798,"{""colsample_bytree"": 0.7248621426953744, ""learning_rate"": 0.027097755115247812, ""max_depth"": 2, ""min_child_samples"": 12, ""num_leaves"": 4, ""reg_lambda"": 0.1697960935371848, ""subsample"": 0.9988406075801372, ""subsample_freq"": 1}"
4,1,269,0,0.5039787014326859,0.4451870326508923,0.04888036538829835,"{""colsample_bytree"": 0.7248621426953744, ""learning_rate"": 0.027097755115247812, ""max_depth"": 2, ""min_child_samples"": 12, ""num_leaves"": 4, ""reg_lambda"": 0.1697960935371848, ""subsample"": 0.9988406075801372, ""subsample_freq"": 1}"
4,1,270,0,0.05441393209150414,0.10758904251814852,0.050056336424483025,"{""colsample_bytree"": 0.7248621426953744, ""learning_rate"": 0.027097755115247812, ""max_depth"": 2, ""min_child_samples"": 12, ""num_leaves"": 4, ""reg_lambda"": 0.1697960935371848, ""subsample"": 0.9988406075801372, ""subsample_freq"": 1}"
4,1,271,0,0.34508878381488556,0.3639186367163634,0.07440114557336189,"{""colsample_bytree"": 0.7248621426953744, ""learning_rate"": 0.027097755115247812, ""max_depth"": 2, ""min_child_samples"": 12, ""num_leaves"": 4, ""reg_lambda"": 0.1697960935371848, ""subsample"": 0.9988406075801372, ""subsample_freq"": 1}"
4,1,272,0,0.3788440101469187,0.48463470541773634,0.11468917661575788,"{""colsample_bytree"": 0.7248621426953744, ""learning_rate"": 0.027097755115247812, ""max_depth"": 2, ""min_child_samples"": 12, ""num_leaves"": 4, ""reg_lambda"": 0.1697960935371848, ""subsample"": 0.9988406075801372, ""subsample_freq"": 1}"
4,1,274,0,0.6216399353143183,0.589704223213093,0.07017959345711176,"{""colsample_bytree"": 0.7248621426953744, ""learning_rate"": 0.027097755115247812, ""max_depth"": 2, ""min_child_samples"": 12, ""num_leaves"": 4, ""reg_lambda"": 0.1697960935371848, ""subsample"": 0.9988406075801372, ""subsample_freq"": 1}"
4,1,291,0,0.14443617517405255,0.19028629796293411,0.05126021710453983,"{""colsample_bytree"": 0.7248621426953744, ""learning_rate"": 0.027097755115247812, ""max_depth"": 2, ""min_child_samples"": 12, ""num_leaves"": 4, ""reg_lambda"": 0.1697960935371848, ""subsample"": 0.9988406075801372, ""subsample_freq"": 1}"
4,1,297,0,0.06940926034731673,0.13914154508619456,0.05115350334387469,"{""colsample_bytree"": 0.7248621426953744, ""learning_rate"": 0.027097755115247812, ""max_depth"": 2, ""min_child_samples"": 12, ""num_leaves"": 4, ""reg_lambda"": 0.1697960935371848, ""subsample"": 0.9988406075801372, ""subsample_freq"": 1}"
4,2,4,0,0.13616630489793755,0.20465434507621225,0.09321551045496596,"{""colsample_bytree"": 0.7288551981699343, ""learning_rate"": 0.07240948797821878, ""max_depth"": 3, ""min_child_samples"": 17, ""num_leaves"": 4, ""reg_lambda"": 16.247474635191566, ""subsample"": 0.9224256474813057, ""subsample_freq"": 1}"
4,2,9,1,0.5389437206856492,0.43778195700025224,0.06230781396747928,"{""colsample_bytree"": 0.7288551981699343, ""learning_rate"": 0.07240948797821878, ""max_depth"": 3, ""min_child_samples"": 17, ""num_leaves"": 4, ""reg_lambda"": 16.247474635191566, ""subsample"": 0.9224256474813057, ""subsample_freq"": 1}"
4,2,13,0,0.44301368832191507,0.47909429513158175,0.0077885882416085005,"{""colsample_bytree"": 0.7288551981699343, ""learning_rate"": 0.07240948797821878, ""max_depth"": 3, ""min_child_samples"": 17, ""num_leaves"": 4, ""reg_lambda"": 16.247474635191566, ""subsample"": 0.9224256474813057, ""subsample_freq"": 1}"
4,2,17,0,0.2896098529045882,0.30209223154098075,0.05423230459423323,"{""colsample_bytree"": 0.7288551981699343, ""learning_rate"": 0.07240948797821878, ""max_depth"": 3, ""min_child_samples"": 17, ""num_leaves"": 4, ""reg_lambda"": 16.247474635191566, ""subsample"": 0.9224256474813057, ""subsample_freq"": 1}"
4,2,18,0,0.6936362892538315,0.6295982073762646,0.0756114223018293,"{""colsample_bytree"": 0.7288551981699343, ""learning_rate"": 0.07240948797821878, ""max_depth"": 3, ""min_child_samples"": 17, ""num_leaves"": 4, ""reg_lambda"": 16.247474635191566, ""subsample"": 0.9224256474813057, ""subsample_freq"": 1}"
4,2,19,1,0.6762042429445512,0.6281069461771219,0.07062304277191908,"{""colsample_bytree"": 0.7288551981699343, ""learning_rate"": 0.07240948797821878, ""max_depth"": 3, ""min_child_samples"": 17, ""num_leaves"": 4, ""reg_lambda"": 16.247474635191566, ""subsample"": 0.9224256474813057, ""subsample_freq"": 1}"
4,2,21,1,0.6262953415386213,0.555139021800368,0.031326109717173395,"{""colsample_bytree"": 0.7288551981699343, ""learning_rate"": 0.07240948797821878, ""max_depth"": 3, ""min_child_samples"": 17, ""num_leaves"": 4, ""reg_lambda"": 16.247474635191566, ""subsample"": 0.9224256474813057, ""subsample_freq"": 1}"
4,2,23,0,0.8080875857756998,0.744562731927932,0.0970391789760893,"{""colsample_bytree"": 0.7288551981699343, ""learning_rate"": 0.07240948797821878, ""max_depth"": 3, ""min_child_samples"": 17, ""num_leaves"": 4, ""reg_lambda"": 16.247474635191566, ""subsample"": 0.9224256474813057, ""subsample_freq"": 1}"
4,2,33,1,0.8306935326490535,0.7015523102584547,0.09863631680461858,"{""colsample_bytree"": 0.7288551981699343, ""learning_rate"": 0.07240948797821878, ""max_depth"": 3, ""min_child_samples"": 17, ""num_leaves"": 4, ""reg_lambda"": 16.247474635191566, ""subsample"": 0.9224256474813057, ""subsample_freq"": 1}"
4,2,34,0,0.20422946851353285,0.2554747237227808,0.07253243209629086,"{""colsample_bytree"": 0.7288551981699343, ""learning_rate"": 0.07240948797821878, ""max_depth"": 3, ""min_child_samples"": 17, ""num_leaves"": 4, ""reg_lambda"": 16.247474635191566, ""subsample"": 0.9224256474813057, ""subsample_freq"": 1}"
4,2,41,0,0.11613812025927055,0.19056075453692636,0.076426002185794,"{""colsample_bytree"": 0.7288551981699343, ""learning_rate"": 0.07240948797821878, ""max_depth"": 3, ""min_child_samples"": 17, ""num_leaves"": 4, ""reg_lambda"": 16.247474635191566, ""subsample"": 0.9224256474813057, ""subsample_freq"": 1}"
4,2,44,0,0.21760932157325524,0.2817332744219347,0.06892147100919482,"{""colsample_bytree"": 0.7288551981699343, ""learning_rate"": 0.07240948797821878, ""max_depth"": 3, ""min_child_samples"": 17, ""num_leaves"": 4, ""reg_lambda"": 16.247474635191566, ""subsample"": 0.9224256474813057, ""subsample_freq"": 1}"
4,2,45,1,0.32925442092326235,0.3775098184199109,0.04665425730844798,"{""colsample_bytree"": 0.7288551981699343, ""learning_rate"": 0.07240948797821878, ""max_depth"": 3, ""min_child_samples"": 17, ""num_leaves"": 4, ""reg_lambda"": 16.247474635191566, ""subsample"": 0.9224256474813057, ""subsample_freq"": 1}"
4,2,47,1,0.6468582720378188,0.5993700471834613,0.07356174815820307,"{""colsample_bytree"": 0.7288551981699343, ""learning_rate"": 0.07240948797821878, ""max_depth"": 3, ""min_child_samples"": 17, ""num_leaves"": 4, ""reg_lambda"": 16.247474635191566, ""subsample"": 0.9224256474813057, ""subsample_freq"": 1}"
4,2,50,1,0.6393139302558896,0.5036817618803788,0.0435320872599183,"{""colsample_bytree"": 0.7288551981699343, ""learning_rate"": 0.07240948797821878, ""max_depth"": 3, ""min_child_samples"": 17, ""num_leaves"": 4, ""reg_lambda"": 16.247474635191566, ""subsample"": 0.9224256474813057, ""subsample_freq"": 1}"
4,2,55,1,0.3225169178473982,0.37584811827252523,0.052949859855211556,"{""colsample_bytree"": 0.7288551981699343, ""learning_rate"": 0.07240948797821878, ""max_depth"": 3, ""min_child_samples"": 17, ""num_leaves"": 4, ""reg_lambda"": 16.247474635191566, ""subsample"": 0.9224256474813057, ""subsample_freq"": 1}"
4,2,71,1,0.7779219419825285,0.680712742911274,0.10465408034222914,"{""colsample_bytree"": 0.7288551981699343, ""learning_rate"": 0.07240948797821878, ""max_depth"": 3, ""min_child_samples"": 17, ""num_leaves"": 4, ""reg_lambda"": 16.247474635191566, ""subsample"": 0.9224256474813057, ""subsample_freq"": 1}"
4,2,75,0,0.23830192121945823,0.26633191575187193,0.04243884018167002,"{""colsample_bytree"": 0.7288551981699343, ""learning_rate"": 0.07240948797821878, ""max_depth"": 3, ""min_child_samples"": 17, ""num_leaves"": 4, ""reg_lambda"": 16.247474635191566, ""subsample"": 0.9224256474813057, ""subsample_freq"": 1}"
4,2,76,0,0.6888957716812681,0.5921639388867259,0.07734809048580651,"{""colsample_bytree"": 0.7288551981699343, ""learning_rate"": 0.07240948797821878, ""max_depth"": 3, ""min_child_samples"": 17, ""num_leaves"": 4, ""reg_lambda"": 16.247474635191566, ""subsample"": 0.9224256474813057, ""subsample_freq"": 1}"
4,2,78,1,0.2263048247868753,0.2894552693134459,0.08563798509545746,"{""colsample_bytree"": 0.7288551981699343, ""learning_rate"": 0.07240948797821878, ""max_depth"": 3, ""min_child_samples"": 17, ""num_leaves"": 4, ""reg_lambda"": 16.247474635191566, ""subsample"": 0.9224256474813057, ""subsample_freq"": 1}"
4,2,85,1,0.43654687266268233,0.4158821409619482,0.04852166296316932,"{""colsample_bytree"": 0.7288551981699343, ""learning_rate"": 0.07240948797821878, ""max_depth"": 3, ""min_child_samples"": 17, ""num_leaves"": 4, ""reg_lambda"": 16.247474635191566, ""subsample"": 0.9224256474813057, ""subsample_freq"": 1}"
4,2,89,1,0.5131604190652682,0.46787612708966736,0.09981324316672338,"{""colsample_bytree"": 0.7288551981699343, ""learning_rate"": 0.07240948797821878, ""max_depth"": 3, ""min_child_samples"": 17, ""num_leaves"": 4, ""reg_lambda"": 16.247474635191566, ""subsample"": 0.9224256474813057, ""subsample_freq"": 1}"
4,2,90,1,0.5004507704726073,0.46957483804364264,0.0707892944884681,"{""colsample_bytree"": 0.7288551981699343, ""learning_rate"": 0.07240948797821878, ""max_depth"": 3, ""min_child_samples"": 17, ""num_leaves"": 4, ""reg_lambda"": 16.247474635191566, ""subsample"": 0.9224256474813057, ""subsample_freq"": 1}"
4,2,92,1,0.7748939138912645,0.6724617061189025,0.08662684235583623,"{""colsample_bytree"": 0.7288551981699343, ""learning_rate"": 0.07240948797821878, ""max_depth"": 3, ""min_child_samples"": 17, ""num_leaves"": 4, ""reg_lambda"": 16.247474635191566, ""subsample"": 0.9224256474813057, ""subsample_freq"": 1}"
4,2,97,1,0.6367910379119546,0.5842131545738434,0.10393182098410603,"{""colsample_bytree"": 0.7288551981699343, ""learning_rate"": 0.07240948797821878, ""max_depth"": 3, ""min_child_samples"": 17, ""num_leaves"": 4, ""reg_lambda"": 16.247474635191566, ""subsample"": 0.9224256474813057, ""subsample_freq"": 1}"
4,2,100,0,0.5064932857209417,0.45557966932548954,0.0201385510861579,"{""colsample_bytree"": 0.7288551981699343, ""learning_rate"": 0.07240948797821878, ""max_depth"": 3, ""min_child_samples"": 17, ""num_leaves"": 4, ""reg_lambda"": 16.247474635191566, ""subsample"": 0.9224256474813057, ""subsample_freq"": 1}"
4,2,105,0,0.1618836753699056,0.22624973346647081,0.09964557968724205,"{""colsample_bytree"": 0.7288551981699343, ""learning_rate"": 0.07240948797821878, ""max_depth"": 3, ""min_child_samples"": 17, ""num_leaves"": 4, ""reg_lambda"": 16.247474635191566, ""subsample"": 0.9224256474813057, ""subsample_freq"": 1}"
4,2,108,0,0.21286795941552691,0.25071243417078865,0.0689614615107439,"{""colsample_bytree"": 0.7288551981699343, ""learning_rate"": 0.07240948797821878, ""max_depth"": 3, ""min_child_samples"": 17, ""num_leaves"": 4, ""reg_lambda"": 16.247474635191566, ""subsample"": 0.9224256474813057, ""subsample_freq"": 1}"
4,2,120,1,0.5816150179513946,0.5207510771492316,0.08364537743190609,"{""colsample_bytree"": 0.7288551981699343, ""learning_rate"": 0.07240948797821878, ""max_depth"": 3, ""min_child_samples"": 17, ""num_leaves"": 4, ""reg_lambda"": 16.247474635191566, ""subsample"": 0.9224256474813057, ""subsample_freq"": 1}"
4,2,122,1,0.7492970438458689,0.6114703430325688,0.06692510860863124,"{""colsample_bytree"": 0.7288551981699343, ""learning_rate"": 0.07240948797821878, ""max_depth"": 3, ""min_child_samples"": 17, ""num_leaves"": 4, ""reg_lambda"": 16.247474635191566, ""subsample"": 0.9224256474813057, ""subsample_freq"": 1}"
4,2,128,0,0.35804466824756487,0.33481785349054205,0.0688780832733256,"{""colsample_bytree"": 0.7288551981699343, ""learning_rate"": 0.07240948797821878, ""max_depth"": 3, ""min_child_samples"": 17, ""num_leaves"": 4, ""reg_lambda"": 16.247474635191566, ""subsample"": 0.9224256474813057, ""subsample_freq"": 1}"
4,2,131,0,0.3301771236972907,0.3826238076327092,0.04840314885020195,"{""colsample_bytree"": 0.7288551981699343, ""learning_rate"": 0.07240948797821878, ""max_depth"": 3, ""min_child_samples"": 17, ""num_leaves"": 4, ""reg_lambda"": 16.247474635191566, ""subsample"": 0.9224256474813057, ""subsample_freq"": 1}"
4,2,138,1,0.4236479207792759,0.43773627744593446,0.059449963033250265,"{""colsample_bytree"": 0.7288551981699343, ""learning_rate"": 0.07240948797821878, ""max_depth"": 3, ""min_child_samples"": 17, ""num_leaves"": 4, ""reg_lambda"": 16.247474635191566, ""subsample"": 0.9224256474813057, ""subsample_freq"": 1}"
4,2,146,0,0.7544571139901197,0.6242542911793016,0.08440329486432001,"{""colsample_bytree"": 0.7288551981699343, ""learning_rate"": 0.07240948797821878, ""max_depth"": 3, ""min_child_samples"": 17, ""num_leaves"": 4, ""reg_lambda"": 16.247474635191566, ""subsample"": 0.9224256474813057, ""subsample_freq"": 1}"
4,2,148,1,0.49369130357641616,0.4647145829545384,0.06694245090871054,"{""colsample_bytree"": 0.7288551981699343, ""learning_rate"": 0.07240948797821878, ""max_depth"": 3, ""min_child_samples"": 17, ""num_leaves"": 4, ""reg_lambda"": 16.247474635191566, ""subsample"": 0.9224256474813057, ""subsample_freq"": 1}"
4,2,165,0,0.7762494927778059,0.6698404447742508,0.09041339388128898,"{""colsample_bytree"": 0.7288551981699343, ""learning_rate"": 0.07240948797821878, ""max_depth"": 3, ""min_child_samples"": 17, ""num_leaves"": 4, ""reg_lambda"": 16.247474635191566, ""subsample"": 0.9224256474813057, ""subsample_freq"": 1}"
4,2,168,0,0.04247677555954313,0.11300013745985756,0.07876190558879057,"{""colsample_bytree"": 0.7288551981699343, ""learning_rate"": 0.07240948797821878, ""max_depth"": 3, ""min_child_samples"": 17, ""num_leaves"": 4, ""reg_lambda"": 16.247474635191566, ""subsample"": 0.9224256474813057, ""subsample_freq"": 1}"
4,2,188,0,0.12233993657764684,0.20036220602371507,0.06490463685382739,"{""colsample_bytree"": 0.7288551981699343, ""learning_rate"": 0.07240948797821878, ""max_depth"": 3, ""min_child_samples"": 17, ""num_leaves"": 4, ""reg_lambda"": 16.247474635191566, ""subsample"": 0.9224256474813057, ""subsample_freq"": 1}"
4,2,196,0,0.2614500411579611,0.3145586819999472,0.05830950918844415,"{""colsample_bytree"": 0.7288551981699343, ""learning_rate"": 0.07240948797821878, ""max_depth"": 3, ""min_child_samples"": 17, ""num_leaves"": 4, ""reg_lambda"": 16.247474635191566, ""subsample"": 0.9224256474813057, ""subsample_freq"": 1}"
4,2,199,0,0.1353516247387184,0.2361617711763812,0.0547043804371471,"{""colsample_bytree"": 0.7288551981699343, ""learning_rate"": 0.07240948797821878, ""max_depth"": 3, ""min_child_samples"": 17, ""num_leaves"": 4, ""reg_lambda"": 16.247474635191566, ""subsample"": 0.9224256474813057, ""subsample_freq"": 1}"
4,2,200,0,0.3968235051266784,0.46588748256740553,0.13289911089245868,"{""colsample_bytree"": 0.7288551981699343, ""learning_rate"": 0.07240948797821878, ""max_depth"": 3, ""min_child_samples"": 17, ""num_leaves"": 4, ""reg_lambda"": 16.247474635191566, ""subsample"": 0.9224256474813057, ""subsample_freq"": 1}"
4,2,201,0,0.3681657475102798,0.3679408741197442,0.04789533034213927,"{""colsample_bytree"": 0.7288551981699343, ""learning_rate"": 0.07240948797821878, ""max_depth"": 3, ""min_child_samples"": 17, ""num_leaves"": 4, ""reg_lambda"": 16.247474635191566, ""subsample"": 0.9224256474813057, ""subsample_freq"": 1}"
4,2,205,0,0.1437172750189953,0.2152014923486711,0.062026369538771824,"{""colsample_bytree"": 0.7288551981699343, ""learning_rate"": 0.07240948797821878, ""max_depth"": 3, ""min_child_samples"": 17, ""num_leaves"": 4, ""reg_lambda"": 16.247474635191566, ""subsample"": 0.9224256474813057, ""subsample_freq"": 1}"
4,2,208,0,0.3548297232682242,0.3489537648080988,0.06165675708165355,"{""colsample_bytree"": 0.7288551981699343, ""learning_rate"": 0.07240948797821878, ""max_depth"": 3, ""min_child_samples"": 17, ""num_leaves"": 4, ""reg_lambda"": 16.247474635191566, ""subsample"": 0.9224256474813057, ""subsample_freq"": 1}"
4,2,219,1,0.1609698748236998,0.22573677215564175,0.06656315409615057,"{""colsample_bytree"": 0.7288551981699343, ""learning_rate"": 0.07240948797821878, ""max_depth"": 3, ""min_child_samples"": 17, ""num_leaves"": 4, ""reg_lambda"": 16.247474635191566, ""subsample"": 0.9224256474813057, ""subsample_freq"": 1}"
4,2,224,0,0.5249238739105883,0.5217037548212016,0.06913068562356821,"{""colsample_bytree"": 0.7288551981699343, ""learning_rate"": 0.07240948797821878, ""max_depth"": 3, ""min_child_samples"": 17, ""num_leaves"": 4, ""reg_lambda"": 16.247474635191566, ""subsample"": 0.9224256474813057, ""subsample_freq"": 1}"
4,2,229,1,0.22230339025458154,0.2861793145431754,0.059480379275248095,"{""colsample_bytree"": 0.7288551981699343, ""learning_rate"": 0.07240948797821878, ""max_depth"": 3, ""min_child_samples"": 17, ""num_leaves"": 4, ""reg_lambda"": 16.247474635191566, ""subsample"": 0.9224256474813057, ""subsample_freq"": 1}"
4,2,233,0,0.2993137700141069,0.35851311340911085,0.06930865532959288,"{""colsample_bytree"": 0.7288551981699343, ""learning_rate"": 0.07240948797821878, ""max_depth"": 3, ""min_child_samples"": 17, ""num_leaves"": 4, ""reg_lambda"": 16.247474635191566, ""subsample"": 0.9224256474813057, ""subsample_freq"": 1}"
4,2,240,0,0.8152155352722216,0.6757810469895245,0.09448644018032748,"{""colsample_bytree"": 0.7288551981699343, ""learning_rate"": 0.07240948797821878, ""max_depth"": 3, ""min_child_samples"": 17, ""num_leaves"": 4, ""reg_lambda"": 16.247474635191566, ""subsample"": 0.9224256474813057, ""subsample_freq"": 1}"
4,2,245,1,0.5373369751693107,0.4728230545033102,0.06183943231894264,"{""colsample_bytree"": 0.7288551981699343, ""learning_rate"": 0.07240948797821878, ""max_depth"": 3, ""min_child_samples"": 17, ""num_leaves"": 4, ""reg_lambda"": 16.247474635191566, ""subsample"": 0.9224256474813057, ""subsample_freq"": 1}"
4,2,246,1,0.749156871965761,0.6386394587346688,0.09222148153199362,"{""colsample_bytree"": 0.7288551981699343, ""learning_rate"": 0.07240948797821878, ""max_depth"": 3, ""min_child_samples"": 17, ""num_leaves"": 4, ""reg_lambda"": 16.247474635191566, ""subsample"": 0.9224256474813057, ""subsample_freq"": 1}"
4,2,256,0,0.13504713879175373,0.201585288960093,0.0648446053149244,"{""colsample_bytree"": 0.7288551981699343, ""learning_rate"": 0.07240948797821878, ""max_depth"": 3, ""min_child_samples"": 17, ""num_leaves"": 4, ""reg_lambda"": 16.247474635191566, ""subsample"": 0.9224256474813057, ""subsample_freq"": 1}"
4,2,257,0,0.06949654671863471,0.15251139452465984,0.10486214897834101,"{""colsample_bytree"": 0.7288551981699343, ""learning_rate"": 0.07240948797821878, ""max_depth"": 3, ""min_child_samples"": 17, ""num_leaves"": 4, ""reg_lambda"": 16.247474635191566, ""subsample"": 0.9224256474813057, ""subsample_freq"": 1}"
4,2,258,0,0.341843114728975,0.38233984724042097,0.037156692253496305,"{""colsample_bytree"": 0.7288551981699343, ""learning_rate"": 0.07240948797821878, ""max_depth"": 3, ""min_child_samples"": 17, ""num_leaves"": 4, ""reg_lambda"": 16.247474635191566, ""subsample"": 0.9224256474813057, ""subsample_freq"": 1}"
4,2,262,0,0.2807762365886067,0.31142196688352164,0.07186955743695644,"{""colsample_bytree"": 0.7288551981699343, ""learning_rate"": 0.07240948797821878, ""max_depth"": 3, ""min_child_samples"": 17, ""num_leaves"": 4, ""reg_lambda"": 16.247474635191566, ""subsample"": 0.9224256474813057, ""subsample_freq"": 1}"
4,2,263,0,0.05726103974142526,0.11910935242821882,0.09106758353118667,"{""colsample_bytree"": 0.7288551981699343, ""learning_rate"": 0.07240948797821878, ""max_depth"": 3, ""min_child_samples"": 17, ""num_leaves"": 4, ""reg_lambda"": 16.247474635191566, ""subsample"": 0.9224256474813057, ""subsample_freq"": 1}"
4,2,276,0,0.1054192129576727,0.2001832801699929,0.08947072342862862,"{""colsample_bytree"": 0.7288551981699343, ""learning_rate"": 0.07240948797821878, ""max_depth"": 3, ""min_child_samples"": 17, ""num_leaves"": 4, ""reg_lambda"": 16.247474635191566, ""subsample"": 0.9224256474813057, ""subsample_freq"": 1}"
4,2,282,0,0.5102578314193065,0.46762887498504047,0.07963583931052273,"{""colsample_bytree"": 0.7288551981699343, ""learning_rate"": 0.07240948797821878, ""max_depth"": 3, ""min_child_samples"": 17, ""num_leaves"": 4, ""reg_lambda"": 16.247474635191566, ""subsample"": 0.9224256474813057, ""subsample_freq"": 1}"
4,2,285,0,0.16081238891191357,0.22321625559737807,0.08541465700206195,"{""colsample_bytree"": 0.7288551981699343, ""learning_rate"": 0.07240948797821878, ""max_depth"": 3, ""min_child_samples"": 17, ""num_leaves"": 4, ""reg_lambda"": 16.247474635191566, ""subsample"": 0.9224256474813057, ""subsample_freq"": 1}"
4,2,290,0,0.19234655791344696,0.2499588516584991,0.06829537250451165,"{""colsample_bytree"": 0.7288551981699343, ""learning_rate"": 0.07240948797821878, ""max_depth"": 3, ""min_child_samples"": 17, ""num_leaves"": 4, ""reg_lambda"": 16.247474635191566, ""subsample"": 0.9224256474813057, ""subsample_freq"": 1}"
4,2,294,1,0.1522186397952502,0.251789742756912,0.0790465691457385,"{""colsample_bytree"": 0.7288551981699343, ""learning_rate"": 0.07240948797821878, ""max_depth"": 3, ""min_child_samples"": 17, ""num_leaves"": 4, ""reg_lambda"": 16.247474635191566, ""subsample"": 0.9224256474813057, ""subsample_freq"": 1}"
4,3,6,0,0.3242402148697659,0.32351448542814765,0.14182820806979143,"{""colsample_bytree"": 0.8512652125039295, ""learning_rate"": 0.037698500940862266, ""max_depth"": 2, ""min_child_samples"": 10, ""num_leaves"": 9, ""reg_lambda"": 0.6718214798781978, ""subsample"": 0.7561897708947284, ""subsample_freq"": 1}"
4,3,11,1,0.369820398356091,0.41014871274121,0.08584938425486033,"{""colsample_bytree"": 0.8512652125039295, ""learning_rate"": 0.037698500940862266, ""max_depth"": 2, ""min_child_samples"": 10, ""num_leaves"": 9, ""reg_lambda"": 0.6718214798781978, ""subsample"": 0.7561897708947284, ""subsample_freq"": 1}"
4,3,14,0,0.37492730089299103,0.3557497440090236,0.07319897684079639,"{""colsample_bytree"": 0.8512652125039295, ""learning_rate"": 0.037698500940862266, ""max_depth"": 2, ""min_child_samples"": 10, ""num_leaves"": 9, ""reg_lambda"": 0.6718214798781978, ""subsample"": 0.7561897708947284, ""subsample_freq"": 1}"
4,3,16,0,0.13477451861841716,0.2557836168899319,0.059055385515242066,"{""colsample_bytree"": 0.8512652125039295, ""learning_rate"": 0.037698500940862266, ""max_depth"": 2, ""min_child_samples"": 10, ""num_leaves"": 9, ""reg_lambda"": 0.6718214798781978, ""subsample"": 0.7561897708947284, ""subsample_freq"": 1}"
4,3,22,1,0.5093773413636803,0.5117169398319653,0.09597438863686739,"{""colsample_bytree"": 0.8512652125039295, ""learning_rate"": 0.037698500940862266, ""max_depth"": 2, ""min_child_samples"": 10, ""num_leaves"": 9, ""reg_lambda"": 0.6718214798781978, ""subsample"": 0.7561897708947284, ""subsample_freq"": 1}"
4,3,24,0,0.26975747011703094,0.3601844124883871,0.04807958464233609,"{""colsample_bytree"": 0.8512652125039295, ""learning_rate"": 0.037698500940862266, ""max_depth"": 2, ""min_child_samples"": 10, ""num_leaves"": 9, ""reg_lambda"": 0.6718214798781978, ""subsample"": 0.7561897708947284, ""subsample_freq"": 1}"
4,3,30,0,0.6813511973889189,0.5519504114603566,0.05779272977020462,"{""colsample_bytree"": 0.8512652125039295, ""learning_rate"": 0.037698500940862266, ""max_depth"": 2, ""min_child_samples"": 10, ""num_leaves"": 9, ""reg_lambda"": 0.6718214798781978, ""subsample"": 0.7561897708947284, ""subsample_freq"": 1}"
4,3,36,1,0.49832255718353285,0.4549686012946495,0.06748577697273166,"{""colsample_bytree"": 0.8512652125039295, ""learning_rate"": 0.037698500940862266, ""max_depth"": 2, ""min_child_samples"": 10, ""num_leaves"": 9, ""reg_lambda"": 0.6718214798781978, ""subsample"": 0.7561897708947284, ""subsample_freq"": 1}"
4,3,38,0,0.40609007246465045,0.4587190221761122,0.13489381833571906,"{""colsample_bytree"": 0.8512652125039295, ""learning_rate"": 0.037698500940862266, ""max_depth"": 2, ""min_child_samples"": 10, ""num_leaves"": 9, ""reg_lambda"": 0.6718214798781978, ""subsample"": 0.7561897708947284, ""subsample_freq"": 1}"
4,3,46,1,0.11812527218410183,0.20511033354009514,0.09119875183762995,"{""colsample_bytree"": 0.8512652125039295, ""learning_rate"": 0.037698500940862266, ""max_depth"": 2, ""min_child_samples"": 10, ""num_leaves"": 9, ""reg_lambda"": 0.6718214798781978, ""subsample"": 0.7561897708947284, ""subsample_freq"": 1}"
4,3,51,1,0.4790957687347144,0.5071436564158305,0.036532994473618484,"{""colsample_bytree"": 0.8512652125039295, ""learning_rate"": 0.037698500940862266, ""max_depth"": 2, ""min_child_samples"": 10, ""num_leaves"": 9, ""reg_lambda"": 0.6718214798781978, ""subsample"": 0.7561897708947284, ""subsample_freq"": 1}"
4,3,57,1,0.5392362169240625,0.5061527964113721,0.050839465640480995,"{""colsample_bytree"": 0.8512652125039295, ""learning_rate"": 0.037698500940862266, ""max_depth"": 2, ""min_child_samples"": 10, ""num_leaves"": 9, ""reg_lambda"": 0.6718214798781978, ""subsample"": 0.7561897708947284, ""subsample_freq"": 1}"
4,3,61,0,0.20395956955298436,0.29000646035386435,0.051496374023066734,"{""colsample_bytree"": 0.8512652125039295, ""learning_rate"": 0.037698500940862266, ""max_depth"": 2, ""min_child_samples"": 10, ""num_leaves"": 9, ""reg_lambda"": 0.6718214798781978, ""subsample"": 0.7561897708947284, ""subsample_freq"": 1}"
4,3,62,0,0.16679923110833947,0.22892114584036466,0.053614254837089495,"{""colsample_bytree"": 0.8512652125039295, ""learning_rate"": 0.037698500940862266, ""max_depth"": 2, ""min_child_samples"": 10, ""num_leaves"": 9, ""reg_lambda"": 0.6718214798781978, ""subsample"": 0.7561897708947284, ""subsample_freq"": 1}"
4,3,65,1,0.1676287155181961,0.2628151182582599,0.10606106770787092,"{""colsample_bytree"": 0.8512652125039295, ""learning_rate"": 0.037698500940862266, ""max_depth"": 2, ""min_child_samples"": 10, ""num_leaves"": 9, ""reg_lambda"": 0.6718214798781978, ""subsample"": 0.7561897708947284, ""subsample_freq"": 1}"
4,3,67,0,0.25859523581647587,0.3078659203388384,0.09646779109718963,"{""colsample_bytree"": 0.8512652125039295, ""learning_rate"": 0.037698500940862266, ""max_depth"": 2, ""min_child_samples"": 10, ""num_leaves"": 9, ""reg_lambda"": 0.6718214798781978, ""subsample"": 0.7561897708947284, ""subsample_freq"": 1}"
4,3,68,0,0.1577964655226802,0.23049081198577115,0.06803926631156768,"{""colsample_bytree"": 0.8512652125039295, ""learning_rate"": 0.037698500940862266, ""max_depth"": 2, ""min_child_samples"": 10, ""num_leaves"": 9, ""reg_lambda"": 0.6718214798781978, ""subsample"": 0.7561897708947284, ""subsample_freq"": 1}"
4,3,69,1,0.7543497186539811,0.6161183574320032,0.09002235905772484,"{""colsample_bytree"": 0.8512652125039295, ""learning_rate"": 0.037698500940862266, ""max_depth"": 2, ""min_child_samples"": 10, ""num_leaves"": 9, ""reg_lambda"": 0.6718214798781978, ""subsample"": 0.7561897708947284, ""subsample_freq"": 1}"
4,3,72,0,0.36723120027641715,0.37602804701414383,0.04814211716066131,"{""colsample_bytree"": 0.8512652125039295, ""learning_rate"": 0.037698500940862266, ""max_depth"": 2, ""min_child_samples"": 10, ""num_leaves"": 9, ""reg_lambda"": 0.6718214798781978, ""subsample"": 0.7561897708947284, ""subsample_freq"": 1}"
4,3,73,0,0.29999177195211846,0.3376479360873212,0.09349836271664815,"{""colsample_bytree"": 0.8512652125039295, ""learning_rate"": 0.037698500940862266, ""max_depth"": 2, ""min_child_samples"": 10, ""num_leaves"": 9, ""reg_lambda"": 0.6718214798781978, ""subsample"": 0.7561897708947284, ""subsample_freq"": 1}"
4,3,84,0,0.428467834665373,0.38167295947667645,0.08860438979438266,"{""colsample_bytree"": 0.8512652125039295, ""learning_rate"": 0.037698500940862266, ""max_depth"": 2, ""min_child_samples"": 10, ""num_leaves"": 9, ""reg_lambda"": 0.6718214798781978, ""subsample"": 0.7561897708947284, ""subsample_freq"": 1}"
4,3,107,1,0.31811161089460527,0.35311390783969276,0.06821738048813919,"{""colsample_bytree"": 0.8512652125039295, ""learning_rate"": 0.037698500940862266, ""max_depth"": 2, ""min_child_samples"": 10, ""num_leaves"": 9, ""reg_lambda"": 0.6718214798781978, ""subsample"": 0.7561897708947284, ""subsample_freq"": 1}"
4,3,109,1,0.21572679932766883,0.3634361127413921,0.06445356826736805,"{""colsample_bytree"": 0.8512652125039295, ""learning_rate"": 0.037698500940862266, ""max_depth"": 2, ""min_child_samples"": 10, ""num_leaves"": 9, ""reg_lambda"": 0.6718214798781978, ""subsample"": 0.7561897708947284, ""subsample_freq"": 1}"
4,3,111,1,0.6139628274545484,0.5498039110691596,0.06653930220387357,"{""colsample_bytree"": 0.8512652125039295, ""learning_rate"": 0.037698500940862266, ""max_depth"": 2, ""min_child_samples"": 10, ""num_leaves"": 9, ""reg_lambda"": 0.6718214798781978, ""subsample"": 0.7561897708947284, ""subsample_freq"": 1}"
4,3,126,0,0.7246442272709162,0.6737216555343215,0.06200358329188863,"{""colsample_bytree"": 0.8512652125039295, ""learning_rate"": 0.037698500940862266, ""max_depth"": 2, ""min_child_samples"": 10, ""num_leaves"": 9, ""reg_lambda"": 0.6718214798781978, ""subsample"": 0.7561897708947284, ""subsample_freq"": 1}"
4,3,127,0,0.8232230831515494,0.7271647819882371,0.06547613784412147,"{""colsample_bytree"": 0.8512652125039295, ""learning_rate"": 0.037698500940862266, ""max_depth"": 2, ""min_child_samples"": 10, ""num_leaves"": 9, ""reg_lambda"": 0.6718214798781978, ""subsample"": 0.7561897708947284, ""subsample_freq"": 1}"
4,3,135,0,0.37471174848251154,0.3617951899576186,0.13747160692221105,"{""colsample_bytree"": 0.8512652125039295, ""learning_rate"": 0.037698500940862266, ""max_depth"": 2, ""min_child_samples"": 10, ""num_leaves"": 9, ""reg_lambda"": 0.6718214798781978, ""subsample"": 0.7561897708947284, ""subsample_freq"": 1}"
4,3,136,0,0.05394741991907549,0.1369690925505156,0.04017449435476809,"{""colsample_bytree"": 0.8512652125039295, ""learning_rate"": 0.037698500940862266, ""max_depth"": 2, ""min_child_samples"": 10, ""num_leaves"": 9, ""reg_lambda"": 0.6718214798781978, ""subsample"": 0.7561897708947284, ""subsample_freq"": 1}"
4,3,154,0,0.24928650828665788,0.311841098467187,0.08346866760486538,"{""colsample_bytree"": 0.8512652125039295, ""learning_rate"": 0.037698500940862266, ""max_depth"": 2, ""min_child_samples"": 10, ""num_leaves"": 9, ""reg_lambda"": 0.6718214798781978, ""subsample"": 0.7561897708947284, ""subsample_freq"": 1}"
4,3,157,1,0.17166708310495296,0.2978465609349559,0.06253588426117795,"{""colsample_bytree"": 0.8512652125039295, ""learning_rate"": 0.037698500940862266, ""max_depth"": 2, ""min_child_samples"": 10, ""num_leaves"": 9, ""reg_lambda"": 0.6718214798781978, ""subsample"": 0.7561897708947284, ""subsample_freq"": 1}"
4,3,166,0,0.08357527317691649,0.16120470496544637,0.06863524278679699,"{""colsample_bytree"": 0.8512652125039295, ""learning_rate"": 0.037698500940862266, ""max_depth"": 2, ""min_child_samples"": 10, ""num_leaves"": 9, ""reg_lambda"": 0.6718214798781978, ""subsample"": 0.7561897708947284, ""subsample_freq"": 1}"
4,3,169,0,0.12102932040901615,0.17130084676824991,0.03340399344974647,"{""colsample_bytree"": 0.8512652125039295, ""learning_rate"": 0.037698500940862266, ""max_depth"": 2, ""min_child_samples"": 10, ""num_leaves"": 9, ""reg_lambda"": 0.6718214798781978, ""subsample"": 0.7561897708947284, ""subsample_freq"": 1}"
4,3,181,1,0.3030605694217124,0.5108277485793394,0.10954151789999728,"{""colsample_bytree"": 0.8512652125039295, ""learning_rate"": 0.037698500940862266, ""max_depth"": 2, ""min_child_samples"": 10, ""num_leaves"": 9, ""reg_lambda"": 0.6718214798781978, ""subsample"": 0.7561897708947284, ""subsample_freq"": 1}"
4,3,185,0,0.15164134467575935,0.27871338871308565,0.028755978173301087,"{""colsample_bytree"": 0.8512652125039295, ""learning_rate"": 0.037698500940862266, ""max_depth"": 2, ""min_child_samples"": 10, ""num_leaves"": 9, ""reg_lambda"": 0.6718214798781978, ""subsample"": 0.7561897708947284, ""subsample_freq"": 1}"
4,3,187,1,0.3087327210131125,0.37466863784193544,0.039430125070851925,"{""colsample_bytree"": 0.8512652125039295, ""learning_rate"": 0.037698500940862266, ""max_depth"": 2, ""min_child_samples"": 10, ""num_leaves"": 9, ""reg_lambda"": 0.6718214798781978, ""subsample"": 0.7561897708947284, ""subsample_freq"": 1}"
4,3,189,1,0.6112442219926539,0.5974873300096861,0.043992772772356366,"{""colsample_bytree"": 0.8512652125039295, ""learning_rate"": 0.037698500940862266, ""max_depth"": 2, ""min_child_samples"": 10, ""num_leaves"": 9, ""reg_lambda"": 0.6718214798781978, ""subsample"": 0.7561897708947284, ""subsample_freq"": 1}"
4,3,195,0,0.43124822132899887,0.4604325283491799,0.06683266118991502,"{""colsample_bytree"": 0.8512652125039295, ""learning_rate"": 0.037698500940862266, ""max_depth"": 2, ""min_child_samples"": 10, ""num_leaves"": 9, ""reg_lambda"": 0.6718214798781978, ""subsample"": 0.7561897708947284, ""subsample_freq"": 1}"
4,3,214,0,0.5938938043557209,0.4907538290077941,0.0547938397174749,"{""colsample_bytree"": 0.8512652125039295, ""learning_rate"": 0.037698500940862266, ""max_depth"": 2, ""min_child_samples"": 10, ""num_leaves"": 9, ""reg_lambda"": 0.6718214798781978, ""subsample"": 0.7561897708947284, ""subsample_freq"": 1}"
4,3,218,0,0.12596096591732245,0.25344120381231056,0.08347791670240307,"{""colsample_bytree"": 0.8512652125039295, ""learning_rate"": 0.037698500940862266, ""max_depth"": 2, ""min_child_samples"": 10, ""num_leaves"": 9, ""reg_lambda"": 0.6718214798781978, ""subsample"": 0.7561897708947284, ""subsample_freq"": 1}"
4,3,236,1,0.15661394830807,0.21015181257839513,0.05818719653200098,"{""colsample_bytree"": 0.8512652125039295, ""learning_rate"": 0.037698500940862266, ""max_depth"": 2, ""min_child_samples"": 10, ""num_leaves"": 9, ""reg_lambda"": 0.6718214798781978, ""subsample"": 0.7561897708947284, ""subsample_freq"": 1}"
4,3,238,0,0.18899589726403945,0.21465025569535254,0.0695912690122021,"{""colsample_bytree"": 0.8512652125039295, ""learning_rate"": 0.037698500940862266, ""max_depth"": 2, ""min_child_samples"": 10, ""num_leaves"": 9, ""reg_lambda"": 0.6718214798781978, ""subsample"": 0.7561897708947284, ""subsample_freq"": 1}"
4,3,239,0,0.26601856527582474,0.38638679473576465,0.07611806902079851,"{""colsample_bytree"": 0.8512652125039295, ""learning_rate"": 0.037698500940862266, ""max_depth"": 2, ""min_child_samples"": 10, ""num_leaves"": 9, ""reg_lambda"": 0.6718214798781978, ""subsample"": 0.7561897708947284, ""subsample_freq"": 1}"
4,3,241,1,0.3685944099062348,0.34817705384804815,0.029210112930473105,"{""colsample_bytree"": 0.8512652125039295, ""learning_rate"": 0.037698500940862266, ""max_depth"": 2, ""min_child_samples"": 10, ""num_leaves"": 9, ""reg_lambda"": 0.6718214798781978, ""subsample"": 0.7561897708947284, ""subsample_freq"": 1}"
4,3,242,0,0.5373488303131352,0.4236087820042044,0.0595884942579088,"{""colsample_bytree"": 0.8512652125039295, ""learning_rate"": 0.037698500940862266, ""max_depth"": 2, ""min_child_samples"": 10, ""num_leaves"": 9, ""reg_lambda"": 0.6718214798781978, ""subsample"": 0.7561897708947284, ""subsample_freq"": 1}"
4,3,251,0,0.14192991881579875,0.2103642056025869,0.03813326137663214,"{""colsample_bytree"": 0.8512652125039295, ""learning_rate"": 0.037698500940862266, ""max_depth"": 2, ""min_child_samples"": 10, ""num_leaves"": 9, ""reg_lambda"": 0.6718214798781978, ""subsample"": 0.7561897708947284, ""subsample_freq"": 1}"
4,3,252,0,0.3352714141915466,0.3381821312280101,0.07406180147577436,"{""colsample_bytree"": 0.8512652125039295, ""learning_rate"": 0.037698500940862266, ""max_depth"": 2, ""min_child_samples"": 10, ""num_leaves"": 9, ""reg_lambda"": 0.6718214798781978, ""subsample"": 0.7561897708947284, ""subsample_freq"": 1}"
4,3,254,0,0.19755958179497413,0.21091830441143933,0.03932804501984625,"{""colsample_bytree"": 0.8512652125039295, ""learning_rate"": 0.037698500940862266, ""max_depth"": 2, ""min_child_samples"": 10, ""num_leaves"": 9, ""reg_lambda"": 0.6718214798781978, ""subsample"": 0.7561897708947284, ""subsample_freq"": 1}"
4,3,260,1,0.3843845592573915,0.5124313159870262,0.08001150439710182,"{""colsample_bytree"": 0.8512652125039295, ""learning_rate"": 0.037698500940862266, ""max_depth"": 2, ""min_child_samples"": 10, ""num_leaves"": 9, ""reg_lambda"": 0.6718214798781978, ""subsample"": 0.7561897708947284, ""subsample_freq"": 1}"
4,3,265,1,0.47821947659943703,0.435555596000052,0.0691446216927712,"{""colsample_bytree"": 0.8512652125039295, ""learning_rate"": 0.037698500940862266, ""max_depth"": 2, ""min_child_samples"": 10, ""num_leaves"": 9, ""reg_lambda"": 0.6718214798781978, ""subsample"": 0.7561897708947284, ""subsample_freq"": 1}"
4,3,267,1,0.36698229373025565,0.5048534813021386,0.10719098084229953,"{""colsample_bytree"": 0.8512652125039295, ""learning_rate"": 0.037698500940862266, ""max_depth"": 2, ""min_child_samples"": 10, ""num_leaves"": 9, ""reg_lambda"": 0.6718214798781978, ""subsample"": 0.7561897708947284, ""subsample_freq"": 1}"
4,3,277,0,0.2657416163808657,0.3105030746847812,0.03238791138261634,"{""colsample_bytree"": 0.8512652125039295, ""learning_rate"": 0.037698500940862266, ""max_depth"": 2, ""min_child_samples"": 10, ""num_leaves"": 9, ""reg_lambda"": 0.6718214798781978, ""subsample"": 0.7561897708947284, ""subsample_freq"": 1}"
4,3,279,1,0.3782650607964002,0.3862202350079095,0.05240146436959401,"{""colsample_bytree"": 0.8512652125039295, ""learning_rate"": 0.037698500940862266, ""max_depth"": 2, ""min_child_samples"": 10, ""num_leaves"": 9, ""reg_lambda"": 0.6718214798781978, ""subsample"": 0.7561897708947284, ""subsample_freq"": 1}"
4,3,281,1,0.3672287938767185,0.4411512195837089,0.07517955245706752,"{""colsample_bytree"": 0.8512652125039295, ""learning_rate"": 0.037698500940862266, ""max_depth"": 2, ""min_child_samples"": 10, ""num_leaves"": 9, ""reg_lambda"": 0.6718214798781978, ""subsample"": 0.7561897708947284, ""subsample_freq"": 1}"
4,3,283,0,0.13778047328580229,0.20549186686847717,0.06936057086905333,"{""colsample_bytree"": 0.8512652125039295, ""learning_rate"": 0.037698500940862266, ""max_depth"": 2, ""min_child_samples"": 10, ""num_leaves"": 9, ""reg_lambda"": 0.6718214798781978, ""subsample"": 0.7561897708947284, ""subsample_freq"": 1}"
4,3,288,1,0.22264665612442855,0.2541782325857146,0.021717763275009922,"{""colsample_bytree"": 0.8512652125039295, ""learning_rate"": 0.037698500940862266, ""max_depth"": 2, ""min_child_samples"": 10, ""num_leaves"": 9, ""reg_lambda"": 0.6718214798781978, ""subsample"": 0.7561897708947284, ""subsample_freq"": 1}"
4,3,289,0,0.1120189543439163,0.17227113017069334,0.039832861649267574,"{""colsample_bytree"": 0.8512652125039295, ""learning_rate"": 0.037698500940862266, ""max_depth"": 2, ""min_child_samples"": 10, ""num_leaves"": 9, ""reg_lambda"": 0.6718214798781978, ""subsample"": 0.7561897708947284, ""subsample_freq"": 1}"
4,3,295,0,0.2384305088464629,0.2829773041326731,0.032252032893431204,"{""colsample_bytree"": 0.8512652125039295, ""learning_rate"": 0.037698500940862266, ""max_depth"": 2, ""min_child_samples"": 10, ""num_leaves"": 9, ""reg_lambda"": 0.6718214798781978, ""subsample"": 0.7561897708947284, ""subsample_freq"": 1}"
4,3,296,0,0.27443344143619275,0.3745895511268014,0.12871759943793804,"{""colsample_bytree"": 0.8512652125039295, ""learning_rate"": 0.037698500940862266, ""max_depth"": 2, ""min_child_samples"": 10, ""num_leaves"": 9, ""reg_lambda"": 0.6718214798781978, ""subsample"": 0.7561897708947284, ""subsample_freq"": 1}"
4,3,301,0,0.07606106542882599,0.15189102318349545,0.06365067231196286,"{""colsample_bytree"": 0.8512652125039295, ""learning_rate"": 0.037698500940862266, ""max_depth"": 2, ""min_child_samples"": 10, ""num_leaves"": 9, ""reg_lambda"": 0.6718214798781978, ""subsample"": 0.7561897708947284, ""subsample_freq"": 1}"
4,3,302,0,0.3378598146728535,0.35974916585928896,0.07775107227027622,"{""colsample_bytree"": 0.8512652125039295, ""learning_rate"": 0.037698500940862266, ""max_depth"": 2, ""min_child_samples"": 10, ""num_leaves"": 9, ""reg_lambda"": 0.6718214798781978, ""subsample"": 0.7561897708947284, ""subsample_freq"": 1}"
4,4,2,0,0.2592619761033011,0.2932569126847945,0.06686100451486386,"{""colsample_bytree"": 0.4925725468787655, ""learning_rate"": 0.015757614185110458, ""max_depth"": 4, ""min_child_samples"": 18, ""num_leaves"": 14, ""reg_lambda"": 0.28017889270796986, ""subsample"": 0.7004841533947974, ""subsample_freq"": 1}"
4,4,15,1,0.5351216189241483,0.48195664709066105,0.08377994710335325,"{""colsample_bytree"": 0.4925725468787655, ""learning_rate"": 0.015757614185110458, ""max_depth"": 4, ""min_child_samples"": 18, ""num_leaves"": 14, ""reg_lambda"": 0.28017889270796986, ""subsample"": 0.7004841533947974, ""subsample_freq"": 1}"
4,4,20,1,0.21107027818210583,0.287923687276435,0.044404881135875304,"{""colsample_bytree"": 0.4925725468787655, ""learning_rate"": 0.015757614185110458, ""max_depth"": 4, ""min_child_samples"": 18, ""num_leaves"": 14, ""reg_lambda"": 0.28017889270796986, ""subsample"": 0.7004841533947974, ""subsample_freq"": 1}"
4,4,28,1,0.5234388621111038,0.48699958852484143,0.0938284967723887,"{""colsample_bytree"": 0.4925725468787655, ""learning_rate"": 0.015757614185110458, ""max_depth"": 4, ""min_child_samples"": 18, ""num_leaves"": 14, ""reg_lambda"": 0.28017889270796986, ""subsample"": 0.7004841533947974, ""subsample_freq"": 1}"
4,4,31,1,0.5375238823641143,0.4422094807151266,0.05551389618500023,"{""colsample_bytree"": 0.4925725468787655, ""learning_rate"": 0.015757614185110458, ""max_depth"": 4, ""min_child_samples"": 18, ""num_leaves"": 14, ""reg_lambda"": 0.28017889270796986, ""subsample"": 0.7004841533947974, ""subsample_freq"": 1}"
4,4,32,1,0.46894882577421443,0.4307342487110318,0.02551976954315052,"{""colsample_bytree"": 0.4925725468787655, ""learning_rate"": 0.015757614185110458, ""max_depth"": 4, ""min_child_samples"": 18, ""num_leaves"": 14, ""reg_lambda"": 0.28017889270796986, ""subsample"": 0.7004841533947974, ""subsample_freq"": 1}"
4,4,48,0,0.09305440254778893,0.16889739602536663,0.030602941035823547,"{""colsample_bytree"": 0.4925725468787655, ""learning_rate"": 0.015757614185110458, ""max_depth"": 4, ""min_child_samples"": 18, ""num_leaves"": 14, ""reg_lambda"": 0.28017889270796986, ""subsample"": 0.7004841533947974, ""subsample_freq"": 1}"
4,4,52,0,0.6812140485719361,0.595516465451475,0.10101159513293007,"{""colsample_bytree"": 0.4925725468787655, ""learning_rate"": 0.015757614185110458, ""max_depth"": 4, ""min_child_samples"": 18, ""num_leaves"": 14, ""reg_lambda"": 0.28017889270796986, ""subsample"": 0.7004841533947974, ""subsample_freq"": 1}"
4,4,54,0,0.19825742102707253,0.2903928754022852,0.04620525562992134,"{""colsample_bytree"": 0.4925725468787655, ""learning_rate"": 0.015757614185110458, ""max_depth"": 4, ""min_child_samples"": 18, ""num_leaves"": 14, ""reg_lambda"": 0.28017889270796986, ""subsample"": 0.7004841533947974, ""subsample_freq"": 1}"
4,4,56,1,0.3214262993775715,0.35381323191226893,0.02873358228647481,"{""colsample_bytree"": 0.4925725468787655, ""learning_rate"": 0.015757614185110458, ""max_depth"": 4, ""min_child_samples"": 18, ""num_leaves"": 14, ""reg_lambda"": 0.28017889270796986, ""subsample"": 0.7004841533947974, ""subsample_freq"": 1}"
4,4,64,0,0.11464038176658524,0.19044684160022896,0.06242534584975295,"{""colsample_bytree"": 0.4925725468787655, ""learning_rate"": 0.015757614185110458, ""max_depth"": 4, ""min_child_samples"": 18, ""num_leaves"": 14, ""reg_lambda"": 0.28017889270796986, ""subsample"": 0.7004841533947974, ""subsample_freq"": 1}"
4,4,77,1,0.4327058809196405,0.5096963551304868,0.06506243216616904,"{""colsample_bytree"": 0.4925725468787655, ""learning_rate"": 0.015757614185110458, ""max_depth"": 4, ""min_child_samples"": 18, ""num_leaves"": 14, ""reg_lambda"": 0.28017889270796986, ""subsample"": 0.7004841533947974, ""subsample_freq"": 1}"
4,4,79,0,0.23511007795779165,0.2924092206989444,0.06163826200092508,"{""colsample_bytree"": 0.4925725468787655, ""learning_rate"": 0.015757614185110458, ""max_depth"": 4, ""min_child_samples"": 18, ""num_leaves"": 14, ""reg_lambda"": 0.28017889270796986, ""subsample"": 0.7004841533947974, ""subsample_freq"": 1}"
4,4,82,1,0.5185018880260633,0.44192179196914666,0.046754921573587176,"{""colsample_bytree"": 0.4925725468787655, ""learning_rate"": 0.015757614185110458, ""max_depth"": 4, ""min_child_samples"": 18, ""num_leaves"": 14, ""reg_lambda"": 0.28017889270796986, ""subsample"": 0.7004841533947974, ""subsample_freq"": 1}"
4,4,86,1,0.4184348168330496,0.435910246292342,0.05004159753302849,"{""colsample_bytree"": 0.4925725468787655, ""learning_rate"": 0.015757614185110458, ""max_depth"": 4, ""min_child_samples"": 18, ""num_leaves"": 14, ""reg_lambda"": 0.28017889270796986, ""subsample"": 0.7004841533947974, ""subsample_freq"": 1}"
4,4,87,1,0.591023144468009,0.518033879143629,0.09966287342296674,"{""colsample_bytree"": 0.4925725468787655, ""learning_rate"": 0.015757614185110458, ""max_depth"": 4, ""min_child_samples"": 18, ""num_leaves"": 14, ""reg_lambda"": 0.28017889270796986, ""subsample"": 0.7004841533947974, ""subsample_freq"": 1}"
4,4,88,1,0.6177760822531284,0.5630294420332047,0.057974928786733944,"{""colsample_bytree"": 0.4925725468787655, ""learning_rate"": 0.015757614185110458, ""max_depth"": 4, ""min_child_samples"": 18, ""num_leaves"": 14, ""reg_lambda"": 0.28017889270796986, ""subsample"": 0.7004841533947974, ""subsample_freq"": 1}"
4,4,93,0,0.6102225272820119,0.5841582584611613,0.0738790325138622,"{""colsample_bytree"": 0.4925725468787655, ""learning_rate"": 0.015757614185110458, ""max_depth"": 4, ""min_child_samples"": 18, ""num_leaves"": 14, ""reg_lambda"": 0.28017889270796986, ""subsample"": 0.7004841533947974, ""subsample_freq"": 1}"
4,4,94,0,0.27908097273344484,0.31368719709889636,0.0604722141485296,"{""colsample_bytree"": 0.4925725468787655, ""learning_rate"": 0.015757614185110458, ""max_depth"": 4, ""min_child_samples"": 18, ""num_leaves"": 14, ""reg_lambda"": 0.28017889270796986, ""subsample"": 0.7004841533947974, ""subsample_freq"": 1}"
4,4,102,0,0.1736515668285717,0.24885606366261648,0.06097376065917675,"{""colsample_bytree"": 0.4925725468787655, ""learning_rate"": 0.015757614185110458, ""max_depth"": 4, ""min_child_samples"": 18, ""num_leaves"": 14, ""reg_lambda"": 0.28017889270796986, ""subsample"": 0.7004841533947974, ""subsample_freq"": 1}"
4,4,106,0,0.8010610492721003,0.6756175046676216,0.08546014966603158,"{""colsample_bytree"": 0.4925725468787655, ""learning_rate"": 0.015757614185110458, ""max_depth"": 4, ""min_child_samples"": 18, ""num_leaves"": 14, ""reg_lambda"": 0.28017889270796986, ""subsample"": 0.7004841533947974, ""subsample_freq"": 1}"
4,4,113,0,0.09748692036948682,0.16522534510835882,0.04787362274826626,"{""colsample_bytree"": 0.4925725468787655, ""learning_rate"": 0.015757614185110458, ""max_depth"": 4, ""min_child_samples"": 18, ""num_leaves"": 14, ""reg_lambda"": 0.28017889270796986, ""subsample"": 0.7004841533947974, ""subsample_freq"": 1}"
4,4,114,1,0.6799210948367321,0.6417712471903044,0.04333628518125569,"{""colsample_bytree"": 0.4925725468787655, ""learning_rate"": 0.015757614185110458, ""max_depth"": 4, ""min_child_samples"": 18, ""num_leaves"": 14, ""reg_lambda"": 0.28017889270796986, ""subsample"": 0.7004841533947974, ""subsample_freq"": 1}"
4,4,121,0,0.5441639980011409,0.5211499049472722,0.07612164632053438,"{""colsample_bytree"": 0.4925725468787655, ""learning_rate"": 0.015757614185110458, ""max_depth"": 4, ""min_child_samples"": 18, ""num_leaves"": 14, ""reg_lambda"": 0.28017889270796986, ""subsample"": 0.7004841533947974, ""subsample_freq"": 1}"
4,4,123,1,0.47965633717677664,0.4614999904030859,0.031708359978752085,"{""colsample_bytree"": 0.4925725468787655, ""learning_rate"": 0.015757614185110458, ""max_depth"": 4, ""min_child_samples"": 18, ""num_leaves"": 14, ""reg_lambda"": 0.28017889270796986, ""subsample"": 0.7004841533947974, ""subsample_freq"": 1}"
4,4,125,1,0.37449780602926114,0.3732854877485014,0.07306616613938197,"{""colsample_bytree"": 0.4925725468787655, ""learning_rate"": 0.015757614185110458, ""max_depth"": 4, ""min_child_samples"": 18, ""num_leaves"": 14, ""reg_lambda"": 0.28017889270796986, ""subsample"": 0.7004841533947974, ""subsample_freq"": 1}"
4,4,130,0,0.1527112321652115,0.2380811237669776,0.06563722340870481,"{""colsample_bytree"": 0.4925725468787655, ""learning_rate"": 0.015757614185110458, ""max_depth"": 4, ""min_child_samples"": 18, ""num_leaves"": 14, ""reg_lambda"": 0.28017889270796986, ""subsample"": 0.7004841533947974, ""subsample_freq"": 1}"
4,4,133,0,0.20513695340608756,0.2747919518059011,0.07092346616755926,"{""colsample_bytree"": 0.4925725468787655, ""learning_rate"": 0.015757614185110458, ""max_depth"": 4, ""min_child_samples"": 18, ""num_leaves"": 14, ""reg_lambda"": 0.28017889270796986, ""subsample"": 0.7004841533947974, ""subsample_freq"": 1}"
4,4,134,0,0.21692939860323443,0.2822303017715352,0.02880670231838998,"{""colsample_bytree"": 0.4925725468787655, ""learning_rate"": 0.015757614185110458, ""max_depth"": 4, ""min_child_samples"": 18, ""num_leaves"": 14, ""reg_lambda"": 0.28017889270796986, ""subsample"": 0.7004841533947974, ""subsample_freq"": 1}"
4,4,141,0,0.36148668551456703,0.37648124935080923,0.032509858281247986,"{""colsample_bytree"": 0.4925725468787655, ""learning_rate"": 0.015757614185110458, ""max_depth"": 4, ""min_child_samples"": 18, ""num_leaves"": 14, ""reg_lambda"": 0.28017889270796986, ""subsample"": 0.7004841533947974, ""subsample_freq"": 1}"
4,4,150,0,0.3882940544049909,0.3625781609642431,0.05919806912900674,"{""colsample_bytree"": 0.4925725468787655, ""learning_rate"": 0.015757614185110458, ""max_depth"": 4, ""min_child_samples"": 18, ""num_leaves"": 14, ""reg_lambda"": 0.28017889270796986, ""subsample"": 0.7004841533947974, ""subsample_freq"": 1}"
4,4,151,0,0.331722279119182,0.3578927714359475,0.037865404721412164,"{""colsample_bytree"": 0.4925725468787655, ""learning_rate"": 0.015757614185110458, ""max_depth"": 4, ""min_child_samples"": 18, ""num_leaves"": 14, ""reg_lambda"": 0.28017889270796986, ""subsample"": 0.7004841533947974, ""subsample_freq"": 1}"
4,4,156,1,0.4992283188021469,0.4750162954558035,0.05511712186157823,"{""colsample_bytree"": 0.4925725468787655, ""learning_rate"": 0.015757614185110458, ""max_depth"": 4, ""min_child_samples"": 18, ""num_leaves"": 14, ""reg_lambda"": 0.28017889270796986, ""subsample"": 0.7004841533947974, ""subsample_freq"": 1}"
4,4,158,1,0.5108197057129564,0.42776979545255484,0.09787055970657249,"{""colsample_bytree"": 0.4925725468787655, ""learning_rate"": 0.015757614185110458, ""max_depth"": 4, ""min_child_samples"": 18, ""num_leaves"": 14, ""reg_lambda"": 0.28017889270796986, ""subsample"": 0.7004841533947974, ""subsample_freq"": 1}"
4,4,167,1,0.2736071213337306,0.3156162981864846,0.0549513937108562,"{""colsample_bytree"": 0.4925725468787655, ""learning_rate"": 0.015757614185110458, ""max_depth"": 4, ""min_child_samples"": 18, ""num_leaves"": 14, ""reg_lambda"": 0.28017889270796986, ""subsample"": 0.7004841533947974, ""subsample_freq"": 1}"
4,4,173,1,0.697954001439744,0.6445369684303468,0.05378860143972023,"{""colsample_bytree"": 0.4925725468787655, ""learning_rate"": 0.015757614185110458, ""max_depth"": 4, ""min_child_samples"": 18, ""num_leaves"": 14, ""reg_lambda"": 0.28017889270796986, ""subsample"": 0.7004841533947974, ""subsample_freq"": 1}"
4,4,178,1,0.5748988370919249,0.49731207983184866,0.029533686431874828,"{""colsample_bytree"": 0.4925725468787655, ""learning_rate"": 0.015757614185110458, ""max_depth"": 4, ""min_child_samples"": 18, ""num_leaves"": 14, ""reg_lambda"": 0.28017889270796986, ""subsample"": 0.7004841533947974, ""subsample_freq"": 1}"
4,4,190,0,0.20419420577783645,0.31231962990781714,0.056739561734915386,"{""colsample_bytree"": 0.4925725468787655, ""learning_rate"": 0.015757614185110458, ""max_depth"": 4, ""min_child_samples"": 18, ""num_leaves"": 14, ""reg_lambda"": 0.28017889270796986, ""subsample"": 0.7004841533947974, ""subsample_freq"": 1}"
4,4,191,0,0.33697054059032755,0.3576805780315278,0.05419793905276912,"{""colsample_bytree"": 0.4925725468787655, ""learning_rate"": 0.015757614185110458, ""max_depth"": 4, ""min_child_samples"": 18, ""num_leaves"": 14, ""reg_lambda"": 0.28017889270796986, ""subsample"": 0.7004841533947974, ""subsample_freq"": 1}"
4,4,192,0,0.08528727658691232,0.15564769899682337,0.05657388908063673,"{""colsample_bytree"": 0.4925725468787655, ""learning_rate"": 0.015757614185110458, ""max_depth"": 4, ""min_child_samples"": 18, ""num_leaves"": 14, ""reg_lambda"": 0.28017889270796986, ""subsample"": 0.7004841533947974, ""subsample_freq"": 1}"
4,4,197,1,0.6098573639525091,0.5495243042621525,0.07173804730401613,"{""colsample_bytree"": 0.4925725468787655, ""learning_rate"": 0.015757614185110458, ""max_depth"": 4, ""min_child_samples"": 18, ""num_leaves"": 14, ""reg_lambda"": 0.28017889270796986, ""subsample"": 0.7004841533947974, ""subsample_freq"": 1}"
4,4,215,0,0.5282855039446918,0.5002940010128432,0.032368572834333316,"{""colsample_bytree"": 0.4925725468787655, ""learning_rate"": 0.015757614185110458, ""max_depth"": 4, ""min_child_samples"": 18, ""num_leaves"": 14, ""reg_lambda"": 0.28017889270796986, ""subsample"": 0.7004841533947974, ""subsample_freq"": 1}"
4,4,216,0,0.42552463113710215,0.41574973901413365,0.029216482076254716,"{""colsample_bytree"": 0.4925725468787655, ""learning_rate"": 0.015757614185110458, ""max_depth"": 4, ""min_child_samples"": 18, ""num_leaves"": 14, ""reg_lambda"": 0.28017889270796986, ""subsample"": 0.7004841533947974, ""subsample_freq"": 1}"
4,4,217,0,0.2600920694377179,0.2901343888310385,0.07938927811818257,"{""colsample_bytree"": 0.4925725468787655, ""learning_rate"": 0.015757614185110458, ""max_depth"": 4, ""min_child_samples"": 18, ""num_leaves"": 14, ""reg_lambda"": 0.28017889270796986, ""subsample"": 0.7004841533947974, ""subsample_freq"": 1}"
4,4,226,1,0.26696927812827975,0.35676960187996387,0.10547289210265004,"{""colsample_bytree"": 0.4925725468787655, ""learning_rate"": 0.015757614185110458, ""max_depth"": 4, ""min_child_samples"": 18, ""num_leaves"": 14, ""reg_lambda"": 0.28017889270796986, ""subsample"": 0.7004841533947974, ""subsample_freq"": 1}"
4,4,230,0,0.7734743583592656,0.6794945164813307,0.06261475406824693,"{""colsample_bytree"": 0.4925725468787655, ""learning_rate"": 0.015757614185110458, ""max_depth"": 4, ""min_child_samples"": 18, ""num_leaves"": 14, ""reg_lambda"": 0.28017889270796986, ""subsample"": 0.7004841533947974, ""subsample_freq"": 1}"
4,4,235,1,0.4446765766055212,0.4628882285463055,0.07956146690414977,"{""colsample_bytree"": 0.4925725468787655, ""learning_rate"": 0.015757614185110458, ""max_depth"": 4, ""min_child_samples"": 18, ""num_leaves"": 14, ""reg_lambda"": 0.28017889270796986, ""subsample"": 0.7004841533947974, ""subsample_freq"": 1}"
4,4,248,1,0.704156002147562,0.6399840371827443,0.056724309253655264,"{""colsample_bytree"": 0.4925725468787655, ""learning_rate"": 0.015757614185110458, ""max_depth"": 4, ""min_child_samples"": 18, ""num_leaves"": 14, ""reg_lambda"": 0.28017889270796986, ""subsample"": 0.7004841533947974, ""subsample_freq"": 1}"
4,4,249,1,0.4193462888553627,0.425790030425822,0.05800886679622397,"{""colsample_bytree"": 0.4925725468787655, ""learning_rate"": 0.015757614185110458, ""max_depth"": 4, ""min_child_samples"": 18, ""num_leaves"": 14, ""reg_lambda"": 0.28017889270796986, ""subsample"": 0.7004841533947974, ""subsample_freq"": 1}"
4,4,250,0,0.5783192512088676,0.524052584634874,0.05308612555614389,"{""colsample_bytree"": 0.4925725468787655, ""learning_rate"": 0.015757614185110458, ""max_depth"": 4, ""min_child_samples"": 18, ""num_leaves"": 14, ""reg_lambda"": 0.28017889270796986, ""subsample"": 0.7004841533947974, ""subsample_freq"": 1}"
4,4,255,0,0.15122987903994506,0.20557097110586975,0.04668928340394049,"{""colsample_bytree"": 0.4925725468787655, ""learning_rate"": 0.015757614185110458, ""max_depth"": 4, ""min_child_samples"": 18, ""num_leaves"": 14, ""reg_lambda"": 0.28017889270796986, ""subsample"": 0.7004841533947974, ""subsample_freq"": 1}"
4,4,261,0,0.09992832636639318,0.15453404211246385,0.056531647999365234,"{""colsample_bytree"": 0.4925725468787655, ""learning_rate"": 0.015757614185110458, ""max_depth"": 4, ""min_child_samples"": 18, ""num_leaves"": 14, ""reg_lambda"": 0.28017889270796986, ""subsample"": 0.7004841533947974, ""subsample_freq"": 1}"
4,4,268,0,0.09697932701684331,0.19113006750417524,0.040240880512410426,"{""colsample_bytree"": 0.4925725468787655, ""learning_rate"": 0.015757614185110458, ""max_depth"": 4, ""min_child_samples"": 18, ""num_leaves"": 14, ""reg_lambda"": 0.28017889270796986, ""subsample"": 0.7004841533947974, ""subsample_freq"": 1}"
4,4,275,0,0.4325351631217925,0.43989814575546077,0.059156104085058205,"{""colsample_bytree"": 0.4925725468787655, ""learning_rate"": 0.015757614185110458, ""max_depth"": 4, ""min_child_samples"": 18, ""num_leaves"": 14, ""reg_lambda"": 0.28017889270796986, ""subsample"": 0.7004841533947974, ""subsample_freq"": 1}"
4,4,278,0,0.47044918277254644,0.5079905599094932,0.087086305934313,"{""colsample_bytree"": 0.4925725468787655, ""learning_rate"": 0.015757614185110458, ""max_depth"": 4, ""min_child_samples"": 18, ""num_leaves"": 14, ""reg_lambda"": 0.28017889270796986, ""subsample"": 0.7004841533947974, ""subsample_freq"": 1}"
4,4,280,0,0.22603139569355404,0.2628629037248177,0.04335185006025156,"{""colsample_bytree"": 0.4925725468787655, ""learning_rate"": 0.015757614185110458, ""max_depth"": 4, ""min_child_samples"": 18, ""num_leaves"": 14, ""reg_lambda"": 0.28017889270796986, ""subsample"": 0.7004841533947974, ""subsample_freq"": 1}"
4,4,284,0,0.43875967713715214,0.5048347685893935,0.10715090654565067,"{""colsample_bytree"": 0.4925725468787655, ""learning_rate"": 0.015757614185110458, ""max_depth"": 4, ""min_child_samples"": 18, ""num_leaves"": 14, ""reg_lambda"": 0.28017889270796986, ""subsample"": 0.7004841533947974, ""subsample_freq"": 1}"
4,4,292,0,0.26549770351619517,0.3235454483314052,0.04630985200992799,"{""colsample_bytree"": 0.4925725468787655, ""learning_rate"": 0.015757614185110458, ""max_depth"": 4, ""min_child_samples"": 18, ""num_leaves"": 14, ""reg_lambda"": 0.28017889270796986, ""subsample"": 0.7004841533947974, ""subsample_freq"": 1}"
4,4,299,0,0.10236620486422741,0.1713341645697773,0.04465077276281138,"{""colsample_bytree"": 0.4925725468787655, ""learning_rate"": 0.015757614185110458, ""max_depth"": 4, ""min_child_samples"": 18, ""num_leaves"": 14, ""reg_lambda"": 0.28017889270796986, ""subsample"": 0.7004841533947974, ""subsample_freq"": 1}"
4,4,300,0,0.07445497783130747,0.14721473046741468,0.040174250961913884,"{""colsample_bytree"": 0.4925725468787655, ""learning_rate"": 0.015757614185110458, ""max_depth"": 4, ""min_child_samples"": 18, ""num_leaves"": 14, ""reg_lambda"": 0.28017889270796986, ""subsample"": 0.7004841533947974, ""subsample_freq"": 1}"
