repeat,fold,idx,y,p_base,p,spread,params
0,0,0,0,0.19078302,0.17586063203912142,0.06532369502161602,"{""colsample_bytree"": 0.4530955012311517, ""learning_rate"": 0.01947558230629543, ""max_depth"": 2, ""min_child_weight"": 8, ""reg_lambda"": 8.77602230091612, ""subsample"": 0.8989280440549523}"
0,0,5,1,0.42326972,0.3302120366705604,0.059605840888867466,"{""colsample_bytree"": 0.4530955012311517, ""learning_rate"": 0.01947558230629543, ""max_depth"": 2, ""min_child_weight"": 8, ""reg_lambda"": 8.77602230091612, ""subsample"": 0.8989280440549523}"
0,0,8,0,0.23476343,0.17931840556702905,0.07228170201345868,"{""colsample_bytree"": 0.4530955012311517, ""learning_rate"": 0.01947558230629543, ""max_depth"": 2, ""min_child_weight"": 8, ""reg_lambda"": 8.77602230091612, ""subsample"": 0.8989280440549523}"
0,0,9,1,0.51611686,0.4682880260598255,0.0717239688837573,"{""colsample_bytree"": 0.4530955012311517, ""learning_rate"": 0.01947558230629543, ""max_depth"": 2, ""min_child_weight"": 8, ""reg_lambda"": 8.77602230091612, ""subsample"": 0.8989280440549523}"
0,0,10,1,0.5454223,0.6376375601405148,0.11664128082490058,"{""colsample_bytree"": 0.4530955012311517, ""learning_rate"": 0.01947558230629543, ""max_depth"": 2, ""min_child_weight"": 8, ""reg_lambda"": 8.77602230091612, ""subsample"": 0.8989280440549523}"
0,0,12,0,0.517982,0.5707915916015235,0.09851085485573395,"{""colsample_bytree"": 0.4530955012311517, ""learning_rate"": 0.01947558230629543, ""max_depth"": 2, ""min_child_weight"": 8, ""reg_lambda"": 8.77602230091612, ""subsample"": 0.8989280440549523}"
0,0,26,0,0.18108875,0.1573076452010395,0.07278405056221242,"{""colsample_bytree"": 0.4530955012311517, ""learning_rate"": 0.01947558230629543, ""max_depth"": 2, ""min_child_weight"": 8, ""reg_lambda"": 8.77602230091612, ""subsample"": 0.8989280440549523}"
0,0,29,1,0.67522126,0.724080491088877,0.10690847300555345,"{""colsample_bytree"": 0.4530955012311517, ""learning_rate"": 0.01947558230629543, ""max_depth"": 2, ""min_child_weight"": 8, ""reg_lambda"": 8.77602230091612, ""subsample"": 0.8989280440549523}"
0,0,30,0,0.60441023,0.6753968269864215,0.11204388619187125,"{""colsample_bytree"": 0.4530955012311517, ""learning_rate"": 0.01947558230629543, ""max_depth"": 2, ""min_child_weight"": 8, ""reg_lambda"": 8.77602230091612, ""subsample"": 0.8989280440549523}"
0,0,33,1,0.60856926,0.6169455961087777,0.16422422789975563,"{""colsample_bytree"": 0.4530955012311517, ""learning_rate"": 0.01947558230629543, ""max_depth"": 2, ""min_child_weight"": 8, ""reg_lambda"": 8.77602230091612, ""subsample"": 0.8989280440549523}"
0,0,42,0,0.18132749,0.15683992729841656,0.07121462327180393,"{""colsample_bytree"": 0.4530955012311517, ""learning_rate"": 0.01947558230629543, ""max_depth"": 2, ""min_child_weight"": 8, ""reg_lambda"": 8.77602230091612, ""subsample"": 0.8989280440549523}"
0,0,43,0,0.5009755,0.5263466861424573,0.13561300665743833,"{""colsample_bytree"": 0.4530955012311517, ""learning_rate"": 0.01947558230629543, ""max_depth"": 2, ""min_child_weight"": 8, ""reg_lambda"": 8.77602230091612, ""subsample"": 0.8989280440549523}"
0,0,45,1,0.29204127,0.28861354137625433,0.09411272639250186,"{""colsample_bytree"": 0.4530955012311517, ""learning_rate"": 0.01947558230629543, ""max_depth"": 2, ""min_child_weight"": 8, ""reg_lambda"": 8.77602230091612, ""subsample"": 0.8989280440549523}"
0,0,46,1,0.3428075,0.35798242573281136,0.08816888410379141,"{""colsample_bytree"": 0.4530955012311517, ""learning_rate"": 0.01947558230629543, ""max_depth"": 2, ""min_child_weight"": 8, ""reg_lambda"": 8.77602230091612, ""subsample"": 0.8989280440549523}"
0,0,47,1,0.6016667,0.628812635450095,0.058431669731645354,"{""colsample_bytree"": 0.4530955012311517, ""learning_rate"": 0.01947558230629543, ""max_depth"": 2, ""min_child_weight"": 8, ""reg_lambda"": 8.77602230091612, ""subsample"": 0.8989280440549523}"
0,0,49,0,0.4173916,0.4719854333052324,0.11900477227416795,"{""colsample_bytree"": 0.4530955012311517, ""learning_rate"": 0.01947558230629543, ""max_depth"": 2, ""min_child_weight"": 8, ""reg_lambda"": 8.77602230091612, ""subsample"": 0.8989280440549523}"
0,0,59,1,0.5052674,0.5665686335334318,0.07789903000822969,"{""colsample_bytree"": 0.4530955012311517, ""learning_rate"": 0.01947558230629543, ""max_depth"": 2, ""min_child_weight"": 8, ""reg_lambda"": 8.77602230091612, ""subsample"": 0.8989280440549523}"
0,0,66,0,0.48479828,0.5060273743662561,0.10257039445685948,"{""colsample_bytree"": 0.4530955012311517, ""learning_rate"": 0.01947558230629543, ""max_depth"": 2, ""min_child_weight"": 8, ""reg_lambda"": 8.77602230091612, ""subsample"": 0.8989280440549523}"
0,0,72,0,0.36468923,0.4012776564581347,0.045153392655841375,"{""colsample_bytree"": 0.4530955012311517, ""learning_rate"": 0.01947558230629543, ""max_depth"": 2, ""min_child_weight"": 8, ""reg_lambda"": 8.77602230091612, ""subsample"": 0.8989280440549523}"
0,0,73,0,0.48444557,0.5020479175175879,0.06294109252298372,"{""colsample_bytree"": 0.4530955012311517, ""learning_rate"": 0.01947558230629543, ""max_depth"": 2, ""min_child_weight"": 8, ""reg_lambda"": 8.77602230091612, ""subsample"": 0.8989280440549523}"
0,0,78,1,0.3877978,0.4084818071664801,0.08378279990801142,"{""colsample_bytree"": 0.4530955012311517, ""learning_rate"": 0.01947558230629543, ""max_depth"": 2, ""min_child_weight"": 8, ""reg_lambda"": 8.77602230091612, ""subsample"": 0.8989280440549523}"
0,0,85,1,0.48938996,0.4334238111724506,0.04882300452313274,"{""colsample_bytree"": 0.4530955012311517, ""learning_rate"": 0.01947558230629543, ""max_depth"": 2, ""min_child_weight"": 8, ""reg_lambda"": 8.77602230091612, ""subsample"": 0.8989280440549523}"
0,0,101,1,0.6502697,0.7234578014186394,0.10731333764887704,"{""colsample_bytree"": 0.4530955012311517, ""learning_rate"": 0.01947558230629543, ""max_depth"": 2, ""min_child_weight"": 8, ""reg_lambda"": 8.77602230091612, ""subsample"": 0.8989280440549523}"
0,0,102,0,0.16889629,0.15855149662975174,0.059679627472853186,"{""colsample_bytree"": 0.4530955012311517, ""learning_rate"": 0.01947558230629543, ""max_depth"": 2, ""min_child_weight"": 8, ""reg_lambda"": 8.77602230091612, ""subsample"": 0.8989280440549523}"
0,0,112,1,0.5649792,0.6602023262716437,0.11883856204866138,"{""colsample_bytree"": 0.4530955012311517, ""learning_rate"": 0.01947558230629543, ""max_depth"": 2, ""min_child_weight"": 8, ""reg_lambda"": 8.77602230091612, ""subsample"": 0.8989280440549523}"
0,0,121,0,0.4967018,0.5101314115363951,0.03413980847855365,"{""colsample_bytree"": 0.4530955012311517, ""learning_rate"": 0.01947558230629543, ""max_depth"": 2, ""min_child_weight"": 8, ""reg_lambda"": 8.77602230091612, ""subsample"": 0.8989280440549523}"
0,0,122,1,0.5334634,0.6205665340013179,0.15255943058733,"{""colsample_bytree"": 0.4530955012311517, ""learning_rate"": 0.01947558230629543, ""max_depth"": 2, ""min_child_weight"": 8, ""reg_lambda"": 8.77602230091612, ""subsample"": 0.8989280440549523}"
0,0,129,0,0.20618126,0.1688751427692976,0.0693097962664009,"{""colsample_bytree"": 0.4530955012311517, ""learning_rate"": 0.01947558230629543, ""max_depth"": 2, ""min_child_weight"": 8, ""reg_lambda"": 8.77602230091612, ""subsample"": 0.8989280440549523}"
0,0,131,0,0.39428905,0.4112192665904959,0.10610160949474415,"{""colsample_bytree"": 0.4530955012311517, ""learning_rate"": 0.01947558230629543, ""max_depth"": 2, ""min_child_weight"": 8, ""reg_lambda"": 8.77602230091612, ""subsample"": 0.8989280440549523}"
0,0,135,0,0.5029723,0.4680065782496414,0.07746002107772113,"{""colsample_bytree"": 0.4530955012311517, ""learning_rate"": 0.01947558230629543, ""max_depth"": 2, ""min_child_weight"": 8, ""reg_lambda"": 8.77602230091612, ""subsample"": 0.8989280440549523}"
0,0,140,0,0.33228484,0.2833147348716076,0.05019391706553952,"{""colsample_bytree"": 0.4530955012311517, ""learning_rate"": 0.01947558230629543, ""max_depth"": 2, ""min_child_weight"": 8, ""reg_lambda"": 8.77602230091612, ""subsample"": 0.8989280440549523}"
0,0,141,0,0.40138778,0.448974340054649,0.11875037461867016,"{""colsample_bytree"": 0.4530955012311517, ""learning_rate"": 0.01947558230629543, ""max_depth"": 2, ""min_child_weight"": 8, ""reg_lambda"": 8.77602230091612, ""subsample"": 0.8989280440549523}"
0,0,146,0,0.671142,0.7460637820939733,0.12359354957589395,"{""colsample_bytree"": 0.4530955012311517, ""learning_rate"": 0.01947558230629543, ""max_depth"": 2, ""min_child_weight"": 8, ""reg_lambda"": 8.77602230091612, ""subsample"": 0.8989280440549523}"
0,0,147,1,0.29351485,0.2529655070444501,0.04655157267457614,"{""colsample_bytree"": 0.4530955012311517, ""learning_rate"": 0.01947558230629543, ""max_depth"": 2, ""min_child_weight"": 8, ""reg_lambda"": 8.77602230091612, ""subsample"": 0.8989280440549523}"
0,0,150,0,0.3669249,0.31821540388641834,0.028803002564708864,"{""colsample_bytree"": 0.4530955012311517, ""learning_rate"": 0.01947558230629543, ""max_depth"": 2, ""min_child_weight"": 8, ""reg_lambda"": 8.77602230091612, ""subsample"": 0.8989280440549523}"
0,0,157,1,0.27631405,0.22779721362664337,0.0492109888991677,"{""colsample_bytree"": 0.4530955012311517, ""learning_rate"": 0.01947558230629543, ""max_depth"": 2, ""min_child_weight"": 8, ""reg_lambda"": 8.77602230091612, ""subsample"": 0.8989280440549523}"
0,0,158,1,0.38302237,0.4225199655928641,0.13071652613158308,"{""colsample_bytree"": 0.4530955012311517, ""learning_rate"": 0.01947558230629543, ""max_depth"": 2, ""min_child_weight"": 8, ""reg_lambda"": 8.77602230091612, ""subsample"": 0.8989280440549523}"
0,0,159,0,0.6082349,0.6549538804832524,0.10273905411636358,"{""colsample_bytree"": 0.4530955012311517, ""learning_rate"": 0.01947558230629543, ""max_depth"": 2, ""min_child_weight"": 8, ""reg_lambda"": 8.77602230091612, ""subsample"": 0.8989280440549523}"
0,0,162,0,0.5343296,0.5429448610879831,0.09301758096365075,"{""colsample_bytree"": 0.4530955012311517, ""learning_rate"": 0.01947558230629543, ""max_depth"": 2, ""min_child_weight"": 8, ""reg_lambda"": 8.77602230091612, ""subsample"": 0.8989280440549523}"
0,0,172,0,0.547101,0.6021397047224797,0.09855058675622355,"{""colsample_bytree"": 0.4530955012311517, ""learning_rate"": 0.01947558230629543, ""max_depth"": 2, ""min_child_weight"": 8, ""reg_lambda"": 8.77602230091612, ""subsample"": 0.8989280440549523}"
0,0,174,1,0.5991921,0.6968571371202807,0.1634287506829121,"{""colsample_bytree"": 0.4530955012311517, ""learning_rate"": 0.01947558230629543, ""max_depth"": 2, ""min_child_weight"": 8, ""reg_lambda"": 8.77602230091612, ""subsample"": 0.8989280440549523}"
0,0,180,0,0.40536597,0.366419079456218,0.05212895445730753,"{""colsample_bytree"": 0.4530955012311517, ""learning_rate"": 0.01947558230629543, ""max_depth"": 2, ""min_child_weight"": 8, ""reg_lambda"": 8.77602230091612, ""subsample"": 0.8989280440549523}"
0,0,183,0,0.5442554,0.529126222557443,0.08467094836163584,"{""colsample_bytree"": 0.4530955012311517, ""learning_rate"": 0.01947558230629543, ""max_depth"": 2, ""min_child_weight"": 8, ""reg_lambda"": 8.77602230091612, ""subsample"": 0.8989280440549523}"
0,0,205,0,0.24896498,0.23021475159288837,0.04941377888717659,"{""colsample_bytree"": 0.4530955012311517, ""learning_rate"": 0.01947558230629543, ""max_depth"": 2, ""min_child_weight"": 8, ""reg_lambda"": 8.77602230091612, ""subsample"": 0.8989280440549523}"
0,0,216,0,0.3650203,0.35097842677598445,0.03304874191514614,"{""colsample_bytree"": 0.4530955012311517, ""learning_rate"": 0.01947558230629543, ""max_depth"": 2, ""min_child_weight"": 8, ""reg_lambda"": 8.77602230091612, ""subsample"": 0.8989280440549523}"
0,0,219,1,0.1817805,0.1482896725608071,0.08198692355678885,"{""colsample_bytree"": 0.4530955012311517, ""learning_rate"": 0.01947558230629543, ""max_depth"": 2, ""min_child_weight"": 8, ""reg_lambda"": 8.77602230091612, ""subsample"": 0.8989280440549523}"
0,0,220,1,0.4771348,0.6184914898049785,0.09829855024086544,"{""colsample_bytree"": 0.4530955012311517, ""learning_rate"": 0.01947558230629543, ""max_depth"": 2, ""min_child_weight"": 8, ""reg_lambda"": 8.77602230091612, ""subsample"": 0.8989280440549523}"
0,0,224,0,0.49728346,0.5908182502445609,0.1156882559075793,"{""colsample_bytree"": 0.4530955012311517, ""learning_rate"": 0.01947558230629543, ""max_depth"": 2, ""min_child_weight"": 8, ""reg_lambda"": 8.77602230091612, ""subsample"": 0.8989280440549523}"
0,0,231,0,0.56024444,0.5745381566381378,0.13329103810221674,"{""colsample_bytree"": 0.4530955012311517, ""learning_rate"": 0.01947558230629543, ""max_depth"": 2, ""min_child_weight"": 8, ""reg_lambda"": 8.77602230091612, ""subsample"": 0.8989280440549523}"
0,0,233,0,0.38421333,0.3341376909098851,0.03473593861273801,"{""colsample_bytree"": 0.4530955012311517, ""learning_rate"": 0.01947558230629543, ""max_depth"": 2, ""min_child_weight"": 8, ""reg_lambda"": 8.77602230091612, ""subsample"": 0.8989280440549523}"
0,0,241,1,0.4919775,0.5055096625163783,0.10315149388084564,"{""colsample_bytree"": 0.4530955012311517, ""learning_rate"": 0.01947558230629543, ""max_depth"": 2, ""min_child_weight"": 8, ""reg_lambda"": 8.77602230091612, ""subsample"": 0.8989280440549523}"
0,0,243,0,0.376158,0.38160609514023835,0.02160184294198575,"{""colsample_bytree"": 0.4530955012311517, ""learning_rate"": 0.01947558230629543, ""max_depth"": 2, ""min_child_weight"": 8, ""reg_lambda"": 8.77602230091612, ""subsample"": 0.8989280440549523}"
0,0,244,1,0.3197104,0.31632359187708103,0.01851115053292645,"{""colsample_bytree"": 0.4530955012311517, ""learning_rate"": 0.01947558230629543, ""max_depth"": 2, ""min_child_weight"": 8, ""reg_lambda"": 8.77602230091612, ""subsample"": 0.8989280440549523}"
0,0,246,1,0.6232466,0.6961828118576411,0.13973902790773732,"{""colsample_bytree"": 0.4530955012311517, ""learning_rate"": 0.01947558230629543, ""max_depth"": 2, ""min_child_weight"": 8, ""reg_lambda"": 8.77602230091612, ""subsample"": 0.8989280440549523}"
0,0,247,0,0.18612176,0.15692185728930683,0.07416614349824538,"{""colsample_bytree"": 0.4530955012311517, ""learning_rate"": 0.01947558230629543, ""max_depth"": 2, ""min_child_weight"": 8, ""reg_lambda"": 8.77602230091612, ""subsample"": 0.8989280440549523}"
0,0,253,0,0.4474713,0.41889389919071557,0.07934663209783781,"{""colsample_bytree"": 0.4530955012311517, ""learning_rate"": 0.01947558230629543, ""max_depth"": 2, ""min_child_weight"": 8, ""reg_lambda"": 8.77602230091612, ""subsample"": 0.8989280440549523}"
0,0,271,0,0.44717044,0.4678053892117964,0.10601290984454602,"{""colsample_bytree"": 0.4530955012311517, ""learning_rate"": 0.01947558230629543, ""max_depth"": 2, ""min_child_weight"": 8, ""reg_lambda"": 8.77602230091612, ""subsample"": 0.8989280440549523}"
0,0,280,0,0.2019068,0.16867279029618748,0.07327927177674345,"{""colsample_bytree"": 0.4530955012311517, ""learning_rate"": 0.01947558230629543, ""max_depth"": 2, ""min_child_weight"": 8, ""reg_lambda"": 8.77602230091612, ""subsample"": 0.8989280440549523}"
0,0,294,1,0.29030374,0.2856927688821171,0.060598267545863276,"{""colsample_bytree"": 0.4530955012311517, ""learning_rate"": 0.01947558230629543, ""max_depth"": 2, ""min_child_weight"": 8, ""reg_lambda"": 8.77602230091612, ""subsample"": 0.8989280440549523}"
0,0,295,0,0.4257358,0.40620593067344596,0.10054417477251733,"{""colsample_bytree"": 0.4530955012311517, ""learning_rate"": 0.01947558230629543, ""max_depth"": 2, ""min_child_weight"": 8, ""reg_lambda"": 8.77602230091612, ""subsample"": 0.8989280440549523}"
0,0,299,0,0.13857754,0.13779472802902987,0.06817454277735319,"{""colsample_bytree"": 0.4530955012311517, ""learning_rate"": 0.01947558230629543, ""max_depth"": 2, ""min_child_weight"": 8, ""reg_lambda"": 8.77602230091612, ""subsample"": 0.8989280440549523}"
0,1,1,1,0.5768708,0.666913682671672,0.14036577763385008,"{""colsample_bytree"": 0.44484481215219296, ""learning_rate"": 0.01165597312574718, ""max_depth"": 2, ""min_child_weight"": 4, ""reg_lambda"": 2.3373211597085715, ""subsample"": 0.7002441745845974}"
0,1,2,0,0.2867409,0.23911173013532183,0.07470139350925759,"{""colsample_bytree"": 0.44484481215219296, ""learning_rate"": 0.01165597312574718, ""max_depth"": 2, ""min_child_weight"": 4, ""reg_lambda"": 2.3373211597085715, ""subsample"": 0.7002441745845974}"
0,1,7,1,0.38298073,0.41249876294007726,0.06938162066220997,"{""colsample_bytree"": 0.44484481215219296, ""learning_rate"": 0.01165597312574718, ""max_depth"": 2, ""min_child_weight"": 4, ""reg_lambda"": 2.3373211597085715, ""subsample"": 0.7002441745845974}"
0,1,11,1,0.56116456,0.5778228436399416,0.03249936082061033,"{""colsample_bytree"": 0.44484481215219296, ""learning_rate"": 0.01165597312574718, ""max_depth"": 2, ""min_child_weight"": 4, ""reg_lambda"": 2.3373211597085715, ""subsample"": 0.7002441745845974}"
0,1,13,0,0.45812365,0.48518627710195456,0.1372215520457469,"{""colsample_bytree"": 0.44484481215219296, ""learning_rate"": 0.01165597312574718, ""max_depth"": 2, ""min_child_weight"": 4, ""reg_lambda"": 2.3373211597085715, ""subsample"": 0.7002441745845974}"
0,1,21,1,0.46434808,0.5377636509020067,0.05095988675935386,"{""colsample_bytree"": 0.44484481215219296, ""learning_rate"": 0.01165597312574718, ""max_depth"": 2, ""min_child_weight"": 4, ""reg_lambda"": 2.3373211597085715, ""subsample"": 0.7002441745845974}"
0,1,23,0,0.54084975,0.6686407001277759,0.1417781737526715,"{""colsample_bytree"": 0.44484481215219296, ""learning_rate"": 0.01165597312574718, ""max_depth"": 2, ""min_child_weight"": 4, ""reg_lambda"": 2.3373211597085715, ""subsample"": 0.7002441745845974}"
0,1,25,0,0.50829464,0.5754923779262944,0.08459079633435893,"{""colsample_bytree"": 0.44484481215219296, ""learning_rate"": 0.01165597312574718, ""max_depth"": 2, ""min_child_weight"": 4, ""reg_lambda"": 2.3373211597085715, ""subsample"": 0.7002441745845974}"
0,1,27,0,0.20176066,0.17564553930065258,0.053550471803117894,"{""colsample_bytree"": 0.44484481215219296, ""learning_rate"": 0.01165597312574718, ""max_depth"": 2, ""min_child_weight"": 4, ""reg_lambda"": 2.3373211597085715, ""subsample"": 0.7002441745845974}"
0,1,28,1,0.45878556,0.5201674834456123,0.12565825867955335,"{""colsample_bytree"": 0.44484481215219296, ""learning_rate"": 0.01165597312574718, ""max_depth"": 2, ""min_child_weight"": 4, ""reg_lambda"": 2.3373211597085715, ""subsample"": 0.7002441745845974}"
0,1,35,0,0.23439506,0.20080315639710097,0.06317075849404626,"{""colsample_bytree"": 0.44484481215219296, ""learning_rate"": 0.01165597312574718, ""max_depth"": 2, ""min_child_weight"": 4, ""reg_lambda"": 2.3373211597085715, ""subsample"": 0.7002441745845974}"
0,1,39,1,0.3810674,0.3889087354741956,0.060820350580225266,"{""colsample_bytree"": 0.44484481215219296, ""learning_rate"": 0.01165597312574718, ""max_depth"": 2, ""min_child_weight"": 4, ""reg_lambda"": 2.3373211597085715, ""subsample"": 0.7002441745845974}"
0,1,48,0,0.21395472,0.16598075208443336,0.07403211351965672,"{""colsample_bytree"": 0.44484481215219296, ""learning_rate"": 0.01165597312574718, ""max_depth"": 2, ""min_child_weight"": 4, ""reg_lambda"": 2.3373211597085715, ""subsample"": 0.7002441745845974}"
0,1,58,1,0.30353558,0.2722770388116935,0.06509776774279728,"{""colsample_bytree"": 0.44484481215219296, ""learning_rate"": 0.01165597312574718, ""max_depth"": 2, ""min_child_weight"": 4, ""reg_lambda"": 2.3373211597085715, ""subsample"": 0.7002441745845974}"
0,1,60,0,0.20886566,0.17086648625677298,0.05776457301988559,"{""colsample_bytree"": 0.44484481215219296, ""learning_rate"": 0.01165597312574718, ""max_depth"": 2, ""min_child_weight"": 4, ""reg_lambda"": 2.3373211597085715, ""subsample"": 0.7002441745845974}"
0,1,64,0,0.21313655,0.18037081653279893,0.07529272093135564,"{""colsample_bytree"": 0.44484481215219296, ""learning_rate"": 0.01165597312574718, ""max_depth"": 2, ""min_child_weight"": 4, ""reg_lambda"": 2.3373211597085715, ""subsample"": 0.7002441745845974}"
0,1,68,0,0.22491297,0.1802040201296933,0.06804666987313839,"{""colsample_bytree"": 0.44484481215219296, ""learning_rate"": 0.01165597312574718, ""max_depth"": 2, ""min_child_weight"": 4, ""reg_lambda"": 2.3373211597085715, ""subsample"": 0.7002441745845974}"
0,1,70,0,0.3024497,0.2513099526589776,0.05432870539861519,"{""colsample_bytree"": 0.44484481215219296, ""learning_rate"": 0.01165597312574718, ""max_depth"": 2, ""min_child_weight"": 4, ""reg_lambda"": 2.3373211597085715, ""subsample"": 0.7002441745845974}"
0,1,75,0,0.4038881,0.36788494505933683,0.04767913203132422,"{""colsample_bytree"": 0.44484481215219296, ""learning_rate"": 0.01165597312574718, ""max_depth"": 2, ""min_child_weight"": 4, ""reg_lambda"": 2.3373211597085715, ""subsample"": 0.7002441745845974}"
0,1,77,1,0.52292943,0.6115523325896358,0.12691685127314792,"{""colsample_bytree"": 0.44484481215219296, ""learning_rate"": 0.01165597312574718, ""max_depth"": 2, ""min_child_weight"": 4, ""reg_lambda"": 2.3373211597085715, ""subsample"": 0.7002441745845974}"
0,1,82,1,0.48884246,0.5878447467186255,0.12381303588825697,"{""colsample_bytree"": 0.44484481215219296, ""learning_rate"": 0.01165597312574718, ""max_depth"": 2, ""min_child_weight"": 4, ""reg_lambda"": 2.3373211597085715, ""subsample"": 0.7002441745845974}"
0,1,89,1,0.4645741,0.46205721787331544,0.07626784984268496,"{""colsample_bytree"": 0.44484481215219296, ""learning_rate"": 0.01165597312574718, ""max_depth"": 2, ""min_child_weight"": 4, ""reg_lambda"": 2.3373211597085715, ""subsample"": 0.7002441745845974}"
0,1,91,0,0.39584118,0.39431895048206284,0.03427376283030543,"{""colsample_bytree"": 0.44484481215219296, ""learning_rate"": 0.01165597312574718, ""max_depth"": 2, ""min_child_weight"": 4, ""reg_lambda"": 2.3373211597085715, ""subsample"": 0.7002441745845974}"
0,1,95,1,0.34368014,0.32564795216593,0.048866014039115835,"{""colsample_bytree"": 0.44484481215219296, ""learning_rate"": 0.01165597312574718, ""max_depth"": 2, ""min_child_weight"": 4, ""reg_lambda"": 2.3373211597085715, ""subsample"": 0.7002441745845974}"
0,1,96,1,0.4596836,0.5397415954477582,0.09626430568077889,"{""colsample_bytree"": 0.44484481215219296, ""learning_rate"": 0.01165597312574718, ""max_depth"": 2, ""min_child_weight"": 4, ""reg_lambda"": 2.3373211597085715, ""subsample"": 0.7002441745845974}"
0,1,97,1,0.4174077,0.4409860130265127,0.04614132624454704,"{""colsample_bytree"": 0.44484481215219296, ""learning_rate"": 0.01165597312574718, ""max_depth"": 2, ""min_child_weight"": 4, ""reg_lambda"": 2.3373211597085715, ""subsample"": 0.7002441745845974}"
0,1,98,1,0.45270446,0.49188202860747055,0.0465832397279923,"{""colsample_bytree"": 0.44484481215219296, ""learning_rate"": 0.01165597312574718, ""max_depth"": 2, ""min_child_weight"": 4, ""reg_lambda"": 2.3373211597085715, ""subsample"": 0.7002441745845974}"
0,1,104,1,0.3851343,0.32044826844523283,0.07378065730434877,"{""colsample_bytree"": 0.44484481215219296, ""learning_rate"": 0.01165597312574718, ""max_depth"": 2, ""min_child_weight"": 4, ""reg_lambda"": 2.3373211597085715, ""subsample"": 0.7002441745845974}"
0,1,106,0,0.62538147,0.7033889084265759,0.0728024196438135,"{""colsample_bytree"": 0.44484481215219296, ""learning_rate"": 0.01165597312574718, ""max_depth"": 2, ""min_child_weight"": 4, ""reg_lambda"": 2.3373211597085715, ""subsample"": 0.7002441745845974}"
0,1,107,1,0.42869693,0.43316727534225485,0.039053564816867066,"{""colsample_bytree"": 0.44484481215219296, ""learning_rate"": 0.01165597312574718, ""max_depth"": 2, ""min_child_weight"": 4, ""reg_lambda"": 2.3373211597085715, ""subsample"": 0.7002441745845974}"
0,1,115,1,0.5540539,0.6050168353974623,0.05178857457749514,"{""colsample_bytree"": 0.44484481215219296, ""learning_rate"": 0.01165597312574718, ""max_depth"": 2, ""min_child_weight"": 4, ""reg_lambda"": 2.3373211597085715, ""subsample"": 0.7002441745845974}"
0,1,117,1,0.5687079,0.6477454367396341,0.08416414300493345,"{""colsample_bytree"": 0.44484481215219296, ""learning_rate"": 0.01165597312574718, ""max_depth"": 2, ""min_child_weight"": 4, ""reg_lambda"": 2.3373211597085715, ""subsample"": 0.7002441745845974}"
0,1,119,1,0.4734732,0.4669255276088632,0.08180408639503298,"{""colsample_bytree"": 0.44484481215219296, ""learning_rate"": 0.01165597312574718, ""max_depth"": 2, ""min_child_weight"": 4, ""reg_lambda"": 2.3373211597085715, ""subsample"": 0.7002441745845974}"
0,1,144,1,0.2982724,0.26662301939212557,0.04929577807028804,"{""colsample_bytree"": 0.44484481215219296, ""learning_rate"": 0.01165597312574718, ""max_depth"": 2, ""min_child_weight"": 4, ""reg_lambda"": 2.3373211597085715, ""subsample"": 0.7002441745845974}"
0,1,166,0,0.24717765,0.23062442129153354,0.04221798702585961,"{""colsample_bytree"": 0.44484481215219296, ""learning_rate"": 0.01165597312574718, ""max_depth"": 2, ""min_child_weight"": 4, ""reg_lambda"": 2.3373211597085715, ""subsample"": 0.7002441745845974}"
0,1,169,0,0.21574116,0.17333050036722364,0.06625046734001323,"{""colsample_bytree"": 0.44484481215219296, ""learning_rate"": 0.01165597312574718, ""max_depth"": 2, ""min_child_weight"": 4, ""reg_lambda"": 2.3373211597085715, ""subsample"": 0.7002441745845974}"
0,1,170,0,0.26731917,0.2294952148031851,0.057251232042022246,"{""colsample_bytree"": 0.44484481215219296, ""learning_rate"": 0.01165597312574718, ""max_depth"": 2, ""min_child_weight"": 4, ""reg_lambda"": 2.3373211597085715, ""subsample"": 0.7002441745845974}"
0,1,173,1,0.6565594,0.732037031612955,0.09589969992274233,"{""colsample_bytree"": 0.44484481215219296, ""learning_rate"": 0.01165597312574718, ""max_depth"": 2, ""min_child_weight"": 4, ""reg_lambda"": 2.3373211597085715, ""subsample"": 0.7002441745845974}"
0,1,175,0,0.48244217,0.45172466504579695,0.06266488418985246,"{""colsample_bytree"": 0.44484481215219296, ""learning_rate"": 0.01165597312574718, ""max_depth"": 2, ""min_child_weight"": 4, ""reg_lambda"": 2.3373211597085715, ""subsample"": 0.7002441745845974}"
0,1,191,0,0.35949853,0.3435955833006463,0.055984482107616265,"{""colsample_bytree"": 0.44484481215219296, ""learning_rate"": 0.01165597312574718, ""max_depth"": 2, ""min_child_weight"": 4, ""reg_lambda"": 2.3373211597085715, ""subsample"": 0.7002441745845974}"
0,1,198,0,0.52962583,0.6141090704618353,0.08802661352418643,"{""colsample_bytree"": 0.44484481215219296, ""learning_rate"": 0.01165597312574718, ""max_depth"": 2, ""min_child_weight"": 4, ""reg_lambda"": 2.3373211597085715, ""subsample"": 0.7002441745845974}"
0,1,203,0,0.28285208,0.22195532620488265,0.06795440263853084,"{""colsample_bytree"": 0.44484481215219296, ""learning_rate"": 0.01165597312574718, ""max_depth"": 2, ""min_child_weight"": 4, ""reg_lambda"": 2.3373211597085715, ""subsample"": 0.7002441745845974}"
0,1,204,0,0.24450465,0.18985510970302089,0.06643361015794791,"{""colsample_bytree"": 0.44484481215219296, ""learning_rate"": 0.01165597312574718, ""max_depth"": 2, ""min_child_weight"": 4, ""reg_lambda"": 2.3373211597085715, ""subsample"": 0.7002441745845974}"
0,1,207,0,0.31952325,0.2777712380189915,0.045073124518696654,"{""colsample_bytree"": 0.44484481215219296, ""learning_rate"": 0.01165597312574718, ""max_depth"": 2, ""min_child_weight"": 4, ""reg_lambda"": 2.3373211597085715, ""subsample"": 0.7002441745845974}"
0,1,210,0,0.21406028,0.1685951280495507,0.05531653950023145,"{""colsample_bytree"": 0.44484481215219296, ""learning_rate"": 0.01165597312574718, ""max_depth"": 2, ""min_child_weight"": 4, ""reg_lambda"": 2.3373211597085715, ""subsample"": 0.7002441745845974}"
0,1,215,0,0.51249784,0.5577699805817469,0.09756294425176398,"{""colsample_bytree"": 0.44484481215219296, ""learning_rate"": 0.01165597312574718, ""max_depth"": 2, ""min_child_weight"": 4, ""reg_lambda"": 2.3373211597085715, ""subsample"": 0.7002441745845974}"
0,1,228,0,0.51540536,0.5147687929513051,0.05954384249324851,"{""colsample_bytree"": 0.44484481215219296, ""learning_rate"": 0.01165597312574718, ""max_depth"": 2, ""min_child_weight"": 4, ""reg_lambda"": 2.3373211597085715, ""subsample"": 0.7002441745845974}"
0,1,245,1,0.39304918,0.40487094018584324,0.043059938401491034,"{""colsample_bytree"": 0.44484481215219296, ""learning_rate"": 0.01165597312574718, ""max_depth"": 2, ""min_child_weight"": 4, ""reg_lambda"": 2.3373211597085715, ""subsample"": 0.7002441745845974}"
0,1,250,0,0.46727768,0.5221350290085283,0.04644919887708474,"{""colsample_bytree"": 0.44484481215219296, ""learning_rate"": 0.01165597312574718, ""max_depth"": 2, ""min_child_weight"": 4, ""reg_lambda"": 2.3373211597085715, ""subsample"": 0.7002441745845974}"
0,1,254,0,0.28113776,0.24339791227575497,0.05634142419292088,"{""colsample_bytree"": 0.44484481215219296, ""learning_rate"": 0.01165597312574718, ""max_depth"": 2, ""min_child_weight"": 4, ""reg_lambda"": 2.3373211597085715, ""subsample"": 0.7002441745845974}"
0,1,259,0,0.49886414,0.5057970836494501,0.055127260954439296,"{""colsample_bytree"": 0.44484481215219296, ""learning_rate"": 0.01165597312574718, ""max_depth"": 2, ""min_child_weight"": 4, ""reg_lambda"": 2.3373211597085715, ""subsample"": 0.7002441745845974}"
0,1,261,0,0.18518968,0.14150062536370972,0.061231797137397646,"{""colsample_bytree"": 0.44484481215219296, ""learning_rate"": 0.01165597312574718, ""max_depth"": 2, ""min_child_weight"": 4, ""reg_lambda"": 2.3373211597085715, ""subsample"": 0.7002441745845974}"
0,1,263,0,0.16551504,0.13469613382325735,0.06639301931518751,"{""colsample_bytree"": 0.44484481215219296, ""learning_rate"": 0.01165597312574718, ""max_depth"": 2, ""min_child_weight"": 4, ""reg_lambda"": 2.3373211597085715, ""subsample"": 0.7002441745845974}"
0,1,268,0,0.20833215,0.1702465175032954,0.07094151655562375,"{""colsample_bytree"": 0.44484481215219296, ""learning_rate"": 0.01165597312574718, ""max_depth"": 2, ""min_child_weight"": 4, ""reg_lambda"": 2.3373211597085715, ""subsample"": 0.7002441745845974}"
0,1,269,0,0.46672454,0.4765959756348338,0.0497367204715372,"{""colsample_bytree"": 0.44484481215219296, ""learning_rate"": 0.01165597312574718, ""max_depth"": 2, ""min_child_weight"": 4, ""reg_lambda"": 2.3373211597085715, ""subsample"": 0.7002441745845974}"
0,1,272,0,0.4016117,0.41601926556921287,0.08097147802235236,"{""colsample_bytree"": 0.44484481215219296, ""learning_rate"": 0.01165597312574718, ""max_depth"": 2, ""min_child_weight"": 4, ""reg_lambda"": 2.3373211597085715, ""subsample"": 0.7002441745845974}"
0,1,276,0,0.24346302,0.2100404121481378,0.06689525217071578,"{""colsample_bytree"": 0.44484481215219296, ""learning_rate"": 0.01165597312574718, ""max_depth"": 2, ""min_child_weight"": 4, ""reg_lambda"": 2.3373211597085715, ""subsample"": 0.7002441745845974}"
0,1,279,1,0.34906983,0.33503401652620013,0.051983618160311384,"{""colsample_bytree"": 0.44484481215219296, ""learning_rate"": 0.01165597312574718, ""max_depth"": 2, ""min_child_weight"": 4, ""reg_lambda"": 2.3373211597085715, ""subsample"": 0.7002441745845974}"
0,1,282,0,0.53460693,0.5362503043606877,0.06408174446230126,"{""colsample_bytree"": 0.44484481215219296, ""learning_rate"": 0.01165597312574718, ""max_depth"": 2, ""min_child_weight"": 4, ""reg_lambda"": 2.3373211597085715, ""subsample"": 0.7002441745845974}"
0,1,296,0,0.27261192,0.21196437590979028,0.06652206508023926,"{""colsample_bytree"": 0.44484481215219296, ""learning_rate"": 0.01165597312574718, ""max_depth"": 2, ""min_child_weight"": 4, ""reg_lambda"": 2.3373211597085715, ""subsample"": 0.7002441745845974}"
0,1,298,1,0.35365745,0.32661069751878635,0.048534866191158106,"{""colsample_bytree"": 0.44484481215219296, ""learning_rate"": 0.01165597312574718, ""max_depth"": 2, ""min_child_weight"": 4, ""reg_lambda"": 2.3373211597085715, ""subsample"": 0.7002441745845974}"
0,2,16,0,0.17779058,0.18311545500304188,0.07508717302349337,"{""colsample_bytree"": 0.8436985553686167, ""learning_rate"": 0.012288600576102933, ""max_depth"": 3, ""min_child_weight"": 9, ""reg_lambda"": 0.27530673942591927, ""subsample"": 0.9286818249717248}"
0,2,17,0,0.3820501,0.29662776750022357,0.09134721586314613,"{""colsample_bytree"": 0.8436985553686167, ""learning_rate"": 0.012288600576102933, ""max_depth"": 3, ""min_child_weight"": 9, ""reg_lambda"": 0.27530673942591927, ""subsample"": 0.9286818249717248}"
0,2,19,1,0.3992747,0.4095900978577669,0.05972192388826469,"{""colsample_bytree"": 0.8436985553686167, ""learning_rate"": 0.012288600576102933, ""max_depth"": 3, ""min_child_weight"": 9, ""reg_lambda"": 0.27530673942591927, ""subsample"": 0.9286818249717248}"
0,2,31,1,0.37420657,0.4039145351341535,0.06621290837065785,"{""colsample_bytree"": 0.8436985553686167, ""learning_rate"": 0.012288600576102933, ""max_depth"": 3, ""min_child_weight"": 9, ""reg_lambda"": 0.27530673942591927, ""subsample"": 0.9286818249717248}"
0,2,34,0,0.32258847,0.326908001211222,0.132780187931573,"{""colsample_bytree"": 0.8436985553686167, ""learning_rate"": 0.012288600576102933, ""max_depth"": 3, ""min_child_weight"": 9, ""reg_lambda"": 0.27530673942591927, ""subsample"": 0.9286818249717248}"
0,2,36,1,0.37254792,0.4100404341371223,0.13210678423490282,"{""colsample_bytree"": 0.8436985553686167, ""learning_rate"": 0.012288600576102933, ""max_depth"": 3, ""min_child_weight"": 9, ""reg_lambda"": 0.27530673942591927, ""subsample"": 0.9286818249717248}"
0,2,54,0,0.24631307,0.24367066083501654,0.058833638072080086,"{""colsample_bytree"": 0.8436985553686167, ""learning_rate"": 0.012288600576102933, ""max_depth"": 3, ""min_child_weight"": 9, ""reg_lambda"": 0.27530673942591927, ""subsample"": 0.9286818249717248}"
0,2,55,1,0.3142764,0.3025576250583457,0.06550306782544028,"{""colsample_bytree"": 0.8436985553686167, ""learning_rate"": 0.012288600576102933, ""max_depth"": 3, ""min_child_weight"": 9, ""reg_lambda"": 0.27530673942591927, ""subsample"": 0.9286818249717248}"
0,2,57,1,0.7531142,0.7403328287217334,0.14354998783094453,"{""colsample_bytree"": 0.8436985553686167, ""learning_rate"": 0.012288600576102933, ""max_depth"": 3, ""min_child_weight"": 9, ""reg_lambda"": 0.27530673942591927, ""subsample"": 0.9286818249717248}"
0,2,65,1,0.2708429,0.2625099320380787,0.0530124615317424,"{""colsample_bytree"": 0.8436985553686167, ""learning_rate"": 0.012288600576102933, ""max_depth"": 3, ""min_child_weight"": 9, ""reg_lambda"": 0.27530673942591927, ""subsample"": 0.9286818249717248}"
0,2,69,1,0.4731588,0.530300552411991,0.09057410121185744,"{""colsample_bytree"": 0.8436985553686167, ""learning_rate"": 0.012288600576102933, ""max_depth"": 3, ""min_child_weight"": 9, ""reg_lambda"": 0.27530673942591927, ""subsample"": 0.9286818249717248}"
0,2,74,1,0.58711576,0.6279274052880108,0.14391991309379565,"{""colsample_bytree"": 0.8436985553686167, ""learning_rate"": 0.012288600576102933, ""max_depth"": 3, ""min_child_weight"": 9, ""reg_lambda"": 0.27530673942591927, ""subsample"": 0.9286818249717248}"
0,2,79,0,0.12959112,0.16855397505336253,0.07343868750723359,"{""colsample_bytree"": 0.8436985553686167, ""learning_rate"": 0.012288600576102933, ""max_depth"": 3, ""min_child_weight"": 9, ""reg_lambda"": 0.27530673942591927, ""subsample"": 0.9286818249717248}"
0,2,80,1,0.4130951,0.48144883936123184,0.055548060935994334,"{""colsample_bytree"": 0.8436985553686167, ""learning_rate"": 0.012288600576102933, ""max_depth"": 3, ""min_child_weight"": 9, ""reg_lambda"": 0.27530673942591927, ""subsample"": 0.9286818249717248}"
0,2,83,0,0.36800823,0.302161408903528,0.067328722361623,"{""colsample_bytree"": 0.8436985553686167, ""learning_rate"": 0.012288600576102933, ""max_depth"": 3, ""min_child_weight"": 9, ""reg_lambda"": 0.27530673942591927, ""subsample"": 0.9286818249717248}"
0,2,84,0,0.38454178,0.4334888890805946,0.11184577445079429,"{""colsample_bytree"": 0.8436985553686167, ""learning_rate"": 0.012288600576102933, ""max_depth"": 3, ""min_child_weight"": 9, ""reg_lambda"": 0.27530673942591927, ""subsample"": 0.9286818249717248}"
0,2,92,1,0.5743177,0.6791992081010665,0.12959243307314777,"{""colsample_bytree"": 0.8436985553686167, ""learning_rate"": 0.012288600576102933, ""max_depth"": 3, ""min_child_weight"": 9, ""reg_lambda"": 0.27530673942591927, ""subsample"": 0.9286818249717248}"
0,2,94,0,0.35350358,0.3172272011193937,0.06449711862984936,"{""colsample_bytree"": 0.8436985553686167, ""learning_rate"": 0.012288600576102933, ""max_depth"": 3, ""min_child_weight"": 9, ""reg_lambda"": 0.27530673942591927, ""subsample"": 0.9286818249717248}"
0,2,99,0,0.25750768,0.26739188943150494,0.08403119748865659,"{""colsample_bytree"": 0.8436985553686167, ""learning_rate"": 0.012288600576102933, ""max_depth"": 3, ""min_child_weight"": 9, ""reg_lambda"": 0.27530673942591927, ""subsample"": 0.9286818249717248}"
0,2,103,1,0.44338986,0.45247162005028574,0.05982604620208677,"{""colsample_bytree"": 0.8436985553686167, ""learning_rate"": 0.012288600576102933, ""max_depth"": 3, ""min_child_weight"": 9, ""reg_lambda"": 0.27530673942591927, ""subsample"": 0.9286818249717248}"
0,2,116,0,0.3902314,0.3452936411361791,0.05074656114456996,"{""colsample_bytree"": 0.8436985553686167, ""learning_rate"": 0.012288600576102933, ""max_depth"": 3, ""min_child_weight"": 9, ""reg_lambda"": 0.27530673942591927, ""subsample"": 0.9286818249717248}"
0,2,125,1,0.29606667,0.25502919059136053,0.05613683620488575,"{""colsample_bytree"": 0.8436985553686167, ""learning_rate"": 0.012288600576102933, ""max_depth"": 3, ""min_child_weight"": 9, ""reg_lambda"": 0.27530673942591927, ""subsample"": 0.9286818249717248}"
0,2,128,0,0.46470276,0.46817815045486527,0.09722188082434413,"{""colsample_bytree"": 0.8436985553686167, ""learning_rate"": 0.012288600576102933, ""max_depth"": 3, ""min_child_weight"": 9, ""reg_lambda"": 0.27530673942591927, ""subsample"": 0.9286818249717248}"
0,2,132,0,0.5182498,0.4807408566090043,0.052387960078073184,"{""colsample_bytree"": 0.8436985553686167, ""learning_rate"": 0.012288600576102933, ""max_depth"": 3, ""min_child_weight"": 9, ""reg_lambda"": 0.27530673942591927, ""subsample"": 0.9286818249717248}"
0,2,139,1,0.37032178,0.43727243224953743,0.04877214681403495,"{""colsample_bytree"": 0.8436985553686167, ""learning_rate"": 0.012288600576102933, ""max_depth"": 3, ""min_child_weight"": 9, ""reg_lambda"": 0.27530673942591927, ""subsample"": 0.9286818249717248}"
0,2,143,0,0.16194749,0.18891494663580194,0.06339757123570643,"{""colsample_bytree"": 0.8436985553686167, ""learning_rate"": 0.012288600576102933, ""max_depth"": 3, ""min_child_weight"": 9, ""reg_lambda"": 0.27530673942591927, ""subsample"": 0.9286818249717248}"
0,2,151,0,0.32659373,0.3131616393025058,0.049446877363427885,"{""colsample_bytree"": 0.8436985553686167, ""learning_rate"": 0.012288600576102933, ""max_depth"": 3, ""min_child_weight"": 9, ""reg_lambda"": 0.27530673942591927, ""subsample"": 0.9286818249717248}"
0,2,153,0,0.36945188,0.41098120134716554,0.06214104555878638,"{""colsample_bytree"": 0.8436985553686167, ""learning_rate"": 0.012288600576102933, ""max_depth"": 3, ""min_child_weight"": 9, ""reg_lambda"": 0.27530673942591927, ""subsample"": 0.9286818249717248}"
0,2,164,1,0.72047013,0.7625876263958695,0.1389699950456468,"{""colsample_bytree"": 0.8436985553686167, ""learning_rate"": 0.012288600576102933, ""max_depth"": 3, ""min_child_weight"": 9, ""reg_lambda"": 0.27530673942591927, ""subsample"": 0.9286818249717248}"
0,2,168,0,0.1361124,0.15738986309839295,0.0788209829801265,"{""colsample_bytree"": 0.8436985553686167, ""learning_rate"": 0.012288600576102933, ""max_depth"": 3, ""min_child_weight"": 9, ""reg_lambda"": 0.27530673942591927, ""subsample"": 0.9286818249717248}"
0,2,181,1,0.5164832,0.5733870980432895,0.0884197562602729,"{""colsample_bytree"": 0.8436985553686167, ""learning_rate"": 0.012288600576102933, ""max_depth"": 3, ""min_child_weight"": 9, ""reg_lambda"": 0.27530673942591927, ""subsample"": 0.9286818249717248}"
0,2,182,1,0.40480956,0.40660313425976613,0.11577914609858482,"{""colsample_bytree"": 0.8436985553686167, ""learning_rate"": 0.012288600576102933, ""max_depth"": 3, ""min_child_weight"": 9, ""reg_lambda"": 0.27530673942591927, ""subsample"": 0.9286818249717248}"
0,2,186,0,0.61056024,0.6542853450980897,0.12711452571386442,"{""colsample_bytree"": 0.8436985553686167, ""learning_rate"": 0.012288600576102933, ""max_depth"": 3, ""min_child_weight"": 9, ""reg_lambda"": 0.27530673942591927, ""subsample"": 0.9286818249717248}"
0,2,187,1,0.5116485,0.613395135138819,0.09326036841064364,"{""colsample_bytree"": 0.8436985553686167, ""learning_rate"": 0.012288600576102933, ""max_depth"": 3, ""min_child_weight"": 9, ""reg_lambda"": 0.27530673942591927, ""subsample"": 0.9286818249717248}"
0,2,188,0,0.20176734,0.2427322464862475,0.07586305370406471,"{""colsample_bytree"": 0.8436985553686167, ""learning_rate"": 0.012288600576102933, ""max_depth"": 3, ""min_child_weight"": 9, ""reg_lambda"": 0.27530673942591927, ""subsample"": 0.9286818249717248}"
0,2,190,0,0.3130371,0.30083548708426405,0.045786777147098,"{""colsample_bytree"": 0.8436985553686167, ""learning_rate"": 0.012288600576102933, ""max_depth"": 3, ""min_child_weight"": 9, ""reg_lambda"": 0.27530673942591927, ""subsample"": 0.9286818249717248}"
0,2,193,0,0.21699338,0.22642426876660018,0.0809853650593078,"{""colsample_bytree"": 0.8436985553686167, ""learning_rate"": 0.012288600576102933, ""max_depth"": 3, ""min_child_weight"": 9, ""reg_lambda"": 0.27530673942591927, ""subsample"": 0.9286818249717248}"
0,2,194,0,0.28335422,0.2385914328162147,0.056459873099975535,"{""colsample_bytree"": 0.8436985553686167, ""learning_rate"": 0.012288600576102933, ""max_depth"": 3, ""min_child_weight"": 9, ""reg_lambda"": 0.27530673942591927, ""subsample"": 0.9286818249717248}"
0,2,199,0,0.23972498,0.2616050049966402,0.09406846387621823,"{""colsample_bytree"": 0.8436985553686167, ""learning_rate"": 0.012288600576102933, ""max_depth"": 3, ""min_child_weight"": 9, ""reg_lambda"": 0.27530673942591927, ""subsample"": 0.9286818249717248}"
0,2,202,1,0.7504952,0.7555585377216301,0.14035182368770607,"{""colsample_bytree"": 0.8436985553686167, ""learning_rate"": 0.012288600576102933, ""max_depth"": 3, ""min_child_weight"": 9, ""reg_lambda"": 0.27530673942591927, ""subsample"": 0.9286818249717248}"
0,2,214,0,0.46542743,0.5021790907752403,0.12410701543546564,"{""colsample_bytree"": 0.8436985553686167, ""learning_rate"": 0.012288600576102933, ""max_depth"": 3, ""min_child_weight"": 9, ""reg_lambda"": 0.27530673942591927, ""subsample"": 0.9286818249717248}"
0,2,222,1,0.502289,0.527614672549358,0.09193102213619453,"{""colsample_bytree"": 0.8436985553686167, ""learning_rate"": 0.012288600576102933, ""max_depth"": 3, ""min_child_weight"": 9, ""reg_lambda"": 0.27530673942591927, ""subsample"": 0.9286818249717248}"
0,2,230,0,0.74547935,0.7160445527991656,0.14099290212499216,"{""colsample_bytree"": 0.8436985553686167, ""learning_rate"": 0.012288600576102933, ""max_depth"": 3, ""min_child_weight"": 9, ""reg_lambda"": 0.27530673942591927, ""subsample"": 0.9286818249717248}"
0,2,234,0,0.23693138,0.24203265376732963,0.05680170566849371,"{""colsample_bytree"": 0.8436985553686167, ""learning_rate"": 0.012288600576102933, ""max_depth"": 3, ""min_child_weight"": 9, ""reg_lambda"": 0.27530673942591927, ""subsample"": 0.9286818249717248}"
0,2,235,1,0.52759457,0.5891634375388737,0.1334942377175427,"{""colsample_bytree"": 0.8436985553686167, ""learning_rate"": 0.012288600576102933, ""max_depth"": 3, ""min_child_weight"": 9, ""reg_lambda"": 0.27530673942591927, ""subsample"": 0.9286818249717248}"
0,2,237,0,0.2833301,0.23740561060565493,0.061161154335300505,"{""colsample_bytree"": 0.8436985553686167, ""learning_rate"": 0.012288600576102933, ""max_depth"": 3, ""min_child_weight"": 9, ""reg_lambda"": 0.27530673942591927, ""subsample"": 0.9286818249717248}"
0,2,238,0,0.39066052,0.37798427885601377,0.07084422755804512,"{""colsample_bytree"": 0.8436985553686167, ""learning_rate"": 0.012288600576102933, ""max_depth"": 3, ""min_child_weight"": 9, ""reg_lambda"": 0.27530673942591927, ""subsample"": 0.9286818249717248}"
0,2,242,0,0.5051273,0.44451722821496775,0.09267478114981755,"{""colsample_bytree"": 0.8436985553686167, ""learning_rate"": 0.012288600576102933, ""max_depth"": 3, ""min_child_weight"": 9, ""reg_lambda"": 0.27530673942591927, ""subsample"": 0.9286818249717248}"
0,2,249,1,0.52467024,0.5627247363434378,0.12792458226777098,"{""colsample_bytree"": 0.8436985553686167, ""learning_rate"": 0.012288600576102933, ""max_depth"": 3, ""min_child_weight"": 9, ""reg_lambda"": 0.27530673942591927, ""subsample"": 0.9286818249717248}"
0,2,260,1,0.35374433,0.3631206445564711,0.023132072694714123,"{""colsample_bytree"": 0.8436985553686167, ""learning_rate"": 0.012288600576102933, ""max_depth"": 3, ""min_child_weight"": 9, ""reg_lambda"": 0.27530673942591927, ""subsample"": 0.9286818249717248}"
0,2,262,0,0.4476725,0.39801988451716896,0.027779869436302725,"{""colsample_bytree"": 0.8436985553686167, ""learning_rate"": 0.012288600576102933, ""max_depth"": 3, ""min_child_weight"": 9, ""reg_lambda"": 0.27530673942591927, ""subsample"": 0.9286818249717248}"
0,2,265,1,0.3169007,0.2804895470203327,0.05721353796574739,"{""colsample_bytree"": 0.8436985553686167, ""learning_rate"": 0.012288600576102933, ""max_depth"": 3, ""min_child_weight"": 9, ""reg_lambda"": 0.27530673942591927, ""subsample"": 0.9286818249717248}"
0,2,270,0,0.13899742,0.1454376968082602,0.08324454868575658,"{""colsample_bytree"": 0.8436985553686167, ""learning_rate"": 0.012288600576102933, ""max_depth"": 3, ""min_child_weight"": 9, ""reg_lambda"": 0.27530673942591927, ""subsample"": 0.9286818249717248}"
0,2,281,1,0.276602,0.26247331805640894,0.04745841330801095,"{""colsample_bytree"": 0.8436985553686167, ""learning_rate"": 0.012288600576102933, ""max_depth"": 3, ""min_child_weight"": 9, ""reg_lambda"": 0.27530673942591927, ""subsample"": 0.9286818249717248}"
0,2,286,0,0.48864508,0.4827790139283564,0.13395262319162568,"{""colsample_bytree"": 0.8436985553686167, ""learning_rate"": 0.012288600576102933, ""max_depth"": 3, ""min_child_weight"": 9, ""reg_lambda"": 0.27530673942591927, ""subsample"": 0.9286818249717248}"
0,2,287,0,0.3539364,0.36185079336589016,0.10163371821833254,"{""colsample_bytree"": 0.8436985553686167, ""learning_rate"": 0.012288600576102933, ""max_depth"": 3, ""min_child_weight"": 9, ""reg_lambda"": 0.27530673942591927, ""subsample"": 0.9286818249717248}"
0,2,290,0,0.40963405,0.4355559488824349,0.08527160525486709,"{""colsample_bytree"": 0.8436985553686167, ""learning_rate"": 0.012288600576102933, ""max_depth"": 3, ""min_child_weight"": 9, ""reg_lambda"": 0.27530673942591927, ""subsample"": 0.9286818249717248}"
0,2,291,0,0.20197278,0.1961051551275882,0.08395272064820329,"{""colsample_bytree"": 0.8436985553686167, ""learning_rate"": 0.012288600576102933, ""max_depth"": 3, ""min_child_weight"": 9, ""reg_lambda"": 0.27530673942591927, ""subsample"": 0.9286818249717248}"
0,2,297,0,0.14871742,0.1609218203110589,0.07445616558750506,"{""colsample_bytree"": 0.8436985553686167, ""learning_rate"": 0.012288600576102933, ""max_depth"": 3, ""min_child_weight"": 9, ""reg_lambda"": 0.27530673942591927, ""subsample"": 0.9286818249717248}"
0,2,300,0,0.14666033,0.15202388058232216,0.08461234452376028,"{""colsample_bytree"": 0.8436985553686167, ""learning_rate"": 0.012288600576102933, ""max_depth"": 3, ""min_child_weight"": 9, ""reg_lambda"": 0.27530673942591927, ""subsample"": 0.9286818249717248}"
0,2,302,0,0.4147627,0.3337825104378994,0.027616401161615792,"{""colsample_bytree"": 0.8436985553686167, ""learning_rate"": 0.012288600576102933, ""max_depth"": 3, ""min_child_weight"": 9, ""reg_lambda"": 0.27530673942591927, ""subsample"": 0.9286818249717248}"
0,3,4,0,0.055004284,0.16752302888839304,0.07776515525186382,"{""colsample_bytree"": 0.99340690808536, ""learning_rate"": 0.0648252494224361, ""max_depth"": 2, ""min_child_weight"": 6, ""reg_lambda"": 1.0537501328571068, ""subsample"": 0.7891231879021942}"
0,3,14,0,0.28995603,0.3214559774572388,0.13603457061956642,"{""colsample_bytree"": 0.99340690808536, ""learning_rate"": 0.0648252494224361, ""max_depth"": 2, ""min_child_weight"": 6, ""reg_lambda"": 1.0537501328571068, ""subsample"": 0.7891231879021942}"
0,3,22,1,0.74324983,0.7156733894798318,0.09226798856874527,"{""colsample_bytree"": 0.99340690808536, ""learning_rate"": 0.0648252494224361, ""max_depth"": 2, ""min_child_weight"": 6, ""reg_lambda"": 1.0537501328571068, ""subsample"": 0.7891231879021942}"
0,3,40,0,0.38141295,0.4304357939373368,0.1614251855191115,"{""colsample_bytree"": 0.99340690808536, ""learning_rate"": 0.0648252494224361, ""max_depth"": 2, ""min_child_weight"": 6, ""reg_lambda"": 1.0537501328571068, ""subsample"": 0.7891231879021942}"
0,3,41,0,0.18278615,0.2088053273564931,0.060721033051818044,"{""colsample_bytree"": 0.99340690808536, ""learning_rate"": 0.0648252494224361, ""max_depth"": 2, ""min_child_weight"": 6, ""reg_lambda"": 1.0537501328571068, ""subsample"": 0.7891231879021942}"
0,3,44,0,0.17631114,0.23158846057559793,0.09582866421963022,"{""colsample_bytree"": 0.99340690808536, ""learning_rate"": 0.0648252494224361, ""max_depth"": 2, ""min_child_weight"": 6, ""reg_lambda"": 1.0537501328571068, ""subsample"": 0.7891231879021942}"
0,3,50,1,0.70930225,0.596175819511205,0.1223108104648157,"{""colsample_bytree"": 0.99340690808536, ""learning_rate"": 0.0648252494224361, ""max_depth"": 2, ""min_child_weight"": 6, ""reg_lambda"": 1.0537501328571068, ""subsample"": 0.7891231879021942}"
0,3,53,0,0.29783794,0.29362394164916383,0.05936962689517537,"{""colsample_bytree"": 0.99340690808536, ""learning_rate"": 0.0648252494224361, ""max_depth"": 2, ""min_child_weight"": 6, ""reg_lambda"": 1.0537501328571068, ""subsample"": 0.7891231879021942}"
0,3,56,1,0.22398299,0.2422152100925789,0.06806787720828894,"{""colsample_bytree"": 0.99340690808536, ""learning_rate"": 0.0648252494224361, ""max_depth"": 2, ""min_child_weight"": 6, ""reg_lambda"": 1.0537501328571068, ""subsample"": 0.7891231879021942}"
0,3,61,0,0.20759039,0.20328078029110466,0.07728746428702424,"{""colsample_bytree"": 0.99340690808536, ""learning_rate"": 0.0648252494224361, ""max_depth"": 2, ""min_child_weight"": 6, ""reg_lambda"": 1.0537501328571068, ""subsample"": 0.7891231879021942}"
0,3,62,0,0.2789809,0.3747535354785218,0.13006039314746307,"{""colsample_bytree"": 0.99340690808536, ""learning_rate"": 0.0648252494224361, ""max_depth"": 2, ""min_child_weight"": 6, ""reg_lambda"": 1.0537501328571068, ""subsample"": 0.7891231879021942}"
0,3,63,1,0.42577124,0.40578511447761934,0.02117997948617691,"{""colsample_bytree"": 0.99340690808536, ""learning_rate"": 0.0648252494224361, ""max_depth"": 2, ""min_child_weight"": 6, ""reg_lambda"": 1.0537501328571068, ""subsample"": 0.7891231879021942}"
0,3,71,1,0.69340396,0.7273223608288146,0.10538126496306102,"{""colsample_bytree"": 0.99340690808536, ""learning_rate"": 0.0648252494224361, ""max_depth"": 2, ""min_child_weight"": 6, ""reg_lambda"": 1.0537501328571068, ""subsample"": 0.7891231879021942}"
0,3,76,0,0.82411605,0.7109111172809515,0.08978255399896828,"{""colsample_bytree"": 0.99340690808536, ""learning_rate"": 0.0648252494224361, ""max_depth"": 2, ""min_child_weight"": 6, ""reg_lambda"": 1.0537501328571068, ""subsample"": 0.7891231879021942}"
0,3,81,0,0.65363836,0.5354801303265595,0.20253715309452147,"{""colsample_bytree"": 0.99340690808536, ""learning_rate"": 0.0648252494224361, ""max_depth"": 2, ""min_child_weight"": 6, ""reg_lambda"": 1.0537501328571068, ""subsample"": 0.7891231879021942}"
0,3,87,1,0.592945,0.6018513284396395,0.12849603247389588,"{""colsample_bytree"": 0.99340690808536, ""learning_rate"": 0.0648252494224361, ""max_depth"": 2, ""min_child_weight"": 6, ""reg_lambda"": 1.0537501328571068, ""subsample"": 0.7891231879021942}"
0,3,90,1,0.79873496,0.6666843401049103,0.15785357021613733,"{""colsample_bytree"": 0.99340690808536, ""learning_rate"": 0.0648252494224361, ""max_depth"": 2, ""min_child_weight"": 6, ""reg_lambda"": 1.0537501328571068, ""subsample"": 0.7891231879021942}"
0,3,93,0,0.9003818,0.7390580754248555,0.11624252931982267,"{""colsample_bytree"": 0.99340690808536, ""learning_rate"": 0.0648252494224361, ""max_depth"": 2, ""min_child_weight"": 6, ""reg_lambda"": 1.0537501328571068, ""subsample"": 0.7891231879021942}"
0,3,105,0,0.05186319,0.16519157958042072,0.07454875262933897,"{""colsample_bytree"": 0.99340690808536, ""learning_rate"": 0.0648252494224361, ""max_depth"": 2, ""min_child_weight"": 6, ""reg_lambda"": 1.0537501328571068, ""subsample"": 0.7891231879021942}"
0,3,109,1,0.6668166,0.5495950193332104,0.05483314593462632,"{""colsample_bytree"": 0.99340690808536, ""learning_rate"": 0.0648252494224361, ""max_depth"": 2, ""min_child_weight"": 6, ""reg_lambda"": 1.0537501328571068, ""subsample"": 0.7891231879021942}"
0,3,110,1,0.37119126,0.3753167093781957,0.07886218544732981,"{""colsample_bytree"": 0.99340690808536, ""learning_rate"": 0.0648252494224361, ""max_depth"": 2, ""min_child_weight"": 6, ""reg_lambda"": 1.0537501328571068, ""subsample"": 0.7891231879021942}"
0,3,111,1,0.4779801,0.46993207664463005,0.08054100348271215,"{""colsample_bytree"": 0.99340690808536, ""learning_rate"": 0.0648252494224361, ""max_depth"": 2, ""min_child_weight"": 6, ""reg_lambda"": 1.0537501328571068, ""subsample"": 0.7891231879021942}"
0,3,123,1,0.6822398,0.6618455637906621,0.1792178071384007,"{""colsample_bytree"": 0.99340690808536, ""learning_rate"": 0.0648252494224361, ""max_depth"": 2, ""min_child_weight"": 6, ""reg_lambda"": 1.0537501328571068, ""subsample"": 0.7891231879021942}"
0,3,127,0,0.7467613,0.6997259352059751,0.15243927061887047,"{""colsample_bytree"": 0.99340690808536, ""learning_rate"": 0.0648252494224361, ""max_depth"": 2, ""min_child_weight"": 6, ""reg_lambda"": 1.0537501328571068, ""subsample"": 0.7891231879021942}"
0,3,130,0,0.1971446,0.23552486617904383,0.06069089875204871,"{""colsample_bytree"": 0.99340690808536, ""learning_rate"": 0.0648252494224361, ""max_depth"": 2, ""min_child_weight"": 6, ""reg_lambda"": 1.0537501328571068, ""subsample"": 0.7891231879021942}"
0,3,133,0,0.09108557,0.18244652864161015,0.07879429766774729,"{""colsample_bytree"": 0.99340690808536, ""learning_rate"": 0.0648252494224361, ""max_depth"": 2, ""min_child_weight"": 6, ""reg_lambda"": 1.0537501328571068, ""subsample"": 0.7891231879021942}"
0,3,134,0,0.22136946,0.25540495445595274,0.1331797906860376,"{""colsample_bytree"": 0.99340690808536, ""learning_rate"": 0.0648252494224361, ""max_depth"": 2, ""min_child_weight"": 6, ""reg_lambda"": 1.0537501328571068, ""subsample"": 0.7891231879021942}"
0,3,137,0,0.16711853,0.32156046614045153,0.08334435289236213,"{""colsample_bytree"": 0.99340690808536, ""learning_rate"": 0.0648252494224361, ""max_depth"": 2, ""min_child_weight"": 6, ""reg_lambda"": 1.0537501328571068, ""subsample"": 0.7891231879021942}"
0,3,138,1,0.3098994,0.3682067538485064,0.1365418335346616,"{""colsample_bytree"": 0.99340690808536, ""learning_rate"": 0.0648252494224361, ""max_depth"": 2, ""min_child_weight"": 6, ""reg_lambda"": 1.0537501328571068, ""subsample"": 0.7891231879021942}"
0,3,142,1,0.061713263,0.169365589954442,0.0754073907951123,"{""colsample_bytree"": 0.99340690808536, ""learning_rate"": 0.0648252494224361, ""max_depth"": 2, ""min_child_weight"": 6, ""reg_lambda"": 1.0537501328571068, ""subsample"": 0.7891231879021942}"
0,3,145,1,0.56346303,0.599709683710251,0.12832398202897868,"{""colsample_bytree"": 0.99340690808536, ""learning_rate"": 0.0648252494224361, ""max_depth"": 2, ""min_child_weight"": 6, ""reg_lambda"": 1.0537501328571068, ""subsample"": 0.7891231879021942}"
0,3,149,1,0.16569325,0.23283382100614988,0.06819565054726388,"{""colsample_bytree"": 0.99340690808536, ""learning_rate"": 0.0648252494224361, ""max_depth"": 2, ""min_child_weight"": 6, ""reg_lambda"": 1.0537501328571068, ""subsample"": 0.7891231879021942}"
0,3,152,0,0.17266972,0.21831972323785473,0.1132188094842576,"{""colsample_bytree"": 0.99340690808536, ""learning_rate"": 0.0648252494224361, ""max_depth"": 2, ""min_child_weight"": 6, ""reg_lambda"": 1.0537501328571068, ""subsample"": 0.7891231879021942}"
0,3,156,1,0.3029774,0.32928137151738496,0.11255820691506431,"{""colsample_bytree"": 0.99340690808536, ""learning_rate"": 0.0648252494224361, ""max_depth"": 2, ""min_child_weight"": 6, ""reg_lambda"": 1.0537501328571068, ""subsample"": 0.7891231879021942}"
0,3,160,0,0.2912017,0.29499633183639296,0.11883943360420512,"{""colsample_bytree"": 0.99340690808536, ""learning_rate"": 0.0648252494224361, ""max_depth"": 2, ""min_child_weight"": 6, ""reg_lambda"": 1.0537501328571068, ""subsample"": 0.7891231879021942}"
0,3,161,0,0.81274486,0.7614604077401305,0.12115853665485661,"{""colsample_bytree"": 0.99340690808536, ""learning_rate"": 0.0648252494224361, ""max_depth"": 2, ""min_child_weight"": 6, ""reg_lambda"": 1.0537501328571068, ""subsample"": 0.7891231879021942}"
0,3,165,0,0.57015586,0.4942797023571,0.07826210844748872,"{""colsample_bytree"": 0.99340690808536, ""learning_rate"": 0.0648252494224361, ""max_depth"": 2, ""min_child_weight"": 6, ""reg_lambda"": 1.0537501328571068, ""subsample"": 0.7891231879021942}"
0,3,176,0,0.12130019,0.2261090798143453,0.04040448881507391,"{""colsample_bytree"": 0.99340690808536, ""learning_rate"": 0.0648252494224361, ""max_depth"": 2, ""min_child_weight"": 6, ""reg_lambda"": 1.0537501328571068, ""subsample"": 0.7891231879021942}"
0,3,178,1,0.84773076,0.7170426048094727,0.11758305059938116,"{""colsample_bytree"": 0.99340690808536, ""learning_rate"": 0.0648252494224361, ""max_depth"": 2, ""min_child_weight"": 6, ""reg_lambda"": 1.0537501328571068, ""subsample"": 0.7891231879021942}"
0,3,179,0,0.5306744,0.5559899349496955,0.10395699059979696,"{""colsample_bytree"": 0.99340690808536, ""learning_rate"": 0.0648252494224361, ""max_depth"": 2, ""min_child_weight"": 6, ""reg_lambda"": 1.0537501328571068, ""subsample"": 0.7891231879021942}"
0,3,184,1,0.21296461,0.27073807028122093,0.08964933017995554,"{""colsample_bytree"": 0.99340690808536, ""learning_rate"": 0.0648252494224361, ""max_depth"": 2, ""min_child_weight"": 6, ""reg_lambda"": 1.0537501328571068, ""subsample"": 0.7891231879021942}"
0,3,185,0,0.20128529,0.32089570186009725,0.08722656745638911,"{""colsample_bytree"": 0.99340690808536, ""learning_rate"": 0.0648252494224361, ""max_depth"": 2, ""min_child_weight"": 6, ""reg_lambda"": 1.0537501328571068, ""subsample"": 0.7891231879021942}"
0,3,192,0,0.009655277,0.13963779071196675,0.07287400792976949,"{""colsample_bytree"": 0.99340690808536, ""learning_rate"": 0.0648252494224361, ""max_depth"": 2, ""min_child_weight"": 6, ""reg_lambda"": 1.0537501328571068, ""subsample"": 0.7891231879021942}"
0,3,200,0,0.17256457,0.2459379959042262,0.07077667302610255,"{""colsample_bytree"": 0.99340690808536, ""learning_rate"": 0.0648252494224361, ""max_depth"": 2, ""min_child_weight"": 6, ""reg_lambda"": 1.0537501328571068, ""subsample"": 0.7891231879021942}"
0,3,208,0,0.4581045,0.3383346334648627,0.0969829787707776,"{""colsample_bytree"": 0.99340690808536, ""learning_rate"": 0.0648252494224361, ""max_depth"": 2, ""min_child_weight"": 6, ""reg_lambda"": 1.0537501328571068, ""subsample"": 0.7891231879021942}"
0,3,209,0,0.7413816,0.72183395984513,0.15493226351898098,"{""colsample_bytree"": 0.99340690808536, ""learning_rate"": 0.0648252494224361, ""max_depth"": 2, ""min_child_weight"": 6, ""reg_lambda"": 1.0537501328571068, ""subsample"": 0.7891231879021942}"
0,3,212,0,0.024761055,0.14860705357294654,0.07258221681380013,"{""colsample_bytree"": 0.99340690808536, ""learning_rate"": 0.0648252494224361, ""max_depth"": 2, ""min_child_weight"": 6, ""reg_lambda"": 1.0537501328571068, ""subsample"": 0.7891231879021942}"
0,3,213,0,0.8474237,0.7453753609412368,0.1525393033693855,"{""colsample_bytree"": 0.99340690808536, ""learning_rate"": 0.0648252494224361, ""max_depth"": 2, ""min_child_weight"": 6, ""reg_lambda"": 1.0537501328571068, ""subsample"": 0.7891231879021942}"
0,3,217,0,0.10090869,0.19268316695465876,0.06946723825200564,"{""colsample_bytree"": 0.99340690808536, ""learning_rate"": 0.0648252494224361, ""max_depth"": 2, ""min_child_weight"": 6, ""reg_lambda"": 1.0537501328571068, ""subsample"": 0.7891231879021942}"
0,3,221,1,0.35474965,0.47213811647466536,0.08832564250552712,"{""colsample_bytree"": 0.99340690808536, ""learning_rate"": 0.0648252494224361, ""max_depth"": 2, ""min_child_weight"": 6, ""reg_lambda"": 1.0537501328571068, ""subsample"": 0.7891231879021942}"
0,3,223,1,0.3124435,0.3047156220492524,0.03069399757487024,"{""colsample_bytree"": 0.99340690808536, ""learning_rate"": 0.0648252494224361, ""max_depth"": 2, ""min_child_weight"": 6, ""reg_lambda"": 1.0537501328571068, ""subsample"": 0.7891231879021942}"
0,3,232,1,0.207668,0.2305806233845491,0.07155491493828181,"{""colsample_bytree"": 0.99340690808536, ""learning_rate"": 0.0648252494224361, ""max_depth"": 2, ""min_child_weight"": 6, ""reg_lambda"": 1.0537501328571068, ""subsample"": 0.7891231879021942}"
0,3,252,0,0.6338798,0.6072476042492287,0.17575534788920763,"{""colsample_bytree"": 0.99340690808536, ""learning_rate"": 0.0648252494224361, ""max_depth"": 2, ""min_child_weight"": 6, ""reg_lambda"": 1.0537501328571068, ""subsample"": 0.7891231879021942}"
0,3,256,0,0.10431872,0.18348568324236397,0.08060427301584193,"{""colsample_bytree"": 0.99340690808536, ""learning_rate"": 0.0648252494224361, ""max_depth"": 2, ""min_child_weight"": 6, ""reg_lambda"": 1.0537501328571068, ""subsample"": 0.7891231879021942}"
0,3,267,1,0.5008557,0.4539579109523967,0.08346808613626755,"{""colsample_bytree"": 0.99340690808536, ""learning_rate"": 0.0648252494224361, ""max_depth"": 2, ""min_child_weight"": 6, ""reg_lambda"": 1.0537501328571068, ""subsample"": 0.7891231879021942}"
0,3,275,0,0.1841321,0.26459572194018877,0.06344055670858328,"{""colsample_bytree"": 0.99340690808536, ""learning_rate"": 0.0648252494224361, ""max_depth"": 2, ""min_child_weight"": 6, ""reg_lambda"": 1.0537501328571068, ""subsample"": 0.7891231879021942}"
0,3,284,0,0.71166027,0.6010165602662981,0.15316435949163268,"{""colsample_bytree"": 0.99340690808536, ""learning_rate"": 0.0648252494224361, ""max_depth"": 2, ""min_child_weight"": 6, ""reg_lambda"": 1.0537501328571068, ""subsample"": 0.7891231879021942}"
0,3,288,1,0.044546463,0.15913268671891492,0.07912187165525614,"{""colsample_bytree"": 0.99340690808536, ""learning_rate"": 0.0648252494224361, ""max_depth"": 2, ""min_child_weight"": 6, ""reg_lambda"": 1.0537501328571068, ""subsample"": 0.7891231879021942}"
0,3,289,0,0.07043558,0.17753405236332448,0.09049478170440396,"{""colsample_bytree"": 0.99340690808536, ""learning_rate"": 0.0648252494224361, ""max_depth"": 2, ""min_child_weight"": 6, ""reg_lambda"": 1.0537501328571068, ""subsample"": 0.7891231879021942}"
0,3,292,0,0.24025106,0.5011621297797098,0.2010172316112634,"{""colsample_bytree"": 0.99340690808536, ""learning_rate"": 0.0648252494224361, ""max_depth"": 2, ""min_child_weight"": 6, ""reg_lambda"": 1.0537501328571068, ""subsample"": 0.7891231879021942}"
0,4,3,0,0.3293097,0.3594776012853239,0.10026895855724388,"{""colsample_bytree"": 0.6385347682565252, ""learning_rate"": 0.06722575126319247, ""max_depth"": 2, ""min_child_weight"": 6, ""reg_lambda"": 1.3170923910634593, ""subsample"": 0.6930977604886663}"
0,4,6,0,0.115249574,0.220860383338679,0.026557537505070908,"{""colsample_bytree"": 0.6385347682565252, ""learning_rate"": 0.06722575126319247, ""max_depth"": 2, ""min_child_weight"": 6, ""reg_lambda"": 1.3170923910634593, ""subsample"": 0.6930977604886663}"
0,4,15,1,0.60267866,0.47803825586271254,0.1402097926146153,"{""colsample_bytree"": 0.6385347682565252, ""learning_rate"": 0.06722575126319247, ""max_depth"": 2, ""min_child_weight"": 6, ""reg_lambda"": 1.3170923910634593, ""subsample"": 0.6930977604886663}"
0,4,18,0,0.44100258,0.5743817892940607,0.11426174175866162,"{""colsample_bytree"": 0.6385347682565252, ""learning_rate"": 0.06722575126319247, ""max_depth"": 2, ""min_child_weight"": 6, ""reg_lambda"": 1.3170923910634593, ""subsample"": 0.6930977604886663}"
0,4,20,1,0.10662691,0.23820401027828314,0.05622279191040285,"{""colsample_bytree"": 0.6385347682565252, ""learning_rate"": 0.06722575126319247, ""max_depth"": 2, ""min_child_weight"": 6, ""reg_lambda"": 1.3170923910634593, ""subsample"": 0.6930977604886663}"
0,4,24,0,0.3819277,0.3858920441945683,0.0833107640240886,"{""colsample_bytree"": 0.6385347682565252, ""learning_rate"": 0.06722575126319247, ""max_depth"": 2, ""min_child_weight"": 6, ""reg_lambda"": 1.3170923910634593, ""subsample"": 0.6930977604886663}"
0,4,32,1,0.5330004,0.5074398264391482,0.1745841519179976,"{""colsample_bytree"": 0.6385347682565252, ""learning_rate"": 0.06722575126319247, ""max_depth"": 2, ""min_child_weight"": 6, ""reg_lambda"": 1.3170923910634593, ""subsample"": 0.6930977604886663}"
0,4,37,1,0.14332588,0.21618570435669754,0.05741677125391024,"{""colsample_bytree"": 0.6385347682565252, ""learning_rate"": 0.06722575126319247, ""max_depth"": 2, ""min_child_weight"": 6, ""reg_lambda"": 1.3170923910634593, ""subsample"": 0.6930977604886663}"
0,4,38,0,0.27717134,0.3291467463952883,0.033615812798174494,"{""colsample_bytree"": 0.6385347682565252, ""learning_rate"": 0.06722575126319247, ""max_depth"": 2, ""min_child_weight"": 6, ""reg_lambda"": 1.3170923910634593, ""subsample"": 0.6930977604886663}"
0,4,51,1,0.5238096,0.49085371809879846,0.1255299558847397,"{""colsample_bytree"": 0.6385347682565252, ""learning_rate"": 0.06722575126319247, ""max_depth"": 2, ""min_child_weight"": 6, ""reg_lambda"": 1.3170923910634593, ""subsample"": 0.6930977604886663}"
0,4,52,0,0.69155335,0.630181117920495,0.14617745025022377,"{""colsample_bytree"": 0.6385347682565252, ""learning_rate"": 0.06722575126319247, ""max_depth"": 2, ""min_child_weight"": 6, ""reg_lambda"": 1.3170923910634593, ""subsample"": 0.6930977604886663}"
0,4,67,0,0.23699716,0.2861584639907946,0.05123772912406118,"{""colsample_bytree"": 0.6385347682565252, ""learning_rate"": 0.06722575126319247, ""max_depth"": 2, ""min_child_weight"": 6, ""reg_lambda"": 1.3170923910634593, ""subsample"": 0.6930977604886663}"
0,4,86,1,0.36730266,0.3681588540909812,0.07315708318028401,"{""colsample_bytree"": 0.6385347682565252, ""learning_rate"": 0.06722575126319247, ""max_depth"": 2, ""min_child_weight"": 6, ""reg_lambda"": 1.3170923910634593, ""subsample"": 0.6930977604886663}"
0,4,88,1,0.81910706,0.6455742353742562,0.12476416467126648,"{""colsample_bytree"": 0.6385347682565252, ""learning_rate"": 0.06722575126319247, ""max_depth"": 2, ""min_child_weight"": 6, ""reg_lambda"": 1.3170923910634593, ""subsample"": 0.6930977604886663}"
0,4,100,0,0.658945,0.5794247310733681,0.11823530472267735,"{""colsample_bytree"": 0.6385347682565252, ""learning_rate"": 0.06722575126319247, ""max_depth"": 2, ""min_child_weight"": 6, ""reg_lambda"": 1.3170923910634593, ""subsample"": 0.6930977604886663}"
0,4,108,0,0.31406277,0.32759305911113373,0.034495485747682145,"{""colsample_bytree"": 0.6385347682565252, ""learning_rate"": 0.06722575126319247, ""max_depth"": 2, ""min_child_weight"": 6, ""reg_lambda"": 1.3170923910634593, ""subsample"": 0.6930977604886663}"
0,4,113,0,0.024314145,0.1828645590807656,0.046793010671461466,"{""colsample_bytree"": 0.6385347682565252, ""learning_rate"": 0.06722575126319247, ""max_depth"": 2, ""min_child_weight"": 6, ""reg_lambda"": 1.3170923910634593, ""subsample"": 0.6930977604886663}"
0,4,114,1,0.89169395,0.6986878919335912,0.10387896160331056,"{""colsample_bytree"": 0.6385347682565252, ""learning_rate"": 0.06722575126319247, ""max_depth"": 2, ""min_child_weight"": 6, ""reg_lambda"": 1.3170923910634593, ""subsample"": 0.6930977604886663}"
0,4,118,0,0.40920773,0.40098852902725957,0.09613649663528477,"{""colsample_bytree"": 0.6385347682565252, ""learning_rate"": 0.06722575126319247, ""max_depth"": 2, ""min_child_weight"": 6, ""reg_lambda"": 1.3170923910634593, ""subsample"": 0.6930977604886663}"
0,4,120,1,0.60685945,0.52339201417967,0.08600672832785249,"{""colsample_bytree"": 0.6385347682565252, ""learning_rate"": 0.06722575126319247, ""max_depth"": 2, ""min_child_weight"": 6, ""reg_lambda"": 1.3170923910634593, ""subsample"": 0.6930977604886663}"
0,4,124,0,0.26543158,0.37377498345683874,0.12361466339563783,"{""colsample_bytree"": 0.6385347682565252, ""learning_rate"": 0.06722575126319247, ""max_depth"": 2, ""min_child_weight"": 6, ""reg_lambda"": 1.3170923910634593, ""subsample"": 0.6930977604886663}"
0,4,126,0,0.7114048,0.6232942200625767,0.1683029984815286,"{""colsample_bytree"": 0.6385347682565252, ""learning_rate"": 0.06722575126319247, ""max_depth"": 2, ""min_child_weight"": 6, ""reg_lambda"": 1.3170923910634593, ""subsample"": 0.6930977604886663}"
0,4,136,0,0.100830294,0.25809034281642945,0.060925992806421914,"{""colsample_bytree"": 0.6385347682565252, ""learning_rate"": 0.06722575126319247, ""max_depth"": 2, ""min_child_weight"": 6, ""reg_lambda"": 1.3170923910634593, ""subsample"": 0.6930977604886663}"
0,4,148,1,0.33451355,0.36372983639058815,0.05593286510095688,"{""colsample_bytree"": 0.6385347682565252, ""learning_rate"": 0.06722575126319247, ""max_depth"": 2, ""min_child_weight"": 6, ""reg_lambda"": 1.3170923910634593, ""subsample"": 0.6930977604886663}"
0,4,154,0,0.37443897,0.3896799396266767,0.07273570211321387,"{""colsample_bytree"": 0.6385347682565252, ""learning_rate"": 0.06722575126319247, ""max_depth"": 2, ""min_child_weight"": 6, ""reg_lambda"": 1.3170923910634593, ""subsample"": 0.6930977604886663}"
0,4,155,1,0.7558458,0.6428949996957092,0.11489342725524868,"{""colsample_bytree"": 0.6385347682565252, ""learning_rate"": 0.06722575126319247, ""max_depth"": 2, ""min_child_weight"": 6, ""reg_lambda"": 1.3170923910634593, ""subsample"": 0.6930977604886663}"
0,4,163,1,0.7062771,0.6252575088471867,0.12207575550624732,"{""colsample_bytree"": 0.6385347682565252, ""learning_rate"": 0.06722575126319247, ""max_depth"": 2, ""min_child_weight"": 6, ""reg_lambda"": 1.3170923910634593, ""subsample"": 0.6930977604886663}"
0,4,167,1,0.2214331,0.2955064664790483,0.05050376473995415,"{""colsample_bytree"": 0.6385347682565252, ""learning_rate"": 0.06722575126319247, ""max_depth"": 2, ""min_child_weight"": 6, ""reg_lambda"": 1.3170923910634593, ""subsample"": 0.6930977604886663}"
0,4,171,0,0.18761839,0.27190889687400366,0.06595670625082663,"{""colsample_bytree"": 0.6385347682565252, ""learning_rate"": 0.06722575126319247, ""max_depth"": 2, ""min_child_weight"": 6, ""reg_lambda"": 1.3170923910634593, ""subsample"": 0.6930977604886663}"
0,4,177,1,0.4574596,0.5315917721604791,0.12042668468733399,"{""colsample_bytree"": 0.6385347682565252, ""learning_rate"": 0.06722575126319247, ""max_depth"": 2, ""min_child_weight"": 6, ""reg_lambda"": 1.3170923910634593, ""subsample"": 0.6930977604886663}"
0,4,189,1,0.49453905,0.39850927698012395,0.04480488203270663,"{""colsample_bytree"": 0.6385347682565252, ""learning_rate"": 0.06722575126319247, ""max_depth"": 2, ""min_child_weight"": 6, ""reg_lambda"": 1.3170923910634593, ""subsample"": 0.6930977604886663}"
0,4,195,0,0.6127103,0.5851626514762408,0.09652381241288858,"{""colsample_bytree"": 0.6385347682565252, ""learning_rate"": 0.06722575126319247, ""max_depth"": 2, ""min_child_weight"": 6, ""reg_lambda"": 1.3170923910634593, ""subsample"": 0.6930977604886663}"
0,4,196,0,0.16181672,0.22526901153968598,0.060607183508540996,"{""colsample_bytree"": 0.6385347682565252, ""learning_rate"": 0.06722575126319247, ""max_depth"": 2, ""min_child_weight"": 6, ""reg_lambda"": 1.3170923910634593, ""subsample"": 0.6930977604886663}"
0,4,197,1,0.6196008,0.49770139996713497,0.04968861811429523,"{""colsample_bytree"": 0.6385347682565252, ""learning_rate"": 0.06722575126319247, ""max_depth"": 2, ""min_child_weight"": 6, ""reg_lambda"": 1.3170923910634593, ""subsample"": 0.6930977604886663}"
0,4,201,0,0.16176468,0.236223575538705,0.06595551254779843,"{""colsample_bytree"": 0.6385347682565252, ""learning_rate"": 0.06722575126319247, ""max_depth"": 2, ""min_child_weight"": 6, ""reg_lambda"": 1.3170923910634593, ""subsample"": 0.6930977604886663}"
0,4,206,1,0.5863428,0.469920416507487,0.10798725303818515,"{""colsample_bytree"": 0.6385347682565252, ""learning_rate"": 0.06722575126319247, ""max_depth"": 2, ""min_child_weight"": 6, ""reg_lambda"": 1.3170923910634593, ""subsample"": 0.6930977604886663}"
0,4,211,0,0.46120548,0.452290773722898,0.0839405551272766,"{""colsample_bytree"": 0.6385347682565252, ""learning_rate"": 0.06722575126319247, ""max_depth"": 2, ""min_child_weight"": 6, ""reg_lambda"": 1.3170923910634593, ""subsample"": 0.6930977604886663}"
0,4,218,0,0.14327666,0.27170456709005136,0.07624882881571741,"{""colsample_bytree"": 0.6385347682565252, ""learning_rate"": 0.06722575126319247, ""max_depth"": 2, ""min_child_weight"": 6, ""reg_lambda"": 1.3170923910634593, ""subsample"": 0.6930977604886663}"
0,4,225,0,0.20337696,0.2801086606065146,0.048202186110742874,"{""colsample_bytree"": 0.6385347682565252, ""learning_rate"": 0.06722575126319247, ""max_depth"": 2, ""min_child_weight"": 6, ""reg_lambda"": 1.3170923910634593, ""subsample"": 0.6930977604886663}"
0,4,226,1,0.39019787,0.35680176148122705,0.06943105630875265,"{""colsample_bytree"": 0.6385347682565252, ""learning_rate"": 0.06722575126319247, ""max_depth"": 2, ""min_child_weight"": 6, ""reg_lambda"": 1.3170923910634593, ""subsample"": 0.6930977604886663}"
0,4,227,1,0.113558106,0.24996424535009504,0.047152513562215524,"{""colsample_bytree"": 0.6385347682565252, ""learning_rate"": 0.06722575126319247, ""max_depth"": 2, ""min_child_weight"": 6, ""reg_lambda"": 1.3170923910634593, ""subsample"": 0.6930977604886663}"
0,4,229,1,0.1733289,0.2477699363108042,0.04994814830964486,"{""colsample_bytree"": 0.6385347682565252, ""learning_rate"": 0.06722575126319247, ""max_depth"": 2, ""min_child_weight"": 6, ""reg_lambda"": 1.3170923910634593, ""subsample"": 0.6930977604886663}"
0,4,236,1,0.08924401,0.23102694160404846,0.04793523802735051,"{""colsample_bytree"": 0.6385347682565252, ""learning_rate"": 0.06722575126319247, ""max_depth"": 2, ""min_child_weight"": 6, ""reg_lambda"": 1.3170923910634593, ""subsample"": 0.6930977604886663}"
0,4,239,0,0.50262856,0.4080996645973224,0.0719136987927922,"{""colsample_bytree"": 0.6385347682565252, ""learning_rate"": 0.06722575126319247, ""max_depth"": 2, ""min_child_weight"": 6, ""reg_lambda"": 1.3170923910634593, ""subsample"": 0.6930977604886663}"
0,4,240,0,0.9066222,0.7092028098712087,0.11261961098426336,"{""colsample_bytree"": 0.6385347682565252, ""learning_rate"": 0.06722575126319247, ""max_depth"": 2, ""min_child_weight"": 6, ""reg_lambda"": 1.3170923910634593, ""subsample"": 0.6930977604886663}"
0,4,248,1,0.8906066,0.7294507601942751,0.11636534134294894,"{""colsample_bytree"": 0.6385347682565252, ""learning_rate"": 0.06722575126319247, ""max_depth"": 2, ""min_child_weight"": 6, ""reg_lambda"": 1.3170923910634593, ""subsample"": 0.6930977604886663}"
0,4,251,0,0.09732238,0.24159962204430369,0.048990836515256035,"{""colsample_bytree"": 0.6385347682565252, ""learning_rate"": 0.06722575126319247, ""max_depth"": 2, ""min_child_weight"": 6, ""reg_lambda"": 1.3170923910634593, ""subsample"": 0.6930977604886663}"
0,4,255,0,0.13262944,0.22259090023337808,0.04552032778642723,"{""colsample_bytree"": 0.6385347682565252, ""learning_rate"": 0.06722575126319247, ""max_depth"": 2, ""min_child_weight"": 6, ""reg_lambda"": 1.3170923910634593, ""subsample"": 0.6930977604886663}"
0,4,257,0,0.08146773,0.2184953547931457,0.045434608138551144,"{""colsample_bytree"": 0.6385347682565252, ""learning_rate"": 0.06722575126319247, ""max_depth"": 2, ""min_child_weight"": 6, ""reg_lambda"": 1.3170923910634593, ""subsample"": 0.6930977604886663}"
0,4,258,0,0.2527853,0.34260381996347533,0.03332746289027263,"{""colsample_bytree"": 0.6385347682565252, ""learning_rate"": 0.06722575126319247, ""max_depth"": 2, ""min_child_weight"": 6, ""reg_lambda"": 1.3170923910634593, ""subsample"": 0.6930977604886663}"
0,4,264,0,0.041869342,0.1856179940142538,0.04945811974393304,"{""colsample_bytree"": 0.6385347682565252, ""learning_rate"": 0.06722575126319247, ""max_depth"": 2, ""min_child_weight"": 6, ""reg_lambda"": 1.3170923910634593, ""subsample"": 0.6930977604886663}"
0,4,266,1,0.6014109,0.48557442563055175,0.13548445329150088,"{""colsample_bytree"": 0.6385347682565252, ""learning_rate"": 0.06722575126319247, ""max_depth"": 2, ""min_child_weight"": 6, ""reg_lambda"": 1.3170923910634593, ""subsample"": 0.6930977604886663}"
0,4,273,1,0.7726581,0.6932172809624282,0.11849605650294134,"{""colsample_bytree"": 0.6385347682565252, ""learning_rate"": 0.06722575126319247, ""max_depth"": 2, ""min_child_weight"": 6, ""reg_lambda"": 1.3170923910634593, ""subsample"": 0.6930977604886663}"
0,4,274,0,0.44327548,0.4865165312374814,0.12113746342237437,"{""colsample_bytree"": 0.6385347682565252, ""learning_rate"": 0.06722575126319247, ""max_depth"": 2, ""min_child_weight"": 6, ""reg_lambda"": 1.3170923910634593, ""subsample"": 0.6930977604886663}"
0,4,277,0,0.29757515,0.4579610373220765,0.15612760774686965,"{""colsample_bytree"": 0.6385347682565252, ""learning_rate"": 0.06722575126319247, ""max_depth"": 2, ""min_child_weight"": 6, ""reg_lambda"": 1.3170923910634593, ""subsample"": 0.6930977604886663}"
0,4,278,0,0.34492865,0.36559370860037166,0.1296158385957809,"{""colsample_bytree"": 0.6385347682565252, ""learning_rate"": 0.06722575126319247, ""max_depth"": 2, ""min_child_weight"": 6, ""reg_lambda"": 1.3170923910634593, ""subsample"": 0.6930977604886663}"
0,4,283,0,0.17270048,0.2649400238620828,0.06982580664990282,"{""colsample_bytree"": 0.6385347682565252, ""learning_rate"": 0.06722575126319247, ""max_depth"": 2, ""min_child_weight"": 6, ""reg_lambda"": 1.3170923910634593, ""subsample"": 0.6930977604886663}"
0,4,285,0,0.16309509,0.3152011677987231,0.05863754313363363,"{""colsample_bytree"": 0.6385347682565252, ""learning_rate"": 0.06722575126319247, ""max_depth"": 2, ""min_child_weight"": 6, ""reg_lambda"": 1.3170923910634593, ""subsample"": 0.6930977604886663}"
0,4,293,0,0.06775264,0.25355185853169687,0.06067336401514324,"{""colsample_bytree"": 0.6385347682565252, ""learning_rate"": 0.06722575126319247, ""max_depth"": 2, ""min_child_weight"": 6, ""reg_lambda"": 1.3170923910634593, ""subsample"": 0.6930977604886663}"
0,4,301,0,0.0829745,0.23211488067619152,0.04947139297161562,"{""colsample_bytree"": 0.6385347682565252, ""learning_rate"": 0.06722575126319247, ""max_depth"": 2, ""min_child_weight"": 6, ""reg_lambda"": 1.3170923910634593, ""subsample"": 0.6930977604886663}"
1,0,5,1,0.26399517,0.341309699725573,0.07958582180006722,"{""colsample_bytree"": 0.9539452452090301, ""learning_rate"": 0.034614100727195056, ""max_depth"": 3, ""min_child_weight"": 6, ""reg_lambda"": 3.9940738890120118, ""subsample"": 0.8212102816938195}"
1,0,7,1,0.41427675,0.4521410955003907,0.07579865610424194,"{""colsample_bytree"": 0.9539452452090301, ""learning_rate"": 0.034614100727195056, ""max_depth"": 3, ""min_child_weight"": 6, ""reg_lambda"": 3.9940738890120118, ""subsample"": 0.8212102816938195}"
1,0,16,0,0.10851366,0.19292027184872507,0.03960741536616436,"{""colsample_bytree"": 0.9539452452090301, ""learning_rate"": 0.034614100727195056, ""max_depth"": 3, ""min_child_weight"": 6, ""reg_lambda"": 3.9940738890120118, ""subsample"": 0.8212102816938195}"
1,0,17,0,0.24775302,0.27855555928636344,0.020862566349975083,"{""colsample_bytree"": 0.9539452452090301, ""learning_rate"": 0.034614100727195056, ""max_depth"": 3, ""min_child_weight"": 6, ""reg_lambda"": 3.9940738890120118, ""subsample"": 0.8212102816938195}"
1,0,30,0,0.7733728,0.6342358896850538,0.06793817212768405,"{""colsample_bytree"": 0.9539452452090301, ""learning_rate"": 0.034614100727195056, ""max_depth"": 3, ""min_child_weight"": 6, ""reg_lambda"": 3.9940738890120118, ""subsample"": 0.8212102816938195}"
1,0,57,1,0.7246106,0.704420262830727,0.05547080792236131,"{""colsample_bytree"": 0.9539452452090301, ""learning_rate"": 0.034614100727195056, ""max_depth"": 3, ""min_child_weight"": 6, ""reg_lambda"": 3.9940738890120118, ""subsample"": 0.8212102816938195}"
1,0,58,1,0.32230383,0.28894052669303555,0.04934916168828591,"{""colsample_bytree"": 0.9539452452090301, ""learning_rate"": 0.034614100727195056, ""max_depth"": 3, ""min_child_weight"": 6, ""reg_lambda"": 3.9940738890120118, ""subsample"": 0.8212102816938195}"
1,0,64,0,0.13945018,0.20617218273097696,0.015202560177950387,"{""colsample_bytree"": 0.9539452452090301, ""learning_rate"": 0.034614100727195056, ""max_depth"": 3, ""min_child_weight"": 6, ""reg_lambda"": 3.9940738890120118, ""subsample"": 0.8212102816938195}"
1,0,65,1,0.5241479,0.3761275691587252,0.04015367030510356,"{""colsample_bytree"": 0.9539452452090301, ""learning_rate"": 0.034614100727195056, ""max_depth"": 3, ""min_child_weight"": 6, ""reg_lambda"": 3.9940738890120118, ""subsample"": 0.8212102816938195}"
1,0,66,0,0.59236646,0.5101345255470296,0.057721287092389766,"{""colsample_bytree"": 0.9539452452090301, ""learning_rate"": 0.034614100727195056, ""max_depth"": 3, ""min_child_weight"": 6, ""reg_lambda"": 3.9940738890120118, ""subsample"": 0.8212102816938195}"
1,0,77,1,0.6573628,0.5146994996008598,0.0485696203587093,"{""colsample_bytree"": 0.9539452452090301, ""learning_rate"": 0.034614100727195056, ""max_depth"": 3, ""min_child_weight"": 6, ""reg_lambda"": 3.9940738890120118, ""subsample"": 0.8212102816938195}"
1,0,81,0,0.47247806,0.4244247101955406,0.04510292802177727,"{""colsample_bytree"": 0.9539452452090301, ""learning_rate"": 0.034614100727195056, ""max_depth"": 3, ""min_child_weight"": 6, ""reg_lambda"": 3.9940738890120118, ""subsample"": 0.8212102816938195}"
1,0,82,1,0.5860519,0.5035918463680193,0.10243767456683552,"{""colsample_bytree"": 0.9539452452090301, ""learning_rate"": 0.034614100727195056, ""max_depth"": 3, ""min_child_weight"": 6, ""reg_lambda"": 3.9940738890120118, ""subsample"": 0.8212102816938195}"
1,0,84,0,0.4053094,0.4056923675433105,0.06026016215245365,"{""colsample_bytree"": 0.9539452452090301, ""learning_rate"": 0.034614100727195056, ""max_depth"": 3, ""min_child_weight"": 6, ""reg_lambda"": 3.9940738890120118, ""subsample"": 0.8212102816938195}"
1,0,91,0,0.44291112,0.40820270412163984,0.05464937847760436,"{""colsample_bytree"": 0.9539452452090301, ""learning_rate"": 0.034614100727195056, ""max_depth"": 3, ""min_child_weight"": 6, ""reg_lambda"": 3.9940738890120118, ""subsample"": 0.8212102816938195}"
1,0,92,1,0.6815831,0.6613627339408389,0.06576820472298917,"{""colsample_bytree"": 0.9539452452090301, ""learning_rate"": 0.034614100727195056, ""max_depth"": 3, ""min_child_weight"": 6, ""reg_lambda"": 3.9940738890120118, ""subsample"": 0.8212102816938195}"
1,0,94,0,0.25942463,0.27928998829450336,0.031237519973724218,"{""colsample_bytree"": 0.9539452452090301, ""learning_rate"": 0.034614100727195056, ""max_depth"": 3, ""min_child_weight"": 6, ""reg_lambda"": 3.9940738890120118, ""subsample"": 0.8212102816938195}"
1,0,96,1,0.715661,0.5881825121756411,0.06342826173322463,"{""colsample_bytree"": 0.9539452452090301, ""learning_rate"": 0.034614100727195056, ""max_depth"": 3, ""min_child_weight"": 6, ""reg_lambda"": 3.9940738890120118, ""subsample"": 0.8212102816938195}"
1,0,97,1,0.3733299,0.3781723124183238,0.0474202314077949,"{""colsample_bytree"": 0.9539452452090301, ""learning_rate"": 0.034614100727195056, ""max_depth"": 3, ""min_child_weight"": 6, ""reg_lambda"": 3.9940738890120118, ""subsample"": 0.8212102816938195}"
1,0,115,1,0.58479255,0.6051489605061253,0.05765330182369082,"{""colsample_bytree"": 0.9539452452090301, ""learning_rate"": 0.034614100727195056, ""max_depth"": 3, ""min_child_weight"": 6, ""reg_lambda"": 3.9940738890120118, ""subsample"": 0.8212102816938195}"
1,0,116,0,0.5747791,0.492555552508275,0.06846578047477107,"{""colsample_bytree"": 0.9539452452090301, ""learning_rate"": 0.034614100727195056, ""max_depth"": 3, ""min_child_weight"": 6, ""reg_lambda"": 3.9940738890120118, ""subsample"": 0.8212102816938195}"
1,0,123,1,0.51097035,0.4899299900024376,0.12964162589994666,"{""colsample_bytree"": 0.9539452452090301, ""learning_rate"": 0.034614100727195056, ""max_depth"": 3, ""min_child_weight"": 6, ""reg_lambda"": 3.9940738890120118, ""subsample"": 0.8212102816938195}"
1,0,135,0,0.15790014,0.2282228312615972,0.03384199384808194,"{""colsample_bytree"": 0.9539452452090301, ""learning_rate"": 0.034614100727195056, ""max_depth"": 3, ""min_child_weight"": 6, ""reg_lambda"": 3.9940738890120118, ""subsample"": 0.8212102816938195}"
1,0,144,1,0.14205481,0.23179465844354227,0.03561862897473539,"{""colsample_bytree"": 0.9539452452090301, ""learning_rate"": 0.034614100727195056, ""max_depth"": 3, ""min_child_weight"": 6, ""reg_lambda"": 3.9940738890120118, ""subsample"": 0.8212102816938195}"
1,0,147,1,0.13638179,0.228992601369008,0.02342833396154672,"{""colsample_bytree"": 0.9539452452090301, ""learning_rate"": 0.034614100727195056, ""max_depth"": 3, ""min_child_weight"": 6, ""reg_lambda"": 3.9940738890120118, ""subsample"": 0.8212102816938195}"
1,0,157,1,0.17863172,0.2204095274853895,0.03891753931037884,"{""colsample_bytree"": 0.9539452452090301, ""learning_rate"": 0.034614100727195056, ""max_depth"": 3, ""min_child_weight"": 6, ""reg_lambda"": 3.9940738890120118, ""subsample"": 0.8212102816938195}"
1,0,167,1,0.3799775,0.3745365239157213,0.10044616369563218,"{""colsample_bytree"": 0.9539452452090301, ""learning_rate"": 0.034614100727195056, ""max_depth"": 3, ""min_child_weight"": 6, ""reg_lambda"": 3.9940738890120118, ""subsample"": 0.8212102816938195}"
1,0,179,0,0.24969828,0.3078974128327142,0.06286150187962307,"{""colsample_bytree"": 0.9539452452090301, ""learning_rate"": 0.034614100727195056, ""max_depth"": 3, ""min_child_weight"": 6, ""reg_lambda"": 3.9940738890120118, ""subsample"": 0.8212102816938195}"
1,0,182,1,0.3531025,0.3323928307677555,0.0682552733462372,"{""colsample_bytree"": 0.9539452452090301, ""learning_rate"": 0.034614100727195056, ""max_depth"": 3, ""min_child_weight"": 6, ""reg_lambda"": 3.9940738890120118, ""subsample"": 0.8212102816938195}"
1,0,185,0,0.19205374,0.2490098021998543,0.02119029029651123,"{""colsample_bytree"": 0.9539452452090301, ""learning_rate"": 0.034614100727195056, ""max_depth"": 3, ""min_child_weight"": 6, ""reg_lambda"": 3.9940738890120118, ""subsample"": 0.8212102816938195}"
1,0,186,0,0.43334,0.4503494082572109,0.0911387612118848,"{""colsample_bytree"": 0.9539452452090301, ""learning_rate"": 0.034614100727195056, ""max_depth"": 3, ""min_child_weight"": 6, ""reg_lambda"": 3.9940738890120118, ""subsample"": 0.8212102816938195}"
1,0,191,0,0.33064777,0.35104310777393366,0.03085841384183902,"{""colsample_bytree"": 0.9539452452090301, ""learning_rate"": 0.034614100727195056, ""max_depth"": 3, ""min_child_weight"": 6, ""reg_lambda"": 3.9940738890120118, ""subsample"": 0.8212102816938195}"
1,0,193,0,0.19005066,0.2503611260540531,0.05126837882223017,"{""colsample_bytree"": 0.9539452452090301, ""learning_rate"": 0.034614100727195056, ""max_depth"": 3, ""min_child_weight"": 6, ""reg_lambda"": 3.9940738890120118, ""subsample"": 0.8212102816938195}"
1,0,195,0,0.5187328,0.5644761135713308,0.0661557636551811,"{""colsample_bytree"": 0.9539452452090301, ""learning_rate"": 0.034614100727195056, ""max_depth"": 3, ""min_child_weight"": 6, ""reg_lambda"": 3.9940738890120118, ""subsample"": 0.8212102816938195}"
1,0,198,0,0.73164713,0.6213041374812187,0.04478201869585543,"{""colsample_bytree"": 0.9539452452090301, ""learning_rate"": 0.034614100727195056, ""max_depth"": 3, ""min_child_weight"": 6, ""reg_lambda"": 3.9940738890120118, ""subsample"": 0.8212102816938195}"
1,0,204,0,0.19192386,0.21981522578062437,0.04159304692469367,"{""colsample_bytree"": 0.9539452452090301, ""learning_rate"": 0.034614100727195056, ""max_depth"": 3, ""min_child_weight"": 6, ""reg_lambda"": 3.9940738890120118, ""subsample"": 0.8212102816938195}"
1,0,212,0,0.06673705,0.17276113644139215,0.024851830639651695,"{""colsample_bytree"": 0.9539452452090301, ""learning_rate"": 0.034614100727195056, ""max_depth"": 3, ""min_child_weight"": 6, ""reg_lambda"": 3.9940738890120118, ""subsample"": 0.8212102816938195}"
1,0,217,0,0.1513129,0.18770678265855567,0.028702978913918816,"{""colsample_bytree"": 0.9539452452090301, ""learning_rate"": 0.034614100727195056, ""max_depth"": 3, ""min_child_weight"": 6, ""reg_lambda"": 3.9940738890120118, ""subsample"": 0.8212102816938195}"
1,0,230,0,0.7801931,0.7310697465614691,0.0463020677319582,"{""colsample_bytree"": 0.9539452452090301, ""learning_rate"": 0.034614100727195056, ""max_depth"": 3, ""min_child_weight"": 6, ""reg_lambda"": 3.9940738890120118, ""subsample"": 0.8212102816938195}"
1,0,236,1,0.24552491,0.27686152092849625,0.0551006977439833,"{""colsample_bytree"": 0.9539452452090301, ""learning_rate"": 0.034614100727195056, ""max_depth"": 3, ""min_child_weight"": 6, ""reg_lambda"": 3.9940738890120118, ""subsample"": 0.8212102816938195}"
1,0,240,0,0.76163375,0.6885706655734797,0.08164306067176666,"{""colsample_bytree"": 0.9539452452090301, ""learning_rate"": 0.034614100727195056, ""max_depth"": 3, ""min_child_weight"": 6, ""reg_lambda"": 3.9940738890120118, ""subsample"": 0.8212102816938195}"
1,0,242,0,0.44440988,0.37921976878352864,0.07035353102722174,"{""colsample_bytree"": 0.9539452452090301, ""learning_rate"": 0.034614100727195056, ""max_depth"": 3, ""min_child_weight"": 6, ""reg_lambda"": 3.9940738890120118, ""subsample"": 0.8212102816938195}"
1,0,249,1,0.64503205,0.5623197016952683,0.07149958911504117,"{""colsample_bytree"": 0.9539452452090301, ""learning_rate"": 0.034614100727195056, ""max_depth"": 3, ""min_child_weight"": 6, ""reg_lambda"": 3.9940738890120118, ""subsample"": 0.8212102816938195}"
1,0,255,0,0.09499862,0.16937524236606114,0.02786568967386755,"{""colsample_bytree"": 0.9539452452090301, ""learning_rate"": 0.034614100727195056, ""max_depth"": 3, ""min_child_weight"": 6, ""reg_lambda"": 3.9940738890120118, ""subsample"": 0.8212102816938195}"
1,0,256,0,0.14322646,0.2205472006694021,0.01765618790074268,"{""colsample_bytree"": 0.9539452452090301, ""learning_rate"": 0.034614100727195056, ""max_depth"": 3, ""min_child_weight"": 6, ""reg_lambda"": 3.9940738890120118, ""subsample"": 0.8212102816938195}"
1,0,259,0,0.37182802,0.4344430489875025,0.04251294105324619,"{""colsample_bytree"": 0.9539452452090301, ""learning_rate"": 0.034614100727195056, ""max_depth"": 3, ""min_child_weight"": 6, ""reg_lambda"": 3.9940738890120118, ""subsample"": 0.8212102816938195}"
1,0,263,0,0.041099925,0.15027684989842652,0.0362641817218787,"{""colsample_bytree"": 0.9539452452090301, ""learning_rate"": 0.034614100727195056, ""max_depth"": 3, ""min_child_weight"": 6, ""reg_lambda"": 3.9940738890120118, ""subsample"": 0.8212102816938195}"
1,0,265,1,0.35044977,0.39256646924574157,0.03547843946194667,"{""colsample_bytree"": 0.9539452452090301, ""learning_rate"": 0.034614100727195056, ""max_depth"": 3, ""min_child_weight"": 6, ""reg_lambda"": 3.9940738890120118, ""subsample"": 0.8212102816938195}"
1,0,266,1,0.36592895,0.37787232939563903,0.06257098162727873,"{""colsample_bytree"": 0.9539452452090301, ""learning_rate"": 0.034614100727195056, ""max_depth"": 3, ""min_child_weight"": 6, ""reg_lambda"": 3.9940738890120118, ""subsample"": 0.8212102816938195}"
1,0,267,1,0.481468,0.4641341057046214,0.07649323640532829,"{""colsample_bytree"": 0.9539452452090301, ""learning_rate"": 0.034614100727195056, ""max_depth"": 3, ""min_child_weight"": 6, ""reg_lambda"": 3.9940738890120118, ""subsample"": 0.8212102816938195}"
1,0,268,0,0.07634379,0.1601336348024037,0.03161125216222446,"{""colsample_bytree"": 0.9539452452090301, ""learning_rate"": 0.034614100727195056, ""max_depth"": 3, ""min_child_weight"": 6, ""reg_lambda"": 3.9940738890120118, ""subsample"": 0.8212102816938195}"
1,0,269,0,0.5543825,0.5265461150290247,0.044236503584888294,"{""colsample_bytree"": 0.9539452452090301, ""learning_rate"": 0.034614100727195056, ""max_depth"": 3, ""min_child_weight"": 6, ""reg_lambda"": 3.9940738890120118, ""subsample"": 0.8212102816938195}"
1,0,275,0,0.29599416,0.35106754191566786,0.07074135083714786,"{""colsample_bytree"": 0.9539452452090301, ""learning_rate"": 0.034614100727195056, ""max_depth"": 3, ""min_child_weight"": 6, ""reg_lambda"": 3.9940738890120118, ""subsample"": 0.8212102816938195}"
1,0,277,0,0.5339336,0.5594108441887704,0.08397344790729376,"{""colsample_bytree"": 0.9539452452090301, ""learning_rate"": 0.034614100727195056, ""max_depth"": 3, ""min_child_weight"": 6, ""reg_lambda"": 3.9940738890120118, ""subsample"": 0.8212102816938195}"
1,0,281,1,0.3709486,0.3300124465290792,0.06476501164512785,"{""colsample_bytree"": 0.9539452452090301, ""learning_rate"": 0.034614100727195056, ""max_depth"": 3, ""min_child_weight"": 6, ""reg_lambda"": 3.9940738890120118, ""subsample"": 0.8212102816938195}"
1,0,282,0,0.4462934,0.4380735161044858,0.07542817590532151,"{""colsample_bytree"": 0.9539452452090301, ""learning_rate"": 0.034614100727195056, ""max_depth"": 3, ""min_child_weight"": 6, ""reg_lambda"": 3.9940738890120118, ""subsample"": 0.8212102816938195}"
1,0,283,0,0.122311585,0.2026593302413982,0.018393280052026558,"{""colsample_bytree"": 0.9539452452090301, ""learning_rate"": 0.034614100727195056, ""max_depth"": 3, ""min_child_weight"": 6, ""reg_lambda"": 3.9940738890120118, ""subsample"": 0.8212102816938195}"
1,0,289,0,0.12177737,0.2021040512758039,0.0363112256749017,"{""colsample_bytree"": 0.9539452452090301, ""learning_rate"": 0.034614100727195056, ""max_depth"": 3, ""min_child_weight"": 6, ""reg_lambda"": 3.9940738890120118, ""subsample"": 0.8212102816938195}"
1,0,292,0,0.24944611,0.2523985577421331,0.04545632747508085,"{""colsample_bytree"": 0.9539452452090301, ""learning_rate"": 0.034614100727195056, ""max_depth"": 3, ""min_child_weight"": 6, ""reg_lambda"": 3.9940738890120118, ""subsample"": 0.8212102816938195}"
1,0,298,1,0.37682113,0.36789473144566653,0.09259239055776709,"{""colsample_bytree"": 0.9539452452090301, ""learning_rate"": 0.034614100727195056, ""max_depth"": 3, ""min_child_weight"": 6, ""reg_lambda"": 3.9940738890120118, ""subsample"": 0.8212102816938195}"
1,0,302,0,0.43998545,0.3670228335428671,0.05016560484188593,"{""colsample_bytree"": 0.9539452452090301, ""learning_rate"": 0.034614100727195056, ""max_depth"": 3, ""min_child_weight"": 6, ""reg_lambda"": 3.9940738890120118, ""subsample"": 0.8212102816938195}"
1,1,2,0,0.08454197,0.24462736526669118,0.06485161522791358,"{""colsample_bytree"": 0.7343063758471565, ""learning_rate"": 0.05330118097284255, ""max_depth"": 4, ""min_child_weight"": 2, ""reg_lambda"": 1.4877367353677826, ""subsample"": 0.6165581599405402}"
1,1,10,1,0.6850942,0.5040860621880343,0.09724125472028548,"{""colsample_bytree"": 0.7343063758471565, ""learning_rate"": 0.05330118097284255, ""max_depth"": 4, ""min_child_weight"": 2, ""reg_lambda"": 1.4877367353677826, ""subsample"": 0.6165581599405402}"
1,1,14,0,0.40646687,0.38503526867324117,0.06986375966447189,"{""colsample_bytree"": 0.7343063758471565, ""learning_rate"": 0.05330118097284255, ""max_depth"": 4, ""min_child_weight"": 2, ""reg_lambda"": 1.4877367353677826, ""subsample"": 0.6165581599405402}"
1,1,15,1,0.75734544,0.5085984015227545,0.05639818405885813,"{""colsample_bytree"": 0.7343063758471565, ""learning_rate"": 0.05330118097284255, ""max_depth"": 4, ""min_child_weight"": 2, ""reg_lambda"": 1.4877367353677826, ""subsample"": 0.6165581599405402}"
1,1,22,1,0.70406914,0.5723845905220404,0.09576937778252519,"{""colsample_bytree"": 0.7343063758471565, ""learning_rate"": 0.05330118097284255, ""max_depth"": 4, ""min_child_weight"": 2, ""reg_lambda"": 1.4877367353677826, ""subsample"": 0.6165581599405402}"
1,1,25,0,0.5441888,0.4675097226139401,0.10294422513011392,"{""colsample_bytree"": 0.7343063758471565, ""learning_rate"": 0.05330118097284255, ""max_depth"": 4, ""min_child_weight"": 2, ""reg_lambda"": 1.4877367353677826, ""subsample"": 0.6165581599405402}"
1,1,28,1,0.6360748,0.4943968185608106,0.05999032640408356,"{""colsample_bytree"": 0.7343063758471565, ""learning_rate"": 0.05330118097284255, ""max_depth"": 4, ""min_child_weight"": 2, ""reg_lambda"": 1.4877367353677826, ""subsample"": 0.6165581599405402}"
1,1,33,1,0.53878725,0.5287733730598829,0.1182509469309473,"{""colsample_bytree"": 0.7343063758471565, ""learning_rate"": 0.05330118097284255, ""max_depth"": 4, ""min_child_weight"": 2, ""reg_lambda"": 1.4877367353677826, ""subsample"": 0.6165581599405402}"
1,1,34,0,0.1413244,0.25426968218378715,0.05524649797685843,"{""colsample_bytree"": 0.7343063758471565, ""learning_rate"": 0.05330118097284255, ""max_depth"": 4, ""min_child_weight"": 2, ""reg_lambda"": 1.4877367353677826, ""subsample"": 0.6165581599405402}"
1,1,44,0,0.108328275,0.2755817882879195,0.04456906061850279,"{""colsample_bytree"": 0.7343063758471565, ""learning_rate"": 0.05330118097284255, ""max_depth"": 4, ""min_child_weight"": 2, ""reg_lambda"": 1.4877367353677826, ""subsample"": 0.6165581599405402}"
1,1,51,1,0.4161664,0.4416015363925764,0.1040668646881468,"{""colsample_bytree"": 0.7343063758471565, ""learning_rate"": 0.05330118097284255, ""max_depth"": 4, ""min_child_weight"": 2, ""reg_lambda"": 1.4877367353677826, ""subsample"": 0.6165581599405402}"
1,1,68,0,0.08054406,0.2531049218772068,0.0262068673688929,"{""colsample_bytree"": 0.7343063758471565, ""learning_rate"": 0.05330118097284255, ""max_depth"": 4, ""min_child_weight"": 2, ""reg_lambda"": 1.4877367353677826, ""subsample"": 0.6165581599405402}"
1,1,72,0,0.2588616,0.36717973766637624,0.03935422447978321,"{""colsample_bytree"": 0.7343063758471565, ""learning_rate"": 0.05330118097284255, ""max_depth"": 4, ""min_child_weight"": 2, ""reg_lambda"": 1.4877367353677826, ""subsample"": 0.6165581599405402}"
1,1,74,1,0.867062,0.6563727761230781,0.12390008755379586,"{""colsample_bytree"": 0.7343063758471565, ""learning_rate"": 0.05330118097284255, ""max_depth"": 4, ""min_child_weight"": 2, ""reg_lambda"": 1.4877367353677826, ""subsample"": 0.6165581599405402}"
1,1,78,1,0.13047376,0.2990100388905551,0.07797749296022273,"{""colsample_bytree"": 0.7343063758471565, ""learning_rate"": 0.05330118097284255, ""max_depth"": 4, ""min_child_weight"": 2, ""reg_lambda"": 1.4877367353677826, ""subsample"": 0.6165581599405402}"
1,1,98,1,0.8138204,0.5835428702305754,0.09172569751977477,"{""colsample_bytree"": 0.7343063758471565, ""learning_rate"": 0.05330118097284255, ""max_depth"": 4, ""min_child_weight"": 2, ""reg_lambda"": 1.4877367353677826, ""subsample"": 0.6165581599405402}"
1,1,99,0,0.02913522,0.22569743471039697,0.057782672213983824,"{""colsample_bytree"": 0.7343063758471565, ""learning_rate"": 0.05330118097284255, ""max_depth"": 4, ""min_child_weight"": 2, ""reg_lambda"": 1.4877367353677826, ""subsample"": 0.6165581599405402}"
1,1,101,1,0.82124704,0.6118602705619588,0.12753067271781063,"{""colsample_bytree"": 0.7343063758471565, ""learning_rate"": 0.05330118097284255, ""max_depth"": 4, ""min_child_weight"": 2, ""reg_lambda"": 1.4877367353677826, ""subsample"": 0.6165581599405402}"
1,1,104,1,0.310422,0.27254169776489084,0.05160972936014316,"{""colsample_bytree"": 0.7343063758471565, ""learning_rate"": 0.05330118097284255, ""max_depth"": 4, ""min_child_weight"": 2, ""reg_lambda"": 1.4877367353677826, ""subsample"": 0.6165581599405402}"
1,1,108,0,0.32551405,0.3286561181672431,0.020672937551526955,"{""colsample_bytree"": 0.7343063758471565, ""learning_rate"": 0.05330118097284255, ""max_depth"": 4, ""min_child_weight"": 2, ""reg_lambda"": 1.4877367353677826, ""subsample"": 0.6165581599405402}"
1,1,112,1,0.68728656,0.5571186387580742,0.04673164141310353,"{""colsample_bytree"": 0.7343063758471565, ""learning_rate"": 0.05330118097284255, ""max_depth"": 4, ""min_child_weight"": 2, ""reg_lambda"": 1.4877367353677826, ""subsample"": 0.6165581599405402}"
1,1,120,1,0.56138134,0.5517152180608308,0.12302632435746326,"{""colsample_bytree"": 0.7343063758471565, ""learning_rate"": 0.05330118097284255, ""max_depth"": 4, ""min_child_weight"": 2, ""reg_lambda"": 1.4877367353677826, ""subsample"": 0.6165581599405402}"
1,1,124,0,0.5906987,0.5003153047545379,0.07633021335397006,"{""colsample_bytree"": 0.7343063758471565, ""learning_rate"": 0.05330118097284255, ""max_depth"": 4, ""min_child_weight"": 2, ""reg_lambda"": 1.4877367353677826, ""subsample"": 0.6165581599405402}"
1,1,130,0,0.17608257,0.28087387981368184,0.03045263989751836,"{""colsample_bytree"": 0.7343063758471565, ""learning_rate"": 0.05330118097284255, ""max_depth"": 4, ""min_child_weight"": 2, ""reg_lambda"": 1.4877367353677826, ""subsample"": 0.6165581599405402}"
1,1,131,0,0.2599326,0.3436028524665783,0.07045761705576097,"{""colsample_bytree"": 0.7343063758471565, ""learning_rate"": 0.05330118097284255, ""max_depth"": 4, ""min_child_weight"": 2, ""reg_lambda"": 1.4877367353677826, ""subsample"": 0.6165581599405402}"
1,1,132,0,0.6570835,0.633044500564763,0.12149286019640876,"{""colsample_bytree"": 0.7343063758471565, ""learning_rate"": 0.05330118097284255, ""max_depth"": 4, ""min_child_weight"": 2, ""reg_lambda"": 1.4877367353677826, ""subsample"": 0.6165581599405402}"
1,1,134,0,0.081508316,0.26239896610041435,0.046740556349650776,"{""colsample_bytree"": 0.7343063758471565, ""learning_rate"": 0.05330118097284255, ""max_depth"": 4, ""min_child_weight"": 2, ""reg_lambda"": 1.4877367353677826, ""subsample"": 0.6165581599405402}"
1,1,137,0,0.054716405,0.23755883312397988,0.05724326256862939,"{""colsample_bytree"": 0.7343063758471565, ""learning_rate"": 0.05330118097284255, ""max_depth"": 4, ""min_child_weight"": 2, ""reg_lambda"": 1.4877367353677826, ""subsample"": 0.6165581599405402}"
1,1,148,1,0.38759425,0.4149985762345164,0.04181446975625567,"{""colsample_bytree"": 0.7343063758471565, ""learning_rate"": 0.05330118097284255, ""max_depth"": 4, ""min_child_weight"": 2, ""reg_lambda"": 1.4877367353677826, ""subsample"": 0.6165581599405402}"
1,1,150,0,0.3992952,0.34789639115699444,0.06717845666412293,"{""colsample_bytree"": 0.7343063758471565, ""learning_rate"": 0.05330118097284255, ""max_depth"": 4, ""min_child_weight"": 2, ""reg_lambda"": 1.4877367353677826, ""subsample"": 0.6165581599405402}"
1,1,152,0,0.4881594,0.45478844978163896,0.08811205992216813,"{""colsample_bytree"": 0.7343063758471565, ""learning_rate"": 0.05330118097284255, ""max_depth"": 4, ""min_child_weight"": 2, ""reg_lambda"": 1.4877367353677826, ""subsample"": 0.6165581599405402}"
1,1,158,1,0.55066866,0.39199436992539616,0.06483207293572635,"{""colsample_bytree"": 0.7343063758471565, ""learning_rate"": 0.05330118097284255, ""max_depth"": 4, ""min_child_weight"": 2, ""reg_lambda"": 1.4877367353677826, ""subsample"": 0.6165581599405402}"
1,1,161,0,0.8785449,0.6701083704054361,0.09473157982271689,"{""colsample_bytree"": 0.7343063758471565, ""learning_rate"": 0.05330118097284255, ""max_depth"": 4, ""min_child_weight"": 2, ""reg_lambda"": 1.4877367353677826, ""subsample"": 0.6165581599405402}"
1,1,164,1,0.90656465,0.6744747928941146,0.10550609765913486,"{""colsample_bytree"": 0.7343063758471565, ""learning_rate"": 0.05330118097284255, ""max_depth"": 4, ""min_child_weight"": 2, ""reg_lambda"": 1.4877367353677826, ""subsample"": 0.6165581599405402}"
1,1,170,0,0.13161576,0.25827334631239274,0.05275604742290205,"{""colsample_bytree"": 0.7343063758471565, ""learning_rate"": 0.05330118097284255, ""max_depth"": 4, ""min_child_weight"": 2, ""reg_lambda"": 1.4877367353677826, ""subsample"": 0.6165581599405402}"
1,1,175,0,0.44708818,0.3990198460799433,0.04139597318761829,"{""colsample_bytree"": 0.7343063758471565, ""learning_rate"": 0.05330118097284255, ""max_depth"": 4, ""min_child_weight"": 2, ""reg_lambda"": 1.4877367353677826, ""subsample"": 0.6165581599405402}"
1,1,178,1,0.5731234,0.4829107216567178,0.08760004776684228,"{""colsample_bytree"": 0.7343063758471565, ""learning_rate"": 0.05330118097284255, ""max_depth"": 4, ""min_child_weight"": 2, ""reg_lambda"": 1.4877367353677826, ""subsample"": 0.6165581599405402}"
1,1,184,1,0.12593322,0.26551579206381215,0.03616487361534496,"{""colsample_bytree"": 0.7343063758471565, ""learning_rate"": 0.05330118097284255, ""max_depth"": 4, ""min_child_weight"": 2, ""reg_lambda"": 1.4877367353677826, ""subsample"": 0.6165581599405402}"
1,1,187,1,0.20584883,0.3103089907516158,0.03662477284447451,"{""colsample_bytree"": 0.7343063758471565, ""learning_rate"": 0.05330118097284255, ""max_depth"": 4, ""min_child_weight"": 2, ""reg_lambda"": 1.4877367353677826, ""subsample"": 0.6165581599405402}"
1,1,190,0,0.3445705,0.3798826151791459,0.055572503679690535,"{""colsample_bytree"": 0.7343063758471565, ""learning_rate"": 0.05330118097284255, ""max_depth"": 4, ""min_child_weight"": 2, ""reg_lambda"": 1.4877367353677826, ""subsample"": 0.6165581599405402}"
1,1,192,0,0.01165963,0.21650054498361815,0.058807701206858645,"{""colsample_bytree"": 0.7343063758471565, ""learning_rate"": 0.05330118097284255, ""max_depth"": 4, ""min_child_weight"": 2, ""reg_lambda"": 1.4877367353677826, ""subsample"": 0.6165581599405402}"
1,1,194,0,0.11692026,0.2605944803565164,0.054788870028982944,"{""colsample_bytree"": 0.7343063758471565, ""learning_rate"": 0.05330118097284255, ""max_depth"": 4, ""min_child_weight"": 2, ""reg_lambda"": 1.4877367353677826, ""subsample"": 0.6165581599405402}"
1,1,196,0,0.15512732,0.29919571031750786,0.05145826041085401,"{""colsample_bytree"": 0.7343063758471565, ""learning_rate"": 0.05330118097284255, ""max_depth"": 4, ""min_child_weight"": 2, ""reg_lambda"": 1.4877367353677826, ""subsample"": 0.6165581599405402}"
1,1,201,0,0.4956405,0.48532682212163414,0.07713463704725634,"{""colsample_bytree"": 0.7343063758471565, ""learning_rate"": 0.05330118097284255, ""max_depth"": 4, ""min_child_weight"": 2, ""reg_lambda"": 1.4877367353677826, ""subsample"": 0.6165581599405402}"
1,1,202,1,0.842473,0.6246964699500323,0.06541953549997805,"{""colsample_bytree"": 0.7343063758471565, ""learning_rate"": 0.05330118097284255, ""max_depth"": 4, ""min_child_weight"": 2, ""reg_lambda"": 1.4877367353677826, ""subsample"": 0.6165581599405402}"
1,1,205,0,0.16513252,0.3732082982624266,0.08276983762308371,"{""colsample_bytree"": 0.7343063758471565, ""learning_rate"": 0.05330118097284255, ""max_depth"": 4, ""min_child_weight"": 2, ""reg_lambda"": 1.4877367353677826, ""subsample"": 0.6165581599405402}"
1,1,208,0,0.33247924,0.3217226343511951,0.036476313368798106,"{""colsample_bytree"": 0.7343063758471565, ""learning_rate"": 0.05330118097284255, ""max_depth"": 4, ""min_child_weight"": 2, ""reg_lambda"": 1.4877367353677826, ""subsample"": 0.6165581599405402}"
1,1,211,0,0.43020734,0.41430460918328577,0.07434560532587484,"{""colsample_bytree"": 0.7343063758471565, ""learning_rate"": 0.05330118097284255, ""max_depth"": 4, ""min_child_weight"": 2, ""reg_lambda"": 1.4877367353677826, ""subsample"": 0.6165581599405402}"
1,1,222,1,0.65342224,0.586859864721748,0.09747085089388487,"{""colsample_bytree"": 0.7343063758471565, ""learning_rate"": 0.05330118097284255, ""max_depth"": 4, ""min_child_weight"": 2, ""reg_lambda"": 1.4877367353677826, ""subsample"": 0.6165581599405402}"
1,1,229,1,0.31668854,0.3788058530947607,0.04621019199035242,"{""colsample_bytree"": 0.7343063758471565, ""learning_rate"": 0.05330118097284255, ""max_depth"": 4, ""min_child_weight"": 2, ""reg_lambda"": 1.4877367353677826, ""subsample"": 0.6165581599405402}"
1,1,232,1,0.24679826,0.29121629303787183,0.05693041231257678,"{""colsample_bytree"": 0.7343063758471565, ""learning_rate"": 0.05330118097284255, ""max_depth"": 4, ""min_child_weight"": 2, ""reg_lambda"": 1.4877367353677826, ""subsample"": 0.6165581599405402}"
1,1,238,0,0.2740613,0.33725962584722435,0.09195009798709239,"{""colsample_bytree"": 0.7343063758471565, ""learning_rate"": 0.05330118097284255, ""max_depth"": 4, ""min_child_weight"": 2, ""reg_lambda"": 1.4877367353677826, ""subsample"": 0.6165581599405402}"
1,1,239,0,0.35426065,0.3696453943787137,0.050133367445016785,"{""colsample_bytree"": 0.7343063758471565, ""learning_rate"": 0.05330118097284255, ""max_depth"": 4, ""min_child_weight"": 2, ""reg_lambda"": 1.4877367353677826, ""subsample"": 0.6165581599405402}"
1,1,246,1,0.54196155,0.6228992456216408,0.10495193851762077,"{""colsample_bytree"": 0.7343063758471565, ""learning_rate"": 0.05330118097284255, ""max_depth"": 4, ""min_child_weight"": 2, ""reg_lambda"": 1.4877367353677826, ""subsample"": 0.6165581599405402}"
1,1,247,0,0.015977036,0.22095070008007553,0.053005598695569235,"{""colsample_bytree"": 0.7343063758471565, ""learning_rate"": 0.05330118097284255, ""max_depth"": 4, ""min_child_weight"": 2, ""reg_lambda"": 1.4877367353677826, ""subsample"": 0.6165581599405402}"
1,1,262,0,0.071108446,0.2441187108039264,0.05220179409197932,"{""colsample_bytree"": 0.7343063758471565, ""learning_rate"": 0.05330118097284255, ""max_depth"": 4, ""min_child_weight"": 2, ""reg_lambda"": 1.4877367353677826, ""subsample"": 0.6165581599405402}"
1,1,264,0,0.050023098,0.23530186629929747,0.04644789104028393,"{""colsample_bytree"": 0.7343063758471565, ""learning_rate"": 0.05330118097284255, ""max_depth"": 4, ""min_child_weight"": 2, ""reg_lambda"": 1.4877367353677826, ""subsample"": 0.6165581599405402}"
1,1,272,0,0.66174614,0.527981125515224,0.10032653209773788,"{""colsample_bytree"": 0.7343063758471565, ""learning_rate"": 0.05330118097284255, ""max_depth"": 4, ""min_child_weight"": 2, ""reg_lambda"": 1.4877367353677826, ""subsample"": 0.6165581599405402}"
1,1,284,0,0.74286574,0.5880082164314742,0.10368934395530738,"{""colsample_bytree"": 0.7343063758471565, ""learning_rate"": 0.05330118097284255, ""max_depth"": 4, ""min_child_weight"": 2, ""reg_lambda"": 1.4877367353677826, ""subsample"": 0.6165581599405402}"
1,1,286,0,0.5826757,0.469562418441153,0.06896727794757064,"{""colsample_bytree"": 0.7343063758471565, ""learning_rate"": 0.05330118097284255, ""max_depth"": 4, ""min_child_weight"": 2, ""reg_lambda"": 1.4877367353677826, ""subsample"": 0.6165581599405402}"
1,1,301,0,0.21790385,0.27357879228003185,0.035651440283895316,"{""colsample_bytree"": 0.7343063758471565, ""learning_rate"": 0.05330118097284255, ""max_depth"": 4, ""min_child_weight"": 2, ""reg_lambda"": 1.4877367353677826, ""subsample"": 0.6165581599405402}"
1,2,0,0,0.21423487,0.24402834544141191,0.0905687715968011,"{""colsample_bytree"": 0.7401307956998033, ""learning_rate"": 0.06425914271610886, ""max_depth"": 2, ""min_child_weight"": 1, ""reg_lambda"": 8.46383134894487, ""subsample"": 0.9662622354079796}"
1,2,3,0,0.13507138,0.22537744398266746,0.0653918132247777,"{""colsample_bytree"": 0.7401307956998033, ""learning_rate"": 0.06425914271610886, ""max_depth"": 2, ""min_child_weight"": 1, ""reg_lambda"": 8.46383134894487, ""subsample"": 0.9662622354079796}"
1,2,6,0,0.15303978,0.20065785009864076,0.07728427220085853,"{""colsample_bytree"": 0.7401307956998033, ""learning_rate"": 0.06425914271610886, ""max_depth"": 2, ""min_child_weight"": 1, ""reg_lambda"": 8.46383134894487, ""subsample"": 0.9662622354079796}"
1,2,18,0,0.7881535,0.6673145471942894,0.08647664300121392,"{""colsample_bytree"": 0.7401307956998033, ""learning_rate"": 0.06425914271610886, ""max_depth"": 2, ""min_child_weight"": 1, ""reg_lambda"": 8.46383134894487, ""subsample"": 0.9662622354079796}"
1,2,24,0,0.31828433,0.26449498020950846,0.10120401562203896,"{""colsample_bytree"": 0.7401307956998033, ""learning_rate"": 0.06425914271610886, ""max_depth"": 2, ""min_child_weight"": 1, ""reg_lambda"": 8.46383134894487, ""subsample"": 0.9662622354079796}"
1,2,27,0,0.15400839,0.20240212664574017,0.060417836682766145,"{""colsample_bytree"": 0.7401307956998033, ""learning_rate"": 0.06425914271610886, ""max_depth"": 2, ""min_child_weight"": 1, ""reg_lambda"": 8.46383134894487, ""subsample"": 0.9662622354079796}"
1,2,29,1,0.9469313,0.8021403000455246,0.09579700892870273,"{""colsample_bytree"": 0.7401307956998033, ""learning_rate"": 0.06425914271610886, ""max_depth"": 2, ""min_child_weight"": 1, ""reg_lambda"": 8.46383134894487, ""subsample"": 0.9662622354079796}"
1,2,39,1,0.5349881,0.5209789200440477,0.08937334132842657,"{""colsample_bytree"": 0.7401307956998033, ""learning_rate"": 0.06425914271610886, ""max_depth"": 2, ""min_child_weight"": 1, ""reg_lambda"": 8.46383134894487, ""subsample"": 0.9662622354079796}"
1,2,40,0,0.37227732,0.4556181417966493,0.13900110680210365,"{""colsample_bytree"": 0.7401307956998033, ""learning_rate"": 0.06425914271610886, ""max_depth"": 2, ""min_child_weight"": 1, ""reg_lambda"": 8.46383134894487, ""subsample"": 0.9662622354079796}"
1,2,43,0,0.44567183,0.46375992520960124,0.09931024865790829,"{""colsample_bytree"": 0.7401307956998033, ""learning_rate"": 0.06425914271610886, ""max_depth"": 2, ""min_child_weight"": 1, ""reg_lambda"": 8.46383134894487, ""subsample"": 0.9662622354079796}"
1,2,45,1,0.24511965,0.28049949096331595,0.09642436596760794,"{""colsample_bytree"": 0.7401307956998033, ""learning_rate"": 0.06425914271610886, ""max_depth"": 2, ""min_child_weight"": 1, ""reg_lambda"": 8.46383134894487, ""subsample"": 0.9662622354079796}"
1,2,46,1,0.13488741,0.20347813224317993,0.057178843441123665,"{""colsample_bytree"": 0.7401307956998033, ""learning_rate"": 0.06425914271610886, ""max_depth"": 2, ""min_child_weight"": 1, ""reg_lambda"": 8.46383134894487, ""subsample"": 0.9662622354079796}"
1,2,52,0,0.79283214,0.7084283110778296,0.11485942345466385,"{""colsample_bytree"": 0.7401307956998033, ""learning_rate"": 0.06425914271610886, ""max_depth"": 2, ""min_child_weight"": 1, ""reg_lambda"": 8.46383134894487, ""subsample"": 0.9662622354079796}"
1,2,56,1,0.5397151,0.4000237414241786,0.11250658597739234,"{""colsample_bytree"": 0.7401307956998033, ""learning_rate"": 0.06425914271610886, ""max_depth"": 2, ""min_child_weight"": 1, ""reg_lambda"": 8.46383134894487, ""subsample"": 0.9662622354079796}"
1,2,59,1,0.41126612,0.472965221092423,0.048123827498045245,"{""colsample_bytree"": 0.7401307956998033, ""learning_rate"": 0.06425914271610886, ""max_depth"": 2, ""min_child_weight"": 1, ""reg_lambda"": 8.46383134894487, ""subsample"": 0.9662622354079796}"
1,2,61,0,0.12898037,0.19553451509069356,0.053850264859513323,"{""colsample_bytree"": 0.7401307956998033, ""learning_rate"": 0.06425914271610886, ""max_depth"": 2, ""min_child_weight"": 1, ""reg_lambda"": 8.46383134894487, ""subsample"": 0.9662622354079796}"
1,2,67,0,0.22845832,0.2580578295973773,0.06228017705860307,"{""colsample_bytree"": 0.7401307956998033, ""learning_rate"": 0.06425914271610886, ""max_depth"": 2, ""min_child_weight"": 1, ""reg_lambda"": 8.46383134894487, ""subsample"": 0.9662622354079796}"
1,2,75,0,0.22816092,0.27890730388513296,0.041198446047395455,"{""colsample_bytree"": 0.7401307956998033, ""learning_rate"": 0.06425914271610886, ""max_depth"": 2, ""min_child_weight"": 1, ""reg_lambda"": 8.46383134894487, ""subsample"": 0.9662622354079796}"
1,2,76,0,0.64976776,0.6058943241075228,0.0620072744823124,"{""colsample_bytree"": 0.7401307956998033, ""learning_rate"": 0.06425914271610886, ""max_depth"": 2, ""min_child_weight"": 1, ""reg_lambda"": 8.46383134894487, ""subsample"": 0.9662622354079796}"
1,2,83,0,0.18092173,0.2613863483260056,0.12520346313700476,"{""colsample_bytree"": 0.7401307956998033, ""learning_rate"": 0.06425914271610886, ""max_depth"": 2, ""min_child_weight"": 1, ""reg_lambda"": 8.46383134894487, ""subsample"": 0.9662622354079796}"
1,2,87,1,0.57742614,0.547241957287741,0.05653050879761639,"{""colsample_bytree"": 0.7401307956998033, ""learning_rate"": 0.06425914271610886, ""max_depth"": 2, ""min_child_weight"": 1, ""reg_lambda"": 8.46383134894487, ""subsample"": 0.9662622354079796}"
1,2,90,1,0.32778865,0.33618197689773316,0.10105577989738952,"{""colsample_bytree"": 0.7401307956998033, ""learning_rate"": 0.06425914271610886, ""max_depth"": 2, ""min_child_weight"": 1, ""reg_lambda"": 8.46383134894487, ""subsample"": 0.9662622354079796}"
1,2,95,1,0.16656786,0.279301554167625,0.03064486838179543,"{""colsample_bytree"": 0.7401307956998033, ""learning_rate"": 0.06425914271610886, ""max_depth"": 2, ""min_child_weight"": 1, ""reg_lambda"": 8.46383134894487, ""subsample"": 0.9662622354079796}"
1,2,106,0,0.8530885,0.7380789026090268,0.08788550217922665,"{""colsample_bytree"": 0.7401307956998033, ""learning_rate"": 0.06425914271610886, ""max_depth"": 2, ""min_child_weight"": 1, ""reg_lambda"": 8.46383134894487, ""subsample"": 0.9662622354079796}"
1,2,107,1,0.5229693,0.47872900584821715,0.09440538666968584,"{""colsample_bytree"": 0.7401307956998033, ""learning_rate"": 0.06425914271610886, ""max_depth"": 2, ""min_child_weight"": 1, ""reg_lambda"": 8.46383134894487, ""subsample"": 0.9662622354079796}"
1,2,110,1,0.28954685,0.284862635279731,0.056708937199391,"{""colsample_bytree"": 0.7401307956998033, ""learning_rate"": 0.06425914271610886, ""max_depth"": 2, ""min_child_weight"": 1, ""reg_lambda"": 8.46383134894487, ""subsample"": 0.9662622354079796}"
1,2,121,0,0.5616558,0.5548017615497298,0.12492198371542239,"{""colsample_bytree"": 0.7401307956998033, ""learning_rate"": 0.06425914271610886, ""max_depth"": 2, ""min_child_weight"": 1, ""reg_lambda"": 8.46383134894487, ""subsample"": 0.9662622354079796}"
1,2,122,1,0.6910498,0.6841794729155547,0.08926971337669216,"{""colsample_bytree"": 0.7401307956998033, ""learning_rate"": 0.06425914271610886, ""max_depth"": 2, ""min_child_weight"": 1, ""reg_lambda"": 8.46383134894487, ""subsample"": 0.9662622354079796}"
1,2,125,1,0.19901907,0.3205028312723336,0.09905562098956067,"{""colsample_bytree"": 0.7401307956998033, ""learning_rate"": 0.06425914271610886, ""max_depth"": 2, ""min_child_weight"": 1, ""reg_lambda"": 8.46383134894487, ""subsample"": 0.9662622354079796}"
1,2,128,0,0.23763116,0.30020370376033945,0.1298600862390934,"{""colsample_bytree"": 0.7401307956998033, ""learning_rate"": 0.06425914271610886, ""max_depth"": 2, ""min_child_weight"": 1, ""reg_lambda"": 8.46383134894487, ""subsample"": 0.9662622354079796}"
1,2,129,0,0.11618885,0.19070502085438584,0.04810227833612391,"{""colsample_bytree"": 0.7401307956998033, ""learning_rate"": 0.06425914271610886, ""max_depth"": 2, ""min_child_weight"": 1, ""reg_lambda"": 8.46383134894487, ""subsample"": 0.9662622354079796}"
1,2,136,0,0.13099603,0.19756737581489675,0.06930981169864382,"{""colsample_bytree"": 0.7401307956998033, ""learning_rate"": 0.06425914271610886, ""max_depth"": 2, ""min_child_weight"": 1, ""reg_lambda"": 8.46383134894487, ""subsample"": 0.9662622354079796}"
1,2,138,1,0.4076943,0.39263690835162535,0.1440572267616536,"{""colsample_bytree"": 0.7401307956998033, ""learning_rate"": 0.06425914271610886, ""max_depth"": 2, ""min_child_weight"": 1, ""reg_lambda"": 8.46383134894487, ""subsample"": 0.9662622354079796}"
1,2,139,1,0.2683741,0.32071568692119357,0.05211890745394399,"{""colsample_bytree"": 0.7401307956998033, ""learning_rate"": 0.06425914271610886, ""max_depth"": 2, ""min_child_weight"": 1, ""reg_lambda"": 8.46383134894487, ""subsample"": 0.9662622354079796}"
1,2,140,0,0.18510099,0.2187974183265684,0.0690124932269708,"{""colsample_bytree"": 0.7401307956998033, ""learning_rate"": 0.06425914271610886, ""max_depth"": 2, ""min_child_weight"": 1, ""reg_lambda"": 8.46383134894487, ""subsample"": 0.9662622354079796}"
1,2,141,0,0.31327674,0.3448798326218047,0.07536622996710025,"{""colsample_bytree"": 0.7401307956998033, ""learning_rate"": 0.06425914271610886, ""max_depth"": 2, ""min_child_weight"": 1, ""reg_lambda"": 8.46383134894487, ""subsample"": 0.9662622354079796}"
1,2,145,1,0.80725497,0.7103404536614886,0.10716312514136514,"{""colsample_bytree"": 0.7401307956998033, ""learning_rate"": 0.06425914271610886, ""max_depth"": 2, ""min_child_weight"": 1, ""reg_lambda"": 8.46383134894487, ""subsample"": 0.9662622354079796}"
1,2,146,0,0.8666263,0.7600848672445198,0.09958249845323841,"{""colsample_bytree"": 0.7401307956998033, ""learning_rate"": 0.06425914271610886, ""max_depth"": 2, ""min_child_weight"": 1, ""reg_lambda"": 8.46383134894487, ""subsample"": 0.9662622354079796}"
1,2,154,0,0.2559037,0.2456833727395938,0.06941794689025027,"{""colsample_bytree"": 0.7401307956998033, ""learning_rate"": 0.06425914271610886, ""max_depth"": 2, ""min_child_weight"": 1, ""reg_lambda"": 8.46383134894487, ""subsample"": 0.9662622354079796}"
1,2,156,1,0.43138817,0.386091705624998,0.1017594286875661,"{""colsample_bytree"": 0.7401307956998033, ""learning_rate"": 0.06425914271610886, ""max_depth"": 2, ""min_child_weight"": 1, ""reg_lambda"": 8.46383134894487, ""subsample"": 0.9662622354079796}"
1,2,162,0,0.21257368,0.31655098356147593,0.10290870111530838,"{""colsample_bytree"": 0.7401307956998033, ""learning_rate"": 0.06425914271610886, ""max_depth"": 2, ""min_child_weight"": 1, ""reg_lambda"": 8.46383134894487, ""subsample"": 0.9662622354079796}"
1,2,176,0,0.08740111,0.18103667626532421,0.07652108402187706,"{""colsample_bytree"": 0.7401307956998033, ""learning_rate"": 0.06425914271610886, ""max_depth"": 2, ""min_child_weight"": 1, ""reg_lambda"": 8.46383134894487, ""subsample"": 0.9662622354079796}"
1,2,180,0,0.3372351,0.3704843278094154,0.08822609380368074,"{""colsample_bytree"": 0.7401307956998033, ""learning_rate"": 0.06425914271610886, ""max_depth"": 2, ""min_child_weight"": 1, ""reg_lambda"": 8.46383134894487, ""subsample"": 0.9662622354079796}"
1,2,183,0,0.5299971,0.47906959923713544,0.047142840779603866,"{""colsample_bytree"": 0.7401307956998033, ""learning_rate"": 0.06425914271610886, ""max_depth"": 2, ""min_child_weight"": 1, ""reg_lambda"": 8.46383134894487, ""subsample"": 0.9662622354079796}"
1,2,216,0,0.5180938,0.47711798057492427,0.10716904243856003,"{""colsample_bytree"": 0.7401307956998033, ""learning_rate"": 0.06425914271610886, ""max_depth"": 2, ""min_child_weight"": 1, ""reg_lambda"": 8.46383134894487, ""subsample"": 0.9662622354079796}"
1,2,218,0,0.13613982,0.21024407138388143,0.07140324763790437,"{""colsample_bytree"": 0.7401307956998033, ""learning_rate"": 0.06425914271610886, ""max_depth"": 2, ""min_child_weight"": 1, ""reg_lambda"": 8.46383134894487, ""subsample"": 0.9662622354079796}"
1,2,219,1,0.1129551,0.20564297041031931,0.07494151680354444,"{""colsample_bytree"": 0.7401307956998033, ""learning_rate"": 0.06425914271610886, ""max_depth"": 2, ""min_child_weight"": 1, ""reg_lambda"": 8.46383134894487, ""subsample"": 0.9662622354079796}"
1,2,220,1,0.4219782,0.51352394305377,0.14647039750324325,"{""colsample_bytree"": 0.7401307956998033, ""learning_rate"": 0.06425914271610886, ""max_depth"": 2, ""min_child_weight"": 1, ""reg_lambda"": 8.46383134894487, ""subsample"": 0.9662622354079796}"
1,2,223,1,0.17488828,0.2183594377654269,0.07484318272241966,"{""colsample_bytree"": 0.7401307956998033, ""learning_rate"": 0.06425914271610886, ""max_depth"": 2, ""min_child_weight"": 1, ""reg_lambda"": 8.46383134894487, ""subsample"": 0.9662622354079796}"
1,2,226,1,0.21593697,0.25636567269357285,0.1018258869033218,"{""colsample_bytree"": 0.7401307956998033, ""learning_rate"": 0.06425914271610886, ""max_depth"": 2, ""min_child_weight"": 1, ""reg_lambda"": 8.46383134894487, ""subsample"": 0.9662622354079796}"
1,2,228,0,0.46170774,0.47208288923123654,0.16137294490884643,"{""colsample_bytree"": 0.7401307956998033, ""learning_rate"": 0.06425914271610886, ""max_depth"": 2, ""min_child_weight"": 1, ""reg_lambda"": 8.46383134894487, ""subsample"": 0.9662622354079796}"
1,2,234,0,0.22905593,0.2709275076620995,0.11971121088280422,"{""colsample_bytree"": 0.7401307956998033, ""learning_rate"": 0.06425914271610886, ""max_depth"": 2, ""min_child_weight"": 1, ""reg_lambda"": 8.46383134894487, ""subsample"": 0.9662622354079796}"
1,2,235,1,0.75113446,0.6520148604327597,0.13590639397156415,"{""colsample_bytree"": 0.7401307956998033, ""learning_rate"": 0.06425914271610886, ""max_depth"": 2, ""min_child_weight"": 1, ""reg_lambda"": 8.46383134894487, ""subsample"": 0.9662622354079796}"
1,2,252,0,0.18962121,0.23750184381318862,0.06709361621290996,"{""colsample_bytree"": 0.7401307956998033, ""learning_rate"": 0.06425914271610886, ""max_depth"": 2, ""min_child_weight"": 1, ""reg_lambda"": 8.46383134894487, ""subsample"": 0.9662622354079796}"
1,2,254,0,0.1714723,0.2419247242045718,0.05621650823145011,"{""colsample_bytree"": 0.7401307956998033, ""learning_rate"": 0.06425914271610886, ""max_depth"": 2, ""min_child_weight"": 1, ""reg_lambda"": 8.46383134894487, ""subsample"": 0.9662622354079796}"
1,2,258,0,0.49452147,0.41834650199952844,0.15606092755255493,"{""colsample_bytree"": 0.7401307956998033, ""learning_rate"": 0.06425914271610886, ""max_depth"": 2, ""min_child_weight"": 1, ""reg_lambda"": 8.46383134894487, ""subsample"": 0.9662622354079796}"
1,2,274,0,0.71134627,0.5829941008792306,0.06849802217119123,"{""colsample_bytree"": 0.7401307956998033, ""learning_rate"": 0.06425914271610886, ""max_depth"": 2, ""min_child_weight"": 1, ""reg_lambda"": 8.46383134894487, ""subsample"": 0.9662622354079796}"
1,2,276,0,0.17417613,0.22264853972303275,0.09750445691071645,"{""colsample_bytree"": 0.7401307956998033, ""learning_rate"": 0.06425914271610886, ""max_depth"": 2, ""min_child_weight"": 1, ""reg_lambda"": 8.46383134894487, ""subsample"": 0.9662622354079796}"
1,2,279,1,0.3643857,0.33177991676994933,0.03420369100481479,"{""colsample_bytree"": 0.7401307956998033, ""learning_rate"": 0.06425914271610886, ""max_depth"": 2, ""min_child_weight"": 1, ""reg_lambda"": 8.46383134894487, ""subsample"": 0.9662622354079796}"
1,2,285,0,0.12778087,0.2002972687434635,0.06726795571247357,"{""colsample_bytree"": 0.7401307956998033, ""learning_rate"": 0.06425914271610886, ""max_depth"": 2, ""min_child_weight"": 1, ""reg_lambda"": 8.46383134894487, ""subsample"": 0.9662622354079796}"
1,2,294,1,0.14257422,0.2029258503916485,0.08341441314423269,"{""colsample_bytree"": 0.7401307956998033, ""learning_rate"": 0.06425914271610886, ""max_depth"": 2, ""min_child_weight"": 1, ""reg_lambda"": 8.46383134894487, ""subsample"": 0.9662622354079796}"
1,3,8,0,0.053938974,0.2564810860613941,0.05636045742781789,"{""colsample_bytree"": 0.5361769882148469, ""learning_rate"": 0.11419424636698718, ""max_depth"": 3, ""min_child_weight"": 2, ""reg_lambda"": 14.305156350671469, ""subsample"": 0.941488998314165}"
1,3,9,1,0.6077751,0.5350274049844952,0.13136381983209827,"{""colsample_bytree"": 0.5361769882148469, ""learning_rate"": 0.11419424636698718, ""max_depth"": 3, ""min_child_weight"": 2, ""reg_lambda"": 14.305156350671469, ""subsample"": 0.941488998314165}"
1,3,12,0,0.38944277,0.42472306034951207,0.03129046283960006,"{""colsample_bytree"": 0.5361769882148469, ""learning_rate"": 0.11419424636698718, ""max_depth"": 3, ""min_child_weight"": 2, ""reg_lambda"": 14.305156350671469, ""subsample"": 0.941488998314165}"
1,3,13,0,0.6699198,0.5445538478236114,0.07561478572554535,"{""colsample_bytree"": 0.5361769882148469, ""learning_rate"": 0.11419424636698718, ""max_depth"": 3, ""min_child_weight"": 2, ""reg_lambda"": 14.305156350671469, ""subsample"": 0.941488998314165}"
1,3,19,1,0.7913758,0.5939545216838243,0.12157625426601606,"{""colsample_bytree"": 0.5361769882148469, ""learning_rate"": 0.11419424636698718, ""max_depth"": 3, ""min_child_weight"": 2, ""reg_lambda"": 14.305156350671469, ""subsample"": 0.941488998314165}"
1,3,20,1,0.14853154,0.2911076760163185,0.04519347236028153,"{""colsample_bytree"": 0.5361769882148469, ""learning_rate"": 0.11419424636698718, ""max_depth"": 3, ""min_child_weight"": 2, ""reg_lambda"": 14.305156350671469, ""subsample"": 0.941488998314165}"
1,3,21,1,0.3717924,0.41058052633069864,0.050784370714925336,"{""colsample_bytree"": 0.5361769882148469, ""learning_rate"": 0.11419424636698718, ""max_depth"": 3, ""min_child_weight"": 2, ""reg_lambda"": 14.305156350671469, ""subsample"": 0.941488998314165}"
1,3,35,0,0.05559467,0.255519453752604,0.06217970938785331,"{""colsample_bytree"": 0.5361769882148469, ""learning_rate"": 0.11419424636698718, ""max_depth"": 3, ""min_child_weight"": 2, ""reg_lambda"": 14.305156350671469, ""subsample"": 0.941488998314165}"
1,3,37,1,0.16221873,0.31188028184762806,0.0410335005937977,"{""colsample_bytree"": 0.5361769882148469, ""learning_rate"": 0.11419424636698718, ""max_depth"": 3, ""min_child_weight"": 2, ""reg_lambda"": 14.305156350671469, ""subsample"": 0.941488998314165}"
1,3,38,0,0.37641647,0.4301233281869489,0.1088541369668128,"{""colsample_bytree"": 0.5361769882148469, ""learning_rate"": 0.11419424636698718, ""max_depth"": 3, ""min_child_weight"": 2, ""reg_lambda"": 14.305156350671469, ""subsample"": 0.941488998314165}"
1,3,41,0,0.07175752,0.26996276949915915,0.06235328408802066,"{""colsample_bytree"": 0.5361769882148469, ""learning_rate"": 0.11419424636698718, ""max_depth"": 3, ""min_child_weight"": 2, ""reg_lambda"": 14.305156350671469, ""subsample"": 0.941488998314165}"
1,3,42,0,0.04369354,0.26803660177814664,0.04565746132939766,"{""colsample_bytree"": 0.5361769882148469, ""learning_rate"": 0.11419424636698718, ""max_depth"": 3, ""min_child_weight"": 2, ""reg_lambda"": 14.305156350671469, ""subsample"": 0.941488998314165}"
1,3,48,0,0.026653007,0.2511417385411908,0.054819614383342895,"{""colsample_bytree"": 0.5361769882148469, ""learning_rate"": 0.11419424636698718, ""max_depth"": 3, ""min_child_weight"": 2, ""reg_lambda"": 14.305156350671469, ""subsample"": 0.941488998314165}"
1,3,49,0,0.25589836,0.3670439644890742,0.06759511278250835,"{""colsample_bytree"": 0.5361769882148469, ""learning_rate"": 0.11419424636698718, ""max_depth"": 3, ""min_child_weight"": 2, ""reg_lambda"": 14.305156350671469, ""subsample"": 0.941488998314165}"
1,3,50,1,0.5981306,0.49617682213647996,0.11821580171343343,"{""colsample_bytree"": 0.5361769882148469, ""learning_rate"": 0.11419424636698718, ""max_depth"": 3, ""min_child_weight"": 2, ""reg_lambda"": 14.305156350671469, ""subsample"": 0.941488998314165}"
1,3,69,1,0.43969056,0.4396322055501519,0.07503194780417537,"{""colsample_bytree"": 0.5361769882148469, ""learning_rate"": 0.11419424636698718, ""max_depth"": 3, ""min_child_weight"": 2, ""reg_lambda"": 14.305156350671469, ""subsample"": 0.941488998314165}"
1,3,79,0,0.3237131,0.37023121917366913,0.07389554255220548,"{""colsample_bytree"": 0.5361769882148469, ""learning_rate"": 0.11419424636698718, ""max_depth"": 3, ""min_child_weight"": 2, ""reg_lambda"": 14.305156350671469, ""subsample"": 0.941488998314165}"
1,3,80,1,0.81470007,0.5707641265092666,0.14646094149239147,"{""colsample_bytree"": 0.5361769882148469, ""learning_rate"": 0.11419424636698718, ""max_depth"": 3, ""min_child_weight"": 2, ""reg_lambda"": 14.305156350671469, ""subsample"": 0.941488998314165}"
1,3,86,1,0.47822556,0.4730013176074682,0.12775805676476854,"{""colsample_bytree"": 0.5361769882148469, ""learning_rate"": 0.11419424636698718, ""max_depth"": 3, ""min_child_weight"": 2, ""reg_lambda"": 14.305156350671469, ""subsample"": 0.941488998314165}"
1,3,88,1,0.4863472,0.4550909173067925,0.0922137751460546,"{""colsample_bytree"": 0.5361769882148469, ""learning_rate"": 0.11419424636698718, ""max_depth"": 3, ""min_child_weight"": 2, ""reg_lambda"": 14.305156350671469, ""subsample"": 0.941488998314165}"
1,3,93,0,0.69707686,0.565782288282043,0.11730343842929702,"{""colsample_bytree"": 0.5361769882148469, ""learning_rate"": 0.11419424636698718, ""max_depth"": 3, ""min_child_weight"": 2, ""reg_lambda"": 14.305156350671469, ""subsample"": 0.941488998314165}"
1,3,102,0,0.09968655,0.28715738111000566,0.06287180366090307,"{""colsample_bytree"": 0.5361769882148469, ""learning_rate"": 0.11419424636698718, ""max_depth"": 3, ""min_child_weight"": 2, ""reg_lambda"": 14.305156350671469, ""subsample"": 0.941488998314165}"
1,3,103,1,0.37342185,0.45602513440454506,0.06956871081866088,"{""colsample_bytree"": 0.5361769882148469, ""learning_rate"": 0.11419424636698718, ""max_depth"": 3, ""min_child_weight"": 2, ""reg_lambda"": 14.305156350671469, ""subsample"": 0.941488998314165}"
1,3,109,1,0.3941003,0.4169715933066933,0.04514977518988654,"{""colsample_bytree"": 0.5361769882148469, ""learning_rate"": 0.11419424636698718, ""max_depth"": 3, ""min_child_weight"": 2, ""reg_lambda"": 14.305156350671469, ""subsample"": 0.941488998314165}"
1,3,111,1,0.5259798,0.4609385325252403,0.049035248557011,"{""colsample_bytree"": 0.5361769882148469, ""learning_rate"": 0.11419424636698718, ""max_depth"": 3, ""min_child_weight"": 2, ""reg_lambda"": 14.305156350671469, ""subsample"": 0.941488998314165}"
1,3,117,1,0.9359443,0.6453816965073902,0.133886944419267,"{""colsample_bytree"": 0.5361769882148469, ""learning_rate"": 0.11419424636698718, ""max_depth"": 3, ""min_child_weight"": 2, ""reg_lambda"": 14.305156350671469, ""subsample"": 0.941488998314165}"
1,3,126,0,0.7180972,0.5220356379326715,0.16736372075563447,"{""colsample_bytree"": 0.5361769882148469, ""learning_rate"": 0.11419424636698718, ""max_depth"": 3, ""min_child_weight"": 2, ""reg_lambda"": 14.305156350671469, ""subsample"": 0.941488998314165}"
1,3,143,0,0.037044287,0.24938738843077543,0.05870786855207458,"{""colsample_bytree"": 0.5361769882148469, ""learning_rate"": 0.11419424636698718, ""max_depth"": 3, ""min_child_weight"": 2, ""reg_lambda"": 14.305156350671469, ""subsample"": 0.941488998314165}"
1,3,149,1,0.58070624,0.44048968858855087,0.05973161313935544,"{""colsample_bytree"": 0.5361769882148469, ""learning_rate"": 0.11419424636698718, ""max_depth"": 3, ""min_child_weight"": 2, ""reg_lambda"": 14.305156350671469, ""subsample"": 0.941488998314165}"
1,3,159,0,0.59595114,0.4751723600884734,0.05624023480633523,"{""colsample_bytree"": 0.5361769882148469, ""learning_rate"": 0.11419424636698718, ""max_depth"": 3, ""min_child_weight"": 2, ""reg_lambda"": 14.305156350671469, ""subsample"": 0.941488998314165}"
1,3,163,1,0.37596077,0.4294713969072431,0.0947994156623366,"{""colsample_bytree"": 0.5361769882148469, ""learning_rate"": 0.11419424636698718, ""max_depth"": 3, ""min_child_weight"": 2, ""reg_lambda"": 14.305156350671469, ""subsample"": 0.941488998314165}"
1,3,169,0,0.0723194,0.26386845547458665,0.0512988659320717,"{""colsample_bytree"": 0.5361769882148469, ""learning_rate"": 0.11419424636698718, ""max_depth"": 3, ""min_child_weight"": 2, ""reg_lambda"": 14.305156350671469, ""subsample"": 0.941488998314165}"
1,3,172,0,0.27978137,0.37539663067722967,0.0671391534215725,"{""colsample_bytree"": 0.5361769882148469, ""learning_rate"": 0.11419424636698718, ""max_depth"": 3, ""min_child_weight"": 2, ""reg_lambda"": 14.305156350671469, ""subsample"": 0.941488998314165}"
1,3,173,1,0.70226145,0.5299181913992226,0.0535397121004607,"{""colsample_bytree"": 0.5361769882148469, ""learning_rate"": 0.11419424636698718, ""max_depth"": 3, ""min_child_weight"": 2, ""reg_lambda"": 14.305156350671469, ""subsample"": 0.941488998314165}"
1,3,181,1,0.54904145,0.43183184634492305,0.043088724820171294,"{""colsample_bytree"": 0.5361769882148469, ""learning_rate"": 0.11419424636698718, ""max_depth"": 3, ""min_child_weight"": 2, ""reg_lambda"": 14.305156350671469, ""subsample"": 0.941488998314165}"
1,3,197,1,0.5910414,0.508823860527855,0.07917122455286381,"{""colsample_bytree"": 0.5361769882148469, ""learning_rate"": 0.11419424636698718, ""max_depth"": 3, ""min_child_weight"": 2, ""reg_lambda"": 14.305156350671469, ""subsample"": 0.941488998314165}"
1,3,199,0,0.18182603,0.3055674417704345,0.0414788505955007,"{""colsample_bytree"": 0.5361769882148469, ""learning_rate"": 0.11419424636698718, ""max_depth"": 3, ""min_child_weight"": 2, ""reg_lambda"": 14.305156350671469, ""subsample"": 0.941488998314165}"
1,3,200,0,0.39736012,0.44459114957843954,0.11922974300641016,"{""colsample_bytree"": 0.5361769882148469, ""learning_rate"": 0.11419424636698718, ""max_depth"": 3, ""min_child_weight"": 2, ""reg_lambda"": 14.305156350671469, ""subsample"": 0.941488998314165}"
1,3,203,0,0.059018657,0.25836205638595555,0.056393496711266616,"{""colsample_bytree"": 0.5361769882148469, ""learning_rate"": 0.11419424636698718, ""max_depth"": 3, ""min_child_weight"": 2, ""reg_lambda"": 14.305156350671469, ""subsample"": 0.941488998314165}"
1,3,207,0,0.38558647,0.3684501361880565,0.03761990314840671,"{""colsample_bytree"": 0.5361769882148469, ""learning_rate"": 0.11419424636698718, ""max_depth"": 3, ""min_child_weight"": 2, ""reg_lambda"": 14.305156350671469, ""subsample"": 0.941488998314165}"
1,3,210,0,0.1397888,0.2983828746125221,0.040703142691820966,"{""colsample_bytree"": 0.5361769882148469, ""learning_rate"": 0.11419424636698718, ""max_depth"": 3, ""min_child_weight"": 2, ""reg_lambda"": 14.305156350671469, ""subsample"": 0.941488998314165}"
1,3,214,0,0.6558439,0.4855752293061439,0.1251288813044775,"{""colsample_bytree"": 0.5361769882148469, ""learning_rate"": 0.11419424636698718, ""max_depth"": 3, ""min_child_weight"": 2, ""reg_lambda"": 14.305156350671469, ""subsample"": 0.941488998314165}"
1,3,225,0,0.33225217,0.3783151205789458,0.053401558129011276,"{""colsample_bytree"": 0.5361769882148469, ""learning_rate"": 0.11419424636698718, ""max_depth"": 3, ""min_child_weight"": 2, ""reg_lambda"": 14.305156350671469, ""subsample"": 0.941488998314165}"
1,3,231,0,0.773444,0.5429627282381762,0.08480360728696487,"{""colsample_bytree"": 0.5361769882148469, ""learning_rate"": 0.11419424636698718, ""max_depth"": 3, ""min_child_weight"": 2, ""reg_lambda"": 14.305156350671469, ""subsample"": 0.941488998314165}"
1,3,237,0,0.25293356,0.2947956856902804,0.06196559682693684,"{""colsample_bytree"": 0.5361769882148469, ""learning_rate"": 0.11419424636698718, ""max_depth"": 3, ""min_child_weight"": 2, ""reg_lambda"": 14.305156350671469, ""subsample"": 0.941488998314165}"
1,3,244,1,0.16116518,0.3054189035380733,0.04433863412088676,"{""colsample_bytree"": 0.5361769882148469, ""learning_rate"": 0.11419424636698718, ""max_depth"": 3, ""min_child_weight"": 2, ""reg_lambda"": 14.305156350671469, ""subsample"": 0.941488998314165}"
1,3,245,1,0.6952843,0.49802191292908693,0.05013947181475864,"{""colsample_bytree"": 0.5361769882148469, ""learning_rate"": 0.11419424636698718, ""max_depth"": 3, ""min_child_weight"": 2, ""reg_lambda"": 14.305156350671469, ""subsample"": 0.941488998314165}"
1,3,248,1,0.9086711,0.628230388487725,0.1444644807441035,"{""colsample_bytree"": 0.5361769882148469, ""learning_rate"": 0.11419424636698718, ""max_depth"": 3, ""min_child_weight"": 2, ""reg_lambda"": 14.305156350671469, ""subsample"": 0.941488998314165}"
1,3,250,0,0.84681964,0.5863896282761564,0.10934528742689113,"{""colsample_bytree"": 0.5361769882148469, ""learning_rate"": 0.11419424636698718, ""max_depth"": 3, ""min_child_weight"": 2, ""reg_lambda"": 14.305156350671469, ""subsample"": 0.941488998314165}"
1,3,257,0,0.066664115,0.26800582181228927,0.06222641510707821,"{""colsample_bytree"": 0.5361769882148469, ""learning_rate"": 0.11419424636698718, ""max_depth"": 3, ""min_child_weight"": 2, ""reg_lambda"": 14.305156350671469, ""subsample"": 0.941488998314165}"
1,3,260,1,0.41386157,0.41060515586605095,0.023042861597326287,"{""colsample_bytree"": 0.5361769882148469, ""learning_rate"": 0.11419424636698718, ""max_depth"": 3, ""min_child_weight"": 2, ""reg_lambda"": 14.305156350671469, ""subsample"": 0.941488998314165}"
1,3,261,0,0.0446198,0.25673759933800955,0.055238227367145815,"{""colsample_bytree"": 0.5361769882148469, ""learning_rate"": 0.11419424636698718, ""max_depth"": 3, ""min_child_weight"": 2, ""reg_lambda"": 14.305156350671469, ""subsample"": 0.941488998314165}"
1,3,270,0,0.02818623,0.24964199998441874,0.05937073124207543,"{""colsample_bytree"": 0.5361769882148469, ""learning_rate"": 0.11419424636698718, ""max_depth"": 3, ""min_child_weight"": 2, ""reg_lambda"": 14.305156350671469, ""subsample"": 0.941488998314165}"
1,3,290,0,0.061533477,0.270691397161343,0.0520677294374394,"{""colsample_bytree"": 0.5361769882148469, ""learning_rate"": 0.11419424636698718, ""max_depth"": 3, ""min_child_weight"": 2, ""reg_lambda"": 14.305156350671469, ""subsample"": 0.941488998314165}"
1,3,291,0,0.055094365,0.2632894695085355,0.057604179446599554,"{""colsample_bytree"": 0.5361769882148469, ""learning_rate"": 0.11419424636698718, ""max_depth"": 3, ""min_child_weight"": 2, ""reg_lambda"": 14.305156350671469, ""subsample"": 0.941488998314165}"
1,3,295,0,0.299161,0.3518202097607662,0.040859195254716624,"{""colsample_bytree"": 0.5361769882148469, ""learning_rate"": 0.11419424636698718, ""max_depth"": 3, ""min_child_weight"": 2, ""reg_lambda"": 14.305156350671469, ""subsample"": 0.941488998314165}"
1,3,296,0,0.3466696,0.33582301803398085,0.022837944076207227,"{""colsample_bytree"": 0.5361769882148469, ""learning_rate"": 0.11419424636698718, ""max_depth"": 3, ""min_child_weight"": 2, ""reg_lambda"": 14.305156350671469, ""subsample"": 0.941488998314165}"
1,3,297,0,0.22256008,0.28397123950104064,0.058673725664031465,"{""colsample_bytree"": 0.5361769882148469, ""learning_rate"": 0.11419424636698718, ""max_depth"": 3, ""min_child_weight"": 2, ""reg_lambda"": 14.305156350671469, ""subsample"": 0.941488998314165}"
1,3,299,0,0.0126008205,0.24629767947829678,0.06275545547490355,"{""colsample_bytree"": 0.5361769882148469, ""learning_rate"": 0.11419424636698718, ""max_depth"": 3, ""min_child_weight"": 2, ""reg_lambda"": 14.305156350671469, ""subsample"": 0.941488998314165}"
1,3,300,0,0.02959987,0.2477801532297652,0.0592464683104143,"{""colsample_bytree"": 0.5361769882148469, ""learning_rate"": 0.11419424636698718, ""max_depth"": 3, ""min_child_weight"": 2, ""reg_lambda"": 14.305156350671469, ""subsample"": 0.941488998314165}"
1,4,1,1,0.69785994,0.5767037550396855,0.08461000572396891,"{""colsample_bytree"": 0.5960357711618527, ""learning_rate"": 0.07204235673791515, ""max_depth"": 3, ""min_child_weight"": 8, ""reg_lambda"": 0.3169630330845087, ""subsample"": 0.8793933072681632}"
1,4,4,0,0.0643173,0.21236334372618765,0.059697544312145315,"{""colsample_bytree"": 0.5960357711618527, ""learning_rate"": 0.07204235673791515, ""max_depth"": 3, ""min_child_weight"": 8, ""reg_lambda"": 0.3169630330845087, ""subsample"": 0.8793933072681632}"
1,4,11,1,0.43156627,0.43842581860390323,0.1323852368182868,"{""colsample_bytree"": 0.5960357711618527, ""learning_rate"": 0.07204235673791515, ""max_depth"": 3, ""min_child_weight"": 8, ""reg_lambda"": 0.3169630330845087, ""subsample"": 0.8793933072681632}"
1,4,23,0,0.88852715,0.7138226583490683,0.10811969521639811,"{""colsample_bytree"": 0.5960357711618527, ""learning_rate"": 0.07204235673791515, ""max_depth"": 3, ""min_child_weight"": 8, ""reg_lambda"": 0.3169630330845087, ""subsample"": 0.8793933072681632}"
1,4,26,0,0.08707344,0.21055799673945863,0.05475572182991477,"{""colsample_bytree"": 0.5960357711618527, ""learning_rate"": 0.07204235673791515, ""max_depth"": 3, ""min_child_weight"": 8, ""reg_lambda"": 0.3169630330845087, ""subsample"": 0.8793933072681632}"
1,4,31,1,0.8315548,0.6936655194832773,0.144212314585268,"{""colsample_bytree"": 0.5960357711618527, ""learning_rate"": 0.07204235673791515, ""max_depth"": 3, ""min_child_weight"": 8, ""reg_lambda"": 0.3169630330845087, ""subsample"": 0.8793933072681632}"
1,4,32,1,0.24416697,0.3020209273415804,0.07467821441028953,"{""colsample_bytree"": 0.5960357711618527, ""learning_rate"": 0.07204235673791515, ""max_depth"": 3, ""min_child_weight"": 8, ""reg_lambda"": 0.3169630330845087, ""subsample"": 0.8793933072681632}"
1,4,36,1,0.56075037,0.4843942885779405,0.06240166430326965,"{""colsample_bytree"": 0.5960357711618527, ""learning_rate"": 0.07204235673791515, ""max_depth"": 3, ""min_child_weight"": 8, ""reg_lambda"": 0.3169630330845087, ""subsample"": 0.8793933072681632}"
1,4,47,1,0.66723764,0.5750597252339562,0.11628983969713172,"{""colsample_bytree"": 0.5960357711618527, ""learning_rate"": 0.07204235673791515, ""max_depth"": 3, ""min_child_weight"": 8, ""reg_lambda"": 0.3169630330845087, ""subsample"": 0.8793933072681632}"
1,4,53,0,0.29788643,0.2846249589532932,0.07785060441666418,"{""colsample_bytree"": 0.5960357711618527, ""learning_rate"": 0.07204235673791515, ""max_depth"": 3, ""min_child_weight"": 8, ""reg_lambda"": 0.3169630330845087, ""subsample"": 0.8793933072681632}"
1,4,54,0,0.06712488,0.1902199733813932,0.0519171011259385,"{""colsample_bytree"": 0.5960357711618527, ""learning_rate"": 0.07204235673791515, ""max_depth"": 3, ""min_child_weight"": 8, ""reg_lambda"": 0.3169630330845087, ""subsample"": 0.8793933072681632}"
1,4,55,1,0.51048183,0.37570533742496737,0.0647060613047453,"{""colsample_bytree"": 0.5960357711618527, ""learning_rate"": 0.07204235673791515, ""max_depth"": 3, ""min_child_weight"": 8, ""reg_lambda"": 0.3169630330845087, ""subsample"": 0.8793933072681632}"
1,4,60,0,0.05941187,0.21367351788336694,0.04304675121329905,"{""colsample_bytree"": 0.5960357711618527, ""learning_rate"": 0.07204235673791515, ""max_depth"": 3, ""min_child_weight"": 8, ""reg_lambda"": 0.3169630330845087, ""subsample"": 0.8793933072681632}"
1,4,62,0,0.18027912,0.24687655845644776,0.058399815966024934,"{""colsample_bytree"": 0.5960357711618527, ""learning_rate"": 0.07204235673791515, ""max_depth"": 3, ""min_child_weight"": 8, ""reg_lambda"": 0.3169630330845087, ""subsample"": 0.8793933072681632}"
1,4,63,1,0.26644534,0.30905442796938176,0.06757026054296769,"{""colsample_bytree"": 0.5960357711618527, ""learning_rate"": 0.07204235673791515, ""max_depth"": 3, ""min_child_weight"": 8, ""reg_lambda"": 0.3169630330845087, ""subsample"": 0.8793933072681632}"
1,4,70,0,0.20150329,0.23342940603977175,0.031194109798220602,"{""colsample_bytree"": 0.5960357711618527, ""learning_rate"": 0.07204235673791515, ""max_depth"": 3, ""min_child_weight"": 8, ""reg_lambda"": 0.3169630330845087, ""subsample"": 0.8793933072681632}"
1,4,71,1,0.7676746,0.6633923464947283,0.14529412961417762,"{""colsample_bytree"": 0.5960357711618527, ""learning_rate"": 0.07204235673791515, ""max_depth"": 3, ""min_child_weight"": 8, ""reg_lambda"": 0.3169630330845087, ""subsample"": 0.8793933072681632}"
1,4,73,0,0.24994673,0.37303242894750505,0.098056167432324,"{""colsample_bytree"": 0.5960357711618527, ""learning_rate"": 0.07204235673791515, ""max_depth"": 3, ""min_child_weight"": 8, ""reg_lambda"": 0.3169630330845087, ""subsample"": 0.8793933072681632}"
1,4,85,1,0.30332077,0.3101506216001441,0.04188842549567631,"{""colsample_bytree"": 0.5960357711618527, ""learning_rate"": 0.07204235673791515, ""max_depth"": 3, ""min_child_weight"": 8, ""reg_lambda"": 0.3169630330845087, ""subsample"": 0.8793933072681632}"
1,4,89,1,0.4265701,0.45667388320379965,0.043383654813444264,"{""colsample_bytree"": 0.5960357711618527, ""learning_rate"": 0.07204235673791515, ""max_depth"": 3, ""min_child_weight"": 8, ""reg_lambda"": 0.3169630330845087, ""subsample"": 0.8793933072681632}"
1,4,100,0,0.57276464,0.42487343673184547,0.09098193527417084,"{""colsample_bytree"": 0.5960357711618527, ""learning_rate"": 0.07204235673791515, ""max_depth"": 3, ""min_child_weight"": 8, ""reg_lambda"": 0.3169630330845087, ""subsample"": 0.8793933072681632}"
1,4,105,0,0.07725041,0.2055342454069477,0.06703937442244885,"{""colsample_bytree"": 0.5960357711618527, ""learning_rate"": 0.07204235673791515, ""max_depth"": 3, ""min_child_weight"": 8, ""reg_lambda"": 0.3169630330845087, ""subsample"": 0.8793933072681632}"
1,4,113,0,0.015659135,0.16837087910031495,0.06216908986540174,"{""colsample_bytree"": 0.5960357711618527, ""learning_rate"": 0.07204235673791515, ""max_depth"": 3, ""min_child_weight"": 8, ""reg_lambda"": 0.3169630330845087, ""subsample"": 0.8793933072681632}"
1,4,114,1,0.8814883,0.7143893579242662,0.14257234899474783,"{""colsample_bytree"": 0.5960357711618527, ""learning_rate"": 0.07204235673791515, ""max_depth"": 3, ""min_child_weight"": 8, ""reg_lambda"": 0.3169630330845087, ""subsample"": 0.8793933072681632}"
1,4,118,0,0.25906545,0.3278484245509124,0.06771960710230246,"{""colsample_bytree"": 0.5960357711618527, ""learning_rate"": 0.07204235673791515, ""max_depth"": 3, ""min_child_weight"": 8, ""reg_lambda"": 0.3169630330845087, ""subsample"": 0.8793933072681632}"
1,4,119,1,0.7057628,0.5654240154290553,0.1428431402879675,"{""colsample_bytree"": 0.5960357711618527, ""learning_rate"": 0.07204235673791515, ""max_depth"": 3, ""min_child_weight"": 8, ""reg_lambda"": 0.3169630330845087, ""subsample"": 0.8793933072681632}"
1,4,127,0,0.7832538,0.6150111624686214,0.08681646751789354,"{""colsample_bytree"": 0.5960357711618527, ""learning_rate"": 0.07204235673791515, ""max_depth"": 3, ""min_child_weight"": 8, ""reg_lambda"": 0.3169630330845087, ""subsample"": 0.8793933072681632}"
1,4,133,0,0.0734904,0.22074988775816848,0.04718168944260528,"{""colsample_bytree"": 0.5960357711618527, ""learning_rate"": 0.07204235673791515, ""max_depth"": 3, ""min_child_weight"": 8, ""reg_lambda"": 0.3169630330845087, ""subsample"": 0.8793933072681632}"
1,4,142,1,0.0514228,0.18494535334227505,0.060949233063284515,"{""colsample_bytree"": 0.5960357711618527, ""learning_rate"": 0.07204235673791515, ""max_depth"": 3, ""min_child_weight"": 8, ""reg_lambda"": 0.3169630330845087, ""subsample"": 0.8793933072681632}"
1,4,151,0,0.15488777,0.35549059000368943,0.061220032631590635,"{""colsample_bytree"": 0.5960357711618527, ""learning_rate"": 0.07204235673791515, ""max_depth"": 3, ""min_child_weight"": 8, ""reg_lambda"": 0.3169630330845087, ""subsample"": 0.8793933072681632}"
1,4,153,0,0.17793651,0.3187336753824034,0.11111599703941329,"{""colsample_bytree"": 0.5960357711618527, ""learning_rate"": 0.07204235673791515, ""max_depth"": 3, ""min_child_weight"": 8, ""reg_lambda"": 0.3169630330845087, ""subsample"": 0.8793933072681632}"
1,4,155,1,0.564659,0.5647536819613421,0.13187623169933338,"{""colsample_bytree"": 0.5960357711618527, ""learning_rate"": 0.07204235673791515, ""max_depth"": 3, ""min_child_weight"": 8, ""reg_lambda"": 0.3169630330845087, ""subsample"": 0.8793933072681632}"
1,4,160,0,0.40269196,0.44347128940365765,0.11494023762221324,"{""colsample_bytree"": 0.5960357711618527, ""learning_rate"": 0.07204235673791515, ""max_depth"": 3, ""min_child_weight"": 8, ""reg_lambda"": 0.3169630330845087, ""subsample"": 0.8793933072681632}"
1,4,165,0,0.71026456,0.5869726203244634,0.09687444596254262,"{""colsample_bytree"": 0.5960357711618527, ""learning_rate"": 0.07204235673791515, ""max_depth"": 3, ""min_child_weight"": 8, ""reg_lambda"": 0.3169630330845087, ""subsample"": 0.8793933072681632}"
1,4,166,0,0.0772202,0.19650694777872482,0.04869458618931993,"{""colsample_bytree"": 0.5960357711618527, ""learning_rate"": 0.07204235673791515, ""max_depth"": 3, ""min_child_weight"": 8, ""reg_lambda"": 0.3169630330845087, ""subsample"": 0.8793933072681632}"
1,4,168,0,0.03466932,0.17753354268569485,0.06288010787476031,"{""colsample_bytree"": 0.5960357711618527, ""learning_rate"": 0.07204235673791515, ""max_depth"": 3, ""min_child_weight"": 8, ""reg_lambda"": 0.3169630330845087, ""subsample"": 0.8793933072681632}"
1,4,171,0,0.16063717,0.2676393241571312,0.06318447094346014,"{""colsample_bytree"": 0.5960357711618527, ""learning_rate"": 0.07204235673791515, ""max_depth"": 3, ""min_child_weight"": 8, ""reg_lambda"": 0.3169630330845087, ""subsample"": 0.8793933072681632}"
1,4,174,1,0.9180588,0.7263009896189294,0.10589986618329955,"{""colsample_bytree"": 0.5960357711618527, ""learning_rate"": 0.07204235673791515, ""max_depth"": 3, ""min_child_weight"": 8, ""reg_lambda"": 0.3169630330845087, ""subsample"": 0.8793933072681632}"
1,4,177,1,0.4513354,0.4061344591103782,0.09796123232427556,"{""colsample_bytree"": 0.5960357711618527, ""learning_rate"": 0.07204235673791515, ""max_depth"": 3, ""min_child_weight"": 8, ""reg_lambda"": 0.3169630330845087, ""subsample"": 0.8793933072681632}"
1,4,188,0,0.06261609,0.2029922259259806,0.05995014179228222,"{""colsample_bytree"": 0.5960357711618527, ""learning_rate"": 0.07204235673791515, ""max_depth"": 3, ""min_child_weight"": 8, ""reg_lambda"": 0.3169630330845087, ""subsample"": 0.8793933072681632}"
1,4,189,1,0.46417305,0.557808001750682,0.10884787763563405,"{""colsample_bytree"": 0.5960357711618527, ""learning_rate"": 0.07204235673791515, ""max_depth"": 3, ""min_child_weight"": 8, ""reg_lambda"": 0.3169630330845087, ""subsample"": 0.8793933072681632}"
1,4,206,1,0.42049754,0.5099271569077167,0.12648827750621378,"{""colsample_bytree"": 0.5960357711618527, ""learning_rate"": 0.07204235673791515, ""max_depth"": 3, ""min_child_weight"": 8, ""reg_lambda"": 0.3169630330845087, ""subsample"": 0.8793933072681632}"
1,4,209,0,0.86536574,0.7079631861092787,0.12960043471624136,"{""colsample_bytree"": 0.5960357711618527, ""learning_rate"": 0.07204235673791515, ""max_depth"": 3, ""min_child_weight"": 8, ""reg_lambda"": 0.3169630330845087, ""subsample"": 0.8793933072681632}"
1,4,213,0,0.8756715,0.7043646633808642,0.13106312480837723,"{""colsample_bytree"": 0.5960357711618527, ""learning_rate"": 0.07204235673791515, ""max_depth"": 3, ""min_child_weight"": 8, ""reg_lambda"": 0.3169630330845087, ""subsample"": 0.8793933072681632}"
1,4,215,0,0.54635197,0.4719254976867685,0.1373791017914667,"{""colsample_bytree"": 0.5960357711618527, ""learning_rate"": 0.07204235673791515, ""max_depth"": 3, ""min_child_weight"": 8, ""reg_lambda"": 0.3169630330845087, ""subsample"": 0.8793933072681632}"
1,4,221,1,0.12792914,0.298641893976309,0.08687730962015389,"{""colsample_bytree"": 0.5960357711618527, ""learning_rate"": 0.07204235673791515, ""max_depth"": 3, ""min_child_weight"": 8, ""reg_lambda"": 0.3169630330845087, ""subsample"": 0.8793933072681632}"
1,4,224,0,0.678219,0.5728626547859136,0.10408912561608641,"{""colsample_bytree"": 0.5960357711618527, ""learning_rate"": 0.07204235673791515, ""max_depth"": 3, ""min_child_weight"": 8, ""reg_lambda"": 0.3169630330845087, ""subsample"": 0.8793933072681632}"
1,4,227,1,0.13837391,0.21965868976269035,0.047222854408286,"{""colsample_bytree"": 0.5960357711618527, ""learning_rate"": 0.07204235673791515, ""max_depth"": 3, ""min_child_weight"": 8, ""reg_lambda"": 0.3169630330845087, ""subsample"": 0.8793933072681632}"
1,4,233,0,0.41185012,0.4008400718831404,0.10548510648441303,"{""colsample_bytree"": 0.5960357711618527, ""learning_rate"": 0.07204235673791515, ""max_depth"": 3, ""min_child_weight"": 8, ""reg_lambda"": 0.3169630330845087, ""subsample"": 0.8793933072681632}"
1,4,241,1,0.5379361,0.4993913074800836,0.11989680315810541,"{""colsample_bytree"": 0.5960357711618527, ""learning_rate"": 0.07204235673791515, ""max_depth"": 3, ""min_child_weight"": 8, ""reg_lambda"": 0.3169630330845087, ""subsample"": 0.8793933072681632}"
1,4,243,0,0.16195172,0.23056231623364337,0.06900520256597452,"{""colsample_bytree"": 0.5960357711618527, ""learning_rate"": 0.07204235673791515, ""max_depth"": 3, ""min_child_weight"": 8, ""reg_lambda"": 0.3169630330845087, ""subsample"": 0.8793933072681632}"
1,4,251,0,0.1724657,0.24818487155527863,0.07144487419463146,"{""colsample_bytree"": 0.5960357711618527, ""learning_rate"": 0.07204235673791515, ""max_depth"": 3, ""min_child_weight"": 8, ""reg_lambda"": 0.3169630330845087, ""subsample"": 0.8793933072681632}"
1,4,253,0,0.4242416,0.45869346630526203,0.10053179225934655,"{""colsample_bytree"": 0.5960357711618527, ""learning_rate"": 0.07204235673791515, ""max_depth"": 3, ""min_child_weight"": 8, ""reg_lambda"": 0.3169630330845087, ""subsample"": 0.8793933072681632}"
1,4,271,0,0.5746327,0.5387607496493272,0.1548977147491543,"{""colsample_bytree"": 0.5960357711618527, ""learning_rate"": 0.07204235673791515, ""max_depth"": 3, ""min_child_weight"": 8, ""reg_lambda"": 0.3169630330845087, ""subsample"": 0.8793933072681632}"
1,4,273,1,0.6706689,0.6133512759535049,0.08521008806782275,"{""colsample_bytree"": 0.5960357711618527, ""learning_rate"": 0.07204235673791515, ""max_depth"": 3, ""min_child_weight"": 8, ""reg_lambda"": 0.3169630330845087, ""subsample"": 0.8793933072681632}"
1,4,278,0,0.69953716,0.467641532905194,0.07774801209813773,"{""colsample_bytree"": 0.5960357711618527, ""learning_rate"": 0.07204235673791515, ""max_depth"": 3, ""min_child_weight"": 8, ""reg_lambda"": 0.3169630330845087, ""subsample"": 0.8793933072681632}"
1,4,280,0,0.21473911,0.2610998247932086,0.07659329977763303,"{""colsample_bytree"": 0.5960357711618527, ""learning_rate"": 0.07204235673791515, ""max_depth"": 3, ""min_child_weight"": 8, ""reg_lambda"": 0.3169630330845087, ""subsample"": 0.8793933072681632}"
1,4,287,0,0.106977224,0.21153082111469673,0.05794652685905028,"{""colsample_bytree"": 0.5960357711618527, ""learning_rate"": 0.07204235673791515, ""max_depth"": 3, ""min_child_weight"": 8, ""reg_lambda"": 0.3169630330845087, ""subsample"": 0.8793933072681632}"
1,4,288,1,0.06074124,0.18903210093877543,0.05403938084221829,"{""colsample_bytree"": 0.5960357711618527, ""learning_rate"": 0.07204235673791515, ""max_depth"": 3, ""min_child_weight"": 8, ""reg_lambda"": 0.3169630330845087, ""subsample"": 0.8793933072681632}"
1,4,293,0,0.10972864,0.28334818676313595,0.06053339141347776,"{""colsample_bytree"": 0.5960357711618527, ""learning_rate"": 0.07204235673791515, ""max_depth"": 3, ""min_child_weight"": 8, ""reg_lambda"": 0.3169630330845087, ""subsample"": 0.8793933072681632}"
2,0,15,1,0.5332394,0.587547038388286,0.06433274524645213,"{""colsample_bytree"": 0.8938662044258752, ""learning_rate"": 0.01092897482867578, ""max_depth"": 4, ""min_child_weight"": 8, ""reg_lambda"": 0.16832766647648725, ""subsample"": 0.8480525239507435}"
2,0,21,1,0.5705456,0.5947159760829775,0.0717153748205111,"{""colsample_bytree"": 0.8938662044258752, ""learning_rate"": 0.01092897482867578, ""max_depth"": 4, ""min_child_weight"": 8, ""reg_lambda"": 0.16832766647648725, ""subsample"": 0.8480525239507435}"
2,0,44,0,0.27317974,0.23163568136723534,0.06690380143511335,"{""colsample_bytree"": 0.8938662044258752, ""learning_rate"": 0.01092897482867578, ""max_depth"": 4, ""min_child_weight"": 8, ""reg_lambda"": 0.16832766647648725, ""subsample"": 0.8480525239507435}"
2,0,45,1,0.29684028,0.282911993803171,0.04476857393327096,"{""colsample_bytree"": 0.8938662044258752, ""learning_rate"": 0.01092897482867578, ""max_depth"": 4, ""min_child_weight"": 8, ""reg_lambda"": 0.16832766647648725, ""subsample"": 0.8480525239507435}"
2,0,48,0,0.122368224,0.14603205717286194,0.07663997567506416,"{""colsample_bytree"": 0.8938662044258752, ""learning_rate"": 0.01092897482867578, ""max_depth"": 4, ""min_child_weight"": 8, ""reg_lambda"": 0.16832766647648725, ""subsample"": 0.8480525239507435}"
2,0,50,1,0.65843177,0.6589951162657095,0.1028886776882435,"{""colsample_bytree"": 0.8938662044258752, ""learning_rate"": 0.01092897482867578, ""max_depth"": 4, ""min_child_weight"": 8, ""reg_lambda"": 0.16832766647648725, ""subsample"": 0.8480525239507435}"
2,0,51,1,0.49276456,0.4509611501314749,0.08202443729119456,"{""colsample_bytree"": 0.8938662044258752, ""learning_rate"": 0.01092897482867578, ""max_depth"": 4, ""min_child_weight"": 8, ""reg_lambda"": 0.16832766647648725, ""subsample"": 0.8480525239507435}"
2,0,59,1,0.5066135,0.45372158885306463,0.08455223196023086,"{""colsample_bytree"": 0.8938662044258752, ""learning_rate"": 0.01092897482867578, ""max_depth"": 4, ""min_child_weight"": 8, ""reg_lambda"": 0.16832766647648725, ""subsample"": 0.8480525239507435}"
2,0,63,1,0.50919354,0.4791945339230793,0.049812439053181175,"{""colsample_bytree"": 0.8938662044258752, ""learning_rate"": 0.01092897482867578, ""max_depth"": 4, ""min_child_weight"": 8, ""reg_lambda"": 0.16832766647648725, ""subsample"": 0.8480525239507435}"
2,0,64,0,0.16513647,0.1720689894466827,0.08798481664084497,"{""colsample_bytree"": 0.8938662044258752, ""learning_rate"": 0.01092897482867578, ""max_depth"": 4, ""min_child_weight"": 8, ""reg_lambda"": 0.16832766647648725, ""subsample"": 0.8480525239507435}"
2,0,65,1,0.3807628,0.31712958723810847,0.025956311338023178,"{""colsample_bytree"": 0.8938662044258752, ""learning_rate"": 0.01092897482867578, ""max_depth"": 4, ""min_child_weight"": 8, ""reg_lambda"": 0.16832766647648725, ""subsample"": 0.8480525239507435}"
2,0,67,0,0.44328862,0.3814990132278794,0.014161292738324116,"{""colsample_bytree"": 0.8938662044258752, ""learning_rate"": 0.01092897482867578, ""max_depth"": 4, ""min_child_weight"": 8, ""reg_lambda"": 0.16832766647648725, ""subsample"": 0.8480525239507435}"
2,0,72,0,0.42719778,0.39137452975423875,0.057056098787510084,"{""colsample_bytree"": 0.8938662044258752, ""learning_rate"": 0.01092897482867578, ""max_depth"": 4, ""min_child_weight"": 8, ""reg_lambda"": 0.16832766647648725, ""subsample"": 0.8480525239507435}"
2,0,82,1,0.5119406,0.49750782142150374,0.07970625350958987,"{""colsample_bytree"": 0.8938662044258752, ""learning_rate"": 0.01092897482867578, ""max_depth"": 4, ""min_child_weight"": 8, ""reg_lambda"": 0.16832766647648725, ""subsample"": 0.8480525239507435}"
2,0,91,0,0.46029013,0.42340341519079844,0.06526740376624493,"{""colsample_bytree"": 0.8938662044258752, ""learning_rate"": 0.01092897482867578, ""max_depth"": 4, ""min_child_weight"": 8, ""reg_lambda"": 0.16832766647648725, ""subsample"": 0.8480525239507435}"
2,0,93,0,0.64161277,0.6482089515240123,0.08075863369177673,"{""colsample_bytree"": 0.8938662044258752, ""learning_rate"": 0.01092897482867578, ""max_depth"": 4, ""min_child_weight"": 8, ""reg_lambda"": 0.16832766647648725, ""subsample"": 0.8480525239507435}"
2,0,101,1,0.68560994,0.6937393159661079,0.06855942351327646,"{""colsample_bytree"": 0.8938662044258752, ""learning_rate"": 0.01092897482867578, ""max_depth"": 4, ""min_child_weight"": 8, ""reg_lambda"": 0.16832766647648725, ""subsample"": 0.8480525239507435}"
2,0,109,1,0.5093844,0.5812651461251822,0.12578629266625008,"{""colsample_bytree"": 0.8938662044258752, ""learning_rate"": 0.01092897482867578, ""max_depth"": 4, ""min_child_weight"": 8, ""reg_lambda"": 0.16832766647648725, ""subsample"": 0.8480525239507435}"
2,0,115,1,0.59231967,0.6509018423213486,0.11990996129476443,"{""colsample_bytree"": 0.8938662044258752, ""learning_rate"": 0.01092897482867578, ""max_depth"": 4, ""min_child_weight"": 8, ""reg_lambda"": 0.16832766647648725, ""subsample"": 0.8480525239507435}"
2,0,120,1,0.54202867,0.49253977001869476,0.12050088406869705,"{""colsample_bytree"": 0.8938662044258752, ""learning_rate"": 0.01092897482867578, ""max_depth"": 4, ""min_child_weight"": 8, ""reg_lambda"": 0.16832766647648725, ""subsample"": 0.8480525239507435}"
2,0,121,0,0.5102855,0.5095047708699877,0.0683601103638706,"{""colsample_bytree"": 0.8938662044258752, ""learning_rate"": 0.01092897482867578, ""max_depth"": 4, ""min_child_weight"": 8, ""reg_lambda"": 0.16832766647648725, ""subsample"": 0.8480525239507435}"
2,0,125,1,0.361854,0.2927352667912967,0.014861280849809207,"{""colsample_bytree"": 0.8938662044258752, ""learning_rate"": 0.01092897482867578, ""max_depth"": 4, ""min_child_weight"": 8, ""reg_lambda"": 0.16832766647648725, ""subsample"": 0.8480525239507435}"
2,0,128,0,0.57966954,0.5325405925994084,0.07354086942344738,"{""colsample_bytree"": 0.8938662044258752, ""learning_rate"": 0.01092897482867578, ""max_depth"": 4, ""min_child_weight"": 8, ""reg_lambda"": 0.16832766647648725, ""subsample"": 0.8480525239507435}"
2,0,134,0,0.43985465,0.4132489622604359,0.059354920510504644,"{""colsample_bytree"": 0.8938662044258752, ""learning_rate"": 0.01092897482867578, ""max_depth"": 4, ""min_child_weight"": 8, ""reg_lambda"": 0.16832766647648725, ""subsample"": 0.8480525239507435}"
2,0,135,0,0.48773664,0.4718909118604738,0.0828208700254815,"{""colsample_bytree"": 0.8938662044258752, ""learning_rate"": 0.01092897482867578, ""max_depth"": 4, ""min_child_weight"": 8, ""reg_lambda"": 0.16832766647648725, ""subsample"": 0.8480525239507435}"
2,0,137,0,0.1536296,0.172845260654665,0.07320966213074447,"{""colsample_bytree"": 0.8938662044258752, ""learning_rate"": 0.01092897482867578, ""max_depth"": 4, ""min_child_weight"": 8, ""reg_lambda"": 0.16832766647648725, ""subsample"": 0.8480525239507435}"
2,0,144,1,0.3264174,0.28544754105522074,0.06751749229640623,"{""colsample_bytree"": 0.8938662044258752, ""learning_rate"": 0.01092897482867578, ""max_depth"": 4, ""min_child_weight"": 8, ""reg_lambda"": 0.16832766647648725, ""subsample"": 0.8480525239507435}"
2,0,145,1,0.5837164,0.5870677814968772,0.14572667670667783,"{""colsample_bytree"": 0.8938662044258752, ""learning_rate"": 0.01092897482867578, ""max_depth"": 4, ""min_child_weight"": 8, ""reg_lambda"": 0.16832766647648725, ""subsample"": 0.8480525239507435}"
2,0,146,0,0.7024865,0.7214308636141377,0.1112554704322196,"{""colsample_bytree"": 0.8938662044258752, ""learning_rate"": 0.01092897482867578, ""max_depth"": 4, ""min_child_weight"": 8, ""reg_lambda"": 0.16832766647648725, ""subsample"": 0.8480525239507435}"
2,0,151,0,0.5122503,0.5328290797326325,0.09905333181489494,"{""colsample_bytree"": 0.8938662044258752, ""learning_rate"": 0.01092897482867578, ""max_depth"": 4, ""min_child_weight"": 8, ""reg_lambda"": 0.16832766647648725, ""subsample"": 0.8480525239507435}"
2,0,153,0,0.48618641,0.4528434805477321,0.08690473562289255,"{""colsample_bytree"": 0.8938662044258752, ""learning_rate"": 0.01092897482867578, ""max_depth"": 4, ""min_child_weight"": 8, ""reg_lambda"": 0.16832766647648725, ""subsample"": 0.8480525239507435}"
2,0,161,0,0.7629758,0.7873661070516673,0.10347795698327182,"{""colsample_bytree"": 0.8938662044258752, ""learning_rate"": 0.01092897482867578, ""max_depth"": 4, ""min_child_weight"": 8, ""reg_lambda"": 0.16832766647648725, ""subsample"": 0.8480525239507435}"
2,0,162,0,0.36848903,0.3577370320196157,0.031024174311639428,"{""colsample_bytree"": 0.8938662044258752, ""learning_rate"": 0.01092897482867578, ""max_depth"": 4, ""min_child_weight"": 8, ""reg_lambda"": 0.16832766647648725, ""subsample"": 0.8480525239507435}"
2,0,166,0,0.1860906,0.18697156706490523,0.07056218519874163,"{""colsample_bytree"": 0.8938662044258752, ""learning_rate"": 0.01092897482867578, ""max_depth"": 4, ""min_child_weight"": 8, ""reg_lambda"": 0.16832766647648725, ""subsample"": 0.8480525239507435}"
2,0,171,0,0.45402208,0.4368466187795049,0.06680056896882892,"{""colsample_bytree"": 0.8938662044258752, ""learning_rate"": 0.01092897482867578, ""max_depth"": 4, ""min_child_weight"": 8, ""reg_lambda"": 0.16832766647648725, ""subsample"": 0.8480525239507435}"
2,0,174,1,0.7271551,0.7353798522820181,0.14553608578613778,"{""colsample_bytree"": 0.8938662044258752, ""learning_rate"": 0.01092897482867578, ""max_depth"": 4, ""min_child_weight"": 8, ""reg_lambda"": 0.16832766647648725, ""subsample"": 0.8480525239507435}"
2,0,175,0,0.4239479,0.35147129494838614,0.07317514083746081,"{""colsample_bytree"": 0.8938662044258752, ""learning_rate"": 0.01092897482867578, ""max_depth"": 4, ""min_child_weight"": 8, ""reg_lambda"": 0.16832766647648725, ""subsample"": 0.8480525239507435}"
2,0,177,1,0.48325774,0.5108512878993572,0.038974504291423,"{""colsample_bytree"": 0.8938662044258752, ""learning_rate"": 0.01092897482867578, ""max_depth"": 4, ""min_child_weight"": 8, ""reg_lambda"": 0.16832766647648725, ""subsample"": 0.8480525239507435}"
2,0,184,1,0.33842388,0.3330912407095395,0.05125953313451804,"{""colsample_bytree"": 0.8938662044258752, ""learning_rate"": 0.01092897482867578, ""max_depth"": 4, ""min_child_weight"": 8, ""reg_lambda"": 0.16832766647648725, ""subsample"": 0.8480525239507435}"
2,0,196,0,0.16334757,0.18332604685567172,0.05897947781032061,"{""colsample_bytree"": 0.8938662044258752, ""learning_rate"": 0.01092897482867578, ""max_depth"": 4, ""min_child_weight"": 8, ""reg_lambda"": 0.16832766647648725, ""subsample"": 0.8480525239507435}"
2,0,198,0,0.6595742,0.6344792286277631,0.09445881366727898,"{""colsample_bytree"": 0.8938662044258752, ""learning_rate"": 0.01092897482867578, ""max_depth"": 4, ""min_child_weight"": 8, ""reg_lambda"": 0.16832766647648725, ""subsample"": 0.8480525239507435}"
2,0,199,0,0.2094057,0.21683487673381802,0.05674675970649955,"{""colsample_bytree"": 0.8938662044258752, ""learning_rate"": 0.01092897482867578, ""max_depth"": 4, ""min_child_weight"": 8, ""reg_lambda"": 0.16832766647648725, ""subsample"": 0.8480525239507435}"
2,0,208,0,0.3720233,0.37354115713338903,0.04997161421398939,"{""colsample_bytree"": 0.8938662044258752, ""learning_rate"": 0.01092897482867578, ""max_depth"": 4, ""min_child_weight"": 8, ""reg_lambda"": 0.16832766647648725, ""subsample"": 0.8480525239507435}"
2,0,212,0,0.10118462,0.13308875577823348,0.07223385726207057,"{""colsample_bytree"": 0.8938662044258752, ""learning_rate"": 0.01092897482867578, ""max_depth"": 4, ""min_child_weight"": 8, ""reg_lambda"": 0.16832766647648725, ""subsample"": 0.8480525239507435}"
2,0,213,0,0.53927284,0.5825173378722652,0.0770304607756222,"{""colsample_bytree"": 0.8938662044258752, ""learning_rate"": 0.01092897482867578, ""max_depth"": 4, ""min_child_weight"": 8, ""reg_lambda"": 0.16832766647648725, ""subsample"": 0.8480525239507435}"
2,0,218,0,0.28359002,0.2963320051209962,0.07855305372966452,"{""colsample_bytree"": 0.8938662044258752, ""learning_rate"": 0.01092897482867578, ""max_depth"": 4, ""min_child_weight"": 8, ""reg_lambda"": 0.16832766647648725, ""subsample"": 0.8480525239507435}"
2,0,219,1,0.14987226,0.18004534397713018,0.07880125280639648,"{""colsample_bytree"": 0.8938662044258752, ""learning_rate"": 0.01092897482867578, ""max_depth"": 4, ""min_child_weight"": 8, ""reg_lambda"": 0.16832766647648725, ""subsample"": 0.8480525239507435}"
2,0,224,0,0.41871014,0.41851807271715236,0.021648394218950238,"{""colsample_bytree"": 0.8938662044258752, ""learning_rate"": 0.01092897482867578, ""max_depth"": 4, ""min_child_weight"": 8, ""reg_lambda"": 0.16832766647648725, ""subsample"": 0.8480525239507435}"
2,0,225,0,0.4526928,0.41154855871783036,0.0919618950948215,"{""colsample_bytree"": 0.8938662044258752, ""learning_rate"": 0.01092897482867578, ""max_depth"": 4, ""min_child_weight"": 8, ""reg_lambda"": 0.16832766647648725, ""subsample"": 0.8480525239507435}"
2,0,229,1,0.34451035,0.314611686967984,0.04575462250501275,"{""colsample_bytree"": 0.8938662044258752, ""learning_rate"": 0.01092897482867578, ""max_depth"": 4, ""min_child_weight"": 8, ""reg_lambda"": 0.16832766647648725, ""subsample"": 0.8480525239507435}"
2,0,231,0,0.48073366,0.5131312929839782,0.06330154403948329,"{""colsample_bytree"": 0.8938662044258752, ""learning_rate"": 0.01092897482867578, ""max_depth"": 4, ""min_child_weight"": 8, ""reg_lambda"": 0.16832766647648725, ""subsample"": 0.8480525239507435}"
2,0,235,1,0.5961141,0.5562890201967299,0.06634251808913214,"{""colsample_bytree"": 0.8938662044258752, ""learning_rate"": 0.01092897482867578, ""max_depth"": 4, ""min_child_weight"": 8, ""reg_lambda"": 0.16832766647648725, ""subsample"": 0.8480525239507435}"
2,0,236,1,0.22297518,0.21609249152995075,0.061838507693732954,"{""colsample_bytree"": 0.8938662044258752, ""learning_rate"": 0.01092897482867578, ""max_depth"": 4, ""min_child_weight"": 8, ""reg_lambda"": 0.16832766647648725, ""subsample"": 0.8480525239507435}"
2,0,244,1,0.40787452,0.4150195215407012,0.06972504739762482,"{""colsample_bytree"": 0.8938662044258752, ""learning_rate"": 0.01092897482867578, ""max_depth"": 4, ""min_child_weight"": 8, ""reg_lambda"": 0.16832766647648725, ""subsample"": 0.8480525239507435}"
2,0,253,0,0.37830466,0.304137917680663,0.028643594969173146,"{""colsample_bytree"": 0.8938662044258752, ""learning_rate"": 0.01092897482867578, ""max_depth"": 4, ""min_child_weight"": 8, ""reg_lambda"": 0.16832766647648725, ""subsample"": 0.8480525239507435}"
2,0,271,0,0.5299531,0.4960779597189407,0.10486257185461755,"{""colsample_bytree"": 0.8938662044258752, ""learning_rate"": 0.01092897482867578, ""max_depth"": 4, ""min_child_weight"": 8, ""reg_lambda"": 0.16832766647648725, ""subsample"": 0.8480525239507435}"
2,0,275,0,0.36463705,0.3794446028747297,0.027873641558964636,"{""colsample_bytree"": 0.8938662044258752, ""learning_rate"": 0.01092897482867578, ""max_depth"": 4, ""min_child_weight"": 8, ""reg_lambda"": 0.16832766647648725, ""subsample"": 0.8480525239507435}"
2,0,290,0,0.42711574,0.42221642572004364,0.1058194735000898,"{""colsample_bytree"": 0.8938662044258752, ""learning_rate"": 0.01092897482867578, ""max_depth"": 4, ""min_child_weight"": 8, ""reg_lambda"": 0.16832766647648725, ""subsample"": 0.8480525239507435}"
2,0,291,0,0.18485832,0.1829268700313537,0.06329881606117797,"{""colsample_bytree"": 0.8938662044258752, ""learning_rate"": 0.01092897482867578, ""max_depth"": 4, ""min_child_weight"": 8, ""reg_lambda"": 0.16832766647648725, ""subsample"": 0.8480525239507435}"
2,0,293,0,0.3519813,0.3757605717517119,0.11130726960180813,"{""colsample_bytree"": 0.8938662044258752, ""learning_rate"": 0.01092897482867578, ""max_depth"": 4, ""min_child_weight"": 8, ""reg_lambda"": 0.16832766647648725, ""subsample"": 0.8480525239507435}"
2,0,302,0,0.36694995,0.29293399052660013,0.06305303503896577,"{""colsample_bytree"": 0.8938662044258752, ""learning_rate"": 0.01092897482867578, ""max_depth"": 4, ""min_child_weight"": 8, ""reg_lambda"": 0.16832766647648725, ""subsample"": 0.8480525239507435}"
2,1,0,0,0.3266729,0.3080198725904576,0.03788814648364143,"{""colsample_bytree"": 0.5557038697321103, ""learning_rate"": 0.017093200234878557, ""max_depth"": 3, ""min_child_weight"": 2, ""reg_lambda"": 2.664933741568674, ""subsample"": 0.8253965167436094}"
2,1,3,0,0.34557366,0.3499609431442755,0.044586094958706364,"{""colsample_bytree"": 0.5557038697321103, ""learning_rate"": 0.017093200234878557, ""max_depth"": 3, ""min_child_weight"": 2, ""reg_lambda"": 2.664933741568674, ""subsample"": 0.8253965167436094}"
2,1,6,0,0.3601927,0.33469735408291573,0.056600199265401795,"{""colsample_bytree"": 0.5557038697321103, ""learning_rate"": 0.017093200234878557, ""max_depth"": 3, ""min_child_weight"": 2, ""reg_lambda"": 2.664933741568674, ""subsample"": 0.8253965167436094}"
2,1,7,1,0.3428011,0.34262210512889435,0.013555935171294725,"{""colsample_bytree"": 0.5557038697321103, ""learning_rate"": 0.017093200234878557, ""max_depth"": 3, ""min_child_weight"": 2, ""reg_lambda"": 2.664933741568674, ""subsample"": 0.8253965167436094}"
2,1,11,1,0.6033198,0.6132078696981943,0.06899304860456273,"{""colsample_bytree"": 0.5557038697321103, ""learning_rate"": 0.017093200234878557, ""max_depth"": 3, ""min_child_weight"": 2, ""reg_lambda"": 2.664933741568674, ""subsample"": 0.8253965167436094}"
2,1,17,0,0.3295919,0.3141624419088848,0.03366977294317967,"{""colsample_bytree"": 0.5557038697321103, ""learning_rate"": 0.017093200234878557, ""max_depth"": 3, ""min_child_weight"": 2, ""reg_lambda"": 2.664933741568674, ""subsample"": 0.8253965167436094}"
2,1,18,0,0.5890268,0.5822921264076657,0.08514124495359623,"{""colsample_bytree"": 0.5557038697321103, ""learning_rate"": 0.017093200234878557, ""max_depth"": 3, ""min_child_weight"": 2, ""reg_lambda"": 2.664933741568674, ""subsample"": 0.8253965167436094}"
2,1,30,0,0.5683687,0.6047604697660538,0.06809817993428405,"{""colsample_bytree"": 0.5557038697321103, ""learning_rate"": 0.017093200234878557, ""max_depth"": 3, ""min_child_weight"": 2, ""reg_lambda"": 2.664933741568674, ""subsample"": 0.8253965167436094}"
2,1,33,1,0.66151696,0.6851296900174662,0.07991742141156129,"{""colsample_bytree"": 0.5557038697321103, ""learning_rate"": 0.017093200234878557, ""max_depth"": 3, ""min_child_weight"": 2, ""reg_lambda"": 2.664933741568674, ""subsample"": 0.8253965167436094}"
2,1,34,0,0.3917743,0.3447092105281617,0.07570223698603973,"{""colsample_bytree"": 0.5557038697321103, ""learning_rate"": 0.017093200234878557, ""max_depth"": 3, ""min_child_weight"": 2, ""reg_lambda"": 2.664933741568674, ""subsample"": 0.8253965167436094}"
2,1,39,1,0.46501,0.5360573610717804,0.09227229713878324,"{""colsample_bytree"": 0.5557038697321103, ""learning_rate"": 0.017093200234878557, ""max_depth"": 3, ""min_child_weight"": 2, ""reg_lambda"": 2.664933741568674, ""subsample"": 0.8253965167436094}"
2,1,56,1,0.40311426,0.3495222318903094,0.04030610502204206,"{""colsample_bytree"": 0.5557038697321103, ""learning_rate"": 0.017093200234878557, ""max_depth"": 3, ""min_child_weight"": 2, ""reg_lambda"": 2.664933741568674, ""subsample"": 0.8253965167436094}"
2,1,58,1,0.23489617,0.2568479452660045,0.0434723754034372,"{""colsample_bytree"": 0.5557038697321103, ""learning_rate"": 0.017093200234878557, ""max_depth"": 3, ""min_child_weight"": 2, ""reg_lambda"": 2.664933741568674, ""subsample"": 0.8253965167436094}"
2,1,60,0,0.20285952,0.18908004303569642,0.03613277765794054,"{""colsample_bytree"": 0.5557038697321103, ""learning_rate"": 0.017093200234878557, ""max_depth"": 3, ""min_child_weight"": 2, ""reg_lambda"": 2.664933741568674, ""subsample"": 0.8253965167436094}"
2,1,74,1,0.78085667,0.8013173196848923,0.06371753761537147,"{""colsample_bytree"": 0.5557038697321103, ""learning_rate"": 0.017093200234878557, ""max_depth"": 3, ""min_child_weight"": 2, ""reg_lambda"": 2.664933741568674, ""subsample"": 0.8253965167436094}"
2,1,80,1,0.5072727,0.4776110582611966,0.0672654508425513,"{""colsample_bytree"": 0.5557038697321103, ""learning_rate"": 0.017093200234878557, ""max_depth"": 3, ""min_child_weight"": 2, ""reg_lambda"": 2.664933741568674, ""subsample"": 0.8253965167436094}"
2,1,84,0,0.4817927,0.5057319975708933,0.12412412198552816,"{""colsample_bytree"": 0.5557038697321103, ""learning_rate"": 0.017093200234878557, ""max_depth"": 3, ""min_child_weight"": 2, ""reg_lambda"": 2.664933741568674, ""subsample"": 0.8253965167436094}"
2,1,85,1,0.4241145,0.4363043235133298,0.08796234717841384,"{""colsample_bytree"": 0.5557038697321103, ""learning_rate"": 0.017093200234878557, ""max_depth"": 3, ""min_child_weight"": 2, ""reg_lambda"": 2.664933741568674, ""subsample"": 0.8253965167436094}"
2,1,88,1,0.5659589,0.6210384608268672,0.07821169096711912,"{""colsample_bytree"": 0.5557038697321103, ""learning_rate"": 0.017093200234878557, ""max_depth"": 3, ""min_child_weight"": 2, ""reg_lambda"": 2.664933741568674, ""subsample"": 0.8253965167436094}"
2,1,97,1,0.38236204,0.38771382594291076,0.05668006821807706,"{""colsample_bytree"": 0.5557038697321103, ""learning_rate"": 0.017093200234878557, ""max_depth"": 3, ""min_child_weight"": 2, ""reg_lambda"": 2.664933741568674, ""subsample"": 0.8253965167436094}"
2,1,99,0,0.26786342,0.25465988453301414,0.06031667950556851,"{""colsample_bytree"": 0.5557038697321103, ""learning_rate"": 0.017093200234878557, ""max_depth"": 3, ""min_child_weight"": 2, ""reg_lambda"": 2.664933741568674, ""subsample"": 0.8253965167436094}"
2,1,104,1,0.31942138,0.29369460599326835,0.07594277010902363,"{""colsample_bytree"": 0.5557038697321103, ""learning_rate"": 0.017093200234878557, ""max_depth"": 3, ""min_child_weight"": 2, ""reg_lambda"": 2.664933741568674, ""subsample"": 0.8253965167436094}"
2,1,112,1,0.46883047,0.48102335626875475,0.0780256014537361,"{""colsample_bytree"": 0.5557038697321103, ""learning_rate"": 0.017093200234878557, ""max_depth"": 3, ""min_child_weight"": 2, ""reg_lambda"": 2.664933741568674, ""subsample"": 0.8253965167436094}"
2,1,114,1,0.6850317,0.687857432872462,0.10861356795689213,"{""colsample_bytree"": 0.5557038697321103, ""learning_rate"": 0.017093200234878557, ""max_depth"": 3, ""min_child_weight"": 2, ""reg_lambda"": 2.664933741568674, ""subsample"": 0.8253965167436094}"
2,1,116,0,0.35694417,0.3602325267610234,0.05368390526279919,"{""colsample_bytree"": 0.5557038697321103, ""learning_rate"": 0.017093200234878557, ""max_depth"": 3, ""min_child_weight"": 2, ""reg_lambda"": 2.664933741568674, ""subsample"": 0.8253965167436094}"
2,1,117,1,0.577646,0.634224012881335,0.07362524660989561,"{""colsample_bytree"": 0.5557038697321103, ""learning_rate"": 0.017093200234878557, ""max_depth"": 3, ""min_child_weight"": 2, ""reg_lambda"": 2.664933741568674, ""subsample"": 0.8253965167436094}"
2,1,118,0,0.49961942,0.47086453520167637,0.1326018552865651,"{""colsample_bytree"": 0.5557038697321103, ""learning_rate"": 0.017093200234878557, ""max_depth"": 3, ""min_child_weight"": 2, ""reg_lambda"": 2.664933741568674, ""subsample"": 0.8253965167436094}"
2,1,132,0,0.4683562,0.47949270061344434,0.06352124037666321,"{""colsample_bytree"": 0.5557038697321103, ""learning_rate"": 0.017093200234878557, ""max_depth"": 3, ""min_child_weight"": 2, ""reg_lambda"": 2.664933741568674, ""subsample"": 0.8253965167436094}"
2,1,139,1,0.31392232,0.33387493099539267,0.04160329852561105,"{""colsample_bytree"": 0.5557038697321103, ""learning_rate"": 0.017093200234878557, ""max_depth"": 3, ""min_child_weight"": 2, ""reg_lambda"": 2.664933741568674, ""subsample"": 0.8253965167436094}"
2,1,152,0,0.29160926,0.31483544024937166,0.04411017170267465,"{""colsample_bytree"": 0.5557038697321103, ""learning_rate"": 0.017093200234878557, ""max_depth"": 3, ""min_child_weight"": 2, ""reg_lambda"": 2.664933741568674, ""subsample"": 0.8253965167436094}"
2,1,155,1,0.5142041,0.5961954868053506,0.09150129639804713,"{""colsample_bytree"": 0.5557038697321103, ""learning_rate"": 0.017093200234878557, ""max_depth"": 3, ""min_child_weight"": 2, ""reg_lambda"": 2.664933741568674, ""subsample"": 0.8253965167436094}"
2,1,156,1,0.3802493,0.4131688714661032,0.11086728608160354,"{""colsample_bytree"": 0.5557038697321103, ""learning_rate"": 0.017093200234878557, ""max_depth"": 3, ""min_child_weight"": 2, ""reg_lambda"": 2.664933741568674, ""subsample"": 0.8253965167436094}"
2,1,159,0,0.475091,0.5290651820831929,0.05157995414441056,"{""colsample_bytree"": 0.5557038697321103, ""learning_rate"": 0.017093200234878557, ""max_depth"": 3, ""min_child_weight"": 2, ""reg_lambda"": 2.664933741568674, ""subsample"": 0.8253965167436094}"
2,1,163,1,0.40854457,0.4588199164887775,0.08232406604914307,"{""colsample_bytree"": 0.5557038697321103, ""learning_rate"": 0.017093200234878557, ""max_depth"": 3, ""min_child_weight"": 2, ""reg_lambda"": 2.664933741568674, ""subsample"": 0.8253965167436094}"
2,1,165,0,0.6196759,0.6331945600383071,0.037491817114976525,"{""colsample_bytree"": 0.5557038697321103, ""learning_rate"": 0.017093200234878557, ""max_depth"": 3, ""min_child_weight"": 2, ""reg_lambda"": 2.664933741568674, ""subsample"": 0.8253965167436094}"
2,1,172,0,0.3190952,0.3099155757539688,0.05552248823131031,"{""colsample_bytree"": 0.5557038697321103, ""learning_rate"": 0.017093200234878557, ""max_depth"": 3, ""min_child_weight"": 2, ""reg_lambda"": 2.664933741568674, ""subsample"": 0.8253965167436094}"
2,1,176,0,0.22110763,0.21035845355253713,0.04450587478430652,"{""colsample_bytree"": 0.5557038697321103, ""learning_rate"": 0.017093200234878557, ""max_depth"": 3, ""min_child_weight"": 2, ""reg_lambda"": 2.664933741568674, ""subsample"": 0.8253965167436094}"
2,1,180,0,0.21881583,0.2272380389516923,0.027874957494531626,"{""colsample_bytree"": 0.5557038697321103, ""learning_rate"": 0.017093200234878557, ""max_depth"": 3, ""min_child_weight"": 2, ""reg_lambda"": 2.664933741568674, ""subsample"": 0.8253965167436094}"
2,1,183,0,0.4821506,0.4831886637695155,0.06455592549924091,"{""colsample_bytree"": 0.5557038697321103, ""learning_rate"": 0.017093200234878557, ""max_depth"": 3, ""min_child_weight"": 2, ""reg_lambda"": 2.664933741568674, ""subsample"": 0.8253965167436094}"
2,1,188,0,0.2003323,0.20879149524983878,0.05931487878993677,"{""colsample_bytree"": 0.5557038697321103, ""learning_rate"": 0.017093200234878557, ""max_depth"": 3, ""min_child_weight"": 2, ""reg_lambda"": 2.664933741568674, ""subsample"": 0.8253965167436094}"
2,1,189,1,0.59425527,0.6087622519500668,0.07772779928827644,"{""colsample_bytree"": 0.5557038697321103, ""learning_rate"": 0.017093200234878557, ""max_depth"": 3, ""min_child_weight"": 2, ""reg_lambda"": 2.664933741568674, ""subsample"": 0.8253965167436094}"
2,1,190,0,0.22738576,0.25877706340070794,0.09224973458743316,"{""colsample_bytree"": 0.5557038697321103, ""learning_rate"": 0.017093200234878557, ""max_depth"": 3, ""min_child_weight"": 2, ""reg_lambda"": 2.664933741568674, ""subsample"": 0.8253965167436094}"
2,1,203,0,0.2434653,0.2396092673378793,0.057736563304837715,"{""colsample_bytree"": 0.5557038697321103, ""learning_rate"": 0.017093200234878557, ""max_depth"": 3, ""min_child_weight"": 2, ""reg_lambda"": 2.664933741568674, ""subsample"": 0.8253965167436094}"
2,1,207,0,0.2671356,0.27764691378481754,0.031034397954898846,"{""colsample_bytree"": 0.5557038697321103, ""learning_rate"": 0.017093200234878557, ""max_depth"": 3, ""min_child_weight"": 2, ""reg_lambda"": 2.664933741568674, ""subsample"": 0.8253965167436094}"
2,1,210,0,0.20403193,0.18935701747322345,0.017717087942863925,"{""colsample_bytree"": 0.5557038697321103, ""learning_rate"": 0.017093200234878557, ""max_depth"": 3, ""min_child_weight"": 2, ""reg_lambda"": 2.664933741568674, ""subsample"": 0.8253965167436094}"
2,1,215,0,0.5483692,0.6284423608460352,0.030807325074499663,"{""colsample_bytree"": 0.5557038697321103, ""learning_rate"": 0.017093200234878557, ""max_depth"": 3, ""min_child_weight"": 2, ""reg_lambda"": 2.664933741568674, ""subsample"": 0.8253965167436094}"
2,1,220,1,0.4390308,0.4999769647082358,0.042271807764027204,"{""colsample_bytree"": 0.5557038697321103, ""learning_rate"": 0.017093200234878557, ""max_depth"": 3, ""min_child_weight"": 2, ""reg_lambda"": 2.664933741568674, ""subsample"": 0.8253965167436094}"
2,1,228,0,0.2985845,0.30865732431333864,0.06474741665565034,"{""colsample_bytree"": 0.5557038697321103, ""learning_rate"": 0.017093200234878557, ""max_depth"": 3, ""min_child_weight"": 2, ""reg_lambda"": 2.664933741568674, ""subsample"": 0.8253965167436094}"
2,1,237,0,0.32118523,0.2575836900777635,0.03841204760496486,"{""colsample_bytree"": 0.5557038697321103, ""learning_rate"": 0.017093200234878557, ""max_depth"": 3, ""min_child_weight"": 2, ""reg_lambda"": 2.664933741568674, ""subsample"": 0.8253965167436094}"
2,1,239,0,0.51919556,0.5189132718438462,0.10675529018361424,"{""colsample_bytree"": 0.5557038697321103, ""learning_rate"": 0.017093200234878557, ""max_depth"": 3, ""min_child_weight"": 2, ""reg_lambda"": 2.664933741568674, ""subsample"": 0.8253965167436094}"
2,1,241,1,0.36860588,0.3701850062254287,0.06141016694485556,"{""colsample_bytree"": 0.5557038697321103, ""learning_rate"": 0.017093200234878557, ""max_depth"": 3, ""min_child_weight"": 2, ""reg_lambda"": 2.664933741568674, ""subsample"": 0.8253965167436094}"
2,1,247,0,0.088225655,0.12353675836918943,0.023127461199067105,"{""colsample_bytree"": 0.5557038697321103, ""learning_rate"": 0.017093200234878557, ""max_depth"": 3, ""min_child_weight"": 2, ""reg_lambda"": 2.664933741568674, ""subsample"": 0.8253965167436094}"
2,1,249,1,0.5779382,0.6031927078100762,0.08168492033106772,"{""colsample_bytree"": 0.5557038697321103, ""learning_rate"": 0.017093200234878557, ""max_depth"": 3, ""min_child_weight"": 2, ""reg_lambda"": 2.664933741568674, ""subsample"": 0.8253965167436094}"
2,1,256,0,0.30310795,0.25858157494043743,0.06993054743505725,"{""colsample_bytree"": 0.5557038697321103, ""learning_rate"": 0.017093200234878557, ""max_depth"": 3, ""min_child_weight"": 2, ""reg_lambda"": 2.664933741568674, ""subsample"": 0.8253965167436094}"
2,1,258,0,0.27571383,0.25264398119617415,0.02241668997018767,"{""colsample_bytree"": 0.5557038697321103, ""learning_rate"": 0.017093200234878557, ""max_depth"": 3, ""min_child_weight"": 2, ""reg_lambda"": 2.664933741568674, ""subsample"": 0.8253965167436094}"
2,1,263,0,0.086768754,0.123434930279949,0.019703983968376776,"{""colsample_bytree"": 0.5557038697321103, ""learning_rate"": 0.017093200234878557, ""max_depth"": 3, ""min_child_weight"": 2, ""reg_lambda"": 2.664933741568674, ""subsample"": 0.8253965167436094}"
2,1,267,1,0.40700173,0.4378654140779929,0.06162709566679933,"{""colsample_bytree"": 0.5557038697321103, ""learning_rate"": 0.017093200234878557, ""max_depth"": 3, ""min_child_weight"": 2, ""reg_lambda"": 2.664933741568674, ""subsample"": 0.8253965167436094}"
2,1,274,0,0.61457795,0.6577537363786978,0.06325639892435693,"{""colsample_bytree"": 0.5557038697321103, ""learning_rate"": 0.017093200234878557, ""max_depth"": 3, ""min_child_weight"": 2, ""reg_lambda"": 2.664933741568674, ""subsample"": 0.8253965167436094}"
2,1,277,0,0.40549257,0.45806217905030594,0.06527913754063756,"{""colsample_bytree"": 0.5557038697321103, ""learning_rate"": 0.017093200234878557, ""max_depth"": 3, ""min_child_weight"": 2, ""reg_lambda"": 2.664933741568674, ""subsample"": 0.8253965167436094}"
2,1,278,0,0.61369157,0.6452387306151632,0.055107745663685044,"{""colsample_bytree"": 0.5557038697321103, ""learning_rate"": 0.017093200234878557, ""max_depth"": 3, ""min_child_weight"": 2, ""reg_lambda"": 2.664933741568674, ""subsample"": 0.8253965167436094}"
2,1,283,0,0.2369477,0.28186605521279284,0.06646422160676885,"{""colsample_bytree"": 0.5557038697321103, ""learning_rate"": 0.017093200234878557, ""max_depth"": 3, ""min_child_weight"": 2, ""reg_lambda"": 2.664933741568674, ""subsample"": 0.8253965167436094}"
2,2,9,1,0.8140981,0.6986486136857307,0.12786953167510576,"{""colsample_bytree"": 0.6521097802844643, ""learning_rate"": 0.03439923476704805, ""max_depth"": 3, ""min_child_weight"": 1, ""reg_lambda"": 0.34969384524765956, ""subsample"": 0.6868120222357994}"
2,2,10,1,0.6968725,0.652439878638911,0.12703885227648695,"{""colsample_bytree"": 0.6521097802844643, ""learning_rate"": 0.03439923476704805, ""max_depth"": 3, ""min_child_weight"": 1, ""reg_lambda"": 0.34969384524765956, ""subsample"": 0.6868120222357994}"
2,2,16,0,0.0711196,0.19400761530722366,0.08004352889165123,"{""colsample_bytree"": 0.6521097802844643, ""learning_rate"": 0.03439923476704805, ""max_depth"": 3, ""min_child_weight"": 1, ""reg_lambda"": 0.34969384524765956, ""subsample"": 0.6868120222357994}"
2,2,19,1,0.55897754,0.7036084217380802,0.130445909320699,"{""colsample_bytree"": 0.6521097802844643, ""learning_rate"": 0.03439923476704805, ""max_depth"": 3, ""min_child_weight"": 1, ""reg_lambda"": 0.34969384524765956, ""subsample"": 0.6868120222357994}"
2,2,20,1,0.23466371,0.2738773602242316,0.06262410561532089,"{""colsample_bytree"": 0.6521097802844643, ""learning_rate"": 0.03439923476704805, ""max_depth"": 3, ""min_child_weight"": 1, ""reg_lambda"": 0.34969384524765956, ""subsample"": 0.6868120222357994}"
2,2,35,0,0.067931466,0.1727357325075402,0.07403550114829836,"{""colsample_bytree"": 0.6521097802844643, ""learning_rate"": 0.03439923476704805, ""max_depth"": 3, ""min_child_weight"": 1, ""reg_lambda"": 0.34969384524765956, ""subsample"": 0.6868120222357994}"
2,2,38,0,0.6277132,0.5252988231144904,0.1217888884738257,"{""colsample_bytree"": 0.6521097802844643, ""learning_rate"": 0.03439923476704805, ""max_depth"": 3, ""min_child_weight"": 1, ""reg_lambda"": 0.34969384524765956, ""subsample"": 0.6868120222357994}"
2,2,41,0,0.03191552,0.16461066468786673,0.07657119997786543,"{""colsample_bytree"": 0.6521097802844643, ""learning_rate"": 0.03439923476704805, ""max_depth"": 3, ""min_child_weight"": 1, ""reg_lambda"": 0.34969384524765956, ""subsample"": 0.6868120222357994}"
2,2,42,0,0.072177336,0.1795229031039361,0.07306932471422586,"{""colsample_bytree"": 0.6521097802844643, ""learning_rate"": 0.03439923476704805, ""max_depth"": 3, ""min_child_weight"": 1, ""reg_lambda"": 0.34969384524765956, ""subsample"": 0.6868120222357994}"
2,2,46,1,0.066049986,0.1761722232056484,0.07009507531257735,"{""colsample_bytree"": 0.6521097802844643, ""learning_rate"": 0.03439923476704805, ""max_depth"": 3, ""min_child_weight"": 1, ""reg_lambda"": 0.34969384524765956, ""subsample"": 0.6868120222357994}"
2,2,49,0,0.3363129,0.388824355207791,0.1553086911568495,"{""colsample_bytree"": 0.6521097802844643, ""learning_rate"": 0.03439923476704805, ""max_depth"": 3, ""min_child_weight"": 1, ""reg_lambda"": 0.34969384524765956, ""subsample"": 0.6868120222357994}"
2,2,54,0,0.0763013,0.18396850153102978,0.06991441915363651,"{""colsample_bytree"": 0.6521097802844643, ""learning_rate"": 0.03439923476704805, ""max_depth"": 3, ""min_child_weight"": 1, ""reg_lambda"": 0.34969384524765956, ""subsample"": 0.6868120222357994}"
2,2,55,1,0.40938535,0.4760281818747483,0.12540625219983606,"{""colsample_bytree"": 0.6521097802844643, ""learning_rate"": 0.03439923476704805, ""max_depth"": 3, ""min_child_weight"": 1, ""reg_lambda"": 0.34969384524765956, ""subsample"": 0.6868120222357994}"
2,2,61,0,0.12486074,0.2186336826198453,0.05489003488640368,"{""colsample_bytree"": 0.6521097802844643, ""learning_rate"": 0.03439923476704805, ""max_depth"": 3, ""min_child_weight"": 1, ""reg_lambda"": 0.34969384524765956, ""subsample"": 0.6868120222357994}"
2,2,62,0,0.11997114,0.2415678845987867,0.08028519408300216,"{""colsample_bytree"": 0.6521097802844643, ""learning_rate"": 0.03439923476704805, ""max_depth"": 3, ""min_child_weight"": 1, ""reg_lambda"": 0.34969384524765956, ""subsample"": 0.6868120222357994}"
2,2,68,0,0.0887177,0.1778589957707199,0.07128765092284675,"{""colsample_bytree"": 0.6521097802844643, ""learning_rate"": 0.03439923476704805, ""max_depth"": 3, ""min_child_weight"": 1, ""reg_lambda"": 0.34969384524765956, ""subsample"": 0.6868120222357994}"
2,2,76,0,0.52350146,0.5565545013046398,0.12116294203972384,"{""colsample_bytree"": 0.6521097802844643, ""learning_rate"": 0.03439923476704805, ""max_depth"": 3, ""min_child_weight"": 1, ""reg_lambda"": 0.34969384524765956, ""subsample"": 0.6868120222357994}"
2,2,78,1,0.11624086,0.2116072017728107,0.06588773165133584,"{""colsample_bytree"": 0.6521097802844643, ""learning_rate"": 0.03439923476704805, ""max_depth"": 3, ""min_child_weight"": 1, ""reg_lambda"": 0.34969384524765956, ""subsample"": 0.6868120222357994}"
2,2,83,0,0.22933768,0.2755846047899272,0.06412539116279552,"{""colsample_bytree"": 0.6521097802844643, ""learning_rate"": 0.03439923476704805, ""max_depth"": 3, ""min_child_weight"": 1, ""reg_lambda"": 0.34969384524765956, ""subsample"": 0.6868120222357994}"
2,2,87,1,0.7098027,0.6515662760074694,0.12010489127935203,"{""colsample_bytree"": 0.6521097802844643, ""learning_rate"": 0.03439923476704805, ""max_depth"": 3, ""min_child_weight"": 1, ""reg_lambda"": 0.34969384524765956, ""subsample"": 0.6868120222357994}"
2,2,96,1,0.6906776,0.5954018630455702,0.08012915787831947,"{""colsample_bytree"": 0.6521097802844643, ""learning_rate"": 0.03439923476704805, ""max_depth"": 3, ""min_child_weight"": 1, ""reg_lambda"": 0.34969384524765956, ""subsample"": 0.6868120222357994}"
2,2,105,0,0.093299754,0.19260840911885072,0.06474152224715997,"{""colsample_bytree"": 0.6521097802844643, ""learning_rate"": 0.03439923476704805, ""max_depth"": 3, ""min_child_weight"": 1, ""reg_lambda"": 0.34969384524765956, ""subsample"": 0.6868120222357994}"
2,2,106,0,0.8056825,0.754587747303116,0.1245401010502335,"{""colsample_bytree"": 0.6521097802844643, ""learning_rate"": 0.03439923476704805, ""max_depth"": 3, ""min_child_weight"": 1, ""reg_lambda"": 0.34969384524765956, ""subsample"": 0.6868120222357994}"
2,2,107,1,0.17832382,0.29603900675223876,0.08045969158490533,"{""colsample_bytree"": 0.6521097802844643, ""learning_rate"": 0.03439923476704805, ""max_depth"": 3, ""min_child_weight"": 1, ""reg_lambda"": 0.34969384524765956, ""subsample"": 0.6868120222357994}"
2,2,108,0,0.32197127,0.25007263202173047,0.05025376292394571,"{""colsample_bytree"": 0.6521097802844643, ""learning_rate"": 0.03439923476704805, ""max_depth"": 3, ""min_child_weight"": 1, ""reg_lambda"": 0.34969384524765956, ""subsample"": 0.6868120222357994}"
2,2,110,1,0.15514544,0.2749007161594503,0.09272993414063346,"{""colsample_bytree"": 0.6521097802844643, ""learning_rate"": 0.03439923476704805, ""max_depth"": 3, ""min_child_weight"": 1, ""reg_lambda"": 0.34969384524765956, ""subsample"": 0.6868120222357994}"
2,2,113,0,0.020918824,0.1606535903180586,0.07650515468481166,"{""colsample_bytree"": 0.6521097802844643, ""learning_rate"": 0.03439923476704805, ""max_depth"": 3, ""min_child_weight"": 1, ""reg_lambda"": 0.34969384524765956, ""subsample"": 0.6868120222357994}"
2,2,119,1,0.5914156,0.5503298065523932,0.13498508828645722,"{""colsample_bytree"": 0.6521097802844643, ""learning_rate"": 0.03439923476704805, ""max_depth"": 3, ""min_child_weight"": 1, ""reg_lambda"": 0.34969384524765956, ""subsample"": 0.6868120222357994}"
2,2,127,0,0.7816455,0.712257985865205,0.13548716279879314,"{""colsample_bytree"": 0.6521097802844643, ""learning_rate"": 0.03439923476704805, ""max_depth"": 3, ""min_child_weight"": 1, ""reg_lambda"": 0.34969384524765956, ""subsample"": 0.6868120222357994}"
2,2,133,0,0.12937166,0.18635314365600147,0.06953190629268928,"{""colsample_bytree"": 0.6521097802844643, ""learning_rate"": 0.03439923476704805, ""max_depth"": 3, ""min_child_weight"": 1, ""reg_lambda"": 0.34969384524765956, ""subsample"": 0.6868120222357994}"
2,2,138,1,0.59023046,0.6130180131050199,0.10097102909867209,"{""colsample_bytree"": 0.6521097802844643, ""learning_rate"": 0.03439923476704805, ""max_depth"": 3, ""min_child_weight"": 1, ""reg_lambda"": 0.34969384524765956, ""subsample"": 0.6868120222357994}"
2,2,141,0,0.24805586,0.25088436909273754,0.08306755643271667,"{""colsample_bytree"": 0.6521097802844643, ""learning_rate"": 0.03439923476704805, ""max_depth"": 3, ""min_child_weight"": 1, ""reg_lambda"": 0.34969384524765956, ""subsample"": 0.6868120222357994}"
2,2,148,1,0.34119838,0.42396344284043164,0.07305930999634473,"{""colsample_bytree"": 0.6521097802844643, ""learning_rate"": 0.03439923476704805, ""max_depth"": 3, ""min_child_weight"": 1, ""reg_lambda"": 0.34969384524765956, ""subsample"": 0.6868120222357994}"
2,2,149,1,0.58759993,0.5392447750638463,0.06748799864205235,"{""colsample_bytree"": 0.6521097802844643, ""learning_rate"": 0.03439923476704805, ""max_depth"": 3, ""min_child_weight"": 1, ""reg_lambda"": 0.34969384524765956, ""subsample"": 0.6868120222357994}"
2,2,158,1,0.604246,0.5070426894404697,0.10273148190731025,"{""colsample_bytree"": 0.6521097802844643, ""learning_rate"": 0.03439923476704805, ""max_depth"": 3, ""min_child_weight"": 1, ""reg_lambda"": 0.34969384524765956, ""subsample"": 0.6868120222357994}"
2,2,160,0,0.2710628,0.3393461156887988,0.042664226171257334,"{""colsample_bytree"": 0.6521097802844643, ""learning_rate"": 0.03439923476704805, ""max_depth"": 3, ""min_child_weight"": 1, ""reg_lambda"": 0.34969384524765956, ""subsample"": 0.6868120222357994}"
2,2,169,0,0.14193803,0.20429471515472142,0.07410813481269743,"{""colsample_bytree"": 0.6521097802844643, ""learning_rate"": 0.03439923476704805, ""max_depth"": 3, ""min_child_weight"": 1, ""reg_lambda"": 0.34969384524765956, ""subsample"": 0.6868120222357994}"
2,2,170,0,0.11820546,0.21868628452972655,0.0851948540657074,"{""colsample_bytree"": 0.6521097802844643, ""learning_rate"": 0.03439923476704805, ""max_depth"": 3, ""min_child_weight"": 1, ""reg_lambda"": 0.34969384524765956, ""subsample"": 0.6868120222357994}"
2,2,182,1,0.44910002,0.4934584094677644,0.13310184868384828,"{""colsample_bytree"": 0.6521097802844643, ""learning_rate"": 0.03439923476704805, ""max_depth"": 3, ""min_child_weight"": 1, ""reg_lambda"": 0.34969384524765956, ""subsample"": 0.6868120222357994}"
2,2,185,0,0.1623656,0.26919893179860654,0.06074128440824198,"{""colsample_bytree"": 0.6521097802844643, ""learning_rate"": 0.03439923476704805, ""max_depth"": 3, ""min_child_weight"": 1, ""reg_lambda"": 0.34969384524765956, ""subsample"": 0.6868120222357994}"
2,2,200,0,0.22273207,0.25003210672256143,0.060460169332158815,"{""colsample_bytree"": 0.6521097802844643, ""learning_rate"": 0.03439923476704805, ""max_depth"": 3, ""min_child_weight"": 1, ""reg_lambda"": 0.34969384524765956, ""subsample"": 0.6868120222357994}"
2,2,201,0,0.3736406,0.41131495868717777,0.1282033534225233,"{""colsample_bytree"": 0.6521097802844643, ""learning_rate"": 0.03439923476704805, ""max_depth"": 3, ""min_child_weight"": 1, ""reg_lambda"": 0.34969384524765956, ""subsample"": 0.6868120222357994}"
2,2,202,1,0.8994357,0.7750005110382189,0.11877709131802781,"{""colsample_bytree"": 0.6521097802844643, ""learning_rate"": 0.03439923476704805, ""max_depth"": 3, ""min_child_weight"": 1, ""reg_lambda"": 0.34969384524765956, ""subsample"": 0.6868120222357994}"
2,2,205,0,0.24103926,0.3626310757128993,0.1372955484211334,"{""colsample_bytree"": 0.6521097802844643, ""learning_rate"": 0.03439923476704805, ""max_depth"": 3, ""min_child_weight"": 1, ""reg_lambda"": 0.34969384524765956, ""subsample"": 0.6868120222357994}"
2,2,206,1,0.4174371,0.42523200947635686,0.12726383057583138,"{""colsample_bytree"": 0.6521097802844643, ""learning_rate"": 0.03439923476704805, ""max_depth"": 3, ""min_child_weight"": 1, ""reg_lambda"": 0.34969384524765956, ""subsample"": 0.6868120222357994}"
2,2,209,0,0.88279384,0.7978445646085807,0.12310328479263605,"{""colsample_bytree"": 0.6521097802844643, ""learning_rate"": 0.03439923476704805, ""max_depth"": 3, ""min_child_weight"": 1, ""reg_lambda"": 0.34969384524765956, ""subsample"": 0.6868120222357994}"
2,2,211,0,0.4796493,0.43251018345294356,0.07046885736093683,"{""colsample_bytree"": 0.6521097802844643, ""learning_rate"": 0.03439923476704805, ""max_depth"": 3, ""min_child_weight"": 1, ""reg_lambda"": 0.34969384524765956, ""subsample"": 0.6868120222357994}"
2,2,221,1,0.68843037,0.5162124821641112,0.15345464548946808,"{""colsample_bytree"": 0.6521097802844643, ""learning_rate"": 0.03439923476704805, ""max_depth"": 3, ""min_child_weight"": 1, ""reg_lambda"": 0.34969384524765956, ""subsample"": 0.6868120222357994}"
2,2,232,1,0.25280127,0.29692888213354335,0.06300389155838762,"{""colsample_bytree"": 0.6521097802844643, ""learning_rate"": 0.03439923476704805, ""max_depth"": 3, ""min_child_weight"": 1, ""reg_lambda"": 0.34969384524765956, ""subsample"": 0.6868120222357994}"
2,2,234,0,0.14304006,0.22306625911773637,0.06320000786976822,"{""colsample_bytree"": 0.6521097802844643, ""learning_rate"": 0.03439923476704805, ""max_depth"": 3, ""min_child_weight"": 1, ""reg_lambda"": 0.34969384524765956, ""subsample"": 0.6868120222357994}"
2,2,251,0,0.28276035,0.28470523733083725,0.03236081748017097,"{""colsample_bytree"": 0.6521097802844643, ""learning_rate"": 0.03439923476704805, ""max_depth"": 3, ""min_child_weight"": 1, ""reg_lambda"": 0.34969384524765956, ""subsample"": 0.6868120222357994}"
2,2,254,0,0.09835101,0.19027084531842145,0.0686691428427606,"{""colsample_bytree"": 0.6521097802844643, ""learning_rate"": 0.03439923476704805, ""max_depth"": 3, ""min_child_weight"": 1, ""reg_lambda"": 0.34969384524765956, ""subsample"": 0.6868120222357994}"
2,2,268,0,0.028539687,0.16333663577886948,0.07676663059218859,"{""colsample_bytree"": 0.6521097802844643, ""learning_rate"": 0.03439923476704805, ""max_depth"": 3, ""min_child_weight"": 1, ""reg_lambda"": 0.34969384524765956, ""subsample"": 0.6868120222357994}"
2,2,269,0,0.5790755,0.5852933514915184,0.10321107088580446,"{""colsample_bytree"": 0.6521097802844643, ""learning_rate"": 0.03439923476704805, ""max_depth"": 3, ""min_child_weight"": 1, ""reg_lambda"": 0.34969384524765956, ""subsample"": 0.6868120222357994}"
2,2,270,0,0.025516098,0.1590052428059145,0.07741956421796502,"{""colsample_bytree"": 0.6521097802844643, ""learning_rate"": 0.03439923476704805, ""max_depth"": 3, ""min_child_weight"": 1, ""reg_lambda"": 0.34969384524765956, ""subsample"": 0.6868120222357994}"
2,2,273,1,0.85956055,0.7578491103290136,0.10177086615225273,"{""colsample_bytree"": 0.6521097802844643, ""learning_rate"": 0.03439923476704805, ""max_depth"": 3, ""min_child_weight"": 1, ""reg_lambda"": 0.34969384524765956, ""subsample"": 0.6868120222357994}"
2,2,281,1,0.5365003,0.4807132390066318,0.13462583533730493,"{""colsample_bytree"": 0.6521097802844643, ""learning_rate"": 0.03439923476704805, ""max_depth"": 3, ""min_child_weight"": 1, ""reg_lambda"": 0.34969384524765956, ""subsample"": 0.6868120222357994}"
2,2,282,0,0.4061629,0.38908503528757077,0.028580214261998162,"{""colsample_bytree"": 0.6521097802844643, ""learning_rate"": 0.03439923476704805, ""max_depth"": 3, ""min_child_weight"": 1, ""reg_lambda"": 0.34969384524765956, ""subsample"": 0.6868120222357994}"
2,2,284,0,0.56001186,0.4912288904253333,0.12105382691795472,"{""colsample_bytree"": 0.6521097802844643, ""learning_rate"": 0.03439923476704805, ""max_depth"": 3, ""min_child_weight"": 1, ""reg_lambda"": 0.34969384524765956, ""subsample"": 0.6868120222357994}"
2,2,286,0,0.39481264,0.47246788564685316,0.06527928069282488,"{""colsample_bytree"": 0.6521097802844643, ""learning_rate"": 0.03439923476704805, ""max_depth"": 3, ""min_child_weight"": 1, ""reg_lambda"": 0.34969384524765956, ""subsample"": 0.6868120222357994}"
2,2,288,1,0.15655798,0.24544718222530665,0.09306066688682153,"{""colsample_bytree"": 0.6521097802844643, ""learning_rate"": 0.03439923476704805, ""max_depth"": 3, ""min_child_weight"": 1, ""reg_lambda"": 0.34969384524765956, ""subsample"": 0.6868120222357994}"
2,3,1,1,0.9659007,0.6457594145636387,0.02595677676847957,"{""colsample_bytree"": 0.6389338499285501, ""learning_rate"": 0.11459314007220381, ""max_depth"": 3, ""min_child_weight"": 1, ""reg_lambda"": 0.11750088453746334, ""subsample"": 0.9306706869779842}"
2,3,5,1,0.7542698,0.46523143154591196,0.08509760441444875,"{""colsample_bytree"": 0.6389338499285501, ""learning_rate"": 0.11459314007220381, ""max_depth"": 3, ""min_child_weight"": 1, ""reg_lambda"": 0.11750088453746334, ""subsample"": 0.9306706869779842}"
2,3,13,0,0.3431376,0.4401165286702228,0.13255718383800952,"{""colsample_bytree"": 0.6389338499285501, ""learning_rate"": 0.11459314007220381, ""max_depth"": 3, ""min_child_weight"": 1, ""reg_lambda"": 0.11750088453746334, ""subsample"": 0.9306706869779842}"
2,3,24,0,0.3135776,0.4321652223641726,0.12388510735059054,"{""colsample_bytree"": 0.6389338499285501, ""learning_rate"": 0.11459314007220381, ""max_depth"": 3, ""min_child_weight"": 1, ""reg_lambda"": 0.11750088453746334, ""subsample"": 0.9306706869779842}"
2,3,25,0,0.6919014,0.5098658905841884,0.07067273468330573,"{""colsample_bytree"": 0.6389338499285501, ""learning_rate"": 0.11459314007220381, ""max_depth"": 3, ""min_child_weight"": 1, ""reg_lambda"": 0.11750088453746334, ""subsample"": 0.9306706869779842}"
2,3,26,0,0.032865293,0.2614779263273938,0.043320086971790996,"{""colsample_bytree"": 0.6389338499285501, ""learning_rate"": 0.11459314007220381, ""max_depth"": 3, ""min_child_weight"": 1, ""reg_lambda"": 0.11750088453746334, ""subsample"": 0.9306706869779842}"
2,3,27,0,0.027907953,0.2596986001685608,0.028951666528623993,"{""colsample_bytree"": 0.6389338499285501, ""learning_rate"": 0.11459314007220381, ""max_depth"": 3, ""min_child_weight"": 1, ""reg_lambda"": 0.11750088453746334, ""subsample"": 0.9306706869779842}"
2,3,31,1,0.925214,0.5710009591478866,0.05590078279929984,"{""colsample_bytree"": 0.6389338499285501, ""learning_rate"": 0.11459314007220381, ""max_depth"": 3, ""min_child_weight"": 1, ""reg_lambda"": 0.11750088453746334, ""subsample"": 0.9306706869779842}"
2,3,32,1,0.87290806,0.5643161209994485,0.1257008829274564,"{""colsample_bytree"": 0.6389338499285501, ""learning_rate"": 0.11459314007220381, ""max_depth"": 3, ""min_child_weight"": 1, ""reg_lambda"": 0.11750088453746334, ""subsample"": 0.9306706869779842}"
2,3,40,0,0.6330516,0.39216064220609703,0.15707431624871315,"{""colsample_bytree"": 0.6389338499285501, ""learning_rate"": 0.11459314007220381, ""max_depth"": 3, ""min_child_weight"": 1, ""reg_lambda"": 0.11750088453746334, ""subsample"": 0.9306706869779842}"
2,3,43,0,0.17173818,0.3985179639064331,0.10519264418118282,"{""colsample_bytree"": 0.6389338499285501, ""learning_rate"": 0.11459314007220381, ""max_depth"": 3, ""min_child_weight"": 1, ""reg_lambda"": 0.11750088453746334, ""subsample"": 0.9306706869779842}"
2,3,69,1,0.85936105,0.5765542754004281,0.08375600748250556,"{""colsample_bytree"": 0.6389338499285501, ""learning_rate"": 0.11459314007220381, ""max_depth"": 3, ""min_child_weight"": 1, ""reg_lambda"": 0.11750088453746334, ""subsample"": 0.9306706869779842}"
2,3,71,1,0.9190629,0.617772129101379,0.047219777768751914,"{""colsample_bytree"": 0.6389338499285501, ""learning_rate"": 0.11459314007220381, ""max_depth"": 3, ""min_child_weight"": 1, ""reg_lambda"": 0.11750088453746334, ""subsample"": 0.9306706869779842}"
2,3,73,0,0.0632152,0.283512371991527,0.029095289948702162,"{""colsample_bytree"": 0.6389338499285501, ""learning_rate"": 0.11459314007220381, ""max_depth"": 3, ""min_child_weight"": 1, ""reg_lambda"": 0.11750088453746334, ""subsample"": 0.9306706869779842}"
2,3,75,0,0.1507792,0.3250554204026629,0.04153414214399737,"{""colsample_bytree"": 0.6389338499285501, ""learning_rate"": 0.11459314007220381, ""max_depth"": 3, ""min_child_weight"": 1, ""reg_lambda"": 0.11750088453746334, ""subsample"": 0.9306706869779842}"
2,3,81,0,0.46290892,0.4425312702359229,0.08222421824209486,"{""colsample_bytree"": 0.6389338499285501, ""learning_rate"": 0.11459314007220381, ""max_depth"": 3, ""min_child_weight"": 1, ""reg_lambda"": 0.11750088453746334, ""subsample"": 0.9306706869779842}"
2,3,86,1,0.52095395,0.3927892185074621,0.11389433395432795,"{""colsample_bytree"": 0.6389338499285501, ""learning_rate"": 0.11459314007220381, ""max_depth"": 3, ""min_child_weight"": 1, ""reg_lambda"": 0.11750088453746334, ""subsample"": 0.9306706869779842}"
2,3,89,1,0.73531157,0.40944039220287465,0.08773151337478359,"{""colsample_bytree"": 0.6389338499285501, ""learning_rate"": 0.11459314007220381, ""max_depth"": 3, ""min_child_weight"": 1, ""reg_lambda"": 0.11750088453746334, ""subsample"": 0.9306706869779842}"
2,3,92,1,0.9310997,0.6356437468861499,0.04043662678469803,"{""colsample_bytree"": 0.6389338499285501, ""learning_rate"": 0.11459314007220381, ""max_depth"": 3, ""min_child_weight"": 1, ""reg_lambda"": 0.11750088453746334, ""subsample"": 0.9306706869779842}"
2,3,98,1,0.9647422,0.6350806424243499,0.027232667582889447,"{""colsample_bytree"": 0.6389338499285501, ""learning_rate"": 0.11459314007220381, ""max_depth"": 3, ""min_child_weight"": 1, ""reg_lambda"": 0.11750088453746334, ""subsample"": 0.9306706869779842}"
2,3,100,0,0.8362446,0.5339067775384317,0.09091984972156397,"{""colsample_bytree"": 0.6389338499285501, ""learning_rate"": 0.11459314007220381, ""max_depth"": 3, ""min_child_weight"": 1, ""reg_lambda"": 0.11750088453746334, ""subsample"": 0.9306706869779842}"
2,3,102,0,0.0077664535,0.2516062798439552,0.03224691884634096,"{""colsample_bytree"": 0.6389338499285501, ""learning_rate"": 0.11459314007220381, ""max_depth"": 3, ""min_child_weight"": 1, ""reg_lambda"": 0.11750088453746334, ""subsample"": 0.9306706869779842}"
2,3,111,1,0.89084893,0.5780557481666682,0.045903327848028176,"{""colsample_bytree"": 0.6389338499285501, ""learning_rate"": 0.11459314007220381, ""max_depth"": 3, ""min_child_weight"": 1, ""reg_lambda"": 0.11750088453746334, ""subsample"": 0.9306706869779842}"
2,3,122,1,0.90689456,0.6104859565133974,0.05291068135905565,"{""colsample_bytree"": 0.6389338499285501, ""learning_rate"": 0.11459314007220381, ""max_depth"": 3, ""min_child_weight"": 1, ""reg_lambda"": 0.11750088453746334, ""subsample"": 0.9306706869779842}"
2,3,123,1,0.9626099,0.5585124647628312,0.12277805977597722,"{""colsample_bytree"": 0.6389338499285501, ""learning_rate"": 0.11459314007220381, ""max_depth"": 3, ""min_child_weight"": 1, ""reg_lambda"": 0.11750088453746334, ""subsample"": 0.9306706869779842}"
2,3,129,0,0.014147557,0.25232107960521966,0.03355452024285763,"{""colsample_bytree"": 0.6389338499285501, ""learning_rate"": 0.11459314007220381, ""max_depth"": 3, ""min_child_weight"": 1, ""reg_lambda"": 0.11750088453746334, ""subsample"": 0.9306706869779842}"
2,3,130,0,0.35896483,0.36417004820346516,0.10570677136748072,"{""colsample_bytree"": 0.6389338499285501, ""learning_rate"": 0.11459314007220381, ""max_depth"": 3, ""min_child_weight"": 1, ""reg_lambda"": 0.11750088453746334, ""subsample"": 0.9306706869779842}"
2,3,131,0,0.29564184,0.3506858377231125,0.08666209655941208,"{""colsample_bytree"": 0.6389338499285501, ""learning_rate"": 0.11459314007220381, ""max_depth"": 3, ""min_child_weight"": 1, ""reg_lambda"": 0.11750088453746334, ""subsample"": 0.9306706869779842}"
2,3,136,0,0.008152974,0.25183297591650783,0.03142001429917221,"{""colsample_bytree"": 0.6389338499285501, ""learning_rate"": 0.11459314007220381, ""max_depth"": 3, ""min_child_weight"": 1, ""reg_lambda"": 0.11750088453746334, ""subsample"": 0.9306706869779842}"
2,3,154,0,0.18150389,0.3234032400169976,0.07298637657176948,"{""colsample_bytree"": 0.6389338499285501, ""learning_rate"": 0.11459314007220381, ""max_depth"": 3, ""min_child_weight"": 1, ""reg_lambda"": 0.11750088453746334, ""subsample"": 0.9306706869779842}"
2,3,157,1,0.13783091,0.3124808353569773,0.03193059346997958,"{""colsample_bytree"": 0.6389338499285501, ""learning_rate"": 0.11459314007220381, ""max_depth"": 3, ""min_child_weight"": 1, ""reg_lambda"": 0.11750088453746334, ""subsample"": 0.9306706869779842}"
2,3,181,1,0.73106223,0.4828226023198203,0.11171608202419808,"{""colsample_bytree"": 0.6389338499285501, ""learning_rate"": 0.11459314007220381, ""max_depth"": 3, ""min_child_weight"": 1, ""reg_lambda"": 0.11750088453746334, ""subsample"": 0.9306706869779842}"
2,3,187,1,0.023030011,0.2744800586862122,0.03903199568124108,"{""colsample_bytree"": 0.6389338499285501, ""learning_rate"": 0.11459314007220381, ""max_depth"": 3, ""min_child_weight"": 1, ""reg_lambda"": 0.11750088453746334, ""subsample"": 0.9306706869779842}"
2,3,191,0,0.49463472,0.39490666188957774,0.15431895099766665,"{""colsample_bytree"": 0.6389338499285501, ""learning_rate"": 0.11459314007220381, ""max_depth"": 3, ""min_child_weight"": 1, ""reg_lambda"": 0.11750088453746334, ""subsample"": 0.9306706869779842}"
2,3,195,0,0.33104837,0.3595992868800104,0.06298759042853427,"{""colsample_bytree"": 0.6389338499285501, ""learning_rate"": 0.11459314007220381, ""max_depth"": 3, ""min_child_weight"": 1, ""reg_lambda"": 0.11750088453746334, ""subsample"": 0.9306706869779842}"
2,3,197,1,0.95927036,0.6287280318496148,0.0594023964054178,"{""colsample_bytree"": 0.6389338499285501, ""learning_rate"": 0.11459314007220381, ""max_depth"": 3, ""min_child_weight"": 1, ""reg_lambda"": 0.11750088453746334, ""subsample"": 0.9306706869779842}"
2,3,204,0,0.062230434,0.2589785371417707,0.029832651571326838,"{""colsample_bytree"": 0.6389338499285501, ""learning_rate"": 0.11459314007220381, ""max_depth"": 3, ""min_child_weight"": 1, ""reg_lambda"": 0.11750088453746334, ""subsample"": 0.9306706869779842}"
2,3,214,0,0.27266285,0.337891494536344,0.07992591564827309,"{""colsample_bytree"": 0.6389338499285501, ""learning_rate"": 0.11459314007220381, ""max_depth"": 3, ""min_child_weight"": 1, ""reg_lambda"": 0.11750088453746334, ""subsample"": 0.9306706869779842}"
2,3,216,0,0.6295749,0.4838300656254565,0.13096295059827892,"{""colsample_bytree"": 0.6389338499285501, ""learning_rate"": 0.11459314007220381, ""max_depth"": 3, ""min_child_weight"": 1, ""reg_lambda"": 0.11750088453746334, ""subsample"": 0.9306706869779842}"
2,3,223,1,0.10034096,0.28480335507553034,0.05189647698511208,"{""colsample_bytree"": 0.6389338499285501, ""learning_rate"": 0.11459314007220381, ""max_depth"": 3, ""min_child_weight"": 1, ""reg_lambda"": 0.11750088453746334, ""subsample"": 0.9306706869779842}"
2,3,227,1,0.01917085,0.26055615982281355,0.0374332069316691,"{""colsample_bytree"": 0.6389338499285501, ""learning_rate"": 0.11459314007220381, ""max_depth"": 3, ""min_child_weight"": 1, ""reg_lambda"": 0.11750088453746334, ""subsample"": 0.9306706869779842}"
2,3,230,0,0.996802,0.6672151836306409,0.03323114725215915,"{""colsample_bytree"": 0.6389338499285501, ""learning_rate"": 0.11459314007220381, ""max_depth"": 3, ""min_child_weight"": 1, ""reg_lambda"": 0.11750088453746334, ""subsample"": 0.9306706869779842}"
2,3,233,0,0.036545973,0.2837415904324441,0.05520132503825773,"{""colsample_bytree"": 0.6389338499285501, ""learning_rate"": 0.11459314007220381, ""max_depth"": 3, ""min_child_weight"": 1, ""reg_lambda"": 0.11750088453746334, ""subsample"": 0.9306706869779842}"
2,3,242,0,0.60368836,0.5295601640949597,0.10598367835135483,"{""colsample_bytree"": 0.6389338499285501, ""learning_rate"": 0.11459314007220381, ""max_depth"": 3, ""min_child_weight"": 1, ""reg_lambda"": 0.11750088453746334, ""subsample"": 0.9306706869779842}"
2,3,243,0,0.104129694,0.2955024355350977,0.03868589349044203,"{""colsample_bytree"": 0.6389338499285501, ""learning_rate"": 0.11459314007220381, ""max_depth"": 3, ""min_child_weight"": 1, ""reg_lambda"": 0.11750088453746334, ""subsample"": 0.9306706869779842}"
2,3,245,1,0.6436724,0.5170827213099805,0.103277180692993,"{""colsample_bytree"": 0.6389338499285501, ""learning_rate"": 0.11459314007220381, ""max_depth"": 3, ""min_child_weight"": 1, ""reg_lambda"": 0.11750088453746334, ""subsample"": 0.9306706869779842}"
2,3,250,0,0.44169456,0.4328685751221921,0.05667620793372742,"{""colsample_bytree"": 0.6389338499285501, ""learning_rate"": 0.11459314007220381, ""max_depth"": 3, ""min_child_weight"": 1, ""reg_lambda"": 0.11750088453746334, ""subsample"": 0.9306706869779842}"
2,3,252,0,0.12048192,0.27322718213847935,0.03817831258016473,"{""colsample_bytree"": 0.6389338499285501, ""learning_rate"": 0.11459314007220381, ""max_depth"": 3, ""min_child_weight"": 1, ""reg_lambda"": 0.11750088453746334, ""subsample"": 0.9306706869779842}"
2,3,255,0,0.010531407,0.25329856269888407,0.02793786920938366,"{""colsample_bytree"": 0.6389338499285501, ""learning_rate"": 0.11459314007220381, ""max_depth"": 3, ""min_child_weight"": 1, ""reg_lambda"": 0.11750088453746334, ""subsample"": 0.9306706869779842}"
2,3,257,0,0.031924803,0.25498624277876936,0.031642733922894156,"{""colsample_bytree"": 0.6389338499285501, ""learning_rate"": 0.11459314007220381, ""max_depth"": 3, ""min_child_weight"": 1, ""reg_lambda"": 0.11750088453746334, ""subsample"": 0.9306706869779842}"
2,3,262,0,0.2796598,0.33527760445947047,0.0668431891464446,"{""colsample_bytree"": 0.6389338499285501, ""learning_rate"": 0.11459314007220381, ""max_depth"": 3, ""min_child_weight"": 1, ""reg_lambda"": 0.11750088453746334, ""subsample"": 0.9306706869779842}"
2,3,265,1,0.5687423,0.39564341936167374,0.08994244425429809,"{""colsample_bytree"": 0.6389338499285501, ""learning_rate"": 0.11459314007220381, ""max_depth"": 3, ""min_child_weight"": 1, ""reg_lambda"": 0.11750088453746334, ""subsample"": 0.9306706869779842}"
2,3,276,0,0.1852671,0.36162018014235375,0.08634896168177789,"{""colsample_bytree"": 0.6389338499285501, ""learning_rate"": 0.11459314007220381, ""max_depth"": 3, ""min_child_weight"": 1, ""reg_lambda"": 0.11750088453746334, ""subsample"": 0.9306706869779842}"
2,3,280,0,0.15675138,0.313004469458776,0.055577321229608664,"{""colsample_bytree"": 0.6389338499285501, ""learning_rate"": 0.11459314007220381, ""max_depth"": 3, ""min_child_weight"": 1, ""reg_lambda"": 0.11750088453746334, ""subsample"": 0.9306706869779842}"
2,3,285,0,0.02607706,0.2873600985185679,0.034419295554226376,"{""colsample_bytree"": 0.6389338499285501, ""learning_rate"": 0.11459314007220381, ""max_depth"": 3, ""min_child_weight"": 1, ""reg_lambda"": 0.11750088453746334, ""subsample"": 0.9306706869779842}"
2,3,292,0,0.38033888,0.3744254770761165,0.08998636143390512,"{""colsample_bytree"": 0.6389338499285501, ""learning_rate"": 0.11459314007220381, ""max_depth"": 3, ""min_child_weight"": 1, ""reg_lambda"": 0.11750088453746334, ""subsample"": 0.9306706869779842}"
2,3,294,1,0.004483459,0.25814130092441107,0.036386414209294095,"{""colsample_bytree"": 0.6389338499285501, ""learning_rate"": 0.11459314007220381, ""max_depth"": 3, ""min_child_weight"": 1, ""reg_lambda"": 0.11750088453746334, ""subsample"": 0.9306706869779842}"
2,3,296,0,0.31342953,0.3713058537036603,0.13255040310008373,"{""colsample_bytree"": 0.6389338499285501, ""learning_rate"": 0.11459314007220381, ""max_depth"": 3, ""min_child_weight"": 1, ""reg_lambda"": 0.11750088453746334, ""subsample"": 0.9306706869779842}"
2,3,298,1,0.13739333,0.31965415559372856,0.021421575367764442,"{""colsample_bytree"": 0.6389338499285501, ""learning_rate"": 0.11459314007220381, ""max_depth"": 3, ""min_child_weight"": 1, ""reg_lambda"": 0.11750088453746334, ""subsample"": 0.9306706869779842}"
2,3,300,0,0.0065555265,0.25168961590784134,0.030707065276595093,"{""colsample_bytree"": 0.6389338499285501, ""learning_rate"": 0.11459314007220381, ""max_depth"": 3, ""min_child_weight"": 1, ""reg_lambda"": 0.11750088453746334, ""subsample"": 0.9306706869779842}"
2,4,2,0,0.17487156,0.2629172858457986,0.04614738626968419,"{""colsample_bytree"": 0.6232941123473028, ""learning_rate"": 0.04928814441571927, ""max_depth"": 4, ""min_child_weight"": 6, ""reg_lambda"": 0.8971967031962607, ""subsample"": 0.6250084980089092}"
2,4,4,0,0.07220982,0.24716331890386428,0.04455901701842823,"{""colsample_bytree"": 0.6232941123473028, ""learning_rate"": 0.04928814441571927, ""max_depth"": 4, ""min_child_weight"": 6, ""reg_lambda"": 0.8971967031962607, ""subsample"": 0.6250084980089092}"
2,4,8,0,0.047818534,0.22100243993975707,0.05481826898342783,"{""colsample_bytree"": 0.6232941123473028, ""learning_rate"": 0.04928814441571927, ""max_depth"": 4, ""min_child_weight"": 6, ""reg_lambda"": 0.8971967031962607, ""subsample"": 0.6250084980089092}"
2,4,12,0,0.41440246,0.46688753746351014,0.048998304459451886,"{""colsample_bytree"": 0.6232941123473028, ""learning_rate"": 0.04928814441571927, ""max_depth"": 4, ""min_child_weight"": 6, ""reg_lambda"": 0.8971967031962607, ""subsample"": 0.6250084980089092}"
2,4,14,0,0.37200657,0.36448652412048704,0.04311483083474378,"{""colsample_bytree"": 0.6232941123473028, ""learning_rate"": 0.04928814441571927, ""max_depth"": 4, ""min_child_weight"": 6, ""reg_lambda"": 0.8971967031962607, ""subsample"": 0.6250084980089092}"
2,4,22,1,0.494032,0.5011686991278499,0.04221350412992665,"{""colsample_bytree"": 0.6232941123473028, ""learning_rate"": 0.04928814441571927, ""max_depth"": 4, ""min_child_weight"": 6, ""reg_lambda"": 0.8971967031962607, ""subsample"": 0.6250084980089092}"
2,4,23,0,0.8207127,0.6048643276914827,0.07844722499365517,"{""colsample_bytree"": 0.6232941123473028, ""learning_rate"": 0.04928814441571927, ""max_depth"": 4, ""min_child_weight"": 6, ""reg_lambda"": 0.8971967031962607, ""subsample"": 0.6250084980089092}"
2,4,28,1,0.5781793,0.4816875353713216,0.07082723980410904,"{""colsample_bytree"": 0.6232941123473028, ""learning_rate"": 0.04928814441571927, ""max_depth"": 4, ""min_child_weight"": 6, ""reg_lambda"": 0.8971967031962607, ""subsample"": 0.6250084980089092}"
2,4,29,1,0.72722924,0.5813249223351351,0.09081803635005212,"{""colsample_bytree"": 0.6232941123473028, ""learning_rate"": 0.04928814441571927, ""max_depth"": 4, ""min_child_weight"": 6, ""reg_lambda"": 0.8971967031962607, ""subsample"": 0.6250084980089092}"
2,4,36,1,0.3667013,0.4629550938094792,0.07362964819138465,"{""colsample_bytree"": 0.6232941123473028, ""learning_rate"": 0.04928814441571927, ""max_depth"": 4, ""min_child_weight"": 6, ""reg_lambda"": 0.8971967031962607, ""subsample"": 0.6250084980089092}"
2,4,37,1,0.23786697,0.2956683067966128,0.049719480530101036,"{""colsample_bytree"": 0.6232941123473028, ""learning_rate"": 0.04928814441571927, ""max_depth"": 4, ""min_child_weight"": 6, ""reg_lambda"": 0.8971967031962607, ""subsample"": 0.6250084980089092}"
2,4,47,1,0.7393297,0.5903612087549217,0.06618611998932945,"{""colsample_bytree"": 0.6232941123473028, ""learning_rate"": 0.04928814441571927, ""max_depth"": 4, ""min_child_weight"": 6, ""reg_lambda"": 0.8971967031962607, ""subsample"": 0.6250084980089092}"
2,4,52,0,0.77365506,0.6024010436039017,0.06694485852824343,"{""colsample_bytree"": 0.6232941123473028, ""learning_rate"": 0.04928814441571927, ""max_depth"": 4, ""min_child_weight"": 6, ""reg_lambda"": 0.8971967031962607, ""subsample"": 0.6250084980089092}"
2,4,53,0,0.12567818,0.26939823727307793,0.05798374101321687,"{""colsample_bytree"": 0.6232941123473028, ""learning_rate"": 0.04928814441571927, ""max_depth"": 4, ""min_child_weight"": 6, ""reg_lambda"": 0.8971967031962607, ""subsample"": 0.6250084980089092}"
2,4,57,1,0.7110291,0.5958210215988611,0.09358987036568318,"{""colsample_bytree"": 0.6232941123473028, ""learning_rate"": 0.04928814441571927, ""max_depth"": 4, ""min_child_weight"": 6, ""reg_lambda"": 0.8971967031962607, ""subsample"": 0.6250084980089092}"
2,4,66,0,0.43617663,0.3875300801240448,0.044084571675365364,"{""colsample_bytree"": 0.6232941123473028, ""learning_rate"": 0.04928814441571927, ""max_depth"": 4, ""min_child_weight"": 6, ""reg_lambda"": 0.8971967031962607, ""subsample"": 0.6250084980089092}"
2,4,70,0,0.22061267,0.3081600772367848,0.050433291400775536,"{""colsample_bytree"": 0.6232941123473028, ""learning_rate"": 0.04928814441571927, ""max_depth"": 4, ""min_child_weight"": 6, ""reg_lambda"": 0.8971967031962607, ""subsample"": 0.6250084980089092}"
2,4,77,1,0.68964326,0.5135425683184328,0.08169736284129778,"{""colsample_bytree"": 0.6232941123473028, ""learning_rate"": 0.04928814441571927, ""max_depth"": 4, ""min_child_weight"": 6, ""reg_lambda"": 0.8971967031962607, ""subsample"": 0.6250084980089092}"
2,4,79,0,0.27025217,0.29560220250047353,0.07856272518429741,"{""colsample_bytree"": 0.6232941123473028, ""learning_rate"": 0.04928814441571927, ""max_depth"": 4, ""min_child_weight"": 6, ""reg_lambda"": 0.8971967031962607, ""subsample"": 0.6250084980089092}"
2,4,90,1,0.35006994,0.4026020901167374,0.05073482803600784,"{""colsample_bytree"": 0.6232941123473028, ""learning_rate"": 0.04928814441571927, ""max_depth"": 4, ""min_child_weight"": 6, ""reg_lambda"": 0.8971967031962607, ""subsample"": 0.6250084980089092}"
2,4,94,0,0.24783394,0.31694580056386956,0.057519627828942814,"{""colsample_bytree"": 0.6232941123473028, ""learning_rate"": 0.04928814441571927, ""max_depth"": 4, ""min_child_weight"": 6, ""reg_lambda"": 0.8971967031962607, ""subsample"": 0.6250084980089092}"
2,4,95,1,0.5689448,0.41599696816493414,0.04264465570390555,"{""colsample_bytree"": 0.6232941123473028, ""learning_rate"": 0.04928814441571927, ""max_depth"": 4, ""min_child_weight"": 6, ""reg_lambda"": 0.8971967031962607, ""subsample"": 0.6250084980089092}"
2,4,103,1,0.39642015,0.4372603430348607,0.10254942896462989,"{""colsample_bytree"": 0.6232941123473028, ""learning_rate"": 0.04928814441571927, ""max_depth"": 4, ""min_child_weight"": 6, ""reg_lambda"": 0.8971967031962607, ""subsample"": 0.6250084980089092}"
2,4,124,0,0.19157359,0.30374728156081643,0.04410973283994077,"{""colsample_bytree"": 0.6232941123473028, ""learning_rate"": 0.04928814441571927, ""max_depth"": 4, ""min_child_weight"": 6, ""reg_lambda"": 0.8971967031962607, ""subsample"": 0.6250084980089092}"
2,4,126,0,0.48337948,0.48702009065108937,0.0625422909330388,"{""colsample_bytree"": 0.6232941123473028, ""learning_rate"": 0.04928814441571927, ""max_depth"": 4, ""min_child_weight"": 6, ""reg_lambda"": 0.8971967031962607, ""subsample"": 0.6250084980089092}"
2,4,140,0,0.18912318,0.2595790405830923,0.03960983687124708,"{""colsample_bytree"": 0.6232941123473028, ""learning_rate"": 0.04928814441571927, ""max_depth"": 4, ""min_child_weight"": 6, ""reg_lambda"": 0.8971967031962607, ""subsample"": 0.6250084980089092}"
2,4,142,1,0.16272373,0.24784303208256997,0.04757557928882139,"{""colsample_bytree"": 0.6232941123473028, ""learning_rate"": 0.04928814441571927, ""max_depth"": 4, ""min_child_weight"": 6, ""reg_lambda"": 0.8971967031962607, ""subsample"": 0.6250084980089092}"
2,4,143,0,0.07169716,0.22987649761963036,0.05284341911948367,"{""colsample_bytree"": 0.6232941123473028, ""learning_rate"": 0.04928814441571927, ""max_depth"": 4, ""min_child_weight"": 6, ""reg_lambda"": 0.8971967031962607, ""subsample"": 0.6250084980089092}"
2,4,147,1,0.13213019,0.2637625293304634,0.049533435707567214,"{""colsample_bytree"": 0.6232941123473028, ""learning_rate"": 0.04928814441571927, ""max_depth"": 4, ""min_child_weight"": 6, ""reg_lambda"": 0.8971967031962607, ""subsample"": 0.6250084980089092}"
2,4,150,0,0.31573364,0.3041915124473785,0.06337237129019799,"{""colsample_bytree"": 0.6232941123473028, ""learning_rate"": 0.04928814441571927, ""max_depth"": 4, ""min_child_weight"": 6, ""reg_lambda"": 0.8971967031962607, ""subsample"": 0.6250084980089092}"
2,4,164,1,0.9170719,0.6735732216289938,0.08185803296639534,"{""colsample_bytree"": 0.6232941123473028, ""learning_rate"": 0.04928814441571927, ""max_depth"": 4, ""min_child_weight"": 6, ""reg_lambda"": 0.8971967031962607, ""subsample"": 0.6250084980089092}"
2,4,167,1,0.17429547,0.3003520373389904,0.04496371589135079,"{""colsample_bytree"": 0.6232941123473028, ""learning_rate"": 0.04928814441571927, ""max_depth"": 4, ""min_child_weight"": 6, ""reg_lambda"": 0.8971967031962607, ""subsample"": 0.6250084980089092}"
2,4,168,0,0.12075149,0.2375970155474751,0.05809581551191483,"{""colsample_bytree"": 0.6232941123473028, ""learning_rate"": 0.04928814441571927, ""max_depth"": 4, ""min_child_weight"": 6, ""reg_lambda"": 0.8971967031962607, ""subsample"": 0.6250084980089092}"
2,4,173,1,0.6835604,0.5969140344315786,0.059798234186236914,"{""colsample_bytree"": 0.6232941123473028, ""learning_rate"": 0.04928814441571927, ""max_depth"": 4, ""min_child_weight"": 6, ""reg_lambda"": 0.8971967031962607, ""subsample"": 0.6250084980089092}"
2,4,178,1,0.5739741,0.45189173938021965,0.04449599920648208,"{""colsample_bytree"": 0.6232941123473028, ""learning_rate"": 0.04928814441571927, ""max_depth"": 4, ""min_child_weight"": 6, ""reg_lambda"": 0.8971967031962607, ""subsample"": 0.6250084980089092}"
2,4,179,0,0.37785453,0.36690711021945144,0.0763417683499684,"{""colsample_bytree"": 0.6232941123473028, ""learning_rate"": 0.04928814441571927, ""max_depth"": 4, ""min_child_weight"": 6, ""reg_lambda"": 0.8971967031962607, ""subsample"": 0.6250084980089092}"
2,4,186,0,0.35130623,0.4132826649823028,0.08327819493044744,"{""colsample_bytree"": 0.6232941123473028, ""learning_rate"": 0.04928814441571927, ""max_depth"": 4, ""min_child_weight"": 6, ""reg_lambda"": 0.8971967031962607, ""subsample"": 0.6250084980089092}"
2,4,192,0,0.056805596,0.2302266724758404,0.05354424151226774,"{""colsample_bytree"": 0.6232941123473028, ""learning_rate"": 0.04928814441571927, ""max_depth"": 4, ""min_child_weight"": 6, ""reg_lambda"": 0.8971967031962607, ""subsample"": 0.6250084980089092}"
2,4,193,0,0.13309728,0.2778881667209371,0.0449561346144798,"{""colsample_bytree"": 0.6232941123473028, ""learning_rate"": 0.04928814441571927, ""max_depth"": 4, ""min_child_weight"": 6, ""reg_lambda"": 0.8971967031962607, ""subsample"": 0.6250084980089092}"
2,4,194,0,0.06490179,0.23382310032565323,0.046077936019995845,"{""colsample_bytree"": 0.6232941123473028, ""learning_rate"": 0.04928814441571927, ""max_depth"": 4, ""min_child_weight"": 6, ""reg_lambda"": 0.8971967031962607, ""subsample"": 0.6250084980089092}"
2,4,217,0,0.20373352,0.2576846676620228,0.055066118419686824,"{""colsample_bytree"": 0.6232941123473028, ""learning_rate"": 0.04928814441571927, ""max_depth"": 4, ""min_child_weight"": 6, ""reg_lambda"": 0.8971967031962607, ""subsample"": 0.6250084980089092}"
2,4,222,1,0.8458127,0.6380940346156109,0.072078483449484,"{""colsample_bytree"": 0.6232941123473028, ""learning_rate"": 0.04928814441571927, ""max_depth"": 4, ""min_child_weight"": 6, ""reg_lambda"": 0.8971967031962607, ""subsample"": 0.6250084980089092}"
2,4,226,1,0.2597078,0.3178346580097349,0.035544901342027604,"{""colsample_bytree"": 0.6232941123473028, ""learning_rate"": 0.04928814441571927, ""max_depth"": 4, ""min_child_weight"": 6, ""reg_lambda"": 0.8971967031962607, ""subsample"": 0.6250084980089092}"
2,4,238,0,0.19752055,0.25705159930505783,0.05508851897482345,"{""colsample_bytree"": 0.6232941123473028, ""learning_rate"": 0.04928814441571927, ""max_depth"": 4, ""min_child_weight"": 6, ""reg_lambda"": 0.8971967031962607, ""subsample"": 0.6250084980089092}"
2,4,240,0,0.7855214,0.6045023547411781,0.12171950731894597,"{""colsample_bytree"": 0.6232941123473028, ""learning_rate"": 0.04928814441571927, ""max_depth"": 4, ""min_child_weight"": 6, ""reg_lambda"": 0.8971967031962607, ""subsample"": 0.6250084980089092}"
2,4,246,1,0.5959618,0.5090687597516743,0.0871728151486902,"{""colsample_bytree"": 0.6232941123473028, ""learning_rate"": 0.04928814441571927, ""max_depth"": 4, ""min_child_weight"": 6, ""reg_lambda"": 0.8971967031962607, ""subsample"": 0.6250084980089092}"
2,4,248,1,0.87155086,0.6394938227213359,0.09433012589722999,"{""colsample_bytree"": 0.6232941123473028, ""learning_rate"": 0.04928814441571927, ""max_depth"": 4, ""min_child_weight"": 6, ""reg_lambda"": 0.8971967031962607, ""subsample"": 0.6250084980089092}"
2,4,259,0,0.37466785,0.37456007350007464,0.05869999753144664,"{""colsample_bytree"": 0.6232941123473028, ""learning_rate"": 0.04928814441571927, ""max_depth"": 4, ""min_child_weight"": 6, ""reg_lambda"": 0.8971967031962607, ""subsample"": 0.6250084980089092}"
2,4,260,1,0.60425365,0.45542337592973414,0.04329810203253069,"{""colsample_bytree"": 0.6232941123473028, ""learning_rate"": 0.04928814441571927, ""max_depth"": 4, ""min_child_weight"": 6, ""reg_lambda"": 0.8971967031962607, ""subsample"": 0.6250084980089092}"
2,4,261,0,0.06414926,0.24526229195444155,0.06026120523242971,"{""colsample_bytree"": 0.6232941123473028, ""learning_rate"": 0.04928814441571927, ""max_depth"": 4, ""min_child_weight"": 6, ""reg_lambda"": 0.8971967031962607, ""subsample"": 0.6250084980089092}"
2,4,264,0,0.05834092,0.21684595439786886,0.05688669137208059,"{""colsample_bytree"": 0.6232941123473028, ""learning_rate"": 0.04928814441571927, ""max_depth"": 4, ""min_child_weight"": 6, ""reg_lambda"": 0.8971967031962607, ""subsample"": 0.6250084980089092}"
2,4,266,1,0.36502042,0.36477299157021753,0.0556378733615837,"{""colsample_bytree"": 0.6232941123473028, ""learning_rate"": 0.04928814441571927, ""max_depth"": 4, ""min_child_weight"": 6, ""reg_lambda"": 0.8971967031962607, ""subsample"": 0.6250084980089092}"
2,4,272,0,0.3680558,0.3717331362998738,0.05068711465220197,"{""colsample_bytree"": 0.6232941123473028, ""learning_rate"": 0.04928814441571927, ""max_depth"": 4, ""min_child_weight"": 6, ""reg_lambda"": 0.8971967031962607, ""subsample"": 0.6250084980089092}"
2,4,279,1,0.2740694,0.31897101303173364,0.027827796448497533,"{""colsample_bytree"": 0.6232941123473028, ""learning_rate"": 0.04928814441571927, ""max_depth"": 4, ""min_child_weight"": 6, ""reg_lambda"": 0.8971967031962607, ""subsample"": 0.6250084980089092}"
2,4,287,0,0.20833638,0.29858833372248317,0.06048104550190619,"{""colsample_bytree"": 0.6232941123473028, ""learning_rate"": 0.04928814441571927, ""max_depth"": 4, ""min_child_weight"": 6, ""reg_lambda"": 0.8971967031962607, ""subsample"": 0.6250084980089092}"
2,4,289,0,0.08136952,0.24477018692207406,0.058880490900773026,"{""colsample_bytree"": 0.6232941123473028, ""learning_rate"": 0.04928814441571927, ""max_depth"": 4, ""min_child_weight"": 6, ""reg_lambda"": 0.8971967031962607, ""subsample"": 0.6250084980089092}"
2,4,295,0,0.29224262,0.30854258387139233,0.05670396151471465,"{""colsample_bytree"": 0.6232941123473028, ""learning_rate"": 0.04928814441571927, ""max_depth"": 4, ""min_child_weight"": 6, ""reg_lambda"": 0.8971967031962607, ""subsample"": 0.6250084980089092}"
2,4,297,0,0.1214772,0.2652392587609322,0.03647758359627106,"{""colsample_bytree"": 0.6232941123473028, ""learning_rate"": 0.04928814441571927, ""max_depth"": 4, ""min_child_weight"": 6, ""reg_lambda"": 0.8971967031962607, ""subsample"": 0.6250084980089092}"
2,4,299,0,0.037597857,0.214899797633724,0.05921543145844869,"{""colsample_bytree"": 0.6232941123473028, ""learning_rate"": 0.04928814441571927, ""max_depth"": 4, ""min_child_weight"": 6, ""reg_lambda"": 0.8971967031962607, ""subsample"": 0.6250084980089092}"
2,4,301,0,0.1987547,0.28197851086835646,0.041312934183164125,"{""colsample_bytree"": 0.6232941123473028, ""learning_rate"": 0.04928814441571927, ""max_depth"": 4, ""min_child_weight"": 6, ""reg_lambda"": 0.8971967031962607, ""subsample"": 0.6250084980089092}"
3,0,5,1,0.57420176,0.5379951239047144,0.11255815343711027,"{""colsample_bytree"": 0.4775961560820825, ""learning_rate"": 0.1340360370872612, ""max_depth"": 2, ""min_child_weight"": 7, ""reg_lambda"": 0.1462037068988826, ""subsample"": 0.9884819456519569}"
3,0,13,0,0.36121672,0.3629186781056909,0.06805841284043343,"{""colsample_bytree"": 0.4775961560820825, ""learning_rate"": 0.1340360370872612, ""max_depth"": 2, ""min_child_weight"": 7, ""reg_lambda"": 0.1462037068988826, ""subsample"": 0.9884819456519569}"
3,0,14,0,0.12660097,0.3175770443221559,0.10857994526595476,"{""colsample_bytree"": 0.4775961560820825, ""learning_rate"": 0.1340360370872612, ""max_depth"": 2, ""min_child_weight"": 7, ""reg_lambda"": 0.1462037068988826, ""subsample"": 0.9884819456519569}"
3,0,17,0,0.17183393,0.25116128468712157,0.03783491972358921,"{""colsample_bytree"": 0.4775961560820825, ""learning_rate"": 0.1340360370872612, ""max_depth"": 2, ""min_child_weight"": 7, ""reg_lambda"": 0.1462037068988826, ""subsample"": 0.9884819456519569}"
3,0,22,1,0.519963,0.5743781556960472,0.06263401489011965,"{""colsample_bytree"": 0.4775961560820825, ""learning_rate"": 0.1340360370872612, ""max_depth"": 2, ""min_child_weight"": 7, ""reg_lambda"": 0.1462037068988826, ""subsample"": 0.9884819456519569}"
3,0,31,1,0.8692991,0.6699199481654327,0.12219486142825982,"{""colsample_bytree"": 0.4775961560820825, ""learning_rate"": 0.1340360370872612, ""max_depth"": 2, ""min_child_weight"": 7, ""reg_lambda"": 0.1462037068988826, ""subsample"": 0.9884819456519569}"
3,0,32,1,0.6645948,0.49254315030534085,0.06254250325314134,"{""colsample_bytree"": 0.4775961560820825, ""learning_rate"": 0.1340360370872612, ""max_depth"": 2, ""min_child_weight"": 7, ""reg_lambda"": 0.1462037068988826, ""subsample"": 0.9884819456519569}"
3,0,33,1,0.8581646,0.6193359505382747,0.1515216700868059,"{""colsample_bytree"": 0.4775961560820825, ""learning_rate"": 0.1340360370872612, ""max_depth"": 2, ""min_child_weight"": 7, ""reg_lambda"": 0.1462037068988826, ""subsample"": 0.9884819456519569}"
3,0,41,0,0.089673586,0.25527196486362164,0.033482255062964615,"{""colsample_bytree"": 0.4775961560820825, ""learning_rate"": 0.1340360370872612, ""max_depth"": 2, ""min_child_weight"": 7, ""reg_lambda"": 0.1462037068988826, ""subsample"": 0.9884819456519569}"
3,0,46,1,0.043321665,0.2560614516793406,0.043556405499305034,"{""colsample_bytree"": 0.4775961560820825, ""learning_rate"": 0.1340360370872612, ""max_depth"": 2, ""min_child_weight"": 7, ""reg_lambda"": 0.1462037068988826, ""subsample"": 0.9884819456519569}"
3,0,62,0,0.252239,0.337765404632545,0.04569786438012501,"{""colsample_bytree"": 0.4775961560820825, ""learning_rate"": 0.1340360370872612, ""max_depth"": 2, ""min_child_weight"": 7, ""reg_lambda"": 0.1462037068988826, ""subsample"": 0.9884819456519569}"
3,0,71,1,0.8142165,0.6229574100280367,0.10390214558869425,"{""colsample_bytree"": 0.4775961560820825, ""learning_rate"": 0.1340360370872612, ""max_depth"": 2, ""min_child_weight"": 7, ""reg_lambda"": 0.1462037068988826, ""subsample"": 0.9884819456519569}"
3,0,86,1,0.25742617,0.4045165954163698,0.02944192092734371,"{""colsample_bytree"": 0.4775961560820825, ""learning_rate"": 0.1340360370872612, ""max_depth"": 2, ""min_child_weight"": 7, ""reg_lambda"": 0.1462037068988826, ""subsample"": 0.9884819456519569}"
3,0,87,1,0.54605585,0.4946759839058659,0.06208738879372651,"{""colsample_bytree"": 0.4775961560820825, ""learning_rate"": 0.1340360370872612, ""max_depth"": 2, ""min_child_weight"": 7, ""reg_lambda"": 0.1462037068988826, ""subsample"": 0.9884819456519569}"
3,0,91,0,0.32090175,0.31979914077013993,0.05575913203458049,"{""colsample_bytree"": 0.4775961560820825, ""learning_rate"": 0.1340360370872612, ""max_depth"": 2, ""min_child_weight"": 7, ""reg_lambda"": 0.1462037068988826, ""subsample"": 0.9884819456519569}"
3,0,92,1,0.8382389,0.6754419056417492,0.12947338878011666,"{""colsample_bytree"": 0.4775961560820825, ""learning_rate"": 0.1340360370872612, ""max_depth"": 2, ""min_child_weight"": 7, ""reg_lambda"": 0.1462037068988826, ""subsample"": 0.9884819456519569}"
3,0,95,1,0.6819394,0.5795817315383516,0.1271813868040315,"{""colsample_bytree"": 0.4775961560820825, ""learning_rate"": 0.1340360370872612, ""max_depth"": 2, ""min_child_weight"": 7, ""reg_lambda"": 0.1462037068988826, ""subsample"": 0.9884819456519569}"
3,0,105,0,0.021434521,0.23434914938880858,0.04921683119595917,"{""colsample_bytree"": 0.4775961560820825, ""learning_rate"": 0.1340360370872612, ""max_depth"": 2, ""min_child_weight"": 7, ""reg_lambda"": 0.1462037068988826, ""subsample"": 0.9884819456519569}"
3,0,114,1,0.90531296,0.6920207244530969,0.13634957221585986,"{""colsample_bytree"": 0.4775961560820825, ""learning_rate"": 0.1340360370872612, ""max_depth"": 2, ""min_child_weight"": 7, ""reg_lambda"": 0.1462037068988826, ""subsample"": 0.9884819456519569}"
3,0,123,1,0.5035332,0.4326523613514758,0.1356691407247354,"{""colsample_bytree"": 0.4775961560820825, ""learning_rate"": 0.1340360370872612, ""max_depth"": 2, ""min_child_weight"": 7, ""reg_lambda"": 0.1462037068988826, ""subsample"": 0.9884819456519569}"
3,0,131,0,0.23424375,0.3572481095546518,0.05283259802654108,"{""colsample_bytree"": 0.4775961560820825, ""learning_rate"": 0.1340360370872612, ""max_depth"": 2, ""min_child_weight"": 7, ""reg_lambda"": 0.1462037068988826, ""subsample"": 0.9884819456519569}"
3,0,137,0,0.11988562,0.26502132137483597,0.03315226013495142,"{""colsample_bytree"": 0.4775961560820825, ""learning_rate"": 0.1340360370872612, ""max_depth"": 2, ""min_child_weight"": 7, ""reg_lambda"": 0.1462037068988826, ""subsample"": 0.9884819456519569}"
3,0,149,1,0.24168956,0.3213805831877835,0.03543660730272758,"{""colsample_bytree"": 0.4775961560820825, ""learning_rate"": 0.1340360370872612, ""max_depth"": 2, ""min_child_weight"": 7, ""reg_lambda"": 0.1462037068988826, ""subsample"": 0.9884819456519569}"
3,0,156,1,0.32382295,0.36500126264375365,0.08908890203848602,"{""colsample_bytree"": 0.4775961560820825, ""learning_rate"": 0.1340360370872612, ""max_depth"": 2, ""min_child_weight"": 7, ""reg_lambda"": 0.1462037068988826, ""subsample"": 0.9884819456519569}"
3,0,166,0,0.017104018,0.22919659384345664,0.04818264217951312,"{""colsample_bytree"": 0.4775961560820825, ""learning_rate"": 0.1340360370872612, ""max_depth"": 2, ""min_child_weight"": 7, ""reg_lambda"": 0.1462037068988826, ""subsample"": 0.9884819456519569}"
3,0,169,0,0.059591725,0.2636042248671475,0.050001884643046314,"{""colsample_bytree"": 0.4775961560820825, ""learning_rate"": 0.1340360370872612, ""max_depth"": 2, ""min_child_weight"": 7, ""reg_lambda"": 0.1462037068988826, ""subsample"": 0.9884819456519569}"
3,0,170,0,0.02505436,0.22461383672330273,0.046442248896199495,"{""colsample_bytree"": 0.4775961560820825, ""learning_rate"": 0.1340360370872612, ""max_depth"": 2, ""min_child_weight"": 7, ""reg_lambda"": 0.1462037068988826, ""subsample"": 0.9884819456519569}"
3,0,172,0,0.13793452,0.3371181866615197,0.07339196920108898,"{""colsample_bytree"": 0.4775961560820825, ""learning_rate"": 0.1340360370872612, ""max_depth"": 2, ""min_child_weight"": 7, ""reg_lambda"": 0.1462037068988826, ""subsample"": 0.9884819456519569}"
3,0,175,0,0.49990562,0.4609147790018079,0.14627567764587213,"{""colsample_bytree"": 0.4775961560820825, ""learning_rate"": 0.1340360370872612, ""max_depth"": 2, ""min_child_weight"": 7, ""reg_lambda"": 0.1462037068988826, ""subsample"": 0.9884819456519569}"
3,0,177,1,0.2977628,0.307041478019409,0.08181489281837262,"{""colsample_bytree"": 0.4775961560820825, ""learning_rate"": 0.1340360370872612, ""max_depth"": 2, ""min_child_weight"": 7, ""reg_lambda"": 0.1462037068988826, ""subsample"": 0.9884819456519569}"
3,0,184,1,0.21182567,0.32704139339909705,0.058974307005622444,"{""colsample_bytree"": 0.4775961560820825, ""learning_rate"": 0.1340360370872612, ""max_depth"": 2, ""min_child_weight"": 7, ""reg_lambda"": 0.1462037068988826, ""subsample"": 0.9884819456519569}"
3,0,190,0,0.07765431,0.24864878004578644,0.04698776062902838,"{""colsample_bytree"": 0.4775961560820825, ""learning_rate"": 0.1340360370872612, ""max_depth"": 2, ""min_child_weight"": 7, ""reg_lambda"": 0.1462037068988826, ""subsample"": 0.9884819456519569}"
3,0,193,0,0.047551632,0.23383237368522408,0.043230468643746474,"{""colsample_bytree"": 0.4775961560820825, ""learning_rate"": 0.1340360370872612, ""max_depth"": 2, ""min_child_weight"": 7, ""reg_lambda"": 0.1462037068988826, ""subsample"": 0.9884819456519569}"
3,0,194,0,0.27771923,0.3008218894986404,0.08237131343694143,"{""colsample_bytree"": 0.4775961560820825, ""learning_rate"": 0.1340360370872612, ""max_depth"": 2, ""min_child_weight"": 7, ""reg_lambda"": 0.1462037068988826, ""subsample"": 0.9884819456519569}"
3,0,195,0,0.5658637,0.5711414454486848,0.15517752326117912,"{""colsample_bytree"": 0.4775961560820825, ""learning_rate"": 0.1340360370872612, ""max_depth"": 2, ""min_child_weight"": 7, ""reg_lambda"": 0.1462037068988826, ""subsample"": 0.9884819456519569}"
3,0,200,0,0.20086862,0.3700468083244435,0.057274466795980424,"{""colsample_bytree"": 0.4775961560820825, ""learning_rate"": 0.1340360370872612, ""max_depth"": 2, ""min_child_weight"": 7, ""reg_lambda"": 0.1462037068988826, ""subsample"": 0.9884819456519569}"
3,0,205,0,0.09384408,0.2520164211678858,0.04176807362997757,"{""colsample_bytree"": 0.4775961560820825, ""learning_rate"": 0.1340360370872612, ""max_depth"": 2, ""min_child_weight"": 7, ""reg_lambda"": 0.1462037068988826, ""subsample"": 0.9884819456519569}"
3,0,207,0,0.3799869,0.3507634604424954,0.03776451125968664,"{""colsample_bytree"": 0.4775961560820825, ""learning_rate"": 0.1340360370872612, ""max_depth"": 2, ""min_child_weight"": 7, ""reg_lambda"": 0.1462037068988826, ""subsample"": 0.9884819456519569}"
3,0,210,0,0.22275116,0.2931117252690831,0.045785918560881565,"{""colsample_bytree"": 0.4775961560820825, ""learning_rate"": 0.1340360370872612, ""max_depth"": 2, ""min_child_weight"": 7, ""reg_lambda"": 0.1462037068988826, ""subsample"": 0.9884819456519569}"
3,0,212,0,0.006165888,0.22097040639760243,0.04670472966192123,"{""colsample_bytree"": 0.4775961560820825, ""learning_rate"": 0.1340360370872612, ""max_depth"": 2, ""min_child_weight"": 7, ""reg_lambda"": 0.1462037068988826, ""subsample"": 0.9884819456519569}"
3,0,214,0,0.4636948,0.4566139850589711,0.06488675962144455,"{""colsample_bytree"": 0.4775961560820825, ""learning_rate"": 0.1340360370872612, ""max_depth"": 2, ""min_child_weight"": 7, ""reg_lambda"": 0.1462037068988826, ""subsample"": 0.9884819456519569}"
3,0,216,0,0.35521257,0.39817469553512785,0.12981920471954092,"{""colsample_bytree"": 0.4775961560820825, ""learning_rate"": 0.1340360370872612, ""max_depth"": 2, ""min_child_weight"": 7, ""reg_lambda"": 0.1462037068988826, ""subsample"": 0.9884819456519569}"
3,0,221,1,0.3104977,0.3959408718088343,0.08224304827427163,"{""colsample_bytree"": 0.4775961560820825, ""learning_rate"": 0.1340360370872612, ""max_depth"": 2, ""min_child_weight"": 7, ""reg_lambda"": 0.1462037068988826, ""subsample"": 0.9884819456519569}"
3,0,223,1,0.03744728,0.25774596877030687,0.03730169380401797,"{""colsample_bytree"": 0.4775961560820825, ""learning_rate"": 0.1340360370872612, ""max_depth"": 2, ""min_child_weight"": 7, ""reg_lambda"": 0.1462037068988826, ""subsample"": 0.9884819456519569}"
3,0,224,0,0.12994096,0.3095828619585708,0.05174023178399118,"{""colsample_bytree"": 0.4775961560820825, ""learning_rate"": 0.1340360370872612, ""max_depth"": 2, ""min_child_weight"": 7, ""reg_lambda"": 0.1462037068988826, ""subsample"": 0.9884819456519569}"
3,0,232,1,0.10547091,0.2684989323091723,0.03213851844945631,"{""colsample_bytree"": 0.4775961560820825, ""learning_rate"": 0.1340360370872612, ""max_depth"": 2, ""min_child_weight"": 7, ""reg_lambda"": 0.1462037068988826, ""subsample"": 0.9884819456519569}"
3,0,236,1,0.3348,0.3367891694224076,0.0416460499627235,"{""colsample_bytree"": 0.4775961560820825, ""learning_rate"": 0.1340360370872612, ""max_depth"": 2, ""min_child_weight"": 7, ""reg_lambda"": 0.1462037068988826, ""subsample"": 0.9884819456519569}"
3,0,246,1,0.28725335,0.3663696357965856,0.0359935511037563,"{""colsample_bytree"": 0.4775961560820825, ""learning_rate"": 0.1340360370872612, ""max_depth"": 2, ""min_child_weight"": 7, ""reg_lambda"": 0.1462037068988826, ""subsample"": 0.9884819456519569}"
3,0,248,1,0.94806176,0.7021781367708338,0.1300151985107917,"{""colsample_bytree"": 0.4775961560820825, ""learning_rate"": 0.1340360370872612, ""max_depth"": 2, ""min_child_weight"": 7, ""reg_lambda"": 0.1462037068988826, ""subsample"": 0.9884819456519569}"
3,0,253,0,0.5375577,0.36818294678929375,0.09187440771471517,"{""colsample_bytree"": 0.4775961560820825, ""learning_rate"": 0.1340360370872612, ""max_depth"": 2, ""min_child_weight"": 7, ""reg_lambda"": 0.1462037068988826, ""subsample"": 0.9884819456519569}"
3,0,255,0,0.092001066,0.2532115449138792,0.048183786899962756,"{""colsample_bytree"": 0.4775961560820825, ""learning_rate"": 0.1340360370872612, ""max_depth"": 2, ""min_child_weight"": 7, ""reg_lambda"": 0.1462037068988826, ""subsample"": 0.9884819456519569}"
3,0,268,0,0.012357522,0.22258777747042005,0.051214713121919685,"{""colsample_bytree"": 0.4775961560820825, ""learning_rate"": 0.1340360370872612, ""max_depth"": 2, ""min_child_weight"": 7, ""reg_lambda"": 0.1462037068988826, ""subsample"": 0.9884819456519569}"
3,0,271,0,0.8088714,0.6385023099702432,0.13277058419981022,"{""colsample_bytree"": 0.4775961560820825, ""learning_rate"": 0.1340360370872612, ""max_depth"": 2, ""min_child_weight"": 7, ""reg_lambda"": 0.1462037068988826, ""subsample"": 0.9884819456519569}"
3,0,274,0,0.35317123,0.4478873352300502,0.08086212753109906,"{""colsample_bytree"": 0.4775961560820825, ""learning_rate"": 0.1340360370872612, ""max_depth"": 2, ""min_child_weight"": 7, ""reg_lambda"": 0.1462037068988826, ""subsample"": 0.9884819456519569}"
3,0,280,0,0.20405647,0.2956821000002693,0.061965366807823816,"{""colsample_bytree"": 0.4775961560820825, ""learning_rate"": 0.1340360370872612, ""max_depth"": 2, ""min_child_weight"": 7, ""reg_lambda"": 0.1462037068988826, ""subsample"": 0.9884819456519569}"
3,0,282,0,0.7464205,0.45428455248591904,0.06523305498606431,"{""colsample_bytree"": 0.4775961560820825, ""learning_rate"": 0.1340360370872612, ""max_depth"": 2, ""min_child_weight"": 7, ""reg_lambda"": 0.1462037068988826, ""subsample"": 0.9884819456519569}"
3,0,288,1,0.04372147,0.2401331748321188,0.04382955608553329,"{""colsample_bytree"": 0.4775961560820825, ""learning_rate"": 0.1340360370872612, ""max_depth"": 2, ""min_child_weight"": 7, ""reg_lambda"": 0.1462037068988826, ""subsample"": 0.9884819456519569}"
3,0,289,0,0.008533443,0.2245341789058195,0.04768399022620205,"{""colsample_bytree"": 0.4775961560820825, ""learning_rate"": 0.1340360370872612, ""max_depth"": 2, ""min_child_weight"": 7, ""reg_lambda"": 0.1462037068988826, ""subsample"": 0.9884819456519569}"
3,0,291,0,0.034539193,0.23369878020010265,0.05475572325927965,"{""colsample_bytree"": 0.4775961560820825, ""learning_rate"": 0.1340360370872612, ""max_depth"": 2, ""min_child_weight"": 7, ""reg_lambda"": 0.1462037068988826, ""subsample"": 0.9884819456519569}"
3,0,301,0,0.06946309,0.2468835762778871,0.04148288396260967,"{""colsample_bytree"": 0.4775961560820825, ""learning_rate"": 0.1340360370872612, ""max_depth"": 2, ""min_child_weight"": 7, ""reg_lambda"": 0.1462037068988826, ""subsample"": 0.9884819456519569}"
3,0,302,0,0.21736294,0.28086969134898904,0.04366849473978209,"{""colsample_bytree"": 0.4775961560820825, ""learning_rate"": 0.1340360370872612, ""max_depth"": 2, ""min_child_weight"": 7, ""reg_lambda"": 0.1462037068988826, ""subsample"": 0.9884819456519569}"
3,1,8,0,0.051996116,0.19255016674787,0.07142643446726725,"{""colsample_bytree"": 0.6190633498136163, ""learning_rate"": 0.04639656715287094, ""max_depth"": 4, ""min_child_weight"": 6, ""reg_lambda"": 0.14928241202964537, ""subsample"": 0.8287046329310883}"
3,1,21,1,0.31757858,0.4221665445411865,0.07267321278486852,"{""colsample_bytree"": 0.6190633498136163, ""learning_rate"": 0.04639656715287094, ""max_depth"": 4, ""min_child_weight"": 6, ""reg_lambda"": 0.14928241202964537, ""subsample"": 0.8287046329310883}"
3,1,25,0,0.8379352,0.7032273056342822,0.08367105190183016,"{""colsample_bytree"": 0.6190633498136163, ""learning_rate"": 0.04639656715287094, ""max_depth"": 4, ""min_child_weight"": 6, ""reg_lambda"": 0.14928241202964537, ""subsample"": 0.8287046329310883}"
3,1,30,0,0.5918473,0.5371989562025135,0.10257774790405041,"{""colsample_bytree"": 0.6190633498136163, ""learning_rate"": 0.04639656715287094, ""max_depth"": 4, ""min_child_weight"": 6, ""reg_lambda"": 0.14928241202964537, ""subsample"": 0.8287046329310883}"
3,1,34,0,0.14174452,0.23539505146846343,0.07055740278249523,"{""colsample_bytree"": 0.6190633498136163, ""learning_rate"": 0.04639656715287094, ""max_depth"": 4, ""min_child_weight"": 6, ""reg_lambda"": 0.14928241202964537, ""subsample"": 0.8287046329310883}"
3,1,35,0,0.061836187,0.22184591732603282,0.060423853831763984,"{""colsample_bytree"": 0.6190633498136163, ""learning_rate"": 0.04639656715287094, ""max_depth"": 4, ""min_child_weight"": 6, ""reg_lambda"": 0.14928241202964537, ""subsample"": 0.8287046329310883}"
3,1,38,0,0.41010174,0.34657422265265586,0.09234988621197292,"{""colsample_bytree"": 0.6190633498136163, ""learning_rate"": 0.04639656715287094, ""max_depth"": 4, ""min_child_weight"": 6, ""reg_lambda"": 0.14928241202964537, ""subsample"": 0.8287046329310883}"
3,1,39,1,0.6214055,0.5181267359903549,0.05235629596917409,"{""colsample_bytree"": 0.6190633498136163, ""learning_rate"": 0.04639656715287094, ""max_depth"": 4, ""min_child_weight"": 6, ""reg_lambda"": 0.14928241202964537, ""subsample"": 0.8287046329310883}"
3,1,40,0,0.4785393,0.3762117753734703,0.0805868280393437,"{""colsample_bytree"": 0.6190633498136163, ""learning_rate"": 0.04639656715287094, ""max_depth"": 4, ""min_child_weight"": 6, ""reg_lambda"": 0.14928241202964537, ""subsample"": 0.8287046329310883}"
3,1,47,1,0.6708237,0.5898662915536131,0.06491002967754737,"{""colsample_bytree"": 0.6190633498136163, ""learning_rate"": 0.04639656715287094, ""max_depth"": 4, ""min_child_weight"": 6, ""reg_lambda"": 0.14928241202964537, ""subsample"": 0.8287046329310883}"
3,1,50,1,0.6766612,0.5240909293708682,0.08418583930051916,"{""colsample_bytree"": 0.6190633498136163, ""learning_rate"": 0.04639656715287094, ""max_depth"": 4, ""min_child_weight"": 6, ""reg_lambda"": 0.14928241202964537, ""subsample"": 0.8287046329310883}"
3,1,57,1,0.6544295,0.6040678251244742,0.08731593765030111,"{""colsample_bytree"": 0.6190633498136163, ""learning_rate"": 0.04639656715287094, ""max_depth"": 4, ""min_child_weight"": 6, ""reg_lambda"": 0.14928241202964537, ""subsample"": 0.8287046329310883}"
3,1,61,0,0.2536481,0.26698271813264235,0.05461841493099028,"{""colsample_bytree"": 0.6190633498136163, ""learning_rate"": 0.04639656715287094, ""max_depth"": 4, ""min_child_weight"": 6, ""reg_lambda"": 0.14928241202964537, ""subsample"": 0.8287046329310883}"
3,1,65,1,0.1608321,0.24882875075663757,0.046163549109252834,"{""colsample_bytree"": 0.6190633498136163, ""learning_rate"": 0.04639656715287094, ""max_depth"": 4, ""min_child_weight"": 6, ""reg_lambda"": 0.14928241202964537, ""subsample"": 0.8287046329310883}"
3,1,72,0,0.29744655,0.30610053244315044,0.03050478037330983,"{""colsample_bytree"": 0.6190633498136163, ""learning_rate"": 0.04639656715287094, ""max_depth"": 4, ""min_child_weight"": 6, ""reg_lambda"": 0.14928241202964537, ""subsample"": 0.8287046329310883}"
3,1,76,0,0.6535606,0.5376936288006222,0.056408810334207,"{""colsample_bytree"": 0.6190633498136163, ""learning_rate"": 0.04639656715287094, ""max_depth"": 4, ""min_child_weight"": 6, ""reg_lambda"": 0.14928241202964537, ""subsample"": 0.8287046329310883}"
3,1,77,1,0.7628809,0.5758702268921937,0.06884142586345697,"{""colsample_bytree"": 0.6190633498136163, ""learning_rate"": 0.04639656715287094, ""max_depth"": 4, ""min_child_weight"": 6, ""reg_lambda"": 0.14928241202964537, ""subsample"": 0.8287046329310883}"
3,1,88,1,0.5975158,0.5902364766821253,0.06146053015951643,"{""colsample_bytree"": 0.6190633498136163, ""learning_rate"": 0.04639656715287094, ""max_depth"": 4, ""min_child_weight"": 6, ""reg_lambda"": 0.14928241202964537, ""subsample"": 0.8287046329310883}"
3,1,89,1,0.43968424,0.4494741460094872,0.12748124089624618,"{""colsample_bytree"": 0.6190633498136163, ""learning_rate"": 0.04639656715287094, ""max_depth"": 4, ""min_child_weight"": 6, ""reg_lambda"": 0.14928241202964537, ""subsample"": 0.8287046329310883}"
3,1,93,0,0.90845007,0.7184896673383736,0.08264132901156301,"{""colsample_bytree"": 0.6190633498136163, ""learning_rate"": 0.04639656715287094, ""max_depth"": 4, ""min_child_weight"": 6, ""reg_lambda"": 0.14928241202964537, ""subsample"": 0.8287046329310883}"
3,1,94,0,0.30597806,0.34261239968551555,0.027859568395386617,"{""colsample_bytree"": 0.6190633498136163, ""learning_rate"": 0.04639656715287094, ""max_depth"": 4, ""min_child_weight"": 6, ""reg_lambda"": 0.14928241202964537, ""subsample"": 0.8287046329310883}"
3,1,99,0,0.09960803,0.22460163978178974,0.06231065744355986,"{""colsample_bytree"": 0.6190633498136163, ""learning_rate"": 0.04639656715287094, ""max_depth"": 4, ""min_child_weight"": 6, ""reg_lambda"": 0.14928241202964537, ""subsample"": 0.8287046329310883}"
3,1,103,1,0.57621497,0.49617794786818614,0.07634388230289046,"{""colsample_bytree"": 0.6190633498136163, ""learning_rate"": 0.04639656715287094, ""max_depth"": 4, ""min_child_weight"": 6, ""reg_lambda"": 0.14928241202964537, ""subsample"": 0.8287046329310883}"
3,1,106,0,0.79492176,0.6825684748786127,0.10821702256462476,"{""colsample_bytree"": 0.6190633498136163, ""learning_rate"": 0.04639656715287094, ""max_depth"": 4, ""min_child_weight"": 6, ""reg_lambda"": 0.14928241202964537, ""subsample"": 0.8287046329310883}"
3,1,107,1,0.47603068,0.39917580592941526,0.036359303653760174,"{""colsample_bytree"": 0.6190633498136163, ""learning_rate"": 0.04639656715287094, ""max_depth"": 4, ""min_child_weight"": 6, ""reg_lambda"": 0.14928241202964537, ""subsample"": 0.8287046329310883}"
3,1,113,0,0.01937727,0.1840393728567012,0.06934359694976854,"{""colsample_bytree"": 0.6190633498136163, ""learning_rate"": 0.04639656715287094, ""max_depth"": 4, ""min_child_weight"": 6, ""reg_lambda"": 0.14928241202964537, ""subsample"": 0.8287046329310883}"
3,1,132,0,0.7721582,0.6410262163358581,0.09689309710977026,"{""colsample_bytree"": 0.6190633498136163, ""learning_rate"": 0.04639656715287094, ""max_depth"": 4, ""min_child_weight"": 6, ""reg_lambda"": 0.14928241202964537, ""subsample"": 0.8287046329310883}"
3,1,135,0,0.2999951,0.36048651624831696,0.06642162405338156,"{""colsample_bytree"": 0.6190633498136163, ""learning_rate"": 0.04639656715287094, ""max_depth"": 4, ""min_child_weight"": 6, ""reg_lambda"": 0.14928241202964537, ""subsample"": 0.8287046329310883}"
3,1,160,0,0.32647443,0.3937488257541547,0.07013579491940305,"{""colsample_bytree"": 0.6190633498136163, ""learning_rate"": 0.04639656715287094, ""max_depth"": 4, ""min_child_weight"": 6, ""reg_lambda"": 0.14928241202964537, ""subsample"": 0.8287046329310883}"
3,1,162,0,0.31955555,0.3746331790097123,0.06873111558932991,"{""colsample_bytree"": 0.6190633498136163, ""learning_rate"": 0.04639656715287094, ""max_depth"": 4, ""min_child_weight"": 6, ""reg_lambda"": 0.14928241202964537, ""subsample"": 0.8287046329310883}"
3,1,163,1,0.5354793,0.487107329238165,0.07004320938796277,"{""colsample_bytree"": 0.6190633498136163, ""learning_rate"": 0.04639656715287094, ""max_depth"": 4, ""min_child_weight"": 6, ""reg_lambda"": 0.14928241202964537, ""subsample"": 0.8287046329310883}"
3,1,164,1,0.86952883,0.7330791077998746,0.0846950511224645,"{""colsample_bytree"": 0.6190633498136163, ""learning_rate"": 0.04639656715287094, ""max_depth"": 4, ""min_child_weight"": 6, ""reg_lambda"": 0.14928241202964537, ""subsample"": 0.8287046329310883}"
3,1,165,0,0.6691094,0.5926501960894068,0.10964257444914162,"{""colsample_bytree"": 0.6190633498136163, ""learning_rate"": 0.04639656715287094, ""max_depth"": 4, ""min_child_weight"": 6, ""reg_lambda"": 0.14928241202964537, ""subsample"": 0.8287046329310883}"
3,1,173,1,0.8098116,0.6948611698416763,0.10009353642293306,"{""colsample_bytree"": 0.6190633498136163, ""learning_rate"": 0.04639656715287094, ""max_depth"": 4, ""min_child_weight"": 6, ""reg_lambda"": 0.14928241202964537, ""subsample"": 0.8287046329310883}"
3,1,176,0,0.073691025,0.21091259793446535,0.07787072981647186,"{""colsample_bytree"": 0.6190633498136163, ""learning_rate"": 0.04639656715287094, ""max_depth"": 4, ""min_child_weight"": 6, ""reg_lambda"": 0.14928241202964537, ""subsample"": 0.8287046329310883}"
3,1,178,1,0.7750325,0.6267493551987035,0.10085843882205003,"{""colsample_bytree"": 0.6190633498136163, ""learning_rate"": 0.04639656715287094, ""max_depth"": 4, ""min_child_weight"": 6, ""reg_lambda"": 0.14928241202964537, ""subsample"": 0.8287046329310883}"
3,1,179,0,0.31323695,0.4563047293449971,0.0640982467196713,"{""colsample_bytree"": 0.6190633498136163, ""learning_rate"": 0.04639656715287094, ""max_depth"": 4, ""min_child_weight"": 6, ""reg_lambda"": 0.14928241202964537, ""subsample"": 0.8287046329310883}"
3,1,180,0,0.18524785,0.2670845229140954,0.08501382233756541,"{""colsample_bytree"": 0.6190633498136163, ""learning_rate"": 0.04639656715287094, ""max_depth"": 4, ""min_child_weight"": 6, ""reg_lambda"": 0.14928241202964537, ""subsample"": 0.8287046329310883}"
3,1,182,1,0.372506,0.40524072140438844,0.06573369679840166,"{""colsample_bytree"": 0.6190633498136163, ""learning_rate"": 0.04639656715287094, ""max_depth"": 4, ""min_child_weight"": 6, ""reg_lambda"": 0.14928241202964537, ""subsample"": 0.8287046329310883}"
3,1,196,0,0.21313049,0.2520792341245977,0.07910039929216565,"{""colsample_bytree"": 0.6190633498136163, ""learning_rate"": 0.04639656715287094, ""max_depth"": 4, ""min_child_weight"": 6, ""reg_lambda"": 0.14928241202964537, ""subsample"": 0.8287046329310883}"
3,1,208,0,0.19098446,0.28065846988128296,0.05302693548113462,"{""colsample_bytree"": 0.6190633498136163, ""learning_rate"": 0.04639656715287094, ""max_depth"": 4, ""min_child_weight"": 6, ""reg_lambda"": 0.14928241202964537, ""subsample"": 0.8287046329310883}"
3,1,213,0,0.7562451,0.629968852874292,0.10621599523553953,"{""colsample_bytree"": 0.6190633498136163, ""learning_rate"": 0.04639656715287094, ""max_depth"": 4, ""min_child_weight"": 6, ""reg_lambda"": 0.14928241202964537, ""subsample"": 0.8287046329310883}"
3,1,226,1,0.2523397,0.32361742181081954,0.050195261783188894,"{""colsample_bytree"": 0.6190633498136163, ""learning_rate"": 0.04639656715287094, ""max_depth"": 4, ""min_child_weight"": 6, ""reg_lambda"": 0.14928241202964537, ""subsample"": 0.8287046329310883}"
3,1,229,1,0.2586375,0.31395596834710493,0.052888268712325624,"{""colsample_bytree"": 0.6190633498136163, ""learning_rate"": 0.04639656715287094, ""max_depth"": 4, ""min_child_weight"": 6, ""reg_lambda"": 0.14928241202964537, ""subsample"": 0.8287046329310883}"
3,1,231,0,0.26639012,0.32732206821865983,0.03886911805640234,"{""colsample_bytree"": 0.6190633498136163, ""learning_rate"": 0.04639656715287094, ""max_depth"": 4, ""min_child_weight"": 6, ""reg_lambda"": 0.14928241202964537, ""subsample"": 0.8287046329310883}"
3,1,241,1,0.52798307,0.48514236843359787,0.06671744689775673,"{""colsample_bytree"": 0.6190633498136163, ""learning_rate"": 0.04639656715287094, ""max_depth"": 4, ""min_child_weight"": 6, ""reg_lambda"": 0.14928241202964537, ""subsample"": 0.8287046329310883}"
3,1,251,0,0.055581193,0.19874070562584029,0.06787104951494137,"{""colsample_bytree"": 0.6190633498136163, ""learning_rate"": 0.04639656715287094, ""max_depth"": 4, ""min_child_weight"": 6, ""reg_lambda"": 0.14928241202964537, ""subsample"": 0.8287046329310883}"
3,1,254,0,0.23855382,0.3002796413263476,0.06126366675332737,"{""colsample_bytree"": 0.6190633498136163, ""learning_rate"": 0.04639656715287094, ""max_depth"": 4, ""min_child_weight"": 6, ""reg_lambda"": 0.14928241202964537, ""subsample"": 0.8287046329310883}"
3,1,258,0,0.48123592,0.45794563405900224,0.08712165124062006,"{""colsample_bytree"": 0.6190633498136163, ""learning_rate"": 0.04639656715287094, ""max_depth"": 4, ""min_child_weight"": 6, ""reg_lambda"": 0.14928241202964537, ""subsample"": 0.8287046329310883}"
3,1,262,0,0.3850147,0.3751704486089035,0.06191462378011638,"{""colsample_bytree"": 0.6190633498136163, ""learning_rate"": 0.04639656715287094, ""max_depth"": 4, ""min_child_weight"": 6, ""reg_lambda"": 0.14928241202964537, ""subsample"": 0.8287046329310883}"
3,1,265,1,0.3074492,0.36305395968003007,0.07956004306681477,"{""colsample_bytree"": 0.6190633498136163, ""learning_rate"": 0.04639656715287094, ""max_depth"": 4, ""min_child_weight"": 6, ""reg_lambda"": 0.14928241202964537, ""subsample"": 0.8287046329310883}"
3,1,266,1,0.30409387,0.3871148770671182,0.09179323244924442,"{""colsample_bytree"": 0.6190633498136163, ""learning_rate"": 0.04639656715287094, ""max_depth"": 4, ""min_child_weight"": 6, ""reg_lambda"": 0.14928241202964537, ""subsample"": 0.8287046329310883}"
3,1,270,0,0.022963148,0.18166814297045208,0.06920650756684792,"{""colsample_bytree"": 0.6190633498136163, ""learning_rate"": 0.04639656715287094, ""max_depth"": 4, ""min_child_weight"": 6, ""reg_lambda"": 0.14928241202964537, ""subsample"": 0.8287046329310883}"
3,1,273,1,0.78315645,0.6694849149206038,0.10719914373867398,"{""colsample_bytree"": 0.6190633498136163, ""learning_rate"": 0.04639656715287094, ""max_depth"": 4, ""min_child_weight"": 6, ""reg_lambda"": 0.14928241202964537, ""subsample"": 0.8287046329310883}"
3,1,277,0,0.29218245,0.4007227989096037,0.06483493971114403,"{""colsample_bytree"": 0.6190633498136163, ""learning_rate"": 0.04639656715287094, ""max_depth"": 4, ""min_child_weight"": 6, ""reg_lambda"": 0.14928241202964537, ""subsample"": 0.8287046329310883}"
3,1,278,0,0.6038587,0.5241015650594238,0.1264481359350297,"{""colsample_bytree"": 0.6190633498136163, ""learning_rate"": 0.04639656715287094, ""max_depth"": 4, ""min_child_weight"": 6, ""reg_lambda"": 0.14928241202964537, ""subsample"": 0.8287046329310883}"
3,1,281,1,0.31329638,0.39909004948880933,0.05839226432064489,"{""colsample_bytree"": 0.6190633498136163, ""learning_rate"": 0.04639656715287094, ""max_depth"": 4, ""min_child_weight"": 6, ""reg_lambda"": 0.14928241202964537, ""subsample"": 0.8287046329310883}"
3,1,284,0,0.6180298,0.515173335434481,0.03733409072732933,"{""colsample_bytree"": 0.6190633498136163, ""learning_rate"": 0.04639656715287094, ""max_depth"": 4, ""min_child_weight"": 6, ""reg_lambda"": 0.14928241202964537, ""subsample"": 0.8287046329310883}"
3,1,294,1,0.16757014,0.30073269101707256,0.04238604752543705,"{""colsample_bytree"": 0.6190633498136163, ""learning_rate"": 0.04639656715287094, ""max_depth"": 4, ""min_child_weight"": 6, ""reg_lambda"": 0.14928241202964537, ""subsample"": 0.8287046329310883}"
3,1,297,0,0.122636095,0.22863837256518185,0.09314987654550502,"{""colsample_bytree"": 0.6190633498136163, ""learning_rate"": 0.04639656715287094, ""max_depth"": 4, ""min_child_weight"": 6, ""reg_lambda"": 0.14928241202964537, ""subsample"": 0.8287046329310883}"
3,1,300,0,0.035258256,0.18435626988768455,0.07059265660255873,"{""colsample_bytree"": 0.6190633498136163, ""learning_rate"": 0.04639656715287094, ""max_depth"": 4, ""min_child_weight"": 6, ""reg_lambda"": 0.14928241202964537, ""subsample"": 0.8287046329310883}"
3,2,0,0,0.15293644,0.2933215715533421,0.05729848430854905,"{""colsample_bytree"": 0.9256392876330052, ""learning_rate"": 0.2248269119299318, ""max_depth"": 2, ""min_child_weight"": 2, ""reg_lambda"": 4.62279291791565, ""subsample"": 0.6520486457332736}"
3,2,2,0,0.016470082,0.21232304292353094,0.03226284000014796,"{""colsample_bytree"": 0.9256392876330052, ""learning_rate"": 0.2248269119299318, ""max_depth"": 2, ""min_child_weight"": 2, ""reg_lambda"": 4.62279291791565, ""subsample"": 0.6520486457332736}"
3,2,7,1,0.065864444,0.3087875013582018,0.0657266903071177,"{""colsample_bytree"": 0.9256392876330052, ""learning_rate"": 0.2248269119299318, ""max_depth"": 2, ""min_child_weight"": 2, ""reg_lambda"": 4.62279291791565, ""subsample"": 0.6520486457332736}"
3,2,11,1,0.54598385,0.5377282772752567,0.08140773970116837,"{""colsample_bytree"": 0.9256392876330052, ""learning_rate"": 0.2248269119299318, ""max_depth"": 2, ""min_child_weight"": 2, ""reg_lambda"": 4.62279291791565, ""subsample"": 0.6520486457332736}"
3,2,19,1,0.7880888,0.6897247098223099,0.07871699776620741,"{""colsample_bytree"": 0.9256392876330052, ""learning_rate"": 0.2248269119299318, ""max_depth"": 2, ""min_child_weight"": 2, ""reg_lambda"": 4.62279291791565, ""subsample"": 0.6520486457332736}"
3,2,29,1,0.98966146,0.7328341974242384,0.056728213937347526,"{""colsample_bytree"": 0.9256392876330052, ""learning_rate"": 0.2248269119299318, ""max_depth"": 2, ""min_child_weight"": 2, ""reg_lambda"": 4.62279291791565, ""subsample"": 0.6520486457332736}"
3,2,43,0,0.60117465,0.5393613981513823,0.1309671438872412,"{""colsample_bytree"": 0.9256392876330052, ""learning_rate"": 0.2248269119299318, ""max_depth"": 2, ""min_child_weight"": 2, ""reg_lambda"": 4.62279291791565, ""subsample"": 0.6520486457332736}"
3,2,49,0,0.810889,0.5215337067702895,0.04924960641707012,"{""colsample_bytree"": 0.9256392876330052, ""learning_rate"": 0.2248269119299318, ""max_depth"": 2, ""min_child_weight"": 2, ""reg_lambda"": 4.62279291791565, ""subsample"": 0.6520486457332736}"
3,2,51,1,0.88941884,0.5766541115255387,0.09777493353726399,"{""colsample_bytree"": 0.9256392876330052, ""learning_rate"": 0.2248269119299318, ""max_depth"": 2, ""min_child_weight"": 2, ""reg_lambda"": 4.62279291791565, ""subsample"": 0.6520486457332736}"
3,2,53,0,0.4186284,0.37182141172202926,0.07626465737219902,"{""colsample_bytree"": 0.9256392876330052, ""learning_rate"": 0.2248269119299318, ""max_depth"": 2, ""min_child_weight"": 2, ""reg_lambda"": 4.62279291791565, ""subsample"": 0.6520486457332736}"
3,2,58,1,0.024285095,0.20910251697628737,0.03125152641574625,"{""colsample_bytree"": 0.9256392876330052, ""learning_rate"": 0.2248269119299318, ""max_depth"": 2, ""min_child_weight"": 2, ""reg_lambda"": 4.62279291791565, ""subsample"": 0.6520486457332736}"
3,2,60,0,0.029975288,0.26282899910760643,0.08592686944198354,"{""colsample_bytree"": 0.9256392876330052, ""learning_rate"": 0.2248269119299318, ""max_depth"": 2, ""min_child_weight"": 2, ""reg_lambda"": 4.62279291791565, ""subsample"": 0.6520486457332736}"
3,2,68,0,0.05556503,0.2535924763161885,0.011864370025273314,"{""colsample_bytree"": 0.9256392876330052, ""learning_rate"": 0.2248269119299318, ""max_depth"": 2, ""min_child_weight"": 2, ""reg_lambda"": 4.62279291791565, ""subsample"": 0.6520486457332736}"
3,2,69,1,0.63563854,0.47255832882878906,0.13007279614504452,"{""colsample_bytree"": 0.9256392876330052, ""learning_rate"": 0.2248269119299318, ""max_depth"": 2, ""min_child_weight"": 2, ""reg_lambda"": 4.62279291791565, ""subsample"": 0.6520486457332736}"
3,2,70,0,0.66874284,0.4984751401821942,0.12986898612621933,"{""colsample_bytree"": 0.9256392876330052, ""learning_rate"": 0.2248269119299318, ""max_depth"": 2, ""min_child_weight"": 2, ""reg_lambda"": 4.62279291791565, ""subsample"": 0.6520486457332736}"
3,2,78,1,0.050990745,0.21809830193657778,0.03125611029468116,"{""colsample_bytree"": 0.9256392876330052, ""learning_rate"": 0.2248269119299318, ""max_depth"": 2, ""min_child_weight"": 2, ""reg_lambda"": 4.62279291791565, ""subsample"": 0.6520486457332736}"
3,2,79,0,0.26778057,0.3532005543445644,0.05763097052247337,"{""colsample_bytree"": 0.9256392876330052, ""learning_rate"": 0.2248269119299318, ""max_depth"": 2, ""min_child_weight"": 2, ""reg_lambda"": 4.62279291791565, ""subsample"": 0.6520486457332736}"
3,2,81,0,0.86238813,0.6568103397063092,0.08450949097595616,"{""colsample_bytree"": 0.9256392876330052, ""learning_rate"": 0.2248269119299318, ""max_depth"": 2, ""min_child_weight"": 2, ""reg_lambda"": 4.62279291791565, ""subsample"": 0.6520486457332736}"
3,2,83,0,0.73500055,0.5325179026559157,0.05090414330745896,"{""colsample_bytree"": 0.9256392876330052, ""learning_rate"": 0.2248269119299318, ""max_depth"": 2, ""min_child_weight"": 2, ""reg_lambda"": 4.62279291791565, ""subsample"": 0.6520486457332736}"
3,2,84,0,0.19111772,0.3274146539583943,0.041011730925994506,"{""colsample_bytree"": 0.9256392876330052, ""learning_rate"": 0.2248269119299318, ""max_depth"": 2, ""min_child_weight"": 2, ""reg_lambda"": 4.62279291791565, ""subsample"": 0.6520486457332736}"
3,2,101,1,0.85262626,0.7016482286790489,0.057017204483641996,"{""colsample_bytree"": 0.9256392876330052, ""learning_rate"": 0.2248269119299318, ""max_depth"": 2, ""min_child_weight"": 2, ""reg_lambda"": 4.62279291791565, ""subsample"": 0.6520486457332736}"
3,2,102,0,0.114237405,0.3285053258989127,0.09213296126562914,"{""colsample_bytree"": 0.9256392876330052, ""learning_rate"": 0.2248269119299318, ""max_depth"": 2, ""min_child_weight"": 2, ""reg_lambda"": 4.62279291791565, ""subsample"": 0.6520486457332736}"
3,2,104,1,0.07008898,0.2920488615859761,0.06428496632148382,"{""colsample_bytree"": 0.9256392876330052, ""learning_rate"": 0.2248269119299318, ""max_depth"": 2, ""min_child_weight"": 2, ""reg_lambda"": 4.62279291791565, ""subsample"": 0.6520486457332736}"
3,2,112,1,0.4000246,0.45837594764886297,0.1478567596028285,"{""colsample_bytree"": 0.9256392876330052, ""learning_rate"": 0.2248269119299318, ""max_depth"": 2, ""min_child_weight"": 2, ""reg_lambda"": 4.62279291791565, ""subsample"": 0.6520486457332736}"
3,2,115,1,0.39829156,0.5501332772413177,0.08425286767460018,"{""colsample_bytree"": 0.9256392876330052, ""learning_rate"": 0.2248269119299318, ""max_depth"": 2, ""min_child_weight"": 2, ""reg_lambda"": 4.62279291791565, ""subsample"": 0.6520486457332736}"
3,2,117,1,0.9320854,0.7057250897394252,0.06387111859218317,"{""colsample_bytree"": 0.9256392876330052, ""learning_rate"": 0.2248269119299318, ""max_depth"": 2, ""min_child_weight"": 2, ""reg_lambda"": 4.62279291791565, ""subsample"": 0.6520486457332736}"
3,2,124,0,0.124063954,0.3158368495080087,0.08839851117954745,"{""colsample_bytree"": 0.9256392876330052, ""learning_rate"": 0.2248269119299318, ""max_depth"": 2, ""min_child_weight"": 2, ""reg_lambda"": 4.62279291791565, ""subsample"": 0.6520486457332736}"
3,2,128,0,0.23499262,0.31156423570137204,0.039725817855783274,"{""colsample_bytree"": 0.9256392876330052, ""learning_rate"": 0.2248269119299318, ""max_depth"": 2, ""min_child_weight"": 2, ""reg_lambda"": 4.62279291791565, ""subsample"": 0.6520486457332736}"
3,2,136,0,0.01633917,0.22748602253630584,0.03281075313263621,"{""colsample_bytree"": 0.9256392876330052, ""learning_rate"": 0.2248269119299318, ""max_depth"": 2, ""min_child_weight"": 2, ""reg_lambda"": 4.62279291791565, ""subsample"": 0.6520486457332736}"
3,2,138,1,0.12677552,0.31164609367586377,0.09681635335099918,"{""colsample_bytree"": 0.9256392876330052, ""learning_rate"": 0.2248269119299318, ""max_depth"": 2, ""min_child_weight"": 2, ""reg_lambda"": 4.62279291791565, ""subsample"": 0.6520486457332736}"
3,2,139,1,0.25634786,0.3362616344794914,0.10116373844193023,"{""colsample_bytree"": 0.9256392876330052, ""learning_rate"": 0.2248269119299318, ""max_depth"": 2, ""min_child_weight"": 2, ""reg_lambda"": 4.62279291791565, ""subsample"": 0.6520486457332736}"
3,2,142,1,0.037171423,0.2754384940719575,0.040503175855366245,"{""colsample_bytree"": 0.9256392876330052, ""learning_rate"": 0.2248269119299318, ""max_depth"": 2, ""min_child_weight"": 2, ""reg_lambda"": 4.62279291791565, ""subsample"": 0.6520486457332736}"
3,2,145,1,0.82244813,0.6412876016880382,0.07524965919207793,"{""colsample_bytree"": 0.9256392876330052, ""learning_rate"": 0.2248269119299318, ""max_depth"": 2, ""min_child_weight"": 2, ""reg_lambda"": 4.62279291791565, ""subsample"": 0.6520486457332736}"
3,2,146,0,0.95020056,0.7205027746537632,0.05273747435284965,"{""colsample_bytree"": 0.9256392876330052, ""learning_rate"": 0.2248269119299318, ""max_depth"": 2, ""min_child_weight"": 2, ""reg_lambda"": 4.62279291791565, ""subsample"": 0.6520486457332736}"
3,2,147,1,0.056113932,0.24367890951951984,0.020489870800804208,"{""colsample_bytree"": 0.9256392876330052, ""learning_rate"": 0.2248269119299318, ""max_depth"": 2, ""min_child_weight"": 2, ""reg_lambda"": 4.62279291791565, ""subsample"": 0.6520486457332736}"
3,2,150,0,0.23281515,0.3104066957499744,0.06080221683122067,"{""colsample_bytree"": 0.9256392876330052, ""learning_rate"": 0.2248269119299318, ""max_depth"": 2, ""min_child_weight"": 2, ""reg_lambda"": 4.62279291791565, ""subsample"": 0.6520486457332736}"
3,2,152,0,0.35753813,0.3517303191174449,0.12330511939071856,"{""colsample_bytree"": 0.9256392876330052, ""learning_rate"": 0.2248269119299318, ""max_depth"": 2, ""min_child_weight"": 2, ""reg_lambda"": 4.62279291791565, ""subsample"": 0.6520486457332736}"
3,2,153,0,0.11864318,0.38152721109403187,0.09256652510433014,"{""colsample_bytree"": 0.9256392876330052, ""learning_rate"": 0.2248269119299318, ""max_depth"": 2, ""min_child_weight"": 2, ""reg_lambda"": 4.62279291791565, ""subsample"": 0.6520486457332736}"
3,2,154,0,0.065403976,0.25898291848456834,0.06007828737758755,"{""colsample_bytree"": 0.9256392876330052, ""learning_rate"": 0.2248269119299318, ""max_depth"": 2, ""min_child_weight"": 2, ""reg_lambda"": 4.62279291791565, ""subsample"": 0.6520486457332736}"
3,2,159,0,0.60018337,0.5808227862803774,0.04568484913117797,"{""colsample_bytree"": 0.9256392876330052, ""learning_rate"": 0.2248269119299318, ""max_depth"": 2, ""min_child_weight"": 2, ""reg_lambda"": 4.62279291791565, ""subsample"": 0.6520486457332736}"
3,2,174,1,0.76541203,0.6880928428278289,0.07932089344093589,"{""colsample_bytree"": 0.9256392876330052, ""learning_rate"": 0.2248269119299318, ""max_depth"": 2, ""min_child_weight"": 2, ""reg_lambda"": 4.62279291791565, ""subsample"": 0.6520486457332736}"
3,2,185,0,0.21276349,0.363301390431889,0.11528424031619655,"{""colsample_bytree"": 0.9256392876330052, ""learning_rate"": 0.2248269119299318, ""max_depth"": 2, ""min_child_weight"": 2, ""reg_lambda"": 4.62279291791565, ""subsample"": 0.6520486457332736}"
3,2,187,1,0.16955066,0.3837193772335139,0.0536311614526107,"{""colsample_bytree"": 0.9256392876330052, ""learning_rate"": 0.2248269119299318, ""max_depth"": 2, ""min_child_weight"": 2, ""reg_lambda"": 4.62279291791565, ""subsample"": 0.6520486457332736}"
3,2,201,0,0.8927054,0.5910543031132514,0.07274962973412608,"{""colsample_bytree"": 0.9256392876330052, ""learning_rate"": 0.2248269119299318, ""max_depth"": 2, ""min_child_weight"": 2, ""reg_lambda"": 4.62279291791565, ""subsample"": 0.6520486457332736}"
3,2,202,1,0.9336322,0.6833067033999822,0.07528479354224811,"{""colsample_bytree"": 0.9256392876330052, ""learning_rate"": 0.2248269119299318, ""max_depth"": 2, ""min_child_weight"": 2, ""reg_lambda"": 4.62279291791565, ""subsample"": 0.6520486457332736}"
3,2,203,0,0.027948128,0.2238343733366075,0.027650088180398286,"{""colsample_bytree"": 0.9256392876330052, ""learning_rate"": 0.2248269119299318, ""max_depth"": 2, ""min_child_weight"": 2, ""reg_lambda"": 4.62279291791565, ""subsample"": 0.6520486457332736}"
3,2,204,0,0.008195154,0.2055475218589558,0.027982242897292415,"{""colsample_bytree"": 0.9256392876330052, ""learning_rate"": 0.2248269119299318, ""max_depth"": 2, ""min_child_weight"": 2, ""reg_lambda"": 4.62279291791565, ""subsample"": 0.6520486457332736}"
3,2,211,0,0.6076181,0.3707336101567648,0.08286008502866435,"{""colsample_bytree"": 0.9256392876330052, ""learning_rate"": 0.2248269119299318, ""max_depth"": 2, ""min_child_weight"": 2, ""reg_lambda"": 4.62279291791565, ""subsample"": 0.6520486457332736}"
3,2,217,0,0.45984322,0.4003982668766809,0.11602776509024582,"{""colsample_bytree"": 0.9256392876330052, ""learning_rate"": 0.2248269119299318, ""max_depth"": 2, ""min_child_weight"": 2, ""reg_lambda"": 4.62279291791565, ""subsample"": 0.6520486457332736}"
3,2,218,0,0.36418283,0.35692371707343323,0.05754357079097939,"{""colsample_bytree"": 0.9256392876330052, ""learning_rate"": 0.2248269119299318, ""max_depth"": 2, ""min_child_weight"": 2, ""reg_lambda"": 4.62279291791565, ""subsample"": 0.6520486457332736}"
3,2,220,1,0.46191716,0.48734801373603337,0.10091889876922507,"{""colsample_bytree"": 0.9256392876330052, ""learning_rate"": 0.2248269119299318, ""max_depth"": 2, ""min_child_weight"": 2, ""reg_lambda"": 4.62279291791565, ""subsample"": 0.6520486457332736}"
3,2,235,1,0.59881425,0.5173736556175474,0.09702002200578799,"{""colsample_bytree"": 0.9256392876330052, ""learning_rate"": 0.2248269119299318, ""max_depth"": 2, ""min_child_weight"": 2, ""reg_lambda"": 4.62279291791565, ""subsample"": 0.6520486457332736}"
3,2,243,0,0.04135828,0.23043675868091196,0.021113261139618637,"{""colsample_bytree"": 0.9256392876330052, ""learning_rate"": 0.2248269119299318, ""max_depth"": 2, ""min_child_weight"": 2, ""reg_lambda"": 4.62279291791565, ""subsample"": 0.6520486457332736}"
3,2,249,1,0.5561585,0.4955534529322798,0.08373186012531336,"{""colsample_bytree"": 0.9256392876330052, ""learning_rate"": 0.2248269119299318, ""max_depth"": 2, ""min_child_weight"": 2, ""reg_lambda"": 4.62279291791565, ""subsample"": 0.6520486457332736}"
3,2,259,0,0.25893635,0.3347743441415926,0.046041273706488695,"{""colsample_bytree"": 0.9256392876330052, ""learning_rate"": 0.2248269119299318, ""max_depth"": 2, ""min_child_weight"": 2, ""reg_lambda"": 4.62279291791565, ""subsample"": 0.6520486457332736}"
3,2,263,0,0.00675883,0.2051657755683856,0.028790834809449745,"{""colsample_bytree"": 0.9256392876330052, ""learning_rate"": 0.2248269119299318, ""max_depth"": 2, ""min_child_weight"": 2, ""reg_lambda"": 4.62279291791565, ""subsample"": 0.6520486457332736}"
3,2,264,0,0.016210308,0.20976533524008473,0.02555518237683753,"{""colsample_bytree"": 0.9256392876330052, ""learning_rate"": 0.2248269119299318, ""max_depth"": 2, ""min_child_weight"": 2, ""reg_lambda"": 4.62279291791565, ""subsample"": 0.6520486457332736}"
3,2,283,0,0.08279544,0.3092508388372111,0.06683914112363518,"{""colsample_bytree"": 0.9256392876330052, ""learning_rate"": 0.2248269119299318, ""max_depth"": 2, ""min_child_weight"": 2, ""reg_lambda"": 4.62279291791565, ""subsample"": 0.6520486457332736}"
3,2,285,0,0.30647868,0.26322763111820363,0.03551696627943924,"{""colsample_bytree"": 0.9256392876330052, ""learning_rate"": 0.2248269119299318, ""max_depth"": 2, ""min_child_weight"": 2, ""reg_lambda"": 4.62279291791565, ""subsample"": 0.6520486457332736}"
3,2,293,0,0.013931002,0.23815329773971258,0.031654026269019274,"{""colsample_bytree"": 0.9256392876330052, ""learning_rate"": 0.2248269119299318, ""max_depth"": 2, ""min_child_weight"": 2, ""reg_lambda"": 4.62279291791565, ""subsample"": 0.6520486457332736}"
3,2,296,0,0.42236355,0.3585362895091816,0.06353848526608495,"{""colsample_bytree"": 0.9256392876330052, ""learning_rate"": 0.2248269119299318, ""max_depth"": 2, ""min_child_weight"": 2, ""reg_lambda"": 4.62279291791565, ""subsample"": 0.6520486457332736}"
3,3,1,1,0.75948894,0.7604801776364407,0.11695729434951671,"{""colsample_bytree"": 0.42589384908086086, ""learning_rate"": 0.020107517462921887, ""max_depth"": 2, ""min_child_weight"": 3, ""reg_lambda"": 0.12356015406793991, ""subsample"": 0.6077306714334846}"
3,3,3,0,0.4131355,0.443855902978481,0.11354079413328108,"{""colsample_bytree"": 0.42589384908086086, ""learning_rate"": 0.020107517462921887, ""max_depth"": 2, ""min_child_weight"": 3, ""reg_lambda"": 0.12356015406793991, ""subsample"": 0.6077306714334846}"
3,3,4,0,0.16628642,0.17943431167198426,0.034073097546349795,"{""colsample_bytree"": 0.42589384908086086, ""learning_rate"": 0.020107517462921887, ""max_depth"": 2, ""min_child_weight"": 3, ""reg_lambda"": 0.12356015406793991, ""subsample"": 0.6077306714334846}"
3,3,6,0,0.31601885,0.26449370775072956,0.051758635635627485,"{""colsample_bytree"": 0.42589384908086086, ""learning_rate"": 0.020107517462921887, ""max_depth"": 2, ""min_child_weight"": 3, ""reg_lambda"": 0.12356015406793991, ""subsample"": 0.6077306714334846}"
3,3,9,1,0.44821188,0.3872770651585301,0.043165864423899795,"{""colsample_bytree"": 0.42589384908086086, ""learning_rate"": 0.020107517462921887, ""max_depth"": 2, ""min_child_weight"": 3, ""reg_lambda"": 0.12356015406793991, ""subsample"": 0.6077306714334846}"
3,3,10,1,0.45146248,0.3978056932481319,0.04390365007403771,"{""colsample_bytree"": 0.42589384908086086, ""learning_rate"": 0.020107517462921887, ""max_depth"": 2, ""min_child_weight"": 3, ""reg_lambda"": 0.12356015406793991, ""subsample"": 0.6077306714334846}"
3,3,12,0,0.60851526,0.6606782931383867,0.1346081623844965,"{""colsample_bytree"": 0.42589384908086086, ""learning_rate"": 0.020107517462921887, ""max_depth"": 2, ""min_child_weight"": 3, ""reg_lambda"": 0.12356015406793991, ""subsample"": 0.6077306714334846}"
3,3,15,1,0.5049361,0.5057667632668743,0.055597077525568014,"{""colsample_bytree"": 0.42589384908086086, ""learning_rate"": 0.020107517462921887, ""max_depth"": 2, ""min_child_weight"": 3, ""reg_lambda"": 0.12356015406793991, ""subsample"": 0.6077306714334846}"
3,3,23,0,0.7281187,0.7630308098368953,0.11422626592828261,"{""colsample_bytree"": 0.42589384908086086, ""learning_rate"": 0.020107517462921887, ""max_depth"": 2, ""min_child_weight"": 3, ""reg_lambda"": 0.12356015406793991, ""subsample"": 0.6077306714334846}"
3,3,26,0,0.1906783,0.19145677103281306,0.07165707079519545,"{""colsample_bytree"": 0.42589384908086086, ""learning_rate"": 0.020107517462921887, ""max_depth"": 2, ""min_child_weight"": 3, ""reg_lambda"": 0.12356015406793991, ""subsample"": 0.6077306714334846}"
3,3,42,0,0.12204486,0.16042706048181316,0.055865526664353925,"{""colsample_bytree"": 0.42589384908086086, ""learning_rate"": 0.020107517462921887, ""max_depth"": 2, ""min_child_weight"": 3, ""reg_lambda"": 0.12356015406793991, ""subsample"": 0.6077306714334846}"
3,3,44,0,0.4395825,0.48939094180063786,0.151510522373699,"{""colsample_bytree"": 0.42589384908086086, ""learning_rate"": 0.020107517462921887, ""max_depth"": 2, ""min_child_weight"": 3, ""reg_lambda"": 0.12356015406793991, ""subsample"": 0.6077306714334846}"
3,3,45,1,0.28282428,0.3467302006486659,0.04342915364007792,"{""colsample_bytree"": 0.42589384908086086, ""learning_rate"": 0.020107517462921887, ""max_depth"": 2, ""min_child_weight"": 3, ""reg_lambda"": 0.12356015406793991, ""subsample"": 0.6077306714334846}"
3,3,48,0,0.1064827,0.14374293879769512,0.05999284029755781,"{""colsample_bytree"": 0.42589384908086086, ""learning_rate"": 0.020107517462921887, ""max_depth"": 2, ""min_child_weight"": 3, ""reg_lambda"": 0.12356015406793991, ""subsample"": 0.6077306714334846}"
3,3,54,0,0.16679558,0.18818806087529344,0.07211254986212283,"{""colsample_bytree"": 0.42589384908086086, ""learning_rate"": 0.020107517462921887, ""max_depth"": 2, ""min_child_weight"": 3, ""reg_lambda"": 0.12356015406793991, ""subsample"": 0.6077306714334846}"
3,3,56,1,0.411099,0.4173632581412646,0.04096593236717861,"{""colsample_bytree"": 0.42589384908086086, ""learning_rate"": 0.020107517462921887, ""max_depth"": 2, ""min_child_weight"": 3, ""reg_lambda"": 0.12356015406793991, ""subsample"": 0.6077306714334846}"
3,3,59,1,0.51547503,0.5414807534105772,0.09155487885797055,"{""colsample_bytree"": 0.42589384908086086, ""learning_rate"": 0.020107517462921887, ""max_depth"": 2, ""min_child_weight"": 3, ""reg_lambda"": 0.12356015406793991, ""subsample"": 0.6077306714334846}"
3,3,66,0,0.3814009,0.4431893947744704,0.0901989335293901,"{""colsample_bytree"": 0.42589384908086086, ""learning_rate"": 0.020107517462921887, ""max_depth"": 2, ""min_child_weight"": 3, ""reg_lambda"": 0.12356015406793991, ""subsample"": 0.6077306714334846}"
3,3,73,0,0.25830314,0.23535268108476465,0.08089162970936169,"{""colsample_bytree"": 0.42589384908086086, ""learning_rate"": 0.020107517462921887, ""max_depth"": 2, ""min_child_weight"": 3, ""reg_lambda"": 0.12356015406793991, ""subsample"": 0.6077306714334846}"
3,3,74,1,0.810706,0.7851893633533369,0.11789559673599342,"{""colsample_bytree"": 0.42589384908086086, ""learning_rate"": 0.020107517462921887, ""max_depth"": 2, ""min_child_weight"": 3, ""reg_lambda"": 0.12356015406793991, ""subsample"": 0.6077306714334846}"
3,3,85,1,0.30414447,0.2511889416426501,0.06329945330280845,"{""colsample_bytree"": 0.42589384908086086, ""learning_rate"": 0.020107517462921887, ""max_depth"": 2, ""min_child_weight"": 3, ""reg_lambda"": 0.12356015406793991, ""subsample"": 0.6077306714334846}"
3,3,98,1,0.521731,0.5161383721161102,0.05566338108844794,"{""colsample_bytree"": 0.42589384908086086, ""learning_rate"": 0.020107517462921887, ""max_depth"": 2, ""min_child_weight"": 3, ""reg_lambda"": 0.12356015406793991, ""subsample"": 0.6077306714334846}"
3,3,109,1,0.5774353,0.6125394355412279,0.1413508798750533,"{""colsample_bytree"": 0.42589384908086086, ""learning_rate"": 0.020107517462921887, ""max_depth"": 2, ""min_child_weight"": 3, ""reg_lambda"": 0.12356015406793991, ""subsample"": 0.6077306714334846}"
3,3,111,1,0.58968645,0.6223529925692566,0.14202510810577362,"{""colsample_bytree"": 0.42589384908086086, ""learning_rate"": 0.020107517462921887, ""max_depth"": 2, ""min_child_weight"": 3, ""reg_lambda"": 0.12356015406793991, ""subsample"": 0.6077306714334846}"
3,3,118,0,0.41918722,0.3961265258856591,0.08676973877106708,"{""colsample_bytree"": 0.42589384908086086, ""learning_rate"": 0.020107517462921887, ""max_depth"": 2, ""min_child_weight"": 3, ""reg_lambda"": 0.12356015406793991, ""subsample"": 0.6077306714334846}"
3,3,119,1,0.37947282,0.3652060067454148,0.04824560016908322,"{""colsample_bytree"": 0.42589384908086086, ""learning_rate"": 0.020107517462921887, ""max_depth"": 2, ""min_child_weight"": 3, ""reg_lambda"": 0.12356015406793991, ""subsample"": 0.6077306714334846}"
3,3,121,0,0.5926928,0.6623518844138008,0.10094407159095799,"{""colsample_bytree"": 0.42589384908086086, ""learning_rate"": 0.020107517462921887, ""max_depth"": 2, ""min_child_weight"": 3, ""reg_lambda"": 0.12356015406793991, ""subsample"": 0.6077306714334846}"
3,3,122,1,0.66885287,0.6569496938120938,0.1363052411598667,"{""colsample_bytree"": 0.42589384908086086, ""learning_rate"": 0.020107517462921887, ""max_depth"": 2, ""min_child_weight"": 3, ""reg_lambda"": 0.12356015406793991, ""subsample"": 0.6077306714334846}"
3,3,125,1,0.22259589,0.24677521439686698,0.07226104229747077,"{""colsample_bytree"": 0.42589384908086086, ""learning_rate"": 0.020107517462921887, ""max_depth"": 2, ""min_child_weight"": 3, ""reg_lambda"": 0.12356015406793991, ""subsample"": 0.6077306714334846}"
3,3,127,0,0.51625586,0.5485774565032114,0.09396421238675837,"{""colsample_bytree"": 0.42589384908086086, ""learning_rate"": 0.020107517462921887, ""max_depth"": 2, ""min_child_weight"": 3, ""reg_lambda"": 0.12356015406793991, ""subsample"": 0.6077306714334846}"
3,3,129,0,0.12069698,0.1759224523183427,0.07176358511144897,"{""colsample_bytree"": 0.42589384908086086, ""learning_rate"": 0.020107517462921887, ""max_depth"": 2, ""min_child_weight"": 3, ""reg_lambda"": 0.12356015406793991, ""subsample"": 0.6077306714334846}"
3,3,130,0,0.18074064,0.18231065209282965,0.05464857770235808,"{""colsample_bytree"": 0.42589384908086086, ""learning_rate"": 0.020107517462921887, ""max_depth"": 2, ""min_child_weight"": 3, ""reg_lambda"": 0.12356015406793991, ""subsample"": 0.6077306714334846}"
3,3,133,0,0.2549765,0.25761743775176577,0.08149119469528672,"{""colsample_bytree"": 0.42589384908086086, ""learning_rate"": 0.020107517462921887, ""max_depth"": 2, ""min_child_weight"": 3, ""reg_lambda"": 0.12356015406793991, ""subsample"": 0.6077306714334846}"
3,3,134,0,0.24690391,0.24709389279266442,0.0559952473173619,"{""colsample_bytree"": 0.42589384908086086, ""learning_rate"": 0.020107517462921887, ""max_depth"": 2, ""min_child_weight"": 3, ""reg_lambda"": 0.12356015406793991, ""subsample"": 0.6077306714334846}"
3,3,140,0,0.21866105,0.22918609290603728,0.0778440252530364,"{""colsample_bytree"": 0.42589384908086086, ""learning_rate"": 0.020107517462921887, ""max_depth"": 2, ""min_child_weight"": 3, ""reg_lambda"": 0.12356015406793991, ""subsample"": 0.6077306714334846}"
3,3,141,0,0.35798866,0.3716512442552398,0.07799019086499634,"{""colsample_bytree"": 0.42589384908086086, ""learning_rate"": 0.020107517462921887, ""max_depth"": 2, ""min_child_weight"": 3, ""reg_lambda"": 0.12356015406793991, ""subsample"": 0.6077306714334846}"
3,3,144,1,0.3819204,0.34308007473123303,0.12009839550591792,"{""colsample_bytree"": 0.42589384908086086, ""learning_rate"": 0.020107517462921887, ""max_depth"": 2, ""min_child_weight"": 3, ""reg_lambda"": 0.12356015406793991, ""subsample"": 0.6077306714334846}"
3,3,161,0,0.79042846,0.8022664732498337,0.12451643997213908,"{""colsample_bytree"": 0.42589384908086086, ""learning_rate"": 0.020107517462921887, ""max_depth"": 2, ""min_child_weight"": 3, ""reg_lambda"": 0.12356015406793991, ""subsample"": 0.6077306714334846}"
3,3,167,1,0.30605528,0.29725489371259667,0.056329578226038415,"{""colsample_bytree"": 0.42589384908086086, ""learning_rate"": 0.020107517462921887, ""max_depth"": 2, ""min_child_weight"": 3, ""reg_lambda"": 0.12356015406793991, ""subsample"": 0.6077306714334846}"
3,3,168,0,0.086258195,0.15421065927081276,0.05988191304086924,"{""colsample_bytree"": 0.42589384908086086, ""learning_rate"": 0.020107517462921887, ""max_depth"": 2, ""min_child_weight"": 3, ""reg_lambda"": 0.12356015406793991, ""subsample"": 0.6077306714334846}"
3,3,171,0,0.25126538,0.251073028714515,0.075409241345764,"{""colsample_bytree"": 0.42589384908086086, ""learning_rate"": 0.020107517462921887, ""max_depth"": 2, ""min_child_weight"": 3, ""reg_lambda"": 0.12356015406793991, ""subsample"": 0.6077306714334846}"
3,3,183,0,0.36527357,0.3858082422192095,0.07958207733411964,"{""colsample_bytree"": 0.42589384908086086, ""learning_rate"": 0.020107517462921887, ""max_depth"": 2, ""min_child_weight"": 3, ""reg_lambda"": 0.12356015406793991, ""subsample"": 0.6077306714334846}"
3,3,191,0,0.40806705,0.4044161396911342,0.07417243120192572,"{""colsample_bytree"": 0.42589384908086086, ""learning_rate"": 0.020107517462921887, ""max_depth"": 2, ""min_child_weight"": 3, ""reg_lambda"": 0.12356015406793991, ""subsample"": 0.6077306714334846}"
3,3,198,0,0.6705527,0.6763706894059685,0.14066114393948714,"{""colsample_bytree"": 0.42589384908086086, ""learning_rate"": 0.020107517462921887, ""max_depth"": 2, ""min_child_weight"": 3, ""reg_lambda"": 0.12356015406793991, ""subsample"": 0.6077306714334846}"
3,3,206,1,0.7114589,0.7415185129405183,0.15583208165633333,"{""colsample_bytree"": 0.42589384908086086, ""learning_rate"": 0.020107517462921887, ""max_depth"": 2, ""min_child_weight"": 3, ""reg_lambda"": 0.12356015406793991, ""subsample"": 0.6077306714334846}"
3,3,219,1,0.123620085,0.16901956753335698,0.06762047361145627,"{""colsample_bytree"": 0.42589384908086086, ""learning_rate"": 0.020107517462921887, ""max_depth"": 2, ""min_child_weight"": 3, ""reg_lambda"": 0.12356015406793991, ""subsample"": 0.6077306714334846}"
3,3,227,1,0.17814139,0.18883554850595938,0.0630747718238462,"{""colsample_bytree"": 0.42589384908086086, ""learning_rate"": 0.020107517462921887, ""max_depth"": 2, ""min_child_weight"": 3, ""reg_lambda"": 0.12356015406793991, ""subsample"": 0.6077306714334846}"
3,3,234,0,0.24827234,0.242790002448309,0.03443738551869178,"{""colsample_bytree"": 0.42589384908086086, ""learning_rate"": 0.020107517462921887, ""max_depth"": 2, ""min_child_weight"": 3, ""reg_lambda"": 0.12356015406793991, ""subsample"": 0.6077306714334846}"
3,3,240,0,0.75411755,0.7630595067842904,0.11736847412999445,"{""colsample_bytree"": 0.42589384908086086, ""learning_rate"": 0.020107517462921887, ""max_depth"": 2, ""min_child_weight"": 3, ""reg_lambda"": 0.12356015406793991, ""subsample"": 0.6077306714334846}"
3,3,242,0,0.38688594,0.3198551561448865,0.10688347220741888,"{""colsample_bytree"": 0.42589384908086086, ""learning_rate"": 0.020107517462921887, ""max_depth"": 2, ""min_child_weight"": 3, ""reg_lambda"": 0.12356015406793991, ""subsample"": 0.6077306714334846}"
3,3,245,1,0.5830654,0.5191584161539015,0.05106198542783863,"{""colsample_bytree"": 0.42589384908086086, ""learning_rate"": 0.020107517462921887, ""max_depth"": 2, ""min_child_weight"": 3, ""reg_lambda"": 0.12356015406793991, ""subsample"": 0.6077306714334846}"
3,3,256,0,0.12512141,0.18545673538811816,0.057725420495905025,"{""colsample_bytree"": 0.42589384908086086, ""learning_rate"": 0.020107517462921887, ""max_depth"": 2, ""min_child_weight"": 3, ""reg_lambda"": 0.12356015406793991, ""subsample"": 0.6077306714334846}"
3,3,257,0,0.20911337,0.23627238909350146,0.05278076620155524,"{""colsample_bytree"": 0.42589384908086086, ""learning_rate"": 0.020107517462921887, ""max_depth"": 2, ""min_child_weight"": 3, ""reg_lambda"": 0.12356015406793991, ""subsample"": 0.6077306714334846}"
3,3,269,0,0.578751,0.6280282892258042,0.14513264288786853,"{""colsample_bytree"": 0.42589384908086086, ""learning_rate"": 0.020107517462921887, ""max_depth"": 2, ""min_child_weight"": 3, ""reg_lambda"": 0.12356015406793991, ""subsample"": 0.6077306714334846}"
3,3,275,0,0.4136442,0.3878290026076393,0.08763322316148917,"{""colsample_bytree"": 0.42589384908086086, ""learning_rate"": 0.020107517462921887, ""max_depth"": 2, ""min_child_weight"": 3, ""reg_lambda"": 0.12356015406793991, ""subsample"": 0.6077306714334846}"
3,3,279,1,0.31615707,0.3416683357620084,0.06629822016937094,"{""colsample_bytree"": 0.42589384908086086, ""learning_rate"": 0.020107517462921887, ""max_depth"": 2, ""min_child_weight"": 3, ""reg_lambda"": 0.12356015406793991, ""subsample"": 0.6077306714334846}"
3,3,286,0,0.38336903,0.40034231772088147,0.06708613548503325,"{""colsample_bytree"": 0.42589384908086086, ""learning_rate"": 0.020107517462921887, ""max_depth"": 2, ""min_child_weight"": 3, ""reg_lambda"": 0.12356015406793991, ""subsample"": 0.6077306714334846}"
3,3,295,0,0.38349408,0.32222037948533844,0.06004626053269186,"{""colsample_bytree"": 0.42589384908086086, ""learning_rate"": 0.020107517462921887, ""max_depth"": 2, ""min_child_weight"": 3, ""reg_lambda"": 0.12356015406793991, ""subsample"": 0.6077306714334846}"
3,3,298,1,0.30971938,0.3250846492812669,0.04595057554634004,"{""colsample_bytree"": 0.42589384908086086, ""learning_rate"": 0.020107517462921887, ""max_depth"": 2, ""min_child_weight"": 3, ""reg_lambda"": 0.12356015406793991, ""subsample"": 0.6077306714334846}"
3,3,299,0,0.091673285,0.15134837128198497,0.05601196609046804,"{""colsample_bytree"": 0.42589384908086086, ""learning_rate"": 0.020107517462921887, ""max_depth"": 2, ""min_child_weight"": 3, ""reg_lambda"": 0.12356015406793991, ""subsample"": 0.6077306714334846}"
3,4,16,0,0.1031743,0.17628112830112155,0.0592267173200067,"{""colsample_bytree"": 0.8946816855479691, ""learning_rate"": 0.01853000533722235, ""max_depth"": 4, ""min_child_weight"": 3, ""reg_lambda"": 1.3519051039511867, ""subsample"": 0.8217166483507917}"
3,4,18,0,0.7797662,0.6808182215865208,0.11011667665947825,"{""colsample_bytree"": 0.8946816855479691, ""learning_rate"": 0.01853000533722235, ""max_depth"": 4, ""min_child_weight"": 3, ""reg_lambda"": 1.3519051039511867, ""subsample"": 0.8217166483507917}"
3,4,20,1,0.06986023,0.16261948917809602,0.056421814241320686,"{""colsample_bytree"": 0.8946816855479691, ""learning_rate"": 0.01853000533722235, ""max_depth"": 4, ""min_child_weight"": 3, ""reg_lambda"": 1.3519051039511867, ""subsample"": 0.8217166483507917}"
3,4,24,0,0.45275313,0.42202194452188024,0.09234074956539716,"{""colsample_bytree"": 0.8946816855479691, ""learning_rate"": 0.01853000533722235, ""max_depth"": 4, ""min_child_weight"": 3, ""reg_lambda"": 1.3519051039511867, ""subsample"": 0.8217166483507917}"
3,4,27,0,0.077663824,0.15617952611064037,0.046740666160444484,"{""colsample_bytree"": 0.8946816855479691, ""learning_rate"": 0.01853000533722235, ""max_depth"": 4, ""min_child_weight"": 3, ""reg_lambda"": 1.3519051039511867, ""subsample"": 0.8217166483507917}"
3,4,28,1,0.684862,0.6505122773858759,0.03915655105652297,"{""colsample_bytree"": 0.8946816855479691, ""learning_rate"": 0.01853000533722235, ""max_depth"": 4, ""min_child_weight"": 3, ""reg_lambda"": 1.3519051039511867, ""subsample"": 0.8217166483507917}"
3,4,36,1,0.4197939,0.41379682446697874,0.08217302110021023,"{""colsample_bytree"": 0.8946816855479691, ""learning_rate"": 0.01853000533722235, ""max_depth"": 4, ""min_child_weight"": 3, ""reg_lambda"": 1.3519051039511867, ""subsample"": 0.8217166483507917}"
3,4,37,1,0.28306258,0.2944640937077116,0.05853894641508519,"{""colsample_bytree"": 0.8946816855479691, ""learning_rate"": 0.01853000533722235, ""max_depth"": 4, ""min_child_weight"": 3, ""reg_lambda"": 1.3519051039511867, ""subsample"": 0.8217166483507917}"
3,4,52,0,0.56807125,0.6463731770230599,0.03452847474371038,"{""colsample_bytree"": 0.8946816855479691, ""learning_rate"": 0.01853000533722235, ""max_depth"": 4, ""min_child_weight"": 3, ""reg_lambda"": 1.3519051039511867, ""subsample"": 0.8217166483507917}"
3,4,55,1,0.40622678,0.4216419331027671,0.09108716979392752,"{""colsample_bytree"": 0.8946816855479691, ""learning_rate"": 0.01853000533722235, ""max_depth"": 4, ""min_child_weight"": 3, ""reg_lambda"": 1.3519051039511867, ""subsample"": 0.8217166483507917}"
3,4,63,1,0.45875737,0.46812607685854335,0.08351313242229864,"{""colsample_bytree"": 0.8946816855479691, ""learning_rate"": 0.01853000533722235, ""max_depth"": 4, ""min_child_weight"": 3, ""reg_lambda"": 1.3519051039511867, ""subsample"": 0.8217166483507917}"
3,4,64,0,0.060214035,0.15823163485335107,0.049023881653788806,"{""colsample_bytree"": 0.8946816855479691, ""learning_rate"": 0.01853000533722235, ""max_depth"": 4, ""min_child_weight"": 3, ""reg_lambda"": 1.3519051039511867, ""subsample"": 0.8217166483507917}"
3,4,67,0,0.60368615,0.550986363015274,0.06452229298228081,"{""colsample_bytree"": 0.8946816855479691, ""learning_rate"": 0.01853000533722235, ""max_depth"": 4, ""min_child_weight"": 3, ""reg_lambda"": 1.3519051039511867, ""subsample"": 0.8217166483507917}"
3,4,75,0,0.47006768,0.4879435533973506,0.10145858557363419,"{""colsample_bytree"": 0.8946816855479691, ""learning_rate"": 0.01853000533722235, ""max_depth"": 4, ""min_child_weight"": 3, ""reg_lambda"": 1.3519051039511867, ""subsample"": 0.8217166483507917}"
3,4,80,1,0.6368114,0.5439492110017515,0.09949077342013857,"{""colsample_bytree"": 0.8946816855479691, ""learning_rate"": 0.01853000533722235, ""max_depth"": 4, ""min_child_weight"": 3, ""reg_lambda"": 1.3519051039511867, ""subsample"": 0.8217166483507917}"
3,4,82,1,0.6662508,0.6342616528205266,0.07033944564803267,"{""colsample_bytree"": 0.8946816855479691, ""learning_rate"": 0.01853000533722235, ""max_depth"": 4, ""min_child_weight"": 3, ""reg_lambda"": 1.3519051039511867, ""subsample"": 0.8217166483507917}"
3,4,90,1,0.39629164,0.4400733179722217,0.043452080102558986,"{""colsample_bytree"": 0.8946816855479691, ""learning_rate"": 0.01853000533722235, ""max_depth"": 4, ""min_child_weight"": 3, ""reg_lambda"": 1.3519051039511867, ""subsample"": 0.8217166483507917}"
3,4,96,1,0.62205607,0.5587124035473716,0.03371291780770191,"{""colsample_bytree"": 0.8946816855479691, ""learning_rate"": 0.01853000533722235, ""max_depth"": 4, ""min_child_weight"": 3, ""reg_lambda"": 1.3519051039511867, ""subsample"": 0.8217166483507917}"
3,4,97,1,0.4579551,0.40891019324722305,0.08652453742286795,"{""colsample_bytree"": 0.8946816855479691, ""learning_rate"": 0.01853000533722235, ""max_depth"": 4, ""min_child_weight"": 3, ""reg_lambda"": 1.3519051039511867, ""subsample"": 0.8217166483507917}"
3,4,100,0,0.7786368,0.627347260618424,0.0953521751524138,"{""colsample_bytree"": 0.8946816855479691, ""learning_rate"": 0.01853000533722235, ""max_depth"": 4, ""min_child_weight"": 3, ""reg_lambda"": 1.3519051039511867, ""subsample"": 0.8217166483507917}"
3,4,108,0,0.25285095,0.2733388968696827,0.07580531017167473,"{""colsample_bytree"": 0.8946816855479691, ""learning_rate"": 0.01853000533722235, ""max_depth"": 4, ""min_child_weight"": 3, ""reg_lambda"": 1.3519051039511867, ""subsample"": 0.8217166483507917}"
3,4,110,1,0.15342648,0.2206282912838665,0.07735981726556015,"{""colsample_bytree"": 0.8946816855479691, ""learning_rate"": 0.01853000533722235, ""max_depth"": 4, ""min_child_weight"": 3, ""reg_lambda"": 1.3519051039511867, ""subsample"": 0.8217166483507917}"
3,4,116,0,0.45793104,0.5171414641913653,0.0921980560542263,"{""colsample_bytree"": 0.8946816855479691, ""learning_rate"": 0.01853000533722235, ""max_depth"": 4, ""min_child_weight"": 3, ""reg_lambda"": 1.3519051039511867, ""subsample"": 0.8217166483507917}"
3,4,120,1,0.2835434,0.2777795736549552,0.062260262186317694,"{""colsample_bytree"": 0.8946816855479691, ""learning_rate"": 0.01853000533722235, ""max_depth"": 4, ""min_child_weight"": 3, ""reg_lambda"": 1.3519051039511867, ""subsample"": 0.8217166483507917}"
3,4,126,0,0.4195952,0.43758492143952665,0.09468672587778121,"{""colsample_bytree"": 0.8946816855479691, ""learning_rate"": 0.01853000533722235, ""max_depth"": 4, ""min_child_weight"": 3, ""reg_lambda"": 1.3519051039511867, ""subsample"": 0.8217166483507917}"
3,4,143,0,0.094620846,0.17395903845257266,0.06101120590975101,"{""colsample_bytree"": 0.8946816855479691, ""learning_rate"": 0.01853000533722235, ""max_depth"": 4, ""min_child_weight"": 3, ""reg_lambda"": 1.3519051039511867, ""subsample"": 0.8217166483507917}"
3,4,148,1,0.57290375,0.5300013728047986,0.0969016486039003,"{""colsample_bytree"": 0.8946816855479691, ""learning_rate"": 0.01853000533722235, ""max_depth"": 4, ""min_child_weight"": 3, ""reg_lambda"": 1.3519051039511867, ""subsample"": 0.8217166483507917}"
3,4,151,0,0.15653822,0.22400461337153751,0.05232023157694789,"{""colsample_bytree"": 0.8946816855479691, ""learning_rate"": 0.01853000533722235, ""max_depth"": 4, ""min_child_weight"": 3, ""reg_lambda"": 1.3519051039511867, ""subsample"": 0.8217166483507917}"
3,4,155,1,0.5314827,0.5517433824054162,0.035823715655706814,"{""colsample_bytree"": 0.8946816855479691, ""learning_rate"": 0.01853000533722235, ""max_depth"": 4, ""min_child_weight"": 3, ""reg_lambda"": 1.3519051039511867, ""subsample"": 0.8217166483507917}"
3,4,157,1,0.11185837,0.17076585625093646,0.04953022935107381,"{""colsample_bytree"": 0.8946816855479691, ""learning_rate"": 0.01853000533722235, ""max_depth"": 4, ""min_child_weight"": 3, ""reg_lambda"": 1.3519051039511867, ""subsample"": 0.8217166483507917}"
3,4,158,1,0.36846367,0.36949304054003196,0.11555962711691417,"{""colsample_bytree"": 0.8946816855479691, ""learning_rate"": 0.01853000533722235, ""max_depth"": 4, ""min_child_weight"": 3, ""reg_lambda"": 1.3519051039511867, ""subsample"": 0.8217166483507917}"
3,4,181,1,0.60121226,0.5748275423594064,0.06725893726304556,"{""colsample_bytree"": 0.8946816855479691, ""learning_rate"": 0.01853000533722235, ""max_depth"": 4, ""min_child_weight"": 3, ""reg_lambda"": 1.3519051039511867, ""subsample"": 0.8217166483507917}"
3,4,186,0,0.61309004,0.4996172110380293,0.08988012394972028,"{""colsample_bytree"": 0.8946816855479691, ""learning_rate"": 0.01853000533722235, ""max_depth"": 4, ""min_child_weight"": 3, ""reg_lambda"": 1.3519051039511867, ""subsample"": 0.8217166483507917}"
3,4,188,0,0.13425556,0.18472273208615494,0.04716416426211555,"{""colsample_bytree"": 0.8946816855479691, ""learning_rate"": 0.01853000533722235, ""max_depth"": 4, ""min_child_weight"": 3, ""reg_lambda"": 1.3519051039511867, ""subsample"": 0.8217166483507917}"
3,4,189,1,0.5710504,0.550892137208332,0.08192990507777995,"{""colsample_bytree"": 0.8946816855479691, ""learning_rate"": 0.01853000533722235, ""max_depth"": 4, ""min_child_weight"": 3, ""reg_lambda"": 1.3519051039511867, ""subsample"": 0.8217166483507917}"
3,4,192,0,0.064898625,0.16355730305656083,0.0602733747051971,"{""colsample_bytree"": 0.8946816855479691, ""learning_rate"": 0.01853000533722235, ""max_depth"": 4, ""min_child_weight"": 3, ""reg_lambda"": 1.3519051039511867, ""subsample"": 0.8217166483507917}"
3,4,197,1,0.67384386,0.5836054486927402,0.06033672724046749,"{""colsample_bytree"": 0.8946816855479691, ""learning_rate"": 0.01853000533722235, ""max_depth"": 4, ""min_child_weight"": 3, ""reg_lambda"": 1.3519051039511867, ""subsample"": 0.8217166483507917}"
3,4,199,0,0.15468593,0.2046927559626001,0.05096238313427583,"{""colsample_bytree"": 0.8946816855479691, ""learning_rate"": 0.01853000533722235, ""max_depth"": 4, ""min_child_weight"": 3, ""reg_lambda"": 1.3519051039511867, ""subsample"": 0.8217166483507917}"
3,4,209,0,0.8226052,0.756088544405582,0.060928385002870476,"{""colsample_bytree"": 0.8946816855479691, ""learning_rate"": 0.01853000533722235, ""max_depth"": 4, ""min_child_weight"": 3, ""reg_lambda"": 1.3519051039511867, ""subsample"": 0.8217166483507917}"
3,4,215,0,0.6121035,0.5473580735978841,0.10547749548578875,"{""colsample_bytree"": 0.8946816855479691, ""learning_rate"": 0.01853000533722235, ""max_depth"": 4, ""min_child_weight"": 3, ""reg_lambda"": 1.3519051039511867, ""subsample"": 0.8217166483507917}"
3,4,222,1,0.27291137,0.2920150815661022,0.06841193517225513,"{""colsample_bytree"": 0.8946816855479691, ""learning_rate"": 0.01853000533722235, ""max_depth"": 4, ""min_child_weight"": 3, ""reg_lambda"": 1.3519051039511867, ""subsample"": 0.8217166483507917}"
3,4,225,0,0.24155255,0.31305621305204984,0.051501779470528426,"{""colsample_bytree"": 0.8946816855479691, ""learning_rate"": 0.01853000533722235, ""max_depth"": 4, ""min_child_weight"": 3, ""reg_lambda"": 1.3519051039511867, ""subsample"": 0.8217166483507917}"
3,4,228,0,0.6121067,0.6334347861085573,0.08900251838437744,"{""colsample_bytree"": 0.8946816855479691, ""learning_rate"": 0.01853000533722235, ""max_depth"": 4, ""min_child_weight"": 3, ""reg_lambda"": 1.3519051039511867, ""subsample"": 0.8217166483507917}"
3,4,230,0,0.7723589,0.7464708741149899,0.0786472031207351,"{""colsample_bytree"": 0.8946816855479691, ""learning_rate"": 0.01853000533722235, ""max_depth"": 4, ""min_child_weight"": 3, ""reg_lambda"": 1.3519051039511867, ""subsample"": 0.8217166483507917}"
3,4,233,0,0.12492721,0.20367564239770997,0.06736802148041261,"{""colsample_bytree"": 0.8946816855479691, ""learning_rate"": 0.01853000533722235, ""max_depth"": 4, ""min_child_weight"": 3, ""reg_lambda"": 1.3519051039511867, ""subsample"": 0.8217166483507917}"
3,4,237,0,0.25473663,0.2694564092931563,0.06640361255266632,"{""colsample_bytree"": 0.8946816855479691, ""learning_rate"": 0.01853000533722235, ""max_depth"": 4, ""min_child_weight"": 3, ""reg_lambda"": 1.3519051039511867, ""subsample"": 0.8217166483507917}"
3,4,238,0,0.22367522,0.27697334992126,0.06475626189329557,"{""colsample_bytree"": 0.8946816855479691, ""learning_rate"": 0.01853000533722235, ""max_depth"": 4, ""min_child_weight"": 3, ""reg_lambda"": 1.3519051039511867, ""subsample"": 0.8217166483507917}"
3,4,239,0,0.3584578,0.4035816082301967,0.0829490429512397,"{""colsample_bytree"": 0.8946816855479691, ""learning_rate"": 0.01853000533722235, ""max_depth"": 4, ""min_child_weight"": 3, ""reg_lambda"": 1.3519051039511867, ""subsample"": 0.8217166483507917}"
3,4,244,1,0.35201105,0.3883020616248262,0.08661740652340305,"{""colsample_bytree"": 0.8946816855479691, ""learning_rate"": 0.01853000533722235, ""max_depth"": 4, ""min_child_weight"": 3, ""reg_lambda"": 1.3519051039511867, ""subsample"": 0.8217166483507917}"
3,4,247,0,0.045811415,0.1444253593338189,0.04815956815926137,"{""colsample_bytree"": 0.8946816855479691, ""learning_rate"": 0.01853000533722235, ""max_depth"": 4, ""min_child_weight"": 3, ""reg_lambda"": 1.3519051039511867, ""subsample"": 0.8217166483507917}"
3,4,250,0,0.5913895,0.5575252075815194,0.027021677486562635,"{""colsample_bytree"": 0.8946816855479691, ""learning_rate"": 0.01853000533722235, ""max_depth"": 4, ""min_child_weight"": 3, ""reg_lambda"": 1.3519051039511867, ""subsample"": 0.8217166483507917}"
3,4,252,0,0.5773617,0.5271667455226838,0.10136547370196877,"{""colsample_bytree"": 0.8946816855479691, ""learning_rate"": 0.01853000533722235, ""max_depth"": 4, ""min_child_weight"": 3, ""reg_lambda"": 1.3519051039511867, ""subsample"": 0.8217166483507917}"
3,4,260,1,0.41949022,0.49160930024267396,0.0692275033437707,"{""colsample_bytree"": 0.8946816855479691, ""learning_rate"": 0.01853000533722235, ""max_depth"": 4, ""min_child_weight"": 3, ""reg_lambda"": 1.3519051039511867, ""subsample"": 0.8217166483507917}"
3,4,261,0,0.05168947,0.14698025516092383,0.04923807032084954,"{""colsample_bytree"": 0.8946816855479691, ""learning_rate"": 0.01853000533722235, ""max_depth"": 4, ""min_child_weight"": 3, ""reg_lambda"": 1.3519051039511867, ""subsample"": 0.8217166483507917}"
3,4,267,1,0.43927482,0.4706574512510574,0.049618890611248335,"{""colsample_bytree"": 0.8946816855479691, ""learning_rate"": 0.01853000533722235, ""max_depth"": 4, ""min_child_weight"": 3, ""reg_lambda"": 1.3519051039511867, ""subsample"": 0.8217166483507917}"
3,4,272,0,0.45969087,0.4077079148886444,0.11286871698212825,"{""colsample_bytree"": 0.8946816855479691, ""learning_rate"": 0.01853000533722235, ""max_depth"": 4, ""min_child_weight"": 3, ""reg_lambda"": 1.3519051039511867, ""subsample"": 0.8217166483507917}"
3,4,276,0,0.13297392,0.19122514121333611,0.07732571276235348,"{""colsample_bytree"": 0.8946816855479691, ""learning_rate"": 0.01853000533722235, ""max_depth"": 4, ""min_child_weight"": 3, ""reg_lambda"": 1.3519051039511867, ""subsample"": 0.8217166483507917}"
3,4,287,0,0.24201472,0.253273636919558,0.03254482985032434,"{""colsample_bytree"": 0.8946816855479691, ""learning_rate"": 0.01853000533722235, ""max_depth"": 4, ""min_child_weight"": 3, ""reg_lambda"": 1.3519051039511867, ""subsample"": 0.8217166483507917}"
3,4,290,0,0.1434316,0.21268250283438336,0.0790608417036989,"{""colsample_bytree"": 0.8946816855479691, ""learning_rate"": 0.01853000533722235, ""max_depth"": 4, ""min_child_weight"": 3, ""reg_lambda"": 1.3519051039511867, ""subsample"": 0.8217166483507917}"
3,4,292,0,0.31694424,0.29118732840793526,0.05101268407223278,"{""colsample_bytree"": 0.8946816855479691, ""learning_rate"": 0.01853000533722235, ""max_depth"": 4, ""min_child_weight"": 3, ""reg_lambda"": 1.3519051039511867, ""subsample"": 0.8217166483507917}"
4,0,0,0,0.21611644,0.2336700903619821,0.07127921810713726,"{""colsample_bytree"": 0.8409237521007844, ""learning_rate"": 0.019017329039652475, ""max_depth"": 2, ""min_child_weight"": 3, ""reg_lambda"": 1.552678312292965, ""subsample"": 0.7543445112975757}"
4,0,3,0,0.31563675,0.26707990576502166,0.06648444290590531,"{""colsample_bytree"": 0.8409237521007844, ""learning_rate"": 0.019017329039652475, ""max_depth"": 2, ""min_child_weight"": 3, ""reg_lambda"": 1.552678312292965, ""subsample"": 0.7543445112975757}"
4,0,7,1,0.44309327,0.44979416729808186,0.08249672611669845,"{""colsample_bytree"": 0.8409237521007844, ""learning_rate"": 0.019017329039652475, ""max_depth"": 2, ""min_child_weight"": 3, ""reg_lambda"": 1.552678312292965, ""subsample"": 0.7543445112975757}"
4,0,8,0,0.10520387,0.170014303419272,0.09599309115328512,"{""colsample_bytree"": 0.8409237521007844, ""learning_rate"": 0.019017329039652475, ""max_depth"": 2, ""min_child_weight"": 3, ""reg_lambda"": 1.552678312292965, ""subsample"": 0.7543445112975757}"
4,0,10,1,0.5659113,0.5789902526676164,0.145586793213025,"{""colsample_bytree"": 0.8409237521007844, ""learning_rate"": 0.019017329039652475, ""max_depth"": 2, ""min_child_weight"": 3, ""reg_lambda"": 1.552678312292965, ""subsample"": 0.7543445112975757}"
4,0,12,0,0.4259019,0.41031023915156684,0.05273934485776874,"{""colsample_bytree"": 0.8409237521007844, ""learning_rate"": 0.019017329039652475, ""max_depth"": 2, ""min_child_weight"": 3, ""reg_lambda"": 1.552678312292965, ""subsample"": 0.7543445112975757}"
4,0,25,0,0.67129177,0.6416365475220296,0.10757641671052647,"{""colsample_bytree"": 0.8409237521007844, ""learning_rate"": 0.019017329039652475, ""max_depth"": 2, ""min_child_weight"": 3, ""reg_lambda"": 1.552678312292965, ""subsample"": 0.7543445112975757}"
4,0,29,1,0.8005657,0.7361247066770984,0.15455756405518378,"{""colsample_bytree"": 0.8409237521007844, ""learning_rate"": 0.019017329039652475, ""max_depth"": 2, ""min_child_weight"": 3, ""reg_lambda"": 1.552678312292965, ""subsample"": 0.7543445112975757}"
4,0,35,0,0.18755044,0.2186274874749438,0.07248977256407507,"{""colsample_bytree"": 0.8409237521007844, ""learning_rate"": 0.019017329039652475, ""max_depth"": 2, ""min_child_weight"": 3, ""reg_lambda"": 1.552678312292965, ""subsample"": 0.7543445112975757}"
4,0,58,1,0.3101468,0.30788505510140945,0.04819302902105126,"{""colsample_bytree"": 0.8409237521007844, ""learning_rate"": 0.019017329039652475, ""max_depth"": 2, ""min_child_weight"": 3, ""reg_lambda"": 1.552678312292965, ""subsample"": 0.7543445112975757}"
4,0,59,1,0.53591025,0.5493229134442577,0.09098403611800714,"{""colsample_bytree"": 0.8409237521007844, ""learning_rate"": 0.019017329039652475, ""max_depth"": 2, ""min_child_weight"": 3, ""reg_lambda"": 1.552678312292965, ""subsample"": 0.7543445112975757}"
4,0,63,1,0.4956729,0.46537489012471045,0.03823686168337474,"{""colsample_bytree"": 0.8409237521007844, ""learning_rate"": 0.019017329039652475, ""max_depth"": 2, ""min_child_weight"": 3, ""reg_lambda"": 1.552678312292965, ""subsample"": 0.7543445112975757}"
4,0,66,0,0.2681742,0.2950359430856367,0.08431204929268073,"{""colsample_bytree"": 0.8409237521007844, ""learning_rate"": 0.019017329039652475, ""max_depth"": 2, ""min_child_weight"": 3, ""reg_lambda"": 1.552678312292965, ""subsample"": 0.7543445112975757}"
4,0,70,0,0.25714543,0.27677543883210376,0.036049090807808715,"{""colsample_bytree"": 0.8409237521007844, ""learning_rate"": 0.019017329039652475, ""max_depth"": 2, ""min_child_weight"": 3, ""reg_lambda"": 1.552678312292965, ""subsample"": 0.7543445112975757}"
4,0,99,0,0.19890156,0.23291649110528775,0.07985926300778187,"{""colsample_bytree"": 0.8409237521007844, ""learning_rate"": 0.019017329039652475, ""max_depth"": 2, ""min_child_weight"": 3, ""reg_lambda"": 1.552678312292965, ""subsample"": 0.7543445112975757}"
4,0,101,1,0.60930157,0.6010380277706596,0.09771912503939019,"{""colsample_bytree"": 0.8409237521007844, ""learning_rate"": 0.019017329039652475, ""max_depth"": 2, ""min_child_weight"": 3, ""reg_lambda"": 1.552678312292965, ""subsample"": 0.7543445112975757}"
4,0,112,1,0.6438647,0.6677136624518413,0.1456845517173781,"{""colsample_bytree"": 0.8409237521007844, ""learning_rate"": 0.019017329039652475, ""max_depth"": 2, ""min_child_weight"": 3, ""reg_lambda"": 1.552678312292965, ""subsample"": 0.7543445112975757}"
4,0,115,1,0.6373124,0.6374668528521934,0.16183350126509152,"{""colsample_bytree"": 0.8409237521007844, ""learning_rate"": 0.019017329039652475, ""max_depth"": 2, ""min_child_weight"": 3, ""reg_lambda"": 1.552678312292965, ""subsample"": 0.7543445112975757}"
4,0,116,0,0.2701714,0.2985452745643964,0.08570080761027063,"{""colsample_bytree"": 0.8409237521007844, ""learning_rate"": 0.019017329039652475, ""max_depth"": 2, ""min_child_weight"": 3, ""reg_lambda"": 1.552678312292965, ""subsample"": 0.7543445112975757}"
4,0,119,1,0.54814905,0.5305661873108146,0.13370562052708096,"{""colsample_bytree"": 0.8409237521007844, ""learning_rate"": 0.019017329039652475, ""max_depth"": 2, ""min_child_weight"": 3, ""reg_lambda"": 1.552678312292965, ""subsample"": 0.7543445112975757}"
4,0,137,0,0.17215513,0.20531318651480887,0.07735316632163988,"{""colsample_bytree"": 0.8409237521007844, ""learning_rate"": 0.019017329039652475, ""max_depth"": 2, ""min_child_weight"": 3, ""reg_lambda"": 1.552678312292965, ""subsample"": 0.7543445112975757}"
4,0,140,0,0.25422096,0.251081509355619,0.07587158171536042,"{""colsample_bytree"": 0.8409237521007844, ""learning_rate"": 0.019017329039652475, ""max_depth"": 2, ""min_child_weight"": 3, ""reg_lambda"": 1.552678312292965, ""subsample"": 0.7543445112975757}"
4,0,143,0,0.15890303,0.1960420752719236,0.09316281650561235,"{""colsample_bytree"": 0.8409237521007844, ""learning_rate"": 0.019017329039652475, ""max_depth"": 2, ""min_child_weight"": 3, ""reg_lambda"": 1.552678312292965, ""subsample"": 0.7543445112975757}"
4,0,145,1,0.58572376,0.6025541634016152,0.13523702039394164,"{""colsample_bytree"": 0.8409237521007844, ""learning_rate"": 0.019017329039652475, ""max_depth"": 2, ""min_child_weight"": 3, ""reg_lambda"": 1.552678312292965, ""subsample"": 0.7543445112975757}"
4,0,149,1,0.52029276,0.44929436977558357,0.043486658536045844,"{""colsample_bytree"": 0.8409237521007844, ""learning_rate"": 0.019017329039652475, ""max_depth"": 2, ""min_child_weight"": 3, ""reg_lambda"": 1.552678312292965, ""subsample"": 0.7543445112975757}"
4,0,152,0,0.42674178,0.49383995440813583,0.08091695698290795,"{""colsample_bytree"": 0.8409237521007844, ""learning_rate"": 0.019017329039652475, ""max_depth"": 2, ""min_child_weight"": 3, ""reg_lambda"": 1.552678312292965, ""subsample"": 0.7543445112975757}"
4,0,153,0,0.39155737,0.3730408031147838,0.03633180056786753,"{""colsample_bytree"": 0.8409237521007844, ""learning_rate"": 0.019017329039652475, ""max_depth"": 2, ""min_child_weight"": 3, ""reg_lambda"": 1.552678312292965, ""subsample"": 0.7543445112975757}"
4,0,161,0,0.6836394,0.6809011517814538,0.14233392964649105,"{""colsample_bytree"": 0.8409237521007844, ""learning_rate"": 0.019017329039652475, ""max_depth"": 2, ""min_child_weight"": 3, ""reg_lambda"": 1.552678312292965, ""subsample"": 0.7543445112975757}"
4,0,163,1,0.5101111,0.45034697815779545,0.10614276854998772,"{""colsample_bytree"": 0.8409237521007844, ""learning_rate"": 0.019017329039652475, ""max_depth"": 2, ""min_child_weight"": 3, ""reg_lambda"": 1.552678312292965, ""subsample"": 0.7543445112975757}"
4,0,171,0,0.28140008,0.3157274278591201,0.0569125475900977,"{""colsample_bytree"": 0.8409237521007844, ""learning_rate"": 0.019017329039652475, ""max_depth"": 2, ""min_child_weight"": 3, ""reg_lambda"": 1.552678312292965, ""subsample"": 0.7543445112975757}"
4,0,172,0,0.27258778,0.29685331477180316,0.06222925373703076,"{""colsample_bytree"": 0.8409237521007844, ""learning_rate"": 0.019017329039652475, ""max_depth"": 2, ""min_child_weight"": 3, ""reg_lambda"": 1.552678312292965, ""subsample"": 0.7543445112975757}"
4,0,175,0,0.41286877,0.46152625444134865,0.0795602994003597,"{""colsample_bytree"": 0.8409237521007844, ""learning_rate"": 0.019017329039652475, ""max_depth"": 2, ""min_child_weight"": 3, ""reg_lambda"": 1.552678312292965, ""subsample"": 0.7543445112975757}"
4,0,177,1,0.41582346,0.4018711589084079,0.06208979995849205,"{""colsample_bytree"": 0.8409237521007844, ""learning_rate"": 0.019017329039652475, ""max_depth"": 2, ""min_child_weight"": 3, ""reg_lambda"": 1.552678312292965, ""subsample"": 0.7543445112975757}"
4,0,179,0,0.34733406,0.38758907271873666,0.02304880323783639,"{""colsample_bytree"": 0.8409237521007844, ""learning_rate"": 0.019017329039652475, ""max_depth"": 2, ""min_child_weight"": 3, ""reg_lambda"": 1.552678312292965, ""subsample"": 0.7543445112975757}"
4,0,182,1,0.4349604,0.40143512691395494,0.06336379829872026,"{""colsample_bytree"": 0.8409237521007844, ""learning_rate"": 0.019017329039652475, ""max_depth"": 2, ""min_child_weight"": 3, ""reg_lambda"": 1.552678312292965, ""subsample"": 0.7543445112975757}"
4,0,184,1,0.24603695,0.25023282925872997,0.07597901682973661,"{""colsample_bytree"": 0.8409237521007844, ""learning_rate"": 0.019017329039652475, ""max_depth"": 2, ""min_child_weight"": 3, ""reg_lambda"": 1.552678312292965, ""subsample"": 0.7543445112975757}"
4,0,186,0,0.4003319,0.37417592875941963,0.03771673023295057,"{""colsample_bytree"": 0.8409237521007844, ""learning_rate"": 0.019017329039652475, ""max_depth"": 2, ""min_child_weight"": 3, ""reg_lambda"": 1.552678312292965, ""subsample"": 0.7543445112975757}"
4,0,194,0,0.21571504,0.21505023261776418,0.08689991572219928,"{""colsample_bytree"": 0.8409237521007844, ""learning_rate"": 0.019017329039652475, ""max_depth"": 2, ""min_child_weight"": 3, ""reg_lambda"": 1.552678312292965, ""subsample"": 0.7543445112975757}"
4,0,198,0,0.6852147,0.6461826851784679,0.12153342456188301,"{""colsample_bytree"": 0.8409237521007844, ""learning_rate"": 0.019017329039652475, ""max_depth"": 2, ""min_child_weight"": 3, ""reg_lambda"": 1.552678312292965, ""subsample"": 0.7543445112975757}"
4,0,202,1,0.7375456,0.6875954566813878,0.12818114737683275,"{""colsample_bytree"": 0.8409237521007844, ""learning_rate"": 0.019017329039652475, ""max_depth"": 2, ""min_child_weight"": 3, ""reg_lambda"": 1.552678312292965, ""subsample"": 0.7543445112975757}"
4,0,206,1,0.5565812,0.5642099943380721,0.10814362836201279,"{""colsample_bytree"": 0.8409237521007844, ""learning_rate"": 0.019017329039652475, ""max_depth"": 2, ""min_child_weight"": 3, ""reg_lambda"": 1.552678312292965, ""subsample"": 0.7543445112975757}"
4,0,207,0,0.31141272,0.3340588360715624,0.06500367036406121,"{""colsample_bytree"": 0.8409237521007844, ""learning_rate"": 0.019017329039652475, ""max_depth"": 2, ""min_child_weight"": 3, ""reg_lambda"": 1.552678312292965, ""subsample"": 0.7543445112975757}"
4,0,210,0,0.20523097,0.21921689404224107,0.07981753487633898,"{""colsample_bytree"": 0.8409237521007844, ""learning_rate"": 0.019017329039652475, ""max_depth"": 2, ""min_child_weight"": 3, ""reg_lambda"": 1.552678312292965, ""subsample"": 0.7543445112975757}"
4,0,211,0,0.364381,0.3457945913783609,0.07639576318115403,"{""colsample_bytree"": 0.8409237521007844, ""learning_rate"": 0.019017329039652475, ""max_depth"": 2, ""min_child_weight"": 3, ""reg_lambda"": 1.552678312292965, ""subsample"": 0.7543445112975757}"
4,0,212,0,0.0990339,0.1719365639036457,0.09247977831759925,"{""colsample_bytree"": 0.8409237521007844, ""learning_rate"": 0.019017329039652475, ""max_depth"": 2, ""min_child_weight"": 3, ""reg_lambda"": 1.552678312292965, ""subsample"": 0.7543445112975757}"
4,0,213,0,0.46608126,0.5383627285409194,0.1060043670248577,"{""colsample_bytree"": 0.8409237521007844, ""learning_rate"": 0.019017329039652475, ""max_depth"": 2, ""min_child_weight"": 3, ""reg_lambda"": 1.552678312292965, ""subsample"": 0.7543445112975757}"
4,0,220,1,0.57852256,0.5754793123801798,0.12091228035263951,"{""colsample_bytree"": 0.8409237521007844, ""learning_rate"": 0.019017329039652475, ""max_depth"": 2, ""min_child_weight"": 3, ""reg_lambda"": 1.552678312292965, ""subsample"": 0.7543445112975757}"
4,0,221,1,0.31007412,0.36978106618047524,0.07380565451138299,"{""colsample_bytree"": 0.8409237521007844, ""learning_rate"": 0.019017329039652475, ""max_depth"": 2, ""min_child_weight"": 3, ""reg_lambda"": 1.552678312292965, ""subsample"": 0.7543445112975757}"
4,0,225,0,0.4254392,0.4666302116511078,0.10518516598513186,"{""colsample_bytree"": 0.8409237521007844, ""learning_rate"": 0.019017329039652475, ""max_depth"": 2, ""min_child_weight"": 3, ""reg_lambda"": 1.552678312292965, ""subsample"": 0.7543445112975757}"
4,0,231,0,0.57126665,0.5920008996423232,0.12844188400123302,"{""colsample_bytree"": 0.8409237521007844, ""learning_rate"": 0.019017329039652475, ""max_depth"": 2, ""min_child_weight"": 3, ""reg_lambda"": 1.552678312292965, ""subsample"": 0.7543445112975757}"
4,0,232,1,0.3026896,0.2786509908936344,0.0737190546054688,"{""colsample_bytree"": 0.8409237521007844, ""learning_rate"": 0.019017329039652475, ""max_depth"": 2, ""min_child_weight"": 3, ""reg_lambda"": 1.552678312292965, ""subsample"": 0.7543445112975757}"
4,0,234,0,0.30458564,0.2823790275881226,0.05726418638116262,"{""colsample_bytree"": 0.8409237521007844, ""learning_rate"": 0.019017329039652475, ""max_depth"": 2, ""min_child_weight"": 3, ""reg_lambda"": 1.552678312292965, ""subsample"": 0.7543445112975757}"
4,0,237,0,0.25668234,0.2542201312508334,0.07979352119151771,"{""colsample_bytree"": 0.8409237521007844, ""learning_rate"": 0.019017329039652475, ""max_depth"": 2, ""min_child_weight"": 3, ""reg_lambda"": 1.552678312292965, ""subsample"": 0.7543445112975757}"
4,0,247,0,0.0725425,0.15644742935702882,0.09773806557484188,"{""colsample_bytree"": 0.8409237521007844, ""learning_rate"": 0.019017329039652475, ""max_depth"": 2, ""min_child_weight"": 3, ""reg_lambda"": 1.552678312292965, ""subsample"": 0.7543445112975757}"
4,0,259,0,0.35868576,0.3986170822996583,0.03161802308551186,"{""colsample_bytree"": 0.8409237521007844, ""learning_rate"": 0.019017329039652475, ""max_depth"": 2, ""min_child_weight"": 3, ""reg_lambda"": 1.552678312292965, ""subsample"": 0.7543445112975757}"
4,0,266,1,0.3977796,0.34645617524639616,0.08152099332111239,"{""colsample_bytree"": 0.8409237521007844, ""learning_rate"": 0.019017329039652475, ""max_depth"": 2, ""min_child_weight"": 3, ""reg_lambda"": 1.552678312292965, ""subsample"": 0.7543445112975757}"
4,0,273,1,0.68080896,0.6633342037177108,0.13140526876686032,"{""colsample_bytree"": 0.8409237521007844, ""learning_rate"": 0.019017329039652475, ""max_depth"": 2, ""min_child_weight"": 3, ""reg_lambda"": 1.552678312292965, ""subsample"": 0.7543445112975757}"
4,0,286,0,0.31999293,0.3482185107953019,0.05025409591516987,"{""colsample_bytree"": 0.8409237521007844, ""learning_rate"": 0.019017329039652475, ""max_depth"": 2, ""min_child_weight"": 3, ""reg_lambda"": 1.552678312292965, ""subsample"": 0.7543445112975757}"
4,0,287,0,0.22372432,0.26805053582256155,0.06919179487784227,"{""colsample_bytree"": 0.8409237521007844, ""learning_rate"": 0.019017329039652475, ""max_depth"": 2, ""min_child_weight"": 3, ""reg_lambda"": 1.552678312292965, ""subsample"": 0.7543445112975757}"
4,0,293,0,0.19154146,0.24134999580720504,0.0760664412275342,"{""colsample_bytree"": 0.8409237521007844, ""learning_rate"": 0.019017329039652475, ""max_depth"": 2, ""min_child_weight"": 3, ""reg_lambda"": 1.552678312292965, ""subsample"": 0.7543445112975757}"
4,0,298,1,0.32294172,0.34357095944221877,0.06853171994370102,"{""colsample_bytree"": 0.8409237521007844, ""learning_rate"": 0.019017329039652475, ""max_depth"": 2, ""min_child_weight"": 3, ""reg_lambda"": 1.552678312292965, ""subsample"": 0.7543445112975757}"
4,1,1,1,0.6506801,0.6819847975054183,0.10642867252180468,"{""colsample_bytree"": 0.46614050450564837, ""learning_rate"": 0.03920163290423204, ""max_depth"": 2, ""min_child_weight"": 4, ""reg_lambda"": 12.424676577631368, ""subsample"": 0.6724319398083652}"
4,1,5,1,0.28832987,0.27331581699805707,0.09112908473593954,"{""colsample_bytree"": 0.46614050450564837, ""learning_rate"": 0.03920163290423204, ""max_depth"": 2, ""min_child_weight"": 4, ""reg_lambda"": 12.424676577631368, ""subsample"": 0.6724319398083652}"
4,1,26,0,0.20351121,0.20117346227915425,0.06196031520896765,"{""colsample_bytree"": 0.46614050450564837, ""learning_rate"": 0.03920163290423204, ""max_depth"": 2, ""min_child_weight"": 4, ""reg_lambda"": 12.424676577631368, ""subsample"": 0.6724319398083652}"
4,1,27,0,0.14247367,0.15321500024645968,0.08159345573331774,"{""colsample_bytree"": 0.46614050450564837, ""learning_rate"": 0.03920163290423204, ""max_depth"": 2, ""min_child_weight"": 4, ""reg_lambda"": 12.424676577631368, ""subsample"": 0.6724319398083652}"
4,1,37,1,0.33087623,0.2992759746500144,0.05918545986833197,"{""colsample_bytree"": 0.46614050450564837, ""learning_rate"": 0.03920163290423204, ""max_depth"": 2, ""min_child_weight"": 4, ""reg_lambda"": 12.424676577631368, ""subsample"": 0.6724319398083652}"
4,1,39,1,0.44009665,0.4464589509606272,0.11657999128915138,"{""colsample_bytree"": 0.46614050450564837, ""learning_rate"": 0.03920163290423204, ""max_depth"": 2, ""min_child_weight"": 4, ""reg_lambda"": 12.424676577631368, ""subsample"": 0.6724319398083652}"
4,1,40,0,0.45977783,0.4699919083041618,0.06263304680296383,"{""colsample_bytree"": 0.46614050450564837, ""learning_rate"": 0.03920163290423204, ""max_depth"": 2, ""min_child_weight"": 4, ""reg_lambda"": 12.424676577631368, ""subsample"": 0.6724319398083652}"
4,1,42,0,0.17183918,0.15504824436144632,0.07902435569746656,"{""colsample_bytree"": 0.46614050450564837, ""learning_rate"": 0.03920163290423204, ""max_depth"": 2, ""min_child_weight"": 4, ""reg_lambda"": 12.424676577631368, ""subsample"": 0.6724319398083652}"
4,1,43,0,0.40812334,0.37886074196944247,0.12538400920493661,"{""colsample_bytree"": 0.46614050450564837, ""learning_rate"": 0.03920163290423204, ""max_depth"": 2, ""min_child_weight"": 4, ""reg_lambda"": 12.424676577631368, ""subsample"": 0.6724319398083652}"
4,1,49,0,0.39579907,0.4445858977253917,0.06572660086286383,"{""colsample_bytree"": 0.46614050450564837, ""learning_rate"": 0.03920163290423204, ""max_depth"": 2, ""min_child_weight"": 4, ""reg_lambda"": 12.424676577631368, ""subsample"": 0.6724319398083652}"
4,1,53,0,0.17301494,0.15629224757759705,0.07488543398450635,"{""colsample_bytree"": 0.46614050450564837, ""learning_rate"": 0.03920163290423204, ""max_depth"": 2, ""min_child_weight"": 4, ""reg_lambda"": 12.424676577631368, ""subsample"": 0.6724319398083652}"
4,1,60,0,0.16508369,0.1599042264167252,0.07873814136159672,"{""colsample_bytree"": 0.46614050450564837, ""learning_rate"": 0.03920163290423204, ""max_depth"": 2, ""min_child_weight"": 4, ""reg_lambda"": 12.424676577631368, ""subsample"": 0.6724319398083652}"
4,1,74,1,0.7589795,0.7671573349569359,0.12570991050526192,"{""colsample_bytree"": 0.46614050450564837, ""learning_rate"": 0.03920163290423204, ""max_depth"": 2, ""min_child_weight"": 4, ""reg_lambda"": 12.424676577631368, ""subsample"": 0.6724319398083652}"
4,1,80,1,0.501219,0.530558989004443,0.13488384901424583,"{""colsample_bytree"": 0.46614050450564837, ""learning_rate"": 0.03920163290423204, ""max_depth"": 2, ""min_child_weight"": 4, ""reg_lambda"": 12.424676577631368, ""subsample"": 0.6724319398083652}"
4,1,81,0,0.35392717,0.35080566231227045,0.02972846509453705,"{""colsample_bytree"": 0.46614050450564837, ""learning_rate"": 0.03920163290423204, ""max_depth"": 2, ""min_child_weight"": 4, ""reg_lambda"": 12.424676577631368, ""subsample"": 0.6724319398083652}"
4,1,83,0,0.33572438,0.38675012729749303,0.12144945941654654,"{""colsample_bytree"": 0.46614050450564837, ""learning_rate"": 0.03920163290423204, ""max_depth"": 2, ""min_child_weight"": 4, ""reg_lambda"": 12.424676577631368, ""subsample"": 0.6724319398083652}"
4,1,91,0,0.44011196,0.4543230697188795,0.07370482202585724,"{""colsample_bytree"": 0.46614050450564837, ""learning_rate"": 0.03920163290423204, ""max_depth"": 2, ""min_child_weight"": 4, ""reg_lambda"": 12.424676577631368, ""subsample"": 0.6724319398083652}"
4,1,95,1,0.33147457,0.30181668173678033,0.05511833503568699,"{""colsample_bytree"": 0.46614050450564837, ""learning_rate"": 0.03920163290423204, ""max_depth"": 2, ""min_child_weight"": 4, ""reg_lambda"": 12.424676577631368, ""subsample"": 0.6724319398083652}"
4,1,96,1,0.5362074,0.5316961695670794,0.10511754033773942,"{""colsample_bytree"": 0.46614050450564837, ""learning_rate"": 0.03920163290423204, ""max_depth"": 2, ""min_child_weight"": 4, ""reg_lambda"": 12.424676577631368, ""subsample"": 0.6724319398083652}"
4,1,98,1,0.58653456,0.618963631702927,0.1264369082003934,"{""colsample_bytree"": 0.46614050450564837, ""learning_rate"": 0.03920163290423204, ""max_depth"": 2, ""min_child_weight"": 4, ""reg_lambda"": 12.424676577631368, ""subsample"": 0.6724319398083652}"
4,1,103,1,0.4440007,0.4307847782193086,0.11128798152156733,"{""colsample_bytree"": 0.46614050450564837, ""learning_rate"": 0.03920163290423204, ""max_depth"": 2, ""min_child_weight"": 4, ""reg_lambda"": 12.424676577631368, ""subsample"": 0.6724319398083652}"
4,1,104,1,0.28497306,0.29357344809989766,0.07192965385195695,"{""colsample_bytree"": 0.46614050450564837, ""learning_rate"": 0.03920163290423204, ""max_depth"": 2, ""min_child_weight"": 4, ""reg_lambda"": 12.424676577631368, ""subsample"": 0.6724319398083652}"
4,1,110,1,0.18303448,0.20076875835781643,0.07281548445691134,"{""colsample_bytree"": 0.46614050450564837, ""learning_rate"": 0.03920163290423204, ""max_depth"": 2, ""min_child_weight"": 4, ""reg_lambda"": 12.424676577631368, ""subsample"": 0.6724319398083652}"
4,1,117,1,0.67877936,0.71321553043626,0.13039181559189023,"{""colsample_bytree"": 0.46614050450564837, ""learning_rate"": 0.03920163290423204, ""max_depth"": 2, ""min_child_weight"": 4, ""reg_lambda"": 12.424676577631368, ""subsample"": 0.6724319398083652}"
4,1,118,0,0.41479442,0.36095064860565557,0.043493770946904896,"{""colsample_bytree"": 0.46614050450564837, ""learning_rate"": 0.03920163290423204, ""max_depth"": 2, ""min_child_weight"": 4, ""reg_lambda"": 12.424676577631368, ""subsample"": 0.6724319398083652}"
4,1,124,0,0.2705234,0.27484863779314045,0.06982870485349295,"{""colsample_bytree"": 0.46614050450564837, ""learning_rate"": 0.03920163290423204, ""max_depth"": 2, ""min_child_weight"": 4, ""reg_lambda"": 12.424676577631368, ""subsample"": 0.6724319398083652}"
4,1,129,0,0.108778656,0.13257329029268533,0.06930630221102564,"{""colsample_bytree"": 0.46614050450564837, ""learning_rate"": 0.03920163290423204, ""max_depth"": 2, ""min_child_weight"": 4, ""reg_lambda"": 12.424676577631368, ""subsample"": 0.6724319398083652}"
4,1,132,0,0.39620143,0.3777692475796944,0.06199834034726734,"{""colsample_bytree"": 0.46614050450564837, ""learning_rate"": 0.03920163290423204, ""max_depth"": 2, ""min_child_weight"": 4, ""reg_lambda"": 12.424676577631368, ""subsample"": 0.6724319398083652}"
4,1,139,1,0.4900773,0.5587079172132676,0.12323653817780227,"{""colsample_bytree"": 0.46614050450564837, ""learning_rate"": 0.03920163290423204, ""max_depth"": 2, ""min_child_weight"": 4, ""reg_lambda"": 12.424676577631368, ""subsample"": 0.6724319398083652}"
4,1,142,1,0.14254566,0.16239931749894337,0.06838402244190685,"{""colsample_bytree"": 0.46614050450564837, ""learning_rate"": 0.03920163290423204, ""max_depth"": 2, ""min_child_weight"": 4, ""reg_lambda"": 12.424676577631368, ""subsample"": 0.6724319398083652}"
4,1,144,1,0.27826107,0.2323884847922127,0.07121103148804728,"{""colsample_bytree"": 0.46614050450564837, ""learning_rate"": 0.03920163290423204, ""max_depth"": 2, ""min_child_weight"": 4, ""reg_lambda"": 12.424676577631368, ""subsample"": 0.6724319398083652}"
4,1,147,1,0.17583731,0.19589619918707607,0.06995760633368121,"{""colsample_bytree"": 0.46614050450564837, ""learning_rate"": 0.03920163290423204, ""max_depth"": 2, ""min_child_weight"": 4, ""reg_lambda"": 12.424676577631368, ""subsample"": 0.6724319398083652}"
4,1,155,1,0.5920718,0.6090325830215563,0.10509430594445454,"{""colsample_bytree"": 0.46614050450564837, ""learning_rate"": 0.03920163290423204, ""max_depth"": 2, ""min_child_weight"": 4, ""reg_lambda"": 12.424676577631368, ""subsample"": 0.6724319398083652}"
4,1,159,0,0.6084939,0.6557298027813803,0.0891907446776625,"{""colsample_bytree"": 0.46614050450564837, ""learning_rate"": 0.03920163290423204, ""max_depth"": 2, ""min_child_weight"": 4, ""reg_lambda"": 12.424676577631368, ""subsample"": 0.6724319398083652}"
4,1,160,0,0.34906664,0.2892254731222422,0.0819711328556293,"{""colsample_bytree"": 0.46614050450564837, ""learning_rate"": 0.03920163290423204, ""max_depth"": 2, ""min_child_weight"": 4, ""reg_lambda"": 12.424676577631368, ""subsample"": 0.6724319398083652}"
4,1,162,0,0.39668238,0.40677390244764855,0.02681479492931707,"{""colsample_bytree"": 0.46614050450564837, ""learning_rate"": 0.03920163290423204, ""max_depth"": 2, ""min_child_weight"": 4, ""reg_lambda"": 12.424676577631368, ""subsample"": 0.6724319398083652}"
4,1,164,1,0.759553,0.7914676042917506,0.13089415460726797,"{""colsample_bytree"": 0.46614050450564837, ""learning_rate"": 0.03920163290423204, ""max_depth"": 2, ""min_child_weight"": 4, ""reg_lambda"": 12.424676577631368, ""subsample"": 0.6724319398083652}"
4,1,170,0,0.15007766,0.1641980090008932,0.06706746691838807,"{""colsample_bytree"": 0.46614050450564837, ""learning_rate"": 0.03920163290423204, ""max_depth"": 2, ""min_child_weight"": 4, ""reg_lambda"": 12.424676577631368, ""subsample"": 0.6724319398083652}"
4,1,174,1,0.65422916,0.7026181319439937,0.12530848858827362,"{""colsample_bytree"": 0.46614050450564837, ""learning_rate"": 0.03920163290423204, ""max_depth"": 2, ""min_child_weight"": 4, ""reg_lambda"": 12.424676577631368, ""subsample"": 0.6724319398083652}"
4,1,176,0,0.18867879,0.1722177564810609,0.0710917342428516,"{""colsample_bytree"": 0.46614050450564837, ""learning_rate"": 0.03920163290423204, ""max_depth"": 2, ""min_child_weight"": 4, ""reg_lambda"": 12.424676577631368, ""subsample"": 0.6724319398083652}"
4,1,180,0,0.32858115,0.26703248826325526,0.05719441859244249,"{""colsample_bytree"": 0.46614050450564837, ""learning_rate"": 0.03920163290423204, ""max_depth"": 2, ""min_child_weight"": 4, ""reg_lambda"": 12.424676577631368, ""subsample"": 0.6724319398083652}"
4,1,183,0,0.48152044,0.4725324534941164,0.08469294549230708,"{""colsample_bytree"": 0.46614050450564837, ""learning_rate"": 0.03920163290423204, ""max_depth"": 2, ""min_child_weight"": 4, ""reg_lambda"": 12.424676577631368, ""subsample"": 0.6724319398083652}"
4,1,193,0,0.25517687,0.25561884505953825,0.07073439800463079,"{""colsample_bytree"": 0.46614050450564837, ""learning_rate"": 0.03920163290423204, ""max_depth"": 2, ""min_child_weight"": 4, ""reg_lambda"": 12.424676577631368, ""subsample"": 0.6724319398083652}"
4,1,203,0,0.20995152,0.1802738445120488,0.06504413634140033,"{""colsample_bytree"": 0.46614050450564837, ""learning_rate"": 0.03920163290423204, ""max_depth"": 2, ""min_child_weight"": 4, ""reg_lambda"": 12.424676577631368, ""subsample"": 0.6724319398083652}"
4,1,204,0,0.16280258,0.15627142319670656,0.07398918489266258,"{""colsample_bytree"": 0.46614050450564837, ""learning_rate"": 0.03920163290423204, ""max_depth"": 2, ""min_child_weight"": 4, ""reg_lambda"": 12.424676577631368, ""subsample"": 0.6724319398083652}"
4,1,209,0,0.6848955,0.7187261365970586,0.132660718349588,"{""colsample_bytree"": 0.46614050450564837, ""learning_rate"": 0.03920163290423204, ""max_depth"": 2, ""min_child_weight"": 4, ""reg_lambda"": 12.424676577631368, ""subsample"": 0.6724319398083652}"
4,1,222,1,0.57677925,0.6349958357150596,0.12159050069762824,"{""colsample_bytree"": 0.46614050450564837, ""learning_rate"": 0.03920163290423204, ""max_depth"": 2, ""min_child_weight"": 4, ""reg_lambda"": 12.424676577631368, ""subsample"": 0.6724319398083652}"
4,1,223,1,0.32038364,0.3376047716593188,0.037939230344727584,"{""colsample_bytree"": 0.46614050450564837, ""learning_rate"": 0.03920163290423204, ""max_depth"": 2, ""min_child_weight"": 4, ""reg_lambda"": 12.424676577631368, ""subsample"": 0.6724319398083652}"
4,1,227,1,0.22025447,0.1892347195662731,0.054462334102728514,"{""colsample_bytree"": 0.46614050450564837, ""learning_rate"": 0.03920163290423204, ""max_depth"": 2, ""min_child_weight"": 4, ""reg_lambda"": 12.424676577631368, ""subsample"": 0.6724319398083652}"
4,1,228,0,0.41452193,0.41853719854737975,0.06454019764333213,"{""colsample_bytree"": 0.46614050450564837, ""learning_rate"": 0.03920163290423204, ""max_depth"": 2, ""min_child_weight"": 4, ""reg_lambda"": 12.424676577631368, ""subsample"": 0.6724319398083652}"
4,1,243,0,0.2649841,0.30745410193667755,0.044745808584371376,"{""colsample_bytree"": 0.46614050450564837, ""learning_rate"": 0.03920163290423204, ""max_depth"": 2, ""min_child_weight"": 4, ""reg_lambda"": 12.424676577631368, ""subsample"": 0.6724319398083652}"
4,1,244,1,0.3289687,0.3982826277443097,0.04548523623855223,"{""colsample_bytree"": 0.46614050450564837, ""learning_rate"": 0.03920163290423204, ""max_depth"": 2, ""min_child_weight"": 4, ""reg_lambda"": 12.424676577631368, ""subsample"": 0.6724319398083652}"
4,1,253,0,0.32995412,0.2940304052365041,0.09642136026269917,"{""colsample_bytree"": 0.46614050450564837, ""learning_rate"": 0.03920163290423204, ""max_depth"": 2, ""min_child_weight"": 4, ""reg_lambda"": 12.424676577631368, ""subsample"": 0.6724319398083652}"
4,1,264,0,0.14853434,0.15185843121284087,0.06685598032849659,"{""colsample_bytree"": 0.46614050450564837, ""learning_rate"": 0.03920163290423204, ""max_depth"": 2, ""min_child_weight"": 4, ""reg_lambda"": 12.424676577631368, ""subsample"": 0.6724319398083652}"
4,1,269,0,0.52896494,0.5651697580081948,0.07613890951506312,"{""colsample_bytree"": 0.46614050450564837, ""learning_rate"": 0.03920163290423204, ""max_depth"": 2, ""min_child_weight"": 4, ""reg_lambda"": 12.424676577631368, ""subsample"": 0.6724319398083652}"
4,1,270,0,0.08200923,0.12004916384451439,0.07484263144696605,"{""colsample_bytree"": 0.46614050450564837, ""learning_rate"": 0.03920163290423204, ""max_depth"": 2, ""min_child_weight"": 4, ""reg_lambda"": 12.424676577631368, ""subsample"": 0.6724319398083652}"
4,1,271,0,0.4007264,0.42258124946589837,0.10304045187297677,"{""colsample_bytree"": 0.46614050450564837, ""learning_rate"": 0.03920163290423204, ""max_depth"": 2, ""min_child_weight"": 4, ""reg_lambda"": 12.424676577631368, ""subsample"": 0.6724319398083652}"
4,1,272,0,0.412345,0.4866712423514176,0.11111162182253241,"{""colsample_bytree"": 0.46614050450564837, ""learning_rate"": 0.03920163290423204, ""max_depth"": 2, ""min_child_weight"": 4, ""reg_lambda"": 12.424676577631368, ""subsample"": 0.6724319398083652}"
4,1,274,0,0.497786,0.4953931399635816,0.09914058738571058,"{""colsample_bytree"": 0.46614050450564837, ""learning_rate"": 0.03920163290423204, ""max_depth"": 2, ""min_child_weight"": 4, ""reg_lambda"": 12.424676577631368, ""subsample"": 0.6724319398083652}"
4,1,291,0,0.17293513,0.1722632992029093,0.07730062483560522,"{""colsample_bytree"": 0.46614050450564837, ""learning_rate"": 0.03920163290423204, ""max_depth"": 2, ""min_child_weight"": 4, ""reg_lambda"": 12.424676577631368, ""subsample"": 0.6724319398083652}"
4,1,297,0,0.13838828,0.1410273220388399,0.07097273721787473,"{""colsample_bytree"": 0.46614050450564837, ""learning_rate"": 0.03920163290423204, ""max_depth"": 2, ""min_child_weight"": 4, ""reg_lambda"": 12.424676577631368, ""subsample"": 0.6724319398083652}"
4,2,4,0,0.18633677,0.24404558286847214,0.060826755301865265,"{""colsample_bytree"": 0.44043847287769655, ""learning_rate"": 0.04728376965452891, ""max_depth"": 2, ""min_child_weight"": 8, ""reg_lambda"": 1.0803713422936827, ""subsample"": 0.6306732570407388}"
4,2,9,1,0.42130947,0.4056178529499402,0.11181927484826916,"{""colsample_bytree"": 0.44043847287769655, ""learning_rate"": 0.04728376965452891, ""max_depth"": 2, ""min_child_weight"": 8, ""reg_lambda"": 1.0803713422936827, ""subsample"": 0.6306732570407388}"
4,2,13,0,0.46726152,0.4803007548665759,0.08234707385909265,"{""colsample_bytree"": 0.44043847287769655, ""learning_rate"": 0.04728376965452891, ""max_depth"": 2, ""min_child_weight"": 8, ""reg_lambda"": 1.0803713422936827, ""subsample"": 0.6306732570407388}"
4,2,17,0,0.20065138,0.2294912735194609,0.05175101419391279,"{""colsample_bytree"": 0.44043847287769655, ""learning_rate"": 0.04728376965452891, ""max_depth"": 2, ""min_child_weight"": 8, ""reg_lambda"": 1.0803713422936827, ""subsample"": 0.6306732570407388}"
4,2,18,0,0.61570585,0.6499381880810937,0.10266307835396389,"{""colsample_bytree"": 0.44043847287769655, ""learning_rate"": 0.04728376965452891, ""max_depth"": 2, ""min_child_weight"": 8, ""reg_lambda"": 1.0803713422936827, ""subsample"": 0.6306732570407388}"
4,2,19,1,0.67969036,0.6206762393246208,0.09449341238174817,"{""colsample_bytree"": 0.44043847287769655, ""learning_rate"": 0.04728376965452891, ""max_depth"": 2, ""min_child_weight"": 8, ""reg_lambda"": 1.0803713422936827, ""subsample"": 0.6306732570407388}"
4,2,21,1,0.6528448,0.6760790149649605,0.10212362592922795,"{""colsample_bytree"": 0.44043847287769655, ""learning_rate"": 0.04728376965452891, ""max_depth"": 2, ""min_child_weight"": 8, ""reg_lambda"": 1.0803713422936827, ""subsample"": 0.6306732570407388}"
4,2,23,0,0.856601,0.7522019739239407,0.0905806763033289,"{""colsample_bytree"": 0.44043847287769655, ""learning_rate"": 0.04728376965452891, ""max_depth"": 2, ""min_child_weight"": 8, ""reg_lambda"": 1.0803713422936827, ""subsample"": 0.6306732570407388}"
4,2,33,1,0.7918537,0.6933206798801633,0.08778780751650878,"{""colsample_bytree"": 0.44043847287769655, ""learning_rate"": 0.04728376965452891, ""max_depth"": 2, ""min_child_weight"": 8, ""reg_lambda"": 1.0803713422936827, ""subsample"": 0.6306732570407388}"
4,2,34,0,0.17142507,0.21649829939429224,0.07116947469764363,"{""colsample_bytree"": 0.44043847287769655, ""learning_rate"": 0.04728376965452891, ""max_depth"": 2, ""min_child_weight"": 8, ""reg_lambda"": 1.0803713422936827, ""subsample"": 0.6306732570407388}"
4,2,41,0,0.1449905,0.18402654856895218,0.06753896621727373,"{""colsample_bytree"": 0.44043847287769655, ""learning_rate"": 0.04728376965452891, ""max_depth"": 2, ""min_child_weight"": 8, ""reg_lambda"": 1.0803713422936827, ""subsample"": 0.6306732570407388}"
4,2,44,0,0.17386943,0.2341555646360555,0.07469854239118415,"{""colsample_bytree"": 0.44043847287769655, ""learning_rate"": 0.04728376965452891, ""max_depth"": 2, ""min_child_weight"": 8, ""reg_lambda"": 1.0803713422936827, ""subsample"": 0.6306732570407388}"
4,2,45,1,0.37411377,0.2991794914638679,0.06301258743497212,"{""colsample_bytree"": 0.44043847287769655, ""learning_rate"": 0.04728376965452891, ""max_depth"": 2, ""min_child_weight"": 8, ""reg_lambda"": 1.0803713422936827, ""subsample"": 0.6306732570407388}"
4,2,47,1,0.7446739,0.6966949774857591,0.09591154429356279,"{""colsample_bytree"": 0.44043847287769655, ""learning_rate"": 0.04728376965452891, ""max_depth"": 2, ""min_child_weight"": 8, ""reg_lambda"": 1.0803713422936827, ""subsample"": 0.6306732570407388}"
4,2,50,1,0.54569566,0.497841639222119,0.07736886207412998,"{""colsample_bytree"": 0.44043847287769655, ""learning_rate"": 0.04728376965452891, ""max_depth"": 2, ""min_child_weight"": 8, ""reg_lambda"": 1.0803713422936827, ""subsample"": 0.6306732570407388}"
4,2,55,1,0.3078101,0.33746116313721053,0.02396894585702725,"{""colsample_bytree"": 0.44043847287769655, ""learning_rate"": 0.04728376965452891, ""max_depth"": 2, ""min_child_weight"": 8, ""reg_lambda"": 1.0803713422936827, ""subsample"": 0.6306732570407388}"
4,2,71,1,0.77720046,0.7418141748585532,0.10950917839373767,"{""colsample_bytree"": 0.44043847287769655, ""learning_rate"": 0.04728376965452891, ""max_depth"": 2, ""min_child_weight"": 8, ""reg_lambda"": 1.0803713422936827, ""subsample"": 0.6306732570407388}"
4,2,75,0,0.26986083,0.28034349593317937,0.04968762140809778,"{""colsample_bytree"": 0.44043847287769655, ""learning_rate"": 0.04728376965452891, ""max_depth"": 2, ""min_child_weight"": 8, ""reg_lambda"": 1.0803713422936827, ""subsample"": 0.6306732570407388}"
4,2,76,0,0.6761351,0.6252878445925752,0.09252868647735492,"{""colsample_bytree"": 0.44043847287769655, ""learning_rate"": 0.04728376965452891, ""max_depth"": 2, ""min_child_weight"": 8, ""reg_lambda"": 1.0803713422936827, ""subsample"": 0.6306732570407388}"
4,2,78,1,0.32679266,0.3186887104311707,0.057946199465505,"{""colsample_bytree"": 0.44043847287769655, ""learning_rate"": 0.04728376965452891, ""max_depth"": 2, ""min_child_weight"": 8, ""reg_lambda"": 1.0803713422936827, ""subsample"": 0.6306732570407388}"
4,2,85,1,0.2471021,0.2595842447302363,0.045356652728700445,"{""colsample_bytree"": 0.44043847287769655, ""learning_rate"": 0.04728376965452891, ""max_depth"": 2, ""min_child_weight"": 8, ""reg_lambda"": 1.0803713422936827, ""subsample"": 0.6306732570407388}"
4,2,89,1,0.55637956,0.5325427566118861,0.0640008082111627,"{""colsample_bytree"": 0.44043847287769655, ""learning_rate"": 0.04728376965452891, ""max_depth"": 2, ""min_child_weight"": 8, ""reg_lambda"": 1.0803713422936827, ""subsample"": 0.6306732570407388}"
4,2,90,1,0.45246997,0.4542117752174747,0.09307320858881121,"{""colsample_bytree"": 0.44043847287769655, ""learning_rate"": 0.04728376965452891, ""max_depth"": 2, ""min_child_weight"": 8, ""reg_lambda"": 1.0803713422936827, ""subsample"": 0.6306732570407388}"
4,2,92,1,0.6618184,0.6182207185121037,0.11356106425585392,"{""colsample_bytree"": 0.44043847287769655, ""learning_rate"": 0.04728376965452891, ""max_depth"": 2, ""min_child_weight"": 8, ""reg_lambda"": 1.0803713422936827, ""subsample"": 0.6306732570407388}"
4,2,97,1,0.682445,0.5794269780193113,0.08243499128660643,"{""colsample_bytree"": 0.44043847287769655, ""learning_rate"": 0.04728376965452891, ""max_depth"": 2, ""min_child_weight"": 8, ""reg_lambda"": 1.0803713422936827, ""subsample"": 0.6306732570407388}"
4,2,100,0,0.40733635,0.4096252248303142,0.05153111285511182,"{""colsample_bytree"": 0.44043847287769655, ""learning_rate"": 0.04728376965452891, ""max_depth"": 2, ""min_child_weight"": 8, ""reg_lambda"": 1.0803713422936827, ""subsample"": 0.6306732570407388}"
4,2,105,0,0.22203419,0.2597186756291773,0.05963420508152407,"{""colsample_bytree"": 0.44043847287769655, ""learning_rate"": 0.04728376965452891, ""max_depth"": 2, ""min_child_weight"": 8, ""reg_lambda"": 1.0803713422936827, ""subsample"": 0.6306732570407388}"
4,2,108,0,0.18676667,0.22433213534652047,0.05269736056894508,"{""colsample_bytree"": 0.44043847287769655, ""learning_rate"": 0.04728376965452891, ""max_depth"": 2, ""min_child_weight"": 8, ""reg_lambda"": 1.0803713422936827, ""subsample"": 0.6306732570407388}"
4,2,120,1,0.5511965,0.5230628768592858,0.09580938958233358,"{""colsample_bytree"": 0.44043847287769655, ""learning_rate"": 0.04728376965452891, ""max_depth"": 2, ""min_child_weight"": 8, ""reg_lambda"": 1.0803713422936827, ""subsample"": 0.6306732570407388}"
4,2,122,1,0.7569424,0.6649805456829047,0.07417880294525567,"{""colsample_bytree"": 0.44043847287769655, ""learning_rate"": 0.04728376965452891, ""max_depth"": 2, ""min_child_weight"": 8, ""reg_lambda"": 1.0803713422936827, ""subsample"": 0.6306732570407388}"
4,2,128,0,0.25033197,0.30654563598258805,0.06033545884733757,"{""colsample_bytree"": 0.44043847287769655, ""learning_rate"": 0.04728376965452891, ""max_depth"": 2, ""min_child_weight"": 8, ""reg_lambda"": 1.0803713422936827, ""subsample"": 0.6306732570407388}"
4,2,131,0,0.35126066,0.3911331807686103,0.051551257531101916,"{""colsample_bytree"": 0.44043847287769655, ""learning_rate"": 0.04728376965452891, ""max_depth"": 2, ""min_child_weight"": 8, ""reg_lambda"": 1.0803713422936827, ""subsample"": 0.6306732570407388}"
4,2,138,1,0.38961715,0.39356092816386334,0.0998971522657185,"{""colsample_bytree"": 0.44043847287769655, ""learning_rate"": 0.04728376965452891, ""max_depth"": 2, ""min_child_weight"": 8, ""reg_lambda"": 1.0803713422936827, ""subsample"": 0.6306732570407388}"
4,2,146,0,0.786468,0.6924943495329292,0.07813150476734256,"{""colsample_bytree"": 0.44043847287769655, ""learning_rate"": 0.04728376965452891, ""max_depth"": 2, ""min_child_weight"": 8, ""reg_lambda"": 1.0803713422936827, ""subsample"": 0.6306732570407388}"
4,2,148,1,0.49005365,0.4348933141281773,0.044556292015806145,"{""colsample_bytree"": 0.44043847287769655, ""learning_rate"": 0.04728376965452891, ""max_depth"": 2, ""min_child_weight"": 8, ""reg_lambda"": 1.0803713422936827, ""subsample"": 0.6306732570407388}"
4,2,165,0,0.76985323,0.6674551729434978,0.06205699744802851,"{""colsample_bytree"": 0.44043847287769655, ""learning_rate"": 0.04728376965452891, ""max_depth"": 2, ""min_child_weight"": 8, ""reg_lambda"": 1.0803713422936827, ""subsample"": 0.6306732570407388}"
4,2,168,0,0.058647033,0.16307350403678664,0.0680020882449157,"{""colsample_bytree"": 0.44043847287769655, ""learning_rate"": 0.04728376965452891, ""max_depth"": 2, ""min_child_weight"": 8, ""reg_lambda"": 1.0803713422936827, ""subsample"": 0.6306732570407388}"
4,2,188,0,0.19363241,0.22255697672137936,0.04680189477241581,"{""colsample_bytree"": 0.44043847287769655, ""learning_rate"": 0.04728376965452891, ""max_depth"": 2, ""min_child_weight"": 8, ""reg_lambda"": 1.0803713422936827, ""subsample"": 0.6306732570407388}"
4,2,196,0,0.25244862,0.3120361279262881,0.04216464503839752,"{""colsample_bytree"": 0.44043847287769655, ""learning_rate"": 0.04728376965452891, ""max_depth"": 2, ""min_child_weight"": 8, ""reg_lambda"": 1.0803713422936827, ""subsample"": 0.6306732570407388}"
4,2,199,0,0.19629167,0.27603763865133096,0.04468368252839837,"{""colsample_bytree"": 0.44043847287769655, ""learning_rate"": 0.04728376965452891, ""max_depth"": 2, ""min_child_weight"": 8, ""reg_lambda"": 1.0803713422936827, ""subsample"": 0.6306732570407388}"
4,2,200,0,0.4849736,0.4985131240412167,0.13690840927772271,"{""colsample_bytree"": 0.44043847287769655, ""learning_rate"": 0.04728376965452891, ""max_depth"": 2, ""min_child_weight"": 8, ""reg_lambda"": 1.0803713422936827, ""subsample"": 0.6306732570407388}"
4,2,201,0,0.3543979,0.3542047434292905,0.05495342486246528,"{""colsample_bytree"": 0.44043847287769655, ""learning_rate"": 0.04728376965452891, ""max_depth"": 2, ""min_child_weight"": 8, ""reg_lambda"": 1.0803713422936827, ""subsample"": 0.6306732570407388}"
4,2,205,0,0.14244981,0.222470776370607,0.06025608678591097,"{""colsample_bytree"": 0.44043847287769655, ""learning_rate"": 0.04728376965452891, ""max_depth"": 2, ""min_child_weight"": 8, ""reg_lambda"": 1.0803713422936827, ""subsample"": 0.6306732570407388}"
4,2,208,0,0.43276104,0.376596542502452,0.07044577701696697,"{""colsample_bytree"": 0.44043847287769655, ""learning_rate"": 0.04728376965452891, ""max_depth"": 2, ""min_child_weight"": 8, ""reg_lambda"": 1.0803713422936827, ""subsample"": 0.6306732570407388}"
4,2,219,1,0.15084535,0.20709894522247324,0.0670676016668776,"{""colsample_bytree"": 0.44043847287769655, ""learning_rate"": 0.04728376965452891, ""max_depth"": 2, ""min_child_weight"": 8, ""reg_lambda"": 1.0803713422936827, ""subsample"": 0.6306732570407388}"
4,2,224,0,0.5387147,0.552543026050142,0.09502015656283798,"{""colsample_bytree"": 0.44043847287769655, ""learning_rate"": 0.04728376965452891, ""max_depth"": 2, ""min_child_weight"": 8, ""reg_lambda"": 1.0803713422936827, ""subsample"": 0.6306732570407388}"
4,2,229,1,0.19671069,0.21486522153903453,0.04497880091714792,"{""colsample_bytree"": 0.44043847287769655, ""learning_rate"": 0.04728376965452891, ""max_depth"": 2, ""min_child_weight"": 8, ""reg_lambda"": 1.0803713422936827, ""subsample"": 0.6306732570407388}"
4,2,233,0,0.28043786,0.38162275563875225,0.07581572292275097,"{""colsample_bytree"": 0.44043847287769655, ""learning_rate"": 0.04728376965452891, ""max_depth"": 2, ""min_child_weight"": 8, ""reg_lambda"": 1.0803713422936827, ""subsample"": 0.6306732570407388}"
4,2,240,0,0.7416777,0.6830191617908563,0.07573260724230427,"{""colsample_bytree"": 0.44043847287769655, ""learning_rate"": 0.04728376965452891, ""max_depth"": 2, ""min_child_weight"": 8, ""reg_lambda"": 1.0803713422936827, ""subsample"": 0.6306732570407388}"
4,2,245,1,0.5386746,0.48912717999528244,0.04520708172154758,"{""colsample_bytree"": 0.44043847287769655, ""learning_rate"": 0.04728376965452891, ""max_depth"": 2, ""min_child_weight"": 8, ""reg_lambda"": 1.0803713422936827, ""subsample"": 0.6306732570407388}"
4,2,246,1,0.76104045,0.6981704607405569,0.09892113357336851,"{""colsample_bytree"": 0.44043847287769655, ""learning_rate"": 0.04728376965452891, ""max_depth"": 2, ""min_child_weight"": 8, ""reg_lambda"": 1.0803713422936827, ""subsample"": 0.6306732570407388}"
4,2,256,0,0.18319942,0.21035263640145332,0.05383213539890947,"{""colsample_bytree"": 0.44043847287769655, ""learning_rate"": 0.04728376965452891, ""max_depth"": 2, ""min_child_weight"": 8, ""reg_lambda"": 1.0803713422936827, ""subsample"": 0.6306732570407388}"
4,2,257,0,0.10553454,0.18373420910213273,0.07946175846359273,"{""colsample_bytree"": 0.44043847287769655, ""learning_rate"": 0.04728376965452891, ""max_depth"": 2, ""min_child_weight"": 8, ""reg_lambda"": 1.0803713422936827, ""subsample"": 0.6306732570407388}"
4,2,258,0,0.2816153,0.34327691054493353,0.017513913863905786,"{""colsample_bytree"": 0.44043847287769655, ""learning_rate"": 0.04728376965452891, ""max_depth"": 2, ""min_child_weight"": 8, ""reg_lambda"": 1.0803713422936827, ""subsample"": 0.6306732570407388}"
4,2,262,0,0.2448756,0.24910276586209812,0.05708192712516458,"{""colsample_bytree"": 0.44043847287769655, ""learning_rate"": 0.04728376965452891, ""max_depth"": 2, ""min_child_weight"": 8, ""reg_lambda"": 1.0803713422936827, ""subsample"": 0.6306732570407388}"
4,2,263,0,0.045187563,0.16257300438620034,0.07096880076552103,"{""colsample_bytree"": 0.44043847287769655, ""learning_rate"": 0.04728376965452891, ""max_depth"": 2, ""min_child_weight"": 8, ""reg_lambda"": 1.0803713422936827, ""subsample"": 0.6306732570407388}"
4,2,276,0,0.12894535,0.1914758509604252,0.06977462186168024,"{""colsample_bytree"": 0.44043847287769655, ""learning_rate"": 0.04728376965452891, ""max_depth"": 2, ""min_child_weight"": 8, ""reg_lambda"": 1.0803713422936827, ""subsample"": 0.6306732570407388}"
4,2,282,0,0.48801205,0.4245777543259651,0.05678442911194111,"{""colsample_bytree"": 0.44043847287769655, ""learning_rate"": 0.04728376965452891, ""max_depth"": 2, ""min_child_weight"": 8, ""reg_lambda"": 1.0803713422936827, ""subsample"": 0.6306732570407388}"
4,2,285,0,0.16678876,0.24962371953032542,0.06492049777677411,"{""colsample_bytree"": 0.44043847287769655, ""learning_rate"": 0.04728376965452891, ""max_depth"": 2, ""min_child_weight"": 8, ""reg_lambda"": 1.0803713422936827, ""subsample"": 0.6306732570407388}"
4,2,290,0,0.15997718,0.24045283057016462,0.05016295220064606,"{""colsample_bytree"": 0.44043847287769655, ""learning_rate"": 0.04728376965452891, ""max_depth"": 2, ""min_child_weight"": 8, ""reg_lambda"": 1.0803713422936827, ""subsample"": 0.6306732570407388}"
4,2,294,1,0.26107752,0.29284023104150264,0.07763238447470437,"{""colsample_bytree"": 0.44043847287769655, ""learning_rate"": 0.04728376965452891, ""max_depth"": 2, ""min_child_weight"": 8, ""reg_lambda"": 1.0803713422936827, ""subsample"": 0.6306732570407388}"
4,3,6,0,0.24872339,0.23773842265123907,0.08920039884939365,"{""colsample_bytree"": 0.7034290998172351, ""learning_rate"": 0.015783650688867435, ""max_depth"": 4, ""min_child_weight"": 9, ""reg_lambda"": 0.2288991041084164, ""subsample"": 0.6701381884178736}"
4,3,11,1,0.5086936,0.545912712371176,0.0584917751403884,"{""colsample_bytree"": 0.7034290998172351, ""learning_rate"": 0.015783650688867435, ""max_depth"": 4, ""min_child_weight"": 9, ""reg_lambda"": 0.2288991041084164, ""subsample"": 0.6701381884178736}"
4,3,14,0,0.28578675,0.2616497702539008,0.024936724722462843,"{""colsample_bytree"": 0.7034290998172351, ""learning_rate"": 0.015783650688867435, ""max_depth"": 4, ""min_child_weight"": 9, ""reg_lambda"": 0.2288991041084164, ""subsample"": 0.6701381884178736}"
4,3,16,0,0.23012246,0.18818289582400688,0.06692171928818068,"{""colsample_bytree"": 0.7034290998172351, ""learning_rate"": 0.015783650688867435, ""max_depth"": 4, ""min_child_weight"": 9, ""reg_lambda"": 0.2288991041084164, ""subsample"": 0.6701381884178736}"
4,3,22,1,0.7036415,0.7417476414450825,0.0880996796328249,"{""colsample_bytree"": 0.7034290998172351, ""learning_rate"": 0.015783650688867435, ""max_depth"": 4, ""min_child_weight"": 9, ""reg_lambda"": 0.2288991041084164, ""subsample"": 0.6701381884178736}"
4,3,24,0,0.3858629,0.3989877690041382,0.0682113866773691,"{""colsample_bytree"": 0.7034290998172351, ""learning_rate"": 0.015783650688867435, ""max_depth"": 4, ""min_child_weight"": 9, ""reg_lambda"": 0.2288991041084164, ""subsample"": 0.6701381884178736}"
4,3,30,0,0.6457226,0.6514055108679745,0.09141250938963222,"{""colsample_bytree"": 0.7034290998172351, ""learning_rate"": 0.015783650688867435, ""max_depth"": 4, ""min_child_weight"": 9, ""reg_lambda"": 0.2288991041084164, ""subsample"": 0.6701381884178736}"
4,3,36,1,0.4288523,0.539558881139908,0.06486209210270377,"{""colsample_bytree"": 0.7034290998172351, ""learning_rate"": 0.015783650688867435, ""max_depth"": 4, ""min_child_weight"": 9, ""reg_lambda"": 0.2288991041084164, ""subsample"": 0.6701381884178736}"
4,3,38,0,0.36993068,0.3348714873546918,0.03005463900539766,"{""colsample_bytree"": 0.7034290998172351, ""learning_rate"": 0.015783650688867435, ""max_depth"": 4, ""min_child_weight"": 9, ""reg_lambda"": 0.2288991041084164, ""subsample"": 0.6701381884178736}"
4,3,46,1,0.23869355,0.23246619440978494,0.06670295695289047,"{""colsample_bytree"": 0.7034290998172351, ""learning_rate"": 0.015783650688867435, ""max_depth"": 4, ""min_child_weight"": 9, ""reg_lambda"": 0.2288991041084164, ""subsample"": 0.6701381884178736}"
4,3,51,1,0.46121562,0.39800512649262876,0.026518364333114133,"{""colsample_bytree"": 0.7034290998172351, ""learning_rate"": 0.015783650688867435, ""max_depth"": 4, ""min_child_weight"": 9, ""reg_lambda"": 0.2288991041084164, ""subsample"": 0.6701381884178736}"
4,3,57,1,0.64159024,0.742509121522736,0.05705032987739515,"{""colsample_bytree"": 0.7034290998172351, ""learning_rate"": 0.015783650688867435, ""max_depth"": 4, ""min_child_weight"": 9, ""reg_lambda"": 0.2288991041084164, ""subsample"": 0.6701381884178736}"
4,3,61,0,0.31843886,0.25465375185846134,0.0458116179829091,"{""colsample_bytree"": 0.7034290998172351, ""learning_rate"": 0.015783650688867435, ""max_depth"": 4, ""min_child_weight"": 9, ""reg_lambda"": 0.2288991041084164, ""subsample"": 0.6701381884178736}"
4,3,62,0,0.20832786,0.20092702864388062,0.03579978490912482,"{""colsample_bytree"": 0.7034290998172351, ""learning_rate"": 0.015783650688867435, ""max_depth"": 4, ""min_child_weight"": 9, ""reg_lambda"": 0.2288991041084164, ""subsample"": 0.6701381884178736}"
4,3,65,1,0.29033884,0.2346405431693938,0.054839916102676085,"{""colsample_bytree"": 0.7034290998172351, ""learning_rate"": 0.015783650688867435, ""max_depth"": 4, ""min_child_weight"": 9, ""reg_lambda"": 0.2288991041084164, ""subsample"": 0.6701381884178736}"
4,3,67,0,0.41154778,0.3338103200329482,0.05917211436573978,"{""colsample_bytree"": 0.7034290998172351, ""learning_rate"": 0.015783650688867435, ""max_depth"": 4, ""min_child_weight"": 9, ""reg_lambda"": 0.2288991041084164, ""subsample"": 0.6701381884178736}"
4,3,68,0,0.16624592,0.1554075396262361,0.024846263830430242,"{""colsample_bytree"": 0.7034290998172351, ""learning_rate"": 0.015783650688867435, ""max_depth"": 4, ""min_child_weight"": 9, ""reg_lambda"": 0.2288991041084164, ""subsample"": 0.6701381884178736}"
4,3,69,1,0.5857185,0.6627108184540815,0.046222095313621904,"{""colsample_bytree"": 0.7034290998172351, ""learning_rate"": 0.015783650688867435, ""max_depth"": 4, ""min_child_weight"": 9, ""reg_lambda"": 0.2288991041084164, ""subsample"": 0.6701381884178736}"
4,3,72,0,0.37148893,0.341111352609453,0.05046325673115389,"{""colsample_bytree"": 0.7034290998172351, ""learning_rate"": 0.015783650688867435, ""max_depth"": 4, ""min_child_weight"": 9, ""reg_lambda"": 0.2288991041084164, ""subsample"": 0.6701381884178736}"
4,3,73,0,0.3232605,0.3865080919337792,0.08842174978390671,"{""colsample_bytree"": 0.7034290998172351, ""learning_rate"": 0.015783650688867435, ""max_depth"": 4, ""min_child_weight"": 9, ""reg_lambda"": 0.2288991041084164, ""subsample"": 0.6701381884178736}"
4,3,84,0,0.42191473,0.4506047380302965,0.08000337209995804,"{""colsample_bytree"": 0.7034290998172351, ""learning_rate"": 0.015783650688867435, ""max_depth"": 4, ""min_child_weight"": 9, ""reg_lambda"": 0.2288991041084164, ""subsample"": 0.6701381884178736}"
4,3,107,1,0.41982275,0.3930251046714396,0.018651896029616935,"{""colsample_bytree"": 0.7034290998172351, ""learning_rate"": 0.015783650688867435, ""max_depth"": 4, ""min_child_weight"": 9, ""reg_lambda"": 0.2288991041084164, ""subsample"": 0.6701381884178736}"
4,3,109,1,0.45201528,0.5844971421183349,0.09104889109969211,"{""colsample_bytree"": 0.7034290998172351, ""learning_rate"": 0.015783650688867435, ""max_depth"": 4, ""min_child_weight"": 9, ""reg_lambda"": 0.2288991041084164, ""subsample"": 0.6701381884178736}"
4,3,111,1,0.5413979,0.5849241332265958,0.08960756306143326,"{""colsample_bytree"": 0.7034290998172351, ""learning_rate"": 0.015783650688867435, ""max_depth"": 4, ""min_child_weight"": 9, ""reg_lambda"": 0.2288991041084164, ""subsample"": 0.6701381884178736}"
4,3,126,0,0.611118,0.5904756655756837,0.048719643978216175,"{""colsample_bytree"": 0.7034290998172351, ""learning_rate"": 0.015783650688867435, ""max_depth"": 4, ""min_child_weight"": 9, ""reg_lambda"": 0.2288991041084164, ""subsample"": 0.6701381884178736}"
4,3,127,0,0.6210285,0.6397964253261761,0.015286529338483857,"{""colsample_bytree"": 0.7034290998172351, ""learning_rate"": 0.015783650688867435, ""max_depth"": 4, ""min_child_weight"": 9, ""reg_lambda"": 0.2288991041084164, ""subsample"": 0.6701381884178736}"
4,3,135,0,0.38439614,0.46186882834778353,0.06521760378498694,"{""colsample_bytree"": 0.7034290998172351, ""learning_rate"": 0.015783650688867435, ""max_depth"": 4, ""min_child_weight"": 9, ""reg_lambda"": 0.2288991041084164, ""subsample"": 0.6701381884178736}"
4,3,136,0,0.17823721,0.1731962578530821,0.038172548938460955,"{""colsample_bytree"": 0.7034290998172351, ""learning_rate"": 0.015783650688867435, ""max_depth"": 4, ""min_child_weight"": 9, ""reg_lambda"": 0.2288991041084164, ""subsample"": 0.6701381884178736}"
4,3,154,0,0.3647523,0.46019460893585784,0.06795514456537059,"{""colsample_bytree"": 0.7034290998172351, ""learning_rate"": 0.015783650688867435, ""max_depth"": 4, ""min_child_weight"": 9, ""reg_lambda"": 0.2288991041084164, ""subsample"": 0.6701381884178736}"
4,3,157,1,0.2801587,0.27294540517356763,0.07597771349054605,"{""colsample_bytree"": 0.7034290998172351, ""learning_rate"": 0.015783650688867435, ""max_depth"": 4, ""min_child_weight"": 9, ""reg_lambda"": 0.2288991041084164, ""subsample"": 0.6701381884178736}"
4,3,166,0,0.15587011,0.147018177530422,0.0469939373957442,"{""colsample_bytree"": 0.7034290998172351, ""learning_rate"": 0.015783650688867435, ""max_depth"": 4, ""min_child_weight"": 9, ""reg_lambda"": 0.2288991041084164, ""subsample"": 0.6701381884178736}"
4,3,169,0,0.21490027,0.18706735125989873,0.02301305043317701,"{""colsample_bytree"": 0.7034290998172351, ""learning_rate"": 0.015783650688867435, ""max_depth"": 4, ""min_child_weight"": 9, ""reg_lambda"": 0.2288991041084164, ""subsample"": 0.6701381884178736}"
4,3,181,1,0.580142,0.6252950577608729,0.08708811592330075,"{""colsample_bytree"": 0.7034290998172351, ""learning_rate"": 0.015783650688867435, ""max_depth"": 4, ""min_child_weight"": 9, ""reg_lambda"": 0.2288991041084164, ""subsample"": 0.6701381884178736}"
4,3,185,0,0.2636701,0.23297564373725269,0.040798452519442016,"{""colsample_bytree"": 0.7034290998172351, ""learning_rate"": 0.015783650688867435, ""max_depth"": 4, ""min_child_weight"": 9, ""reg_lambda"": 0.2288991041084164, ""subsample"": 0.6701381884178736}"
4,3,187,1,0.50863993,0.5444267418596173,0.04529240846797763,"{""colsample_bytree"": 0.7034290998172351, ""learning_rate"": 0.015783650688867435, ""max_depth"": 4, ""min_child_weight"": 9, ""reg_lambda"": 0.2288991041084164, ""subsample"": 0.6701381884178736}"
4,3,189,1,0.6308101,0.6792833477284693,0.011646249552888961,"{""colsample_bytree"": 0.7034290998172351, ""learning_rate"": 0.015783650688867435, ""max_depth"": 4, ""min_child_weight"": 9, ""reg_lambda"": 0.2288991041084164, ""subsample"": 0.6701381884178736}"
4,3,195,0,0.4907917,0.5188420823445611,0.08207823782859093,"{""colsample_bytree"": 0.7034290998172351, ""learning_rate"": 0.015783650688867435, ""max_depth"": 4, ""min_child_weight"": 9, ""reg_lambda"": 0.2288991041084164, ""subsample"": 0.6701381884178736}"
4,3,214,0,0.5651133,0.6440971786961025,0.058410927694983024,"{""colsample_bytree"": 0.7034290998172351, ""learning_rate"": 0.015783650688867435, ""max_depth"": 4, ""min_child_weight"": 9, ""reg_lambda"": 0.2288991041084164, ""subsample"": 0.6701381884178736}"
4,3,218,0,0.28540796,0.26695393318801847,0.029905954470008777,"{""colsample_bytree"": 0.7034290998172351, ""learning_rate"": 0.015783650688867435, ""max_depth"": 4, ""min_child_weight"": 9, ""reg_lambda"": 0.2288991041084164, ""subsample"": 0.6701381884178736}"
4,3,236,1,0.24779058,0.23063892559728266,0.05824984930267374,"{""colsample_bytree"": 0.7034290998172351, ""learning_rate"": 0.015783650688867435, ""max_depth"": 4, ""min_child_weight"": 9, ""reg_lambda"": 0.2288991041084164, ""subsample"": 0.6701381884178736}"
4,3,238,0,0.2173093,0.1986096492313527,0.0453257861489983,"{""colsample_bytree"": 0.7034290998172351, ""learning_rate"": 0.015783650688867435, ""max_depth"": 4, ""min_child_weight"": 9, ""reg_lambda"": 0.2288991041084164, ""subsample"": 0.6701381884178736}"
4,3,239,0,0.34069625,0.3629906214247637,0.07197607602002294,"{""colsample_bytree"": 0.7034290998172351, ""learning_rate"": 0.015783650688867435, ""max_depth"": 4, ""min_child_weight"": 9, ""reg_lambda"": 0.2288991041084164, ""subsample"": 0.6701381884178736}"
4,3,241,1,0.39552838,0.3791245409760687,0.03698856600012262,"{""colsample_bytree"": 0.7034290998172351, ""learning_rate"": 0.015783650688867435, ""max_depth"": 4, ""min_child_weight"": 9, ""reg_lambda"": 0.2288991041084164, ""subsample"": 0.6701381884178736}"
4,3,242,0,0.3729636,0.3512271536639331,0.06859988868908139,"{""colsample_bytree"": 0.7034290998172351, ""learning_rate"": 0.015783650688867435, ""max_depth"": 4, ""min_child_weight"": 9, ""reg_lambda"": 0.2288991041084164, ""subsample"": 0.6701381884178736}"
4,3,251,0,0.1695629,0.17421970898238284,0.03930043767897064,"{""colsample_bytree"": 0.7034290998172351, ""learning_rate"": 0.015783650688867435, ""max_depth"": 4, ""min_child_weight"": 9, ""reg_lambda"": 0.2288991041084164, ""subsample"": 0.6701381884178736}"
4,3,252,0,0.39970002,0.39039648369587776,0.021563668436336163,"{""colsample_bytree"": 0.7034290998172351, ""learning_rate"": 0.015783650688867435, ""max_depth"": 4, ""min_child_weight"": 9, ""reg_lambda"": 0.2288991041084164, ""subsample"": 0.6701381884178736}"
4,3,254,0,0.39808714,0.28946854748918044,0.04241372961346008,"{""colsample_bytree"": 0.7034290998172351, ""learning_rate"": 0.015783650688867435, ""max_depth"": 4, ""min_child_weight"": 9, ""reg_lambda"": 0.2288991041084164, ""subsample"": 0.6701381884178736}"
4,3,260,1,0.46060938,0.49910558253983484,0.0903287367100494,"{""colsample_bytree"": 0.7034290998172351, ""learning_rate"": 0.015783650688867435, ""max_depth"": 4, ""min_child_weight"": 9, ""reg_lambda"": 0.2288991041084164, ""subsample"": 0.6701381884178736}"
4,3,265,1,0.35281825,0.303558850392998,0.037071793710207177,"{""colsample_bytree"": 0.7034290998172351, ""learning_rate"": 0.015783650688867435, ""max_depth"": 4, ""min_child_weight"": 9, ""reg_lambda"": 0.2288991041084164, ""subsample"": 0.6701381884178736}"
4,3,267,1,0.5112323,0.6249301673191224,0.06172301895401736,"{""colsample_bytree"": 0.7034290998172351, ""learning_rate"": 0.015783650688867435, ""max_depth"": 4, ""min_child_weight"": 9, ""reg_lambda"": 0.2288991041084164, ""subsample"": 0.6701381884178736}"
4,3,277,0,0.4549337,0.5452213944030337,0.05150656717109035,"{""colsample_bytree"": 0.7034290998172351, ""learning_rate"": 0.015783650688867435, ""max_depth"": 4, ""min_child_weight"": 9, ""reg_lambda"": 0.2288991041084164, ""subsample"": 0.6701381884178736}"
4,3,279,1,0.41717774,0.34698332075289173,0.05080782657407161,"{""colsample_bytree"": 0.7034290998172351, ""learning_rate"": 0.015783650688867435, ""max_depth"": 4, ""min_child_weight"": 9, ""reg_lambda"": 0.2288991041084164, ""subsample"": 0.6701381884178736}"
4,3,281,1,0.38841122,0.3814957661393195,0.039633654458967126,"{""colsample_bytree"": 0.7034290998172351, ""learning_rate"": 0.015783650688867435, ""max_depth"": 4, ""min_child_weight"": 9, ""reg_lambda"": 0.2288991041084164, ""subsample"": 0.6701381884178736}"
4,3,283,0,0.20373166,0.17216377628054985,0.047131731532623254,"{""colsample_bytree"": 0.7034290998172351, ""learning_rate"": 0.015783650688867435, ""max_depth"": 4, ""min_child_weight"": 9, ""reg_lambda"": 0.2288991041084164, ""subsample"": 0.6701381884178736}"
4,3,288,1,0.28051323,0.2618546237358986,0.03495486385428428,"{""colsample_bytree"": 0.7034290998172351, ""learning_rate"": 0.015783650688867435, ""max_depth"": 4, ""min_child_weight"": 9, ""reg_lambda"": 0.2288991041084164, ""subsample"": 0.6701381884178736}"
4,3,289,0,0.23813765,0.24614253856827784,0.043569661267794914,"{""colsample_bytree"": 0.7034290998172351, ""learning_rate"": 0.015783650688867435, ""max_depth"": 4, ""min_child_weight"": 9, ""reg_lambda"": 0.2288991041084164, ""subsample"": 0.6701381884178736}"
4,3,295,0,0.25189045,0.24595765727225313,0.03236481857091069,"{""colsample_bytree"": 0.7034290998172351, ""learning_rate"": 0.015783650688867435, ""max_depth"": 4, ""min_child_weight"": 9, ""reg_lambda"": 0.2288991041084164, ""subsample"": 0.6701381884178736}"
4,3,296,0,0.24395552,0.2322954131420829,0.024125780729230894,"{""colsample_bytree"": 0.7034290998172351, ""learning_rate"": 0.015783650688867435, ""max_depth"": 4, ""min_child_weight"": 9, ""reg_lambda"": 0.2288991041084164, ""subsample"": 0.6701381884178736}"
4,3,301,0,0.15221132,0.15883618604582045,0.04684611173791096,"{""colsample_bytree"": 0.7034290998172351, ""learning_rate"": 0.015783650688867435, ""max_depth"": 4, ""min_child_weight"": 9, ""reg_lambda"": 0.2288991041084164, ""subsample"": 0.6701381884178736}"
4,3,302,0,0.33246532,0.27219852680137535,0.06802715299349728,"{""colsample_bytree"": 0.7034290998172351, ""learning_rate"": 0.015783650688867435, ""max_depth"": 4, ""min_child_weight"": 9, ""reg_lambda"": 0.2288991041084164, ""subsample"": 0.6701381884178736}"
4,4,2,0,0.17690386,0.23690473931581524,0.061818462678861964,"{""colsample_bytree"": 0.4236251716288426, ""learning_rate"": 0.07470778805766255, ""max_depth"": 4, ""min_child_weight"": 7, ""reg_lambda"": 0.3461126073750747, ""subsample"": 0.7541172173857117}"
4,4,15,1,0.20676629,0.35117707571498336,0.08722926154742032,"{""colsample_bytree"": 0.4236251716288426, ""learning_rate"": 0.07470778805766255, ""max_depth"": 4, ""min_child_weight"": 7, ""reg_lambda"": 0.3461126073750747, ""subsample"": 0.7541172173857117}"
4,4,20,1,0.37052315,0.3828689182073668,0.0534394711104368,"{""colsample_bytree"": 0.4236251716288426, ""learning_rate"": 0.07470778805766255, ""max_depth"": 4, ""min_child_weight"": 7, ""reg_lambda"": 0.3461126073750747, ""subsample"": 0.7541172173857117}"
4,4,28,1,0.5192243,0.4875942975013997,0.05066895201975839,"{""colsample_bytree"": 0.4236251716288426, ""learning_rate"": 0.07470778805766255, ""max_depth"": 4, ""min_child_weight"": 7, ""reg_lambda"": 0.3461126073750747, ""subsample"": 0.7541172173857117}"
4,4,31,1,0.6087395,0.5445368891297389,0.0565424223549801,"{""colsample_bytree"": 0.4236251716288426, ""learning_rate"": 0.07470778805766255, ""max_depth"": 4, ""min_child_weight"": 7, ""reg_lambda"": 0.3461126073750747, ""subsample"": 0.7541172173857117}"
4,4,32,1,0.43640384,0.42635685526528705,0.06598621943981924,"{""colsample_bytree"": 0.4236251716288426, ""learning_rate"": 0.07470778805766255, ""max_depth"": 4, ""min_child_weight"": 7, ""reg_lambda"": 0.3461126073750747, ""subsample"": 0.7541172173857117}"
4,4,48,0,0.016072314,0.190154402298929,0.047162617125879235,"{""colsample_bytree"": 0.4236251716288426, ""learning_rate"": 0.07470778805766255, ""max_depth"": 4, ""min_child_weight"": 7, ""reg_lambda"": 0.3461126073750747, ""subsample"": 0.7541172173857117}"
4,4,52,0,0.83297056,0.694609754376218,0.0922863846562422,"{""colsample_bytree"": 0.4236251716288426, ""learning_rate"": 0.07470778805766255, ""max_depth"": 4, ""min_child_weight"": 7, ""reg_lambda"": 0.3461126073750747, ""subsample"": 0.7541172173857117}"
4,4,54,0,0.10843359,0.22704638873028005,0.05489385606806437,"{""colsample_bytree"": 0.4236251716288426, ""learning_rate"": 0.07470778805766255, ""max_depth"": 4, ""min_child_weight"": 7, ""reg_lambda"": 0.3461126073750747, ""subsample"": 0.7541172173857117}"
4,4,56,1,0.097734384,0.2586423101316774,0.02576870295346155,"{""colsample_bytree"": 0.4236251716288426, ""learning_rate"": 0.07470778805766255, ""max_depth"": 4, ""min_child_weight"": 7, ""reg_lambda"": 0.3461126073750747, ""subsample"": 0.7541172173857117}"
4,4,64,0,0.04359507,0.20420730632343162,0.048570949747773075,"{""colsample_bytree"": 0.4236251716288426, ""learning_rate"": 0.07470778805766255, ""max_depth"": 4, ""min_child_weight"": 7, ""reg_lambda"": 0.3461126073750747, ""subsample"": 0.7541172173857117}"
4,4,77,1,0.70933914,0.5298577755642085,0.07759412215679379,"{""colsample_bytree"": 0.4236251716288426, ""learning_rate"": 0.07470778805766255, ""max_depth"": 4, ""min_child_weight"": 7, ""reg_lambda"": 0.3461126073750747, ""subsample"": 0.7541172173857117}"
4,4,79,0,0.44785917,0.35797021032097287,0.08132604795800324,"{""colsample_bytree"": 0.4236251716288426, ""learning_rate"": 0.07470778805766255, ""max_depth"": 4, ""min_child_weight"": 7, ""reg_lambda"": 0.3461126073750747, ""subsample"": 0.7541172173857117}"
4,4,82,1,0.35265395,0.4068610715178679,0.08613778367788857,"{""colsample_bytree"": 0.4236251716288426, ""learning_rate"": 0.07470778805766255, ""max_depth"": 4, ""min_child_weight"": 7, ""reg_lambda"": 0.3461126073750747, ""subsample"": 0.7541172173857117}"
4,4,86,1,0.26922435,0.4287059036348092,0.07635735342506451,"{""colsample_bytree"": 0.4236251716288426, ""learning_rate"": 0.07470778805766255, ""max_depth"": 4, ""min_child_weight"": 7, ""reg_lambda"": 0.3461126073750747, ""subsample"": 0.7541172173857117}"
4,4,87,1,0.64638436,0.5920523331659935,0.0560527277074648,"{""colsample_bytree"": 0.4236251716288426, ""learning_rate"": 0.07470778805766255, ""max_depth"": 4, ""min_child_weight"": 7, ""reg_lambda"": 0.3461126073750747, ""subsample"": 0.7541172173857117}"
4,4,88,1,0.6131844,0.6294011046065712,0.0830762821148901,"{""colsample_bytree"": 0.4236251716288426, ""learning_rate"": 0.07470778805766255, ""max_depth"": 4, ""min_child_weight"": 7, ""reg_lambda"": 0.3461126073750747, ""subsample"": 0.7541172173857117}"
4,4,93,0,0.91787696,0.6623701489783826,0.07877293588559085,"{""colsample_bytree"": 0.4236251716288426, ""learning_rate"": 0.07470778805766255, ""max_depth"": 4, ""min_child_weight"": 7, ""reg_lambda"": 0.3461126073750747, ""subsample"": 0.7541172173857117}"
4,4,94,0,0.21545625,0.29210234285185577,0.06869921069233523,"{""colsample_bytree"": 0.4236251716288426, ""learning_rate"": 0.07470778805766255, ""max_depth"": 4, ""min_child_weight"": 7, ""reg_lambda"": 0.3461126073750747, ""subsample"": 0.7541172173857117}"
4,4,102,0,0.108640954,0.2664144907462793,0.048972836384438424,"{""colsample_bytree"": 0.4236251716288426, ""learning_rate"": 0.07470778805766255, ""max_depth"": 4, ""min_child_weight"": 7, ""reg_lambda"": 0.3461126073750747, ""subsample"": 0.7541172173857117}"
4,4,106,0,0.9200912,0.6950993961037751,0.07473779714736346,"{""colsample_bytree"": 0.4236251716288426, ""learning_rate"": 0.07470778805766255, ""max_depth"": 4, ""min_child_weight"": 7, ""reg_lambda"": 0.3461126073750747, ""subsample"": 0.7541172173857117}"
4,4,113,0,0.04020526,0.2011370615487844,0.043868269228493725,"{""colsample_bytree"": 0.4236251716288426, ""learning_rate"": 0.07470778805766255, ""max_depth"": 4, ""min_child_weight"": 7, ""reg_lambda"": 0.3461126073750747, ""subsample"": 0.7541172173857117}"
4,4,114,1,0.82591623,0.6679809298700586,0.07513799707869587,"{""colsample_bytree"": 0.4236251716288426, ""learning_rate"": 0.07470778805766255, ""max_depth"": 4, ""min_child_weight"": 7, ""reg_lambda"": 0.3461126073750747, ""subsample"": 0.7541172173857117}"
4,4,121,0,0.62841254,0.5900919022222532,0.08551102143383055,"{""colsample_bytree"": 0.4236251716288426, ""learning_rate"": 0.07470778805766255, ""max_depth"": 4, ""min_child_weight"": 7, ""reg_lambda"": 0.3461126073750747, ""subsample"": 0.7541172173857117}"
4,4,123,1,0.6063775,0.525406026461239,0.08224327545541404,"{""colsample_bytree"": 0.4236251716288426, ""learning_rate"": 0.07470778805766255, ""max_depth"": 4, ""min_child_weight"": 7, ""reg_lambda"": 0.3461126073750747, ""subsample"": 0.7541172173857117}"
4,4,125,1,0.49417776,0.3354209041135975,0.08448378514023645,"{""colsample_bytree"": 0.4236251716288426, ""learning_rate"": 0.07470778805766255, ""max_depth"": 4, ""min_child_weight"": 7, ""reg_lambda"": 0.3461126073750747, ""subsample"": 0.7541172173857117}"
4,4,130,0,0.2189195,0.26419658452670725,0.07594081829476822,"{""colsample_bytree"": 0.4236251716288426, ""learning_rate"": 0.07470778805766255, ""max_depth"": 4, ""min_child_weight"": 7, ""reg_lambda"": 0.3461126073750747, ""subsample"": 0.7541172173857117}"
4,4,133,0,0.12888889,0.24750841197563017,0.06747793879252957,"{""colsample_bytree"": 0.4236251716288426, ""learning_rate"": 0.07470778805766255, ""max_depth"": 4, ""min_child_weight"": 7, ""reg_lambda"": 0.3461126073750747, ""subsample"": 0.7541172173857117}"
4,4,134,0,0.15256695,0.24682212087461303,0.04059396796749196,"{""colsample_bytree"": 0.4236251716288426, ""learning_rate"": 0.07470778805766255, ""max_depth"": 4, ""min_child_weight"": 7, ""reg_lambda"": 0.3461126073750747, ""subsample"": 0.7541172173857117}"
4,4,141,0,0.2530024,0.38432653608026407,0.04953778028352496,"{""colsample_bytree"": 0.4236251716288426, ""learning_rate"": 0.07470778805766255, ""max_depth"": 4, ""min_child_weight"": 7, ""reg_lambda"": 0.3461126073750747, ""subsample"": 0.7541172173857117}"
4,4,150,0,0.43947467,0.41134010343960314,0.07784018512449041,"{""colsample_bytree"": 0.4236251716288426, ""learning_rate"": 0.07470778805766255, ""max_depth"": 4, ""min_child_weight"": 7, ""reg_lambda"": 0.3461126073750747, ""subsample"": 0.7541172173857117}"
4,4,151,0,0.23815468,0.3314425764492873,0.04185544684762912,"{""colsample_bytree"": 0.4236251716288426, ""learning_rate"": 0.07470778805766255, ""max_depth"": 4, ""min_child_weight"": 7, ""reg_lambda"": 0.3461126073750747, ""subsample"": 0.7541172173857117}"
4,4,156,1,0.41042748,0.4437193388175258,0.04898777742444801,"{""colsample_bytree"": 0.4236251716288426, ""learning_rate"": 0.07470778805766255, ""max_depth"": 4, ""min_child_weight"": 7, ""reg_lambda"": 0.3461126073750747, ""subsample"": 0.7541172173857117}"
4,4,158,1,0.59596545,0.5099365020263431,0.032711460116140886,"{""colsample_bytree"": 0.4236251716288426, ""learning_rate"": 0.07470778805766255, ""max_depth"": 4, ""min_child_weight"": 7, ""reg_lambda"": 0.3461126073750747, ""subsample"": 0.7541172173857117}"
4,4,167,1,0.24332416,0.2888531898827035,0.08413708839138725,"{""colsample_bytree"": 0.4236251716288426, ""learning_rate"": 0.07470778805766255, ""max_depth"": 4, ""min_child_weight"": 7, ""reg_lambda"": 0.3461126073750747, ""subsample"": 0.7541172173857117}"
4,4,173,1,0.8616599,0.6723200388089313,0.06942002855119968,"{""colsample_bytree"": 0.4236251716288426, ""learning_rate"": 0.07470778805766255, ""max_depth"": 4, ""min_child_weight"": 7, ""reg_lambda"": 0.3461126073750747, ""subsample"": 0.7541172173857117}"
4,4,178,1,0.599271,0.5000338486581359,0.06747347556720777,"{""colsample_bytree"": 0.4236251716288426, ""learning_rate"": 0.07470778805766255, ""max_depth"": 4, ""min_child_weight"": 7, ""reg_lambda"": 0.3461126073750747, ""subsample"": 0.7541172173857117}"
4,4,190,0,0.13802886,0.3014840928303485,0.06030950728920259,"{""colsample_bytree"": 0.4236251716288426, ""learning_rate"": 0.07470778805766255, ""max_depth"": 4, ""min_child_weight"": 7, ""reg_lambda"": 0.3461126073750747, ""subsample"": 0.7541172173857117}"
4,4,191,0,0.35189402,0.3638533365388718,0.03616439608615982,"{""colsample_bytree"": 0.4236251716288426, ""learning_rate"": 0.07470778805766255, ""max_depth"": 4, ""min_child_weight"": 7, ""reg_lambda"": 0.3461126073750747, ""subsample"": 0.7541172173857117}"
4,4,192,0,0.020358413,0.19840696618192707,0.048396155394099284,"{""colsample_bytree"": 0.4236251716288426, ""learning_rate"": 0.07470778805766255, ""max_depth"": 4, ""min_child_weight"": 7, ""reg_lambda"": 0.3461126073750747, ""subsample"": 0.7541172173857117}"
4,4,197,1,0.7535814,0.5667727851287877,0.059904587006080166,"{""colsample_bytree"": 0.4236251716288426, ""learning_rate"": 0.07470778805766255, ""max_depth"": 4, ""min_child_weight"": 7, ""reg_lambda"": 0.3461126073750747, ""subsample"": 0.7541172173857117}"
4,4,215,0,0.48762187,0.4879554256331905,0.029876461958966483,"{""colsample_bytree"": 0.4236251716288426, ""learning_rate"": 0.07470778805766255, ""max_depth"": 4, ""min_child_weight"": 7, ""reg_lambda"": 0.3461126073750747, ""subsample"": 0.7541172173857117}"
4,4,216,0,0.42957297,0.3987260649671676,0.05448996923250174,"{""colsample_bytree"": 0.4236251716288426, ""learning_rate"": 0.07470778805766255, ""max_depth"": 4, ""min_child_weight"": 7, ""reg_lambda"": 0.3461126073750747, ""subsample"": 0.7541172173857117}"
4,4,217,0,0.27209386,0.2613439907615681,0.05055719506272827,"{""colsample_bytree"": 0.4236251716288426, ""learning_rate"": 0.07470778805766255, ""max_depth"": 4, ""min_child_weight"": 7, ""reg_lambda"": 0.3461126073750747, ""subsample"": 0.7541172173857117}"
4,4,226,1,0.27770358,0.37303314928755016,0.12338013623696614,"{""colsample_bytree"": 0.4236251716288426, ""learning_rate"": 0.07470778805766255, ""max_depth"": 4, ""min_child_weight"": 7, ""reg_lambda"": 0.3461126073750747, ""subsample"": 0.7541172173857117}"
4,4,230,0,0.91318226,0.7032557738111317,0.06934540099858352,"{""colsample_bytree"": 0.4236251716288426, ""learning_rate"": 0.07470778805766255, ""max_depth"": 4, ""min_child_weight"": 7, ""reg_lambda"": 0.3461126073750747, ""subsample"": 0.7541172173857117}"
4,4,235,1,0.6407603,0.5834139741035538,0.07288784797843278,"{""colsample_bytree"": 0.4236251716288426, ""learning_rate"": 0.07470778805766255, ""max_depth"": 4, ""min_child_weight"": 7, ""reg_lambda"": 0.3461126073750747, ""subsample"": 0.7541172173857117}"
4,4,248,1,0.90899503,0.7038788138346734,0.06779823254067088,"{""colsample_bytree"": 0.4236251716288426, ""learning_rate"": 0.07470778805766255, ""max_depth"": 4, ""min_child_weight"": 7, ""reg_lambda"": 0.3461126073750747, ""subsample"": 0.7541172173857117}"
4,4,249,1,0.5890093,0.4920666262306109,0.06727573021538329,"{""colsample_bytree"": 0.4236251716288426, ""learning_rate"": 0.07470778805766255, ""max_depth"": 4, ""min_child_weight"": 7, ""reg_lambda"": 0.3461126073750747, ""subsample"": 0.7541172173857117}"
4,4,250,0,0.6929481,0.49867700403236315,0.06443625600942175,"{""colsample_bytree"": 0.4236251716288426, ""learning_rate"": 0.07470778805766255, ""max_depth"": 4, ""min_child_weight"": 7, ""reg_lambda"": 0.3461126073750747, ""subsample"": 0.7541172173857117}"
4,4,255,0,0.17348337,0.2408692806762489,0.03738056544695925,"{""colsample_bytree"": 0.4236251716288426, ""learning_rate"": 0.07470778805766255, ""max_depth"": 4, ""min_child_weight"": 7, ""reg_lambda"": 0.3461126073750747, ""subsample"": 0.7541172173857117}"
4,4,261,0,0.05149476,0.21078522517301207,0.04969212281694831,"{""colsample_bytree"": 0.4236251716288426, ""learning_rate"": 0.07470778805766255, ""max_depth"": 4, ""min_child_weight"": 7, ""reg_lambda"": 0.3461126073750747, ""subsample"": 0.7541172173857117}"
4,4,268,0,0.027470537,0.20004551923436914,0.048827273179460166,"{""colsample_bytree"": 0.4236251716288426, ""learning_rate"": 0.07470778805766255, ""max_depth"": 4, ""min_child_weight"": 7, ""reg_lambda"": 0.3461126073750747, ""subsample"": 0.7541172173857117}"
4,4,275,0,0.38216537,0.3770462904166588,0.04735951780382962,"{""colsample_bytree"": 0.4236251716288426, ""learning_rate"": 0.07470778805766255, ""max_depth"": 4, ""min_child_weight"": 7, ""reg_lambda"": 0.3461126073750747, ""subsample"": 0.7541172173857117}"
4,4,278,0,0.548527,0.520878151026886,0.07989508805660885,"{""colsample_bytree"": 0.4236251716288426, ""learning_rate"": 0.07470778805766255, ""max_depth"": 4, ""min_child_weight"": 7, ""reg_lambda"": 0.3461126073750747, ""subsample"": 0.7541172173857117}"
4,4,280,0,0.24914421,0.32579287239087396,0.03660027847108471,"{""colsample_bytree"": 0.4236251716288426, ""learning_rate"": 0.07470778805766255, ""max_depth"": 4, ""min_child_weight"": 7, ""reg_lambda"": 0.3461126073750747, ""subsample"": 0.7541172173857117}"
4,4,284,0,0.5681498,0.49671128219706445,0.07959559314515713,"{""colsample_bytree"": 0.4236251716288426, ""learning_rate"": 0.07470778805766255, ""max_depth"": 4, ""min_child_weight"": 7, ""reg_lambda"": 0.3461126073750747, ""subsample"": 0.7541172173857117}"
4,4,292,0,0.2163531,0.3197521442453053,0.042840313465859696,"{""colsample_bytree"": 0.4236251716288426, ""learning_rate"": 0.07470778805766255, ""max_depth"": 4, ""min_child_weight"": 7, ""reg_lambda"": 0.3461126073750747, ""subsample"": 0.7541172173857117}"
4,4,299,0,0.02751652,0.19950980187059733,0.04678403980323537,"{""colsample_bytree"": 0.4236251716288426, ""learning_rate"": 0.07470778805766255, ""max_depth"": 4, ""min_child_weight"": 7, ""reg_lambda"": 0.3461126073750747, ""subsample"": 0.7541172173857117}"
4,4,300,0,0.017317824,0.19213775340495517,0.04405140808459335,"{""colsample_bytree"": 0.4236251716288426, ""learning_rate"": 0.07470778805766255, ""max_depth"": 4, ""min_child_weight"": 7, ""reg_lambda"": 0.3461126073750747, ""subsample"": 0.7541172173857117}"
