repeat,fold,idx,y,p_base,p,spread,params
0,0,1,0,0.27411389333516106,0.2943480704300669,0.07061496697643874,"{""C"": 2.1368329072358767, ""class_weight"": ""balanced"", ""l1_ratio"": 1.0}"
0,0,2,0,0.2506436030848936,0.29390357014322965,0.05915997295584429,"{""C"": 2.1368329072358767, ""class_weight"": ""balanced"", ""l1_ratio"": 1.0}"
0,0,5,1,0.7893821775309794,0.5271736764045312,0.08087705768117004,"{""C"": 2.1368329072358767, ""class_weight"": ""balanced"", ""l1_ratio"": 1.0}"
0,0,6,0,0.2653691798860793,0.30977185653338457,0.04955001477475527,"{""C"": 2.1368329072358767, ""class_weight"": ""balanced"", ""l1_ratio"": 1.0}"
0,0,11,1,0.8022521181194667,0.5626783364515685,0.08344133072529694,"{""C"": 2.1368329072358767, ""class_weight"": ""balanced"", ""l1_ratio"": 1.0}"
0,0,23,1,0.9060294372005823,0.6525463328330096,0.07168243888466355,"{""C"": 2.1368329072358767, ""class_weight"": ""balanced"", ""l1_ratio"": 1.0}"
0,0,25,0,0.6598141111343445,0.4878069578062859,0.034683853339992195,"{""C"": 2.1368329072358767, ""class_weight"": ""balanced"", ""l1_ratio"": 1.0}"
0,0,30,0,0.8883743772770271,0.6224150079352396,0.05987946970574017,"{""C"": 2.1368329072358767, ""class_weight"": ""balanced"", ""l1_ratio"": 1.0}"
0,0,34,1,0.1191320363192338,0.22262412709950513,0.04575797129366024,"{""C"": 2.1368329072358767, ""class_weight"": ""balanced"", ""l1_ratio"": 1.0}"
0,0,35,0,0.02403033849798506,0.10525388756214893,0.03844711623202655,"{""C"": 2.1368329072358767, ""class_weight"": ""balanced"", ""l1_ratio"": 1.0}"
0,0,36,0,0.7311224096616324,0.5023267481025534,0.06669296914818781,"{""C"": 2.1368329072358767, ""class_weight"": ""balanced"", ""l1_ratio"": 1.0}"
0,0,39,1,0.8612282800349768,0.5810673644329934,0.1497532212544974,"{""C"": 2.1368329072358767, ""class_weight"": ""balanced"", ""l1_ratio"": 1.0}"
0,0,48,0,0.07902218522164388,0.17564376935021167,0.05067786868413626,"{""C"": 2.1368329072358767, ""class_weight"": ""balanced"", ""l1_ratio"": 1.0}"
0,0,53,1,0.3019926919207323,0.30473835892377305,0.03423230041332334,"{""C"": 2.1368329072358767, ""class_weight"": ""balanced"", ""l1_ratio"": 1.0}"
0,0,61,1,0.5534846711340077,0.4051209995947479,0.09213995757031389,"{""C"": 2.1368329072358767, ""class_weight"": ""balanced"", ""l1_ratio"": 1.0}"
0,0,71,1,0.8109677343062124,0.5402788863498083,0.07224916151257194,"{""C"": 2.1368329072358767, ""class_weight"": ""balanced"", ""l1_ratio"": 1.0}"
0,0,75,0,0.29482709039891625,0.3009467862781151,0.06015133121365236,"{""C"": 2.1368329072358767, ""class_weight"": ""balanced"", ""l1_ratio"": 1.0}"
0,0,80,1,0.9093673506860047,0.6429937466656243,0.09642113213270262,"{""C"": 2.1368329072358767, ""class_weight"": ""balanced"", ""l1_ratio"": 1.0}"
0,0,82,0,0.6386141032378473,0.4931886074030933,0.11546124574996267,"{""C"": 2.1368329072358767, ""class_weight"": ""balanced"", ""l1_ratio"": 1.0}"
0,0,83,0,0.03973739671706029,0.1553723705061974,0.04669794820098621,"{""C"": 2.1368329072358767, ""class_weight"": ""balanced"", ""l1_ratio"": 1.0}"
0,0,88,0,0.934392094491315,0.673096664676349,0.05847617941560826,"{""C"": 2.1368329072358767, ""class_weight"": ""balanced"", ""l1_ratio"": 1.0}"
0,0,92,1,0.9400893403014428,0.690945444007314,0.08090086005799012,"{""C"": 2.1368329072358767, ""class_weight"": ""balanced"", ""l1_ratio"": 1.0}"
0,0,97,0,0.8908333714759041,0.60217894171367,0.10300451638587244,"{""C"": 2.1368329072358767, ""class_weight"": ""balanced"", ""l1_ratio"": 1.0}"
0,0,105,0,0.7852621255894785,0.5344345781910522,0.1025853391314807,"{""C"": 2.1368329072358767, ""class_weight"": ""balanced"", ""l1_ratio"": 1.0}"
0,0,109,1,0.6723438345605586,0.4430894121272487,0.11434841524209881,"{""C"": 2.1368329072358767, ""class_weight"": ""balanced"", ""l1_ratio"": 1.0}"
0,0,117,0,0.9070450951387872,0.5985278809767561,0.07391045857544397,"{""C"": 2.1368329072358767, ""class_weight"": ""balanced"", ""l1_ratio"": 1.0}"
0,0,119,1,0.33482515503883675,0.3463866636037126,0.11001126941932439,"{""C"": 2.1368329072358767, ""class_weight"": ""balanced"", ""l1_ratio"": 1.0}"
0,0,124,0,0.015336608731881111,0.09755608064921983,0.040314659916960816,"{""C"": 2.1368329072358767, ""class_weight"": ""balanced"", ""l1_ratio"": 1.0}"
0,0,127,0,0.9189215191280758,0.6630076048867724,0.07701157780071696,"{""C"": 2.1368329072358767, ""class_weight"": ""balanced"", ""l1_ratio"": 1.0}"
0,0,128,1,0.032675839468655224,0.13362109995548072,0.07000657217875553,"{""C"": 2.1368329072358767, ""class_weight"": ""balanced"", ""l1_ratio"": 1.0}"
0,0,133,0,0.35431915040631246,0.3350774709355139,0.04996705482603343,"{""C"": 2.1368329072358767, ""class_weight"": ""balanced"", ""l1_ratio"": 1.0}"
0,0,134,0,0.8692676040200644,0.5948748747438664,0.09977253404621529,"{""C"": 2.1368329072358767, ""class_weight"": ""balanced"", ""l1_ratio"": 1.0}"
0,0,139,1,0.9182366722771502,0.6681659631449792,0.07048313387810992,"{""C"": 2.1368329072358767, ""class_weight"": ""balanced"", ""l1_ratio"": 1.0}"
0,0,148,1,0.6917281118769384,0.4714362972548022,0.05078918438626483,"{""C"": 2.1368329072358767, ""class_weight"": ""balanced"", ""l1_ratio"": 1.0}"
0,0,152,0,0.09829036861806174,0.18876781510795304,0.04110847502364042,"{""C"": 2.1368329072358767, ""class_weight"": ""balanced"", ""l1_ratio"": 1.0}"
0,0,156,1,0.8391968711936072,0.5568198200591956,0.08933751942099893,"{""C"": 2.1368329072358767, ""class_weight"": ""balanced"", ""l1_ratio"": 1.0}"
0,0,157,1,0.029346120708895532,0.1406438340925617,0.04523046746243314,"{""C"": 2.1368329072358767, ""class_weight"": ""balanced"", ""l1_ratio"": 1.0}"
0,0,163,1,0.054804354961399564,0.1743610381220852,0.06990617756381794,"{""C"": 2.1368329072358767, ""class_weight"": ""balanced"", ""l1_ratio"": 1.0}"
0,0,170,0,0.2225537831226306,0.2773854111514294,0.024825365455942668,"{""C"": 2.1368329072358767, ""class_weight"": ""balanced"", ""l1_ratio"": 1.0}"
0,0,185,0,0.025785908413774254,0.12474414065828995,0.011541030970772316,"{""C"": 2.1368329072358767, ""class_weight"": ""balanced"", ""l1_ratio"": 1.0}"
0,0,188,0,0.056302148230433585,0.14974034132909425,0.03679768250999272,"{""C"": 2.1368329072358767, ""class_weight"": ""balanced"", ""l1_ratio"": 1.0}"
0,0,198,0,0.6777366723885079,0.4755672276216149,0.0301417857159715,"{""C"": 2.1368329072358767, ""class_weight"": ""balanced"", ""l1_ratio"": 1.0}"
0,0,204,0,0.1955217742584267,0.24988691299234927,0.06067903388393277,"{""C"": 2.1368329072358767, ""class_weight"": ""balanced"", ""l1_ratio"": 1.0}"
0,0,221,0,0.05746907172955567,0.15444868217238653,0.06688441046459159,"{""C"": 2.1368329072358767, ""class_weight"": ""balanced"", ""l1_ratio"": 1.0}"
0,0,243,1,0.6562909503075185,0.45985181876868886,0.039318808618570324,"{""C"": 2.1368329072358767, ""class_weight"": ""balanced"", ""l1_ratio"": 1.0}"
0,0,245,0,0.4858850319561761,0.386457661864001,0.05719027507518036,"{""C"": 2.1368329072358767, ""class_weight"": ""balanced"", ""l1_ratio"": 1.0}"
0,0,246,1,0.7873531196562502,0.5555479672532021,0.08663826778410251,"{""C"": 2.1368329072358767, ""class_weight"": ""balanced"", ""l1_ratio"": 1.0}"
0,0,247,0,0.037569557072310834,0.12790169097356802,0.03553184683861162,"{""C"": 2.1368329072358767, ""class_weight"": ""balanced"", ""l1_ratio"": 1.0}"
0,0,248,1,0.963418414833856,0.7365230141597933,0.07359609629228997,"{""C"": 2.1368329072358767, ""class_weight"": ""balanced"", ""l1_ratio"": 1.0}"
0,0,250,0,0.9193460171411896,0.647163916390957,0.05742195232458856,"{""C"": 2.1368329072358767, ""class_weight"": ""balanced"", ""l1_ratio"": 1.0}"
0,0,264,0,0.005660554396629601,0.06675720336128922,0.026656970612961788,"{""C"": 2.1368329072358767, ""class_weight"": ""balanced"", ""l1_ratio"": 1.0}"
0,0,268,0,0.015412851514025896,0.09678745690239393,0.04257546306057374,"{""C"": 2.1368329072358767, ""class_weight"": ""balanced"", ""l1_ratio"": 1.0}"
0,0,274,1,0.347674639754611,0.33859977087918,0.03064126283958848,"{""C"": 2.1368329072358767, ""class_weight"": ""balanced"", ""l1_ratio"": 1.0}"
0,0,276,0,0.1091482902668283,0.1944784521464103,0.04918154580659476,"{""C"": 2.1368329072358767, ""class_weight"": ""balanced"", ""l1_ratio"": 1.0}"
0,0,280,0,0.478100528347529,0.38553412020063,0.0872266503960075,"{""C"": 2.1368329072358767, ""class_weight"": ""balanced"", ""l1_ratio"": 1.0}"
0,0,283,1,0.6698832075728448,0.4510769128605139,0.07109312358900308,"{""C"": 2.1368329072358767, ""class_weight"": ""balanced"", ""l1_ratio"": 1.0}"
0,0,286,0,0.3684716607045462,0.32639580390801,0.06571802731504166,"{""C"": 2.1368329072358767, ""class_weight"": ""balanced"", ""l1_ratio"": 1.0}"
0,0,293,0,0.7237142025463366,0.49578893632095483,0.07288768562367637,"{""C"": 2.1368329072358767, ""class_weight"": ""balanced"", ""l1_ratio"": 1.0}"
0,0,297,0,0.08609522796717621,0.17340744820851914,0.04106836614817923,"{""C"": 2.1368329072358767, ""class_weight"": ""balanced"", ""l1_ratio"": 1.0}"
0,0,300,0,0.009287664900740842,0.08660816765537835,0.02226935703985256,"{""C"": 2.1368329072358767, ""class_weight"": ""balanced"", ""l1_ratio"": 1.0}"
0,0,302,0,0.31841260461331033,0.31512627020259076,0.07042573225427229,"{""C"": 2.1368329072358767, ""class_weight"": ""balanced"", ""l1_ratio"": 1.0}"
0,1,7,1,0.5024513773319413,0.39956720781276056,0.06085548600760734,"{""C"": 0.060678305383428034, ""class_weight"": ""balanced"", ""l1_ratio"": 0.0}"
0,1,12,1,0.5898308576636055,0.45891705132192157,0.04549787138867778,"{""C"": 0.060678305383428034, ""class_weight"": ""balanced"", ""l1_ratio"": 0.0}"
0,1,14,0,0.4633835450530004,0.347309901339143,0.029738705424405164,"{""C"": 0.060678305383428034, ""class_weight"": ""balanced"", ""l1_ratio"": 0.0}"
0,1,17,0,0.33492959982933923,0.2809041156968711,0.040697715558853424,"{""C"": 0.060678305383428034, ""class_weight"": ""balanced"", ""l1_ratio"": 0.0}"
0,1,19,0,0.5471023093874496,0.4223242370415109,0.03111383207812474,"{""C"": 0.060678305383428034, ""class_weight"": ""balanced"", ""l1_ratio"": 0.0}"
0,1,20,0,0.2710456308556614,0.22957808247814646,0.03327987693811948,"{""C"": 0.060678305383428034, ""class_weight"": ""balanced"", ""l1_ratio"": 0.0}"
0,1,28,0,0.4699059980995334,0.3655492432478512,0.04217243047576651,"{""C"": 0.060678305383428034, ""class_weight"": ""balanced"", ""l1_ratio"": 0.0}"
0,1,31,1,0.4126201637418861,0.3137427517980817,0.05167778042534137,"{""C"": 0.060678305383428034, ""class_weight"": ""balanced"", ""l1_ratio"": 0.0}"
0,1,41,0,0.3080651451022155,0.2534463368107317,0.023300514996815857,"{""C"": 0.060678305383428034, ""class_weight"": ""balanced"", ""l1_ratio"": 0.0}"
0,1,43,0,0.11490368320673605,0.12049821416774491,0.04081737610124908,"{""C"": 0.060678305383428034, ""class_weight"": ""balanced"", ""l1_ratio"": 0.0}"
0,1,45,1,0.5411365916729282,0.4059154733617927,0.05321896640757637,"{""C"": 0.060678305383428034, ""class_weight"": ""balanced"", ""l1_ratio"": 0.0}"
0,1,51,0,0.43632346398899374,0.33353826620600996,0.015347766378182082,"{""C"": 0.060678305383428034, ""class_weight"": ""balanced"", ""l1_ratio"": 0.0}"
0,1,55,1,0.5207744360923442,0.40660947363556266,0.04275114375898992,"{""C"": 0.060678305383428034, ""class_weight"": ""balanced"", ""l1_ratio"": 0.0}"
0,1,58,0,0.5011896630989466,0.39165153018011817,0.06944267597628018,"{""C"": 0.060678305383428034, ""class_weight"": ""balanced"", ""l1_ratio"": 0.0}"
0,1,60,0,0.40871010052182205,0.32492801175358244,0.04848663697973757,"{""C"": 0.060678305383428034, ""class_weight"": ""balanced"", ""l1_ratio"": 0.0}"
0,1,62,1,0.3351704115430374,0.2655099690621817,0.05337711143825908,"{""C"": 0.060678305383428034, ""class_weight"": ""balanced"", ""l1_ratio"": 0.0}"
0,1,73,1,0.6006507535790429,0.45931279311667544,0.09777796025123313,"{""C"": 0.060678305383428034, ""class_weight"": ""balanced"", ""l1_ratio"": 0.0}"
0,1,76,0,0.7272686703509007,0.5594108264405755,0.02546495541080283,"{""C"": 0.060678305383428034, ""class_weight"": ""balanced"", ""l1_ratio"": 0.0}"
0,1,84,1,0.7660256122842357,0.5981144901829621,0.0766815583100435,"{""C"": 0.060678305383428034, ""class_weight"": ""balanced"", ""l1_ratio"": 0.0}"
0,1,85,0,0.28357799393726735,0.23739742862362498,0.025843312990520007,"{""C"": 0.060678305383428034, ""class_weight"": ""balanced"", ""l1_ratio"": 0.0}"
0,1,89,1,0.7803134695456279,0.627282911301803,0.05822290607488441,"{""C"": 0.060678305383428034, ""class_weight"": ""balanced"", ""l1_ratio"": 0.0}"
0,1,90,1,0.5217029610762276,0.4026793316514987,0.054238310342640414,"{""C"": 0.060678305383428034, ""class_weight"": ""balanced"", ""l1_ratio"": 0.0}"
0,1,93,0,0.649320827061194,0.4886266487056078,0.054957025518898084,"{""C"": 0.060678305383428034, ""class_weight"": ""balanced"", ""l1_ratio"": 0.0}"
0,1,99,0,0.25228437888509114,0.2239934490799588,0.03414119631834368,"{""C"": 0.060678305383428034, ""class_weight"": ""balanced"", ""l1_ratio"": 0.0}"
0,1,103,1,0.37633964896347827,0.2920637280742227,0.054254143423338896,"{""C"": 0.060678305383428034, ""class_weight"": ""balanced"", ""l1_ratio"": 0.0}"
0,1,107,1,0.3181282790817042,0.268168239493308,0.0689967852707541,"{""C"": 0.060678305383428034, ""class_weight"": ""balanced"", ""l1_ratio"": 0.0}"
0,1,108,0,0.20990738558827174,0.18868646641592585,0.032027900678647116,"{""C"": 0.060678305383428034, ""class_weight"": ""balanced"", ""l1_ratio"": 0.0}"
0,1,114,1,0.6889251090779821,0.5307049418097736,0.056395171191858086,"{""C"": 0.060678305383428034, ""class_weight"": ""balanced"", ""l1_ratio"": 0.0}"
0,1,120,1,0.44207774128123517,0.34687936211499626,0.0570020213532485,"{""C"": 0.060678305383428034, ""class_weight"": ""balanced"", ""l1_ratio"": 0.0}"
0,1,126,1,0.6365877542237834,0.4987537810447802,0.08988791869898359,"{""C"": 0.060678305383428034, ""class_weight"": ""balanced"", ""l1_ratio"": 0.0}"
0,1,130,0,0.1864605758559736,0.17067435648162627,0.02346642277017147,"{""C"": 0.060678305383428034, ""class_weight"": ""balanced"", ""l1_ratio"": 0.0}"
0,1,138,1,0.7837506833033999,0.621050618691845,0.08662293595318026,"{""C"": 0.060678305383428034, ""class_weight"": ""balanced"", ""l1_ratio"": 0.0}"
0,1,140,0,0.2783790533999463,0.23950226350777387,0.04106580875120654,"{""C"": 0.060678305383428034, ""class_weight"": ""balanced"", ""l1_ratio"": 0.0}"
0,1,141,0,0.7093563822081659,0.5536870314047329,0.07964826122569199,"{""C"": 0.060678305383428034, ""class_weight"": ""balanced"", ""l1_ratio"": 0.0}"
0,1,150,0,0.26566695824562053,0.22173618494093256,0.012592128663222448,"{""C"": 0.060678305383428034, ""class_weight"": ""balanced"", ""l1_ratio"": 0.0}"
0,1,154,1,0.439856779571245,0.34691448846128253,0.026099692614637644,"{""C"": 0.060678305383428034, ""class_weight"": ""balanced"", ""l1_ratio"": 0.0}"
0,1,158,1,0.22531534237767847,0.19676472481722201,0.043556151307282076,"{""C"": 0.060678305383428034, ""class_weight"": ""balanced"", ""l1_ratio"": 0.0}"
0,1,159,0,0.850875718722788,0.706416458910946,0.07883442068638914,"{""C"": 0.060678305383428034, ""class_weight"": ""balanced"", ""l1_ratio"": 0.0}"
0,1,168,0,0.38237808727127987,0.31581067885735936,0.0319393742692704,"{""C"": 0.060678305383428034, ""class_weight"": ""balanced"", ""l1_ratio"": 0.0}"
0,1,171,0,0.6178085961494455,0.46527048781886543,0.061286810095071434,"{""C"": 0.060678305383428034, ""class_weight"": ""balanced"", ""l1_ratio"": 0.0}"
0,1,176,0,0.3374828388003518,0.2697402767776827,0.03324451420001341,"{""C"": 0.060678305383428034, ""class_weight"": ""balanced"", ""l1_ratio"": 0.0}"
0,1,186,0,0.5740062579938988,0.4593230102798932,0.04795673850742121,"{""C"": 0.060678305383428034, ""class_weight"": ""balanced"", ""l1_ratio"": 0.0}"
0,1,192,0,0.1387266959372647,0.13731350785405308,0.013114489702925527,"{""C"": 0.060678305383428034, ""class_weight"": ""balanced"", ""l1_ratio"": 0.0}"
0,1,201,0,0.5155020560335327,0.3918068911808962,0.0551764873572365,"{""C"": 0.060678305383428034, ""class_weight"": ""balanced"", ""l1_ratio"": 0.0}"
0,1,206,1,0.4948555297972728,0.38472314041004085,0.03050530656782747,"{""C"": 0.060678305383428034, ""class_weight"": ""balanced"", ""l1_ratio"": 0.0}"
0,1,218,0,0.32374908970271477,0.2695040314951005,0.03479017165778441,"{""C"": 0.060678305383428034, ""class_weight"": ""balanced"", ""l1_ratio"": 0.0}"
0,1,223,1,0.35968516011953966,0.29420593792858757,0.02745859752320485,"{""C"": 0.060678305383428034, ""class_weight"": ""balanced"", ""l1_ratio"": 0.0}"
0,1,227,0,0.5588693438607633,0.42601368119035987,0.03844089386237985,"{""C"": 0.060678305383428034, ""class_weight"": ""balanced"", ""l1_ratio"": 0.0}"
0,1,232,1,0.4820295708291069,0.3690498202737888,0.018881183315507342,"{""C"": 0.060678305383428034, ""class_weight"": ""balanced"", ""l1_ratio"": 0.0}"
0,1,236,0,0.38707292449925257,0.3007915571002625,0.021163937537676297,"{""C"": 0.060678305383428034, ""class_weight"": ""balanced"", ""l1_ratio"": 0.0}"
0,1,237,0,0.34365937765653226,0.2819315567548907,0.02132111243835989,"{""C"": 0.060678305383428034, ""class_weight"": ""balanced"", ""l1_ratio"": 0.0}"
0,1,240,1,0.7420790574427576,0.5806293256760179,0.042649129703816846,"{""C"": 0.060678305383428034, ""class_weight"": ""balanced"", ""l1_ratio"": 0.0}"
0,1,241,0,0.44240485829538256,0.3486554852006765,0.031453532038488996,"{""C"": 0.060678305383428034, ""class_weight"": ""balanced"", ""l1_ratio"": 0.0}"
0,1,249,1,0.6035093933789926,0.4592318224423197,0.020768055626072555,"{""C"": 0.060678305383428034, ""class_weight"": ""balanced"", ""l1_ratio"": 0.0}"
0,1,256,0,0.41886645308074216,0.3208189348003838,0.019023526316755312,"{""C"": 0.060678305383428034, ""class_weight"": ""balanced"", ""l1_ratio"": 0.0}"
0,1,258,0,0.31397538781747675,0.26282613815528755,0.03683170468963624,"{""C"": 0.060678305383428034, ""class_weight"": ""balanced"", ""l1_ratio"": 0.0}"
0,1,262,0,0.3574796584323978,0.28127700462342153,0.019825326041440595,"{""C"": 0.060678305383428034, ""class_weight"": ""balanced"", ""l1_ratio"": 0.0}"
0,1,287,0,0.23045721108671258,0.21542891533167524,0.04852828134449355,"{""C"": 0.060678305383428034, ""class_weight"": ""balanced"", ""l1_ratio"": 0.0}"
0,1,290,0,0.2625320689383499,0.22707852687261948,0.014873995953417707,"{""C"": 0.060678305383428034, ""class_weight"": ""balanced"", ""l1_ratio"": 0.0}"
0,1,295,0,0.33175405491473814,0.28300258836599806,0.042730705006900786,"{""C"": 0.060678305383428034, ""class_weight"": ""balanced"", ""l1_ratio"": 0.0}"
0,1,299,0,0.14480781452862676,0.15449462900913746,0.031030859608365272,"{""C"": 0.060678305383428034, ""class_weight"": ""balanced"", ""l1_ratio"": 0.0}"
0,2,3,0,0.5402925438403129,0.4282191021192455,0.10793058068547098,"{""C"": 0.05135776127610299, ""class_weight"": ""balanced"", ""l1_ratio"": 0.0}"
0,2,10,0,0.4570233284464226,0.33428951657496636,0.04064914701775007,"{""C"": 0.05135776127610299, ""class_weight"": ""balanced"", ""l1_ratio"": 0.0}"
0,2,15,1,0.7181261297099849,0.5834249955104139,0.0978965230927743,"{""C"": 0.05135776127610299, ""class_weight"": ""balanced"", ""l1_ratio"": 0.0}"
0,2,18,1,0.609446571487789,0.45912248089346164,0.04184672619477656,"{""C"": 0.05135776127610299, ""class_weight"": ""balanced"", ""l1_ratio"": 0.0}"
0,2,22,0,0.775283501446377,0.6283618316325189,0.07285205681481002,"{""C"": 0.05135776127610299, ""class_weight"": ""balanced"", ""l1_ratio"": 0.0}"
0,2,26,0,0.3430438963536812,0.2562444059374342,0.06239419899854799,"{""C"": 0.05135776127610299, ""class_weight"": ""balanced"", ""l1_ratio"": 0.0}"
0,2,37,0,0.47534057692198545,0.3613263794972691,0.020299509987450892,"{""C"": 0.05135776127610299, ""class_weight"": ""balanced"", ""l1_ratio"": 0.0}"
0,2,38,0,0.7455178955967026,0.6195758050295607,0.13386831202737243,"{""C"": 0.05135776127610299, ""class_weight"": ""balanced"", ""l1_ratio"": 0.0}"
0,2,42,0,0.14473496544668768,0.1272034525051477,0.06323294939909736,"{""C"": 0.05135776127610299, ""class_weight"": ""balanced"", ""l1_ratio"": 0.0}"
0,2,47,1,0.7958509805979387,0.6511185075109294,0.11125038521174702,"{""C"": 0.05135776127610299, ""class_weight"": ""balanced"", ""l1_ratio"": 0.0}"
0,2,56,1,0.6778779018660429,0.5400584444141713,0.0639454794792374,"{""C"": 0.05135776127610299, ""class_weight"": ""balanced"", ""l1_ratio"": 0.0}"
0,2,70,0,0.20056075311359123,0.15215608436961509,0.05744779979600924,"{""C"": 0.05135776127610299, ""class_weight"": ""balanced"", ""l1_ratio"": 0.0}"
0,2,72,0,0.4600188639134784,0.3465581627209813,0.03848000352823349,"{""C"": 0.05135776127610299, ""class_weight"": ""balanced"", ""l1_ratio"": 0.0}"
0,2,86,1,0.7692937304868275,0.6169477849055384,0.09947422815783918,"{""C"": 0.05135776127610299, ""class_weight"": ""balanced"", ""l1_ratio"": 0.0}"
0,2,87,1,0.4810126485500083,0.3529250897271736,0.04894584332985223,"{""C"": 0.05135776127610299, ""class_weight"": ""balanced"", ""l1_ratio"": 0.0}"
0,2,94,0,0.5842935282463322,0.44499847156947875,0.033941746168307516,"{""C"": 0.05135776127610299, ""class_weight"": ""balanced"", ""l1_ratio"": 0.0}"
0,2,96,1,0.5717850072463518,0.438095773649193,0.06845715741180036,"{""C"": 0.05135776127610299, ""class_weight"": ""balanced"", ""l1_ratio"": 0.0}"
0,2,98,0,0.521077857217862,0.378419794837686,0.04945061602815324,"{""C"": 0.05135776127610299, ""class_weight"": ""balanced"", ""l1_ratio"": 0.0}"
0,2,101,1,0.6191758014117824,0.4691769950589196,0.042814852520768894,"{""C"": 0.05135776127610299, ""class_weight"": ""balanced"", ""l1_ratio"": 0.0}"
0,2,115,1,0.5379107579527944,0.39085491386411453,0.03554839178613813,"{""C"": 0.05135776127610299, ""class_weight"": ""balanced"", ""l1_ratio"": 0.0}"
0,2,118,0,0.692670682364898,0.5618795926708986,0.04886179089728217,"{""C"": 0.05135776127610299, ""class_weight"": ""balanced"", ""l1_ratio"": 0.0}"
0,2,121,1,0.7082808122585319,0.5606919992130355,0.05454013435953606,"{""C"": 0.05135776127610299, ""class_weight"": ""balanced"", ""l1_ratio"": 0.0}"
0,2,122,0,0.4012550997762488,0.29179245815464666,0.06732642806404146,"{""C"": 0.05135776127610299, ""class_weight"": ""balanced"", ""l1_ratio"": 0.0}"
0,2,129,0,0.4700162388881692,0.3545802346087087,0.04857009324540636,"{""C"": 0.05135776127610299, ""class_weight"": ""balanced"", ""l1_ratio"": 0.0}"
0,2,131,0,0.7432489552725473,0.5873681495504379,0.05874331999307768,"{""C"": 0.05135776127610299, ""class_weight"": ""balanced"", ""l1_ratio"": 0.0}"
0,2,145,0,0.695688550679834,0.5465123789568603,0.043591206132280666,"{""C"": 0.05135776127610299, ""class_weight"": ""balanced"", ""l1_ratio"": 0.0}"
0,2,147,1,0.9323020462372534,0.8211067183907087,0.08151426975335452,"{""C"": 0.05135776127610299, ""class_weight"": ""balanced"", ""l1_ratio"": 0.0}"
0,2,151,0,0.31417489038180346,0.23662020083340446,0.05469750439931267,"{""C"": 0.05135776127610299, ""class_weight"": ""balanced"", ""l1_ratio"": 0.0}"
0,2,155,0,0.6859386988020235,0.5294668859990113,0.0325633717339047,"{""C"": 0.05135776127610299, ""class_weight"": ""balanced"", ""l1_ratio"": 0.0}"
0,2,162,0,0.6003092681685276,0.4570367170880334,0.039506395308958116,"{""C"": 0.05135776127610299, ""class_weight"": ""balanced"", ""l1_ratio"": 0.0}"
0,2,166,0,0.1690886871386352,0.14989157128533498,0.07849852741590527,"{""C"": 0.05135776127610299, ""class_weight"": ""balanced"", ""l1_ratio"": 0.0}"
0,2,167,0,0.4095849739395113,0.293118790560993,0.060105435861075154,"{""C"": 0.05135776127610299, ""class_weight"": ""balanced"", ""l1_ratio"": 0.0}"
0,2,175,0,0.38426588671952044,0.26954426312102253,0.06646854829727376,"{""C"": 0.05135776127610299, ""class_weight"": ""balanced"", ""l1_ratio"": 0.0}"
0,2,177,1,0.5955784574161336,0.4562407933714231,0.07967848080989384,"{""C"": 0.05135776127610299, ""class_weight"": ""balanced"", ""l1_ratio"": 0.0}"
0,2,180,1,0.3168533991248196,0.23418850364673335,0.07068045754268859,"{""C"": 0.05135776127610299, ""class_weight"": ""balanced"", ""l1_ratio"": 0.0}"
0,2,183,0,0.32573694662211644,0.23915282621677356,0.05148411816885485,"{""C"": 0.05135776127610299, ""class_weight"": ""balanced"", ""l1_ratio"": 0.0}"
0,2,187,0,0.4428172093205982,0.3164599704811815,0.046126760662951606,"{""C"": 0.05135776127610299, ""class_weight"": ""balanced"", ""l1_ratio"": 0.0}"
0,2,189,1,0.6011428884502528,0.4647985292207607,0.041248702800213616,"{""C"": 0.05135776127610299, ""class_weight"": ""balanced"", ""l1_ratio"": 0.0}"
0,2,191,0,0.5502742125914971,0.4035790291135813,0.016508594543621125,"{""C"": 0.05135776127610299, ""class_weight"": ""balanced"", ""l1_ratio"": 0.0}"
0,2,193,0,0.4654373521805038,0.35767882879595636,0.04875624550702127,"{""C"": 0.05135776127610299, ""class_weight"": ""balanced"", ""l1_ratio"": 0.0}"
0,2,197,1,0.8051553564185349,0.67300252595089,0.07584170208208235,"{""C"": 0.05135776127610299, ""class_weight"": ""balanced"", ""l1_ratio"": 0.0}"
0,2,207,0,0.5540661516748778,0.4104320412772381,0.045114426372305325,"{""C"": 0.05135776127610299, ""class_weight"": ""balanced"", ""l1_ratio"": 0.0}"
0,2,208,1,0.47815765995340337,0.3674660338031794,0.05089539909827285,"{""C"": 0.05135776127610299, ""class_weight"": ""balanced"", ""l1_ratio"": 0.0}"
0,2,209,0,0.7026619588696537,0.552003933118742,0.09409030237533365,"{""C"": 0.05135776127610299, ""class_weight"": ""balanced"", ""l1_ratio"": 0.0}"
0,2,211,1,0.5851430851033654,0.46411886723043033,0.0506139679904988,"{""C"": 0.05135776127610299, ""class_weight"": ""balanced"", ""l1_ratio"": 0.0}"
0,2,216,0,0.4509643786185542,0.3356875056441898,0.05919300942839469,"{""C"": 0.05135776127610299, ""class_weight"": ""balanced"", ""l1_ratio"": 0.0}"
0,2,220,1,0.7542372963963002,0.6020635038216915,0.07632654569538377,"{""C"": 0.05135776127610299, ""class_weight"": ""balanced"", ""l1_ratio"": 0.0}"
0,2,224,0,0.5522994318365005,0.41744599885652994,0.05176655827311318,"{""C"": 0.05135776127610299, ""class_weight"": ""balanced"", ""l1_ratio"": 0.0}"
0,2,226,1,0.4206687945269626,0.30269477543903633,0.03430012153224124,"{""C"": 0.05135776127610299, ""class_weight"": ""balanced"", ""l1_ratio"": 0.0}"
0,2,228,1,0.42454233360496973,0.3107638968754452,0.03482488177526309,"{""C"": 0.05135776127610299, ""class_weight"": ""balanced"", ""l1_ratio"": 0.0}"
0,2,229,0,0.6789398112659596,0.5284010676451899,0.08140272782398657,"{""C"": 0.05135776127610299, ""class_weight"": ""balanced"", ""l1_ratio"": 0.0}"
0,2,239,0,0.4363663085906562,0.31980360186412327,0.05359012216489044,"{""C"": 0.05135776127610299, ""class_weight"": ""balanced"", ""l1_ratio"": 0.0}"
0,2,244,1,0.3729160996980044,0.2717875134687146,0.059270779408249936,"{""C"": 0.05135776127610299, ""class_weight"": ""balanced"", ""l1_ratio"": 0.0}"
0,2,257,0,0.25730289534946854,0.19383200552598198,0.08378574440504519,"{""C"": 0.05135776127610299, ""class_weight"": ""balanced"", ""l1_ratio"": 0.0}"
0,2,263,0,0.22933858658193595,0.17730550646603602,0.07321975112741283,"{""C"": 0.05135776127610299, ""class_weight"": ""balanced"", ""l1_ratio"": 0.0}"
0,2,270,0,0.17192263424492904,0.14232702747380713,0.06501195191447752,"{""C"": 0.05135776127610299, ""class_weight"": ""balanced"", ""l1_ratio"": 0.0}"
0,2,275,1,0.6788354622667516,0.5221690643697113,0.047542214388453456,"{""C"": 0.05135776127610299, ""class_weight"": ""balanced"", ""l1_ratio"": 0.0}"
0,2,279,0,0.3572572593136215,0.2553090161616311,0.047548957527349146,"{""C"": 0.05135776127610299, ""class_weight"": ""balanced"", ""l1_ratio"": 0.0}"
0,2,281,0,0.5661810878233993,0.4271391851834374,0.07091732780120497,"{""C"": 0.05135776127610299, ""class_weight"": ""balanced"", ""l1_ratio"": 0.0}"
0,2,285,0,0.3377956924975882,0.2506397121372056,0.05761695721647514,"{""C"": 0.05135776127610299, ""class_weight"": ""balanced"", ""l1_ratio"": 0.0}"
0,2,294,1,0.7057499972367338,0.5563611445064786,0.0860095009952177,"{""C"": 0.05135776127610299, ""class_weight"": ""balanced"", ""l1_ratio"": 0.0}"
0,3,0,1,0.16029325170967126,0.23473508452815645,0.066025713858785,"{""C"": 1.885791658016815, ""class_weight"": ""balanced"", ""l1_ratio"": 1.0}"
0,3,4,0,0.09650405126103667,0.18845401123141187,0.03202594465088216,"{""C"": 1.885791658016815, ""class_weight"": ""balanced"", ""l1_ratio"": 1.0}"
0,3,8,0,0.0047985300456476815,0.06086580998040223,0.03863515088798194,"{""C"": 1.885791658016815, ""class_weight"": ""balanced"", ""l1_ratio"": 1.0}"
0,3,9,1,0.4139252441495718,0.3873182959675646,0.07070759760652116,"{""C"": 1.885791658016815, ""class_weight"": ""balanced"", ""l1_ratio"": 1.0}"
0,3,13,1,0.5313601495521441,0.4418813510598446,0.09281051685191961,"{""C"": 1.885791658016815, ""class_weight"": ""balanced"", ""l1_ratio"": 1.0}"
0,3,16,0,0.07002276310784429,0.17250120965831844,0.056594591967411026,"{""C"": 1.885791658016815, ""class_weight"": ""balanced"", ""l1_ratio"": 1.0}"
0,3,24,0,0.31400708140730127,0.32816193417779554,0.026539469480197954,"{""C"": 1.885791658016815, ""class_weight"": ""balanced"", ""l1_ratio"": 1.0}"
0,3,32,1,0.7795959279002209,0.5476617996801134,0.08077834268174308,"{""C"": 1.885791658016815, ""class_weight"": ""balanced"", ""l1_ratio"": 1.0}"
0,3,44,1,0.7188780059915741,0.5210147156581976,0.09224002079222318,"{""C"": 1.885791658016815, ""class_weight"": ""balanced"", ""l1_ratio"": 1.0}"
0,3,46,1,0.013968390177999043,0.09106413609680816,0.02853306093453356,"{""C"": 1.885791658016815, ""class_weight"": ""balanced"", ""l1_ratio"": 1.0}"
0,3,52,1,0.247041943847168,0.30488139286938953,0.058936626090622425,"{""C"": 1.885791658016815, ""class_weight"": ""balanced"", ""l1_ratio"": 1.0}"
0,3,54,0,0.04844107684509909,0.13543206671684094,0.07128092680456903,"{""C"": 1.885791658016815, ""class_weight"": ""balanced"", ""l1_ratio"": 1.0}"
0,3,64,0,0.18530400013902895,0.24196277895961282,0.09335319472345915,"{""C"": 1.885791658016815, ""class_weight"": ""balanced"", ""l1_ratio"": 1.0}"
0,3,66,0,0.2767915779172846,0.32120256568812244,0.05787392098769879,"{""C"": 1.885791658016815, ""class_weight"": ""balanced"", ""l1_ratio"": 1.0}"
0,3,68,0,0.030529340483151327,0.11981292824102223,0.025798720243103035,"{""C"": 1.885791658016815, ""class_weight"": ""balanced"", ""l1_ratio"": 1.0}"
0,3,69,1,0.10115031014813948,0.2343860148968233,0.09401840156290533,"{""C"": 1.885791658016815, ""class_weight"": ""balanced"", ""l1_ratio"": 1.0}"
0,3,77,0,0.35596941679236566,0.3297130999941795,0.032960635927439454,"{""C"": 1.885791658016815, ""class_weight"": ""balanced"", ""l1_ratio"": 1.0}"
0,3,91,0,0.14971860161740153,0.24738684723084906,0.02620547066085415,"{""C"": 1.885791658016815, ""class_weight"": ""balanced"", ""l1_ratio"": 1.0}"
0,3,95,0,0.35684202780191515,0.32664134142966833,0.03714141221859567,"{""C"": 1.885791658016815, ""class_weight"": ""balanced"", ""l1_ratio"": 1.0}"
0,3,106,0,0.08598192985487367,0.19599152849272752,0.0622957332576684,"{""C"": 1.885791658016815, ""class_weight"": ""balanced"", ""l1_ratio"": 1.0}"
0,3,110,0,0.34826864575010974,0.31654797059601547,0.01563979196751965,"{""C"": 1.885791658016815, ""class_weight"": ""balanced"", ""l1_ratio"": 1.0}"
0,3,123,0,0.21906922326652892,0.2991663368336254,0.026983356321421292,"{""C"": 1.885791658016815, ""class_weight"": ""balanced"", ""l1_ratio"": 1.0}"
0,3,125,1,0.242035503965855,0.2686563364771303,0.019758291591994357,"{""C"": 1.885791658016815, ""class_weight"": ""balanced"", ""l1_ratio"": 1.0}"
0,3,132,1,0.7930900194719216,0.5420980418114917,0.06939084821807388,"{""C"": 1.885791658016815, ""class_weight"": ""balanced"", ""l1_ratio"": 1.0}"
0,3,137,0,0.4676394340877223,0.38560128403696525,0.060009576363976684,"{""C"": 1.885791658016815, ""class_weight"": ""balanced"", ""l1_ratio"": 1.0}"
0,3,142,0,0.009974688725223559,0.08166239787963087,0.04102051425142578,"{""C"": 1.885791658016815, ""class_weight"": ""balanced"", ""l1_ratio"": 1.0}"
0,3,144,1,0.9178970171201187,0.6357133985680965,0.06525075442094488,"{""C"": 1.885791658016815, ""class_weight"": ""balanced"", ""l1_ratio"": 1.0}"
0,3,146,0,0.950983573997773,0.7115411867866634,0.14847997283435724,"{""C"": 1.885791658016815, ""class_weight"": ""balanced"", ""l1_ratio"": 1.0}"
0,3,149,1,0.6702954764910318,0.4719433424075595,0.10907668063551153,"{""C"": 1.885791658016815, ""class_weight"": ""balanced"", ""l1_ratio"": 1.0}"
0,3,164,1,0.9042673930859486,0.6279017583650833,0.11674237200170501,"{""C"": 1.885791658016815, ""class_weight"": ""balanced"", ""l1_ratio"": 1.0}"
0,3,169,0,0.0666452275293878,0.1721128926435814,0.04432055345122436,"{""C"": 1.885791658016815, ""class_weight"": ""balanced"", ""l1_ratio"": 1.0}"
0,3,174,1,0.9864190385273303,0.7854833422907868,0.07835198672053968,"{""C"": 1.885791658016815, ""class_weight"": ""balanced"", ""l1_ratio"": 1.0}"
0,3,178,0,0.0998325291913987,0.2103455331446348,0.0325652231556881,"{""C"": 1.885791658016815, ""class_weight"": ""balanced"", ""l1_ratio"": 1.0}"
0,3,181,0,0.6375387413536924,0.4661113395117443,0.0719390600521868,"{""C"": 1.885791658016815, ""class_weight"": ""balanced"", ""l1_ratio"": 1.0}"
0,3,182,1,0.6075345795723766,0.44591182708229954,0.17181598066072032,"{""C"": 1.885791658016815, ""class_weight"": ""balanced"", ""l1_ratio"": 1.0}"
0,3,190,0,0.061104248357183234,0.1573680585917186,0.04518828843678118,"{""C"": 1.885791658016815, ""class_weight"": ""balanced"", ""l1_ratio"": 1.0}"
0,3,195,1,0.6610677805245598,0.47031748936993695,0.07499012459777318,"{""C"": 1.885791658016815, ""class_weight"": ""balanced"", ""l1_ratio"": 1.0}"
0,3,196,0,0.14488477360265908,0.2298109492468469,0.04913726002080419,"{""C"": 1.885791658016815, ""class_weight"": ""balanced"", ""l1_ratio"": 1.0}"
0,3,205,1,0.2808351887226123,0.3020550345249034,0.02213834987019148,"{""C"": 1.885791658016815, ""class_weight"": ""balanced"", ""l1_ratio"": 1.0}"
0,3,210,0,0.13557221905022812,0.2072612807027066,0.03344578928758577,"{""C"": 1.885791658016815, ""class_weight"": ""balanced"", ""l1_ratio"": 1.0}"
0,3,214,0,0.6614863624640928,0.49028260206368335,0.06920571903112735,"{""C"": 1.885791658016815, ""class_weight"": ""balanced"", ""l1_ratio"": 1.0}"
0,3,215,0,0.965806978946389,0.6935115002553116,0.1406065034736376,"{""C"": 1.885791658016815, ""class_weight"": ""balanced"", ""l1_ratio"": 1.0}"
0,3,217,0,0.29013013496974904,0.3134325079705408,0.052187542089821216,"{""C"": 1.885791658016815, ""class_weight"": ""balanced"", ""l1_ratio"": 1.0}"
0,3,222,1,0.6411502837526483,0.4797444533240938,0.08288952684648099,"{""C"": 1.885791658016815, ""class_weight"": ""balanced"", ""l1_ratio"": 1.0}"
0,3,233,0,0.15527810137180495,0.2385400407764938,0.026009587339926338,"{""C"": 1.885791658016815, ""class_weight"": ""balanced"", ""l1_ratio"": 1.0}"
0,3,234,0,0.6214258933388845,0.45372897987712657,0.06144554059519595,"{""C"": 1.885791658016815, ""class_weight"": ""balanced"", ""l1_ratio"": 1.0}"
0,3,251,0,0.02153883100720955,0.10636879684610853,0.04784881370705414,"{""C"": 1.885791658016815, ""class_weight"": ""balanced"", ""l1_ratio"": 1.0}"
0,3,254,0,0.7038318624319645,0.5001402500791191,0.12217440201534838,"{""C"": 1.885791658016815, ""class_weight"": ""balanced"", ""l1_ratio"": 1.0}"
0,3,259,1,0.6317572456433173,0.4743376176630476,0.09435510694432299,"{""C"": 1.885791658016815, ""class_weight"": ""balanced"", ""l1_ratio"": 1.0}"
0,3,261,0,0.2398710147016775,0.27741541178080753,0.02105098189594543,"{""C"": 1.885791658016815, ""class_weight"": ""balanced"", ""l1_ratio"": 1.0}"
0,3,265,1,0.2338526982558352,0.29404950019452614,0.05929359560837766,"{""C"": 1.885791658016815, ""class_weight"": ""balanced"", ""l1_ratio"": 1.0}"
0,3,266,1,0.6511583150823059,0.47621094525078095,0.11973491742733955,"{""C"": 1.885791658016815, ""class_weight"": ""balanced"", ""l1_ratio"": 1.0}"
0,3,267,0,0.6074190825983747,0.4405911188733084,0.07106847220156573,"{""C"": 1.885791658016815, ""class_weight"": ""balanced"", ""l1_ratio"": 1.0}"
0,3,269,1,0.08638803755810248,0.17334255791582145,0.043306087201875794,"{""C"": 1.885791658016815, ""class_weight"": ""balanced"", ""l1_ratio"": 1.0}"
0,3,271,0,0.5676732310797459,0.44720455582896734,0.10182711905646988,"{""C"": 1.885791658016815, ""class_weight"": ""balanced"", ""l1_ratio"": 1.0}"
0,3,277,0,0.3094783313989991,0.3168336026924739,0.02509857026472641,"{""C"": 1.885791658016815, ""class_weight"": ""balanced"", ""l1_ratio"": 1.0}"
0,3,278,1,0.31706126646861815,0.3119387068403749,0.022076620569018133,"{""C"": 1.885791658016815, ""class_weight"": ""balanced"", ""l1_ratio"": 1.0}"
0,3,289,0,0.024997859451311773,0.11839900163136527,0.033845401178630746,"{""C"": 1.885791658016815, ""class_weight"": ""balanced"", ""l1_ratio"": 1.0}"
0,3,296,0,0.02937684227632291,0.12172019862931908,0.03459384481410718,"{""C"": 1.885791658016815, ""class_weight"": ""balanced"", ""l1_ratio"": 1.0}"
0,3,301,0,0.12277856595076574,0.22188289042515602,0.040863686826975665,"{""C"": 1.885791658016815, ""class_weight"": ""balanced"", ""l1_ratio"": 1.0}"
0,4,21,0,0.5119031435737851,0.3832422531100906,0.06781414395769449,"{""C"": 0.017877539345607523, ""class_weight"": ""balanced"", ""l1_ratio"": 0.0}"
0,4,27,1,0.44564333669467954,0.29388074298666417,0.08710462305229616,"{""C"": 0.017877539345607523, ""class_weight"": ""balanced"", ""l1_ratio"": 0.0}"
0,4,29,0,0.5230450525312906,0.36887909181625955,0.06498037641927383,"{""C"": 0.017877539345607523, ""class_weight"": ""balanced"", ""l1_ratio"": 0.0}"
0,4,33,1,0.4117916346771654,0.26976475204061356,0.07064293932651965,"{""C"": 0.017877539345607523, ""class_weight"": ""balanced"", ""l1_ratio"": 0.0}"
0,4,40,0,0.7696308346264921,0.6947692418325447,0.18321089356727527,"{""C"": 0.017877539345607523, ""class_weight"": ""balanced"", ""l1_ratio"": 0.0}"
0,4,49,1,0.35331846082611174,0.21916590916520926,0.09147948242711898,"{""C"": 0.017877539345607523, ""class_weight"": ""balanced"", ""l1_ratio"": 0.0}"
0,4,50,0,0.4568862374116272,0.30840317895519387,0.052662812280185586,"{""C"": 0.017877539345607523, ""class_weight"": ""balanced"", ""l1_ratio"": 0.0}"
0,4,57,1,0.5575941498726997,0.44091316449810136,0.0477509095007314,"{""C"": 0.017877539345607523, ""class_weight"": ""balanced"", ""l1_ratio"": 0.0}"
0,4,59,1,0.6939717873016845,0.6127720367841493,0.1661630050644957,"{""C"": 0.017877539345607523, ""class_weight"": ""balanced"", ""l1_ratio"": 0.0}"
0,4,63,1,0.691053677977607,0.6146318274656328,0.15906981542432264,"{""C"": 0.017877539345607523, ""class_weight"": ""balanced"", ""l1_ratio"": 0.0}"
0,4,65,0,0.46328725474089866,0.3276163724054621,0.06750327829799936,"{""C"": 0.017877539345607523, ""class_weight"": ""balanced"", ""l1_ratio"": 0.0}"
0,4,67,0,0.24801674803986623,0.15762005252581965,0.10707042106529287,"{""C"": 0.017877539345607523, ""class_weight"": ""balanced"", ""l1_ratio"": 0.0}"
0,4,74,1,0.6564523306611223,0.57790168618256,0.1430516500602385,"{""C"": 0.017877539345607523, ""class_weight"": ""balanced"", ""l1_ratio"": 0.0}"
0,4,78,0,0.4892122131091791,0.3589954781185217,0.03387021935171639,"{""C"": 0.017877539345607523, ""class_weight"": ""balanced"", ""l1_ratio"": 0.0}"
0,4,79,0,0.4442453447063586,0.29381464321381534,0.07480236323119553,"{""C"": 0.017877539345607523, ""class_weight"": ""balanced"", ""l1_ratio"": 0.0}"
0,4,81,0,0.6549133677698922,0.5799701974098748,0.1333726386741187,"{""C"": 0.017877539345607523, ""class_weight"": ""balanced"", ""l1_ratio"": 0.0}"
0,4,100,0,0.7139359234090709,0.6409644175758616,0.14107225325369288,"{""C"": 0.017877539345607523, ""class_weight"": ""balanced"", ""l1_ratio"": 0.0}"
0,4,102,0,0.2777175087770174,0.17555863549084866,0.10268042815772348,"{""C"": 0.017877539345607523, ""class_weight"": ""balanced"", ""l1_ratio"": 0.0}"
0,4,104,0,0.4472138265225349,0.29622773063377716,0.0840823961102469,"{""C"": 0.017877539345607523, ""class_weight"": ""balanced"", ""l1_ratio"": 0.0}"
0,4,111,0,0.5080146248269636,0.3638818832778755,0.0598729152126139,"{""C"": 0.017877539345607523, ""class_weight"": ""balanced"", ""l1_ratio"": 0.0}"
0,4,112,1,0.5056995161226027,0.3556889175957732,0.027114283443212248,"{""C"": 0.017877539345607523, ""class_weight"": ""balanced"", ""l1_ratio"": 0.0}"
0,4,113,0,0.3067521205402568,0.19006766417457188,0.10119499395917649,"{""C"": 0.017877539345607523, ""class_weight"": ""balanced"", ""l1_ratio"": 0.0}"
0,4,116,0,0.3926777615372442,0.2564545683924272,0.06428730485704953,"{""C"": 0.017877539345607523, ""class_weight"": ""balanced"", ""l1_ratio"": 0.0}"
0,4,135,1,0.5267794504331645,0.381958178814973,0.03959964775609539,"{""C"": 0.017877539345607523, ""class_weight"": ""balanced"", ""l1_ratio"": 0.0}"
0,4,136,0,0.36064177660392743,0.22915320474547132,0.09343662797540718,"{""C"": 0.017877539345607523, ""class_weight"": ""balanced"", ""l1_ratio"": 0.0}"
0,4,143,0,0.20289579970341473,0.1333071133808919,0.10285957866719585,"{""C"": 0.017877539345607523, ""class_weight"": ""balanced"", ""l1_ratio"": 0.0}"
0,4,153,0,0.49036619022366157,0.3456792343113186,0.05383250397715625,"{""C"": 0.017877539345607523, ""class_weight"": ""balanced"", ""l1_ratio"": 0.0}"
0,4,160,1,0.5630000852063317,0.43449170948246163,0.029031413931592146,"{""C"": 0.017877539345607523, ""class_weight"": ""balanced"", ""l1_ratio"": 0.0}"
0,4,161,0,0.6730048055290168,0.5895597172887805,0.13692904677517706,"{""C"": 0.017877539345607523, ""class_weight"": ""balanced"", ""l1_ratio"": 0.0}"
0,4,165,0,0.5386849452630058,0.40655919652359973,0.03628576688629132,"{""C"": 0.017877539345607523, ""class_weight"": ""balanced"", ""l1_ratio"": 0.0}"
0,4,172,0,0.5679425740540727,0.43581581803917785,0.0553181705822892,"{""C"": 0.017877539345607523, ""class_weight"": ""balanced"", ""l1_ratio"": 0.0}"
0,4,173,1,0.6713025839300744,0.5869022797139756,0.11642652471348466,"{""C"": 0.017877539345607523, ""class_weight"": ""balanced"", ""l1_ratio"": 0.0}"
0,4,179,0,0.39288100056819836,0.24514784807304366,0.0936497401048619,"{""C"": 0.017877539345607523, ""class_weight"": ""balanced"", ""l1_ratio"": 0.0}"
0,4,184,0,0.4214420370118143,0.2852071736602665,0.08750514465074359,"{""C"": 0.017877539345607523, ""class_weight"": ""balanced"", ""l1_ratio"": 0.0}"
0,4,194,0,0.3449029544124272,0.22133666228648466,0.08928839730723541,"{""C"": 0.017877539345607523, ""class_weight"": ""balanced"", ""l1_ratio"": 0.0}"
0,4,199,0,0.36692333417802775,0.2322027842828819,0.09103849315951225,"{""C"": 0.017877539345607523, ""class_weight"": ""balanced"", ""l1_ratio"": 0.0}"
0,4,200,0,0.5359760373984069,0.40110655675365586,0.031791437183483755,"{""C"": 0.017877539345607523, ""class_weight"": ""balanced"", ""l1_ratio"": 0.0}"
0,4,202,1,0.6356175121482861,0.5324231342017919,0.09749443432687065,"{""C"": 0.017877539345607523, ""class_weight"": ""balanced"", ""l1_ratio"": 0.0}"
0,4,203,0,0.3678412503625909,0.23940453816532026,0.10286873228035728,"{""C"": 0.017877539345607523, ""class_weight"": ""balanced"", ""l1_ratio"": 0.0}"
0,4,212,0,0.23530773809120556,0.14597467817302,0.10639197448243791,"{""C"": 0.017877539345607523, ""class_weight"": ""balanced"", ""l1_ratio"": 0.0}"
0,4,213,0,0.44743675052318205,0.2947138102623884,0.06257745183664766,"{""C"": 0.017877539345607523, ""class_weight"": ""balanced"", ""l1_ratio"": 0.0}"
0,4,219,1,0.26266427690592475,0.16501022697410478,0.10953801753694492,"{""C"": 0.017877539345607523, ""class_weight"": ""balanced"", ""l1_ratio"": 0.0}"
0,4,225,1,0.4042072016133641,0.2607746396378657,0.07503361716634294,"{""C"": 0.017877539345607523, ""class_weight"": ""balanced"", ""l1_ratio"": 0.0}"
0,4,230,0,0.6348684628974478,0.5444239518972375,0.1058646320670622,"{""C"": 0.017877539345607523, ""class_weight"": ""balanced"", ""l1_ratio"": 0.0}"
0,4,231,1,0.686615962551565,0.5944432190324094,0.11903263664986966,"{""C"": 0.017877539345607523, ""class_weight"": ""balanced"", ""l1_ratio"": 0.0}"
0,4,235,0,0.5046015874696672,0.35260586727696075,0.043640234246902165,"{""C"": 0.017877539345607523, ""class_weight"": ""balanced"", ""l1_ratio"": 0.0}"
0,4,238,0,0.26280571358571486,0.16245175876415682,0.10285395915513812,"{""C"": 0.017877539345607523, ""class_weight"": ""balanced"", ""l1_ratio"": 0.0}"
0,4,242,1,0.4554897154861991,0.30073774123782254,0.06536917481954171,"{""C"": 0.017877539345607523, ""class_weight"": ""balanced"", ""l1_ratio"": 0.0}"
0,4,252,1,0.465920718381743,0.2896533877732209,0.07662926425108181,"{""C"": 0.017877539345607523, ""class_weight"": ""balanced"", ""l1_ratio"": 0.0}"
0,4,253,0,0.5047956167205133,0.3583603295473858,0.05864324269416132,"{""C"": 0.017877539345607523, ""class_weight"": ""balanced"", ""l1_ratio"": 0.0}"
0,4,255,0,0.2034417053754096,0.1346683412184589,0.10444070015421907,"{""C"": 0.017877539345607523, ""class_weight"": ""balanced"", ""l1_ratio"": 0.0}"
0,4,260,1,0.6287874973880728,0.5324991894297277,0.13406020584443157,"{""C"": 0.017877539345607523, ""class_weight"": ""balanced"", ""l1_ratio"": 0.0}"
0,4,272,0,0.5119056742377227,0.38060568496597874,0.019202417366102956,"{""C"": 0.017877539345607523, ""class_weight"": ""balanced"", ""l1_ratio"": 0.0}"
0,4,273,1,0.8261891516060437,0.7454461871413536,0.17426973850668684,"{""C"": 0.017877539345607523, ""class_weight"": ""balanced"", ""l1_ratio"": 0.0}"
0,4,282,1,0.6269597746269496,0.5202403767918792,0.09638133905421876,"{""C"": 0.017877539345607523, ""class_weight"": ""balanced"", ""l1_ratio"": 0.0}"
0,4,284,0,0.49900213671462385,0.3532936520347555,0.041387368089342874,"{""C"": 0.017877539345607523, ""class_weight"": ""balanced"", ""l1_ratio"": 0.0}"
0,4,288,1,0.38094155820165754,0.2501349649979526,0.10091476627965379,"{""C"": 0.017877539345607523, ""class_weight"": ""balanced"", ""l1_ratio"": 0.0}"
0,4,291,0,0.42613004713684205,0.28682781676390945,0.06648198405545276,"{""C"": 0.017877539345607523, ""class_weight"": ""balanced"", ""l1_ratio"": 0.0}"
0,4,292,0,0.40460883458473,0.2603735439185775,0.09885788817319456,"{""C"": 0.017877539345607523, ""class_weight"": ""balanced"", ""l1_ratio"": 0.0}"
0,4,298,1,0.42423983742068444,0.27742675741859557,0.09064998236483507,"{""C"": 0.017877539345607523, ""class_weight"": ""balanced"", ""l1_ratio"": 0.0}"
1,0,19,0,0.673384075975414,0.4813976236724953,0.09139145056376383,"{""C"": 0.9751229985523527, ""class_weight"": ""balanced"", ""l1_ratio"": 1.0}"
1,0,20,0,0.13444796171886167,0.19911857981484987,0.06467612830053564,"{""C"": 0.9751229985523527, ""class_weight"": ""balanced"", ""l1_ratio"": 1.0}"
1,0,29,0,0.855742365745975,0.621675003289196,0.06667533705159226,"{""C"": 0.9751229985523527, ""class_weight"": ""balanced"", ""l1_ratio"": 1.0}"
1,0,30,0,0.936529099128377,0.7206142733057302,0.07821240674807305,"{""C"": 0.9751229985523527, ""class_weight"": ""balanced"", ""l1_ratio"": 1.0}"
1,0,32,1,0.6681480508751968,0.47162039859297505,0.06257332224664502,"{""C"": 0.9751229985523527, ""class_weight"": ""balanced"", ""l1_ratio"": 1.0}"
1,0,34,1,0.4902638590652732,0.40637262210992164,0.058661144421320706,"{""C"": 0.9751229985523527, ""class_weight"": ""balanced"", ""l1_ratio"": 1.0}"
1,0,36,0,0.6916440245929016,0.49436169280938846,0.023333536556223517,"{""C"": 0.9751229985523527, ""class_weight"": ""balanced"", ""l1_ratio"": 1.0}"
1,0,37,0,0.46408509845981544,0.33899929821092556,0.0760466412334186,"{""C"": 0.9751229985523527, ""class_weight"": ""balanced"", ""l1_ratio"": 1.0}"
1,0,46,1,0.027551011171027,0.09676225616255198,0.03828623509616383,"{""C"": 0.9751229985523527, ""class_weight"": ""balanced"", ""l1_ratio"": 1.0}"
1,0,48,0,0.09838864969398069,0.22214793628938007,0.05817777530316584,"{""C"": 0.9751229985523527, ""class_weight"": ""balanced"", ""l1_ratio"": 1.0}"
1,0,56,1,0.5227828343769712,0.46416332017633677,0.07845373207023786,"{""C"": 0.9751229985523527, ""class_weight"": ""balanced"", ""l1_ratio"": 1.0}"
1,0,61,1,0.3517079854828595,0.3281887055377467,0.05898476010685602,"{""C"": 0.9751229985523527, ""class_weight"": ""balanced"", ""l1_ratio"": 1.0}"
1,0,63,1,0.771170001188064,0.5615654541827191,0.10420203946793354,"{""C"": 0.9751229985523527, ""class_weight"": ""balanced"", ""l1_ratio"": 1.0}"
1,0,68,0,0.21975717073382717,0.2674443952228562,0.05625393875456517,"{""C"": 0.9751229985523527, ""class_weight"": ""balanced"", ""l1_ratio"": 1.0}"
1,0,69,1,0.7582758658905251,0.5329048017340312,0.09696478496193067,"{""C"": 0.9751229985523527, ""class_weight"": ""balanced"", ""l1_ratio"": 1.0}"
1,0,74,1,0.6570481381229389,0.4997800475709176,0.11832859901223271,"{""C"": 0.9751229985523527, ""class_weight"": ""balanced"", ""l1_ratio"": 1.0}"
1,0,75,0,0.4124337685236371,0.3439055292624598,0.04299307146545003,"{""C"": 0.9751229985523527, ""class_weight"": ""balanced"", ""l1_ratio"": 1.0}"
1,0,76,0,0.8987823364917448,0.64562912874245,0.1273712372977631,"{""C"": 0.9751229985523527, ""class_weight"": ""balanced"", ""l1_ratio"": 1.0}"
1,0,77,0,0.2940554322332144,0.2881469478531381,0.095557576699194,"{""C"": 0.9751229985523527, ""class_weight"": ""balanced"", ""l1_ratio"": 1.0}"
1,0,79,0,0.1957838867276141,0.24370274475033077,0.06696660270492553,"{""C"": 0.9751229985523527, ""class_weight"": ""balanced"", ""l1_ratio"": 1.0}"
1,0,87,1,0.5903214312312309,0.42383527823424494,0.06303375254686745,"{""C"": 0.9751229985523527, ""class_weight"": ""balanced"", ""l1_ratio"": 1.0}"
1,0,99,0,0.05467812056212433,0.130924497537453,0.06306576642857767,"{""C"": 0.9751229985523527, ""class_weight"": ""balanced"", ""l1_ratio"": 1.0}"
1,0,102,0,0.13926251506238874,0.20265691902918817,0.043936713411720424,"{""C"": 0.9751229985523527, ""class_weight"": ""balanced"", ""l1_ratio"": 1.0}"
1,0,104,0,0.2567847142991486,0.27182458379395,0.06732223024706577,"{""C"": 0.9751229985523527, ""class_weight"": ""balanced"", ""l1_ratio"": 1.0}"
1,0,108,0,0.05424450292359696,0.12007744596568717,0.024262012030823243,"{""C"": 0.9751229985523527, ""class_weight"": ""balanced"", ""l1_ratio"": 1.0}"
1,0,112,1,0.9192785853824534,0.680588837626211,0.08965181496636232,"{""C"": 0.9751229985523527, ""class_weight"": ""balanced"", ""l1_ratio"": 1.0}"
1,0,117,0,0.6450142386660267,0.4482795887529658,0.10085951483367098,"{""C"": 0.9751229985523527, ""class_weight"": ""balanced"", ""l1_ratio"": 1.0}"
1,0,128,1,0.12114089724437868,0.17373410268001754,0.047467684109669686,"{""C"": 0.9751229985523527, ""class_weight"": ""balanced"", ""l1_ratio"": 1.0}"
1,0,132,1,0.49822204508795986,0.3942660670935591,0.017443831936909095,"{""C"": 0.9751229985523527, ""class_weight"": ""balanced"", ""l1_ratio"": 1.0}"
1,0,136,0,0.07582354547315079,0.1557961896604087,0.04096732302626831,"{""C"": 0.9751229985523527, ""class_weight"": ""balanced"", ""l1_ratio"": 1.0}"
1,0,137,0,0.3852725629812226,0.3369235308187046,0.057967508125945436,"{""C"": 0.9751229985523527, ""class_weight"": ""balanced"", ""l1_ratio"": 1.0}"
1,0,145,0,0.8392703754781125,0.6262452796962219,0.06869913644120196,"{""C"": 0.9751229985523527, ""class_weight"": ""balanced"", ""l1_ratio"": 1.0}"
1,0,151,0,0.17873505290118358,0.23861806604337094,0.07284263993893146,"{""C"": 0.9751229985523527, ""class_weight"": ""balanced"", ""l1_ratio"": 1.0}"
1,0,152,0,0.0729059779558831,0.14562992408837266,0.03935892395899185,"{""C"": 0.9751229985523527, ""class_weight"": ""balanced"", ""l1_ratio"": 1.0}"
1,0,154,1,0.11056925383486212,0.18212303263948676,0.041173841013186045,"{""C"": 0.9751229985523527, ""class_weight"": ""balanced"", ""l1_ratio"": 1.0}"
1,0,160,1,0.7244945942093965,0.48130488663726023,0.11440389057838841,"{""C"": 0.9751229985523527, ""class_weight"": ""balanced"", ""l1_ratio"": 1.0}"
1,0,190,0,0.07411378998171189,0.14531733661763993,0.05848436890069283,"{""C"": 0.9751229985523527, ""class_weight"": ""balanced"", ""l1_ratio"": 1.0}"
1,0,192,0,0.03588040916203814,0.09984056520497385,0.024071332212702017,"{""C"": 0.9751229985523527, ""class_weight"": ""balanced"", ""l1_ratio"": 1.0}"
1,0,197,1,0.8654367436358498,0.6072741277975234,0.07988339177361406,"{""C"": 0.9751229985523527, ""class_weight"": ""balanced"", ""l1_ratio"": 1.0}"
1,0,198,0,0.5182402492235703,0.44521719700333084,0.10912276762850885,"{""C"": 0.9751229985523527, ""class_weight"": ""balanced"", ""l1_ratio"": 1.0}"
1,0,201,0,0.2988335090503376,0.2968211934006937,0.11809419513122739,"{""C"": 0.9751229985523527, ""class_weight"": ""balanced"", ""l1_ratio"": 1.0}"
1,0,207,0,0.6367329841693169,0.48897937879164194,0.08945984717556552,"{""C"": 0.9751229985523527, ""class_weight"": ""balanced"", ""l1_ratio"": 1.0}"
1,0,210,0,0.1529500282435429,0.20131524842951215,0.02335799410681857,"{""C"": 0.9751229985523527, ""class_weight"": ""balanced"", ""l1_ratio"": 1.0}"
1,0,218,0,0.08638583601652287,0.15676244469225617,0.02695928213911675,"{""C"": 0.9751229985523527, ""class_weight"": ""balanced"", ""l1_ratio"": 1.0}"
1,0,222,1,0.7752475785916694,0.5656247789037439,0.10022455019710026,"{""C"": 0.9751229985523527, ""class_weight"": ""balanced"", ""l1_ratio"": 1.0}"
1,0,223,1,0.2680783058897336,0.259487605513962,0.030437155232262113,"{""C"": 0.9751229985523527, ""class_weight"": ""balanced"", ""l1_ratio"": 1.0}"
1,0,227,0,0.33773944530823186,0.33426660380031714,0.056769029474287185,"{""C"": 0.9751229985523527, ""class_weight"": ""balanced"", ""l1_ratio"": 1.0}"
1,0,237,0,0.17154687412042904,0.22766314070162164,0.05417009694220558,"{""C"": 0.9751229985523527, ""class_weight"": ""balanced"", ""l1_ratio"": 1.0}"
1,0,247,0,0.015543032373574486,0.0773269809723218,0.037600907732199436,"{""C"": 0.9751229985523527, ""class_weight"": ""balanced"", ""l1_ratio"": 1.0}"
1,0,251,0,0.038519235206052195,0.1146436861455429,0.042157400059492846,"{""C"": 0.9751229985523527, ""class_weight"": ""balanced"", ""l1_ratio"": 1.0}"
1,0,260,1,0.9806460502228905,0.7764680898891241,0.07131874064757598,"{""C"": 0.9751229985523527, ""class_weight"": ""balanced"", ""l1_ratio"": 1.0}"
1,0,262,0,0.2163840875073452,0.24241461910240666,0.07278771966039727,"{""C"": 0.9751229985523527, ""class_weight"": ""balanced"", ""l1_ratio"": 1.0}"
1,0,263,0,0.08629108735167822,0.1506227354751621,0.015071074363187217,"{""C"": 0.9751229985523527, ""class_weight"": ""balanced"", ""l1_ratio"": 1.0}"
1,0,275,1,0.6515941421915958,0.4625380673594236,0.08066637702436595,"{""C"": 0.9751229985523527, ""class_weight"": ""balanced"", ""l1_ratio"": 1.0}"
1,0,276,0,0.09519245398674843,0.1867354292406577,0.06336788538931568,"{""C"": 0.9751229985523527, ""class_weight"": ""balanced"", ""l1_ratio"": 1.0}"
1,0,282,1,0.7790592879408361,0.5555725459307774,0.0767428434056274,"{""C"": 0.9751229985523527, ""class_weight"": ""balanced"", ""l1_ratio"": 1.0}"
1,0,283,1,0.6817717961940972,0.4689264556510956,0.04216136203222508,"{""C"": 0.9751229985523527, ""class_weight"": ""balanced"", ""l1_ratio"": 1.0}"
1,0,285,0,0.1279875288790584,0.21559664124961153,0.058703308021339176,"{""C"": 0.9751229985523527, ""class_weight"": ""balanced"", ""l1_ratio"": 1.0}"
1,0,288,1,0.05272715542606461,0.13821577205146346,0.05247929214114269,"{""C"": 0.9751229985523527, ""class_weight"": ""balanced"", ""l1_ratio"": 1.0}"
1,0,296,0,0.025057860886895142,0.08056777876199932,0.014328614591476425,"{""C"": 0.9751229985523527, ""class_weight"": ""balanced"", ""l1_ratio"": 1.0}"
1,0,298,1,0.39384886117699586,0.3315826273596186,0.02780121296334358,"{""C"": 0.9751229985523527, ""class_weight"": ""balanced"", ""l1_ratio"": 1.0}"
1,1,1,0,0.3313744830404116,0.28684432982085484,0.09658564953334103,"{""C"": 0.15167606563383296, ""class_weight"": ""balanced"", ""l1_ratio"": 0.0}"
1,1,9,1,0.4288728364653483,0.32684088573167586,0.08292317886023183,"{""C"": 0.15167606563383296, ""class_weight"": ""balanced"", ""l1_ratio"": 0.0}"
1,1,16,0,0.11084004248278187,0.13337707825673434,0.05594193586388009,"{""C"": 0.15167606563383296, ""class_weight"": ""balanced"", ""l1_ratio"": 0.0}"
1,1,31,1,0.24100916296821256,0.22852289391670294,0.10584632638025138,"{""C"": 0.15167606563383296, ""class_weight"": ""balanced"", ""l1_ratio"": 0.0}"
1,1,41,0,0.2163593618371223,0.2029533120549032,0.03163006449230095,"{""C"": 0.15167606563383296, ""class_weight"": ""balanced"", ""l1_ratio"": 0.0}"
1,1,50,0,0.4784827759140104,0.37788131099927746,0.04628027396077682,"{""C"": 0.15167606563383296, ""class_weight"": ""balanced"", ""l1_ratio"": 0.0}"
1,1,51,0,0.3336908228854389,0.27070182218035044,0.06776233324758414,"{""C"": 0.15167606563383296, ""class_weight"": ""balanced"", ""l1_ratio"": 0.0}"
1,1,53,1,0.262966136991445,0.24080207600455433,0.04374153892682069,"{""C"": 0.15167606563383296, ""class_weight"": ""balanced"", ""l1_ratio"": 0.0}"
1,1,62,1,0.3861432945556885,0.29113929193969207,0.03782592075479192,"{""C"": 0.15167606563383296, ""class_weight"": ""balanced"", ""l1_ratio"": 0.0}"
1,1,65,0,0.5049365956488008,0.35729320029633704,0.07223208107576441,"{""C"": 0.15167606563383296, ""class_weight"": ""balanced"", ""l1_ratio"": 0.0}"
1,1,72,0,0.4321052609404913,0.33835133091311387,0.03159927908899876,"{""C"": 0.15167606563383296, ""class_weight"": ""balanced"", ""l1_ratio"": 0.0}"
1,1,82,0,0.4212803468056167,0.3783017042900261,0.07767442233315426,"{""C"": 0.15167606563383296, ""class_weight"": ""balanced"", ""l1_ratio"": 0.0}"
1,1,83,0,0.4420537447941968,0.3469209085699125,0.05232488730368486,"{""C"": 0.15167606563383296, ""class_weight"": ""balanced"", ""l1_ratio"": 0.0}"
1,1,84,1,0.8590885634735871,0.6532485186350343,0.09122501407123909,"{""C"": 0.15167606563383296, ""class_weight"": ""balanced"", ""l1_ratio"": 0.0}"
1,1,91,0,0.21264001446606698,0.19995879343548903,0.08382461174210379,"{""C"": 0.15167606563383296, ""class_weight"": ""balanced"", ""l1_ratio"": 0.0}"
1,1,94,0,0.6105767958321826,0.4477797587004586,0.02184676865266995,"{""C"": 0.15167606563383296, ""class_weight"": ""balanced"", ""l1_ratio"": 0.0}"
1,1,103,1,0.4991183748633534,0.3779154282071394,0.04818437442800156,"{""C"": 0.15167606563383296, ""class_weight"": ""balanced"", ""l1_ratio"": 0.0}"
1,1,105,0,0.5750007049533751,0.4428123228996935,0.08799846849583194,"{""C"": 0.15167606563383296, ""class_weight"": ""balanced"", ""l1_ratio"": 0.0}"
1,1,107,1,0.291041230987396,0.28161802036283434,0.05828437792075564,"{""C"": 0.15167606563383296, ""class_weight"": ""balanced"", ""l1_ratio"": 0.0}"
1,1,109,1,0.5972878154626164,0.44316451105710997,0.030542103271185544,"{""C"": 0.15167606563383296, ""class_weight"": ""balanced"", ""l1_ratio"": 0.0}"
1,1,110,0,0.3002009135846323,0.24919404287126623,0.05729891987847299,"{""C"": 0.15167606563383296, ""class_weight"": ""balanced"", ""l1_ratio"": 0.0}"
1,1,120,1,0.4307576722767491,0.34632846949118584,0.037546471492150194,"{""C"": 0.15167606563383296, ""class_weight"": ""balanced"", ""l1_ratio"": 0.0}"
1,1,125,1,0.3747725323730128,0.29060163560003816,0.05556879349913445,"{""C"": 0.15167606563383296, ""class_weight"": ""balanced"", ""l1_ratio"": 0.0}"
1,1,127,0,0.7837766851385305,0.600724941010639,0.07144998920271471,"{""C"": 0.15167606563383296, ""class_weight"": ""balanced"", ""l1_ratio"": 0.0}"
1,1,129,0,0.39469897915482804,0.31255460954352,0.040882331564215196,"{""C"": 0.15167606563383296, ""class_weight"": ""balanced"", ""l1_ratio"": 0.0}"
1,1,131,0,0.694260252021553,0.5170842746077422,0.06719465299539501,"{""C"": 0.15167606563383296, ""class_weight"": ""balanced"", ""l1_ratio"": 0.0}"
1,1,141,0,0.6843092204213641,0.5088236842598768,0.05724047088207551,"{""C"": 0.15167606563383296, ""class_weight"": ""balanced"", ""l1_ratio"": 0.0}"
1,1,143,0,0.0578505205723367,0.0935770667219886,0.05231186458290215,"{""C"": 0.15167606563383296, ""class_weight"": ""balanced"", ""l1_ratio"": 0.0}"
1,1,149,1,0.8044761773639797,0.6421016651012337,0.09597013373269332,"{""C"": 0.15167606563383296, ""class_weight"": ""balanced"", ""l1_ratio"": 0.0}"
1,1,158,1,0.10923313232353928,0.13629234851284466,0.0468484894782194,"{""C"": 0.15167606563383296, ""class_weight"": ""balanced"", ""l1_ratio"": 0.0}"
1,1,165,0,0.42851266917535863,0.33657797046004356,0.0431000627608732,"{""C"": 0.15167606563383296, ""class_weight"": ""balanced"", ""l1_ratio"": 0.0}"
1,1,170,0,0.3275408999425022,0.2670665208274936,0.06847439740399547,"{""C"": 0.15167606563383296, ""class_weight"": ""balanced"", ""l1_ratio"": 0.0}"
1,1,172,0,0.6246570689532064,0.44622863742640034,0.0610501045812164,"{""C"": 0.15167606563383296, ""class_weight"": ""balanced"", ""l1_ratio"": 0.0}"
1,1,173,1,0.5146955529582448,0.4112358198542413,0.13444281159366805,"{""C"": 0.15167606563383296, ""class_weight"": ""balanced"", ""l1_ratio"": 0.0}"
1,1,175,0,0.4220095235073508,0.32617361449985427,0.04236462539272641,"{""C"": 0.15167606563383296, ""class_weight"": ""balanced"", ""l1_ratio"": 0.0}"
1,1,178,0,0.22921118149933759,0.2198668316987901,0.05056874355440819,"{""C"": 0.15167606563383296, ""class_weight"": ""balanced"", ""l1_ratio"": 0.0}"
1,1,179,0,0.2037250942171427,0.1983897168749833,0.04370166972817585,"{""C"": 0.15167606563383296, ""class_weight"": ""balanced"", ""l1_ratio"": 0.0}"
1,1,184,0,0.3973266741078716,0.297370431743462,0.057016010680943065,"{""C"": 0.15167606563383296, ""class_weight"": ""balanced"", ""l1_ratio"": 0.0}"
1,1,185,0,0.27886929856661496,0.24483443830800383,0.05566619023876489,"{""C"": 0.15167606563383296, ""class_weight"": ""balanced"", ""l1_ratio"": 0.0}"
1,1,186,0,0.6164145869805047,0.4888522137165349,0.07026388975389053,"{""C"": 0.15167606563383296, ""class_weight"": ""balanced"", ""l1_ratio"": 0.0}"
1,1,189,1,0.6772723078105193,0.5115308228795972,0.04678953158605552,"{""C"": 0.15167606563383296, ""class_weight"": ""balanced"", ""l1_ratio"": 0.0}"
1,1,191,0,0.4968109002580425,0.366303412517874,0.07410536687455975,"{""C"": 0.15167606563383296, ""class_weight"": ""balanced"", ""l1_ratio"": 0.0}"
1,1,195,1,0.6298579826733754,0.4406735443527051,0.09066900506440864,"{""C"": 0.15167606563383296, ""class_weight"": ""balanced"", ""l1_ratio"": 0.0}"
1,1,202,1,0.780736084665413,0.5955143974945588,0.07681284316796289,"{""C"": 0.15167606563383296, ""class_weight"": ""balanced"", ""l1_ratio"": 0.0}"
1,1,206,1,0.6110339578247709,0.4436852772428989,0.05034310304262268,"{""C"": 0.15167606563383296, ""class_weight"": ""balanced"", ""l1_ratio"": 0.0}"
1,1,220,1,0.8293615666745285,0.641144503611499,0.09626719197614368,"{""C"": 0.15167606563383296, ""class_weight"": ""balanced"", ""l1_ratio"": 0.0}"
1,1,230,0,0.7407018855248707,0.5602790988032507,0.05136204886976633,"{""C"": 0.15167606563383296, ""class_weight"": ""balanced"", ""l1_ratio"": 0.0}"
1,1,232,1,0.5666063384663732,0.4248114796410987,0.10195049643579876,"{""C"": 0.15167606563383296, ""class_weight"": ""balanced"", ""l1_ratio"": 0.0}"
1,1,235,0,0.3534207768204891,0.2888539037701922,0.11359531435302564,"{""C"": 0.15167606563383296, ""class_weight"": ""balanced"", ""l1_ratio"": 0.0}"
1,1,241,0,0.5037014182434012,0.38301854429269117,0.016152273677627345,"{""C"": 0.15167606563383296, ""class_weight"": ""balanced"", ""l1_ratio"": 0.0}"
1,1,244,1,0.4167977551514216,0.3237062988845998,0.027001443888655736,"{""C"": 0.15167606563383296, ""class_weight"": ""balanced"", ""l1_ratio"": 0.0}"
1,1,250,0,0.6591824996031439,0.47960504490797806,0.03895903501032029,"{""C"": 0.15167606563383296, ""class_weight"": ""balanced"", ""l1_ratio"": 0.0}"
1,1,252,1,0.6820280693007728,0.48197558727451506,0.09860341036137363,"{""C"": 0.15167606563383296, ""class_weight"": ""balanced"", ""l1_ratio"": 0.0}"
1,1,256,0,0.4380845946751768,0.33882352420971296,0.030020225387652963,"{""C"": 0.15167606563383296, ""class_weight"": ""balanced"", ""l1_ratio"": 0.0}"
1,1,259,1,0.4564960309671167,0.35419587399316504,0.07239695400760968,"{""C"": 0.15167606563383296, ""class_weight"": ""balanced"", ""l1_ratio"": 0.0}"
1,1,274,1,0.5952977553827167,0.46391626838413036,0.024753246963467923,"{""C"": 0.15167606563383296, ""class_weight"": ""balanced"", ""l1_ratio"": 0.0}"
1,1,277,0,0.829221903225523,0.6562828757463203,0.1100675563444464,"{""C"": 0.15167606563383296, ""class_weight"": ""balanced"", ""l1_ratio"": 0.0}"
1,1,281,0,0.6440771243261216,0.48592066233754927,0.07618572623536171,"{""C"": 0.15167606563383296, ""class_weight"": ""balanced"", ""l1_ratio"": 0.0}"
1,1,286,0,0.21356232266986916,0.20117936151541055,0.06391688170161157,"{""C"": 0.15167606563383296, ""class_weight"": ""balanced"", ""l1_ratio"": 0.0}"
1,1,299,0,0.04731317126221812,0.08247876540790414,0.03718123665630262,"{""C"": 0.15167606563383296, ""class_weight"": ""balanced"", ""l1_ratio"": 0.0}"
1,1,301,0,0.10067385296389152,0.1231629747432453,0.04854188833579926,"{""C"": 0.15167606563383296, ""class_weight"": ""balanced"", ""l1_ratio"": 0.0}"
1,2,2,0,0.3527533832288929,0.3651962473247748,0.034714715383402026,"{""C"": 4.226669525662777, ""class_weight"": null, ""l1_ratio"": 0.0}"
1,2,4,0,0.16814155532437566,0.2835115139687453,0.07922617472438423,"{""C"": 4.226669525662777, ""class_weight"": null, ""l1_ratio"": 0.0}"
1,2,7,1,0.817476814398763,0.5445361847583173,0.10656050216383443,"{""C"": 4.226669525662777, ""class_weight"": null, ""l1_ratio"": 0.0}"
1,2,11,1,0.8619867083756174,0.5520538637650334,0.0403668874341964,"{""C"": 4.226669525662777, ""class_weight"": null, ""l1_ratio"": 0.0}"
1,2,14,0,0.23993343985635135,0.3384834974671663,0.04693756232147881,"{""C"": 4.226669525662777, ""class_weight"": null, ""l1_ratio"": 0.0}"
1,2,24,0,0.23831885911473866,0.3737938918944129,0.05430931761861376,"{""C"": 4.226669525662777, ""class_weight"": null, ""l1_ratio"": 0.0}"
1,2,25,0,0.39986185710268807,0.4099010841249789,0.04021447069020495,"{""C"": 4.226669525662777, ""class_weight"": null, ""l1_ratio"": 0.0}"
1,2,35,0,0.006342798951695563,0.14485660329957706,0.08903664361622737,"{""C"": 4.226669525662777, ""class_weight"": null, ""l1_ratio"": 0.0}"
1,2,39,1,0.34972125212051663,0.4043545815695846,0.046389583693007656,"{""C"": 4.226669525662777, ""class_weight"": null, ""l1_ratio"": 0.0}"
1,2,40,0,0.931106728219038,0.6103754862830577,0.08409407003668651,"{""C"": 4.226669525662777, ""class_weight"": null, ""l1_ratio"": 0.0}"
1,2,43,0,0.003926641720429845,0.12224857969723331,0.09004801029045059,"{""C"": 4.226669525662777, ""class_weight"": null, ""l1_ratio"": 0.0}"
1,2,49,1,0.08432685033845456,0.2596715010347047,0.0680591067269454,"{""C"": 4.226669525662777, ""class_weight"": null, ""l1_ratio"": 0.0}"
1,2,52,1,0.20662115812495221,0.3227832566488997,0.05432696184530051,"{""C"": 4.226669525662777, ""class_weight"": null, ""l1_ratio"": 0.0}"
1,2,54,0,0.017817787488684674,0.19535121213818027,0.11200160420361208,"{""C"": 4.226669525662777, ""class_weight"": null, ""l1_ratio"": 0.0}"
1,2,55,1,0.440141956027261,0.41011070368646385,0.05331628440412525,"{""C"": 4.226669525662777, ""class_weight"": null, ""l1_ratio"": 0.0}"
1,2,57,1,0.48870259490086476,0.4346364330656335,0.0783646297082644,"{""C"": 4.226669525662777, ""class_weight"": null, ""l1_ratio"": 0.0}"
1,2,58,0,0.8027080498930446,0.53766252903493,0.07521493774252708,"{""C"": 4.226669525662777, ""class_weight"": null, ""l1_ratio"": 0.0}"
1,2,88,0,0.9078770971859497,0.625476795006342,0.10993178999886506,"{""C"": 4.226669525662777, ""class_weight"": null, ""l1_ratio"": 0.0}"
1,2,97,0,0.6297124290511575,0.46603160462926996,0.055124191561355215,"{""C"": 4.226669525662777, ""class_weight"": null, ""l1_ratio"": 0.0}"
1,2,100,0,0.4702546802452816,0.444384097126037,0.10416574559528745,"{""C"": 4.226669525662777, ""class_weight"": null, ""l1_ratio"": 0.0}"
1,2,116,0,0.31604891980812694,0.3517906762841029,0.062413024494475555,"{""C"": 4.226669525662777, ""class_weight"": null, ""l1_ratio"": 0.0}"
1,2,121,1,0.9310561400922607,0.6316257700560897,0.11637031481001701,"{""C"": 4.226669525662777, ""class_weight"": null, ""l1_ratio"": 0.0}"
1,2,124,0,0.018532058991821275,0.18917861592424812,0.028684734390218816,"{""C"": 4.226669525662777, ""class_weight"": null, ""l1_ratio"": 0.0}"
1,2,138,1,0.9526759944616021,0.6700718779358661,0.13848573030121697,"{""C"": 4.226669525662777, ""class_weight"": null, ""l1_ratio"": 0.0}"
1,2,144,1,0.9026012775580224,0.6070697334139735,0.08514064145387307,"{""C"": 4.226669525662777, ""class_weight"": null, ""l1_ratio"": 0.0}"
1,2,150,0,0.38967813832107306,0.3870292801229911,0.061942276146775714,"{""C"": 4.226669525662777, ""class_weight"": null, ""l1_ratio"": 0.0}"
1,2,155,0,0.9254985136593916,0.6218988945587804,0.08781133853273587,"{""C"": 4.226669525662777, ""class_weight"": null, ""l1_ratio"": 0.0}"
1,2,156,1,0.6748219924494976,0.49030840287746413,0.05105135537599345,"{""C"": 4.226669525662777, ""class_weight"": null, ""l1_ratio"": 0.0}"
1,2,159,0,0.8736915582889506,0.5887444562410666,0.09947343681786515,"{""C"": 4.226669525662777, ""class_weight"": null, ""l1_ratio"": 0.0}"
1,2,166,0,0.019701305517546328,0.17841696346965624,0.0766414132165159,"{""C"": 4.226669525662777, ""class_weight"": null, ""l1_ratio"": 0.0}"
1,2,167,0,0.07359793648872325,0.24242192353781605,0.061433464993538196,"{""C"": 4.226669525662777, ""class_weight"": null, ""l1_ratio"": 0.0}"
1,2,171,0,0.2946095600921631,0.3461543198872614,0.04677897112632761,"{""C"": 4.226669525662777, ""class_weight"": null, ""l1_ratio"": 0.0}"
1,2,174,1,0.8371162420190339,0.5770597632230438,0.09809533916947101,"{""C"": 4.226669525662777, ""class_weight"": null, ""l1_ratio"": 0.0}"
1,2,177,1,0.7902884532913735,0.5336639695932041,0.05633778392864973,"{""C"": 4.226669525662777, ""class_weight"": null, ""l1_ratio"": 0.0}"
1,2,180,1,0.14777755726829303,0.2834733560646939,0.044623891132387725,"{""C"": 4.226669525662777, ""class_weight"": null, ""l1_ratio"": 0.0}"
1,2,194,0,0.02377372530204424,0.19082454536695231,0.09005415260183398,"{""C"": 4.226669525662777, ""class_weight"": null, ""l1_ratio"": 0.0}"
1,2,196,0,0.04407848674927384,0.20247641547941408,0.07859451371289719,"{""C"": 4.226669525662777, ""class_weight"": null, ""l1_ratio"": 0.0}"
1,2,200,0,0.1967488191413872,0.31385094387720514,0.06251494487578678,"{""C"": 4.226669525662777, ""class_weight"": null, ""l1_ratio"": 0.0}"
1,2,204,0,0.05258640950439902,0.22819900230002835,0.052256723002607225,"{""C"": 4.226669525662777, ""class_weight"": null, ""l1_ratio"": 0.0}"
1,2,211,1,0.8724741390931449,0.5860131951215594,0.09079431898843116,"{""C"": 4.226669525662777, ""class_weight"": null, ""l1_ratio"": 0.0}"
1,2,224,0,0.23026454251345063,0.3438532990567361,0.021707093848537282,"{""C"": 4.226669525662777, ""class_weight"": null, ""l1_ratio"": 0.0}"
1,2,226,1,0.3542149123714221,0.39646452059602577,0.041085982820914066,"{""C"": 4.226669525662777, ""class_weight"": null, ""l1_ratio"": 0.0}"
1,2,228,1,0.5187702962062459,0.42195561684898364,0.05252118898333985,"{""C"": 4.226669525662777, ""class_weight"": null, ""l1_ratio"": 0.0}"
1,2,229,0,0.3731934788284758,0.40938196576209407,0.05335746867407218,"{""C"": 4.226669525662777, ""class_weight"": null, ""l1_ratio"": 0.0}"
1,2,231,1,0.9208206414771151,0.6468348876580434,0.10766136171417372,"{""C"": 4.226669525662777, ""class_weight"": null, ""l1_ratio"": 0.0}"
1,2,233,0,0.07154999541023173,0.23040993712272345,0.0623646834790054,"{""C"": 4.226669525662777, ""class_weight"": null, ""l1_ratio"": 0.0}"
1,2,234,0,0.43363890620171214,0.39182643615238255,0.05034536065391057,"{""C"": 4.226669525662777, ""class_weight"": null, ""l1_ratio"": 0.0}"
1,2,238,0,0.10635816648186694,0.2653401293492513,0.03451800825397952,"{""C"": 4.226669525662777, ""class_weight"": null, ""l1_ratio"": 0.0}"
1,2,245,0,0.41168120572186634,0.3873343525774341,0.07891869521268785,"{""C"": 4.226669525662777, ""class_weight"": null, ""l1_ratio"": 0.0}"
1,2,248,1,0.9563187735045131,0.667671131523216,0.1057610181576402,"{""C"": 4.226669525662777, ""class_weight"": null, ""l1_ratio"": 0.0}"
1,2,249,1,0.28552956733140267,0.3425421324359391,0.0727706973918305,"{""C"": 4.226669525662777, ""class_weight"": null, ""l1_ratio"": 0.0}"
1,2,255,0,0.0023936031340219665,0.11446278914932065,0.07288130998474503,"{""C"": 4.226669525662777, ""class_weight"": null, ""l1_ratio"": 0.0}"
1,2,261,0,0.12506831146671346,0.2770954776609127,0.053347295390548284,"{""C"": 4.226669525662777, ""class_weight"": null, ""l1_ratio"": 0.0}"
1,2,266,1,0.3455340587500579,0.39125687342956306,0.055543193511786625,"{""C"": 4.226669525662777, ""class_weight"": null, ""l1_ratio"": 0.0}"
1,2,278,1,0.3335320986895509,0.3563070241956852,0.04738794810867196,"{""C"": 4.226669525662777, ""class_weight"": null, ""l1_ratio"": 0.0}"
1,2,280,0,0.6788013162422403,0.470127198657306,0.06058772642793416,"{""C"": 4.226669525662777, ""class_weight"": null, ""l1_ratio"": 0.0}"
1,2,284,0,0.10591708555305712,0.2800887710870136,0.06756552129619485,"{""C"": 4.226669525662777, ""class_weight"": null, ""l1_ratio"": 0.0}"
1,2,292,0,0.6938432026139331,0.4926851837273082,0.07253598237460385,"{""C"": 4.226669525662777, ""class_weight"": null, ""l1_ratio"": 0.0}"
1,2,294,1,0.9774722774278491,0.7067718616807268,0.10332588306359632,"{""C"": 4.226669525662777, ""class_weight"": null, ""l1_ratio"": 0.0}"
1,2,295,0,0.012899740270515601,0.1633230007570889,0.10635078142231064,"{""C"": 4.226669525662777, ""class_weight"": null, ""l1_ratio"": 0.0}"
1,2,302,0,0.11067373675831445,0.2803388064942894,0.05304531655228845,"{""C"": 4.226669525662777, ""class_weight"": null, ""l1_ratio"": 0.0}"
1,3,0,1,0.283329533278514,0.15478901477235857,0.05170662408858824,"{""C"": 0.02433127225240888, ""class_weight"": ""balanced"", ""l1_ratio"": 0.0}"
1,3,5,1,0.5522520911454701,0.42198073842846934,0.020411705524733773,"{""C"": 0.02433127225240888, ""class_weight"": ""balanced"", ""l1_ratio"": 0.0}"
1,3,6,0,0.37121573338052627,0.22999155830653334,0.04264635495907912,"{""C"": 0.02433127225240888, ""class_weight"": ""balanced"", ""l1_ratio"": 0.0}"
1,3,10,0,0.4367433954423436,0.29552632238649496,0.013292776674769463,"{""C"": 0.02433127225240888, ""class_weight"": ""balanced"", ""l1_ratio"": 0.0}"
1,3,12,1,0.6647094399993002,0.5817616821311695,0.09732008863743614,"{""C"": 0.02433127225240888, ""class_weight"": ""balanced"", ""l1_ratio"": 0.0}"
1,3,15,1,0.6280653815122702,0.5264295619721092,0.05340189054190622,"{""C"": 0.02433127225240888, ""class_weight"": ""balanced"", ""l1_ratio"": 0.0}"
1,3,21,0,0.5083679881880054,0.3633598956279557,0.03011054407640151,"{""C"": 0.02433127225240888, ""class_weight"": ""balanced"", ""l1_ratio"": 0.0}"
1,3,22,0,0.7021656507620782,0.6179825965421759,0.07798182528971427,"{""C"": 0.02433127225240888, ""class_weight"": ""balanced"", ""l1_ratio"": 0.0}"
1,3,26,0,0.39210172735304366,0.26197143922228144,0.05357529085243006,"{""C"": 0.02433127225240888, ""class_weight"": ""balanced"", ""l1_ratio"": 0.0}"
1,3,27,1,0.3742069985187421,0.23084898540324642,0.052161433407289404,"{""C"": 0.02433127225240888, ""class_weight"": ""balanced"", ""l1_ratio"": 0.0}"
1,3,28,0,0.5955969483031496,0.4948377339177673,0.09454246102465663,"{""C"": 0.02433127225240888, ""class_weight"": ""balanced"", ""l1_ratio"": 0.0}"
1,3,33,1,0.48853389746847264,0.3472721414800035,0.02365308069003455,"{""C"": 0.02433127225240888, ""class_weight"": ""balanced"", ""l1_ratio"": 0.0}"
1,3,38,0,0.7866973011942521,0.7388347325260083,0.07948208179982244,"{""C"": 0.02433127225240888, ""class_weight"": ""balanced"", ""l1_ratio"": 0.0}"
1,3,44,1,0.5366270975479368,0.41336889221635176,0.03592492901545968,"{""C"": 0.02433127225240888, ""class_weight"": ""balanced"", ""l1_ratio"": 0.0}"
1,3,45,1,0.6897187951503209,0.6050699468613764,0.05180302384856622,"{""C"": 0.02433127225240888, ""class_weight"": ""balanced"", ""l1_ratio"": 0.0}"
1,3,47,1,0.7014810588117237,0.6092499750032792,0.062084241715215795,"{""C"": 0.02433127225240888, ""class_weight"": ""balanced"", ""l1_ratio"": 0.0}"
1,3,59,1,0.6024338091192074,0.4959638348803258,0.06645243892893164,"{""C"": 0.02433127225240888, ""class_weight"": ""balanced"", ""l1_ratio"": 0.0}"
1,3,66,0,0.5543054052578248,0.43730935763921047,0.045538940422372,"{""C"": 0.02433127225240888, ""class_weight"": ""balanced"", ""l1_ratio"": 0.0}"
1,3,70,0,0.20002378834336304,0.09850207372467637,0.036160345330876316,"{""C"": 0.02433127225240888, ""class_weight"": ""balanced"", ""l1_ratio"": 0.0}"
1,3,81,0,0.6212365828760757,0.5233387838334919,0.07582749442259362,"{""C"": 0.02433127225240888, ""class_weight"": ""balanced"", ""l1_ratio"": 0.0}"
1,3,85,0,0.23620275161189402,0.1254140294183311,0.03036640116548023,"{""C"": 0.02433127225240888, ""class_weight"": ""balanced"", ""l1_ratio"": 0.0}"
1,3,89,1,0.6699907945670307,0.5793199771846776,0.08474798445056488,"{""C"": 0.02433127225240888, ""class_weight"": ""balanced"", ""l1_ratio"": 0.0}"
1,3,90,1,0.4556677455791429,0.3135877615482742,0.009306359962031666,"{""C"": 0.02433127225240888, ""class_weight"": ""balanced"", ""l1_ratio"": 0.0}"
1,3,92,1,0.7062667633550184,0.6287801553256991,0.06674872092071835,"{""C"": 0.02433127225240888, ""class_weight"": ""balanced"", ""l1_ratio"": 0.0}"
1,3,95,0,0.5537967491975828,0.4343201889310002,0.03565523392949584,"{""C"": 0.02433127225240888, ""class_weight"": ""balanced"", ""l1_ratio"": 0.0}"
1,3,101,1,0.5783408959147752,0.4652640822071568,0.06867313280051564,"{""C"": 0.02433127225240888, ""class_weight"": ""balanced"", ""l1_ratio"": 0.0}"
1,3,106,0,0.41954389038457285,0.28885504095595355,0.014523094524494214,"{""C"": 0.02433127225240888, ""class_weight"": ""balanced"", ""l1_ratio"": 0.0}"
1,3,114,1,0.8109613671252647,0.775085287534176,0.09112370072010008,"{""C"": 0.02433127225240888, ""class_weight"": ""balanced"", ""l1_ratio"": 0.0}"
1,3,115,1,0.4325898896092511,0.2937633805919657,0.03237033874455742,"{""C"": 0.02433127225240888, ""class_weight"": ""balanced"", ""l1_ratio"": 0.0}"
1,3,119,1,0.43839510306164303,0.2867086317286067,0.05189605871154693,"{""C"": 0.02433127225240888, ""class_weight"": ""balanced"", ""l1_ratio"": 0.0}"
1,3,123,0,0.47383740366036825,0.3293647218223078,0.046310710865455094,"{""C"": 0.02433127225240888, ""class_weight"": ""balanced"", ""l1_ratio"": 0.0}"
1,3,133,0,0.487205768452843,0.3480312893906579,0.01672008359588382,"{""C"": 0.02433127225240888, ""class_weight"": ""balanced"", ""l1_ratio"": 0.0}"
1,3,139,1,0.8097785951792518,0.7696165375353782,0.09523197475063704,"{""C"": 0.02433127225240888, ""class_weight"": ""balanced"", ""l1_ratio"": 0.0}"
1,3,140,0,0.4725603856799219,0.3432506065940653,0.04659571814332774,"{""C"": 0.02433127225240888, ""class_weight"": ""balanced"", ""l1_ratio"": 0.0}"
1,3,146,0,0.8734261772569037,0.8481558608866905,0.07769080390769702,"{""C"": 0.02433127225240888, ""class_weight"": ""balanced"", ""l1_ratio"": 0.0}"
1,3,148,1,0.5863045443966122,0.4755339765207192,0.051395240757846156,"{""C"": 0.02433127225240888, ""class_weight"": ""balanced"", ""l1_ratio"": 0.0}"
1,3,161,0,0.6402065915350389,0.5318396285589564,0.06644145263464456,"{""C"": 0.02433127225240888, ""class_weight"": ""balanced"", ""l1_ratio"": 0.0}"
1,3,169,0,0.31207283672850683,0.18430136420516505,0.06383460724454365,"{""C"": 0.02433127225240888, ""class_weight"": ""balanced"", ""l1_ratio"": 0.0}"
1,3,176,0,0.38188086495922724,0.23676395315454862,0.036463754770131564,"{""C"": 0.02433127225240888, ""class_weight"": ""balanced"", ""l1_ratio"": 0.0}"
1,3,182,1,0.7078100302739296,0.6372761690986211,0.07332305246200259,"{""C"": 0.02433127225240888, ""class_weight"": ""balanced"", ""l1_ratio"": 0.0}"
1,3,183,0,0.3402566803667857,0.2033797086309405,0.02701265325185942,"{""C"": 0.02433127225240888, ""class_weight"": ""balanced"", ""l1_ratio"": 0.0}"
1,3,188,0,0.30911985508341333,0.17908372856373425,0.05160628623648247,"{""C"": 0.02433127225240888, ""class_weight"": ""balanced"", ""l1_ratio"": 0.0}"
1,3,203,0,0.33947841874719176,0.20089294624704057,0.05134758436012592,"{""C"": 0.02433127225240888, ""class_weight"": ""balanced"", ""l1_ratio"": 0.0}"
1,3,212,0,0.24554319429940943,0.13036750117655768,0.042240083838280214,"{""C"": 0.02433127225240888, ""class_weight"": ""balanced"", ""l1_ratio"": 0.0}"
1,3,219,1,0.2159455322983099,0.10966388189898184,0.04786139566720364,"{""C"": 0.02433127225240888, ""class_weight"": ""balanced"", ""l1_ratio"": 0.0}"
1,3,257,0,0.3148320321723318,0.1888992259718726,0.023683599691974516,"{""C"": 0.02433127225240888, ""class_weight"": ""balanced"", ""l1_ratio"": 0.0}"
1,3,258,0,0.4860977541758702,0.3491685849486771,0.025332650934030698,"{""C"": 0.02433127225240888, ""class_weight"": ""balanced"", ""l1_ratio"": 0.0}"
1,3,264,0,0.3828419761583101,0.23697275931823641,0.038860631557134165,"{""C"": 0.02433127225240888, ""class_weight"": ""balanced"", ""l1_ratio"": 0.0}"
1,3,265,1,0.5173655616980225,0.3870934609406418,0.02756499646987179,"{""C"": 0.02433127225240888, ""class_weight"": ""balanced"", ""l1_ratio"": 0.0}"
1,3,268,0,0.30192932927375055,0.17984092570080723,0.03658173342048818,"{""C"": 0.02433127225240888, ""class_weight"": ""balanced"", ""l1_ratio"": 0.0}"
1,3,269,1,0.3806572247388512,0.23886136201109848,0.028329222697032003,"{""C"": 0.02433127225240888, ""class_weight"": ""balanced"", ""l1_ratio"": 0.0}"
1,3,270,0,0.2567324787313744,0.14140491567392022,0.05149981096348334,"{""C"": 0.02433127225240888, ""class_weight"": ""balanced"", ""l1_ratio"": 0.0}"
1,3,271,0,0.720669452867876,0.6581614471442809,0.08360435510142636,"{""C"": 0.02433127225240888, ""class_weight"": ""balanced"", ""l1_ratio"": 0.0}"
1,3,272,0,0.5912378129840989,0.4759480682014847,0.04410984410650674,"{""C"": 0.02433127225240888, ""class_weight"": ""balanced"", ""l1_ratio"": 0.0}"
1,3,279,0,0.303083995686225,0.16507984480561738,0.03635429106063545,"{""C"": 0.02433127225240888, ""class_weight"": ""balanced"", ""l1_ratio"": 0.0}"
1,3,287,0,0.39604442927023126,0.27045949315190254,0.0387651586473316,"{""C"": 0.02433127225240888, ""class_weight"": ""balanced"", ""l1_ratio"": 0.0}"
1,3,289,0,0.35606551378459217,0.21925654740188616,0.03576148335369675,"{""C"": 0.02433127225240888, ""class_weight"": ""balanced"", ""l1_ratio"": 0.0}"
1,3,290,0,0.302039775849124,0.1733365910184257,0.045380427831750114,"{""C"": 0.02433127225240888, ""class_weight"": ""balanced"", ""l1_ratio"": 0.0}"
1,3,293,0,0.4536985583226627,0.29734394642219575,0.05870171147707997,"{""C"": 0.02433127225240888, ""class_weight"": ""balanced"", ""l1_ratio"": 0.0}"
1,3,297,0,0.2658248343936201,0.14398566334412363,0.0478458379104749,"{""C"": 0.02433127225240888, ""class_weight"": ""balanced"", ""l1_ratio"": 0.0}"
1,4,3,0,0.7256638546940931,0.5502221728511477,0.08885431408424874,"{""C"": 0.21351299974645355, ""class_weight"": ""balanced"", ""l1_ratio"": 1.0}"
1,4,8,0,0.19095784522024642,0.14110811749463892,0.05405200947149953,"{""C"": 0.21351299974645355, ""class_weight"": ""balanced"", ""l1_ratio"": 1.0}"
1,4,13,1,0.6307061913191961,0.5074980074103937,0.08220200210120776,"{""C"": 0.21351299974645355, ""class_weight"": ""balanced"", ""l1_ratio"": 1.0}"
1,4,17,0,0.38158937095435924,0.27163501890301667,0.05489469148806154,"{""C"": 0.21351299974645355, ""class_weight"": ""balanced"", ""l1_ratio"": 1.0}"
1,4,18,1,0.7016685671753734,0.550577698355516,0.06768773961994101,"{""C"": 0.21351299974645355, ""class_weight"": ""balanced"", ""l1_ratio"": 1.0}"
1,4,23,1,0.7360804656649402,0.5955120451961196,0.08385082040123865,"{""C"": 0.21351299974645355, ""class_weight"": ""balanced"", ""l1_ratio"": 1.0}"
1,4,42,0,0.1634131995568738,0.1375241714204077,0.0705445808185652,"{""C"": 0.21351299974645355, ""class_weight"": ""balanced"", ""l1_ratio"": 1.0}"
1,4,60,0,0.3072597660032351,0.22761784432478546,0.0651706902422819,"{""C"": 0.21351299974645355, ""class_weight"": ""balanced"", ""l1_ratio"": 1.0}"
1,4,64,0,0.29644581884477267,0.21349450371309153,0.06530561464775628,"{""C"": 0.21351299974645355, ""class_weight"": ""balanced"", ""l1_ratio"": 1.0}"
1,4,67,0,0.267848923562364,0.19001165529039418,0.05890981441650691,"{""C"": 0.21351299974645355, ""class_weight"": ""balanced"", ""l1_ratio"": 1.0}"
1,4,71,1,0.6339560715822545,0.5192565656257098,0.07512171282465738,"{""C"": 0.21351299974645355, ""class_weight"": ""balanced"", ""l1_ratio"": 1.0}"
1,4,73,1,0.5060488234465161,0.3924196702275141,0.03441827769310972,"{""C"": 0.21351299974645355, ""class_weight"": ""balanced"", ""l1_ratio"": 1.0}"
1,4,78,0,0.45110771727050036,0.3430310258045722,0.05712518821280644,"{""C"": 0.21351299974645355, ""class_weight"": ""balanced"", ""l1_ratio"": 1.0}"
1,4,80,1,0.8058753862220678,0.6542656764132664,0.11455008848677849,"{""C"": 0.21351299974645355, ""class_weight"": ""balanced"", ""l1_ratio"": 1.0}"
1,4,86,1,0.7180243823325364,0.5602574185619442,0.10484572258461901,"{""C"": 0.21351299974645355, ""class_weight"": ""balanced"", ""l1_ratio"": 1.0}"
1,4,93,0,0.5354466368058891,0.430722743928421,0.07657005723166266,"{""C"": 0.21351299974645355, ""class_weight"": ""balanced"", ""l1_ratio"": 1.0}"
1,4,96,1,0.5747703295287847,0.45213210561972417,0.07768694132174944,"{""C"": 0.21351299974645355, ""class_weight"": ""balanced"", ""l1_ratio"": 1.0}"
1,4,98,0,0.5767980570639315,0.41309574163170737,0.0462954091082166,"{""C"": 0.21351299974645355, ""class_weight"": ""balanced"", ""l1_ratio"": 1.0}"
1,4,111,0,0.4507277598102352,0.3620753006773539,0.055160794787505,"{""C"": 0.21351299974645355, ""class_weight"": ""balanced"", ""l1_ratio"": 1.0}"
1,4,113,0,0.2826110516122459,0.20966268845911235,0.06946830159526245,"{""C"": 0.21351299974645355, ""class_weight"": ""balanced"", ""l1_ratio"": 1.0}"
1,4,118,0,0.5921617757363536,0.47736141339209937,0.08200705583611086,"{""C"": 0.21351299974645355, ""class_weight"": ""balanced"", ""l1_ratio"": 1.0}"
1,4,122,0,0.3141923508588585,0.24338160829916725,0.0662798975138479,"{""C"": 0.21351299974645355, ""class_weight"": ""balanced"", ""l1_ratio"": 1.0}"
1,4,126,1,0.6968967754274441,0.5240020094463195,0.08662098396475981,"{""C"": 0.21351299974645355, ""class_weight"": ""balanced"", ""l1_ratio"": 1.0}"
1,4,130,0,0.19302452456397817,0.15068101913297638,0.059996317110270196,"{""C"": 0.21351299974645355, ""class_weight"": ""balanced"", ""l1_ratio"": 1.0}"
1,4,134,0,0.6167419316854332,0.4646713935581386,0.07394971877819734,"{""C"": 0.21351299974645355, ""class_weight"": ""balanced"", ""l1_ratio"": 1.0}"
1,4,135,1,0.5469695509922385,0.39788065119392335,0.03995590010172282,"{""C"": 0.21351299974645355, ""class_weight"": ""balanced"", ""l1_ratio"": 1.0}"
1,4,142,0,0.3435945683276348,0.26225246990207823,0.04591658065481433,"{""C"": 0.21351299974645355, ""class_weight"": ""balanced"", ""l1_ratio"": 1.0}"
1,4,147,1,0.6347417070189197,0.5034434943953081,0.21037323782965392,"{""C"": 0.21351299974645355, ""class_weight"": ""balanced"", ""l1_ratio"": 1.0}"
1,4,153,0,0.4677853915099864,0.35235689950435173,0.019024677067645736,"{""C"": 0.21351299974645355, ""class_weight"": ""balanced"", ""l1_ratio"": 1.0}"
1,4,157,1,0.4910515326138662,0.34114226324793606,0.03564096684568124,"{""C"": 0.21351299974645355, ""class_weight"": ""balanced"", ""l1_ratio"": 1.0}"
1,4,162,0,0.6391316414656715,0.49013363099167445,0.05596367510926392,"{""C"": 0.21351299974645355, ""class_weight"": ""balanced"", ""l1_ratio"": 1.0}"
1,4,163,1,0.5020874781533421,0.42284850857683354,0.04179801132149757,"{""C"": 0.21351299974645355, ""class_weight"": ""balanced"", ""l1_ratio"": 1.0}"
1,4,164,1,0.7405824836076087,0.6180705139240834,0.10326260186500817,"{""C"": 0.21351299974645355, ""class_weight"": ""balanced"", ""l1_ratio"": 1.0}"
1,4,168,0,0.4034964980577213,0.29863298151778944,0.055247154967383534,"{""C"": 0.21351299974645355, ""class_weight"": ""balanced"", ""l1_ratio"": 1.0}"
1,4,181,0,0.6400288246229089,0.5315856293200848,0.09933324964411215,"{""C"": 0.21351299974645355, ""class_weight"": ""balanced"", ""l1_ratio"": 1.0}"
1,4,187,0,0.5030070043813308,0.36268147721176786,0.03715194728165584,"{""C"": 0.21351299974645355, ""class_weight"": ""balanced"", ""l1_ratio"": 1.0}"
1,4,193,0,0.4401782137893707,0.356360764742471,0.06916918221029371,"{""C"": 0.21351299974645355, ""class_weight"": ""balanced"", ""l1_ratio"": 1.0}"
1,4,199,0,0.2975012543080703,0.2224631038475756,0.060644270702357825,"{""C"": 0.21351299974645355, ""class_weight"": ""balanced"", ""l1_ratio"": 1.0}"
1,4,205,1,0.3883119295532304,0.2688349110512992,0.05227526937089618,"{""C"": 0.21351299974645355, ""class_weight"": ""balanced"", ""l1_ratio"": 1.0}"
1,4,208,1,0.49934965965891975,0.3881392983459748,0.0407643791989833,"{""C"": 0.21351299974645355, ""class_weight"": ""balanced"", ""l1_ratio"": 1.0}"
1,4,209,0,0.671986518046343,0.5079561677358736,0.032621619066123625,"{""C"": 0.21351299974645355, ""class_weight"": ""balanced"", ""l1_ratio"": 1.0}"
1,4,213,0,0.5164910251859469,0.36051468367585693,0.058202875432785024,"{""C"": 0.21351299974645355, ""class_weight"": ""balanced"", ""l1_ratio"": 1.0}"
1,4,214,0,0.6639000007712744,0.5298249670654247,0.07411528990806286,"{""C"": 0.21351299974645355, ""class_weight"": ""balanced"", ""l1_ratio"": 1.0}"
1,4,215,0,0.6392767102915812,0.4817634910294255,0.04342919728450817,"{""C"": 0.21351299974645355, ""class_weight"": ""balanced"", ""l1_ratio"": 1.0}"
1,4,216,0,0.33567955865973986,0.2739470347209252,0.03425603083584259,"{""C"": 0.21351299974645355, ""class_weight"": ""balanced"", ""l1_ratio"": 1.0}"
1,4,217,0,0.35325359096013376,0.27110840727976865,0.02251325578956563,"{""C"": 0.21351299974645355, ""class_weight"": ""balanced"", ""l1_ratio"": 1.0}"
1,4,221,0,0.35669403954422335,0.29917013511160884,0.06030741318720423,"{""C"": 0.21351299974645355, ""class_weight"": ""balanced"", ""l1_ratio"": 1.0}"
1,4,225,1,0.29366462005607696,0.2264756095588249,0.060137430318902986,"{""C"": 0.21351299974645355, ""class_weight"": ""balanced"", ""l1_ratio"": 1.0}"
1,4,236,0,0.4320001922676109,0.2956683451614501,0.06364449973494948,"{""C"": 0.21351299974645355, ""class_weight"": ""balanced"", ""l1_ratio"": 1.0}"
1,4,239,0,0.303957017903812,0.23987770707772565,0.03363818593352769,"{""C"": 0.21351299974645355, ""class_weight"": ""balanced"", ""l1_ratio"": 1.0}"
1,4,240,1,0.8396371564980457,0.6694689615865589,0.10828329149189207,"{""C"": 0.21351299974645355, ""class_weight"": ""balanced"", ""l1_ratio"": 1.0}"
1,4,242,1,0.4643695719758728,0.33733193058863054,0.014088221892974317,"{""C"": 0.21351299974645355, ""class_weight"": ""balanced"", ""l1_ratio"": 1.0}"
1,4,243,1,0.5635585705862164,0.41825067705662794,0.04962158802562318,"{""C"": 0.21351299974645355, ""class_weight"": ""balanced"", ""l1_ratio"": 1.0}"
1,4,246,1,0.7321281181287033,0.6380774796681616,0.1314956961037768,"{""C"": 0.21351299974645355, ""class_weight"": ""balanced"", ""l1_ratio"": 1.0}"
1,4,253,0,0.5298994918300858,0.3796253782343545,0.01342043751444016,"{""C"": 0.21351299974645355, ""class_weight"": ""balanced"", ""l1_ratio"": 1.0}"
1,4,254,0,0.5272104651658965,0.3943135763701797,0.05086689578200326,"{""C"": 0.21351299974645355, ""class_weight"": ""balanced"", ""l1_ratio"": 1.0}"
1,4,267,0,0.5481278705949633,0.4203645602595817,0.04166849150571047,"{""C"": 0.21351299974645355, ""class_weight"": ""balanced"", ""l1_ratio"": 1.0}"
1,4,273,1,0.8414051455039132,0.7269519695072765,0.13539475417862246,"{""C"": 0.21351299974645355, ""class_weight"": ""balanced"", ""l1_ratio"": 1.0}"
1,4,291,0,0.3707708089549826,0.2740764702105759,0.0462136445132064,"{""C"": 0.21351299974645355, ""class_weight"": ""balanced"", ""l1_ratio"": 1.0}"
1,4,300,0,0.33138402298793584,0.2346561916093067,0.06582264200460237,"{""C"": 0.21351299974645355, ""class_weight"": ""balanced"", ""l1_ratio"": 1.0}"
2,0,2,0,0.5471482201824033,0.40340999928351184,0.10500956650156693,"{""C"": 0.35173321308287747, ""class_weight"": ""balanced"", ""l1_ratio"": 0.0}"
2,0,12,1,0.6262384006036819,0.45560468290820566,0.06513538576541285,"{""C"": 0.35173321308287747, ""class_weight"": ""balanced"", ""l1_ratio"": 0.0}"
2,0,25,0,0.6614298023278262,0.48065528996081097,0.04393137292635005,"{""C"": 0.35173321308287747, ""class_weight"": ""balanced"", ""l1_ratio"": 0.0}"
2,0,26,0,0.3184336933882466,0.2748040445168372,0.048467771747471494,"{""C"": 0.35173321308287747, ""class_weight"": ""balanced"", ""l1_ratio"": 0.0}"
2,0,30,0,0.8169885533507742,0.6082607106686315,0.08734853661604725,"{""C"": 0.35173321308287747, ""class_weight"": ""balanced"", ""l1_ratio"": 0.0}"
2,0,35,0,0.03298318245046089,0.08755678288343466,0.03571188747018655,"{""C"": 0.35173321308287747, ""class_weight"": ""balanced"", ""l1_ratio"": 0.0}"
2,0,39,1,0.41624420183109534,0.3270074453389721,0.09857280212761683,"{""C"": 0.35173321308287747, ""class_weight"": ""balanced"", ""l1_ratio"": 0.0}"
2,0,42,0,0.011139347518350216,0.05263612266955907,0.0326234681538624,"{""C"": 0.35173321308287747, ""class_weight"": ""balanced"", ""l1_ratio"": 0.0}"
2,0,61,1,0.46680974238363787,0.3504146848341031,0.05542031118224335,"{""C"": 0.35173321308287747, ""class_weight"": ""balanced"", ""l1_ratio"": 0.0}"
2,0,64,0,0.30506521613454407,0.27182288202656874,0.05448687774477495,"{""C"": 0.35173321308287747, ""class_weight"": ""balanced"", ""l1_ratio"": 0.0}"
2,0,67,0,0.10224811443992735,0.1543289262431997,0.07170418167184328,"{""C"": 0.35173321308287747, ""class_weight"": ""balanced"", ""l1_ratio"": 0.0}"
2,0,69,1,0.8550485802976143,0.6327087073718201,0.06649545979216293,"{""C"": 0.35173321308287747, ""class_weight"": ""balanced"", ""l1_ratio"": 0.0}"
2,0,71,1,0.7991635951969298,0.5809172094048682,0.06681678313198883,"{""C"": 0.35173321308287747, ""class_weight"": ""balanced"", ""l1_ratio"": 0.0}"
2,0,72,0,0.3550397949088229,0.2979647947153582,0.0703994194885469,"{""C"": 0.35173321308287747, ""class_weight"": ""balanced"", ""l1_ratio"": 0.0}"
2,0,75,0,0.4071869546253643,0.3343759182768421,0.08301088099555626,"{""C"": 0.35173321308287747, ""class_weight"": ""balanced"", ""l1_ratio"": 0.0}"
2,0,78,0,0.3728433588674458,0.3140699703311335,0.07808764379561232,"{""C"": 0.35173321308287747, ""class_weight"": ""balanced"", ""l1_ratio"": 0.0}"
2,0,81,0,0.7340924921499845,0.5251720621138658,0.16521851723269643,"{""C"": 0.35173321308287747, ""class_weight"": ""balanced"", ""l1_ratio"": 0.0}"
2,0,85,0,0.153689873524762,0.19246145769892922,0.06039654620238508,"{""C"": 0.35173321308287747, ""class_weight"": ""balanced"", ""l1_ratio"": 0.0}"
2,0,88,0,0.8869707304152166,0.6720329215544868,0.10300689408310156,"{""C"": 0.35173321308287747, ""class_weight"": ""balanced"", ""l1_ratio"": 0.0}"
2,0,95,0,0.4489591731174757,0.3539967398955987,0.0720855182035878,"{""C"": 0.35173321308287747, ""class_weight"": ""balanced"", ""l1_ratio"": 0.0}"
2,0,112,1,0.8189417532944118,0.5755076334611294,0.06165674450404662,"{""C"": 0.35173321308287747, ""class_weight"": ""balanced"", ""l1_ratio"": 0.0}"
2,0,114,1,0.942363436260831,0.7508778171854945,0.08444142318961104,"{""C"": 0.35173321308287747, ""class_weight"": ""balanced"", ""l1_ratio"": 0.0}"
2,0,115,1,0.5665974416235126,0.4050558420630739,0.08153309055341743,"{""C"": 0.35173321308287747, ""class_weight"": ""balanced"", ""l1_ratio"": 0.0}"
2,0,119,1,0.6568397700905564,0.47701518805781146,0.06295565688878887,"{""C"": 0.35173321308287747, ""class_weight"": ""balanced"", ""l1_ratio"": 0.0}"
2,0,120,1,0.2666743250350576,0.257662658169809,0.055343419989795015,"{""C"": 0.35173321308287747, ""class_weight"": ""balanced"", ""l1_ratio"": 0.0}"
2,0,128,1,0.08993371302294004,0.1495456800329701,0.06497396302955888,"{""C"": 0.35173321308287747, ""class_weight"": ""balanced"", ""l1_ratio"": 0.0}"
2,0,131,0,0.7392874953514887,0.5257063028382796,0.07416706246025988,"{""C"": 0.35173321308287747, ""class_weight"": ""balanced"", ""l1_ratio"": 0.0}"
2,0,132,1,0.6673262570158232,0.481261281156494,0.044905182794945354,"{""C"": 0.35173321308287747, ""class_weight"": ""balanced"", ""l1_ratio"": 0.0}"
2,0,137,0,0.24538055549847293,0.23671589400246962,0.06284013938690752,"{""C"": 0.35173321308287747, ""class_weight"": ""balanced"", ""l1_ratio"": 0.0}"
2,0,140,0,0.24638882908015547,0.25395848865656023,0.07724721957412597,"{""C"": 0.35173321308287747, ""class_weight"": ""balanced"", ""l1_ratio"": 0.0}"
2,0,144,1,0.7998703110179041,0.5816483808609602,0.032553188170912704,"{""C"": 0.35173321308287747, ""class_weight"": ""balanced"", ""l1_ratio"": 0.0}"
2,0,152,0,0.2791393898838171,0.26122370762409475,0.08278052514279755,"{""C"": 0.35173321308287747, ""class_weight"": ""balanced"", ""l1_ratio"": 0.0}"
2,0,157,1,0.3009828273831705,0.29166085270431397,0.043815416159691895,"{""C"": 0.35173321308287747, ""class_weight"": ""balanced"", ""l1_ratio"": 0.0}"
2,0,161,0,0.5041071484952617,0.39108550818139076,0.0781069592751857,"{""C"": 0.35173321308287747, ""class_weight"": ""balanced"", ""l1_ratio"": 0.0}"
2,0,162,0,0.7174063952899674,0.5109342657550437,0.05421943851289868,"{""C"": 0.35173321308287747, ""class_weight"": ""balanced"", ""l1_ratio"": 0.0}"
2,0,180,1,0.2922937256640356,0.27454011847535337,0.03966469300991692,"{""C"": 0.35173321308287747, ""class_weight"": ""balanced"", ""l1_ratio"": 0.0}"
2,0,187,0,0.2854270067926811,0.2685515120975284,0.07004883900489467,"{""C"": 0.35173321308287747, ""class_weight"": ""balanced"", ""l1_ratio"": 0.0}"
2,0,190,0,0.10928165595259523,0.15684793646515025,0.03491024848057921,"{""C"": 0.35173321308287747, ""class_weight"": ""balanced"", ""l1_ratio"": 0.0}"
2,0,192,0,0.08064541406153568,0.13502273104403953,0.04760794947913051,"{""C"": 0.35173321308287747, ""class_weight"": ""balanced"", ""l1_ratio"": 0.0}"
2,0,193,0,0.31173764562834505,0.29338446605143836,0.05037413398199337,"{""C"": 0.35173321308287747, ""class_weight"": ""balanced"", ""l1_ratio"": 0.0}"
2,0,208,1,0.5978055290843988,0.4199906824907931,0.05257764075617456,"{""C"": 0.35173321308287747, ""class_weight"": ""balanced"", ""l1_ratio"": 0.0}"
2,0,211,1,0.740179648551727,0.5243215994895777,0.04387527904146108,"{""C"": 0.35173321308287747, ""class_weight"": ""balanced"", ""l1_ratio"": 0.0}"
2,0,214,0,0.8024886644388233,0.5853539503736023,0.025172885236732664,"{""C"": 0.35173321308287747, ""class_weight"": ""balanced"", ""l1_ratio"": 0.0}"
2,0,218,0,0.0966332895627728,0.15352415340198994,0.05889092941293647,"{""C"": 0.35173321308287747, ""class_weight"": ""balanced"", ""l1_ratio"": 0.0}"
2,0,223,1,0.22207044508591708,0.22386358619916774,0.04729186789286682,"{""C"": 0.35173321308287747, ""class_weight"": ""balanced"", ""l1_ratio"": 0.0}"
2,0,226,1,0.5505757339223758,0.40820593353713913,0.04271392087735995,"{""C"": 0.35173321308287747, ""class_weight"": ""balanced"", ""l1_ratio"": 0.0}"
2,0,237,0,0.4549143499709159,0.3477963930790911,0.04756195148966542,"{""C"": 0.35173321308287747, ""class_weight"": ""balanced"", ""l1_ratio"": 0.0}"
2,0,252,1,0.7286955588756332,0.5218843054993894,0.11562908961437009,"{""C"": 0.35173321308287747, ""class_weight"": ""balanced"", ""l1_ratio"": 0.0}"
2,0,254,0,0.6398110648140694,0.4683824940611114,0.11626605498213331,"{""C"": 0.35173321308287747, ""class_weight"": ""balanced"", ""l1_ratio"": 0.0}"
2,0,255,0,0.02426559434576728,0.08061015415846673,0.041631565388704495,"{""C"": 0.35173321308287747, ""class_weight"": ""balanced"", ""l1_ratio"": 0.0}"
2,0,257,0,0.120475922205547,0.17113872138434383,0.03834395272086332,"{""C"": 0.35173321308287747, ""class_weight"": ""balanced"", ""l1_ratio"": 0.0}"
2,0,261,0,0.18531756306410235,0.20756869968421285,0.043944974622698016,"{""C"": 0.35173321308287747, ""class_weight"": ""balanced"", ""l1_ratio"": 0.0}"
2,0,266,1,0.4970311981711174,0.37529088919686504,0.08685355658160114,"{""C"": 0.35173321308287747, ""class_weight"": ""balanced"", ""l1_ratio"": 0.0}"
2,0,272,0,0.5603152097151066,0.41803359773843257,0.056061072332345904,"{""C"": 0.35173321308287747, ""class_weight"": ""balanced"", ""l1_ratio"": 0.0}"
2,0,275,1,0.6870858101530515,0.4972192663513863,0.036585351403477726,"{""C"": 0.35173321308287747, ""class_weight"": ""balanced"", ""l1_ratio"": 0.0}"
2,0,276,0,0.12562074117976557,0.17078280224651124,0.03697982027260195,"{""C"": 0.35173321308287747, ""class_weight"": ""balanced"", ""l1_ratio"": 0.0}"
2,0,281,0,0.7257741319780405,0.5165698739730267,0.07032705352084354,"{""C"": 0.35173321308287747, ""class_weight"": ""balanced"", ""l1_ratio"": 0.0}"
2,0,288,1,0.07559628314702037,0.13733522808433857,0.051439877582729124,"{""C"": 0.35173321308287747, ""class_weight"": ""balanced"", ""l1_ratio"": 0.0}"
2,0,293,0,0.5208696600242013,0.40865100023047984,0.03679346395397048,"{""C"": 0.35173321308287747, ""class_weight"": ""balanced"", ""l1_ratio"": 0.0}"
2,0,299,0,0.027876823736397688,0.08333601433899145,0.04016371813021377,"{""C"": 0.35173321308287747, ""class_weight"": ""balanced"", ""l1_ratio"": 0.0}"
2,0,301,0,0.11599089806641252,0.15845079222518985,0.040300999154726916,"{""C"": 0.35173321308287747, ""class_weight"": ""balanced"", ""l1_ratio"": 0.0}"
2,1,5,1,0.6357530200660949,0.48623907963260493,0.046749546757773125,"{""C"": 0.05817688692610949, ""class_weight"": ""balanced"", ""l1_ratio"": 0.0}"
2,1,7,1,0.6856165537894368,0.5396543597171546,0.06675581660788318,"{""C"": 0.05817688692610949, ""class_weight"": ""balanced"", ""l1_ratio"": 0.0}"
2,1,18,1,0.5522138972748988,0.41082655749637337,0.06290809361680938,"{""C"": 0.05817688692610949, ""class_weight"": ""balanced"", ""l1_ratio"": 0.0}"
2,1,22,0,0.7926436272040424,0.6329757917576185,0.07290128937978156,"{""C"": 0.05817688692610949, ""class_weight"": ""balanced"", ""l1_ratio"": 0.0}"
2,1,24,0,0.4325019152222298,0.33242542418743787,0.027293365199547295,"{""C"": 0.05817688692610949, ""class_weight"": ""balanced"", ""l1_ratio"": 0.0}"
2,1,32,1,0.42407124762459625,0.3236936048297737,0.01896812414326559,"{""C"": 0.05817688692610949, ""class_weight"": ""balanced"", ""l1_ratio"": 0.0}"
2,1,33,1,0.5038347719609617,0.381489673614557,0.0826057997374101,"{""C"": 0.05817688692610949, ""class_weight"": ""balanced"", ""l1_ratio"": 0.0}"
2,1,36,0,0.7472289143508714,0.5987454662559385,0.07312753691672871,"{""C"": 0.05817688692610949, ""class_weight"": ""balanced"", ""l1_ratio"": 0.0}"
2,1,38,0,0.7693289195863002,0.6259535392096102,0.08389982377263226,"{""C"": 0.05817688692610949, ""class_weight"": ""balanced"", ""l1_ratio"": 0.0}"
2,1,40,0,0.889389373847763,0.7631152252979166,0.05843151788978439,"{""C"": 0.05817688692610949, ""class_weight"": ""balanced"", ""l1_ratio"": 0.0}"
2,1,41,0,0.24712289426323017,0.20072214418585008,0.013397634544539188,"{""C"": 0.05817688692610949, ""class_weight"": ""balanced"", ""l1_ratio"": 0.0}"
2,1,50,0,0.4305983230786218,0.32031674834626905,0.0530319106134499,"{""C"": 0.05817688692610949, ""class_weight"": ""balanced"", ""l1_ratio"": 0.0}"
2,1,51,0,0.40888565392988,0.30581372162678194,0.030820503107203922,"{""C"": 0.05817688692610949, ""class_weight"": ""balanced"", ""l1_ratio"": 0.0}"
2,1,62,1,0.2436138342430196,0.1891526531371889,0.00636111798926373,"{""C"": 0.05817688692610949, ""class_weight"": ""balanced"", ""l1_ratio"": 0.0}"
2,1,65,0,0.38041866780094147,0.288098030925213,0.04294309318090242,"{""C"": 0.05817688692610949, ""class_weight"": ""balanced"", ""l1_ratio"": 0.0}"
2,1,70,0,0.22124381420478745,0.17600481970721768,0.0334244209791904,"{""C"": 0.05817688692610949, ""class_weight"": ""balanced"", ""l1_ratio"": 0.0}"
2,1,73,1,0.6806511439388648,0.5244667520866061,0.062821657344155,"{""C"": 0.05817688692610949, ""class_weight"": ""balanced"", ""l1_ratio"": 0.0}"
2,1,74,1,0.7486633078834746,0.6019497562274227,0.05848105761954709,"{""C"": 0.05817688692610949, ""class_weight"": ""balanced"", ""l1_ratio"": 0.0}"
2,1,83,0,0.41089416741573087,0.3222563392151871,0.08774101031798517,"{""C"": 0.05817688692610949, ""class_weight"": ""balanced"", ""l1_ratio"": 0.0}"
2,1,84,1,0.7408545640873441,0.5774152890997877,0.06286752196467416,"{""C"": 0.05817688692610949, ""class_weight"": ""balanced"", ""l1_ratio"": 0.0}"
2,1,87,1,0.554085955270603,0.4253805999821935,0.04266000222779015,"{""C"": 0.05817688692610949, ""class_weight"": ""balanced"", ""l1_ratio"": 0.0}"
2,1,90,1,0.44400950684743745,0.33436921245645745,0.019983759828056613,"{""C"": 0.05817688692610949, ""class_weight"": ""balanced"", ""l1_ratio"": 0.0}"
2,1,92,1,0.797523320832954,0.6455484997252238,0.06077413074562486,"{""C"": 0.05817688692610949, ""class_weight"": ""balanced"", ""l1_ratio"": 0.0}"
2,1,99,0,0.3333691194078471,0.259414191007846,0.061278955244516445,"{""C"": 0.05817688692610949, ""class_weight"": ""balanced"", ""l1_ratio"": 0.0}"
2,1,105,0,0.6483035426394583,0.5093535756489059,0.07313482503179729,"{""C"": 0.05817688692610949, ""class_weight"": ""balanced"", ""l1_ratio"": 0.0}"
2,1,116,0,0.34741753047403423,0.2691872493301461,0.04804297500785782,"{""C"": 0.05817688692610949, ""class_weight"": ""balanced"", ""l1_ratio"": 0.0}"
2,1,117,0,0.5268020038064488,0.3901285652777351,0.04648362735685201,"{""C"": 0.05817688692610949, ""class_weight"": ""balanced"", ""l1_ratio"": 0.0}"
2,1,122,0,0.34581603824171747,0.2716260631664339,0.03081200277233422,"{""C"": 0.05817688692610949, ""class_weight"": ""balanced"", ""l1_ratio"": 0.0}"
2,1,129,0,0.5752458316690052,0.44144784357032424,0.04169332179046669,"{""C"": 0.05817688692610949, ""class_weight"": ""balanced"", ""l1_ratio"": 0.0}"
2,1,134,0,0.5651161251502469,0.43002842572841404,0.060757929020289446,"{""C"": 0.05817688692610949, ""class_weight"": ""balanced"", ""l1_ratio"": 0.0}"
2,1,138,1,0.7761328168946994,0.6238204081752656,0.06287446571840978,"{""C"": 0.05817688692610949, ""class_weight"": ""balanced"", ""l1_ratio"": 0.0}"
2,1,142,0,0.24211424062025388,0.20319780024647444,0.01714238277334286,"{""C"": 0.05817688692610949, ""class_weight"": ""balanced"", ""l1_ratio"": 0.0}"
2,1,151,0,0.39362928999827196,0.3005417604016866,0.020952921443212223,"{""C"": 0.05817688692610949, ""class_weight"": ""balanced"", ""l1_ratio"": 0.0}"
2,1,154,1,0.4157850890843196,0.3137911954520164,0.054111845309307675,"{""C"": 0.05817688692610949, ""class_weight"": ""balanced"", ""l1_ratio"": 0.0}"
2,1,164,1,0.8311034130854177,0.692246607913708,0.05169165247984702,"{""C"": 0.05817688692610949, ""class_weight"": ""balanced"", ""l1_ratio"": 0.0}"
2,1,171,0,0.5193340509991312,0.4047224895833989,0.04413127004099162,"{""C"": 0.05817688692610949, ""class_weight"": ""balanced"", ""l1_ratio"": 0.0}"
2,1,174,1,0.8007449326620751,0.6464581356112022,0.0772299278519684,"{""C"": 0.05817688692610949, ""class_weight"": ""balanced"", ""l1_ratio"": 0.0}"
2,1,181,0,0.8002728315087488,0.6462899071865633,0.05360254203163012,"{""C"": 0.05817688692610949, ""class_weight"": ""balanced"", ""l1_ratio"": 0.0}"
2,1,186,0,0.6589978578526954,0.5119517944292384,0.030862306311418067,"{""C"": 0.05817688692610949, ""class_weight"": ""balanced"", ""l1_ratio"": 0.0}"
2,1,188,0,0.20062575306921418,0.16764853140323382,0.04255079336518144,"{""C"": 0.05817688692610949, ""class_weight"": ""balanced"", ""l1_ratio"": 0.0}"
2,1,189,1,0.6389910714864112,0.48760061447727104,0.046191559121788336,"{""C"": 0.05817688692610949, ""class_weight"": ""balanced"", ""l1_ratio"": 0.0}"
2,1,197,1,0.887678894625082,0.7637479317501391,0.06513867602944466,"{""C"": 0.05817688692610949, ""class_weight"": ""balanced"", ""l1_ratio"": 0.0}"
2,1,210,0,0.19866821268714668,0.16007737259448837,0.030576250226219414,"{""C"": 0.05817688692610949, ""class_weight"": ""balanced"", ""l1_ratio"": 0.0}"
2,1,224,0,0.5578228620378295,0.4282112662514039,0.037704246997726024,"{""C"": 0.05817688692610949, ""class_weight"": ""balanced"", ""l1_ratio"": 0.0}"
2,1,227,0,0.4633575375224364,0.35392908304023996,0.02571808253637533,"{""C"": 0.05817688692610949, ""class_weight"": ""balanced"", ""l1_ratio"": 0.0}"
2,1,230,0,0.7397111503239936,0.5880643966661122,0.05055189127683771,"{""C"": 0.05817688692610949, ""class_weight"": ""balanced"", ""l1_ratio"": 0.0}"
2,1,234,0,0.47426242272799685,0.3623819069100828,0.05413075404790176,"{""C"": 0.05817688692610949, ""class_weight"": ""balanced"", ""l1_ratio"": 0.0}"
2,1,236,0,0.5114557800098541,0.3853875282723821,0.03331431705607566,"{""C"": 0.05817688692610949, ""class_weight"": ""balanced"", ""l1_ratio"": 0.0}"
2,1,238,0,0.2354150609735898,0.18558747467305012,0.027319804306964776,"{""C"": 0.05817688692610949, ""class_weight"": ""balanced"", ""l1_ratio"": 0.0}"
2,1,246,1,0.8482580281299881,0.7073049131906831,0.06751013714246513,"{""C"": 0.05817688692610949, ""class_weight"": ""balanced"", ""l1_ratio"": 0.0}"
2,1,247,0,0.16561110086241118,0.14636133984756597,0.034496051422162353,"{""C"": 0.05817688692610949, ""class_weight"": ""balanced"", ""l1_ratio"": 0.0}"
2,1,250,0,0.6177521767702481,0.46613506955226097,0.042322337901829786,"{""C"": 0.05817688692610949, ""class_weight"": ""balanced"", ""l1_ratio"": 0.0}"
2,1,258,0,0.44950902513470303,0.3423206814877641,0.015770886885902242,"{""C"": 0.05817688692610949, ""class_weight"": ""balanced"", ""l1_ratio"": 0.0}"
2,1,259,1,0.413842226964039,0.31173942499893464,0.03498383439136412,"{""C"": 0.05817688692610949, ""class_weight"": ""balanced"", ""l1_ratio"": 0.0}"
2,1,265,1,0.5028053414588455,0.3911534672829623,0.04134184384505246,"{""C"": 0.05817688692610949, ""class_weight"": ""balanced"", ""l1_ratio"": 0.0}"
2,1,269,1,0.39063223532677277,0.2966564500333181,0.0416579498995795,"{""C"": 0.05817688692610949, ""class_weight"": ""balanced"", ""l1_ratio"": 0.0}"
2,1,271,0,0.7730555992636863,0.628772323330181,0.06852540812861369,"{""C"": 0.05817688692610949, ""class_weight"": ""balanced"", ""l1_ratio"": 0.0}"
2,1,284,0,0.5011036478847704,0.37909103309902575,0.010482061584125495,"{""C"": 0.05817688692610949, ""class_weight"": ""balanced"", ""l1_ratio"": 0.0}"
2,1,295,0,0.3385555916373473,0.27104454666411104,0.03836673569192241,"{""C"": 0.05817688692610949, ""class_weight"": ""balanced"", ""l1_ratio"": 0.0}"
2,1,297,0,0.12694934010293998,0.11379557553249191,0.022539532424246684,"{""C"": 0.05817688692610949, ""class_weight"": ""balanced"", ""l1_ratio"": 0.0}"
2,1,298,1,0.32477243310986703,0.24767608257768395,0.029254661697115214,"{""C"": 0.05817688692610949, ""class_weight"": ""balanced"", ""l1_ratio"": 0.0}"
2,2,0,1,0.29381604771732245,0.23141783228777593,0.04048423753797002,"{""C"": 0.7601016482576748, ""class_weight"": ""balanced"", ""l1_ratio"": 1.0}"
2,2,3,0,0.5708990558768813,0.45289553038961305,0.17167678293068916,"{""C"": 0.7601016482576748, ""class_weight"": ""balanced"", ""l1_ratio"": 1.0}"
2,2,9,1,0.35899389473268417,0.2858920066758415,0.033679326289949005,"{""C"": 0.7601016482576748, ""class_weight"": ""balanced"", ""l1_ratio"": 1.0}"
2,2,10,0,0.3847001598048373,0.3112815856973987,0.05166998724159794,"{""C"": 0.7601016482576748, ""class_weight"": ""balanced"", ""l1_ratio"": 1.0}"
2,2,15,1,0.7309540984888672,0.5215695378964568,0.02705301743116284,"{""C"": 0.7601016482576748, ""class_weight"": ""balanced"", ""l1_ratio"": 1.0}"
2,2,23,1,0.8392352488165487,0.6796166328454729,0.07868717777354381,"{""C"": 0.7601016482576748, ""class_weight"": ""balanced"", ""l1_ratio"": 1.0}"
2,2,27,1,0.4578446225436352,0.35115353332688315,0.06208479662956058,"{""C"": 0.7601016482576748, ""class_weight"": ""balanced"", ""l1_ratio"": 1.0}"
2,2,34,1,0.2718543228929431,0.2810895174862147,0.05879634958868403,"{""C"": 0.7601016482576748, ""class_weight"": ""balanced"", ""l1_ratio"": 1.0}"
2,2,45,1,0.650628946737592,0.4976476664443458,0.07527721523748233,"{""C"": 0.7601016482576748, ""class_weight"": ""balanced"", ""l1_ratio"": 1.0}"
2,2,49,1,0.3271789337147847,0.2991157431775187,0.05300068092711329,"{""C"": 0.7601016482576748, ""class_weight"": ""balanced"", ""l1_ratio"": 1.0}"
2,2,55,1,0.6270007696276647,0.46923025215675757,0.06505935093895712,"{""C"": 0.7601016482576748, ""class_weight"": ""balanced"", ""l1_ratio"": 1.0}"
2,2,56,1,0.6484010793378369,0.5343184062966625,0.0788208201603411,"{""C"": 0.7601016482576748, ""class_weight"": ""balanced"", ""l1_ratio"": 1.0}"
2,2,58,0,0.639495045356532,0.4682743231247706,0.09413730533620136,"{""C"": 0.7601016482576748, ""class_weight"": ""balanced"", ""l1_ratio"": 1.0}"
2,2,77,0,0.5292662061382514,0.42987567019599265,0.06828800037013734,"{""C"": 0.7601016482576748, ""class_weight"": ""balanced"", ""l1_ratio"": 1.0}"
2,2,91,0,0.2530754481875069,0.22922477100023747,0.054798305099076954,"{""C"": 0.7601016482576748, ""class_weight"": ""balanced"", ""l1_ratio"": 1.0}"
2,2,93,0,0.7372816412476233,0.5463863838921126,0.1093428200109518,"{""C"": 0.7601016482576748, ""class_weight"": ""balanced"", ""l1_ratio"": 1.0}"
2,2,96,1,0.5507324834789713,0.42871750801194414,0.052141676796694625,"{""C"": 0.7601016482576748, ""class_weight"": ""balanced"", ""l1_ratio"": 1.0}"
2,2,97,0,0.6032469142258469,0.4733892022497271,0.09610533397356785,"{""C"": 0.7601016482576748, ""class_weight"": ""balanced"", ""l1_ratio"": 1.0}"
2,2,98,0,0.5167440842689769,0.39194060680264564,0.04760037794687969,"{""C"": 0.7601016482576748, ""class_weight"": ""balanced"", ""l1_ratio"": 1.0}"
2,2,107,1,0.2557658816328259,0.23843345649400857,0.030104196502465545,"{""C"": 0.7601016482576748, ""class_weight"": ""balanced"", ""l1_ratio"": 1.0}"
2,2,113,0,0.15210952746240208,0.16736124359498353,0.03763317749722137,"{""C"": 0.7601016482576748, ""class_weight"": ""balanced"", ""l1_ratio"": 1.0}"
2,2,118,0,0.5304081826406454,0.387127394381527,0.05782357845282451,"{""C"": 0.7601016482576748, ""class_weight"": ""balanced"", ""l1_ratio"": 1.0}"
2,2,135,1,0.7739683658323749,0.5641180269717111,0.07566855569757856,"{""C"": 0.7601016482576748, ""class_weight"": ""balanced"", ""l1_ratio"": 1.0}"
2,2,147,1,0.67286411866447,0.5081713324527133,0.14168740657833714,"{""C"": 0.7601016482576748, ""class_weight"": ""balanced"", ""l1_ratio"": 1.0}"
2,2,150,0,0.20571974735518936,0.18561340607626794,0.06474494040893373,"{""C"": 0.7601016482576748, ""class_weight"": ""balanced"", ""l1_ratio"": 1.0}"
2,2,153,0,0.3655100766814393,0.3028537145098508,0.04971634690043632,"{""C"": 0.7601016482576748, ""class_weight"": ""balanced"", ""l1_ratio"": 1.0}"
2,2,155,0,0.9026816520733895,0.7376665808580676,0.0860372336542968,"{""C"": 0.7601016482576748, ""class_weight"": ""balanced"", ""l1_ratio"": 1.0}"
2,2,158,1,0.13101395727865353,0.14409597812950176,0.01285930306683397,"{""C"": 0.7601016482576748, ""class_weight"": ""balanced"", ""l1_ratio"": 1.0}"
2,2,165,0,0.2961754090243768,0.2651758903544961,0.02342598201787957,"{""C"": 0.7601016482576748, ""class_weight"": ""balanced"", ""l1_ratio"": 1.0}"
2,2,167,0,0.17839020930748398,0.1757083537935012,0.026976558706881665,"{""C"": 0.7601016482576748, ""class_weight"": ""balanced"", ""l1_ratio"": 1.0}"
2,2,172,0,0.6902961875721876,0.5255212359154264,0.08557940156513782,"{""C"": 0.7601016482576748, ""class_weight"": ""balanced"", ""l1_ratio"": 1.0}"
2,2,184,0,0.4292714537179675,0.3401185721789539,0.05089605513048709,"{""C"": 0.7601016482576748, ""class_weight"": ""balanced"", ""l1_ratio"": 1.0}"
2,2,194,0,0.15037415723449613,0.17379320998231634,0.05482892881736147,"{""C"": 0.7601016482576748, ""class_weight"": ""balanced"", ""l1_ratio"": 1.0}"
2,2,195,1,0.768329471502473,0.5783291589872339,0.08217860631698033,"{""C"": 0.7601016482576748, ""class_weight"": ""balanced"", ""l1_ratio"": 1.0}"
2,2,198,0,0.507280645186101,0.40864765474884834,0.05516409529984095,"{""C"": 0.7601016482576748, ""class_weight"": ""balanced"", ""l1_ratio"": 1.0}"
2,2,202,1,0.7234032991489247,0.5860477488188606,0.07868937145407164,"{""C"": 0.7601016482576748, ""class_weight"": ""balanced"", ""l1_ratio"": 1.0}"
2,2,203,0,0.29556131154604615,0.2611729500753428,0.06299482941001784,"{""C"": 0.7601016482576748, ""class_weight"": ""balanced"", ""l1_ratio"": 1.0}"
2,2,204,0,0.2669046229093068,0.23325016300454285,0.06263424454526241,"{""C"": 0.7601016482576748, ""class_weight"": ""balanced"", ""l1_ratio"": 1.0}"
2,2,205,1,0.2929982044468215,0.25689202432278196,0.03667695725062367,"{""C"": 0.7601016482576748, ""class_weight"": ""balanced"", ""l1_ratio"": 1.0}"
2,2,212,0,0.13202252788739727,0.14597481236584087,0.047431194788882323,"{""C"": 0.7601016482576748, ""class_weight"": ""balanced"", ""l1_ratio"": 1.0}"
2,2,213,0,0.6495353219274462,0.5024281025788725,0.06968966280871992,"{""C"": 0.7601016482576748, ""class_weight"": ""balanced"", ""l1_ratio"": 1.0}"
2,2,215,0,0.9288437129823346,0.7558171504255105,0.10753518380324145,"{""C"": 0.7601016482576748, ""class_weight"": ""balanced"", ""l1_ratio"": 1.0}"
2,2,221,0,0.0849988317614546,0.12711690135620063,0.06694377221714753,"{""C"": 0.7601016482576748, ""class_weight"": ""balanced"", ""l1_ratio"": 1.0}"
2,2,225,1,0.18155936038936232,0.16314050381752593,0.04243134694070155,"{""C"": 0.7601016482576748, ""class_weight"": ""balanced"", ""l1_ratio"": 1.0}"
2,2,231,1,0.8762111758543673,0.7099717767704415,0.06658837263679238,"{""C"": 0.7601016482576748, ""class_weight"": ""balanced"", ""l1_ratio"": 1.0}"
2,2,233,0,0.1438196114383898,0.1558861409070666,0.03352288656569522,"{""C"": 0.7601016482576748, ""class_weight"": ""balanced"", ""l1_ratio"": 1.0}"
2,2,248,1,0.9235131480998819,0.7717976653482899,0.13028485436828025,"{""C"": 0.7601016482576748, ""class_weight"": ""balanced"", ""l1_ratio"": 1.0}"
2,2,249,1,0.3536583883058561,0.2910718934833302,0.02739793667350575,"{""C"": 0.7601016482576748, ""class_weight"": ""balanced"", ""l1_ratio"": 1.0}"
2,2,253,0,0.5243076294167888,0.41083167992131264,0.06149922012343011,"{""C"": 0.7601016482576748, ""class_weight"": ""balanced"", ""l1_ratio"": 1.0}"
2,2,256,0,0.2658011783458533,0.23032461042495805,0.031299571312441175,"{""C"": 0.7601016482576748, ""class_weight"": ""balanced"", ""l1_ratio"": 1.0}"
2,2,262,0,0.33910718827599323,0.2780930511536751,0.060283657513200854,"{""C"": 0.7601016482576748, ""class_weight"": ""balanced"", ""l1_ratio"": 1.0}"
2,2,263,0,0.10973873680671725,0.12265278100929114,0.028810500427776307,"{""C"": 0.7601016482576748, ""class_weight"": ""balanced"", ""l1_ratio"": 1.0}"
2,2,268,0,0.10371388903085935,0.1252066163066985,0.03631715488597674,"{""C"": 0.7601016482576748, ""class_weight"": ""balanced"", ""l1_ratio"": 1.0}"
2,2,277,0,0.613201846955905,0.5176280065091488,0.04038306647497462,"{""C"": 0.7601016482576748, ""class_weight"": ""balanced"", ""l1_ratio"": 1.0}"
2,2,280,0,0.639825022650918,0.4756909582091199,0.04149021818910708,"{""C"": 0.7601016482576748, ""class_weight"": ""balanced"", ""l1_ratio"": 1.0}"
2,2,282,1,0.7752090553340933,0.6104004736899404,0.046629811238721876,"{""C"": 0.7601016482576748, ""class_weight"": ""balanced"", ""l1_ratio"": 1.0}"
2,2,287,0,0.0919244809704862,0.11913808541003665,0.03192117186209452,"{""C"": 0.7601016482576748, ""class_weight"": ""balanced"", ""l1_ratio"": 1.0}"
2,2,289,0,0.08986611726286017,0.10952141432740985,0.03306950268410292,"{""C"": 0.7601016482576748, ""class_weight"": ""balanced"", ""l1_ratio"": 1.0}"
2,2,290,0,0.2788351911769832,0.23136215027956566,0.06762957870806803,"{""C"": 0.7601016482576748, ""class_weight"": ""balanced"", ""l1_ratio"": 1.0}"
2,2,296,0,0.0249385603201403,0.04634076328088266,0.03222474937747517,"{""C"": 0.7601016482576748, ""class_weight"": ""balanced"", ""l1_ratio"": 1.0}"
2,2,300,0,0.1946414716660611,0.19736673497576138,0.07645162878511252,"{""C"": 0.7601016482576748, ""class_weight"": ""balanced"", ""l1_ratio"": 1.0}"
2,3,4,0,0.28935254892804735,0.2246341921549516,0.06281044479892758,"{""C"": 0.05229416201692988, ""class_weight"": ""balanced"", ""l1_ratio"": 0.0}"
2,3,8,0,0.06527224562509701,0.07269092088895511,0.026928530368216262,"{""C"": 0.05229416201692988, ""class_weight"": ""balanced"", ""l1_ratio"": 0.0}"
2,3,11,1,0.8152516458311911,0.6568889426753708,0.04650672245647143,"{""C"": 0.05229416201692988, ""class_weight"": ""balanced"", ""l1_ratio"": 0.0}"
2,3,13,1,0.640632690189157,0.507802447126408,0.07057241248111612,"{""C"": 0.05229416201692988, ""class_weight"": ""balanced"", ""l1_ratio"": 0.0}"
2,3,19,0,0.49560553008366437,0.37953963428136894,0.022060784463605123,"{""C"": 0.05229416201692988, ""class_weight"": ""balanced"", ""l1_ratio"": 0.0}"
2,3,20,0,0.27562106802458675,0.221396038576068,0.032312631924975035,"{""C"": 0.05229416201692988, ""class_weight"": ""balanced"", ""l1_ratio"": 0.0}"
2,3,21,0,0.5622534649618985,0.42706354158181536,0.053940340033700296,"{""C"": 0.05229416201692988, ""class_weight"": ""balanced"", ""l1_ratio"": 0.0}"
2,3,28,0,0.4935375427802615,0.3870541414976445,0.07502866650212081,"{""C"": 0.05229416201692988, ""class_weight"": ""balanced"", ""l1_ratio"": 0.0}"
2,3,31,1,0.4755841721924635,0.3584404942170632,0.04314316432567826,"{""C"": 0.05229416201692988, ""class_weight"": ""balanced"", ""l1_ratio"": 0.0}"
2,3,43,0,0.12580288531675585,0.1235172862884305,0.04342424635744132,"{""C"": 0.05229416201692988, ""class_weight"": ""balanced"", ""l1_ratio"": 0.0}"
2,3,46,1,0.21274419179165147,0.18109506866321837,0.03935467023797266,"{""C"": 0.05229416201692988, ""class_weight"": ""balanced"", ""l1_ratio"": 0.0}"
2,3,47,1,0.8364128381835402,0.6814283651194051,0.06500793343606429,"{""C"": 0.05229416201692988, ""class_weight"": ""balanced"", ""l1_ratio"": 0.0}"
2,3,48,0,0.38003473659753,0.28159697497972813,0.07572878930115823,"{""C"": 0.05229416201692988, ""class_weight"": ""balanced"", ""l1_ratio"": 0.0}"
2,3,53,1,0.35661869363758764,0.27249704772760835,0.05782167760199114,"{""C"": 0.05229416201692988, ""class_weight"": ""balanced"", ""l1_ratio"": 0.0}"
2,3,60,0,0.3726353231465367,0.28371331788232473,0.031086929307316415,"{""C"": 0.05229416201692988, ""class_weight"": ""balanced"", ""l1_ratio"": 0.0}"
2,3,80,1,0.712890355901911,0.5450891875201547,0.040980714833046356,"{""C"": 0.05229416201692988, ""class_weight"": ""balanced"", ""l1_ratio"": 0.0}"
2,3,94,0,0.6192266961577969,0.45656918470311647,0.05889798599529113,"{""C"": 0.05229416201692988, ""class_weight"": ""balanced"", ""l1_ratio"": 0.0}"
2,3,101,1,0.6663160454882956,0.509266756733172,0.07994585977845008,"{""C"": 0.05229416201692988, ""class_weight"": ""balanced"", ""l1_ratio"": 0.0}"
2,3,102,0,0.1863773937034155,0.15846654361523402,0.03401926226845357,"{""C"": 0.05229416201692988, ""class_weight"": ""balanced"", ""l1_ratio"": 0.0}"
2,3,104,0,0.3526446873079542,0.27771044053247035,0.01971572497324527,"{""C"": 0.05229416201692988, ""class_weight"": ""balanced"", ""l1_ratio"": 0.0}"
2,3,106,0,0.38214055063858365,0.29766719460096197,0.028207057764590447,"{""C"": 0.05229416201692988, ""class_weight"": ""balanced"", ""l1_ratio"": 0.0}"
2,3,108,0,0.18039193359681732,0.1553762815194853,0.03943851054121466,"{""C"": 0.05229416201692988, ""class_weight"": ""balanced"", ""l1_ratio"": 0.0}"
2,3,110,0,0.3780842303811664,0.2910153026093608,0.04016483484086022,"{""C"": 0.05229416201692988, ""class_weight"": ""balanced"", ""l1_ratio"": 0.0}"
2,3,121,1,0.6488049733271091,0.504366158736887,0.0701080426079983,"{""C"": 0.05229416201692988, ""class_weight"": ""balanced"", ""l1_ratio"": 0.0}"
2,3,123,0,0.37889787635967,0.3090840190175769,0.06805780903754655,"{""C"": 0.05229416201692988, ""class_weight"": ""balanced"", ""l1_ratio"": 0.0}"
2,3,124,0,0.36610548867994136,0.29757648114362234,0.0676937525090582,"{""C"": 0.05229416201692988, ""class_weight"": ""balanced"", ""l1_ratio"": 0.0}"
2,3,130,0,0.18469773118691682,0.15896536055526742,0.04872186611627069,"{""C"": 0.05229416201692988, ""class_weight"": ""balanced"", ""l1_ratio"": 0.0}"
2,3,136,0,0.2860631120773619,0.22931374596202198,0.036286962870064374,"{""C"": 0.05229416201692988, ""class_weight"": ""balanced"", ""l1_ratio"": 0.0}"
2,3,141,0,0.711335105970631,0.5608979788897153,0.074387035368768,"{""C"": 0.05229416201692988, ""class_weight"": ""balanced"", ""l1_ratio"": 0.0}"
2,3,143,0,0.1546044952861028,0.13808268800369947,0.03266029317579517,"{""C"": 0.05229416201692988, ""class_weight"": ""balanced"", ""l1_ratio"": 0.0}"
2,3,148,1,0.5458322997898761,0.42603371831502307,0.0765293618304124,"{""C"": 0.05229416201692988, ""class_weight"": ""balanced"", ""l1_ratio"": 0.0}"
2,3,159,0,0.8062630350018828,0.6453273318746718,0.07546047069374362,"{""C"": 0.05229416201692988, ""class_weight"": ""balanced"", ""l1_ratio"": 0.0}"
2,3,160,1,0.5464476433476205,0.40351189538443977,0.008132242905289381,"{""C"": 0.05229416201692988, ""class_weight"": ""balanced"", ""l1_ratio"": 0.0}"
2,3,170,0,0.486064418370063,0.3756438453569542,0.03963408108448635,"{""C"": 0.05229416201692988, ""class_weight"": ""balanced"", ""l1_ratio"": 0.0}"
2,3,175,0,0.42452326200538315,0.3150305469940039,0.02321119933684479,"{""C"": 0.05229416201692988, ""class_weight"": ""balanced"", ""l1_ratio"": 0.0}"
2,3,177,1,0.5965747565837837,0.43329282043164985,0.05121365591822312,"{""C"": 0.05229416201692988, ""class_weight"": ""balanced"", ""l1_ratio"": 0.0}"
2,3,183,0,0.3046921593306062,0.23950501431805785,0.0416893323117462,"{""C"": 0.05229416201692988, ""class_weight"": ""balanced"", ""l1_ratio"": 0.0}"
2,3,199,0,0.2730405702888599,0.21909396333560593,0.044722726717802294,"{""C"": 0.05229416201692988, ""class_weight"": ""balanced"", ""l1_ratio"": 0.0}"
2,3,200,0,0.4233080591195509,0.31610117707594154,0.03481125446704749,"{""C"": 0.05229416201692988, ""class_weight"": ""balanced"", ""l1_ratio"": 0.0}"
2,3,201,0,0.4865665952514524,0.3562443840297941,0.05269500343162244,"{""C"": 0.05229416201692988, ""class_weight"": ""balanced"", ""l1_ratio"": 0.0}"
2,3,206,1,0.5219080654150033,0.3926182680266038,0.040541206470577316,"{""C"": 0.05229416201692988, ""class_weight"": ""balanced"", ""l1_ratio"": 0.0}"
2,3,207,0,0.41294962131658286,0.31127856934342446,0.033701726168950674,"{""C"": 0.05229416201692988, ""class_weight"": ""balanced"", ""l1_ratio"": 0.0}"
2,3,209,0,0.6359280113849579,0.4796711050287527,0.04335036923378338,"{""C"": 0.05229416201692988, ""class_weight"": ""balanced"", ""l1_ratio"": 0.0}"
2,3,217,0,0.38078514214640097,0.28319240689868297,0.05656860483590545,"{""C"": 0.05229416201692988, ""class_weight"": ""balanced"", ""l1_ratio"": 0.0}"
2,3,219,1,0.1630558289602161,0.1454976792402422,0.040925237346849774,"{""C"": 0.05229416201692988, ""class_weight"": ""balanced"", ""l1_ratio"": 0.0}"
2,3,222,1,0.7373400518086711,0.5830919525959493,0.06654920679422058,"{""C"": 0.05229416201692988, ""class_weight"": ""balanced"", ""l1_ratio"": 0.0}"
2,3,239,0,0.34586669251468116,0.2766972530290301,0.05973147742000429,"{""C"": 0.05229416201692988, ""class_weight"": ""balanced"", ""l1_ratio"": 0.0}"
2,3,242,1,0.4218159005559645,0.3121744284123628,0.03755248129753903,"{""C"": 0.05229416201692988, ""class_weight"": ""balanced"", ""l1_ratio"": 0.0}"
2,3,243,1,0.45452461346414935,0.3389770892376732,0.02037602872544297,"{""C"": 0.05229416201692988, ""class_weight"": ""balanced"", ""l1_ratio"": 0.0}"
2,3,244,1,0.3874391322909202,0.2973479343007037,0.028226229694697375,"{""C"": 0.05229416201692988, ""class_weight"": ""balanced"", ""l1_ratio"": 0.0}"
2,3,245,0,0.47216368002247455,0.3543404734361884,0.07314509147542074,"{""C"": 0.05229416201692988, ""class_weight"": ""balanced"", ""l1_ratio"": 0.0}"
2,3,260,1,0.7935886689308502,0.6375059369700855,0.06885061075616834,"{""C"": 0.05229416201692988, ""class_weight"": ""balanced"", ""l1_ratio"": 0.0}"
2,3,267,0,0.5793318312714244,0.43157069623077976,0.035300018949785024,"{""C"": 0.05229416201692988, ""class_weight"": ""balanced"", ""l1_ratio"": 0.0}"
2,3,273,1,0.9015570013618472,0.7671193918075521,0.08380575718007953,"{""C"": 0.05229416201692988, ""class_weight"": ""balanced"", ""l1_ratio"": 0.0}"
2,3,274,1,0.7229428487402672,0.5693458114227632,0.0458317434416704,"{""C"": 0.05229416201692988, ""class_weight"": ""balanced"", ""l1_ratio"": 0.0}"
2,3,278,1,0.4996615926177748,0.38798662800741696,0.0494862440527375,"{""C"": 0.05229416201692988, ""class_weight"": ""balanced"", ""l1_ratio"": 0.0}"
2,3,279,0,0.37373723848996404,0.2728403699830341,0.056732769011429166,"{""C"": 0.05229416201692988, ""class_weight"": ""balanced"", ""l1_ratio"": 0.0}"
2,3,285,0,0.37586948106912993,0.2918809995615777,0.0396135537940447,"{""C"": 0.05229416201692988, ""class_weight"": ""balanced"", ""l1_ratio"": 0.0}"
2,3,286,0,0.3047069309011608,0.23719130135731947,0.045482299484858074,"{""C"": 0.05229416201692988, ""class_weight"": ""balanced"", ""l1_ratio"": 0.0}"
2,3,294,1,0.6214359065838959,0.448858658550197,0.051808526181423946,"{""C"": 0.05229416201692988, ""class_weight"": ""balanced"", ""l1_ratio"": 0.0}"
2,4,1,0,0.33385338092968747,0.3445598388572434,0.0973401894619185,"{""C"": 0.3892067184296954, ""class_weight"": null, ""l1_ratio"": 1.0}"
2,4,6,0,0.24721920919177587,0.2507744548904887,0.07469481932438213,"{""C"": 0.3892067184296954, ""class_weight"": null, ""l1_ratio"": 1.0}"
2,4,14,0,0.2989572266110642,0.32573721568314784,0.04297406605858306,"{""C"": 0.3892067184296954, ""class_weight"": null, ""l1_ratio"": 1.0}"
2,4,16,0,0.12376385572479712,0.1651341539873518,0.049692596127645663,"{""C"": 0.3892067184296954, ""class_weight"": null, ""l1_ratio"": 1.0}"
2,4,17,0,0.1390842733681106,0.194733659670837,0.07185657199073407,"{""C"": 0.3892067184296954, ""class_weight"": null, ""l1_ratio"": 1.0}"
2,4,29,0,0.731197252337523,0.6117245061837325,0.0930955452644784,"{""C"": 0.3892067184296954, ""class_weight"": null, ""l1_ratio"": 1.0}"
2,4,37,0,0.4527586948044571,0.420581036537366,0.10837816170732796,"{""C"": 0.3892067184296954, ""class_weight"": null, ""l1_ratio"": 1.0}"
2,4,44,1,0.6049968276685619,0.5269765085896179,0.09410727791319178,"{""C"": 0.3892067184296954, ""class_weight"": null, ""l1_ratio"": 1.0}"
2,4,52,1,0.35264572837700886,0.3436264356212291,0.06210290449767291,"{""C"": 0.3892067184296954, ""class_weight"": null, ""l1_ratio"": 1.0}"
2,4,54,0,0.14067278606823894,0.2077018507426426,0.06329293815069499,"{""C"": 0.3892067184296954, ""class_weight"": null, ""l1_ratio"": 1.0}"
2,4,57,1,0.5621307458875794,0.48030840508283096,0.03479009912225906,"{""C"": 0.3892067184296954, ""class_weight"": null, ""l1_ratio"": 1.0}"
2,4,59,1,0.4170303837662941,0.3718798388963704,0.06875749108565239,"{""C"": 0.3892067184296954, ""class_weight"": null, ""l1_ratio"": 1.0}"
2,4,63,1,0.7542654199889598,0.6581435352745775,0.11915691735211165,"{""C"": 0.3892067184296954, ""class_weight"": null, ""l1_ratio"": 1.0}"
2,4,66,0,0.42631143359811063,0.40954926430322197,0.031790801718187114,"{""C"": 0.3892067184296954, ""class_weight"": null, ""l1_ratio"": 1.0}"
2,4,68,0,0.22063916417519316,0.2595754292289135,0.019556031906460627,"{""C"": 0.3892067184296954, ""class_weight"": null, ""l1_ratio"": 1.0}"
2,4,76,0,0.7020836233096441,0.6103420306841881,0.10766602460831196,"{""C"": 0.3892067184296954, ""class_weight"": null, ""l1_ratio"": 1.0}"
2,4,79,0,0.1893141276467385,0.23722515324830734,0.07245221901900512,"{""C"": 0.3892067184296954, ""class_weight"": null, ""l1_ratio"": 1.0}"
2,4,82,0,0.6558101248514854,0.6120999728701177,0.12262058080616761,"{""C"": 0.3892067184296954, ""class_weight"": null, ""l1_ratio"": 1.0}"
2,4,86,1,0.8461875833097222,0.7248669338762128,0.1461663560192212,"{""C"": 0.3892067184296954, ""class_weight"": null, ""l1_ratio"": 1.0}"
2,4,89,1,0.7339436946055341,0.6052560365866285,0.07278573748593116,"{""C"": 0.3892067184296954, ""class_weight"": null, ""l1_ratio"": 1.0}"
2,4,100,0,0.8010615449967612,0.6833660564272573,0.13461356760419652,"{""C"": 0.3892067184296954, ""class_weight"": null, ""l1_ratio"": 1.0}"
2,4,103,1,0.2879539825055395,0.28385144817551816,0.06495724987551486,"{""C"": 0.3892067184296954, ""class_weight"": null, ""l1_ratio"": 1.0}"
2,4,109,1,0.496011392629359,0.4687415909695655,0.06487655111415813,"{""C"": 0.3892067184296954, ""class_weight"": null, ""l1_ratio"": 1.0}"
2,4,111,0,0.3188749421031185,0.3262762110812839,0.04735525345098427,"{""C"": 0.3892067184296954, ""class_weight"": null, ""l1_ratio"": 1.0}"
2,4,125,1,0.31010732370330246,0.30939350752824085,0.04909270702898626,"{""C"": 0.3892067184296954, ""class_weight"": null, ""l1_ratio"": 1.0}"
2,4,126,1,0.5444792144016611,0.44638111619794607,0.06932661763122289,"{""C"": 0.3892067184296954, ""class_weight"": null, ""l1_ratio"": 1.0}"
2,4,127,0,0.6211325261542086,0.5147894737784933,0.055666830312381725,"{""C"": 0.3892067184296954, ""class_weight"": null, ""l1_ratio"": 1.0}"
2,4,133,0,0.29523092039255366,0.31411266442801566,0.04100104880388844,"{""C"": 0.3892067184296954, ""class_weight"": null, ""l1_ratio"": 1.0}"
2,4,139,1,0.7711195258863229,0.6648961995874088,0.10067202824234317,"{""C"": 0.3892067184296954, ""class_weight"": null, ""l1_ratio"": 1.0}"
2,4,145,0,0.6626867171460035,0.607648397518006,0.09298135405873668,"{""C"": 0.3892067184296954, ""class_weight"": null, ""l1_ratio"": 1.0}"
2,4,146,0,0.8075850495158083,0.7182287470134405,0.09909332786301771,"{""C"": 0.3892067184296954, ""class_weight"": null, ""l1_ratio"": 1.0}"
2,4,149,1,0.6176240643691916,0.5562614441902556,0.07972557145877644,"{""C"": 0.3892067184296954, ""class_weight"": null, ""l1_ratio"": 1.0}"
2,4,156,1,0.5345906978870282,0.5075769466150594,0.07549162161148408,"{""C"": 0.3892067184296954, ""class_weight"": null, ""l1_ratio"": 1.0}"
2,4,163,1,0.31012553384859115,0.3220431452857905,0.10866013417747761,"{""C"": 0.3892067184296954, ""class_weight"": null, ""l1_ratio"": 1.0}"
2,4,166,0,0.03859801946604971,0.10133213501622536,0.055074669849869626,"{""C"": 0.3892067184296954, ""class_weight"": null, ""l1_ratio"": 1.0}"
2,4,168,0,0.1209760878982181,0.18043014872412094,0.0764038890167615,"{""C"": 0.3892067184296954, ""class_weight"": null, ""l1_ratio"": 1.0}"
2,4,169,0,0.09814431385971795,0.15550873723991995,0.05785890795270829,"{""C"": 0.3892067184296954, ""class_weight"": null, ""l1_ratio"": 1.0}"
2,4,173,1,0.6029431502065911,0.5288224812656519,0.12698615582359896,"{""C"": 0.3892067184296954, ""class_weight"": null, ""l1_ratio"": 1.0}"
2,4,176,0,0.2332742743121603,0.2469117390525327,0.061399879872552916,"{""C"": 0.3892067184296954, ""class_weight"": null, ""l1_ratio"": 1.0}"
2,4,178,0,0.31691616328518124,0.32875662189222943,0.05143987193474688,"{""C"": 0.3892067184296954, ""class_weight"": null, ""l1_ratio"": 1.0}"
2,4,179,0,0.23093240339568588,0.2709532688713316,0.03177168726265111,"{""C"": 0.3892067184296954, ""class_weight"": null, ""l1_ratio"": 1.0}"
2,4,182,1,0.4888527931038736,0.49973645308187226,0.09859307009563893,"{""C"": 0.3892067184296954, ""class_weight"": null, ""l1_ratio"": 1.0}"
2,4,185,0,0.27473038909989816,0.2748377765897803,0.04733831645918016,"{""C"": 0.3892067184296954, ""class_weight"": null, ""l1_ratio"": 1.0}"
2,4,191,0,0.2999798393456918,0.2631773192276246,0.05389418171588165,"{""C"": 0.3892067184296954, ""class_weight"": null, ""l1_ratio"": 1.0}"
2,4,196,0,0.1453658359151024,0.20509752778524198,0.06740284950925944,"{""C"": 0.3892067184296954, ""class_weight"": null, ""l1_ratio"": 1.0}"
2,4,216,0,0.24635387107756018,0.3056381003542777,0.09811311559134768,"{""C"": 0.3892067184296954, ""class_weight"": null, ""l1_ratio"": 1.0}"
2,4,220,1,0.7363528146277097,0.5993153406843046,0.054080944018884185,"{""C"": 0.3892067184296954, ""class_weight"": null, ""l1_ratio"": 1.0}"
2,4,228,1,0.42296407132607544,0.35896699945202604,0.04172936772493007,"{""C"": 0.3892067184296954, ""class_weight"": null, ""l1_ratio"": 1.0}"
2,4,229,0,0.44402713845433883,0.40298726345982994,0.04040896854606666,"{""C"": 0.3892067184296954, ""class_weight"": null, ""l1_ratio"": 1.0}"
2,4,232,1,0.4390074327361442,0.4189466950040199,0.03654830380454734,"{""C"": 0.3892067184296954, ""class_weight"": null, ""l1_ratio"": 1.0}"
2,4,235,0,0.4908332563559827,0.43207258578124447,0.1203974820900321,"{""C"": 0.3892067184296954, ""class_weight"": null, ""l1_ratio"": 1.0}"
2,4,240,1,0.8717637996166466,0.7462660074567431,0.1114210518007135,"{""C"": 0.3892067184296954, ""class_weight"": null, ""l1_ratio"": 1.0}"
2,4,241,0,0.2997153911799887,0.29501416827847826,0.06990249684929413,"{""C"": 0.3892067184296954, ""class_weight"": null, ""l1_ratio"": 1.0}"
2,4,251,0,0.08840640318711353,0.1593394589036932,0.0646243374829821,"{""C"": 0.3892067184296954, ""class_weight"": null, ""l1_ratio"": 1.0}"
2,4,264,0,0.22749663133865725,0.2606212559413453,0.04866566784993088,"{""C"": 0.3892067184296954, ""class_weight"": null, ""l1_ratio"": 1.0}"
2,4,270,0,0.09296608154953333,0.1479385858046807,0.06464190207422442,"{""C"": 0.3892067184296954, ""class_weight"": null, ""l1_ratio"": 1.0}"
2,4,283,1,0.5038460196171087,0.4101191554566565,0.06771972529699112,"{""C"": 0.3892067184296954, ""class_weight"": null, ""l1_ratio"": 1.0}"
2,4,291,0,0.17005735690712273,0.22470013411359782,0.05092195232175827,"{""C"": 0.3892067184296954, ""class_weight"": null, ""l1_ratio"": 1.0}"
2,4,292,0,0.5477556852850539,0.49173857856195385,0.10456040618600894,"{""C"": 0.3892067184296954, ""class_weight"": null, ""l1_ratio"": 1.0}"
2,4,302,0,0.16577110562305072,0.2232302916089476,0.07076059652464127,"{""C"": 0.3892067184296954, ""class_weight"": null, ""l1_ratio"": 1.0}"
3,0,7,1,0.6665912283492159,0.5080799080605226,0.09922538290875658,"{""C"": 0.07437983618713097, ""class_weight"": ""balanced"", ""l1_ratio"": 0.0}"
3,0,8,0,0.07887684325694742,0.11731901565527772,0.08138734432729197,"{""C"": 0.07437983618713097, ""class_weight"": ""balanced"", ""l1_ratio"": 0.0}"
3,0,24,0,0.4886808238365526,0.38943074238489606,0.038540578684539854,"{""C"": 0.07437983618713097, ""class_weight"": ""balanced"", ""l1_ratio"": 0.0}"
3,0,29,0,0.5911174597892122,0.45295156437889056,0.10668469845740035,"{""C"": 0.07437983618713097, ""class_weight"": ""balanced"", ""l1_ratio"": 0.0}"
3,0,30,0,0.7891504345680476,0.6134257626937707,0.13983009157561552,"{""C"": 0.07437983618713097, ""class_weight"": ""balanced"", ""l1_ratio"": 0.0}"
3,0,31,1,0.3884106773928433,0.29721832048402463,0.042032243590634046,"{""C"": 0.07437983618713097, ""class_weight"": ""balanced"", ""l1_ratio"": 0.0}"
3,0,38,0,0.5066488246678618,0.38204098732635333,0.07955733440080279,"{""C"": 0.07437983618713097, ""class_weight"": ""balanced"", ""l1_ratio"": 0.0}"
3,0,50,0,0.3668682973273573,0.2774917411514417,0.05568066330411704,"{""C"": 0.07437983618713097, ""class_weight"": ""balanced"", ""l1_ratio"": 0.0}"
3,0,57,1,0.6207433732934732,0.45811840757394184,0.0397598579890787,"{""C"": 0.07437983618713097, ""class_weight"": ""balanced"", ""l1_ratio"": 0.0}"
3,0,70,0,0.2343098109343065,0.20707852946634092,0.06627583854696521,"{""C"": 0.07437983618713097, ""class_weight"": ""balanced"", ""l1_ratio"": 0.0}"
3,0,74,1,0.6284474687427324,0.45471984167657065,0.08234044724492406,"{""C"": 0.07437983618713097, ""class_weight"": ""balanced"", ""l1_ratio"": 0.0}"
3,0,75,0,0.41480677705778823,0.31315454432336715,0.04435626338879927,"{""C"": 0.07437983618713097, ""class_weight"": ""balanced"", ""l1_ratio"": 0.0}"
3,0,83,0,0.34811856551786385,0.2669510256545124,0.07068493301965381,"{""C"": 0.07437983618713097, ""class_weight"": ""balanced"", ""l1_ratio"": 0.0}"
3,0,86,1,0.8116978295274808,0.6331268258509184,0.11513136272227037,"{""C"": 0.07437983618713097, ""class_weight"": ""balanced"", ""l1_ratio"": 0.0}"
3,0,91,0,0.21540083295578938,0.1985940849106739,0.06026053782449248,"{""C"": 0.07437983618713097, ""class_weight"": ""balanced"", ""l1_ratio"": 0.0}"
3,0,94,0,0.6061363355095449,0.47837709838147957,0.06084442464396371,"{""C"": 0.07437983618713097, ""class_weight"": ""balanced"", ""l1_ratio"": 0.0}"
3,0,97,0,0.6726549794670683,0.5120497560648227,0.04502200082786772,"{""C"": 0.07437983618713097, ""class_weight"": ""balanced"", ""l1_ratio"": 0.0}"
3,0,98,0,0.4975236806280829,0.39706961636350596,0.03367001297964876,"{""C"": 0.07437983618713097, ""class_weight"": ""balanced"", ""l1_ratio"": 0.0}"
3,0,99,0,0.2209053570301548,0.21503998572706212,0.06098814563313855,"{""C"": 0.07437983618713097, ""class_weight"": ""balanced"", ""l1_ratio"": 0.0}"
3,0,105,0,0.7102057815113902,0.5287768033569886,0.09840259787023817,"{""C"": 0.07437983618713097, ""class_weight"": ""balanced"", ""l1_ratio"": 0.0}"
3,0,107,1,0.30030599387932816,0.2539293490323457,0.05901255504527849,"{""C"": 0.07437983618713097, ""class_weight"": ""balanced"", ""l1_ratio"": 0.0}"
3,0,110,0,0.3157050570526001,0.2613630378387556,0.07457996789634012,"{""C"": 0.07437983618713097, ""class_weight"": ""balanced"", ""l1_ratio"": 0.0}"
3,0,114,1,0.8399991718519608,0.6461279996849298,0.14187530529430092,"{""C"": 0.07437983618713097, ""class_weight"": ""balanced"", ""l1_ratio"": 0.0}"
3,0,119,1,0.407465212440671,0.3353469126859004,0.06909345682899029,"{""C"": 0.07437983618713097, ""class_weight"": ""balanced"", ""l1_ratio"": 0.0}"
3,0,132,1,0.6656248620195305,0.49935471336664944,0.10360689001733274,"{""C"": 0.07437983618713097, ""class_weight"": ""balanced"", ""l1_ratio"": 0.0}"
3,0,138,1,0.7342774068798011,0.5634100978081522,0.10179317026963315,"{""C"": 0.07437983618713097, ""class_weight"": ""balanced"", ""l1_ratio"": 0.0}"
3,0,141,0,0.663357750071764,0.5005655158135986,0.08909604187387231,"{""C"": 0.07437983618713097, ""class_weight"": ""balanced"", ""l1_ratio"": 0.0}"
3,0,143,0,0.11747198363581436,0.1377594392284415,0.08202989951926984,"{""C"": 0.07437983618713097, ""class_weight"": ""balanced"", ""l1_ratio"": 0.0}"
3,0,147,1,0.9113109212982617,0.7502640896941968,0.1621029228869998,"{""C"": 0.07437983618713097, ""class_weight"": ""balanced"", ""l1_ratio"": 0.0}"
3,0,149,1,0.7947078243541285,0.6308788986188946,0.1126740637903628,"{""C"": 0.07437983618713097, ""class_weight"": ""balanced"", ""l1_ratio"": 0.0}"
3,0,155,0,0.7781607439997652,0.5983741120077776,0.11600161666705895,"{""C"": 0.07437983618713097, ""class_weight"": ""balanced"", ""l1_ratio"": 0.0}"
3,0,156,1,0.7622682274445477,0.5934957741864766,0.08737246289919026,"{""C"": 0.07437983618713097, ""class_weight"": ""balanced"", ""l1_ratio"": 0.0}"
3,0,157,1,0.5035307129643914,0.3981526663142524,0.051234378747201666,"{""C"": 0.07437983618713097, ""class_weight"": ""balanced"", ""l1_ratio"": 0.0}"
3,0,158,1,0.17674311249395247,0.1758889411548028,0.07256897011546189,"{""C"": 0.07437983618713097, ""class_weight"": ""balanced"", ""l1_ratio"": 0.0}"
3,0,161,0,0.6197886902163801,0.4912607216196555,0.08163513043670133,"{""C"": 0.07437983618713097, ""class_weight"": ""balanced"", ""l1_ratio"": 0.0}"
3,0,162,0,0.6037342433027676,0.47425663752651703,0.04128653090847716,"{""C"": 0.07437983618713097, ""class_weight"": ""balanced"", ""l1_ratio"": 0.0}"
3,0,163,1,0.3590856551493253,0.2682149021385778,0.08029167362985198,"{""C"": 0.07437983618713097, ""class_weight"": ""balanced"", ""l1_ratio"": 0.0}"
3,0,167,0,0.3006674120955759,0.2675292028446684,0.05901883851071537,"{""C"": 0.07437983618713097, ""class_weight"": ""balanced"", ""l1_ratio"": 0.0}"
3,0,180,1,0.3787489146542499,0.30590497004708916,0.05866545885040745,"{""C"": 0.07437983618713097, ""class_weight"": ""balanced"", ""l1_ratio"": 0.0}"
3,0,185,0,0.30049112779977344,0.2622465152464827,0.08375494149586636,"{""C"": 0.07437983618713097, ""class_weight"": ""balanced"", ""l1_ratio"": 0.0}"
3,0,187,0,0.4024378216385425,0.31409776023043123,0.03371337767423622,"{""C"": 0.07437983618713097, ""class_weight"": ""balanced"", ""l1_ratio"": 0.0}"
3,0,196,0,0.16498433150933542,0.16759202213358054,0.07860072516948492,"{""C"": 0.07437983618713097, ""class_weight"": ""balanced"", ""l1_ratio"": 0.0}"
3,0,201,0,0.33594696307527677,0.25698641850757,0.08529893561848917,"{""C"": 0.07437983618713097, ""class_weight"": ""balanced"", ""l1_ratio"": 0.0}"
3,0,203,0,0.4295480635540815,0.3315939254687635,0.05284185166542034,"{""C"": 0.07437983618713097, ""class_weight"": ""balanced"", ""l1_ratio"": 0.0}"
3,0,207,0,0.49918932903686125,0.3817855259691402,0.052180901878843056,"{""C"": 0.07437983618713097, ""class_weight"": ""balanced"", ""l1_ratio"": 0.0}"
3,0,210,0,0.23416136363556714,0.21716242192984958,0.06374745508524549,"{""C"": 0.07437983618713097, ""class_weight"": ""balanced"", ""l1_ratio"": 0.0}"
3,0,212,0,0.20440208095251125,0.18652992252126693,0.09003558355007969,"{""C"": 0.07437983618713097, ""class_weight"": ""balanced"", ""l1_ratio"": 0.0}"
3,0,220,1,0.7871539587669283,0.5911538387282017,0.1380766013352687,"{""C"": 0.07437983618713097, ""class_weight"": ""balanced"", ""l1_ratio"": 0.0}"
3,0,228,1,0.5570531778274285,0.41587151580088566,0.043880361565079205,"{""C"": 0.07437983618713097, ""class_weight"": ""balanced"", ""l1_ratio"": 0.0}"
3,0,231,1,0.8284535789893681,0.6557324463823548,0.13425052588093533,"{""C"": 0.07437983618713097, ""class_weight"": ""balanced"", ""l1_ratio"": 0.0}"
3,0,239,0,0.349722211678245,0.2996832542914982,0.05964826499909415,"{""C"": 0.07437983618713097, ""class_weight"": ""balanced"", ""l1_ratio"": 0.0}"
3,0,241,0,0.48699465428141836,0.37370970628179,0.016949714567483686,"{""C"": 0.07437983618713097, ""class_weight"": ""balanced"", ""l1_ratio"": 0.0}"
3,0,249,1,0.5487181953867217,0.41705665157410776,0.018140524980179748,"{""C"": 0.07437983618713097, ""class_weight"": ""balanced"", ""l1_ratio"": 0.0}"
3,0,253,0,0.44232770399122606,0.35605523756831536,0.07392452067555733,"{""C"": 0.07437983618713097, ""class_weight"": ""balanced"", ""l1_ratio"": 0.0}"
3,0,254,0,0.6363524880864991,0.48233720527274687,0.08570527816975425,"{""C"": 0.07437983618713097, ""class_weight"": ""balanced"", ""l1_ratio"": 0.0}"
3,0,256,0,0.4227961819312856,0.34445084104435614,0.06668060065907941,"{""C"": 0.07437983618713097, ""class_weight"": ""balanced"", ""l1_ratio"": 0.0}"
3,0,260,1,0.7970939367917799,0.6287130565126148,0.10915929675101024,"{""C"": 0.07437983618713097, ""class_weight"": ""balanced"", ""l1_ratio"": 0.0}"
3,0,265,1,0.5252478531275278,0.41944244920155177,0.04107440646314843,"{""C"": 0.07437983618713097, ""class_weight"": ""balanced"", ""l1_ratio"": 0.0}"
3,0,277,0,0.7226322656232145,0.5726997615605522,0.09219596630890224,"{""C"": 0.07437983618713097, ""class_weight"": ""balanced"", ""l1_ratio"": 0.0}"
3,0,284,0,0.47922983271507336,0.37844124933136436,0.02015800504214039,"{""C"": 0.07437983618713097, ""class_weight"": ""balanced"", ""l1_ratio"": 0.0}"
3,0,285,0,0.34099408997869934,0.2930718069528835,0.06150341073195991,"{""C"": 0.07437983618713097, ""class_weight"": ""balanced"", ""l1_ratio"": 0.0}"
3,1,2,0,0.3463136711627304,0.3694635976366865,0.03689902578155321,"{""C"": 1.4306219253862855, ""class_weight"": null, ""l1_ratio"": 1.0}"
3,1,4,0,0.06565635092318703,0.15546545878721724,0.05474177153852497,"{""C"": 1.4306219253862855, ""class_weight"": null, ""l1_ratio"": 1.0}"
3,1,9,1,0.22460043193672158,0.2853777564043832,0.05404675825103017,"{""C"": 1.4306219253862855, ""class_weight"": null, ""l1_ratio"": 1.0}"
3,1,10,0,0.2720365593256632,0.31716876814227846,0.0675338896475074,"{""C"": 1.4306219253862855, ""class_weight"": null, ""l1_ratio"": 1.0}"
3,1,12,1,0.7031140114479862,0.5179371749421035,0.1462726396009826,"{""C"": 1.4306219253862855, ""class_weight"": null, ""l1_ratio"": 1.0}"
3,1,15,1,0.7994198514609923,0.5788071131113144,0.07491436519447907,"{""C"": 1.4306219253862855, ""class_weight"": null, ""l1_ratio"": 1.0}"
3,1,18,1,0.6261629884867006,0.5037152125548664,0.060559049978593155,"{""C"": 1.4306219253862855, ""class_weight"": null, ""l1_ratio"": 1.0}"
3,1,21,0,0.26797891336507046,0.3257875717738098,0.03999182060284022,"{""C"": 1.4306219253862855, ""class_weight"": null, ""l1_ratio"": 1.0}"
3,1,22,0,0.8801841691713048,0.6895199636327465,0.07846106430395013,"{""C"": 1.4306219253862855, ""class_weight"": null, ""l1_ratio"": 1.0}"
3,1,26,0,0.1729628148604395,0.2552683199963545,0.07248774177470226,"{""C"": 1.4306219253862855, ""class_weight"": null, ""l1_ratio"": 1.0}"
3,1,28,0,0.13938877101173677,0.2297222087812977,0.02887548154224629,"{""C"": 1.4306219253862855, ""class_weight"": null, ""l1_ratio"": 1.0}"
3,1,32,1,0.5844173360682647,0.4552678087966246,0.09361558567004297,"{""C"": 1.4306219253862855, ""class_weight"": null, ""l1_ratio"": 1.0}"
3,1,33,1,0.5902007265062611,0.4931697418280228,0.02962720577393062,"{""C"": 1.4306219253862855, ""class_weight"": null, ""l1_ratio"": 1.0}"
3,1,34,1,0.48833974489565024,0.4475677486839256,0.07393368555795628,"{""C"": 1.4306219253862855, ""class_weight"": null, ""l1_ratio"": 1.0}"
3,1,37,0,0.0836847939618544,0.1812886027829248,0.06293749801608627,"{""C"": 1.4306219253862855, ""class_weight"": null, ""l1_ratio"": 1.0}"
3,1,43,0,0.003769013977566169,0.04524635216444147,0.018154497475429254,"{""C"": 1.4306219253862855, ""class_weight"": null, ""l1_ratio"": 1.0}"
3,1,46,1,0.010276330710692082,0.07568326697960456,0.0422082986490306,"{""C"": 1.4306219253862855, ""class_weight"": null, ""l1_ratio"": 1.0}"
3,1,47,1,0.9527293916159281,0.7801253087407403,0.06736785604895806,"{""C"": 1.4306219253862855, ""class_weight"": null, ""l1_ratio"": 1.0}"
3,1,49,1,0.17733261513957166,0.2670981283072335,0.03741607801977543,"{""C"": 1.4306219253862855, ""class_weight"": null, ""l1_ratio"": 1.0}"
3,1,53,1,0.13392185063841397,0.2475788621007437,0.09538258360774368,"{""C"": 1.4306219253862855, ""class_weight"": null, ""l1_ratio"": 1.0}"
3,1,58,0,0.5862800011929339,0.49615723535023104,0.07218534091204215,"{""C"": 1.4306219253862855, ""class_weight"": null, ""l1_ratio"": 1.0}"
3,1,62,1,0.3006018906810501,0.3413870652641259,0.056987449163196854,"{""C"": 1.4306219253862855, ""class_weight"": null, ""l1_ratio"": 1.0}"
3,1,66,0,0.2725003601361309,0.32700499123709886,0.026569424850566143,"{""C"": 1.4306219253862855, ""class_weight"": null, ""l1_ratio"": 1.0}"
3,1,68,0,0.0641149087144963,0.15523890658784126,0.02722186161008156,"{""C"": 1.4306219253862855, ""class_weight"": null, ""l1_ratio"": 1.0}"
3,1,72,0,0.2691166527385976,0.2804192395965013,0.06382823325247376,"{""C"": 1.4306219253862855, ""class_weight"": null, ""l1_ratio"": 1.0}"
3,1,78,0,0.10467146728551577,0.23683623067369847,0.08454558812529034,"{""C"": 1.4306219253862855, ""class_weight"": null, ""l1_ratio"": 1.0}"
3,1,85,0,0.02828709767606056,0.11236472357573209,0.0544547509495128,"{""C"": 1.4306219253862855, ""class_weight"": null, ""l1_ratio"": 1.0}"
3,1,117,0,0.6048338164618595,0.5079516080864088,0.05150156563058116,"{""C"": 1.4306219253862855, ""class_weight"": null, ""l1_ratio"": 1.0}"
3,1,128,1,0.07120327993842514,0.18610108017804602,0.05392903805876273,"{""C"": 1.4306219253862855, ""class_weight"": null, ""l1_ratio"": 1.0}"
3,1,130,0,0.06256200750542452,0.16017371711597064,0.0516619985412541,"{""C"": 1.4306219253862855, ""class_weight"": null, ""l1_ratio"": 1.0}"
3,1,136,0,0.07653557164314383,0.17926357159629772,0.06519032460239067,"{""C"": 1.4306219253862855, ""class_weight"": null, ""l1_ratio"": 1.0}"
3,1,137,0,0.33592958344206714,0.3600183109456529,0.05067578331215737,"{""C"": 1.4306219253862855, ""class_weight"": null, ""l1_ratio"": 1.0}"
3,1,139,1,0.9357480903175397,0.7617512267425008,0.05694406657756768,"{""C"": 1.4306219253862855, ""class_weight"": null, ""l1_ratio"": 1.0}"
3,1,144,1,0.8325860981221233,0.6396879214072707,0.10431951417400741,"{""C"": 1.4306219253862855, ""class_weight"": null, ""l1_ratio"": 1.0}"
3,1,151,0,0.11160889809113196,0.21543266135422642,0.04850566071086305,"{""C"": 1.4306219253862855, ""class_weight"": null, ""l1_ratio"": 1.0}"
3,1,159,0,0.8988868203656064,0.716208070250123,0.0626692771948863,"{""C"": 1.4306219253862855, ""class_weight"": null, ""l1_ratio"": 1.0}"
3,1,164,1,0.8809550425486964,0.6929075322370151,0.09931815338365735,"{""C"": 1.4306219253862855, ""class_weight"": null, ""l1_ratio"": 1.0}"
3,1,173,1,0.8553280126975977,0.6207656027182431,0.13399957526668269,"{""C"": 1.4306219253862855, ""class_weight"": null, ""l1_ratio"": 1.0}"
3,1,175,0,0.2549343628507807,0.3174019563388587,0.058015740345487156,"{""C"": 1.4306219253862855, ""class_weight"": null, ""l1_ratio"": 1.0}"
3,1,190,0,0.0598475559908418,0.13683612788826016,0.03477603540930345,"{""C"": 1.4306219253862855, ""class_weight"": null, ""l1_ratio"": 1.0}"
3,1,204,0,0.05346507714829488,0.1445295138531101,0.06403547886970375,"{""C"": 1.4306219253862855, ""class_weight"": null, ""l1_ratio"": 1.0}"
3,1,209,0,0.8399973200029917,0.6295559869380432,0.02380722397357109,"{""C"": 1.4306219253862855, ""class_weight"": null, ""l1_ratio"": 1.0}"
3,1,216,0,0.1360698329154224,0.21954651188281424,0.063246803381976,"{""C"": 1.4306219253862855, ""class_weight"": null, ""l1_ratio"": 1.0}"
3,1,217,0,0.18038269755400946,0.2788636093709723,0.07212964677415519,"{""C"": 1.4306219253862855, ""class_weight"": null, ""l1_ratio"": 1.0}"
3,1,223,1,0.15687147559874967,0.25402355666814874,0.06892795652058777,"{""C"": 1.4306219253862855, ""class_weight"": null, ""l1_ratio"": 1.0}"
3,1,225,1,0.25856892309495655,0.31504355499850817,0.10157970492899177,"{""C"": 1.4306219253862855, ""class_weight"": null, ""l1_ratio"": 1.0}"
3,1,226,1,0.4869146176466613,0.4525613649868914,0.059886668102485635,"{""C"": 1.4306219253862855, ""class_weight"": null, ""l1_ratio"": 1.0}"
3,1,230,0,0.545382814770499,0.4723819016683389,0.07158929130012252,"{""C"": 1.4306219253862855, ""class_weight"": null, ""l1_ratio"": 1.0}"
3,1,237,0,0.13431973605424813,0.21897789859846037,0.08338658952389703,"{""C"": 1.4306219253862855, ""class_weight"": null, ""l1_ratio"": 1.0}"
3,1,240,1,0.9667529673467935,0.8152682815145049,0.07641180413343451,"{""C"": 1.4306219253862855, ""class_weight"": null, ""l1_ratio"": 1.0}"
3,1,245,0,0.48354326191984587,0.4140899682248957,0.05155498077946349,"{""C"": 1.4306219253862855, ""class_weight"": null, ""l1_ratio"": 1.0}"
3,1,261,0,0.15324189003993322,0.24526505540092502,0.03501303713325588,"{""C"": 1.4306219253862855, ""class_weight"": null, ""l1_ratio"": 1.0}"
3,1,268,0,0.023034637203582498,0.0970434217569541,0.03970470568917418,"{""C"": 1.4306219253862855, ""class_weight"": null, ""l1_ratio"": 1.0}"
3,1,269,1,0.12442207375287656,0.1926963799944919,0.03976495960403058,"{""C"": 1.4306219253862855, ""class_weight"": null, ""l1_ratio"": 1.0}"
3,1,276,0,0.03419571192847468,0.1136585653623066,0.023893218585579846,"{""C"": 1.4306219253862855, ""class_weight"": null, ""l1_ratio"": 1.0}"
3,1,287,0,0.03800409721251573,0.1219160886299672,0.04575755543815733,"{""C"": 1.4306219253862855, ""class_weight"": null, ""l1_ratio"": 1.0}"
3,1,289,0,0.04377786187776666,0.14226445667181176,0.06257072158378739,"{""C"": 1.4306219253862855, ""class_weight"": null, ""l1_ratio"": 1.0}"
3,1,290,0,0.12544721889233834,0.21815590482962427,0.07443530062344977,"{""C"": 1.4306219253862855, ""class_weight"": null, ""l1_ratio"": 1.0}"
3,1,293,0,0.4180930866671402,0.40426318257093613,0.04119059237698837,"{""C"": 1.4306219253862855, ""class_weight"": null, ""l1_ratio"": 1.0}"
3,1,294,1,0.9478798505037078,0.7390558572590132,0.08374553338355169,"{""C"": 1.4306219253862855, ""class_weight"": null, ""l1_ratio"": 1.0}"
3,1,297,0,0.031029508203863576,0.11608280418872227,0.0392018224507518,"{""C"": 1.4306219253862855, ""class_weight"": null, ""l1_ratio"": 1.0}"
3,2,3,0,0.38051963104939296,0.3686353957855264,0.10756388465897727,"{""C"": 0.19692222571738793, ""class_weight"": ""balanced"", ""l1_ratio"": 0.0}"
3,2,6,0,0.31277471629206216,0.264470116397632,0.09901540972160909,"{""C"": 0.19692222571738793, ""class_weight"": ""balanced"", ""l1_ratio"": 0.0}"
3,2,16,0,0.1801867878498794,0.1758496346026374,0.06387067389035254,"{""C"": 0.19692222571738793, ""class_weight"": ""balanced"", ""l1_ratio"": 0.0}"
3,2,19,0,0.5481385001535336,0.40941260764043486,0.044424809450366066,"{""C"": 0.19692222571738793, ""class_weight"": ""balanced"", ""l1_ratio"": 0.0}"
3,2,20,0,0.14947662119380828,0.16913862453343723,0.044866790774457405,"{""C"": 0.19692222571738793, ""class_weight"": ""balanced"", ""l1_ratio"": 0.0}"
3,2,40,0,0.8637877573747362,0.6501570587155427,0.028705619290941682,"{""C"": 0.19692222571738793, ""class_weight"": ""balanced"", ""l1_ratio"": 0.0}"
3,2,42,0,0.03966971037295473,0.08586434699397273,0.04660644702735162,"{""C"": 0.19692222571738793, ""class_weight"": ""balanced"", ""l1_ratio"": 0.0}"
3,2,45,1,0.6535681404861625,0.4520745777079488,0.07036390901713224,"{""C"": 0.19692222571738793, ""class_weight"": ""balanced"", ""l1_ratio"": 0.0}"
3,2,48,0,0.31220369854089347,0.2953088484584084,0.05549971141136771,"{""C"": 0.19692222571738793, ""class_weight"": ""balanced"", ""l1_ratio"": 0.0}"
3,2,51,0,0.4840496533476325,0.3694280883432447,0.039858125275596214,"{""C"": 0.19692222571738793, ""class_weight"": ""balanced"", ""l1_ratio"": 0.0}"
3,2,56,1,0.6485523856411115,0.4906553557909117,0.06398703447746996,"{""C"": 0.19692222571738793, ""class_weight"": ""balanced"", ""l1_ratio"": 0.0}"
3,2,59,1,0.7605275941107619,0.564263248817191,0.0896325542585821,"{""C"": 0.19692222571738793, ""class_weight"": ""balanced"", ""l1_ratio"": 0.0}"
3,2,61,1,0.32198920954690236,0.2797146830380976,0.11309770423578201,"{""C"": 0.19692222571738793, ""class_weight"": ""balanced"", ""l1_ratio"": 0.0}"
3,2,63,1,0.66948921014602,0.48170827353821843,0.07287194182079704,"{""C"": 0.19692222571738793, ""class_weight"": ""balanced"", ""l1_ratio"": 0.0}"
3,2,64,0,0.3035440372278874,0.25824434131745244,0.031525274226363115,"{""C"": 0.19692222571738793, ""class_weight"": ""balanced"", ""l1_ratio"": 0.0}"
3,2,67,0,0.15794248086109802,0.1789705598244186,0.03742013196210438,"{""C"": 0.19692222571738793, ""class_weight"": ""balanced"", ""l1_ratio"": 0.0}"
3,2,69,1,0.7980545735075721,0.6049158176225881,0.08799375441168082,"{""C"": 0.19692222571738793, ""class_weight"": ""balanced"", ""l1_ratio"": 0.0}"
3,2,76,0,0.8326852279930592,0.6395562476683944,0.07514101533682747,"{""C"": 0.19692222571738793, ""class_weight"": ""balanced"", ""l1_ratio"": 0.0}"
3,2,80,1,0.8716190788846052,0.6576262671640046,0.08356161554759889,"{""C"": 0.19692222571738793, ""class_weight"": ""balanced"", ""l1_ratio"": 0.0}"
3,2,81,0,0.7050359517898269,0.4974140379420464,0.1067963463398152,"{""C"": 0.19692222571738793, ""class_weight"": ""balanced"", ""l1_ratio"": 0.0}"
3,2,84,1,0.8544738311574585,0.6461403601958148,0.053760525289192826,"{""C"": 0.19692222571738793, ""class_weight"": ""balanced"", ""l1_ratio"": 0.0}"
3,2,88,0,0.832519363551484,0.605797968966898,0.05518956958334327,"{""C"": 0.19692222571738793, ""class_weight"": ""balanced"", ""l1_ratio"": 0.0}"
3,2,90,1,0.49784609241448136,0.373969267246473,0.04694488153283354,"{""C"": 0.19692222571738793, ""class_weight"": ""balanced"", ""l1_ratio"": 0.0}"
3,2,93,0,0.791827970318891,0.5886300797381465,0.06716793430648828,"{""C"": 0.19692222571738793, ""class_weight"": ""balanced"", ""l1_ratio"": 0.0}"
3,2,102,0,0.10151909677272279,0.13107350412019664,0.06003277110728762,"{""C"": 0.19692222571738793, ""class_weight"": ""balanced"", ""l1_ratio"": 0.0}"
3,2,108,0,0.08190233737110178,0.12194594316464627,0.06544990296479643,"{""C"": 0.19692222571738793, ""class_weight"": ""balanced"", ""l1_ratio"": 0.0}"
3,2,111,0,0.3458545553719697,0.28943379954523457,0.08249236315554793,"{""C"": 0.19692222571738793, ""class_weight"": ""balanced"", ""l1_ratio"": 0.0}"
3,2,115,1,0.5028890768983206,0.3620965083208363,0.04260468037349325,"{""C"": 0.19692222571738793, ""class_weight"": ""balanced"", ""l1_ratio"": 0.0}"
3,2,116,0,0.3937303610654531,0.29562045650267244,0.0939135638323428,"{""C"": 0.19692222571738793, ""class_weight"": ""balanced"", ""l1_ratio"": 0.0}"
3,2,118,0,0.6369849751685788,0.4644874039911687,0.07994811171647981,"{""C"": 0.19692222571738793, ""class_weight"": ""balanced"", ""l1_ratio"": 0.0}"
3,2,120,1,0.541692382640063,0.3973650984138817,0.03237946538074482,"{""C"": 0.19692222571738793, ""class_weight"": ""balanced"", ""l1_ratio"": 0.0}"
3,2,129,0,0.42063036561706824,0.3367912668179874,0.05142437964547097,"{""C"": 0.19692222571738793, ""class_weight"": ""balanced"", ""l1_ratio"": 0.0}"
3,2,131,0,0.7794694005660762,0.5842446275391391,0.06255067436030291,"{""C"": 0.19692222571738793, ""class_weight"": ""balanced"", ""l1_ratio"": 0.0}"
3,2,134,0,0.8238310986214393,0.6078943455027532,0.08667468478790219,"{""C"": 0.19692222571738793, ""class_weight"": ""balanced"", ""l1_ratio"": 0.0}"
3,2,148,1,0.45344863716033446,0.3439299814218075,0.05664321301339712,"{""C"": 0.19692222571738793, ""class_weight"": ""balanced"", ""l1_ratio"": 0.0}"
3,2,154,1,0.18141945951844202,0.19795264740040772,0.07997959867194279,"{""C"": 0.19692222571738793, ""class_weight"": ""balanced"", ""l1_ratio"": 0.0}"
3,2,165,0,0.44852276651735973,0.3431108895166372,0.07477426490811812,"{""C"": 0.19692222571738793, ""class_weight"": ""balanced"", ""l1_ratio"": 0.0}"
3,2,170,0,0.2594257898486421,0.23782165744797995,0.06311973276939137,"{""C"": 0.19692222571738793, ""class_weight"": ""balanced"", ""l1_ratio"": 0.0}"
3,2,176,0,0.28197151992421826,0.24497186336044002,0.053616428791267975,"{""C"": 0.19692222571738793, ""class_weight"": ""balanced"", ""l1_ratio"": 0.0}"
3,2,181,0,0.8410375051466192,0.6374462055237243,0.022573359453389827,"{""C"": 0.19692222571738793, ""class_weight"": ""balanced"", ""l1_ratio"": 0.0}"
3,2,188,0,0.08148336324063696,0.12130752406680342,0.05691875860362233,"{""C"": 0.19692222571738793, ""class_weight"": ""balanced"", ""l1_ratio"": 0.0}"
3,2,191,0,0.6397834828266833,0.4426260542541529,0.03864098868728541,"{""C"": 0.19692222571738793, ""class_weight"": ""balanced"", ""l1_ratio"": 0.0}"
3,2,195,1,0.4991035703165257,0.35416683891539646,0.07104570068806705,"{""C"": 0.19692222571738793, ""class_weight"": ""balanced"", ""l1_ratio"": 0.0}"
3,2,202,1,0.5585259748201575,0.4221623639235779,0.04116605110616987,"{""C"": 0.19692222571738793, ""class_weight"": ""balanced"", ""l1_ratio"": 0.0}"
3,2,214,0,0.7041854440384185,0.5210987798999777,0.07500743399374493,"{""C"": 0.19692222571738793, ""class_weight"": ""balanced"", ""l1_ratio"": 0.0}"
3,2,219,1,0.1454185436069153,0.16107627452643902,0.057275431730018846,"{""C"": 0.19692222571738793, ""class_weight"": ""balanced"", ""l1_ratio"": 0.0}"
3,2,229,0,0.5937458208238147,0.4591730504850727,0.04559842827952799,"{""C"": 0.19692222571738793, ""class_weight"": ""balanced"", ""l1_ratio"": 0.0}"
3,2,232,1,0.5259724695022411,0.39878887021822906,0.043056127858828036,"{""C"": 0.19692222571738793, ""class_weight"": ""balanced"", ""l1_ratio"": 0.0}"
3,2,244,1,0.4303274196266003,0.3125095043664524,0.08775934486010356,"{""C"": 0.19692222571738793, ""class_weight"": ""balanced"", ""l1_ratio"": 0.0}"
3,2,247,0,0.0667474510742319,0.10814616972712945,0.054643032876658115,"{""C"": 0.19692222571738793, ""class_weight"": ""balanced"", ""l1_ratio"": 0.0}"
3,2,255,0,0.02528017385474285,0.06448257594462654,0.03181108637126581,"{""C"": 0.19692222571738793, ""class_weight"": ""balanced"", ""l1_ratio"": 0.0}"
3,2,266,1,0.4727785412667555,0.365547913879477,0.03969015490980413,"{""C"": 0.19692222571738793, ""class_weight"": ""balanced"", ""l1_ratio"": 0.0}"
3,2,278,1,0.49325265753804937,0.3617628104859509,0.06409242834340984,"{""C"": 0.19692222571738793, ""class_weight"": ""balanced"", ""l1_ratio"": 0.0}"
3,2,279,0,0.5633473586922481,0.4014770805745805,0.03053902865611102,"{""C"": 0.19692222571738793, ""class_weight"": ""balanced"", ""l1_ratio"": 0.0}"
3,2,282,1,0.6267583447883882,0.45749269309890417,0.078926154294903,"{""C"": 0.19692222571738793, ""class_weight"": ""balanced"", ""l1_ratio"": 0.0}"
3,2,286,0,0.1842934766049006,0.19187141348938325,0.03352742202149488,"{""C"": 0.19692222571738793, ""class_weight"": ""balanced"", ""l1_ratio"": 0.0}"
3,2,288,1,0.14972430789141772,0.17740066142990527,0.06541336182170601,"{""C"": 0.19692222571738793, ""class_weight"": ""balanced"", ""l1_ratio"": 0.0}"
3,2,295,0,0.22266313022344272,0.22545239787129828,0.06014796876944962,"{""C"": 0.19692222571738793, ""class_weight"": ""balanced"", ""l1_ratio"": 0.0}"
3,2,298,1,0.346567876218483,0.2749762026187793,0.07367792638538198,"{""C"": 0.19692222571738793, ""class_weight"": ""balanced"", ""l1_ratio"": 0.0}"
3,2,300,0,0.1984609496258886,0.20393465022541016,0.056815384075914445,"{""C"": 0.19692222571738793, ""class_weight"": ""balanced"", ""l1_ratio"": 0.0}"
3,2,302,0,0.22780931586105121,0.22280445514694724,0.06456854900915246,"{""C"": 0.19692222571738793, ""class_weight"": ""balanced"", ""l1_ratio"": 0.0}"
3,3,1,0,0.30635670814864596,0.34762557725977483,0.021388804003108688,"{""C"": 0.5883084761709685, ""class_weight"": null, ""l1_ratio"": 1.0}"
3,3,11,1,0.6905282458338338,0.6000635298746236,0.10892120799610303,"{""C"": 0.5883084761709685, ""class_weight"": null, ""l1_ratio"": 1.0}"
3,3,13,1,0.5118754037300663,0.4740217380921267,0.05114350650622812,"{""C"": 0.5883084761709685, ""class_weight"": null, ""l1_ratio"": 1.0}"
3,3,14,0,0.1793627489892305,0.2696536826562603,0.043744438530095506,"{""C"": 0.5883084761709685, ""class_weight"": null, ""l1_ratio"": 1.0}"
3,3,27,1,0.2672908361160388,0.3313305553737781,0.05723709087117341,"{""C"": 0.5883084761709685, ""class_weight"": null, ""l1_ratio"": 1.0}"
3,3,35,0,0.06174534797553564,0.16461389632068466,0.04669115103830583,"{""C"": 0.5883084761709685, ""class_weight"": null, ""l1_ratio"": 1.0}"
3,3,39,1,0.43841466626535325,0.3731212166064847,0.05021329112266571,"{""C"": 0.5883084761709685, ""class_weight"": null, ""l1_ratio"": 1.0}"
3,3,44,1,0.6001652096033916,0.5490539570359696,0.13574953046063162,"{""C"": 0.5883084761709685, ""class_weight"": null, ""l1_ratio"": 1.0}"
3,3,52,1,0.34666220778439355,0.39655628054832787,0.0363439158660749,"{""C"": 0.5883084761709685, ""class_weight"": null, ""l1_ratio"": 1.0}"
3,3,73,1,0.5349145079006427,0.4530350279030455,0.04435906079124428,"{""C"": 0.5883084761709685, ""class_weight"": null, ""l1_ratio"": 1.0}"
3,3,79,0,0.08866227050675575,0.1958700085248141,0.05320738572477288,"{""C"": 0.5883084761709685, ""class_weight"": null, ""l1_ratio"": 1.0}"
3,3,82,0,0.7751997636650821,0.6082037733593787,0.09446360404580416,"{""C"": 0.5883084761709685, ""class_weight"": null, ""l1_ratio"": 1.0}"
3,3,87,1,0.5461004536455545,0.5054898120700203,0.12874076662414166,"{""C"": 0.5883084761709685, ""class_weight"": null, ""l1_ratio"": 1.0}"
3,3,92,1,0.8257058029112082,0.6269314256800532,0.08895224783232503,"{""C"": 0.5883084761709685, ""class_weight"": null, ""l1_ratio"": 1.0}"
3,3,95,0,0.32652187419171325,0.359575751643498,0.032311643124884534,"{""C"": 0.5883084761709685, ""class_weight"": null, ""l1_ratio"": 1.0}"
3,3,96,1,0.39259198936560535,0.4071601856839468,0.028061851884859903,"{""C"": 0.5883084761709685, ""class_weight"": null, ""l1_ratio"": 1.0}"
3,3,100,0,0.9518171474208144,0.7922802424918531,0.09514892246406446,"{""C"": 0.5883084761709685, ""class_weight"": null, ""l1_ratio"": 1.0}"
3,3,101,1,0.7706669291484272,0.6099413306604332,0.12196762039781169,"{""C"": 0.5883084761709685, ""class_weight"": null, ""l1_ratio"": 1.0}"
3,3,106,0,0.2992393109105112,0.36263155497989763,0.0623780881164691,"{""C"": 0.5883084761709685, ""class_weight"": null, ""l1_ratio"": 1.0}"
3,3,112,1,0.6392565691596026,0.5345358786560779,0.10132173668191248,"{""C"": 0.5883084761709685, ""class_weight"": null, ""l1_ratio"": 1.0}"
3,3,113,0,0.06973074269349236,0.18293581859213054,0.03892881188468553,"{""C"": 0.5883084761709685, ""class_weight"": null, ""l1_ratio"": 1.0}"
3,3,121,1,0.7224962170077629,0.5952977221942238,0.09057991465374407,"{""C"": 0.5883084761709685, ""class_weight"": null, ""l1_ratio"": 1.0}"
3,3,123,0,0.5445524410170912,0.4931316159262404,0.08856413889145374,"{""C"": 0.5883084761709685, ""class_weight"": null, ""l1_ratio"": 1.0}"
3,3,126,1,0.747752563532765,0.5532718473215537,0.12456728954425823,"{""C"": 0.5883084761709685, ""class_weight"": null, ""l1_ratio"": 1.0}"
3,3,127,0,0.6780664909548113,0.5526747509297811,0.11036429671588716,"{""C"": 0.5883084761709685, ""class_weight"": null, ""l1_ratio"": 1.0}"
3,3,135,1,0.6469684603163831,0.4963888801529329,0.08263529903573152,"{""C"": 0.5883084761709685, ""class_weight"": null, ""l1_ratio"": 1.0}"
3,3,140,0,0.10739171470367553,0.23302812910213264,0.06146413134093871,"{""C"": 0.5883084761709685, ""class_weight"": null, ""l1_ratio"": 1.0}"
3,3,142,0,0.06450203499011097,0.18792758476053928,0.044742623605730135,"{""C"": 0.5883084761709685, ""class_weight"": null, ""l1_ratio"": 1.0}"
3,3,145,0,0.7776232386657207,0.6528063647205845,0.09086643920728556,"{""C"": 0.5883084761709685, ""class_weight"": null, ""l1_ratio"": 1.0}"
3,3,146,0,0.9034506628067931,0.7140418094644195,0.08791620147055365,"{""C"": 0.5883084761709685, ""class_weight"": null, ""l1_ratio"": 1.0}"
3,3,150,0,0.14790082347751274,0.2275249622071233,0.08276297299943196,"{""C"": 0.5883084761709685, ""class_weight"": null, ""l1_ratio"": 1.0}"
3,3,160,1,0.7534305253820143,0.5254766233441466,0.11360740955138791,"{""C"": 0.5883084761709685, ""class_weight"": null, ""l1_ratio"": 1.0}"
3,3,166,0,0.04306096593644779,0.1436257561278989,0.03843523943114237,"{""C"": 0.5883084761709685, ""class_weight"": null, ""l1_ratio"": 1.0}"
3,3,168,0,0.13093481856640138,0.24906565381029236,0.06034683913952381,"{""C"": 0.5883084761709685, ""class_weight"": null, ""l1_ratio"": 1.0}"
3,3,172,0,0.3113309571053091,0.36276621522620844,0.05015549278965521,"{""C"": 0.5883084761709685, ""class_weight"": null, ""l1_ratio"": 1.0}"
3,3,174,1,0.8793462403846078,0.6350033566327297,0.13530784428599105,"{""C"": 0.5883084761709685, ""class_weight"": null, ""l1_ratio"": 1.0}"
3,3,182,1,0.42704615826122677,0.4354559853149886,0.10276586234042373,"{""C"": 0.5883084761709685, ""class_weight"": null, ""l1_ratio"": 1.0}"
3,3,184,0,0.26271907446692283,0.3096741198816855,0.049647575767814284,"{""C"": 0.5883084761709685, ""class_weight"": null, ""l1_ratio"": 1.0}"
3,3,186,0,0.540095064968347,0.4942359078015547,0.07050909883063587,"{""C"": 0.5883084761709685, ""class_weight"": null, ""l1_ratio"": 1.0}"
3,3,189,1,0.4833327266915037,0.4439492143130305,0.0781549152934255,"{""C"": 0.5883084761709685, ""class_weight"": null, ""l1_ratio"": 1.0}"
3,3,192,0,0.08975767100868323,0.18662297939484024,0.04787853333172102,"{""C"": 0.5883084761709685, ""class_weight"": null, ""l1_ratio"": 1.0}"
3,3,205,1,0.21989988542511574,0.3038880597770991,0.03361405846520218,"{""C"": 0.5883084761709685, ""class_weight"": null, ""l1_ratio"": 1.0}"
3,3,206,1,0.5621968586949032,0.4948345881633454,0.11464977715249426,"{""C"": 0.5883084761709685, ""class_weight"": null, ""l1_ratio"": 1.0}"
3,3,213,0,0.5046367326343739,0.44448014822845805,0.06870217008273849,"{""C"": 0.5883084761709685, ""class_weight"": null, ""l1_ratio"": 1.0}"
3,3,215,0,0.81250615390529,0.5568154299608643,0.13410455099503452,"{""C"": 0.5883084761709685, ""class_weight"": null, ""l1_ratio"": 1.0}"
3,3,218,0,0.17499134227176855,0.2688508916340444,0.029966964945273736,"{""C"": 0.5883084761709685, ""class_weight"": null, ""l1_ratio"": 1.0}"
3,3,221,0,0.2384843874289407,0.3472579878390963,0.0424873054652353,"{""C"": 0.5883084761709685, ""class_weight"": null, ""l1_ratio"": 1.0}"
3,3,224,0,0.3832113850621051,0.40317290520865007,0.05373195766898629,"{""C"": 0.5883084761709685, ""class_weight"": null, ""l1_ratio"": 1.0}"
3,3,233,0,0.130989088212109,0.2275473186567968,0.040648005189666846,"{""C"": 0.5883084761709685, ""class_weight"": null, ""l1_ratio"": 1.0}"
3,3,235,0,0.33323062601857056,0.3348631806215875,0.04424644068815782,"{""C"": 0.5883084761709685, ""class_weight"": null, ""l1_ratio"": 1.0}"
3,3,246,1,0.8717959485833751,0.6877657722907583,0.10715538654600522,"{""C"": 0.5883084761709685, ""class_weight"": null, ""l1_ratio"": 1.0}"
3,3,258,0,0.3189855260192769,0.362487247321453,0.048009797398775395,"{""C"": 0.5883084761709685, ""class_weight"": null, ""l1_ratio"": 1.0}"
3,3,262,0,0.18426121318741856,0.2902399478459456,0.045355554585798444,"{""C"": 0.5883084761709685, ""class_weight"": null, ""l1_ratio"": 1.0}"
3,3,270,0,0.06679657011134295,0.17993236746637029,0.03684605851601501,"{""C"": 0.5883084761709685, ""class_weight"": null, ""l1_ratio"": 1.0}"
3,3,272,0,0.46889699596811796,0.47116444549714276,0.04866508704188579,"{""C"": 0.5883084761709685, ""class_weight"": null, ""l1_ratio"": 1.0}"
3,3,274,1,0.45488889616243783,0.4449237122363626,0.06387060064064265,"{""C"": 0.5883084761709685, ""class_weight"": null, ""l1_ratio"": 1.0}"
3,3,281,0,0.5446009988626717,0.49080305601949775,0.06998477432357081,"{""C"": 0.5883084761709685, ""class_weight"": null, ""l1_ratio"": 1.0}"
3,3,291,0,0.12784602154078073,0.243535258502274,0.03055447173856499,"{""C"": 0.5883084761709685, ""class_weight"": null, ""l1_ratio"": 1.0}"
3,3,296,0,0.043171159615680264,0.13664801110978944,0.0504936820307348,"{""C"": 0.5883084761709685, ""class_weight"": null, ""l1_ratio"": 1.0}"
3,3,301,0,0.150783533073883,0.24648652600257037,0.06031281906959036,"{""C"": 0.5883084761709685, ""class_weight"": null, ""l1_ratio"": 1.0}"
3,4,0,1,0.22998080831914114,0.266566769546546,0.06671227151343587,"{""C"": 0.24939740287833945, ""class_weight"": null, ""l1_ratio"": 1.0}"
3,4,5,1,0.5921295784197735,0.5608861024299413,0.11344540537376151,"{""C"": 0.24939740287833945, ""class_weight"": null, ""l1_ratio"": 1.0}"
3,4,17,0,0.32762375373048913,0.32842096726296677,0.0675859440982448,"{""C"": 0.24939740287833945, ""class_weight"": null, ""l1_ratio"": 1.0}"
3,4,23,1,0.7274631815245016,0.645534580234471,0.15802334454477085,"{""C"": 0.24939740287833945, ""class_weight"": null, ""l1_ratio"": 1.0}"
3,4,25,0,0.6096129015161048,0.5692356235912187,0.110389250283592,"{""C"": 0.24939740287833945, ""class_weight"": null, ""l1_ratio"": 1.0}"
3,4,36,0,0.5323574510733142,0.5330580863312895,0.11741100812002128,"{""C"": 0.24939740287833945, ""class_weight"": null, ""l1_ratio"": 1.0}"
3,4,41,0,0.24039591904869587,0.25858080374444364,0.06744465054736529,"{""C"": 0.24939740287833945, ""class_weight"": null, ""l1_ratio"": 1.0}"
3,4,54,0,0.24646854244864327,0.2739810975245326,0.06619952444969297,"{""C"": 0.24939740287833945, ""class_weight"": null, ""l1_ratio"": 1.0}"
3,4,55,1,0.2980894810113987,0.3040250932995223,0.0644979472657994,"{""C"": 0.24939740287833945, ""class_weight"": null, ""l1_ratio"": 1.0}"
3,4,60,0,0.25287913883552027,0.2736039947390939,0.08086946053004333,"{""C"": 0.24939740287833945, ""class_weight"": null, ""l1_ratio"": 1.0}"
3,4,65,0,0.39751902526495586,0.40615539890844465,0.03243236501009473,"{""C"": 0.24939740287833945, ""class_weight"": null, ""l1_ratio"": 1.0}"
3,4,71,1,0.4783935920607419,0.4759456202938737,0.071540897775818,"{""C"": 0.24939740287833945, ""class_weight"": null, ""l1_ratio"": 1.0}"
3,4,77,0,0.4276493995932523,0.44339924366077466,0.07217637033767406,"{""C"": 0.24939740287833945, ""class_weight"": null, ""l1_ratio"": 1.0}"
3,4,89,1,0.37007326799384177,0.3386291123737049,0.06112209243977942,"{""C"": 0.24939740287833945, ""class_weight"": null, ""l1_ratio"": 1.0}"
3,4,103,1,0.349743091981316,0.37108592992286227,0.04574147515644892,"{""C"": 0.24939740287833945, ""class_weight"": null, ""l1_ratio"": 1.0}"
3,4,104,0,0.24723276968276325,0.2658321764374311,0.07205624338276544,"{""C"": 0.24939740287833945, ""class_weight"": null, ""l1_ratio"": 1.0}"
3,4,109,1,0.44078766629108257,0.40249380578901295,0.05090050254507007,"{""C"": 0.24939740287833945, ""class_weight"": null, ""l1_ratio"": 1.0}"
3,4,122,0,0.2272146604428286,0.2631771788318537,0.06316646960926003,"{""C"": 0.24939740287833945, ""class_weight"": null, ""l1_ratio"": 1.0}"
3,4,124,0,0.229090411931462,0.2752215513612575,0.14044337014489736,"{""C"": 0.24939740287833945, ""class_weight"": null, ""l1_ratio"": 1.0}"
3,4,125,1,0.28196022974570345,0.2742833594640423,0.05857088298359233,"{""C"": 0.24939740287833945, ""class_weight"": null, ""l1_ratio"": 1.0}"
3,4,133,0,0.39694009900822375,0.39344702449491303,0.0389832870830825,"{""C"": 0.24939740287833945, ""class_weight"": null, ""l1_ratio"": 1.0}"
3,4,152,0,0.2504419014268444,0.28202196171330235,0.05801018064770622,"{""C"": 0.24939740287833945, ""class_weight"": null, ""l1_ratio"": 1.0}"
3,4,153,0,0.46217511511929543,0.4337952995077437,0.07226974500883696,"{""C"": 0.24939740287833945, ""class_weight"": null, ""l1_ratio"": 1.0}"
3,4,169,0,0.26344939912764237,0.2936274781683324,0.08366358547092238,"{""C"": 0.24939740287833945, ""class_weight"": null, ""l1_ratio"": 1.0}"
3,4,171,0,0.3541974168450003,0.3398399737632781,0.03439077008274301,"{""C"": 0.24939740287833945, ""class_weight"": null, ""l1_ratio"": 1.0}"
3,4,177,1,0.39297190071937976,0.39729957641182245,0.024995482469612768,"{""C"": 0.24939740287833945, ""class_weight"": null, ""l1_ratio"": 1.0}"
3,4,178,0,0.25925779074827354,0.28903019196553575,0.043235724508898364,"{""C"": 0.24939740287833945, ""class_weight"": null, ""l1_ratio"": 1.0}"
3,4,179,0,0.27966108483885205,0.3124276407635004,0.03713589143272872,"{""C"": 0.24939740287833945, ""class_weight"": null, ""l1_ratio"": 1.0}"
3,4,183,0,0.20605883524934857,0.24501783850989312,0.06788150483642626,"{""C"": 0.24939740287833945, ""class_weight"": null, ""l1_ratio"": 1.0}"
3,4,193,0,0.32784730953002,0.33738057115466874,0.06639759653576635,"{""C"": 0.24939740287833945, ""class_weight"": null, ""l1_ratio"": 1.0}"
3,4,194,0,0.2769962969839482,0.29058651232819066,0.11402400523635971,"{""C"": 0.24939740287833945, ""class_weight"": null, ""l1_ratio"": 1.0}"
3,4,197,1,0.6730123034486685,0.6244281145543552,0.10826815297105523,"{""C"": 0.24939740287833945, ""class_weight"": null, ""l1_ratio"": 1.0}"
3,4,198,0,0.6384389601290926,0.5857678069080307,0.12606542653830627,"{""C"": 0.24939740287833945, ""class_weight"": null, ""l1_ratio"": 1.0}"
3,4,199,0,0.23148249750973077,0.2567907542784479,0.10800402160331622,"{""C"": 0.24939740287833945, ""class_weight"": null, ""l1_ratio"": 1.0}"
3,4,200,0,0.40920923920285657,0.3935130903571736,0.02895212193106338,"{""C"": 0.24939740287833945, ""class_weight"": null, ""l1_ratio"": 1.0}"
3,4,208,1,0.36702737583361034,0.35562407448077465,0.03332111520250151,"{""C"": 0.24939740287833945, ""class_weight"": null, ""l1_ratio"": 1.0}"
3,4,211,1,0.5604585988950285,0.5249304015950668,0.09110854632591418,"{""C"": 0.24939740287833945, ""class_weight"": null, ""l1_ratio"": 1.0}"
3,4,222,1,0.6230226191100479,0.5477237149710031,0.0677427150470496,"{""C"": 0.24939740287833945, ""class_weight"": null, ""l1_ratio"": 1.0}"
3,4,227,0,0.3851075906333654,0.3921067823088078,0.04879389405088284,"{""C"": 0.24939740287833945, ""class_weight"": null, ""l1_ratio"": 1.0}"
3,4,234,0,0.3312752132393435,0.3114911087661941,0.05819208278813136,"{""C"": 0.24939740287833945, ""class_weight"": null, ""l1_ratio"": 1.0}"
3,4,236,0,0.4356902721685555,0.3994349648937903,0.045298780147547575,"{""C"": 0.24939740287833945, ""class_weight"": null, ""l1_ratio"": 1.0}"
3,4,238,0,0.11957408567423426,0.16740191940505791,0.1145579971602702,"{""C"": 0.24939740287833945, ""class_weight"": null, ""l1_ratio"": 1.0}"
3,4,242,1,0.2952138385943956,0.2934255303834039,0.06639876609906764,"{""C"": 0.24939740287833945, ""class_weight"": null, ""l1_ratio"": 1.0}"
3,4,243,1,0.325236023907069,0.3297450906694118,0.037832806175394716,"{""C"": 0.24939740287833945, ""class_weight"": null, ""l1_ratio"": 1.0}"
3,4,248,1,0.6704613767824356,0.6366526856259018,0.15955446003076962,"{""C"": 0.24939740287833945, ""class_weight"": null, ""l1_ratio"": 1.0}"
3,4,250,0,0.5224769185010236,0.45283095875374196,0.0446073227546611,"{""C"": 0.24939740287833945, ""class_weight"": null, ""l1_ratio"": 1.0}"
3,4,251,0,0.2890572623101406,0.3054977277066443,0.061464167997390656,"{""C"": 0.24939740287833945, ""class_weight"": null, ""l1_ratio"": 1.0}"
3,4,252,1,0.27505064559555775,0.28245624536094766,0.050875295210112005,"{""C"": 0.24939740287833945, ""class_weight"": null, ""l1_ratio"": 1.0}"
3,4,257,0,0.2548590116488309,0.27958969248682736,0.07289455248823092,"{""C"": 0.24939740287833945, ""class_weight"": null, ""l1_ratio"": 1.0}"
3,4,259,1,0.35888217565072517,0.3236575653252786,0.041765422520472745,"{""C"": 0.24939740287833945, ""class_weight"": null, ""l1_ratio"": 1.0}"
3,4,263,0,0.18321955157988287,0.21525424024710366,0.10448590945979101,"{""C"": 0.24939740287833945, ""class_weight"": null, ""l1_ratio"": 1.0}"
3,4,264,0,0.10209580366779415,0.1665850569055247,0.12514596659114188,"{""C"": 0.24939740287833945, ""class_weight"": null, ""l1_ratio"": 1.0}"
3,4,267,0,0.41780624344900325,0.3970381514370062,0.024563718343846394,"{""C"": 0.24939740287833945, ""class_weight"": null, ""l1_ratio"": 1.0}"
3,4,271,0,0.6285236284893386,0.5876742999278955,0.12281039090902145,"{""C"": 0.24939740287833945, ""class_weight"": null, ""l1_ratio"": 1.0}"
3,4,273,1,0.8517584014483949,0.750620084379853,0.166372779887992,"{""C"": 0.24939740287833945, ""class_weight"": null, ""l1_ratio"": 1.0}"
3,4,275,1,0.3350915790993296,0.34194103871977616,0.03204764158642817,"{""C"": 0.24939740287833945, ""class_weight"": null, ""l1_ratio"": 1.0}"
3,4,280,0,0.6875684676813758,0.6219279324606475,0.14523696836864985,"{""C"": 0.24939740287833945, ""class_weight"": null, ""l1_ratio"": 1.0}"
3,4,283,1,0.2980416097811367,0.3236284611599133,0.05781661409106939,"{""C"": 0.24939740287833945, ""class_weight"": null, ""l1_ratio"": 1.0}"
3,4,292,0,0.2270849018728887,0.25551593369757125,0.09601091907829933,"{""C"": 0.24939740287833945, ""class_weight"": null, ""l1_ratio"": 1.0}"
3,4,299,0,0.25235125868385105,0.270324439431248,0.07110140878241238,"{""C"": 0.24939740287833945, ""class_weight"": null, ""l1_ratio"": 1.0}"
4,0,2,0,0.5424883195468878,0.4047469088550456,0.05601482903726563,"{""C"": 0.7722712076335471, ""class_weight"": ""balanced"", ""l1_ratio"": 0.0}"
4,0,8,0,0.0134510112998421,0.09352967862175846,0.07987043506736549,"{""C"": 0.7722712076335471, ""class_weight"": ""balanced"", ""l1_ratio"": 0.0}"
4,0,10,0,0.498322058559937,0.3599036745475933,0.048894254927790544,"{""C"": 0.7722712076335471, ""class_weight"": ""balanced"", ""l1_ratio"": 0.0}"
4,0,17,0,0.15216452206539274,0.20591890848586428,0.08604465834528889,"{""C"": 0.7722712076335471, ""class_weight"": ""balanced"", ""l1_ratio"": 0.0}"
4,0,21,0,0.6172593005357825,0.45249736219813863,0.07216741199418876,"{""C"": 0.7722712076335471, ""class_weight"": ""balanced"", ""l1_ratio"": 0.0}"
4,0,23,1,0.9145763528522382,0.6730926494932856,0.14085681660898655,"{""C"": 0.7722712076335471, ""class_weight"": ""balanced"", ""l1_ratio"": 0.0}"
4,0,27,1,0.4036984788823903,0.33918453781471786,0.023213791364384326,"{""C"": 0.7722712076335471, ""class_weight"": ""balanced"", ""l1_ratio"": 0.0}"
4,0,45,1,0.7254161636796209,0.49338893364227177,0.07238029609739777,"{""C"": 0.7722712076335471, ""class_weight"": ""balanced"", ""l1_ratio"": 0.0}"
4,0,46,1,0.02795645859902441,0.11940148941178741,0.08509847987940893,"{""C"": 0.7722712076335471, ""class_weight"": ""balanced"", ""l1_ratio"": 0.0}"
4,0,55,1,0.4281694908757954,0.34767070694295277,0.036870077838915806,"{""C"": 0.7722712076335471, ""class_weight"": ""balanced"", ""l1_ratio"": 0.0}"
4,0,65,0,0.48144116898732986,0.35654047396073124,0.062024754854403154,"{""C"": 0.7722712076335471, ""class_weight"": ""balanced"", ""l1_ratio"": 0.0}"
4,0,66,0,0.5726317156129161,0.4020113198784335,0.05973464768794105,"{""C"": 0.7722712076335471, ""class_weight"": ""balanced"", ""l1_ratio"": 0.0}"
4,0,67,0,0.102203960064008,0.18048397713665454,0.0851700262559214,"{""C"": 0.7722712076335471, ""class_weight"": ""balanced"", ""l1_ratio"": 0.0}"
4,0,71,1,0.6699061656974584,0.488640019833016,0.10325581177805149,"{""C"": 0.7722712076335471, ""class_weight"": ""balanced"", ""l1_ratio"": 0.0}"
4,0,91,0,0.23529446922509703,0.25635909524271433,0.05914190634978179,"{""C"": 0.7722712076335471, ""class_weight"": ""balanced"", ""l1_ratio"": 0.0}"
4,0,93,0,0.6693823925860649,0.49605627040274786,0.08889743386984258,"{""C"": 0.7722712076335471, ""class_weight"": ""balanced"", ""l1_ratio"": 0.0}"
4,0,96,1,0.5153668144625191,0.3851022177538152,0.035812455399179925,"{""C"": 0.7722712076335471, ""class_weight"": ""balanced"", ""l1_ratio"": 0.0}"
4,0,98,0,0.61853196878551,0.43980349988189243,0.06243625961362543,"{""C"": 0.7722712076335471, ""class_weight"": ""balanced"", ""l1_ratio"": 0.0}"
4,0,103,1,0.2527110907021568,0.25291625963994,0.09866913105752745,"{""C"": 0.7722712076335471, ""class_weight"": ""balanced"", ""l1_ratio"": 0.0}"
4,0,108,0,0.11324153864718584,0.17832523002822448,0.07881963573422837,"{""C"": 0.7722712076335471, ""class_weight"": ""balanced"", ""l1_ratio"": 0.0}"
4,0,111,0,0.2252975760701961,0.25114068003200096,0.0790749056219937,"{""C"": 0.7722712076335471, ""class_weight"": ""balanced"", ""l1_ratio"": 0.0}"
4,0,114,1,0.9336820110824402,0.7064954046030979,0.19000178300153683,"{""C"": 0.7722712076335471, ""class_weight"": ""balanced"", ""l1_ratio"": 0.0}"
4,0,123,0,0.5641400002306795,0.41698240180985247,0.07423616807675015,"{""C"": 0.7722712076335471, ""class_weight"": ""balanced"", ""l1_ratio"": 0.0}"
4,0,124,0,0.059631823826146756,0.15506590359158873,0.09519957305897594,"{""C"": 0.7722712076335471, ""class_weight"": ""balanced"", ""l1_ratio"": 0.0}"
4,0,126,1,0.7876262318359518,0.5588222076430133,0.15310341078036047,"{""C"": 0.7722712076335471, ""class_weight"": ""balanced"", ""l1_ratio"": 0.0}"
4,0,130,0,0.05256965592709301,0.13997054802639364,0.07708775414325346,"{""C"": 0.7722712076335471, ""class_weight"": ""balanced"", ""l1_ratio"": 0.0}"
4,0,137,0,0.38162671553227706,0.3289789828506849,0.04917313315019368,"{""C"": 0.7722712076335471, ""class_weight"": ""balanced"", ""l1_ratio"": 0.0}"
4,0,144,1,0.7056841075990522,0.5181920711204546,0.09360942018343603,"{""C"": 0.7722712076335471, ""class_weight"": ""balanced"", ""l1_ratio"": 0.0}"
4,0,146,0,0.8886195294774154,0.6356436612636072,0.0989797147781691,"{""C"": 0.7722712076335471, ""class_weight"": ""balanced"", ""l1_ratio"": 0.0}"
4,0,147,1,0.9492384644009836,0.7180069350242723,0.1529630531920793,"{""C"": 0.7722712076335471, ""class_weight"": ""balanced"", ""l1_ratio"": 0.0}"
4,0,148,1,0.7385948574267912,0.5227861480522087,0.08096542913430255,"{""C"": 0.7722712076335471, ""class_weight"": ""balanced"", ""l1_ratio"": 0.0}"
4,0,152,0,0.15144217346126135,0.2033060674669756,0.10933738612780476,"{""C"": 0.7722712076335471, ""class_weight"": ""balanced"", ""l1_ratio"": 0.0}"
4,0,153,0,0.3488958618659857,0.3065065167479079,0.06968037519554512,"{""C"": 0.7722712076335471, ""class_weight"": ""balanced"", ""l1_ratio"": 0.0}"
4,0,154,1,0.29079986335668717,0.261041398044669,0.09459637972768696,"{""C"": 0.7722712076335471, ""class_weight"": ""balanced"", ""l1_ratio"": 0.0}"
4,0,156,1,0.6414185305283272,0.4552412598791394,0.05130555585379498,"{""C"": 0.7722712076335471, ""class_weight"": ""balanced"", ""l1_ratio"": 0.0}"
4,0,162,0,0.7388731404526856,0.5084469638846854,0.08941594835550755,"{""C"": 0.7722712076335471, ""class_weight"": ""balanced"", ""l1_ratio"": 0.0}"
4,0,164,1,0.7324526001615442,0.5329046767055171,0.075913614815119,"{""C"": 0.7722712076335471, ""class_weight"": ""balanced"", ""l1_ratio"": 0.0}"
4,0,167,0,0.13939245947097642,0.19438976133105051,0.0872544456832748,"{""C"": 0.7722712076335471, ""class_weight"": ""balanced"", ""l1_ratio"": 0.0}"
4,0,168,0,0.13179374695277551,0.19471459768654747,0.099277637364244,"{""C"": 0.7722712076335471, ""class_weight"": ""balanced"", ""l1_ratio"": 0.0}"
4,0,169,0,0.11505859389987595,0.1831216348098467,0.0876551667989741,"{""C"": 0.7722712076335471, ""class_weight"": ""balanced"", ""l1_ratio"": 0.0}"
4,0,173,1,0.8717488443454833,0.6240723841778923,0.16875923567604445,"{""C"": 0.7722712076335471, ""class_weight"": ""balanced"", ""l1_ratio"": 0.0}"
4,0,176,0,0.265550544007112,0.26222383722529014,0.09192408339861614,"{""C"": 0.7722712076335471, ""class_weight"": ""balanced"", ""l1_ratio"": 0.0}"
4,0,191,0,0.5703926237618054,0.3962316542581295,0.05467874329993259,"{""C"": 0.7722712076335471, ""class_weight"": ""balanced"", ""l1_ratio"": 0.0}"
4,0,193,0,0.12069815464175424,0.1908034734011224,0.09161352426249987,"{""C"": 0.7722712076335471, ""class_weight"": ""balanced"", ""l1_ratio"": 0.0}"
4,0,197,1,0.9545413979592486,0.7308147101650987,0.14616972165712475,"{""C"": 0.7722712076335471, ""class_weight"": ""balanced"", ""l1_ratio"": 0.0}"
4,0,208,1,0.5224808306306861,0.37270938624324973,0.08559096241240921,"{""C"": 0.7722712076335471, ""class_weight"": ""balanced"", ""l1_ratio"": 0.0}"
4,0,215,0,0.8088967286351872,0.5668615141786895,0.11592335679792641,"{""C"": 0.7722712076335471, ""class_weight"": ""balanced"", ""l1_ratio"": 0.0}"
4,0,227,0,0.36892386737364047,0.3064095072687014,0.05222455211404055,"{""C"": 0.7722712076335471, ""class_weight"": ""balanced"", ""l1_ratio"": 0.0}"
4,0,230,0,0.7236064112462187,0.5062074808472471,0.07835310291318573,"{""C"": 0.7722712076335471, ""class_weight"": ""balanced"", ""l1_ratio"": 0.0}"
4,0,237,0,0.3587593046346517,0.3058730924130283,0.05984008600240446,"{""C"": 0.7722712076335471, ""class_weight"": ""balanced"", ""l1_ratio"": 0.0}"
4,0,249,1,0.617838105349191,0.4372075267214403,0.07140857284379805,"{""C"": 0.7722712076335471, ""class_weight"": ""balanced"", ""l1_ratio"": 0.0}"
4,0,251,0,0.12490336659699784,0.1844904745289177,0.07821841086945723,"{""C"": 0.7722712076335471, ""class_weight"": ""balanced"", ""l1_ratio"": 0.0}"
4,0,259,1,0.5929074277230869,0.42364450858599306,0.0242906803689601,"{""C"": 0.7722712076335471, ""class_weight"": ""balanced"", ""l1_ratio"": 0.0}"
4,0,270,0,0.06633774686352562,0.15754286744201898,0.08337576078251552,"{""C"": 0.7722712076335471, ""class_weight"": ""balanced"", ""l1_ratio"": 0.0}"
4,0,272,0,0.5901692865000837,0.40472234350510705,0.07422694558467974,"{""C"": 0.7722712076335471, ""class_weight"": ""balanced"", ""l1_ratio"": 0.0}"
4,0,276,0,0.08995463306420101,0.16427711488778238,0.08857901543204057,"{""C"": 0.7722712076335471, ""class_weight"": ""balanced"", ""l1_ratio"": 0.0}"
4,0,279,0,0.58698946058501,0.41815489901909286,0.027565619070028417,"{""C"": 0.7722712076335471, ""class_weight"": ""balanced"", ""l1_ratio"": 0.0}"
4,0,283,1,0.7276135720858066,0.5133035874771028,0.12161833869852005,"{""C"": 0.7722712076335471, ""class_weight"": ""balanced"", ""l1_ratio"": 0.0}"
4,0,294,1,0.8639872394369145,0.5996413557209225,0.16347363319742253,"{""C"": 0.7722712076335471, ""class_weight"": ""balanced"", ""l1_ratio"": 0.0}"
4,0,296,0,0.027880356421133273,0.11294097083431812,0.0798334601025572,"{""C"": 0.7722712076335471, ""class_weight"": ""balanced"", ""l1_ratio"": 0.0}"
4,0,301,0,0.12878679394483353,0.18655433746154085,0.08173819354107777,"{""C"": 0.7722712076335471, ""class_weight"": ""balanced"", ""l1_ratio"": 0.0}"
4,1,0,1,0.2268785809916057,0.27296756335711836,0.03815392719277809,"{""C"": 1.24033226944819, ""class_weight"": ""balanced"", ""l1_ratio"": 1.0}"
4,1,15,1,0.8754209132004847,0.58116580455636,0.04540744571028504,"{""C"": 1.24033226944819, ""class_weight"": ""balanced"", ""l1_ratio"": 1.0}"
4,1,18,1,0.7214167220893802,0.4825810681267687,0.11803967092693367,"{""C"": 1.24033226944819, ""class_weight"": ""balanced"", ""l1_ratio"": 1.0}"
4,1,20,0,0.16223410127459365,0.22609742285440979,0.047689596781068676,"{""C"": 1.24033226944819, ""class_weight"": ""balanced"", ""l1_ratio"": 1.0}"
4,1,22,0,0.9337607728393164,0.6631281507408089,0.06720573337648164,"{""C"": 1.24033226944819, ""class_weight"": ""balanced"", ""l1_ratio"": 1.0}"
4,1,32,1,0.7720290547493007,0.4867800031935456,0.11313007096309546,"{""C"": 1.24033226944819, ""class_weight"": ""balanced"", ""l1_ratio"": 1.0}"
4,1,35,0,0.013779500022852121,0.09512837109034936,0.041094130073932165,"{""C"": 1.24033226944819, ""class_weight"": ""balanced"", ""l1_ratio"": 1.0}"
4,1,39,1,0.7419982802107449,0.495586771282665,0.06920277800824894,"{""C"": 1.24033226944819, ""class_weight"": ""balanced"", ""l1_ratio"": 1.0}"
4,1,41,0,0.1762597669409436,0.24135333937845488,0.042620763734984544,"{""C"": 1.24033226944819, ""class_weight"": ""balanced"", ""l1_ratio"": 1.0}"
4,1,44,1,0.6674733172094689,0.4698173488674483,0.03268690838440378,"{""C"": 1.24033226944819, ""class_weight"": ""balanced"", ""l1_ratio"": 1.0}"
4,1,47,1,0.9559300827830143,0.6814332558952545,0.06006008446470998,"{""C"": 1.24033226944819, ""class_weight"": ""balanced"", ""l1_ratio"": 1.0}"
4,1,48,0,0.06797947569678682,0.18568367787337628,0.04074008751136269,"{""C"": 1.24033226944819, ""class_weight"": ""balanced"", ""l1_ratio"": 1.0}"
4,1,54,0,0.05791742775683515,0.18651810192537693,0.041604520854723555,"{""C"": 1.24033226944819, ""class_weight"": ""balanced"", ""l1_ratio"": 1.0}"
4,1,56,1,0.5386178820359102,0.42696538193419215,0.07392542442021477,"{""C"": 1.24033226944819, ""class_weight"": ""balanced"", ""l1_ratio"": 1.0}"
4,1,59,1,0.7227529928603303,0.5123038090977567,0.06363534702779348,"{""C"": 1.24033226944819, ""class_weight"": ""balanced"", ""l1_ratio"": 1.0}"
4,1,68,0,0.07826130256924677,0.19252201891115236,0.0725672821655402,"{""C"": 1.24033226944819, ""class_weight"": ""balanced"", ""l1_ratio"": 1.0}"
4,1,69,1,0.5796498979282714,0.4177144223655054,0.07779174679171225,"{""C"": 1.24033226944819, ""class_weight"": ""balanced"", ""l1_ratio"": 1.0}"
4,1,70,0,0.08604166308987277,0.18450855343091632,0.057715975298774244,"{""C"": 1.24033226944819, ""class_weight"": ""balanced"", ""l1_ratio"": 1.0}"
4,1,76,0,0.6791707988929785,0.46998354810566967,0.03738341720551052,"{""C"": 1.24033226944819, ""class_weight"": ""balanced"", ""l1_ratio"": 1.0}"
4,1,78,0,0.13677768584345115,0.23162561301086107,0.037837173576487554,"{""C"": 1.24033226944819, ""class_weight"": ""balanced"", ""l1_ratio"": 1.0}"
4,1,83,0,0.1087484034361801,0.22293872736560907,0.04349759489475997,"{""C"": 1.24033226944819, ""class_weight"": ""balanced"", ""l1_ratio"": 1.0}"
4,1,101,1,0.8751455549409712,0.5806762368824941,0.06334542628978358,"{""C"": 1.24033226944819, ""class_weight"": ""balanced"", ""l1_ratio"": 1.0}"
4,1,109,1,0.46798834736904954,0.3741582098686599,0.060305179858981546,"{""C"": 1.24033226944819, ""class_weight"": ""balanced"", ""l1_ratio"": 1.0}"
4,1,115,1,0.5703488348838321,0.4229520041147997,0.05639388882385813,"{""C"": 1.24033226944819, ""class_weight"": ""balanced"", ""l1_ratio"": 1.0}"
4,1,119,1,0.5533096001443658,0.3919368587796034,0.04894070543763751,"{""C"": 1.24033226944819, ""class_weight"": ""balanced"", ""l1_ratio"": 1.0}"
4,1,122,0,0.1572532334876575,0.2271969078512329,0.02249886649230303,"{""C"": 1.24033226944819, ""class_weight"": ""balanced"", ""l1_ratio"": 1.0}"
4,1,127,0,0.7890120579448924,0.515935211339951,0.04062134094640588,"{""C"": 1.24033226944819, ""class_weight"": ""balanced"", ""l1_ratio"": 1.0}"
4,1,129,0,0.15234279450627597,0.25896621063135356,0.044256091881542246,"{""C"": 1.24033226944819, ""class_weight"": ""balanced"", ""l1_ratio"": 1.0}"
4,1,139,1,0.9235613592197408,0.6591582838808807,0.06432008914046221,"{""C"": 1.24033226944819, ""class_weight"": ""balanced"", ""l1_ratio"": 1.0}"
4,1,145,0,0.7230947168017774,0.5022714810634106,0.03385479244433485,"{""C"": 1.24033226944819, ""class_weight"": ""balanced"", ""l1_ratio"": 1.0}"
4,1,158,1,0.18069570288131423,0.25245576595914515,0.06578455568453762,"{""C"": 1.24033226944819, ""class_weight"": ""balanced"", ""l1_ratio"": 1.0}"
4,1,160,1,0.8302384608488083,0.5338843323357427,0.11501857298283699,"{""C"": 1.24033226944819, ""class_weight"": ""balanced"", ""l1_ratio"": 1.0}"
4,1,166,0,0.014350410308018932,0.09794025771722462,0.022773695631886092,"{""C"": 1.24033226944819, ""class_weight"": ""balanced"", ""l1_ratio"": 1.0}"
4,1,174,1,0.9165096088664795,0.6514319733689586,0.06074294044214334,"{""C"": 1.24033226944819, ""class_weight"": ""balanced"", ""l1_ratio"": 1.0}"
4,1,175,0,0.44060353180541484,0.3604920022668636,0.04338448794767656,"{""C"": 1.24033226944819, ""class_weight"": ""balanced"", ""l1_ratio"": 1.0}"
4,1,184,0,0.37813201415482733,0.31063271912486334,0.08820557937202832,"{""C"": 1.24033226944819, ""class_weight"": ""balanced"", ""l1_ratio"": 1.0}"
4,1,185,0,0.220702066727227,0.2723253779725707,0.028776362232161935,"{""C"": 1.24033226944819, ""class_weight"": ""balanced"", ""l1_ratio"": 1.0}"
4,1,199,0,0.11894743070670274,0.20935252876655158,0.04186135310615308,"{""C"": 1.24033226944819, ""class_weight"": ""balanced"", ""l1_ratio"": 1.0}"
4,1,201,0,0.3763513412077534,0.35440134574426174,0.07004515161751321,"{""C"": 1.24033226944819, ""class_weight"": ""balanced"", ""l1_ratio"": 1.0}"
4,1,205,1,0.343950506360601,0.3268661243313825,0.02142838373988536,"{""C"": 1.24033226944819, ""class_weight"": ""balanced"", ""l1_ratio"": 1.0}"
4,1,209,0,0.8417621374025585,0.5594620632141767,0.0654889793612679,"{""C"": 1.24033226944819, ""class_weight"": ""balanced"", ""l1_ratio"": 1.0}"
4,1,211,1,0.7734737553296751,0.49051901546549403,0.13218933008902178,"{""C"": 1.24033226944819, ""class_weight"": ""balanced"", ""l1_ratio"": 1.0}"
4,1,212,0,0.08392830772074045,0.17116222489422067,0.051751342936400394,"{""C"": 1.24033226944819, ""class_weight"": ""balanced"", ""l1_ratio"": 1.0}"
4,1,213,0,0.6314077150797122,0.44317172174131797,0.028086889856856725,"{""C"": 1.24033226944819, ""class_weight"": ""balanced"", ""l1_ratio"": 1.0}"
4,1,222,1,0.6882065663981025,0.4922005755081722,0.10504605903926008,"{""C"": 1.24033226944819, ""class_weight"": ""balanced"", ""l1_ratio"": 1.0}"
4,1,233,0,0.13051897971427404,0.20479238950393439,0.046262400429463627,"{""C"": 1.24033226944819, ""class_weight"": ""balanced"", ""l1_ratio"": 1.0}"
4,1,235,0,0.5330087877122544,0.38821114448833605,0.05119892546566389,"{""C"": 1.24033226944819, ""class_weight"": ""balanced"", ""l1_ratio"": 1.0}"
4,1,239,0,0.15809027686004948,0.23468222622157753,0.033679609448954415,"{""C"": 1.24033226944819, ""class_weight"": ""balanced"", ""l1_ratio"": 1.0}"
4,1,253,0,0.5098484118809675,0.3942802992231717,0.051515892515455304,"{""C"": 1.24033226944819, ""class_weight"": ""balanced"", ""l1_ratio"": 1.0}"
4,1,254,0,0.4980323145099359,0.37160009032888647,0.06712968114317266,"{""C"": 1.24033226944819, ""class_weight"": ""balanced"", ""l1_ratio"": 1.0}"
4,1,258,0,0.49224074203327484,0.3828469961115149,0.032579976037298244,"{""C"": 1.24033226944819, ""class_weight"": ""balanced"", ""l1_ratio"": 1.0}"
4,1,263,0,0.07341637752381745,0.17383381059714548,0.039329958745719366,"{""C"": 1.24033226944819, ""class_weight"": ""balanced"", ""l1_ratio"": 1.0}"
4,1,268,0,0.031114221525572472,0.1242201745435205,0.044474711577041984,"{""C"": 1.24033226944819, ""class_weight"": ""balanced"", ""l1_ratio"": 1.0}"
4,1,275,1,0.621297911232611,0.4501628946017068,0.06157871465590157,"{""C"": 1.24033226944819, ""class_weight"": ""balanced"", ""l1_ratio"": 1.0}"
4,1,280,0,0.743347132253365,0.47940695608678097,0.07151896149968447,"{""C"": 1.24033226944819, ""class_weight"": ""balanced"", ""l1_ratio"": 1.0}"
4,1,284,0,0.32400426553356454,0.31581782219402277,0.03035115446826415,"{""C"": 1.24033226944819, ""class_weight"": ""balanced"", ""l1_ratio"": 1.0}"
4,1,286,0,0.20525787611252344,0.2560582722722564,0.011030741311410849,"{""C"": 1.24033226944819, ""class_weight"": ""balanced"", ""l1_ratio"": 1.0}"
4,1,287,0,0.04457028607097511,0.13739899602334033,0.05907479515239974,"{""C"": 1.24033226944819, ""class_weight"": ""balanced"", ""l1_ratio"": 1.0}"
4,1,288,1,0.08259820094162053,0.17576860934093236,0.055485115063133,"{""C"": 1.24033226944819, ""class_weight"": ""balanced"", ""l1_ratio"": 1.0}"
4,1,295,0,0.021912976210059207,0.1154389097380117,0.03250943244740643,"{""C"": 1.24033226944819, ""class_weight"": ""balanced"", ""l1_ratio"": 1.0}"
4,1,302,0,0.148305347590489,0.22501803493703587,0.06071865712186418,"{""C"": 1.24033226944819, ""class_weight"": ""balanced"", ""l1_ratio"": 1.0}"
4,2,1,0,0.40505925539413257,0.3644262404487562,0.04906796542310566,"{""C"": 0.13276690916947528, ""class_weight"": ""balanced"", ""l1_ratio"": 0.0}"
4,2,12,1,0.7697402550363619,0.593974183840439,0.07527696156144925,"{""C"": 0.13276690916947528, ""class_weight"": ""balanced"", ""l1_ratio"": 0.0}"
4,2,25,0,0.5879744442962801,0.4443951791902121,0.0722814504830706,"{""C"": 0.13276690916947528, ""class_weight"": ""balanced"", ""l1_ratio"": 0.0}"
4,2,26,0,0.2674010213336487,0.23770200254077095,0.07602927585445614,"{""C"": 0.13276690916947528, ""class_weight"": ""balanced"", ""l1_ratio"": 0.0}"
4,2,30,0,0.879301523751512,0.7032719509862245,0.12015237035340423,"{""C"": 0.13276690916947528, ""class_weight"": ""balanced"", ""l1_ratio"": 0.0}"
4,2,31,1,0.3968234028137191,0.331560279923229,0.061780410700144686,"{""C"": 0.13276690916947528, ""class_weight"": ""balanced"", ""l1_ratio"": 0.0}"
4,2,33,1,0.4828206348204275,0.34759198582937556,0.02869877823666137,"{""C"": 0.13276690916947528, ""class_weight"": ""balanced"", ""l1_ratio"": 0.0}"
4,2,42,0,0.04793577880508283,0.09988166294106782,0.056960191390181936,"{""C"": 0.13276690916947528, ""class_weight"": ""balanced"", ""l1_ratio"": 0.0}"
4,2,43,0,0.05360874729245784,0.10232973087035413,0.05844527783145101,"{""C"": 0.13276690916947528, ""class_weight"": ""balanced"", ""l1_ratio"": 0.0}"
4,2,49,1,0.19381724392682123,0.20203510876128156,0.0577775917554581,"{""C"": 0.13276690916947528, ""class_weight"": ""balanced"", ""l1_ratio"": 0.0}"
4,2,57,1,0.6288557554726943,0.4627474392843913,0.050891233619705066,"{""C"": 0.13276690916947528, ""class_weight"": ""balanced"", ""l1_ratio"": 0.0}"
4,2,58,0,0.5393490035094374,0.4100882610869395,0.10655086329070329,"{""C"": 0.13276690916947528, ""class_weight"": ""balanced"", ""l1_ratio"": 0.0}"
4,2,62,1,0.34104861275225307,0.27431163910842654,0.057463039264210904,"{""C"": 0.13276690916947528, ""class_weight"": ""balanced"", ""l1_ratio"": 0.0}"
4,2,72,0,0.4031711437067008,0.31952097198889345,0.04902486590953275,"{""C"": 0.13276690916947528, ""class_weight"": ""balanced"", ""l1_ratio"": 0.0}"
4,2,73,1,0.6691235731729704,0.48512326680756396,0.08587706549091932,"{""C"": 0.13276690916947528, ""class_weight"": ""balanced"", ""l1_ratio"": 0.0}"
4,2,81,0,0.7940857267527409,0.5652703143615142,0.06643603191408426,"{""C"": 0.13276690916947528, ""class_weight"": ""balanced"", ""l1_ratio"": 0.0}"
4,2,82,0,0.6108291818565631,0.4446340902045648,0.1011482651283193,"{""C"": 0.13276690916947528, ""class_weight"": ""balanced"", ""l1_ratio"": 0.0}"
4,2,89,1,0.7550081080368584,0.5693801819244985,0.08678123703150871,"{""C"": 0.13276690916947528, ""class_weight"": ""balanced"", ""l1_ratio"": 0.0}"
4,2,90,1,0.6258394267794019,0.46557355420349583,0.09226067283749499,"{""C"": 0.13276690916947528, ""class_weight"": ""balanced"", ""l1_ratio"": 0.0}"
4,2,94,0,0.701486055051257,0.5233901540279491,0.08776846216692641,"{""C"": 0.13276690916947528, ""class_weight"": ""balanced"", ""l1_ratio"": 0.0}"
4,2,113,0,0.1446494148234287,0.17621262263539567,0.06333976765194047,"{""C"": 0.13276690916947528, ""class_weight"": ""balanced"", ""l1_ratio"": 0.0}"
4,2,121,1,0.6855011404936333,0.5211699617617,0.05994919032178529,"{""C"": 0.13276690916947528, ""class_weight"": ""balanced"", ""l1_ratio"": 0.0}"
4,2,125,1,0.4229744854740853,0.3423771847555298,0.08082215199175549,"{""C"": 0.13276690916947528, ""class_weight"": ""balanced"", ""l1_ratio"": 0.0}"
4,2,133,0,0.46329648845953875,0.36489278510994994,0.09315766474510004,"{""C"": 0.13276690916947528, ""class_weight"": ""balanced"", ""l1_ratio"": 0.0}"
4,2,134,0,0.7161328022508614,0.5250324155352548,0.08005824903617527,"{""C"": 0.13276690916947528, ""class_weight"": ""balanced"", ""l1_ratio"": 0.0}"
4,2,136,0,0.19070442949101135,0.2040530038674831,0.049657060476620676,"{""C"": 0.13276690916947528, ""class_weight"": ""balanced"", ""l1_ratio"": 0.0}"
4,2,143,0,0.09266111144151255,0.1263372672155721,0.05641062703199557,"{""C"": 0.13276690916947528, ""class_weight"": ""balanced"", ""l1_ratio"": 0.0}"
4,2,149,1,0.8742856046188034,0.7060191971337335,0.0863032010847029,"{""C"": 0.13276690916947528, ""class_weight"": ""balanced"", ""l1_ratio"": 0.0}"
4,2,150,0,0.19890360016010672,0.20198962525484432,0.06060908273649693,"{""C"": 0.13276690916947528, ""class_weight"": ""balanced"", ""l1_ratio"": 0.0}"
4,2,151,0,0.33360681359000366,0.29017908174506885,0.04788279799878525,"{""C"": 0.13276690916947528, ""class_weight"": ""balanced"", ""l1_ratio"": 0.0}"
4,2,155,0,0.7864493322136924,0.6047187267508441,0.10530208160495737,"{""C"": 0.13276690916947528, ""class_weight"": ""balanced"", ""l1_ratio"": 0.0}"
4,2,157,1,0.4657585102970066,0.361489105253247,0.056157475933039075,"{""C"": 0.13276690916947528, ""class_weight"": ""balanced"", ""l1_ratio"": 0.0}"
4,2,159,0,0.8627616778510273,0.6707471946287425,0.10274222447626076,"{""C"": 0.13276690916947528, ""class_weight"": ""balanced"", ""l1_ratio"": 0.0}"
4,2,171,0,0.7158299261209329,0.5284307536255486,0.05342677645565092,"{""C"": 0.13276690916947528, ""class_weight"": ""balanced"", ""l1_ratio"": 0.0}"
4,2,179,0,0.2884989426851344,0.25364483013026795,0.044024553394594025,"{""C"": 0.13276690916947528, ""class_weight"": ""balanced"", ""l1_ratio"": 0.0}"
4,2,181,0,0.6609766852878555,0.48328757666750716,0.07401314060871267,"{""C"": 0.13276690916947528, ""class_weight"": ""balanced"", ""l1_ratio"": 0.0}"
4,2,188,0,0.11776866745854184,0.1617779138246775,0.0710077368335358,"{""C"": 0.13276690916947528, ""class_weight"": ""balanced"", ""l1_ratio"": 0.0}"
4,2,189,1,0.7005159984217907,0.5094460688010172,0.04776357360785987,"{""C"": 0.13276690916947528, ""class_weight"": ""balanced"", ""l1_ratio"": 0.0}"
4,2,192,0,0.06858716976017941,0.11373145286605513,0.05441312549723482,"{""C"": 0.13276690916947528, ""class_weight"": ""balanced"", ""l1_ratio"": 0.0}"
4,2,194,0,0.14902101262570563,0.1692130341839335,0.06953058452104562,"{""C"": 0.13276690916947528, ""class_weight"": ""balanced"", ""l1_ratio"": 0.0}"
4,2,196,0,0.22403384353946793,0.214042204870481,0.058984462803018306,"{""C"": 0.13276690916947528, ""class_weight"": ""balanced"", ""l1_ratio"": 0.0}"
4,2,198,0,0.6545213929122236,0.5000329485381824,0.06810138528526015,"{""C"": 0.13276690916947528, ""class_weight"": ""balanced"", ""l1_ratio"": 0.0}"
4,2,206,1,0.4994661310966449,0.39638862939179215,0.0758418827530227,"{""C"": 0.13276690916947528, ""class_weight"": ""balanced"", ""l1_ratio"": 0.0}"
4,2,214,0,0.7599523639943365,0.5711298503814015,0.0708894338160347,"{""C"": 0.13276690916947528, ""class_weight"": ""balanced"", ""l1_ratio"": 0.0}"
4,2,218,0,0.2056096678340257,0.20802382643068418,0.07401132750349504,"{""C"": 0.13276690916947528, ""class_weight"": ""balanced"", ""l1_ratio"": 0.0}"
4,2,221,0,0.2786368650574504,0.2629350021691142,0.06033828759650289,"{""C"": 0.13276690916947528, ""class_weight"": ""balanced"", ""l1_ratio"": 0.0}"
4,2,226,1,0.43283876773125884,0.338472894735819,0.050280409849876015,"{""C"": 0.13276690916947528, ""class_weight"": ""balanced"", ""l1_ratio"": 0.0}"
4,2,231,1,0.8540210441974315,0.6585372351995362,0.08430902427300083,"{""C"": 0.13276690916947528, ""class_weight"": ""balanced"", ""l1_ratio"": 0.0}"
4,2,234,0,0.6213049337033887,0.4561338168568816,0.06670837409996418,"{""C"": 0.13276690916947528, ""class_weight"": ""balanced"", ""l1_ratio"": 0.0}"
4,2,240,1,0.860203409952342,0.6618182636359313,0.09447649048612003,"{""C"": 0.13276690916947528, ""class_weight"": ""balanced"", ""l1_ratio"": 0.0}"
4,2,241,0,0.3852376121950792,0.31363522789323867,0.06748343845060992,"{""C"": 0.13276690916947528, ""class_weight"": ""balanced"", ""l1_ratio"": 0.0}"
4,2,244,1,0.45995247064692785,0.35053795201004173,0.03641142936824612,"{""C"": 0.13276690916947528, ""class_weight"": ""balanced"", ""l1_ratio"": 0.0}"
4,2,245,0,0.5601848604956366,0.4104834970269341,0.02538606205184825,"{""C"": 0.13276690916947528, ""class_weight"": ""balanced"", ""l1_ratio"": 0.0}"
4,2,246,1,0.9094996059567577,0.7338893980307428,0.08191023556952784,"{""C"": 0.13276690916947528, ""class_weight"": ""balanced"", ""l1_ratio"": 0.0}"
4,2,248,1,0.8182192950990845,0.6191081098133908,0.08344243990476036,"{""C"": 0.13276690916947528, ""class_weight"": ""balanced"", ""l1_ratio"": 0.0}"
4,2,257,0,0.2160046043498602,0.2298314076191012,0.05288418663283228,"{""C"": 0.13276690916947528, ""class_weight"": ""balanced"", ""l1_ratio"": 0.0}"
4,2,260,1,0.8220673493172461,0.6067059572096462,0.10586448010598308,"{""C"": 0.13276690916947528, ""class_weight"": ""balanced"", ""l1_ratio"": 0.0}"
4,2,264,0,0.10159643303855256,0.1402487073698931,0.0629939053572107,"{""C"": 0.13276690916947528, ""class_weight"": ""balanced"", ""l1_ratio"": 0.0}"
4,2,269,1,0.22436578749469144,0.2199524582204387,0.05788511946607673,"{""C"": 0.13276690916947528, ""class_weight"": ""balanced"", ""l1_ratio"": 0.0}"
4,2,281,0,0.705634055251104,0.5240744915844078,0.05892884903455917,"{""C"": 0.13276690916947528, ""class_weight"": ""balanced"", ""l1_ratio"": 0.0}"
4,2,297,0,0.13613800468941592,0.16244500826898414,0.054847415074033914,"{""C"": 0.13276690916947528, ""class_weight"": ""balanced"", ""l1_ratio"": 0.0}"
4,3,3,0,0.4678158094919903,0.37267719875090255,0.14326028403692342,"{""C"": 0.6269819134420221, ""class_weight"": ""balanced"", ""l1_ratio"": 0.0}"
4,3,4,0,0.1998890775401555,0.24534986503867656,0.08778630364511011,"{""C"": 0.6269819134420221, ""class_weight"": ""balanced"", ""l1_ratio"": 0.0}"
4,3,7,1,0.5543797586766934,0.39505698076652473,0.07335645538745086,"{""C"": 0.6269819134420221, ""class_weight"": ""balanced"", ""l1_ratio"": 0.0}"
4,3,9,1,0.4150615422549052,0.3524030760395024,0.06637342184279493,"{""C"": 0.6269819134420221, ""class_weight"": ""balanced"", ""l1_ratio"": 0.0}"
4,3,13,1,0.48642555029976325,0.3765193423591328,0.07993584318430944,"{""C"": 0.6269819134420221, ""class_weight"": ""balanced"", ""l1_ratio"": 0.0}"
4,3,14,0,0.49706794914058633,0.3946444444194048,0.02895126952823556,"{""C"": 0.6269819134420221, ""class_weight"": ""balanced"", ""l1_ratio"": 0.0}"
4,3,16,0,0.1499904624296708,0.23365512607916417,0.08324855872030505,"{""C"": 0.6269819134420221, ""class_weight"": ""balanced"", ""l1_ratio"": 0.0}"
4,3,19,0,0.4727913598969985,0.4081150403517054,0.05985420719436347,"{""C"": 0.6269819134420221, ""class_weight"": ""balanced"", ""l1_ratio"": 0.0}"
4,3,29,0,0.753691446368568,0.5248928339488358,0.1348073291982206,"{""C"": 0.6269819134420221, ""class_weight"": ""balanced"", ""l1_ratio"": 0.0}"
4,3,34,1,0.38042522278752644,0.3200290582498613,0.10364172234740886,"{""C"": 0.6269819134420221, ""class_weight"": ""balanced"", ""l1_ratio"": 0.0}"
4,3,37,0,0.09224770516800819,0.18668220073898872,0.11259741023781535,"{""C"": 0.6269819134420221, ""class_weight"": ""balanced"", ""l1_ratio"": 0.0}"
4,3,60,0,0.23564872199900153,0.266227610680875,0.06943703359434412,"{""C"": 0.6269819134420221, ""class_weight"": ""balanced"", ""l1_ratio"": 0.0}"
4,3,63,1,0.7581260681051144,0.5157737107532863,0.10042752146273014,"{""C"": 0.6269819134420221, ""class_weight"": ""balanced"", ""l1_ratio"": 0.0}"
4,3,74,1,0.3010605567452146,0.31635982745021735,0.11808915394592893,"{""C"": 0.6269819134420221, ""class_weight"": ""balanced"", ""l1_ratio"": 0.0}"
4,3,75,0,0.4255147060642279,0.34992124804739444,0.08727163877300179,"{""C"": 0.6269819134420221, ""class_weight"": ""balanced"", ""l1_ratio"": 0.0}"
4,3,80,1,0.8109850148303448,0.5321732510016337,0.09535742600905296,"{""C"": 0.6269819134420221, ""class_weight"": ""balanced"", ""l1_ratio"": 0.0}"
4,3,84,1,0.9342265427200375,0.6516768131734435,0.10889851635668406,"{""C"": 0.6269819134420221, ""class_weight"": ""balanced"", ""l1_ratio"": 0.0}"
4,3,87,1,0.6323660787175525,0.4538932758747114,0.05251957144010174,"{""C"": 0.6269819134420221, ""class_weight"": ""balanced"", ""l1_ratio"": 0.0}"
4,3,95,0,0.40328153169227615,0.35006223116831686,0.028490174686011553,"{""C"": 0.6269819134420221, ""class_weight"": ""balanced"", ""l1_ratio"": 0.0}"
4,3,100,0,0.8242623430648857,0.578292999577929,0.13934742208392767,"{""C"": 0.6269819134420221, ""class_weight"": ""balanced"", ""l1_ratio"": 0.0}"
4,3,102,0,0.1725115305084664,0.24399560214998212,0.06773389071649827,"{""C"": 0.6269819134420221, ""class_weight"": ""balanced"", ""l1_ratio"": 0.0}"
4,3,104,0,0.38472537825723946,0.32379938622740634,0.05961193982341109,"{""C"": 0.6269819134420221, ""class_weight"": ""balanced"", ""l1_ratio"": 0.0}"
4,3,107,1,0.1805467967928738,0.24233280415807554,0.0799811476381178,"{""C"": 0.6269819134420221, ""class_weight"": ""balanced"", ""l1_ratio"": 0.0}"
4,3,116,0,0.24262558219102384,0.2729921953316552,0.05897979032360756,"{""C"": 0.6269819134420221, ""class_weight"": ""balanced"", ""l1_ratio"": 0.0}"
4,3,117,0,0.6983473630614551,0.4850896480904699,0.06487837735969518,"{""C"": 0.6269819134420221, ""class_weight"": ""balanced"", ""l1_ratio"": 0.0}"
4,3,118,0,0.6109840758729362,0.4476283027279465,0.085446027905807,"{""C"": 0.6269819134420221, ""class_weight"": ""balanced"", ""l1_ratio"": 0.0}"
4,3,120,1,0.3903524675283128,0.32692288847080275,0.03760282508972178,"{""C"": 0.6269819134420221, ""class_weight"": ""balanced"", ""l1_ratio"": 0.0}"
4,3,128,1,0.06628884055304675,0.16803113578117093,0.11364801045096964,"{""C"": 0.6269819134420221, ""class_weight"": ""balanced"", ""l1_ratio"": 0.0}"
4,3,132,1,0.5241964459032018,0.3931538047049537,0.040053886705640564,"{""C"": 0.6269819134420221, ""class_weight"": ""balanced"", ""l1_ratio"": 0.0}"
4,3,140,0,0.14568502151044185,0.2218645480314033,0.0818681666834589,"{""C"": 0.6269819134420221, ""class_weight"": ""balanced"", ""l1_ratio"": 0.0}"
4,3,141,0,0.5858498893237231,0.42674331145445316,0.06851234702073439,"{""C"": 0.6269819134420221, ""class_weight"": ""balanced"", ""l1_ratio"": 0.0}"
4,3,142,0,0.05469633853961572,0.16947475547491145,0.10472715274514367,"{""C"": 0.6269819134420221, ""class_weight"": ""balanced"", ""l1_ratio"": 0.0}"
4,3,161,0,0.49557288947503914,0.40457276990799607,0.03984219334301516,"{""C"": 0.6269819134420221, ""class_weight"": ""balanced"", ""l1_ratio"": 0.0}"
4,3,163,1,0.1627175421159351,0.2424996711538978,0.09890149252584081,"{""C"": 0.6269819134420221, ""class_weight"": ""balanced"", ""l1_ratio"": 0.0}"
4,3,170,0,0.24832377568394115,0.27782038309375434,0.06167414110155165,"{""C"": 0.6269819134420221, ""class_weight"": ""balanced"", ""l1_ratio"": 0.0}"
4,3,177,1,0.7816463879902729,0.5394762194852343,0.0951530124898215,"{""C"": 0.6269819134420221, ""class_weight"": ""balanced"", ""l1_ratio"": 0.0}"
4,3,178,0,0.20635428943930897,0.2696471863908763,0.08421765032859298,"{""C"": 0.6269819134420221, ""class_weight"": ""balanced"", ""l1_ratio"": 0.0}"
4,3,183,0,0.29133362799574675,0.29897800559796606,0.06541046345358414,"{""C"": 0.6269819134420221, ""class_weight"": ""balanced"", ""l1_ratio"": 0.0}"
4,3,186,0,0.41257701701446053,0.349968288928148,0.08356642959207765,"{""C"": 0.6269819134420221, ""class_weight"": ""balanced"", ""l1_ratio"": 0.0}"
4,3,187,0,0.5567103443147253,0.42519885836272053,0.09392590774181232,"{""C"": 0.6269819134420221, ""class_weight"": ""balanced"", ""l1_ratio"": 0.0}"
4,3,202,1,0.5436619449722214,0.399363164263986,0.08613353963621317,"{""C"": 0.6269819134420221, ""class_weight"": ""balanced"", ""l1_ratio"": 0.0}"
4,3,210,0,0.27769550557785594,0.29179866490954953,0.06800130682132943,"{""C"": 0.6269819134420221, ""class_weight"": ""balanced"", ""l1_ratio"": 0.0}"
4,3,220,1,0.9088561531185371,0.6179638170772597,0.1842181524476005,"{""C"": 0.6269819134420221, ""class_weight"": ""balanced"", ""l1_ratio"": 0.0}"
4,3,224,0,0.45271974364991446,0.38580210369374146,0.02558946570770652,"{""C"": 0.6269819134420221, ""class_weight"": ""balanced"", ""l1_ratio"": 0.0}"
4,3,232,1,0.4905289405799294,0.3856687949787666,0.046339603232720974,"{""C"": 0.6269819134420221, ""class_weight"": ""balanced"", ""l1_ratio"": 0.0}"
4,3,236,0,0.6749721223223492,0.4280848691610643,0.026822995135106508,"{""C"": 0.6269819134420221, ""class_weight"": ""balanced"", ""l1_ratio"": 0.0}"
4,3,243,1,0.5249962267872226,0.4064217885212879,0.0741765973603592,"{""C"": 0.6269819134420221, ""class_weight"": ""balanced"", ""l1_ratio"": 0.0}"
4,3,247,0,0.036037473907489806,0.14403420581262977,0.10357749474829149,"{""C"": 0.6269819134420221, ""class_weight"": ""balanced"", ""l1_ratio"": 0.0}"
4,3,255,0,0.017059041016311727,0.12353640692645214,0.10635338709836827,"{""C"": 0.6269819134420221, ""class_weight"": ""balanced"", ""l1_ratio"": 0.0}"
4,3,266,1,0.5494165438636175,0.41512945209667496,0.07081051429471256,"{""C"": 0.6269819134420221, ""class_weight"": ""balanced"", ""l1_ratio"": 0.0}"
4,3,271,0,0.32791269313579563,0.29535130768721934,0.0728906171815501,"{""C"": 0.6269819134420221, ""class_weight"": ""balanced"", ""l1_ratio"": 0.0}"
4,3,273,1,0.9430342311427742,0.6939398048664989,0.15352484824550375,"{""C"": 0.6269819134420221, ""class_weight"": ""balanced"", ""l1_ratio"": 0.0}"
4,3,277,0,0.6844169827973774,0.4869563064708511,0.08599500233521666,"{""C"": 0.6269819134420221, ""class_weight"": ""balanced"", ""l1_ratio"": 0.0}"
4,3,278,1,0.6217253473634461,0.4528699553304126,0.05535992719902927,"{""C"": 0.6269819134420221, ""class_weight"": ""balanced"", ""l1_ratio"": 0.0}"
4,3,282,1,0.7001151481049559,0.4914629858960097,0.0735779687604531,"{""C"": 0.6269819134420221, ""class_weight"": ""balanced"", ""l1_ratio"": 0.0}"
4,3,285,0,0.16266644934124663,0.24044436536009056,0.07503961740743485,"{""C"": 0.6269819134420221, ""class_weight"": ""balanced"", ""l1_ratio"": 0.0}"
4,3,289,0,0.17819828882468106,0.25110292496452435,0.0906202873687196,"{""C"": 0.6269819134420221, ""class_weight"": ""balanced"", ""l1_ratio"": 0.0}"
4,3,291,0,0.14665966007735784,0.22723945909838092,0.08850610043004425,"{""C"": 0.6269819134420221, ""class_weight"": ""balanced"", ""l1_ratio"": 0.0}"
4,3,293,0,0.5095877836849815,0.38859431839233377,0.04668444052827747,"{""C"": 0.6269819134420221, ""class_weight"": ""balanced"", ""l1_ratio"": 0.0}"
4,3,300,0,0.13027697247734313,0.21434486675244097,0.10373207883402895,"{""C"": 0.6269819134420221, ""class_weight"": ""balanced"", ""l1_ratio"": 0.0}"
4,4,5,1,0.6566931143882276,0.5027363042674614,0.08895341837093286,"{""C"": 1.0806015002184757, ""class_weight"": ""balanced"", ""l1_ratio"": 1.0}"
4,4,6,0,0.4965935708860155,0.3703428535848349,0.11437116298227665,"{""C"": 1.0806015002184757, ""class_weight"": ""balanced"", ""l1_ratio"": 1.0}"
4,4,11,1,0.912754558986555,0.6938211662980682,0.11277230581008428,"{""C"": 1.0806015002184757, ""class_weight"": ""balanced"", ""l1_ratio"": 1.0}"
4,4,24,0,0.32778083544975734,0.3064313591706756,0.08872911194948196,"{""C"": 1.0806015002184757, ""class_weight"": ""balanced"", ""l1_ratio"": 1.0}"
4,4,28,0,0.4631704655083347,0.38940908165445476,0.030093323939858904,"{""C"": 1.0806015002184757, ""class_weight"": ""balanced"", ""l1_ratio"": 1.0}"
4,4,36,0,0.7362836885131191,0.5191013056102685,0.0676121746699015,"{""C"": 1.0806015002184757, ""class_weight"": ""balanced"", ""l1_ratio"": 1.0}"
4,4,38,0,0.7148357783466376,0.4993069495140299,0.106815603889373,"{""C"": 1.0806015002184757, ""class_weight"": ""balanced"", ""l1_ratio"": 1.0}"
4,4,40,0,0.9317803077722283,0.7414345849724052,0.1441732415615003,"{""C"": 1.0806015002184757, ""class_weight"": ""balanced"", ""l1_ratio"": 1.0}"
4,4,50,0,0.5625145501292297,0.4202644472064357,0.07895299498075324,"{""C"": 1.0806015002184757, ""class_weight"": ""balanced"", ""l1_ratio"": 1.0}"
4,4,51,0,0.42306935170970233,0.36955303470382916,0.06824308267888109,"{""C"": 1.0806015002184757, ""class_weight"": ""balanced"", ""l1_ratio"": 1.0}"
4,4,52,1,0.4399265504915481,0.3916941656454207,0.06847715496301289,"{""C"": 1.0806015002184757, ""class_weight"": ""balanced"", ""l1_ratio"": 1.0}"
4,4,53,1,0.21108468680533124,0.24870998932065452,0.0822134407787075,"{""C"": 1.0806015002184757, ""class_weight"": ""balanced"", ""l1_ratio"": 1.0}"
4,4,61,1,0.2310676440456358,0.2304491993092075,0.07954599571147852,"{""C"": 1.0806015002184757, ""class_weight"": ""balanced"", ""l1_ratio"": 1.0}"
4,4,64,0,0.16199219861060404,0.19341351475165633,0.04503802430827275,"{""C"": 1.0806015002184757, ""class_weight"": ""balanced"", ""l1_ratio"": 1.0}"
4,4,77,0,0.4772820431040882,0.3686317198561171,0.021964612616824215,"{""C"": 1.0806015002184757, ""class_weight"": ""balanced"", ""l1_ratio"": 1.0}"
4,4,79,0,0.2361510172565287,0.24543398477175585,0.0432944140968507,"{""C"": 1.0806015002184757, ""class_weight"": ""balanced"", ""l1_ratio"": 1.0}"
4,4,85,0,0.04495548807236366,0.11920476545767963,0.08979591689511417,"{""C"": 1.0806015002184757, ""class_weight"": ""balanced"", ""l1_ratio"": 1.0}"
4,4,86,1,0.977997218111687,0.8034862875247034,0.1427853565386931,"{""C"": 1.0806015002184757, ""class_weight"": ""balanced"", ""l1_ratio"": 1.0}"
4,4,88,0,0.7757924514355764,0.5672895820704762,0.0883299580808655,"{""C"": 1.0806015002184757, ""class_weight"": ""balanced"", ""l1_ratio"": 1.0}"
4,4,92,1,0.48101199098634023,0.44444720250089553,0.07419571926045139,"{""C"": 1.0806015002184757, ""class_weight"": ""balanced"", ""l1_ratio"": 1.0}"
4,4,97,0,0.8232512654702472,0.6310913797287088,0.1355952010226101,"{""C"": 1.0806015002184757, ""class_weight"": ""balanced"", ""l1_ratio"": 1.0}"
4,4,99,0,0.15857707399197674,0.20488027026425004,0.06617053162588471,"{""C"": 1.0806015002184757, ""class_weight"": ""balanced"", ""l1_ratio"": 1.0}"
4,4,105,0,0.8883845301097623,0.6741648853001945,0.12575574996416916,"{""C"": 1.0806015002184757, ""class_weight"": ""balanced"", ""l1_ratio"": 1.0}"
4,4,106,0,0.23057159964152793,0.2511997417897415,0.03542064509739936,"{""C"": 1.0806015002184757, ""class_weight"": ""balanced"", ""l1_ratio"": 1.0}"
4,4,110,0,0.2034392630829186,0.21802419130472117,0.07785405176127048,"{""C"": 1.0806015002184757, ""class_weight"": ""balanced"", ""l1_ratio"": 1.0}"
4,4,112,1,0.892761315043528,0.658298894932661,0.1619790037360957,"{""C"": 1.0806015002184757, ""class_weight"": ""balanced"", ""l1_ratio"": 1.0}"
4,4,131,0,0.8013236794314592,0.6116129894917794,0.13054517845306657,"{""C"": 1.0806015002184757, ""class_weight"": ""balanced"", ""l1_ratio"": 1.0}"
4,4,135,1,0.7342608265552958,0.525241322500624,0.12393972616693333,"{""C"": 1.0806015002184757, ""class_weight"": ""balanced"", ""l1_ratio"": 1.0}"
4,4,138,1,0.9175130411097064,0.6978478129783119,0.1572819106654071,"{""C"": 1.0806015002184757, ""class_weight"": ""balanced"", ""l1_ratio"": 1.0}"
4,4,165,0,0.39373104243287727,0.3342194365447568,0.03064731342234628,"{""C"": 1.0806015002184757, ""class_weight"": ""balanced"", ""l1_ratio"": 1.0}"
4,4,172,0,0.5088226854860601,0.3903642083898073,0.04371317012320489,"{""C"": 1.0806015002184757, ""class_weight"": ""balanced"", ""l1_ratio"": 1.0}"
4,4,180,1,0.266075890318334,0.26839668372124637,0.01032290362026541,"{""C"": 1.0806015002184757, ""class_weight"": ""balanced"", ""l1_ratio"": 1.0}"
4,4,182,1,0.8811089137436636,0.6700938425896834,0.1710686163267776,"{""C"": 1.0806015002184757, ""class_weight"": ""balanced"", ""l1_ratio"": 1.0}"
4,4,190,0,0.10605103799549934,0.16675130628839108,0.07533967627689066,"{""C"": 1.0806015002184757, ""class_weight"": ""balanced"", ""l1_ratio"": 1.0}"
4,4,195,1,0.6188518782343044,0.4725536631742929,0.09156500325138235,"{""C"": 1.0806015002184757, ""class_weight"": ""balanced"", ""l1_ratio"": 1.0}"
4,4,200,0,0.2801598851056251,0.29509251324024627,0.06337975526168683,"{""C"": 1.0806015002184757, ""class_weight"": ""balanced"", ""l1_ratio"": 1.0}"
4,4,203,0,0.3975327357485506,0.36407105617745017,0.023662862303549977,"{""C"": 1.0806015002184757, ""class_weight"": ""balanced"", ""l1_ratio"": 1.0}"
4,4,204,0,0.09870221094591279,0.16452084164350014,0.09547831646663012,"{""C"": 1.0806015002184757, ""class_weight"": ""balanced"", ""l1_ratio"": 1.0}"
4,4,207,0,0.854893472879176,0.6328119110428727,0.12769581687233242,"{""C"": 1.0806015002184757, ""class_weight"": ""balanced"", ""l1_ratio"": 1.0}"
4,4,216,0,0.2562228035653849,0.27013093069008187,0.04195371562029324,"{""C"": 1.0806015002184757, ""class_weight"": ""balanced"", ""l1_ratio"": 1.0}"
4,4,217,0,0.4200644293546794,0.3283220193295625,0.045910085722414166,"{""C"": 1.0806015002184757, ""class_weight"": ""balanced"", ""l1_ratio"": 1.0}"
4,4,219,1,0.05306471994622897,0.11910305430197088,0.06960908770123635,"{""C"": 1.0806015002184757, ""class_weight"": ""balanced"", ""l1_ratio"": 1.0}"
4,4,223,1,0.20168287177698105,0.23570341865605943,0.04618974669105245,"{""C"": 1.0806015002184757, ""class_weight"": ""balanced"", ""l1_ratio"": 1.0}"
4,4,225,1,0.3526166653914895,0.3015593686710008,0.04890644467848408,"{""C"": 1.0806015002184757, ""class_weight"": ""balanced"", ""l1_ratio"": 1.0}"
4,4,228,1,0.41704329357427083,0.3079549788340206,0.049004150529792755,"{""C"": 1.0806015002184757, ""class_weight"": ""balanced"", ""l1_ratio"": 1.0}"
4,4,229,0,0.5750074675492615,0.4377338087117996,0.06377418983884606,"{""C"": 1.0806015002184757, ""class_weight"": ""balanced"", ""l1_ratio"": 1.0}"
4,4,238,0,0.1661892178805702,0.19819811138141916,0.04515209170633247,"{""C"": 1.0806015002184757, ""class_weight"": ""balanced"", ""l1_ratio"": 1.0}"
4,4,242,1,0.34254450806646297,0.29377137978007656,0.04485253730120964,"{""C"": 1.0806015002184757, ""class_weight"": ""balanced"", ""l1_ratio"": 1.0}"
4,4,250,0,0.9005571798513102,0.6830946366284036,0.15238503592942446,"{""C"": 1.0806015002184757, ""class_weight"": ""balanced"", ""l1_ratio"": 1.0}"
4,4,252,1,0.5311249924845178,0.3548005076147457,0.07257021563879945,"{""C"": 1.0806015002184757, ""class_weight"": ""balanced"", ""l1_ratio"": 1.0}"
4,4,256,0,0.41113584719522145,0.3379645130355774,0.03853421605762454,"{""C"": 1.0806015002184757, ""class_weight"": ""balanced"", ""l1_ratio"": 1.0}"
4,4,261,0,0.1454734704796435,0.1855098643496321,0.06940072112360285,"{""C"": 1.0806015002184757, ""class_weight"": ""balanced"", ""l1_ratio"": 1.0}"
4,4,262,0,0.3038223215645712,0.2567039040056911,0.05370010343329578,"{""C"": 1.0806015002184757, ""class_weight"": ""balanced"", ""l1_ratio"": 1.0}"
4,4,265,1,0.41147209249460764,0.35242114556176507,0.06637991692599883,"{""C"": 1.0806015002184757, ""class_weight"": ""balanced"", ""l1_ratio"": 1.0}"
4,4,267,0,0.5759193911477073,0.43459090160035163,0.07106287280170957,"{""C"": 1.0806015002184757, ""class_weight"": ""balanced"", ""l1_ratio"": 1.0}"
4,4,274,1,0.6317498506244525,0.4957770031364747,0.1148610262434903,"{""C"": 1.0806015002184757, ""class_weight"": ""balanced"", ""l1_ratio"": 1.0}"
4,4,290,0,0.13020197102060743,0.18733382398261317,0.04480526206714926,"{""C"": 1.0806015002184757, ""class_weight"": ""balanced"", ""l1_ratio"": 1.0}"
4,4,292,0,0.7131831264528776,0.48198166003293996,0.07150148331764745,"{""C"": 1.0806015002184757, ""class_weight"": ""balanced"", ""l1_ratio"": 1.0}"
4,4,298,1,0.3734532836749489,0.3184910550025581,0.057965828238273995,"{""C"": 1.0806015002184757, ""class_weight"": ""balanced"", ""l1_ratio"": 1.0}"
4,4,299,0,0.015529421046205295,0.0963947531344084,0.08272445069076576,"{""C"": 1.0806015002184757, ""class_weight"": ""balanced"", ""l1_ratio"": 1.0}"
